time,x_force,y_force,z_force,x_torque,y_torque,z_torque,x_pos,y_pos,z_pos,x_rot,y_rot,z_rot
0.08042192459106445,-1.3312993925939542,2.042137116626935,-9.478201429023091,-0.0760704050196355,-0.03300929334665096,-0.38888046523223324,-0.6109608969154969,0.1739246865245479,0.20634005272562447,8.485156209950316e-05,3.1415871671359232,-7.567219363570841e-05
0.09041213989257812,-1.5225982631987829,2.4642831913008316,-9.321848885903497,-0.0849786585304004,-0.04028287042183892,-0.39541424980497597,-0.6109473158194565,0.17394039982962978,0.2063312222331264,6.156771143920602e-05,3.1415744412054196,-0.0001050782548025646
0.10020875930786133,-1.2337407455734606,2.136334176135631,-9.40095236214684,-0.07725749342716902,-0.03191907619633055,-0.3882445666491262,-0.6109415154193164,0.17394217704402085,0.20634854367591887,-9.758806428566769e-05,-3.141585922903602,0.00012912458094141972
0.11028146743774414,-1.4393263503465725,1.9861360110019524,-9.328261408919156,-0.07282765123170419,-0.03685310505078629,-0.392816773440871,-0.6109460891564081,0.17391440267636896,0.20629510724825606,-8.248138032967787e-05,3.14152521068811,-0.00011683550662679152
0.11823296546936035,-1.1939931793670582,2.128957934273666,-9.343711098344238,-0.07737245138261145,-0.03501382983086526,-0.38706691355839384,-0.6109669777413045,0.1739084828793048,0.20633930702941822,-3.870598349706504e-05,3.1415910633067985,-9.868666377178084e-05
0.12825894355773926,-1.1304713834961733,1.9490668958785795,-9.416251062336963,-0.07412813658943783,-0.033873928753810366,-0.3919652262586215,-0.6109735810715283,0.1739310617099077,0.20633459586442135,-3.2590661221710236e-05,-3.141544263766683,3.612473418538113e-05
0.1362602710723877,-1.049687870138126,1.8534322408688009,-9.412275487830573,-0.0714092363622766,-0.030146532302812615,-0.3915542528258801,-0.6109660101304386,0.17394296458019018,0.20635609992440018,-7.112640367326832e-05,-3.1414285046670147,-8.0988691439496e-05
0.1442852020263672,-1.4039144194228879,2.0034416058405498,-9.395169843339039,-0.07607597832265293,-0.037994331073459654,-0.39164066574277595,-0.6109652794724727,0.17391267384833944,0.2062772063903538,3.972338773483647e-05,-3.141541108424207,7.187149680520179e-05
0.1522371768951416,-0.9724124563467276,2.0581339819659483,-9.247989418383536,-0.07742491355120208,-0.026531117813761818,-0.39149128005063194,-0.6109688026290945,0.17393963914495553,0.20628984141770249,-2.3903470832242587e-05,-3.141456633919757,-3.553913925288483e-05
0.1603555679321289,-1.2828714130451113,1.796424348658044,-9.27620824449451,-0.07017642186201078,-0.03220755723233414,-0.38831523239814336,-0.6109771301791562,0.17393445933687346,0.20628768095850702,-2.3582140499933433e-05,-3.141404737928049,2.4785617884055316e-05
0.1682569980621338,-1.1116249197566799,1.817292229457148,-9.364619022080738,-0.07223167008449226,-0.02989758756017581,-0.3907957975791482,-0.6109688589185576,0.17393526896708442,0.20621556636391628,-6.81866784997178e-05,-3.14152881044369,-3.90027816723258e-05
0.17637348175048828,-1.4468492177423202,1.708469885118633,-9.555392197204426,-0.06797579149937802,-0.03611632555145456,-0.39146754128936423,-0.6109852937090083,0.17390534927751586,0.2062381984021536,9.838845308982248e-05,-3.1414493150113976,-4.083499831846207e-05
0.18421459197998047,-1.240601504787246,2.1818832096471295,-9.358650039417212,-0.08026040047469767,-0.030784167212548633,-0.39281284480526973,-0.6109979956611388,0.17392995960376018,0.20624994743938443,4.993166126537409e-05,-3.1413482211950843,-0.0001908418805005425
0.19235587120056152,-1.383056656878483,2.094240591373732,-9.342161187653936,-0.08164079426269256,-0.03745880220997928,-0.392490977729526,-0.6110026511625358,0.17392485859727588,0.20621881734634787,4.790893073348454e-05,-3.1413542297401724,-9.823734403424725e-05
0.20026588439941406,-1.6249170653074336,2.186154328011832,-9.517370419726712,-0.0787579103559989,-0.041340486902309584,-0.38589552077718603,-0.6109878635720634,0.17394392975068204,0.20619159807007098,-2.155220587661149e-05,-3.14139443829175,-9.323107465890279e-05
0.20828580856323242,-1.5560939893088963,1.998266484165699,-9.43660193997979,-0.07602133128226905,-0.039893025997365834,-0.39111027749086363,-0.6109846258805204,0.17393144984347023,0.20617343996946322,-2.5337158861329e-06,-3.1413964450425356,-5.479031895534301e-05
0.21633005142211914,-1.407926598760822,1.942401474727791,-9.400903689518657,-0.07195567875982074,-0.03922021609808797,-0.387555249225675,-0.6109881579544924,0.17392649466527332,0.20614769675090483,-3.331052874223164e-05,-3.1413948168763253,-0.00013445317991101676
0.22445225715637207,-1.2895683207399193,2.1221264246956175,-9.496603227322826,-0.07979052657810864,-0.03549249343289946,-0.3892616825597641,-0.6109895125179409,0.17394355246936485,0.2061531736229864,-2.1289154002193643e-05,-3.1413128871829006,-0.00018117129416745558
0.2321922779083252,-0.9365125723501876,2.2859378291834034,-9.300677973043141,-0.08501864165270365,-0.026361940523027066,-0.39701566667682797,-0.6109888321131854,0.17394333944175644,0.20612076390723222,-8.348749871822206e-06,-3.1413339766038657,-0.00011327946586484057
0.24022459983825684,-1.260408788908258,2.1243795706313815,-9.27708673274203,-0.0796084695518561,-0.03352004807081042,-0.3897644411155013,-0.6109916484792244,0.17393570689634408,0.2060900111463706,3.176573729461632e-05,-3.1413460507441977,-0.00010789148656674007
0.2481403350830078,-1.3402768474425133,2.044944056472266,-9.285316292405382,-0.07556908879925779,-0.03377719661760982,-0.38650135331140106,-0.6109867921475588,0.17392983552676564,0.20604833085118107,-6.565042160861306e-05,-3.1413756755436717,-0.00016473240130964088
0.25622057914733887,-0.8978864145182929,2.115484843706717,-9.30333067033821,-0.07934920742735913,-0.023299131923952922,-0.39630464812959143,-0.6109822821297625,0.17394371157364086,0.2060260062060138,5.565515954252076e-05,-3.1414062225461854,-0.00011544957789269682
0.2643437385559082,-1.4682659529949833,2.18653620549081,-9.370584521767885,-0.08020841924344105,-0.03826689449172502,-0.3826981739843657,-0.6109917195340063,0.17396576967187405,0.20605719773556513,-5.2211848096690923e-05,-3.141276850262226,-0.00018074338117090525
0.27245378494262695,-1.382607975891379,1.8088157047158044,-9.502161600206794,-0.0724831817733862,-0.03657131824522208,-0.3875896383391231,-0.6110014237772249,0.17395393516981708,0.2059556687765391,-6.808982233559491e-05,-3.1413747945537858,-0.00011178338836880559
0.2803947925567627,-1.2198523663348495,2.2906239357260723,-9.340670331457252,-0.08450567509134593,-0.03245061410447704,-0.3912717429423578,-0.6109937397971571,0.17391846759831736,0.20593413384099196,2.785733838490383e-05,-3.1414288828022197,-0.00011728385511526085
0.28836822509765625,-1.1378145897472036,2.0143643704830114,-9.370402979067752,-0.07509269943987497,-0.03430090603484853,-0.38580711904674025,-0.6109869372769289,0.1739291504566133,0.20590119356598624,7.85415449304631e-05,-3.1414395688766255,-0.00010195623091763642
0.29650259017944336,-1.2460709434159534,2.022752769185078,-9.536888401074005,-0.07621488509779946,-0.03179282876207612,-0.38859440073533685,-0.6110081582220641,0.17393804102935725,0.20592576399701043,4.694690741745371e-05,-3.1413223994113033,-0.00016224202663217668
0.3043045997619629,-0.8315403541672369,2.2870633376841707,-9.359240072277617,-0.08389901891481276,-0.024199074082248577,-0.3960041360599443,-0.6109899828360682,0.1739489578377094,0.20590447995244537,7.413153242547392e-05,-3.141353885378808,-0.00014923873835099097
0.31209611892700195,-1.4022363892745258,2.1400462897246726,-9.312104840829896,-0.07705213208080931,-0.03763662647924839,-0.38813624978818523,-0.6109875495585525,0.17397108333035302,0.20586403171774115,-4.124122274933826e-05,-3.141363641775015,-0.00019389348301643983
0.3201315402984619,-1.2201067847275266,1.9347858257188542,-9.717830072309182,-0.07552167364927363,-0.029908099674263333,-0.3902215927807789,-0.6109963997439446,0.17391543850065733,0.2057895440678157,4.9049824388828474e-05,-3.1414280723595294,-5.1311080405962315e-05
0.32819509506225586,-1.4847706058414585,2.1410283750345607,-9.53341086709487,-0.08025941148110319,-0.03738557160207968,-0.39222182293978464,-0.610991720755512,0.1739531743606137,0.20581409100426695,2.3191812245251305e-05,-3.141366434644427,-0.00014505765716526364
0.33614563941955566,-1.004956293113806,2.2312598184801575,-9.279875359759844,-0.08156101459944082,-0.02674645374034275,-0.3983187268687802,-0.6109929259395619,0.1739498067186135,0.20577008485349868,-6.6261371708381034e-06,-3.1413567232751496,-0.00013882437482782772
0.3441588878631592,-1.4543729546260993,2.26412197678562,-9.26515511543108,-0.08162244998689672,-0.03961844114532203,-0.3893433322773582,-0.6109917049055804,0.1739538436776965,0.20572413270003817,4.003400698949261e-07,-3.1413890709297267,-5.379943978008041e-05
0.3521728515625,-1.1245629900525609,2.082797312611137,-9.426881286561967,-0.07736219798366857,-0.03058503199605634,-0.38901262022629884,-0.610995799993251,0.17394876163733958,0.20568372492767778,4.934520092063456e-05,-3.1414358077361877,-6.44982440071049e-05
0.36016321182250977,-1.3550601585396584,1.7869948611378113,-9.493467068444712,-0.06707392661548371,-0.03673494332975534,-0.38603248906528154,-0.610958525148961,0.1739183627440231,0.20567706976423,7.066146141963836e-05,-3.141460186175332,-2.7544705372354258e-05
0.3681151866912842,-1.400904961506543,1.8699985591685921,-9.303403448426781,-0.07480347598177096,-0.03719932589403985,-0.3947868484690006,-0.6109775531655073,0.17394544699523626,0.20566707547579755,-1.94649823781902e-05,-3.1414054145767474,-6.03054256410786e-05
0.37613439559936523,-1.4796950600200809,2.094844617108691,-9.383673297379698,-0.076004999184927,-0.03864322936839732,-0.3906042644606351,-0.6109423405071481,0.17396814871390123,0.2055816899116853,-9.846080768350107e-05,-3.141540414250969,-4.536506648743291e-06
0.38426876068115234,-1.3589756771022223,2.0872082204320583,-9.35631308470067,-0.07612015208219496,-0.03600548705953558,-0.38805686031759273,-0.610971051140345,0.17393830618317715,0.2055615358466148,2.5543877655376142e-05,-3.1415098830171737,-9.317845616708466e-07
0.39208531379699707,-1.221365471650633,2.1405570779863043,-9.453414128108179,-0.08046188161212303,-0.03320031679529372,-0.3950090509500864,-0.6109470064885124,0.17394180330717765,0.20551149614707542,-9.679405801076847e-05,-3.141553455475922,9.460686278815426e-05
0.4001281261444092,-1.3888714666504691,1.9880488571784687,-9.471134482132559,-0.07510126561535779,-0.03537126559383657,-0.38705721043196345,-0.6109688577361326,0.17394456676720157,0.20550131096998914,-6.099934594611901e-05,-3.1415227764112994,-4.008022989007027e-05
0.4081854820251465,-1.2970846826597549,1.9805844014857172,-9.588977641162257,-0.0751997272307103,-0.0350886249447456,-0.3875711049784462,-0.6109657459233512,0.17391616218669925,0.205495113854611,1.3984188508867463e-05,-3.1415203966753644,3.0153303489570637e-05
0.4160947799682617,-1.4143639760246056,2.0051745873268425,-9.573380173839098,-0.07514332022149921,-0.038995350350217346,-0.38550129365281327,-0.6109784376383534,0.1739214162524028,0.20547358951613104,4.635072335030218e-05,-3.1415198680908913,5.3575395800898e-05
0.4241061210632324,-1.3876182889002093,1.855750686458898,-9.293899436128743,-0.07118184281959901,-0.03450148950234155,-0.3910414480362497,-0.6109606998932853,0.17393131902465545,0.2054425948772396,6.04906182228809e-05,-3.1415264160430243,6.476574981019373e-05
0.43216776847839355,-1.4490622612162174,2.0819741793796305,-9.483392786955523,-0.07573883979910681,-0.03703486283581828,-0.3921006451527724,-0.6109625919435279,0.1739390468898168,0.20541791729853348,-1.8274110773370157e-05,-3.1415693338578308,9.550216544996882e-05
0.44008970260620117,-1.4859798369087347,1.9213043284253668,-9.51331853117843,-0.07469181798603317,-0.036130144714628776,-0.38673559032640076,-0.6109541617374875,0.17393160378450595,0.20537269856372226,-2.6933520591352068e-05,-3.141583207569752,3.723553700668356e-06
0.4481062889099121,-1.2507857143658143,1.9322695430666388,-9.52453484264674,-0.0733442344559329,-0.0335992172905405,-0.38767744511093805,-0.6109714344196475,0.17391720868853525,0.20541765477586424,1.6179552322282632e-05,-3.141456922979355,-4.2283203245036e-05
0.45621776580810547,-1.3645204096371737,2.199174541784192,-9.301195621621266,-0.08217178756254923,-0.03777893947135713,-0.3846103942447033,-0.610964393507553,0.17391463514084876,0.2053665315174954,2.9647105400324186e-05,-3.141534718187207,5.171370235434892e-05
0.4641687870025635,-1.549832050720028,1.9303260652547523,-9.437434278224352,-0.07162667284134579,-0.042401926317940555,-0.38751591476817315,-0.6109622509237881,0.1739266985215582,0.2053919543964369,-9.05643126590108e-06,-3.1414827967290693,-2.040222560129977e-05
0.472137451171875,-1.431674630116714,2.3961728706994316,-9.382809622010397,-0.08501839735150057,-0.03582100707544452,-0.3907259119354151,-0.6109615011603956,0.1739282354526901,0.20534338268115493,-2.8036207509315968e-05,-3.141510253087675,2.423965714207537e-05
0.4802272319793701,-1.6926866418276483,1.9423214472516193,-9.47445945373671,-0.07347552203395791,-0.04313607596048249,-0.3883161046950151,-0.6109888093116396,0.17394747884356263,0.20535567532811483,-3.8839342165703945e-05,-3.14143420278039,-8.156453499205682e-05
0.490323543548584,-1.5751604990066863,2.0168274790400402,-9.418108673802577,-0.0764285698027104,-0.03859489888832678,-0.38719722709969495,-0.6109772616686197,0.17394834998172323,0.2053503830522042,-3.444176338971263e-05,-3.1414528269082598,-2.8698446194765108e-05
0.49810099601745605,-1.4732294825662582,2.3034224417164215,-9.467014513321438,-0.0812885388861243,-0.03574388998371178,-0.39459737547697915,-0.6109889134570339,0.1739577571412196,0.20534317539138536,5.1402006950625514e-05,-3.141426765100896,-0.00011718571578814773
0.5063245296478271,-1.294390431222534,1.819460502571064,-9.6503965049321,-0.07130379566666613,-0.03314666397397418,-0.39088216628953276,-0.6109758422498438,0.17390703747454775,0.20526861748612382,8.33421439886839e-05,-3.14151257732141,1.3718747371840957e-05
0.5142130851745605,-1.387262061029786,2.2316053912558065,-9.429927356146084,-0.08119068879622303,-0.036278128346614195,-0.39587874449735194,-0.6109858128857413,0.17395578719945953,0.20530327623702554,-2.5775165423735294e-05,-3.1414206040907633,-7.078930609365e-05
0.5222971439361572,-1.2333745404604615,2.236987817662939,-9.459100278173032,-0.07863486943031184,-0.03254337030778335,-0.394879764857875,-0.6109554200277687,0.17394734588936414,0.20523899535853107,1.23219387150104e-05,-3.141489497714053,1.6399603060396186e-05
0.5302734375,-1.0823056058716214,1.9945586918771345,-9.200748840896974,-0.0765962765636125,-0.03141651439281414,-0.39359024946463644,-0.6109845261184962,0.17391217909052412,0.2052070686147947,7.941858419562649e-05,-3.1414999713319234,-5.424071791938059e-05
0.5382668972015381,-1.1441422658009612,2.254919778554733,-9.48271092482981,-0.08033112572974874,-0.03135380399472413,-0.3963321806145024,-0.6109674374784142,0.17391347313362054,0.20520406405600122,5.906518820577819e-05,-3.1414566173627367,-2.292637264598297e-05
0.5462274551391602,-1.192510231706497,1.8240573581121966,-9.496269504842378,-0.07196207042893983,-0.02966369880340254,-0.39210131284931593,-0.6109782243153433,0.17392079843602384,0.20518685537336515,4.7891561558720836e-05,-3.141399432751229,-4.891274092382803e-05
0.5541634559631348,-1.3351897228396905,1.8534618379300822,-9.393827085880545,-0.0703359025597763,-0.03772326339020188,-0.3865868913676699,-0.6109608340965252,0.17392252339115427,0.20512403253819972,-5.072512312718015e-06,-3.141478581425172,7.614088597490202e-05
0.5621938705444336,-1.322145443377967,1.8841991343840945,-9.5099360200836,-0.07309517662250942,-0.0376346575545694,-0.3935625142748115,-0.6109725819754697,0.1739152349110221,0.20511489463964366,8.576076054168508e-05,-3.1414806626398546,1.1008896138690452e-05
0.5702354907989502,-1.2908150481026677,1.9898393615071353,-9.600157197930647,-0.07361711276361389,-0.0356915102415729,-0.3869406058217498,-0.6109669537636642,0.1739173230128237,0.20501672306590613,7.460090441005113e-05,-3.1415824314833714,1.466102269078784e-05
0.578223705291748,-1.7265527432607728,1.9305928869612168,-9.513289333795932,-0.07319227745033453,-0.04239799355758421,-0.38616181172027997,-0.6109633655542119,0.17393012083157428,0.20500897808452329,1.8976705769351994e-05,-3.1415717652355264,-9.475829647180628e-05
0.5862390995025635,-1.4563244240292048,1.9804100581055837,-9.414172133665119,-0.07677664669889123,-0.03637316197483263,-0.3884405606397216,-0.6109753103123862,0.17393571185559076,0.20496469274138607,4.9984251975159496e-05,-3.141556896172058,8.47928026236366e-05
0.5942394733428955,-1.3777478920827613,2.0186800379929477,-9.49844512653442,-0.07524963162675921,-0.03349125513249621,-0.3866615535462314,-0.6109588975857807,0.17393297566450724,0.20493824032110275,-2.8365892002262053e-07,-3.1415811651777923,9.009394816618438e-06
0.6025052070617676,-1.1241310864162215,2.1934403481654243,-9.450319802339106,-0.07642100530134173,-0.029817126809743577,-0.39582468592087167,-0.610969711111259,0.17393429734532465,0.2048994692723676,-6.716454109023093e-06,3.1415839467258797,-4.8185029491704353e-05
0.6103193759918213,-1.262249523200358,2.240111942945612,-9.511542107132657,-0.08097511849041615,-0.033709414695382266,-0.39186122133899715,-0.610965883055269,0.17390261807789045,0.20484282579983448,-5.2182663568696575e-05,3.141533654781404,-0.00010691287977763571
0.6182465553283691,-1.7383570595241435,2.0705924127173807,-9.3748833087383,-0.078365292857749,-0.043002828430856566,-0.39098562933464154,-0.6109986763317178,0.17392858874172268,0.20491847297924992,5.0644293498994393e-05,-3.1414401352492094,-5.609123865170944e-05
0.6262738704681396,-1.2130175106632608,1.9675168814818995,-9.444011764327824,-0.0772548598653369,-0.03351570928160796,-0.38678948930171053,-0.6109690949560944,0.17390502493476404,0.20481837699455438,-3.908662905580385e-05,3.14151915918196,-5.998284657278317e-05
0.6343197822570801,-1.164116712157124,2.2940655044680245,-9.453055424431785,-0.08549977937577345,-0.030490208430416756,-0.3983885076966733,-0.6109578915504384,0.17393021980046472,0.20480809643186135,-7.80220053345049e-05,3.141570836784048,-6.914051311650663e-05
0.6443178653717041,-1.2104109650945465,2.1814111816108928,-9.279674734920333,-0.0780036083217079,-0.03445011832514245,-0.390496324970136,-0.6109770286618897,0.17391505431175655,0.20480787585892024,2.8413166246913368e-05,-3.1415462171695867,4.6401225240845085e-05
0.6523339748382568,-1.1472720843992092,2.29610491669583,-9.480966068212123,-0.08070023970748035,-0.02951890946042895,-0.39075019858303756,-0.6109764099553827,0.1739620166905847,0.20479882743592515,-8.761609619159664e-05,-3.141503792317349,-9.025656466584404e-05
0.660320520401001,-1.1819051171945416,2.0904851961893605,-9.515569830957665,-0.07543188927244,-0.0319648844775339,-0.39063932066688445,-0.6109611102773905,0.17394736328312857,0.20474555862161148,-5.4998304737349834e-05,-3.1415568284380466,8.021281553151151e-06
0.6682353019714355,-1.515207000123462,2.162660101235656,-9.4443581463662,-0.0781411937259242,-0.038961000426442606,-0.39264863279748125,-0.6109834224644493,0.17394147882193303,0.20474549745857537,6.897579200361378e-05,-3.1415167581541468,-7.869614677455098e-05
0.6761877536773682,-0.9842271261841639,2.2018750749692715,-9.50100498978737,-0.080161772502447,-0.026014717994461152,-0.39179515641092183,-0.6109778283037894,0.17391415882195957,0.20468272886952432,8.139232683148909e-05,-3.1415617082905394,7.73088761296252e-05
0.6843094825744629,-1.4666743869481986,1.8688872728391537,-9.414695941615477,-0.07062847753540659,-0.03416381466736685,-0.3882219424153616,-0.6109732829154465,0.17389488837168635,0.20465610589312358,0.00012629839746180075,-3.1415642310363268,3.171264728662994e-05
0.6923613548278809,-0.7623006836808986,2.2061695407108814,-9.371841791967784,-0.07802943196934144,-0.023509513105718142,-0.3919822616374291,-0.6109728945773683,0.1739621215505029,0.20465350310584074,-5.3899510025895154e-05,-3.141527797381364,-1.4692432174760398e-05
0.7023510932922363,-1.139973370994328,1.9216288984091394,-9.53597261314416,-0.07496119528093237,-0.029999800212213344,-0.3929602528565587,-0.6109408832723302,0.17392796034559418,0.20457694366444146,3.180926867861067e-05,3.141539494403591,-0.00011426195722863065
0.7101902961730957,-1.682395664253943,2.316289534542498,-9.4209132273482,-0.0817897989516123,-0.04161937498993276,-0.3914883922868852,-0.6109749397979091,0.17391568908032573,0.2045488989917923,5.840336126991806e-05,-3.141584638436747,-3.1155762056020565e-06
0.7183046340942383,-1.4299106172259253,2.0021809942503883,-9.377836827399786,-0.07609421627393353,-0.03623512181431504,-0.38400482263637126,-0.6109707218367636,0.17393203649042954,0.204563166802585,6.797170245350455e-07,-3.141480844192005,2.8532360411419415e-05
0.7262711524963379,-1.404441891064299,1.901925295694652,-9.384367753537932,-0.07376252907173203,-0.03639240970850495,-0.3861630536461612,-0.6109876181289692,0.17394660882947932,0.20452864643713714,5.8740337939849264e-05,-3.1414988171004476,-4.437241064634373e-05
0.7341861724853516,-1.4517014289286863,2.1859229040608263,-9.561104256625484,-0.07879949254068457,-0.03938562133797638,-0.38690419852562674,-0.6109816824058517,0.17392318842593613,0.20451693838960866,3.4311184954345415e-05,-3.141486620213467,3.140438308231672e-05
0.7421660423278809,-1.3923296689210154,2.031207073815515,-9.466127465453361,-0.07538022320272988,-0.03438352601729328,-0.39581798875454116,-0.6109641634933838,0.17394361993449461,0.20447874335642965,1.417852083323717e-06,-3.1414905592293887,2.9506935000058204e-05
0.7503170967102051,-1.5322331315067284,2.074106995317049,-9.371321444132633,-0.07991165184993179,-0.03973834658488625,-0.38572412589264454,-0.6109906849349477,0.17391108143705428,0.20443612554193996,9.322300913162803e-05,-3.1415109631434084,4.511046716278787e-06
0.7582306861877441,-1.3312817028169754,2.259166391978616,-9.417949827950606,-0.07981905888150304,-0.03317576473575466,-0.39740232715548635,-0.6109889551097538,0.17393303057078766,0.20443474102811388,2.8618851137393437e-05,-3.141452405307456,6.86746201490002e-06
0.766221284866333,-1.4627810249696316,1.976806849279359,-9.488562688724157,-0.07433555564902095,-0.035436904682548696,-0.3898275024121436,-0.6109768505454757,0.1739451268318175,0.2043591152553974,-3.363031506682149e-05,-3.141525150799365,3.8699116359000624e-05
0.7743144035339355,-1.4521301318775974,2.151548931704219,-9.54564267923051,-0.07910986516073076,-0.03564534721671111,-0.3903143203183922,-0.61099768825749,0.17393358386954094,0.2043696975867006,3.660319059795413e-05,-3.141464968176392,-9.946612652528111e-05
0.7822999954223633,-1.3835595095937427,2.2142350320078505,-9.497654453664996,-0.0799239540440691,-0.03333093604278733,-0.39051698160291354,-0.6109864918994568,0.1739456671020098,0.20434868451787602,2.235944957235944e-05,-3.1414952731282537,-3.081680561948386e-05
0.7902820110321045,-1.3697927678449955,1.9126541353021425,-9.478053600681395,-0.07354435199453349,-0.03223445560816883,-0.38974902537165534,-0.6109749473652454,0.17391183737730698,0.20426549085446627,6.346300056535143e-05,-3.141574072507869,8.926617053684176e-05
0.7983005046844482,-1.4725139468109392,2.070687660270487,-9.34875209296233,-0.07602273600831363,-0.0358155256145397,-0.3910001947896464,-0.6109695997629644,0.1739273050219446,0.20425749161056922,4.427548900593599e-05,-3.1415870289800534,-4.0017463248177e-06
0.8063201904296875,-1.5483523110683743,1.833878279243721,-9.482743634585077,-0.06944635228420445,-0.040588976711859306,-0.3836986406317693,-0.6109631332031489,0.17395747632781128,0.2042436393503792,-7.845833032457737e-05,-3.1415302419339084,-2.1952498614002733e-05
0.814204216003418,-1.2210653271745557,2.1851668512891007,-9.404489171610663,-0.07971188544783636,-0.034359015760389265,-0.3898062759712106,-0.6109645648255005,0.17395090873700397,0.20423057277597345,-7.804156960837926e-05,-3.1415016182444897,2.1482806479176137e-05
0.8223907947540283,-1.4056384497319654,2.1656412112034538,-9.369255589949756,-0.07768731770675684,-0.03572724351005824,-0.38696551962146697,-0.610981283050404,0.1739364939200005,0.20422125019540951,-4.951933200245632e-06,-3.1414787475007575,-4.821986336579103e-05
0.8302452564239502,-1.1886717888829483,2.210651639612143,-9.37448651781994,-0.0831650593294927,-0.03330254784256885,-0.38928083160264676,-0.6109826049261442,0.1739372354762128,0.2041692978259232,3.4357760733976914e-05,-3.1415166525022244,1.947378247244013e-05
0.8383212089538574,-1.410384721072004,2.179128617692895,-9.201503206888168,-0.08211796400024948,-0.03522360383987711,-0.39355455810039186,-0.6109757902144783,0.17390608499838403,0.20416680819756056,9.158700354649983e-05,-3.1415256509026883,-3.71651198980248e-05
0.8463115692138672,-1.5182961941324549,2.054405889997161,-9.11137085271901,-0.07743695717688615,-0.04138106906333476,-0.3928316047322919,-0.6109744167810232,0.1739126673970992,0.20416136959434966,2.0261072195860006e-05,-3.141490086856464,-8.254969199932785e-05
0.854302167892456,-1.2879122323959706,2.1052045622266213,-9.297272726458583,-0.07547283552615063,-0.035635773601266844,-0.38947718866481623,-0.610988659291976,0.17391423514302962,0.2040904949811883,2.988975848587356e-05,-3.141500449900425,5.223728198244966e-05
0.8622786998748779,-1.4838714709261154,1.938439863574796,-9.401306553618605,-0.07344209427041405,-0.037874060315758865,-0.391518936751329,-0.6109892371217271,0.1739404034456465,0.2041037302301118,2.634530577789896e-06,-3.141453907792608,-6.695904525085532e-05
0.870330810546875,-1.30680147668239,1.9764001574875547,-9.507837924798357,-0.07462388237066303,-0.03309341402984274,-0.3908508412053296,-0.6109684545370014,0.17393268591280092,0.2040378510143549,1.6746861950864432e-05,-3.141516488436151,1.5755924447477028e-05
0.8783516883850098,-1.5622485695207717,1.9459991743722547,-9.465036908276652,-0.07630034927869649,-0.03861770193046593,-0.3894448954041793,-0.610974766050614,0.1739390760991828,0.20401753398649553,-4.763808174737687e-05,-3.141535895162549,3.2014846168015487e-05
0.8862814903259277,-1.0372409622970367,1.907310116570302,-9.545186874590414,-0.07135921973911669,-0.024809617063460954,-0.3949523303280191,-0.6109819002732144,0.1739268815658039,0.20403481525645328,4.370050966406179e-05,-3.141456158551412,-6.382880312458853e-05
0.8962311744689941,-1.5882763829411815,1.8756162736505138,-9.588314182094983,-0.07525936853200971,-0.038320677146843736,-0.38694885243692406,-0.6109767421244054,0.1739307745216932,0.20396361811474412,-2.0388502429402694e-05,-3.141539994999554,1.5791195069497144e-06
0.9043605327606201,-1.671678364207004,2.1342487340306886,-9.43855398331244,-0.07832207839149728,-0.040049250590007385,-0.38757843356600247,-0.6109694341200727,0.17390442320862795,0.20394051866484933,3.2587235529499575e-05,-3.141528826116459,6.487470481595931e-05
0.912351131439209,-1.3934276870959827,1.9111207108495272,-9.411248308367105,-0.07301119696669173,-0.03579491728154145,-0.38533674434381393,-0.6109671675865325,0.17394210811282332,0.20391308330072272,1.774348922354113e-05,-3.1415614306305195,3.966600291725632e-05
0.9202182292938232,-1.4763521918999338,2.249454255805452,-9.459265010577735,-0.08110813082294537,-0.03884405761972851,-0.3939937042176835,-0.6110055249931043,0.1739364796451294,0.20391382289291957,2.6932214039235113e-05,-3.141440791551044,-3.1747719120717977e-05
0.9282281398773193,-1.701893351259523,1.815375769378722,-9.58756215255593,-0.07012074758749635,-0.04011082198974057,-0.38525105817611954,-0.6109834419232683,0.17393094173640147,0.20386286743451537,3.144783819897989e-05,-3.1415665714852197,-5.7021188968277666e-05
0.9363055229187012,-1.8276191183801938,1.9131210282694535,-9.448144387818125,-0.0711938155661883,-0.042618890856555125,-0.38646107545688774,-0.6109829659593087,0.1739482324053043,0.20384638073294808,-1.9726009689254628e-05,-3.1415261186585606,-3.057161347763912e-06
0.9442424774169922,-1.1218210352352176,2.2019838788715433,-9.454543703173108,-0.07968545796445117,-0.029870647167069424,-0.3911683898682744,-0.6109676609947875,0.17391965256745612,0.20380893897769786,9.02285019147904e-05,-3.1415663210898446,-1.3772812689526789e-05
0.9522390365600586,-1.5559642207074718,2.038587607056501,-9.595418845545252,-0.07416405974614687,-0.042051935470385486,-0.3893985088043752,-0.6109789309705816,0.1739437346809343,0.20381084031853552,-1.1136291700715362e-05,-3.1415096639055777,-8.202671016339291e-05
0.9602663516998291,-1.2785234522998419,2.0379869883315087,-9.446603141397185,-0.0753247724496894,-0.03140616186555565,-0.3922699363870974,-0.6109957810419662,0.1739298304921272,0.20377013619877582,-2.505156138192519e-05,-3.141510113152414,1.4483484012586871e-05
0.968299150466919,-1.3571687181949315,2.114059016205928,-9.31167273427488,-0.08018465451893858,-0.03465006906168912,-0.38602406112909815,-0.6109566336343875,0.17393557294970838,0.2037027313679461,6.199640220232438e-05,3.1415548365107293,-6.343054681187738e-06
0.9763381481170654,-1.5035702934169843,2.0560746992929624,-9.421709528346335,-0.07630657299395299,-0.03628055309064541,-0.3914661559254738,-0.6109888432010357,0.17389382218927224,0.2036738163261191,0.00010080201109694642,-3.141548199921418,4.013492075925981e-05
0.9842908382415771,-1.2876807782325232,2.0331620004246584,-9.255849784604733,-0.07585747045603314,-0.03287675460558338,-0.39078300632117285,-0.6109862897161797,0.1739426289972181,0.20370065483747676,3.700298113450683e-05,-3.141450967231562,-5.519582620640621e-05
0.9922640323638916,-0.9989815001304307,2.267780911300375,-9.36321650409219,-0.08124818981527519,-0.02943229373053501,-0.3915737609366754,-0.6109848643706467,0.1739270772126659,0.20361925474719822,5.423244913138879e-05,-3.1415728082610896,6.297331394089643e-05
1.000281572341919,-1.288136472571814,2.078604820861905,-9.330842707434702,-0.08004862188668814,-0.032085025343046164,-0.3882937604837633,-0.6109866451316213,0.1739286318833673,0.20361338995713346,-2.8206791167426747e-06,-3.1415422135742603,-2.0648029295909885e-05
1.00831937789917,-1.2341986005269112,2.159417146269682,-9.318927489855065,-0.07748644106246778,-0.03128810668194771,-0.39096960447470275,-0.6109877346899211,0.17391735160320235,0.20359086942721472,6.883416025511892e-05,-3.1415358555253707,-1.958179129109829e-05
1.0162982940673828,-1.1299773544543334,2.1252976074711833,-9.346077060100638,-0.0781912993187628,-0.030819615880123014,-0.38891140127116075,-0.6109667619236497,0.1739478628594237,0.2035609336247642,-6.460378521977e-05,-3.14154882402346,-4.2919135455284115e-05
1.024216890335083,-0.9088101493371371,2.0947087364388595,-9.48184852490336,-0.0766254132795868,-0.0256921313060466,-0.387354161353804,-0.6109793250664867,0.17392465738054197,0.20355869242321567,1.2189057712190158e-05,-3.1415084882232938,-5.00509355319029e-05
1.0321660041809082,-1.2736276887069522,1.99211516145822,-9.591589817222228,-0.07461080418596779,-0.02914883027682074,-0.39214228500499937,-0.6109878166099939,0.17392055107001242,0.2035325156439086,8.247850891181161e-05,-3.141488004860528,-6.41107483022441e-05
1.0403590202331543,-1.4771593446204312,2.0235325152874397,-9.251961656255826,-0.07644022828351438,-0.03559432840816762,-0.38945197764431466,-0.6109948338668524,0.1739443116262579,0.2035119899298439,-1.0770036233709364e-05,-3.1414565247735666,-9.566141352761059e-06
1.0482909679412842,-1.3121236589853966,2.275338004942428,-9.477790668275583,-0.0822743872733866,-0.035727258842281395,-0.39364895142262396,-0.6109992292528404,0.1739337878879582,0.20349554823141813,2.2230155957443566e-05,-3.141410748823508,-2.5979550578290655e-05
1.0564022064208984,-1.6043403382933563,1.794528387018246,-9.463348533437365,-0.06902119076181161,-0.03945469890428002,-0.38419199533989323,-0.6109692911688698,0.17392499882549717,0.20343643319702392,2.1100041834476694e-05,-3.1415150653216863,-5.253239811082929e-06
1.0643351078033447,-1.2526442659506858,2.154167698326011,-9.553504279837751,-0.08086067716530965,-0.03465409477370296,-0.39086980901414997,-0.610987659085542,0.1739174949393181,0.20342670896739196,8.637738845456237e-05,-3.141505532466645,-2.0808061791617756e-05
1.072242259979248,-1.3106348649661985,2.0452948661846526,-9.539014944779893,-0.07581242938598887,-0.03348262866164973,-0.3941745075188857,-0.6109936972746102,0.17395285890069914,0.20344448490317552,-1.13411201334344e-05,-3.1414194744613027,-3.910420851238228e-05
1.0804004669189453,-1.2724819500105968,2.1847162922483387,-9.426111338610173,-0.0796321236658918,-0.029505180504485015,-0.3919918265316858,-0.6109953065094686,0.173930499057044,0.203399226982599,2.4352201196119725e-05,-3.141454617837785,-2.5341642668241785e-05
1.088507890701294,-1.3166307543461973,1.8748837327102987,-9.65811543967508,-0.07379864597335044,-0.029051610826541674,-0.3929762482030548,-0.6109910168170023,0.1739313933914312,0.20338081346096087,6.208049905386266e-05,-3.1414743747746314,-5.945082817350313e-05
1.0963046550750732,-1.013048269897052,2.2396387060534715,-9.290340690721594,-0.08152737406452679,-0.02780204044703048,-0.39920839089057386,-0.6109999043298525,0.1738912870560596,0.20332994022610845,0.0001583604627400334,-3.1415124662224723,1.6710068626302345e-06
1.1044647693634033,-0.7436743974037419,2.168236382608876,-9.283971397821396,-0.0783253995986315,-0.019692182194805414,-0.39114422632756657,-0.610988198264621,0.1739262154692239,0.20332737967030629,7.428815361149306e-05,-3.141484006101046,-7.426481049276961e-05
1.1122636795043945,-1.5751780335885095,2.112387258331564,-9.231711562323557,-0.0779953655155888,-0.039791769935024396,-0.38835310892563946,-0.6109623036167423,0.17393666437813296,0.20325955701352477,-9.202104606330772e-06,-3.141568377014975,2.5642187411670627e-05
1.1203598976135254,-1.3846742746605354,1.956208304214088,-9.270635937454397,-0.07517727541348568,-0.03497148415473049,-0.3861728410045209,-0.610975213990749,0.17393746159637474,0.20327461630494248,1.3957776820615417e-07,-3.1415056803803143,-3.166679189945758e-05
1.1281449794769287,-1.3400320388671212,2.1787807375048596,-9.369523857666335,-0.07818641274990579,-0.0332765244150754,-0.38964813434930534,-0.6110038044978668,0.17393606504179698,0.20328630404554582,3.867986967201845e-05,-3.141354801656888,-7.649320269982028e-05
1.136354923248291,-1.091607640048259,2.0285707055985456,-9.226049028537371,-0.0772468269972863,-0.028742956457910092,-0.3921138321979812,-0.6109923092331736,0.17390717795337396,0.20320017663505596,4.606836268730297e-05,-3.141522190906069,4.237749346024715e-06
1.14436936378479,-1.2682913473142394,2.3530721181552234,-9.320056487594272,-0.08446768517342475,-0.03270031990530218,-0.38930594519754685,-0.6109643387849125,0.17396603090645563,0.20323520900434294,-6.436671983482783e-05,-3.141451996185208,-7.02754504094053e-05
1.1524176597595215,-1.533989348049585,2.421412238201042,-9.323379209069342,-0.08676075525886764,-0.03533619777422883,-0.3943638947206652,-0.6109813854223651,0.1739183189555762,0.2031943909017065,5.913722385861346e-05,-3.1414590347687255,-8.499209070813285e-05
1.160308837890625,-1.3366213933358808,2.2428999687080715,-9.28610877018336,-0.08065388916821967,-0.033034996297940475,-0.3905142636392455,-0.6109993934143276,0.173920639494781,0.20319659383003283,7.959738859469572e-05,-3.1414032733418105,-6.448649833867148e-05
1.1682627201080322,-1.588703647849264,2.272618685551089,-9.434985788392448,-0.07978977868415031,-0.0390841851845191,-0.39073691395595433,-0.6109965648331425,0.17392635720824182,0.20317901079692477,3.4945819567765106e-05,-3.141421735545046,-0.0001157932135456398
1.176332712173462,-1.314683839225972,1.8650946497718734,-9.34242202413862,-0.07203791026837442,-0.034665222397526,-0.3904171406431482,-0.610972042538972,0.1739445544201783,0.2031585491676885,-1.0850239429968916e-05,-3.1414686606681004,-2.4804905277259766e-05
1.184309482574463,-1.4208703676901784,2.0734805493559114,-9.403097566043558,-0.07720405445249442,-0.0371421471531649,-0.39236355393162714,-0.6109897288714743,0.17390642387155125,0.20312365378502226,5.418598400089429e-05,-3.141457604624029,-9.755204092437965e-06
1.1924128532409668,-1.2345830767068473,2.1053161463150647,-9.432259495909495,-0.07657534014568126,-0.032651952667774056,-0.39016098074319716,-0.6109634403765521,0.1739351812084605,0.20305634514803064,-1.0458292156546721e-05,-3.1415395425744532,2.881159515612676e-05
1.200364589691162,-1.4225571921658045,1.959128070733773,-9.514502714536988,-0.07364324450262227,-0.03760567804111719,-0.3878098280269913,-0.610991119615549,0.17395692035070207,0.20312997326645485,-3.552991771414254e-05,-3.1413611661871523,-9.822960801698955e-05
1.2083299160003662,-1.1620128202824633,2.069179420501099,-9.507415472756334,-0.07896249848206585,-0.02881662591102739,-0.3851662335977798,-0.6109799776860939,0.1739192026065708,0.20305010490928044,8.844365401220657e-05,-3.1414716038826427,-1.892252083401539e-05
1.2164008617401123,-1.3794854172680253,2.0548992522334073,-9.509467520775033,-0.073668163411523,-0.035208837978228484,-0.39015514786268235,-0.6109843674294736,0.17395155272778942,0.20303426380861533,2.12994203911137e-05,-3.1414697799885904,-6.522161302156361e-05
1.224329948425293,-1.2277802086169274,2.128419357375189,-9.483849257704353,-0.07897357426426316,-0.03394993425646195,-0.3887736303864298,-0.610971412320789,0.17393523012608625,0.20299901764982403,1.6775168796899612e-05,-3.1415417287098903,-4.9551580470219055e-06
1.2323977947235107,-1.290067567865106,2.1427689575550057,-9.279268698628137,-0.07818100561015623,-0.03429022036805593,-0.3923065972322898,-0.6109735532929312,0.1739370157122499,0.20296571744386516,1.548972863554692e-05,-3.141490950867164,4.162162657456713e-05
1.2403242588043213,-1.2418037839963871,2.217411167088576,-9.493821245962804,-0.08092565400151235,-0.031755219537260175,-0.3902463949888964,-0.6109932772431331,0.17393131919704446,0.20298672673915114,9.42874508624976e-05,-3.141453472728379,-9.912112495616467e-05
1.2483811378479004,-1.2100521934889705,2.211888385436491,-9.428812448913606,-0.08265728145064219,-0.03221697186266339,-0.38628867677883444,-0.6109911918008174,0.17392294594549765,0.2030013649981016,0.0001090291698730679,-3.141392204088382,-0.00013722294922017224
1.2563011646270752,-1.32451362795845,2.005831560216284,-9.448795264908307,-0.07664909875699744,-0.03271202340001372,-0.38297879033954074,-0.610962662490255,0.173933965191689,0.20293954034054507,-3.284334718457028e-05,-3.1414846436482695,-0.000109433304599095
1.2643623352050781,-1.4932211979411902,1.9859806599079037,-9.37164920619146,-0.07674975000341284,-0.037340071744874144,-0.38168720380636434,-0.6109691621843507,0.17396480493164246,0.20293829648309933,-0.00010631825441618058,-3.141458115431035,-4.4361969094481736e-05
1.2723393440246582,-1.4891570109030179,2.0345830573014334,-9.47001704400054,-0.07641496336948007,-0.03608915678250196,-0.3938371405853316,-0.6109862405690628,0.17394783978735912,0.20295572653957306,1.8444925306793895e-05,-3.1413870214501314,-0.0001111741140102852
1.2802822589874268,-1.390181475647507,2.085053980876173,-9.357839524709009,-0.07757282119741965,-0.03639566657975906,-0.3883449000490562,-0.6109790439312995,0.17391138719071686,0.20288649621246627,2.6220012483649463e-05,-3.141483354171006,-3.020349683038293e-05
1.2884793281555176,-1.6204861572360971,2.0749819108624354,-9.357391916015969,-0.07795189351082774,-0.04184264351088124,-0.3892862607148939,-0.6109765756496862,0.17391002291917237,0.20288270390115903,0.00010367474601555083,-3.1414668156049474,-4.3771668001019996e-05
1.2983956336975098,-1.0848266759741676,2.1900000277359117,-9.353401736244221,-0.08003903744628582,-0.02939695405155114,-0.3916016739661573,-0.6109877911385729,0.173929221254685,0.20286632147195688,4.5667383810988256e-05,-3.141435619915513,-4.580879339474661e-05
1.3063247203826904,-1.4735859097058581,1.8481938312585005,-9.505153569731826,-0.0701230924512464,-0.03698247579567619,-0.3860555307662685,-0.6109855607216169,0.1739160568607506,0.2028621424422029,3.268352604284711e-05,-3.1414254224721656,-0.00013617703474145932
1.3141813278198242,-1.3740805181472189,1.8829943005187844,-9.527595655203898,-0.07297554860511676,-0.03323809472098588,-0.390268163525111,-0.6109933679252694,0.17394101331211104,0.2028564415961654,-1.0427338511746817e-05,-3.1413763283129232,-0.00010321966074078435
1.3222365379333496,-1.3651613108485878,2.102492715962119,-9.404702771068242,-0.0791580304368541,-0.033191821601032775,-0.38995029764339,-0.6109723049782745,0.17390476022909598,0.20281718968515353,0.0001236575759674479,-3.141486666479362,-0.00011425115596825395
1.3303439617156982,-1.6560302333550772,2.074754069583729,-9.425121830085141,-0.07784680761187673,-0.04003745990755227,-0.3861553654424646,-0.6109785976002088,0.17396305409141952,0.20281206117762673,-0.00011469390575243609,-3.1414041174677583,-8.70414302173005e-05
1.3382863998413086,-1.3311334681789118,1.9028043635186631,-9.426891968430805,-0.0757071179383612,-0.034060695855878655,-0.3949906104961762,-0.610976369781876,0.17394007694423938,0.20274222190555855,-9.794551919715308e-06,-3.1414577823054506,-7.022524523368392e-05
1.3463706970214844,-1.3820669519653628,1.8914336560517102,-9.516114646403324,-0.0762464881661517,-0.03360051237597815,-0.39443281566706806,-0.6109743923066012,0.1738878263818407,0.20270470779210792,8.770431234146955e-05,-3.1415129732720692,5.001473601164029e-06
1.3543119430541992,-1.3456251139841415,1.9560091597400773,-9.468997284768216,-0.07577091074508745,-0.03380821916107416,-0.3903336867966661,-0.6109752710395783,0.17394088768079466,0.20271225662575254,-1.1155799353232041e-05,-3.1414249174143447,-6.810346720590238e-05
1.3622357845306396,-1.8707545955847769,1.661125919990814,-9.499944879141593,-0.06842474748514944,-0.04717652419795433,-0.38391113582040903,-0.6109778880749241,0.17392696903735622,0.20264052477341232,1.697365712057587e-05,-3.1414962415224266,-3.641687835601763e-07
1.3702630996704102,-1.2315381322471246,2.153214186458087,-9.400571040324666,-0.07858492529465758,-0.0314964536596322,-0.39175354791325545,-0.6109742135745345,0.17394489042877842,0.20262892820975914,-5.2928811435416986e-05,-3.141482274488488,-6.167452209300727e-05
1.3782224655151367,-1.4615939881061153,2.0093196522412344,-9.561278951514302,-0.07574359113971382,-0.038714711464309645,-0.39628192581047395,-0.610973266795429,0.1739492858176335,0.20258508507409934,-7.163269731047136e-05,-3.1414714166653663,-1.1533775195782983e-05
1.386371374130249,-1.5246339371344853,1.75471037963028,-9.585185926134196,-0.06967124047019924,-0.03860646245207998,-0.3905692907012496,-0.610978508434989,0.17392937823159466,0.2025467470686957,4.4048724426911086e-05,-3.141510801710784,-2.3222149675242583e-05
1.3944323062896729,-1.3284374489305353,2.1873082918758713,-9.429770421050808,-0.08154293232152904,-0.032888924844603325,-0.3910867622970691,-0.6109740545860446,0.17391924789010113,0.20254628837841054,0.0001088048744987424,-3.14150398257969,-8.715293599873838e-05
1.4025557041168213,-0.9681028494715286,1.9130486033319714,-9.389822519897944,-0.0720564447987058,-0.026104132279492216,-0.3889849757757729,-0.6109842457025436,0.17391885756113976,0.20251182976048562,1.4461431072661822e-05,-3.1414733945377606,-7.47531988502892e-05
1.41416335105896,-1.2683734841919188,2.0485736310411897,-9.426971552074082,-0.07997419668972154,-0.030760982850040072,-0.3901373775363074,-0.6109799544692505,0.17392360815676502,0.20248334161640769,5.2055862339862504e-05,-3.141490286520138,1.3341167210172091e-05
1.4222357273101807,-1.3028662239470523,2.2038759413783926,-9.392182887999288,-0.0808081378942721,-0.03514945819587571,-0.3887540999196262,-0.6109817267164196,0.17394464894321215,0.20248096158238493,-3.212584960935852e-05,-3.141457586075383,-5.098771441370722e-05
1.4302103519439697,-1.333960661954038,2.0136615079375995,-9.58200826263029,-0.07673788224166263,-0.03311825937368413,-0.38464809318795035,-0.6109854054357201,0.17395418132697413,0.20245996466150706,-2.4080510962710897e-05,-3.1414242591248986,-1.9025016367602886e-05
1.4383015632629395,-1.1143496248206386,2.1098816156072484,-9.421585296468495,-0.07610369245821633,-0.029618592401599468,-0.39221239023816556,-0.610975419334105,0.17393544553790832,0.20237870889193704,4.623819692835459e-05,-3.141498614238632,7.357309191520676e-05
1.4464693069458008,-1.508114259933391,1.9238195330854753,-9.507101077934548,-0.07437450507275305,-0.036488822083385504,-0.3866353695027565,-0.6109917677168358,0.17390744208778833,0.2023728319441399,6.84821756447545e-05,-3.141483136611045,-5.941890832319119e-05
1.4543027877807617,-1.1076523280879356,1.985103876083022,-9.618252314228297,-0.07493628960374948,-0.0289140968811205,-0.3940010987530273,-0.6109854967119335,0.17395802874372887,0.20235953576190985,-5.510510456828013e-05,-3.141438985540912,-0.00011695960902113663
1.4623394012451172,-1.270764063675742,2.054549867336656,-9.309095594341363,-0.0767960384860561,-0.03388414941347441,-0.38327662204603474,-0.6109747168912927,0.17392583581666735,0.20232321684342933,4.1824213795235745e-05,-3.1414657305619045,4.184529194608559e-06
1.4703214168548584,-1.3529965829955586,1.7931731193662728,-9.495843744229868,-0.06931126028100172,-0.035428074008098415,-0.39069856344198123,-0.6109698977320527,0.17393059506489805,0.20230462992018788,-1.8173925445658858e-06,-3.1414592785829023,-3.295990989533279e-05
1.4782071113586426,-1.3075383215829883,1.9678612139117326,-9.48743038059991,-0.07409179986764332,-0.03498350642090689,-0.3948325950758165,-0.6109897386654087,0.17392969563230834,0.20225577860882032,6.99701274136877e-05,-3.1414601412913323,-3.171807308496963e-05
1.4863324165344238,-1.2310254583998799,1.9492476518197404,-9.480743063894419,-0.07495004249701519,-0.029533879236429316,-0.38550361115020015,-0.610970509407772,0.17394555401415038,0.20219372647126416,-3.310602536394621e-05,-3.141542958146749,3.792321230370351e-05
1.4942381381988525,-1.4217908739946512,1.9850123991204114,-9.648701402020317,-0.0735637194652632,-0.03275444966169212,-0.39176538120240556,-0.6109844772497288,0.1739395482374367,0.2022107961015474,1.9669509868679233e-05,-3.141482388483616,-3.3731029424316376e-05
1.5023667812347412,-1.5286842628512063,2.062757649732526,-9.520242082518571,-0.07630992848195864,-0.0338059495617773,-0.39227000480153945,-0.6109625460355838,0.17390612668665092,0.20210282690733078,-5.751614092930526e-05,3.1415513854093686,-0.00012244231317505623
1.5103790760040283,-1.450809487837288,1.9066107396410161,-9.46133277553373,-0.07060620496057385,-0.038521567103665354,-0.3828358731352361,-0.6109946700333494,0.1739557475159312,0.20217381832644965,-5.100118478787184e-05,-3.1414207222819983,-7.666142433821392e-05
1.5182363986968994,-1.2087034897785263,2.1411914931180127,-9.492454494838649,-0.0797487728832098,-0.029310621481584746,-0.39357680579604043,-0.6109798546830008,0.1739179258526378,0.20209235376666457,0.00012354307318774226,-3.1415801309469957,-1.6912220081321372e-05
1.5262436866760254,-1.3644996005496872,2.0283988311909815,-9.604367229848709,-0.07446507852200306,-0.03480551052599264,-0.38998946045629923,-0.6109941416046069,0.17394830710512382,0.20208745837472888,3.3624978936745396e-05,-3.1414949626301136,-3.5041323098701126e-05
1.5341787338256836,-1.33959110507866,2.0884365071176934,-9.6946519369335,-0.08032883905039176,-0.032718555342786226,-0.3843336344108198,-0.6109964387584753,0.1739111605757884,0.2020643701859115,3.4214302752963895e-05,-3.1414766719588907,8.746830733413245e-06
1.542186975479126,-1.3716062933278022,1.8791525366592767,-9.524469893415558,-0.07289994975483975,-0.03256329181447528,-0.3876320287859103,-0.6109829706079093,0.17392289109084166,0.2020009764320052,0.00011320286551073813,-3.1415704437657737,5.289790211963903e-06
1.550232172012329,-1.4976512230552794,2.2444436973980855,-9.497639208101026,-0.08127787278666104,-0.03997196511494858,-0.3904071771542357,-0.6109762525192506,0.1739477881807495,0.2020421173867688,-2.192629671307668e-05,-3.1414820934236416,-0.00010563121547502459
1.5583593845367432,-1.6090978491009076,1.8738051923270573,-9.665553647050022,-0.07242679056544844,-0.03858083924329213,-0.38389534254474145,-0.6109670492742215,0.17395793075734717,0.2019410015676844,1.716622651421732e-05,3.1415696283199845,-6.481046402606757e-06
1.5663084983825684,-1.1504875229090459,2.5257398414603616,-9.533678489193903,-0.08653235775362979,-0.030258030376459927,-0.38882665512757913,-0.6109822683435722,0.17393848720442662,0.20195655487387382,4.2146446698879396e-05,-3.1414750092266934,5.237577850251448e-05
1.5742897987365723,-1.3427714255600274,1.8519388817177755,-9.401535084971828,-0.0706099736001933,-0.03457598705615911,-0.38912674633281064,-0.6109881089480446,0.17393557461940806,0.20193456596837023,5.512752221868965e-05,-3.141512658417056,-5.4191778387429406e-05
1.5823075771331787,-1.2625079965481136,2.0859899315066777,-9.533469789862771,-0.07470929561480696,-0.033632969400691,-0.38383116917933313,-0.6109991311847996,0.17392769869943495,0.20193870722510074,6.889563646039387e-05,-3.1414665217415645,-5.6099970995953435e-05
1.590294361114502,-1.5949159897694045,1.9643735529461737,-9.693209637749025,-0.07805633145029085,-0.038676320491817205,-0.38567356324877056,-0.6109729438256637,0.1739212141780321,0.20187474014582707,6.224432020315746e-05,-3.1415784777966307,5.1372171044959204e-05
1.59840989112854,-1.2474745491352475,2.2106879470081613,-9.506716214857581,-0.08220168848797571,-0.030370657042204013,-0.38155514913964855,-0.6109950321305425,0.1739254724515206,0.20186471643791026,9.773193688918471e-05,-3.141482553262568,-1.1960602418021341e-05
1.6062464714050293,-1.3348395834861593,2.0660383445649817,-9.604688256853326,-0.08021985858094738,-0.03306062327390469,-0.3855756083400705,-0.6109970456957876,0.17391076900426025,0.20184804270317247,0.00010983813748950162,-3.1415028993478824,-1.0926832443089361e-05
1.6141631603240967,-0.9397949397723675,2.232048431108984,-9.479440294444125,-0.0822440402127789,-0.02111210922794446,-0.38862464723891393,-0.6109908920705206,0.17394616238235394,0.2018225437859961,-2.5117637644208722e-05,-3.1415014489883846,-7.778635884710912e-05
1.6222047805786133,-1.4126584270634102,2.0985485605121053,-9.372839641010943,-0.07799377677442022,-0.03783197622055099,-0.38948205910976136,-0.6109774406168756,0.17394700008973213,0.20176683698634618,-5.332797482887862e-06,-3.14155978353841,2.3978289955893425e-05
1.6302359104156494,-1.8460465455430908,2.1212136723162627,-9.408681504070575,-0.08002301265768529,-0.04544600956025233,-0.3892381588573392,-0.6109838939435801,0.17393822491787894,0.2017618397369355,2.7599878248794027e-05,-3.1415124870653313,-5.147081606288117e-05
1.6382546424865723,-1.5010980420668467,1.9550395731995642,-9.433007434661711,-0.07585003645753326,-0.034589556712884315,-0.3926739372207333,-0.6109971766934982,0.17392095191372975,0.20172786483877764,6.469861181922249e-05,-3.1415247955028853,-5.4400079580055525e-05
1.646315097808838,-1.2874829578691676,2.0420073338420734,-9.474028134286618,-0.07662217611991726,-0.033342674131625186,-0.38587432443035785,-0.6109972219146755,0.1739163768369987,0.20172663142439404,7.198496556824444e-05,-3.141467993302796,-3.019434506420057e-05
1.6543972492218018,-1.5621710259311492,1.7728864486216742,-9.59923826712028,-0.06851224998260581,-0.03793323781044922,-0.3852174323936152,-0.6109925827188252,0.173955836661618,0.20175472807151562,-3.73191844833713e-05,-3.1414128968084722,-6.018952299541447e-05
1.6624503135681152,-1.49648048384571,2.0849399990530135,-9.362335806321756,-0.0778810750798177,-0.03425347642417893,-0.3848205419194578,-0.6109966575388298,0.17394161744100026,0.20171411871300676,8.510404827674428e-06,-3.1414136157101673,-0.00011986968033274495
1.670271873474121,-1.6854766093005442,1.6367155888540816,-9.572298092557935,-0.06578996382247089,-0.04263892748740058,-0.3829350316011178,-0.6109952437665251,0.17396027714193352,0.20171005112724644,-5.491429585118942e-05,-3.141383846422528,-8.605486194053319e-05
1.678560495376587,-1.4107123328458309,1.8590844833073539,-9.4636735035657,-0.071733019470438,-0.037638039825286684,-0.3957759208540436,-0.6109781290178524,0.1739328288866363,0.20162965428725263,3.4232135145577394e-05,-3.1415199209515094,5.1727260760996476e-05
1.686431884765625,-1.3262083421835855,1.9028689682270292,-9.359593596993003,-0.0733710343572758,-0.033285814973841525,-0.38292560268884573,-0.6109856776149336,0.17392578157423524,0.20163596941829137,5.453554739457958e-05,-3.1415324755471175,-9.128034576901821e-05
1.6943399906158447,-1.5982019640801632,1.823786274113043,-9.446463554685954,-0.07100049513931646,-0.03923343850811781,-0.38237744395593226,-0.6109893720843195,0.1739417403638692,0.20161467525704208,2.393554503240592e-05,-3.141455826247072,-1.725948962560715e-05
1.7024850845336914,-1.34859909746751,1.9385136992391276,-9.326222114704048,-0.07438853657487275,-0.034383599852278006,-0.3860737799335954,-0.6109952123348449,0.17391810684219156,0.20161392276756424,0.00010746912672866674,-3.1414412370487814,-0.00010038148674487223
1.710432767868042,-1.5125985332743799,2.0270302514305536,-9.353582717958089,-0.07514130337969982,-0.034966844807166365,-0.3878362780555877,-0.6109776779063394,0.1739437731643402,0.2016128065511557,1.697324492310105e-05,-3.1414442578521493,-0.00010535319858873562
1.7182748317718506,-1.3833695670464354,2.0403152218657015,-9.39570079054971,-0.07692955474784008,-0.03226372748354101,-0.38472575675139964,-0.6109885006349286,0.1739288992572652,0.20157213243930316,-3.6270658494351234e-06,-3.141454196494544,-3.646540902749284e-05
1.7264115810394287,-1.4862777842061716,1.8717708630134444,-9.3898183726606,-0.07094368590487139,-0.03781401048047173,-0.38350757551697917,-0.6109797080305638,0.17393056005210664,0.20156558947291955,1.7420979820388964e-05,-3.1414809857942307,-8.267337443372365e-05
1.7343463897705078,-1.0807209204807149,2.2063456317871344,-9.232836572180798,-0.08001839133113949,-0.02764104987342151,-0.3859070442741241,-0.6109863538353918,0.173948791353911,0.2015678404498966,-1.4181493198592297e-06,-3.141414360007981,-0.00013792107178336015
1.742262601852417,-1.2674599169685665,1.9064264161119042,-9.372553654541473,-0.07203818900903965,-0.03356216528904371,-0.3881996393754939,-0.6109834971502087,0.1739139735249413,0.20149322034028233,8.944919851160553e-05,-3.1415046057243954,-3.561248926830855e-06
1.7503304481506348,-1.216171275556911,1.9848046969301139,-9.379391576375237,-0.07473659724176691,-0.02986867128497283,-0.384730679482654,-0.6110003998063512,0.17394659337787988,0.20154925023810583,3.971846003668894e-05,-3.1413611399815013,-0.0001309884455188378
1.7582874298095703,-1.4172320835975247,2.091260598696026,-9.243011683188243,-0.07784414087836881,-0.03241241362154248,-0.3877601610622603,-0.6110077223404552,0.17392885856191226,0.2015375685517799,5.778967278209246e-05,-3.1413620183424933,-0.00010131682175531996
1.7663331031799316,-1.4394961265635147,1.9320670685187704,-9.351664131040403,-0.07415732953121772,-0.03608008577426641,-0.3883464214424539,-0.6109788403927676,0.17394486517875954,0.20143019053020111,-5.69375497926408e-05,-3.1414951614428666,5.688410418900058e-06
1.7743122577667236,-1.1232047544541555,2.460642737524924,-9.290712486442596,-0.08687740683341107,-0.02914130200709979,-0.38971392806387206,-0.6109828116849254,0.17391627121013628,0.2014491592802352,5.8670048616415404e-05,-3.1414520884543706,-3.861511464851505e-05
1.7822608947753906,-1.1794074292911823,2.2317460470587864,-9.217336936326047,-0.08188049871636338,-0.031071773785584813,-0.39025233312621155,-0.6109905953632105,0.17389682113233484,0.2014282532860992,0.00016343623860241253,-3.141419047061161,-2.835959451569393e-05
1.7902405261993408,-1.4622787887896656,1.9490514926750226,-9.185744983819612,-0.07491456965250012,-0.03732347011258899,-0.3885580649421832,-0.6109800239444789,0.1739500657468143,0.20144534203874218,-4.229008594599441e-05,-3.141392289769788,-0.00015407274837831955
1.7982871532440186,-1.2104185414006077,2.4226811362108744,-9.13458698799165,-0.08362137213931493,-0.030251375449509274,-0.39378634549502306,-0.6110047029413709,0.1738998869885045,0.20142145128456684,7.507389893671945e-05,-3.141375969576766,-0.00017490116809260468
1.8063201904296875,-1.212182295847348,2.300584627102775,-9.276343787355815,-0.08503157565647892,-0.033297202882974684,-0.3953503751014585,-0.6109827602535727,0.17392691499437535,0.20138410079784524,2.785267762460137e-05,-3.141430339745644,-4.710114020566763e-05
1.8142375946044922,-1.5448122279461112,2.1980351700211402,-9.405542887401923,-0.07838965549242327,-0.04191615841146459,-0.3829719113971543,-0.6109768688414591,0.1739361635247486,0.20135825759907428,4.933877851649561e-05,-3.1414542310507914,-0.00013862479850516285
1.822260856628418,-1.048522668836448,2.4542350584082047,-9.221869025635046,-0.08678092659967898,-0.02654716781908779,-0.39153213619715804,-0.6109769211636856,0.1739324396741975,0.20139692370319734,-2.75244740327192e-05,-3.1413630099277383,-0.0001561954210097389
1.830322504043579,-1.5936050093581449,2.1756103267207045,-9.272380109147472,-0.08015422583843944,-0.0397345516913179,-0.3857204218236095,-0.6109967665943528,0.17395403809876533,0.2013478785855511,-5.935453192328329e-05,-3.141367012432206,-9.912584007189116e-05
1.8384628295898438,-1.4250589978446244,2.149041790575968,-9.386918016246216,-0.07854717093367576,-0.03708648226067885,-0.39185853061598463,-0.6109789323841012,0.17396580943129467,0.20132273789346142,-0.0001139820399729334,-3.141424178903147,-9.614902327000073e-05
1.8463079929351807,-1.0589452313598293,2.2333114899466313,-9.401027649061142,-0.08161389734583173,-0.029634125589889246,-0.3954986807182481,-0.610983092561244,0.17392339159670886,0.20133691899813433,6.751279784258022e-05,-3.1413882889491376,-0.00011068875404664543
1.8543760776519775,-1.055101441836022,2.2051801926032972,-9.276650062630951,-0.07871819800979206,-0.02641314965553396,-0.3889135190033796,-0.6109904103708094,0.17390696663901498,0.20129925408278318,6.23245952033579e-05,-3.141438197009783,-7.64857936906976e-05
1.8623080253601074,-1.5719715288180989,2.237185682428062,-9.402674824785358,-0.08231852983650857,-0.03606193023273519,-0.39007349080407094,-0.6109958749043752,0.17393917737391712,0.20129831483068023,4.202345951281729e-05,-3.1413598025997493,-9.151381024132246e-05
1.8702998161315918,-1.607430263031585,2.119666636853838,-9.42415651762865,-0.07880265908374286,-0.038712378683604665,-0.39103837636037436,-0.6110079329885073,0.1739304863677837,0.2012967010878783,5.051172124396932e-05,-3.1413414203802206,-0.00014911266728838003
1.8782994747161865,-1.1250571877226805,2.273650831655943,-9.231825100487983,-0.08309382404673755,-0.02812126786208799,-0.3914460701176491,-0.610989866068299,0.17389917755683573,0.20123214715292984,7.517913308315373e-05,-3.1414725152522966,-6.308084665189546e-05
1.8863162994384766,-1.4252033192058258,2.201015952179238,-9.378883695371975,-0.08220820241319766,-0.03329291868364638,-0.386731830964131,-0.610977727720687,0.1739428152061926,0.20123792024059445,-2.543600261302753e-06,-3.1414526204385997,-9.23232535445252e-05
1.894296407699585,-1.2172044748609103,2.066185676666546,-9.370652180098357,-0.07842130186693907,-0.03235186965068363,-0.3915618472119616,-0.6109971834336639,0.17394593700783964,0.20123351369684864,-6.3836006211513095e-06,-3.14138291832959,-0.00013741538357715482
1.902369499206543,-1.8287158840952555,2.157162435959304,-9.460536055053147,-0.08097967494708383,-0.046709071469970984,-0.39529397364471197,-0.6109973712691764,0.17391440888876417,0.2011913394777779,5.006088598656071e-05,-3.141420057039317,-5.2595391731868555e-05
1.9122142791748047,-1.5119222905973357,2.1032017937215257,-9.50955838421036,-0.08088827080962448,-0.034986056602314734,-0.3900883077051733,-0.6109922598205502,0.17394992035703888,0.20122197928778113,6.385550034213191e-05,-3.1413572897612267,-0.0001634399267799066
1.920222520828247,-1.505528496962369,1.932502458027908,-9.500177603216615,-0.07219466518888064,-0.037231643280694615,-0.38432751642880525,-0.6109960890209647,0.17394421935812013,0.20118311778618617,-3.939070232793404e-07,-3.141394502875569,-0.00011092038242631908
1.9282584190368652,-1.6019227388660853,2.402313938681065,-9.404369429861962,-0.08557307087880307,-0.039751271662891136,-0.3863586334916974,-0.6110018065386373,0.17393580281700943,0.20119533788364044,3.896929562350837e-05,-3.1413394397885117,-0.00015665294430881578
1.936347246170044,-1.3669922249957451,2.0364194544588736,-9.345377927239372,-0.07844254491554215,-0.034421150375791416,-0.3904867324026947,-0.6109961292678329,0.17394550778228318,0.20116984149216727,1.3624519088679847e-05,-3.141374640449751,-0.00014827967860194275
1.9442949295043945,-1.5277140391780806,1.692721182774298,-9.61959642271196,-0.06927239680854543,-0.04012919321383964,-0.3899957635295129,-0.6109786370317289,0.1739127941492196,0.20111376401260792,2.0438830931818042e-05,-3.141455330214609,2.2931892323958865e-05
1.9522008895874023,-1.0705164071034965,2.007509587242536,-9.601647363584693,-0.07666302821781971,-0.02842683488446466,-0.3845352873092532,-0.6109871542315851,0.1739552716393172,0.20111170033146303,-5.117658268400847e-05,-3.141426221609874,-5.469554467568622e-05
1.960242748260498,-1.3007501164964697,2.034901155452609,-9.376667529428815,-0.07487753445091498,-0.03186663575902982,-0.38430113085029494,-0.6109875014564602,0.1739276875400596,0.20109947295545666,1.65117260140906e-05,-3.141427133022442,-4.5171963045086594e-05
1.9681437015533447,-1.386159600010727,1.9660059907558993,-9.394269505585394,-0.07334425024008771,-0.03893795992229571,-0.3852995566382026,-0.610992146038867,0.1739449602397164,0.20109251182883042,-4.473061473149394e-06,-3.1414369361029615,-7.43342849954721e-05
1.9763355255126953,-1.2911222432045169,2.409440986612628,-9.521807597449508,-0.08509973120503256,-0.03295228950475052,-0.39220106738647526,-0.6109769373299129,0.17393150391072307,0.20108160150379664,-5.227911703521418e-06,-3.141422737453136,-0.00013555997832464617
1.9843130111694336,-1.8058887621619464,2.1870822918292556,-9.528647573453497,-0.07753441482908686,-0.04724226887941976,-0.38463811796102054,-0.6110016600134955,0.17392089119820403,0.2010875484363464,4.8034867482771456e-05,-3.141364719555653,-8.908626954873395e-05
1.9921374320983887,-1.4628962405569856,2.181509121954769,-9.420119845586406,-0.07937879656627984,-0.03728998512586856,-0.38290915235980505,-0.6109895800256364,0.17397753118690082,0.20103909077603443,-5.825832027189783e-05,-3.1414508308923526,-0.00012809995678744653
2.0002856254577637,-1.175063421334724,2.114002759285895,-9.364212123620018,-0.07911001591659284,-0.031258125940717314,-0.38551676096559084,-0.610981639508031,0.17389505062921873,0.20100440913779205,0.000100003708630314,-3.141489585104561,2.0884674345958616e-05
2.008296012878418,-1.5176881262843849,2.027395528789577,-9.28889211413389,-0.07444660521098745,-0.03483964447958552,-0.38725429206246487,-0.6109994203613394,0.17392876925307263,0.2010470708709562,2.8118699859617092e-05,-3.141348335788357,-0.00014681873117903383
2.0162012577056885,-1.2022169389800705,2.094236485418042,-9.355721582149355,-0.07558294944598806,-0.033858711047608306,-0.3916894019396356,-0.610989227828635,0.1739449508717982,0.20102742426671427,-1.604740565062053e-05,-3.141387138885247,-0.00014314837573916518
2.024303436279297,-1.2817124625944893,1.905776497014163,-9.314837877173735,-0.07045189645626705,-0.031642172731137196,-0.3827853104420791,-0.6109880086512243,0.17393826898811657,0.2009802211467393,-2.6643214124888572e-06,-3.1414675311761497,-7.591714085857854e-05
2.0322539806365967,-1.5480195345351109,2.0281894209381113,-9.486544139767942,-0.07396866558531483,-0.03548630207013498,-0.38774981969294914,-0.6109822718754895,0.17392810622515467,0.20097192326685742,-1.5809637838110268e-05,-3.1414657505757018,-9.829092917442526e-05
2.0402629375457764,-1.3561381212149315,1.9374312968321015,-9.497743700518066,-0.0738141281500931,-0.03598397074296036,-0.38509713839947424,-0.6109919719683506,0.17396300112777618,0.2009820490427815,-0.00011293930791930771,-3.141413754190733,-0.00015014516312426872
2.048377752304077,-1.4885771155059186,2.1927939184829044,-9.483515524658312,-0.08072588835559301,-0.04101759079885054,-0.3869198453165712,-0.6109978141730479,0.17389474157060417,0.20095555349098224,0.00010834047059161611,-3.1414250256622878,-7.419033005744102e-05
2.056269407272339,-1.572422321081846,1.9944363702545054,-9.474422672565698,-0.0738984284454856,-0.03904922169995856,-0.38247197852243403,-0.6109833484450471,0.17390260130123744,0.20096088242501126,5.753144054449378e-05,-3.1414340382796957,-0.00013268338327368571
2.0642573833465576,-1.0892489553088176,1.8357480998217164,-9.596953713539374,-0.07099178115536046,-0.023913902368292033,-0.39035642843350143,-0.610994950895735,0.17395383499207998,0.20097968425847423,4.746621282003047e-06,-3.1414043847022617,-0.00013670318827735265
2.0722784996032715,-1.3365746984898303,1.8196145608568934,-9.589218007091752,-0.0732005620877593,-0.03232222460890573,-0.3830162850595979,-0.6109958302868812,0.17391760090798677,0.20093591438460862,0.00015232353906140632,-3.141415026002328,-0.00012706345924261018
2.080310106277466,-1.4060888480312224,1.9865857728638099,-9.559674389693853,-0.07802248443532907,-0.031106652037275577,-0.38202920997226386,-0.6109751738368743,0.1739488653589686,0.2008924604328175,2.494003428798358e-05,-3.1415047479289417,-9.439236932106096e-05
2.0883378982543945,-1.3495249632721047,1.8203256106045165,-9.575044297918216,-0.0709147894582705,-0.033329152492450165,-0.3838876330010994,-0.6109992118536439,0.17390814687380235,0.20091489195559764,3.262363144743119e-05,-3.1414290663198976,-9.141803478021821e-05
2.0964057445526123,-1.3599330902192723,2.0795220488162545,-9.420383205098616,-0.07600693829086837,-0.032454912962457214,-0.3914874907126183,-0.6109858643617397,0.17395450142475677,0.20090058810168437,-7.240565005330719e-07,-3.1414356681756206,-0.00015176493987411032
2.1064038276672363,-1.4221143086935266,2.2482010674337443,-9.323263901117416,-0.0822121746450091,-0.03383606213516884,-0.38768336169922424,-0.6109875443280764,0.17391526429251336,0.20090718655413398,6.890660844885591e-06,-3.141406499077707,-8.864821790238863e-05
2.114335298538208,-1.323083154684144,2.0689534690109697,-9.423307972810203,-0.07782481385201194,-0.03157349410529558,-0.3885864200547878,-0.6109656645355769,0.17393156420463987,0.20088978811482938,4.151276676456706e-06,-3.1414521160139595,-0.00015878930805790763
2.1222193241119385,-1.5650017625867496,2.282275426456171,-9.53643657592326,-0.08334746016770031,-0.0392145089884324,-0.38553965731876005,-0.610986591056225,0.17394958602266378,0.20086463450887695,-1.6645731380117996e-05,-3.1414216378763187,-5.9499271654019857e-05
2.1302342414855957,-1.525520356665975,2.1203884877975168,-9.440986446127118,-0.07846039052280852,-0.03846792260754062,-0.3877525819281742,-0.6109949572434699,0.17393302855181683,0.2008668809349028,1.2061966006809956e-05,-3.1414055195586577,-0.00012283077875651315
2.1381781101226807,-1.2750592754495695,2.2200697421447533,-9.45962061670991,-0.0814095526967204,-0.03327606625758939,-0.38974147369035006,-0.6110039767263388,0.17392865958934936,0.20084875665900845,7.1154761962615015e-06,-3.141369144522646,-8.8069870285199e-06
2.1461939811706543,-1.760827994545975,2.0865298592065096,-9.48552909368662,-0.07907886893911151,-0.044678361952575,-0.38906122325094394,-0.6109841795706158,0.17393630088257775,0.20083209328530638,-1.8884067373136855e-06,-3.141442667369699,-8.636338504761909e-05
2.1543455123901367,-1.3680065854149583,2.019010093695441,-9.477229304295873,-0.07611708323333669,-0.03543614689899747,-0.38561217871297626,-0.610983118240817,0.17393550908680755,0.20086957753177476,-1.282131268912812e-05,-3.1413752472676717,-0.0001925880600906255
2.1622114181518555,-1.745733169446657,2.148783578430812,-9.422068860722456,-0.08027534323439188,-0.042630967332696355,-0.3914793504513089,-0.6109873261298566,0.17392649560909348,0.2008289584949104,-3.605562382666024e-06,-3.1414085502293645,-0.0001356557755730541
2.170236825942993,-1.3242901334904367,1.8591005536235157,-9.38311604874072,-0.0711428479436265,-0.03507789252806411,-0.39313492753147145,-0.61098609736483,0.1739474775613482,0.20081091060476178,-0.00010926185643032696,-3.141436024408998,-0.00012034402394147738
2.178417921066284,-1.4872365504509186,2.209621342598025,-9.483950422503677,-0.08004496740916794,-0.03851494980490011,-0.38777863753556424,-0.6109820133942553,0.17393743588793417,0.20080529644898773,7.712148154504281e-06,-3.141445759879023,-0.0001366687067092383
2.186366081237793,-1.424113780085052,1.967788825250675,-9.608461628792552,-0.0752583879190175,-0.03632651322061458,-0.38536462252529013,-0.6109750986208623,0.17393399497250686,0.20078941028330005,-1.2907253116044126e-05,-3.1414460916590707,-0.00012502281648427353
2.194307804107666,-1.3067279300261014,1.957653002971646,-9.424242136199597,-0.07458975585883848,-0.033310477360428394,-0.38397737462237247,-0.6109914934322112,0.17389523708171298,0.20076747871113787,7.947941910520328e-05,-3.1414407367742623,-7.921467532422176e-05
2.202341079711914,-1.0555129267527208,2.25617271726276,-9.41284946601118,-0.08142926692485461,-0.025900899852875817,-0.3935513524514927,-0.6109899019288946,0.17391386622870333,0.20078845868669848,2.699827739732016e-05,-3.141415072421565,-0.00012197187982455233
2.210414171218872,-1.2697133662019868,1.843646460623573,-9.515838009208874,-0.07182724353106354,-0.03129751809531956,-0.3875014101483496,-0.6109915823220532,0.17393808216257622,0.2007452094961755,-1.2009494750040357e-05,-3.1414765342751134,-7.82308137504358e-05
2.2182631492614746,-1.4227411964869332,2.0134419248299644,-9.48575568975878,-0.07333196671450283,-0.03615496894464537,-0.3788573681617673,-0.6109870032138175,0.17395203592255762,0.20077299970198845,-1.930824827619892e-05,-3.1414082188413945,-7.6723065128615e-05
2.2263708114624023,-1.0614261226428352,2.081608642146466,-9.43042774947794,-0.07963001036292493,-0.027474548605236054,-0.39029507053317863,-0.6109847497020576,0.17393959801886774,0.20072777601856856,-3.7145421622603995e-05,-3.1414708945866368,-3.258077522574123e-05
2.2344274520874023,-1.620035027262686,2.3101710744884585,-9.55338888374162,-0.08304768816402257,-0.03866707280952638,-0.3884857951402327,-0.6109990077899784,0.17389545046717095,0.20076237140939673,0.0001256820001316817,-3.1414066351218484,-0.000143799923020431
2.242581605911255,-1.1204135356053222,1.9796839992799884,-9.451950200935787,-0.07623555625251331,-0.029272127100821055,-0.3918121335744026,-0.6109961342274588,0.17392663047007553,0.2007360128638785,5.54728853531422e-05,-3.1414173355942405,-0.00010584622510683927
2.2504303455352783,-1.4660044081348427,2.350777781044057,-9.345598444645097,-0.08649072160017306,-0.0391630921668777,-0.38277781337019784,-0.6109830503034182,0.1739362596817963,0.20073939377701347,-4.505441817720754e-06,-3.141413343971863,-4.3043276427357805e-05
2.258380174636841,-1.5862101822028736,1.9578539313617092,-9.370442234815181,-0.07423435163794778,-0.038946216681433936,-0.385091582886517,-0.6109889739906131,0.17393923911940845,0.20073477667984246,-2.984522816456104e-05,-3.1414129114363605,-8.827236860667026e-05
2.266309976577759,-1.27092027675329,1.98869117650136,-9.471300365051954,-0.07526086583450142,-0.030551437589794412,-0.3823089887926288,-0.6109802924245242,0.17391173231850632,0.20072517173976945,5.422095636071236e-05,-3.141430024750625,-7.882802576013446e-05
2.2745201587677,-1.2923431384597963,2.189062514990007,-9.437467991171076,-0.08145907026625641,-0.0334620778454374,-0.3846529017024743,-0.6109881775964505,0.17394096429844488,0.2007249883079732,2.7387936595347043e-06,-3.141404431998918,-0.00012981877227703716
2.2824180126190186,-1.3815865214438858,2.033894516381767,-9.352873845032079,-0.07510327412793247,-0.035770420621087914,-0.38742236261852764,-0.6109978874629405,0.17395333470256813,0.20073885107131634,-6.002352116050025e-05,-3.1413647349192515,-0.00019179058175378174
2.290231943130493,-1.7250716978255756,2.1260834287322843,-9.418268928093626,-0.08015739375380485,-0.04677957607107778,-0.3793919611049177,-0.6109929048297755,0.17395328904941904,0.20075005000447171,2.591238372113534e-06,-3.1413121986659855,-0.0002141594697012537
2.2983016967773438,-1.5584557560979029,1.9366973973696364,-9.415225746813853,-0.07473885693501087,-0.03966262675905843,-0.3887604762521358,-0.6110053642550263,0.17391078977852942,0.20070134651282434,0.00012015860065751207,-3.1413787450030233,-0.00012960314375027278
2.306406259536743,-1.1958819359588022,1.9371479363519999,-9.357466937212212,-0.07259464507170993,-0.03231918140838702,-0.39000253130092194,-0.6109869253743665,0.17392892703907148,0.20068736817428345,1.2305548954449462e-05,-3.141410966608223,-9.411504328411913e-05
2.3144187927246094,-1.1696038902165404,1.81687497406463,-9.463560339092014,-0.07240932631368341,-0.02887151225980211,-0.3859528564649522,-0.6109861785633192,0.1739256812359974,0.20065831847556787,3.4841869380337363e-06,-3.1414389889428684,-5.7769679733493466e-05
2.3223414421081543,-1.0964482293054618,2.0704006561303996,-9.38504635407611,-0.0766513671279065,-0.02893753268320098,-0.39271543997095826,-0.6109851043678358,0.17393939939769396,0.20064402350806954,-3.4496680839084934e-06,-3.141482550022055,-6.644859741823134e-05
2.3303403854370117,-1.6077773597844927,1.8073238915953267,-9.609215856187298,-0.06862790601933295,-0.04199151511447261,-0.3766732150419276,-0.610992575538922,0.1739240184345361,0.20066776076561998,2.2450901153268794e-05,-3.1414006638207264,-9.474437859373884e-05
2.3383681774139404,-1.0494274414939817,2.0529485368558404,-9.497268264302903,-0.07704323812910366,-0.028801071850595942,-0.3910886320086335,-0.6109862591919256,0.17394098699993812,0.20066277913519553,2.769153369747961e-05,-3.141440079846793,-0.00020258436498340988
2.3463499546051025,-1.3048925382097383,2.1117167643997474,-9.388554701118439,-0.0780046324851354,-0.03211873997656896,-0.3845481841105188,-0.6109885351051709,0.17393359622642343,0.200653971817041,4.784528981078499e-05,-3.141439358683286,-0.00011501575930500607
2.354248285293579,-1.6904385789809147,2.15723275776696,-9.337964554374919,-0.07895458919772473,-0.04056088941572046,-0.38652947216838945,-0.6109752393953118,0.17394021826553577,0.20065049790954292,-2.820326542671733e-05,-3.1414358585112327,-0.00015493320815775682
2.362346649169922,-1.5613914367657715,2.0610613875617947,-9.358140161009215,-0.07702874955870305,-0.04152645280613301,-0.3895259673148376,-0.6109982743429871,0.17392311929278217,0.2006378980114928,8.055249276648407e-05,-3.1414011070964123,-8.042683395648024e-05
2.3702144622802734,-1.3660663754397648,1.9679302106449406,-9.464966640997924,-0.07480440286237314,-0.03637187303255774,-0.38684062164807925,-0.6109842508756483,0.17393473954933256,0.20061393819418755,2.8997745144545114e-05,-3.1414415615340845,-6.7629920336083e-05
2.3782360553741455,-1.6778423348922267,1.9915073742346574,-9.481377930501928,-0.07487675941772279,-0.04161113069372141,-0.3845592774947966,-0.610985792357417,0.1739417665231967,0.20063276293967391,-2.1120933575868668e-05,-3.14141961625189,-0.00015213000431551403
2.3862016201019287,-1.050040283128883,1.857215883140903,-9.614772251027789,-0.07325493008622619,-0.028963855636462924,-0.38516059695482874,-0.6109857209583017,0.1739331787054211,0.20058810993086545,1.6343198575053017e-05,-3.1414755955759364,-5.5183093772362756e-05
2.394327163696289,-1.319427930600486,1.8614944333486665,-9.409852542949984,-0.074241820068432,-0.03400018773289454,-0.38808194478276103,-0.6109791839173677,0.173930946093996,0.200602616100087,1.1554262134158555e-05,-3.141421233713308,-8.41533538011739e-05
2.4023895263671875,-1.020764917142314,1.782685061030652,-9.359307139258279,-0.07053468649009945,-0.02950393389543455,-0.39265786239258893,-0.6109755147061302,0.17395672982602642,0.20059146541233808,-0.00011888962539420748,-3.1414455795284004,-7.236895192108285e-05
2.4103844165802,-1.452744534145074,1.7844317193890284,-9.538613096067305,-0.0723736207047566,-0.037915447308437294,-0.38388714810120467,-0.6109769297446145,0.17393630117577868,0.20054756440732138,2.3660719836880692e-05,-3.141494595503968,-3.109972606612946e-05
2.418447971343994,-1.4200599298025378,2.299710112363029,-9.503527790156642,-0.08358332422551701,-0.03626085666456915,-0.390683728590692,-0.6109969342525735,0.17392514661531508,0.2005872108125529,3.709529898005166e-05,-3.1414266152353814,-0.0001033694663546178
2.4263803958892822,-1.2885798911861168,2.0763006257060614,-9.391167988466595,-0.07872871939149287,-0.031242175106307633,-0.38891968215323547,-0.6109697582259593,0.17393760794546206,0.20055945915315837,-1.3612661769743201e-05,-3.1414875128024726,-0.00011830607205516415
2.4342057704925537,-1.2877267957447638,2.0567648828897687,-9.375706211041907,-0.07612202059833031,-0.033429819914313576,-0.38972732857459114,-0.6109926588052484,0.1739117184760942,0.20058045390425977,0.00010282914550617138,-3.1413821789026297,-6.622668967364254e-05
2.44246244430542,-1.5047897523767022,2.1052127538022396,-9.334834160657955,-0.07860790789531286,-0.03701645006986352,-0.3863824873734394,-0.6109862186294063,0.17394954577668278,0.20056390280538197,-5.718673593907632e-05,-3.141393427357727,-0.0001151244767201074
2.450169324874878,-1.5981551197876493,1.8893976604014007,-9.417897359626203,-0.0721498427355895,-0.041858478373929274,-0.3817025457319285,-0.6109743542120398,0.17391564889307673,0.20052500492129677,4.987073999872798e-05,-3.141488455702961,-9.323941616503018e-05
2.458268404006958,-1.4053603092361118,2.202106727304078,-9.414096810883262,-0.07815855313467183,-0.034982880191459585,-0.3894266600245865,-0.6109717999641623,0.17392166658002353,0.20056531048184284,-3.761667300892449e-05,-3.141426464555158,-0.00018233186927082726
2.466414451599121,-1.5738742492663016,1.8698469095184074,-9.581090283741547,-0.07411130170763572,-0.03757437930981458,-0.3844625144829499,-0.6109897909659163,0.17392536934146774,0.20054835751341923,3.1403192584293785e-05,-3.1413913829883913,-6.573031666489896e-05
2.474215507507324,-1.3059536442271433,1.8602757178213811,-9.399307184410379,-0.07109557372622086,-0.038052787937527616,-0.3897986991578935,-0.6109955563324443,0.17396238486477356,0.20058787619021184,-3.3698126430071986e-05,-3.1413283856476624,-0.00019313170004911983
2.482295513153076,-1.487861699675532,2.249571262325576,-9.430834393328986,-0.08369109046160719,-0.03906841759862074,-0.3919808106548278,-0.6109997593807159,0.17391510636576624,0.2005733176072509,4.5811169665446256e-05,-3.141348770888296,-0.0001733663500302131
2.4903743267059326,-1.0429842487275514,2.0692214235682993,-9.465219925691219,-0.07892841988436994,-0.026061311927809853,-0.3911499943379129,-0.6109811711701848,0.17392718891555062,0.20055865291427538,-3.16781225194505e-05,-3.1414198457569737,-0.00014298561891486872
2.4984185695648193,-1.4796945169080544,1.9324446219807476,-9.53048875232998,-0.07742183691543787,-0.037868908112618616,-0.3829405260606989,-0.6109823838086017,0.17392225415534676,0.2005134506676679,7.95905747756652e-07,-3.14144561928604,-3.377844056075202e-05
2.5062975883483887,-1.1542882603873645,2.0388846353891337,-9.371085677324926,-0.07479062858443318,-0.02880320726590469,-0.39092239528514794,-0.6109706102283292,0.17390670688193066,0.20051321790342758,4.6673905459033245e-06,-3.1414571752525533,-4.770193914110661e-05
2.5163238048553467,-1.268660522828001,2.3151253964510836,-9.30415332971781,-0.08688654028301461,-0.03332591630375372,-0.3877628840692005,-0.6109843325135405,0.17393485034571635,0.200537303366519,-4.467632626268607e-05,-3.1414065851326978,-0.00015366558239931168
2.5243022441864014,-1.3459282724054895,1.9081976714819149,-9.447136225302861,-0.07477971453950091,-0.03239182975897036,-0.3829052673260681,-0.6109896522522337,0.17393306576942816,0.2005278719475606,-4.687701749058494e-07,-3.14142689587953,-0.00019604528054918574
2.532208204269409,-1.110697305295694,2.097812278242159,-9.368117887626628,-0.07669950425284436,-0.031898099416706495,-0.39288619490425325,-0.6109780873638119,0.17393398013967143,0.20050474619836153,-7.797383124634098e-06,-3.1414434286154163,-0.00010907195987452712
2.5402331352233887,-1.3885038546478263,1.9886681563376287,-9.388362021339896,-0.07416355819094735,-0.03621238725544937,-0.3904191625690694,-0.6109961027838565,0.173936988000945,0.20050387944819043,-7.006951752727708e-06,-3.141367880932772,-0.0002013436480903914
2.5481925010681152,-1.110991031297854,2.0274001205171484,-9.298581546473942,-0.07584538281763452,-0.031628874879936236,-0.3924734271244483,-0.6109836672922233,0.17393133453555684,0.20045973107325196,-3.175459864265989e-05,-3.141445970037406,-0.000119840017572067
2.556211233139038,-1.355784107414668,2.048614125243374,-9.374322181518083,-0.07513274846276412,-0.03237027328282856,-0.38169657330826984,-0.6109721668769496,0.17394222740537119,0.20044992278169976,-6.256522259475359e-05,-3.141395901841232,-6.614012320194139e-05
2.5642881393432617,-1.3155015120576579,2.147172619752136,-9.226642582733566,-0.07730833568877793,-0.03676282667215865,-0.38841121915258764,-0.6110017191469541,0.17391903480315837,0.20046533349018314,0.00010397866450042661,-3.141352856483785,-0.00021821070567127035
2.5722665786743164,-1.2131187070786158,2.3321197808476413,-9.252913610022132,-0.08273836317123792,-0.03384712526810907,-0.39377588362530996,-0.6109741115871467,0.1739328873059498,0.20037528950631828,-1.766011175474929e-05,-3.1414702110252417,-0.00010593078089619405
2.580303430557251,-1.0177951517614336,2.184018248107056,-9.302280886333959,-0.07919116732808464,-0.02653691758421567,-0.38653859309924965,-0.6109936034419307,0.1739132268933695,0.20037275440416386,3.516040824719969e-05,-3.1414264105647485,-0.00013463821289191113
2.5884153842926025,-1.465401695043193,1.9277785168391846,-9.38478300778387,-0.07301857714010287,-0.036013989628156745,-0.38461306081086033,-0.610988966451744,0.17392192518018068,0.20030864351726202,-1.0691294194335002e-05,-3.141473554382263,-8.699961719445593e-05
2.596182346343994,-1.5132110290409666,1.93628464234551,-9.284631795542428,-0.07399446883859465,-0.03838971260845658,-0.3830915698039315,-0.6109887576377764,0.17394134828499788,0.200293727804497,-5.407813707505409e-05,-3.141414108207591,-8.600618263297743e-05
2.604257345199585,-1.4322086930783633,2.196492856706279,-9.345881420042888,-0.0801596988523942,-0.037770190233781496,-0.38665468980482526,-0.610965385624287,0.173950058285588,0.20024190709293338,-2.983669149742964e-05,-3.141499526002393,-6.340322789916844e-05
2.612276792526245,-1.2246603944547578,2.092237392126231,-9.366228882090422,-0.07531490979299686,-0.0331529898362694,-0.3872743353409391,-0.6109615745739804,0.17393164057507773,0.20021548849729687,-1.2289503945495076e-06,-3.141552220557489,-9.46395945497828e-05
2.6202163696289062,-1.3504200915377433,2.1151203430195027,-9.286976583258193,-0.07811790051036821,-0.032541032688161615,-0.38353878941884956,-0.6109662266854491,0.17393298834439283,0.20017230444243295,-5.379423166646897e-05,-3.141534827004309,8.434870139814164e-06
2.6283485889434814,-1.2588497541014714,2.136788849719835,-9.126142643088443,-0.07872422491151562,-0.03193294983517004,-0.38326867259934294,-0.6109633513667088,0.17395486369796687,0.2001655324287973,-0.00011799632779110543,-3.1415240352494327,4.2990408734027517e-07
2.6363024711608887,-1.0925741046870743,2.2583055238751624,-9.179292812890987,-0.08168296375816672,-0.027915705868219363,-0.3710024876705994,-0.6109837187041116,0.1739407013265221,0.20017387410856013,-0.00012492292543996752,-3.1414563807793683,-8.5440088273322e-05
2.6442177295684814,-1.2413192478134834,2.399441253080764,-9.061955160742889,-0.08745897828430049,-0.02945367057957685,-0.3681359806255767,-0.6109615795503566,0.1739453329341697,0.20008149359747074,-0.00018920903388919383,-3.141547723508053,-3.6960523914261785e-05
2.652273178100586,-1.5270589635415521,2.2240534993975523,-9.232112938155035,-0.08117995233009719,-0.03707695694810228,-0.3667179539733567,-0.6109694195474611,0.17389246947259604,0.20008137154441433,-7.843452277353452e-05,-3.1415567999044667,-8.202167432821055e-06
2.6604650020599365,-1.7171234242963256,2.007304662838855,-9.221831547965785,-0.07782907589625364,-0.04195327596449135,-0.3684273896886825,-0.6109820852118673,0.17391440650292278,0.2000797011930724,-0.00017430934980306178,-3.141470092836952,-3.519507026132859e-05
2.668381929397583,-1.2667514938454651,2.063782710743785,-9.233585200557876,-0.07875722380988665,-0.03206746425317639,-0.37070753349600155,-0.6109736809767279,0.17393409816323238,0.20003093686843137,-0.00022064558190645908,-3.1415475193422515,-2.3723822751318097e-05
2.676234483718872,-1.4690846219312386,2.3605085202010043,-9.184990722734074,-0.0837851768567306,-0.03533379319971552,-0.36617023478033994,-0.6109819195904792,0.17390728862018986,0.19998859321588242,-0.00011042692196336025,-3.1415323251245217,-5.9715323804114e-06
2.684260845184326,-1.1424218642450277,2.233074315542671,-9.235404971870848,-0.08078032927459176,-0.024658157688941508,-0.37722756591716755,-0.6109809097090121,0.1739094206304471,0.20000551593228727,-0.00012131475764385837,-3.1414719670001983,-1.970740167207233e-05
2.692277431488037,-1.1705681836770645,2.2076694425048164,-9.274777171307642,-0.08249186585330309,-0.030048573030338154,-0.3707159405465392,-0.6109729351578393,0.17393457353535843,0.1999306240080538,-0.00018584479388542247,-3.1415529354225398,-5.1460016061813214e-05
2.7003049850463867,-1.5549446015824977,2.2572344413061995,-9.232296163456214,-0.08406583209018055,-0.03983835966438235,-0.3705151001056019,-0.610983724601994,0.17393746899440923,0.19995676352869574,-0.00015403701473049616,-3.14144316574232,2.0024847275099296e-06
2.708350896835327,-1.2101288694322414,2.3776500726470786,-9.037889074319493,-0.08422473779082187,-0.03124077253784601,-0.37761176746820085,-0.6109840554387956,0.1739407370218529,0.19995258910316105,-0.00017157754624079542,-3.141435117596414,-0.00010700289515980975
2.716350793838501,-1.0281255119907655,2.2795491697941466,-9.237965143571259,-0.08243023566242196,-0.02638741577413107,-0.37231648271148116,-0.6109932245715691,0.1739077040082645,0.1999418309008884,-9.143573160652542e-05,-3.141446387692494,-7.635067711932429e-05
2.7244715690612793,-1.7160699486789086,2.122386458998786,-9.40273113936742,-0.08219079675377072,-0.038363294156825274,-0.3686126469019573,-0.610964560954466,0.1739240272735114,0.1998786603870683,-0.0001147246166291893,-3.141520179462536,-6.990051900744072e-05
2.732334852218628,-1.1956012546972532,2.356970421764522,-9.383609204358434,-0.08559537741763586,-0.02678895575763045,-0.37411478370599394,-0.6109562977430791,0.17393640637145072,0.19984636789492652,-0.00010209376730562377,-3.1415805326545057,-1.94504211769068e-05
2.7403359413146973,-0.9804785514502558,2.2440468004371352,-9.31417163602939,-0.0834749539022779,-0.023941816945143156,-0.3785327754283274,-0.6109846220790655,0.1739529415357694,0.19989475498349574,-0.00018577429703750398,-3.1413929199178705,-0.00014689690210111946
2.7481985092163086,-1.2248958056849926,2.0563834475572955,-9.369056266937434,-0.08013059721800467,-0.02951736538767995,-0.37612279434728946,-0.6109664151543355,0.17392118649228283,0.19983740242161852,-5.025064438550458e-05,-3.141501057068512,-2.664026176986005e-05
2.7562053203582764,-1.3439625480998483,2.2322430636014294,-9.276875503469327,-0.08296270584106337,-0.030967345682108773,-0.3680659960211506,-0.6109919952113546,0.17394900461480814,0.19982325827809255,-9.933831553154481e-05,-3.1414012654615067,-0.00011777073672941439
2.764343023300171,-1.5874041401676227,2.120258115261678,-9.374702389000575,-0.08043948762916073,-0.037781171182251765,-0.37361999873985985,-0.6109629261873188,0.17393325410135815,0.19978543362729448,-0.00010142994225380346,-3.141483989616888,-7.713001758126578e-05
2.7722930908203125,-1.5057994343409622,2.008564763544609,-9.264868526554102,-0.07701227056308921,-0.0350034050384185,-0.36927219843288794,-0.6109679884972983,0.17390702273828662,0.1997623635567119,-9.34972791201123e-05,-3.1414750160699834,-4.1806208254091874e-05
2.780303478240967,-1.327279073222364,2.2604126667684117,-9.257631658128576,-0.08257332515438034,-0.030112090256530166,-0.3704273755396417,-0.6109789157707686,0.1739478572519782,0.19976827669719965,-6.829992538866254e-05,-3.1413870045175383,-3.283862680129336e-05
2.7883479595184326,-1.0798424876247505,2.0502975181906318,-9.387045477864858,-0.07734342385147941,-0.030846145105490833,-0.37215634221242816,-0.61099296399902,0.17392416057558058,0.19975093657803167,3.373993265845284e-05,-3.1414111160135136,-0.0001083701342069331
2.796149253845215,-1.4123877917227599,2.0333796640253348,-9.225072249556103,-0.07527113783216428,-0.03214428149129736,-0.3718687966087119,-0.6109891166039185,0.17395187531304104,0.19971738504317108,-7.588078778942836e-05,-3.1414298194715173,-0.00014997918570888827
2.8043007850646973,-1.061781014800498,2.1897255221822007,-9.126585919801794,-0.08004073823991091,-0.028101092492816646,-0.3750819119789998,-0.6109687054537767,0.1739205720572485,0.1996740024044864,-6.0372915157816245e-05,-3.141461033778791,-3.590000961092553e-05
2.8124239444732666,-1.3962587428106785,2.148724937971172,-9.282978896470988,-0.0820604682130247,-0.03542908560505535,-0.3746270274755351,-0.6109938497442237,0.17391745809345296,0.19970130405045539,6.081199999181884e-05,-3.1413308460205376,-6.467728191701983e-05
2.8203437328338623,-1.4841458304774506,1.6972641050711217,-9.332425197327575,-0.06953984612651772,-0.03781338434118425,-0.37176759289736777,-0.6109849667643823,0.17392124589327443,0.19966719717550147,-6.609032870738492e-05,-3.141365394624157,-8.623978121923081e-05
2.828378200531006,-1.270994647507199,2.187643486191147,-9.340495373858253,-0.08193698774996698,-0.03306945482746527,-0.37270268587529365,-0.6109926740221071,0.17393876955530022,0.19962886775564104,-7.776396550982665e-05,-3.1414006601602185,-0.00013621601373000225
2.8362555503845215,-1.3183240566514216,2.187959689403573,-9.260642089635862,-0.08271083976172439,-0.031694429059356155,-0.37441195126833754,-0.6109918050125188,0.17392368818251128,0.1996059377040197,1.580200937595434e-05,-3.1414410316805528,-8.888269986714452e-05
2.846343755722046,-1.7677364037137315,1.8606628436213823,-9.43227022254707,-0.07465242831976736,-0.041885403920208696,-0.374542219494337,-0.6109836183261117,0.17391252200008278,0.1996106158018319,1.8608506200847984e-05,-3.1414093060055346,-0.00015732472539786656
2.854310989379883,-1.2115526357918946,1.868640202950782,-9.299124969385257,-0.07361421180310722,-0.030548183691634027,-0.37539230291806763,-0.6109780874244658,0.17390478301320023,0.19956714212375515,6.931548527112432e-05,-3.1414289784018994,-9.794261903996766e-05
2.8622426986694336,-1.45154395243072,2.2378208903267174,-9.276965975949842,-0.08314344682607275,-0.03755698895462449,-0.37361005385805646,-0.6109764706138795,0.17392384983735537,0.1995311091174634,-3.306426605590662e-05,-3.1414597861759685,-7.449354338205198e-05
2.87024188041687,-1.409324714243158,2.0279755998493907,-9.344310564885356,-0.07853918365166697,-0.03609674518832558,-0.3735995348527347,-0.6109825729450027,0.17394352529624363,0.19952109587560068,-3.7282859517501674e-05,-3.141449501804919,-0.00012531015335469348
2.8782637119293213,-1.4395650467012622,2.2123082338574607,-9.278923202312024,-0.08251760265148401,-0.03722916844038909,-0.37727050514600197,-0.6109939688810548,0.17391514044621142,0.19954190606947986,3.212023529433706e-05,-3.1413654746925292,-0.0001502427515512202
2.8864986896514893,-1.1614338148033727,2.1652581189474804,-9.233375072829933,-0.08021714950074693,-0.02715981920182756,-0.3781682485903218,-0.6109961783512632,0.17391941375480283,0.19947749355830713,5.2893763467845743e-05,-3.1414224496176857,-0.00015210920290454952
2.894354820251465,-1.490566121648335,2.229580435340282,-9.43873314952143,-0.08339716671305605,-0.03341960900564652,-0.371718305702079,-0.6109916465913852,0.17394254382568525,0.19947464174158772,3.96675824583046e-05,-3.141341102223006,-0.00021168523432487168
2.9021949768066406,-1.3870498718532738,1.9850172882193475,-9.454150482027208,-0.07162967426902522,-0.032710861860771726,-0.3796397374874036,-0.610987534967223,0.1739406388467031,0.19941751242151112,2.1189103716393685e-05,-3.141400555182135,-0.0001192544293100471
2.9102585315704346,-1.1769625468873621,2.0803144934443187,-9.430286002143777,-0.07865208091864014,-0.0281106530121025,-0.3810785036203095,-0.6109787315509195,0.17393049440248137,0.19937388131784467,-6.649191599278206e-05,-3.141411691081805,-7.277476647064134e-05
2.9183623790740967,-1.4044336114656801,1.939045576234981,-9.49735919402677,-0.07485537042903459,-0.03500333146777522,-0.3794801495247497,-0.6109933954124753,0.17391984999244772,0.1993540824625981,3.6135548444254704e-05,-3.141443469855733,-0.00011999330795855791
2.9284095764160156,-1.13167328700706,2.0873629641846576,-9.399274718143387,-0.08061601574306279,-0.025855094446783605,-0.3759916613613937,-0.6110025914002457,0.17392064186115275,0.19933601548528518,3.426606669501138e-05,-3.141404363733697,-3.533372497783633e-05
2.936288833618164,-1.6517941094871715,2.138647713882955,-9.442878124547189,-0.07916511794238024,-0.04058706721101672,-0.37795658704220014,-0.6109747226077479,0.1739055360923078,0.19925328398094166,-2.063775425989456e-05,-3.141526555867324,1.6627988837235325e-05
2.944194793701172,-1.3165222203090927,2.191595662045391,-9.419889116374705,-0.08389466113742754,-0.031097390154901056,-0.3805021538222721,-0.610977974976029,0.17390803240027514,0.19923501648656392,4.972639484633512e-05,-3.141494815390469,-2.2894396913553228e-05
2.9522454738616943,-1.2595774782074092,1.9037187166632545,-9.379157726623417,-0.07688578277855675,-0.03029672663690385,-0.3778843046908075,-0.6109931029531315,0.1739295829762482,0.19921633516362952,3.596562174669746e-05,-3.14145825039972,-3.3624851158611436e-05
2.9602532386779785,-1.2903917579731288,2.1361515050664144,-9.253064143529729,-0.08032414130172925,-0.032206745956456326,-0.3791234094820534,-0.6109852801038582,0.1739271935885964,0.19919129727964968,1.1170451044170429e-05,-3.1414451536216386,-2.6142939793503152e-05
2.968228578567505,-1.2701650467601198,1.9466035680187683,-9.298488951933829,-0.07657550098427729,-0.03114628005126074,-0.37506506824333186,-0.6110017176841855,0.17390536353929995,0.1991769488462345,5.170437255698904e-05,-3.1413833906824604,-5.674888957394713e-05
2.976148843765259,-1.4425331421418028,1.8151956077919218,-9.345523728367949,-0.0715096942667423,-0.03375774213210794,-0.37790064862650036,-0.610980864957637,0.1739099415738062,0.1991223503391182,2.6170020878209482e-05,-3.141503398680008,-2.4161940079532256e-05
2.9843368530273438,-1.4605095159505208,1.7811666176465022,-9.282809194884948,-0.07315784351409242,-0.0352031152531282,-0.36972816672823355,-0.6109881381985034,0.17392584472879624,0.1990950000081539,5.580945703307348e-06,-3.1415015477044457,-3.048553175235955e-05
2.9923202991485596,-1.5471877189889722,1.9672051525872702,-9.300326112070598,-0.07521103552914561,-0.03816828083216315,-0.3764788091075272,-0.6109750034525556,0.1739229055669103,0.19909392010894383,-5.615546491371433e-06,-3.141467636481111,-0.00012430767117288608
3.000335454940796,-1.1450270006149559,2.0360511214394785,-9.21504774794509,-0.0771504901076014,-0.029015114114426845,-0.3778284999463711,-0.6109735630572368,0.1739508629468942,0.19903692456240074,-0.00011490221464406498,-3.1414656075067935,-6.674072652780148e-05
3.008195161819458,-1.585751476012108,1.9592062417919505,-9.37705347751517,-0.07724222014039578,-0.037694439120571514,-0.36667806265765146,-0.6109728346026676,0.1739019393321299,0.19899605597725104,8.11070885861259e-06,-3.1415110511631292,3.769433961778229e-05
3.0162086486816406,-1.5579309935330947,1.9602285642171386,-9.557746468017859,-0.07967689926491886,-0.03735578542324382,-0.37287089169216253,-0.6109805750969927,0.17392498779622467,0.19898918119130313,2.7972540914257466e-05,-3.1414897220434925,-4.603451924153538e-05
3.024224042892456,-1.536940102042949,1.9213159970405593,-9.39302104759678,-0.07576936827635364,-0.03463783284290981,-0.3751766534930563,-0.6109827833462375,0.17393458958391383,0.19898442398368207,7.457754090038298e-05,-3.1414782312400216,-5.636894500343495e-05
3.0322909355163574,-1.4074591690358227,1.991634785081528,-9.331179557878476,-0.07820281654116015,-0.036429217401952485,-0.3697866234698646,-0.6109924435158164,0.17389289211751965,0.1989343971635485,7.43221393461064e-05,-3.141439852532967,-2.8809558506907936e-05
3.040288209915161,-1.0512055883950848,2.1599187926815007,-9.430479668252461,-0.08309486544789028,-0.026931163403752498,-0.3834492268851895,-0.6109935753928875,0.17391822038003496,0.19890638398627877,6.0128375302792625e-05,-3.1414643997616722,1.4658483837021935e-05
3.0483787059783936,-1.340176879929782,2.139809991011086,-9.289462505892848,-0.0798505214973075,-0.032607554456779944,-0.3766222069355003,-0.6109795715724472,0.17391613560094862,0.19887222600796872,1.6529317162436187e-05,-3.141500048987673,-4.146119810074153e-05
3.0565996170043945,-1.1084181612915769,2.025593792892776,-9.234665930849358,-0.0776322247491133,-0.02911524452131608,-0.3800982683110397,-0.6109716027051426,0.17393308232582425,0.19885175541583522,-3.405873186102729e-05,-3.141510287620558,-5.5478940026334875e-05
3.0663135051727295,-0.9571384481880959,1.8892800474352582,-9.352199556744802,-0.07641874763541595,-0.025825294188922987,-0.3793374512128502,-0.6109900410167844,0.17392730131137935,0.19884045260669703,8.184680648633387e-05,-3.1414498962203066,-4.024758340886971e-05
3.0742385387420654,-1.1436070512040142,1.9050236673228642,-9.286215386788141,-0.07193425051955296,-0.028548435767744882,-0.3806311480327773,-0.6109861007171555,0.17393012484124182,0.19877983273427088,-1.4831567663705678e-05,-3.1414810369944672,7.679761465770106e-06
3.082195997238159,-1.1746130520039755,2.174953779679865,-9.218670656651758,-0.08299290354619944,-0.030029429719429054,-0.37616428563269755,-0.6109975463660661,0.17392023146591937,0.19878523984111646,3.0459687764946846e-05,-3.141442134334959,-5.344093910420172e-05
3.090502977371216,-1.222781568781083,2.2870370785397007,-9.333262782953723,-0.08582720637771463,-0.03222596176035773,-0.3763220345097075,-0.6109833121745345,0.17392967470606419,0.19878995746478131,3.095433238833371e-05,-3.14141584487657,-0.00011740177269889275
3.098186731338501,-1.1250849517429715,2.208243857503695,-9.230650621239603,-0.08266518100818188,-0.03002648612471948,-0.3775854640887664,-0.6109889745528236,0.17392345079701108,0.19870757444047552,-3.0038742318144714e-05,-3.1414698070976073,5.713048250466338e-05
3.106234073638916,-1.1490809397374844,1.9603825108329507,-9.451143154002937,-0.07693660117279706,-0.030075007724908894,-0.37399973720913215,-0.6109987083760422,0.17392511284000614,0.19871509527864273,8.465644455509323e-05,-3.141413752737681,-0.00014687184145586966
3.1142234802246094,-1.5259923074710995,2.097229047721554,-9.194029650522143,-0.0811975370721824,-0.038581839336702374,-0.380912578099393,-0.6109890695200526,0.1739608764887578,0.19870131500501878,1.2257824448305742e-05,-3.1414129084929896,-0.00014736447352204653
3.122307062149048,-1.5000624190618244,2.2253926624251874,-9.318962309698593,-0.0819179833166472,-0.03615932816371195,-0.37574833372595134,-0.6109774622938331,0.17395737216771295,0.19865660752476288,-3.603778332481838e-05,-3.141472462534359,-0.00015650047435846368
3.1302578449249268,-1.7070640833115909,1.8887375667027793,-9.367055622197396,-0.07659748860836586,-0.04217340475544095,-0.37478213137867344,-0.6109871590083442,0.17392623257345616,0.19861512357663336,-4.9549532547558565e-05,-3.1414659260647184,-0.00012482346056583653
3.138120174407959,-1.8750701109880543,1.8651304082259657,-9.423028066392467,-0.07189423145842869,-0.04707213022979035,-0.37865633669507565,-0.6109954958126199,0.17391726816950934,0.1985517389750311,8.697665074707218e-05,-3.1415326212612973,-5.353876249351719e-05
3.146314859390259,-1.5558120582210266,2.052422291549473,-9.2636673424644,-0.0801061501082681,-0.03925085906216889,-0.37878018217567294,-0.610992818170857,0.17394083641324934,0.19858981355006244,-5.490092120599392e-05,-3.141423494741415,-7.919550199693822e-05
3.15419864654541,-1.4719452353935327,1.9650516029452778,-9.344138761495506,-0.07918871001641,-0.03488134340071815,-0.37043445838106487,-0.6109852160966899,0.17393266814653444,0.1985463353430479,-9.494213219915069e-07,-3.141430817528366,-5.706629823904361e-05
3.162188768386841,-1.3576714377768713,2.2969153452003463,-9.367073236854043,-0.08750868063706489,-0.03248252723778557,-0.3793933467518835,-0.6109805298105995,0.17394464117339864,0.19853509814675446,9.008165750188784e-06,-3.141448068084113,-0.00012302465639809347
3.170255184173584,-1.6080306119153667,2.221120989908987,-9.52487140140363,-0.08148517285081795,-0.03732121045247131,-0.37469697620601283,-0.6109806153859537,0.1739401437832476,0.198469637062203,5.5156388599200404e-05,-3.1415027520987118,-5.390725734654762e-05
3.1783502101898193,-1.2162414548075569,2.2505260900353417,-9.35388229819013,-0.08411541517757279,-0.029628178018147044,-0.37602858929658933,-0.6109896094192313,0.17394630669113123,0.1984707643151586,-2.7303783733217907e-05,-3.141440016847115,-0.00012874803844115562
3.186232566833496,-1.6548082528756876,1.8608605015049349,-9.376010061674172,-0.07553544140619475,-0.039483206262755956,-0.37351801684355534,-0.611018467684049,0.17390848681339582,0.1984536082953949,0.00016709050201327448,-3.141411727689789,-0.00014445936098841157
3.1941826343536377,-1.2816050260625174,1.6473489899849423,-9.355748274096879,-0.0679574634239426,-0.031378429014460675,-0.3701643626048784,-0.610981583195725,0.1739503510191078,0.19842544863486675,4.459757410707447e-05,-3.141452577287906,-0.00011839059161291519
3.2023394107818604,-1.1407986513939925,1.9792504503697477,-9.23934602436661,-0.07654918039797542,-0.0286569788852075,-0.3739372643063491,-0.6109972197925495,0.17393862806600252,0.19841710366729465,-4.0306102586691214e-05,-3.1414022949864795,-0.00010916277571678242
3.21026611328125,-1.1843715547779148,2.497868496070319,-9.348316751839118,-0.09062275078225762,-0.029624814377646722,-0.3779855092473128,-0.6109802286733562,0.17391753322264025,0.19834866334359794,-4.851086529362355e-06,-3.141514676953095,-5.889877119001662e-05
3.218463659286499,-1.3096306331318808,1.9431558466172374,-9.25380172136721,-0.07669682697028886,-0.0356973717858759,-0.38018388144562876,-0.6110040301770618,0.1739344870341746,0.19833879681441763,-5.90302427051183e-06,-3.1414601166274005,-8.727613976697297e-05
3.226382255554199,-1.3044040652107345,2.4953285706217883,-9.289111531769903,-0.08885239141067376,-0.03306589835499768,-0.38363005982355924,-0.6109863492181984,0.17391287273586234,0.1983266284928873,-1.7126827264193416e-05,-3.141427638292163,-5.6019375133030827e-05
3.234236001968384,-1.0229386842163866,2.3040388052685414,-9.269539010104314,-0.08661311616690903,-0.025487563010747838,-0.37895415457125164,-0.6109837253388347,0.1739263509661352,0.1982686244325977,-1.736973499147572e-05,-3.1414925932938007,-0.00010468967171238385
3.2423126697540283,-1.2185140733808415,2.1241004483809047,-9.210831861377097,-0.07987402896383788,-0.02956360934301395,-0.381231597442932,-0.610990044272411,0.1739282224120757,0.1982803316846255,2.8049357575859966e-05,-3.1414037960196186,-6.068921606805646e-05
3.250290870666504,-1.4680978964379734,2.0576007944457597,-9.213839080969,-0.07907836805095454,-0.03512087508210831,-0.3797547087013335,-0.6109809524701616,0.17393965729682084,0.1982203940550243,-2.586470765335961e-05,-3.141518885769453,-6.780792969532613e-05
3.2583227157592773,-1.45335263879869,2.0497808765981396,-9.332307343976959,-0.07673080572108218,-0.03705298004635014,-0.37640132331640735,-0.6109930110768982,0.17394155216476884,0.19823745731640108,-8.830170650203919e-06,-3.141435366958221,-0.00013556245777063484
3.266202211380005,-1.1710794505811695,1.804281216107912,-9.345140750213503,-0.07047876236572644,-0.028835758346740233,-0.3750571755044432,-0.6109901159714997,0.1739004579709632,0.19820522331540627,1.6462824899441153e-05,-3.1414519988948415,-0.00012869685753675916
3.2743284702301025,-1.1033932360306236,2.2586896913286942,-9.30996185861528,-0.08317692168724758,-0.02769510888918196,-0.3787682150935753,-0.6109797903432439,0.17392472804416864,0.19815126542594008,-1.547218182800455e-05,-3.141506459707593,-5.5702695840536155e-05
3.2822885513305664,-1.274341789833928,2.086728537302985,-9.355110069588175,-0.07820381301311281,-0.028375029971141344,-0.3786829905085369,-0.610991056556211,0.17396689923364356,0.19816440509568506,-7.31411237029998e-05,-3.1414070829293195,-0.0001594994583348599
3.290311098098755,-1.4693914429587869,2.0567957423328687,-9.302500075431087,-0.07629859239480075,-0.03535678453165913,-0.3779699603623534,-0.6109890402671173,0.17391793175409637,0.19808601569982692,4.466953797425899e-05,-3.1414973190739794,1.9815093794057e-05
3.298447608947754,-1.206237676610505,2.219949114530887,-9.278574891150278,-0.07843898294864927,-0.03143661691667931,-0.38013314131679377,-0.6109927706526582,0.1739367970829804,0.19814314843602207,4.803639037145285e-06,-3.14137184685475,-0.00015091797160121014
3.3063812255859375,-1.4658621776117258,2.042809336330235,-9.214441884557106,-0.08054554200642475,-0.03537064308285173,-0.3785061000133618,-0.6109892905210063,0.1739232481600473,0.19807791278576653,2.5590140641189125e-05,-3.1414818206855397,-2.2504221079720394e-05
3.3143558502197266,-1.0983189252848446,1.8781900487818193,-9.340895212559257,-0.07566929885563936,-0.02800051683645584,-0.3782409081461075,-0.6109900795552679,0.17393958929451797,0.1980721029555464,-4.997180508784405e-05,-3.1414327528968293,-0.0001358037064130393
3.322422504425049,-1.26617372205168,2.04983133923836,-9.51431984329537,-0.07935953477511817,-0.032828335421435234,-0.3768075085361106,-0.6109852702742354,0.17394334076816634,0.1980186029767051,2.4545341823951976e-05,-3.1414848961981092,-9.180931449901616e-05
3.332345962524414,-1.218608360736718,1.9177124996636916,-9.461176440363305,-0.07523687936973673,-0.03064367613763276,-0.3790650497706127,-0.6109830856144313,0.1739338040328536,0.19803300004919935,1.9991054129926217e-07,-3.1414318719115104,-0.00010530709060229414
3.3403899669647217,-1.539586378380996,2.1470087639319217,-9.496413216553535,-0.07931285535870566,-0.04008314655168217,-0.37332713281023205,-0.6109774144148643,0.17391708262132566,0.19800652686064735,9.116206887564281e-05,-3.141457707544739,-0.00010116153670765284
3.348402500152588,-0.9854870666732034,2.223857041316513,-9.439351724216866,-0.08196746071421046,-0.024866489599415457,-0.3866084935869789,-0.6110026998824846,0.17391782829504487,0.1980063506917818,6.58433245607372e-05,-3.1414052623624453,-7.627263967866403e-05
3.3563008308410645,-0.9139888342171755,2.16447315690513,-9.353505504937571,-0.08150538415619717,-0.024792903091425306,-0.38216729285025974,-0.610983685454083,0.17392050068669576,0.19796358051988483,-1.5347060226240293e-05,-3.1414755899475124,-0.00013571227897754627
3.3643925189971924,-1.4028038552975663,1.9977027380881192,-9.542897981016804,-0.07824538422787991,-0.033543917224412495,-0.3752572880270044,-0.610984474303317,0.17392641273494838,0.1979725802348853,8.478506155688859e-06,-3.1413973171408456,-0.00014046395134720987
3.372185707092285,-1.6052763499517906,2.0702474879450237,-9.491508587107461,-0.07961031982196629,-0.037874043230609424,-0.37102754886111855,-0.6109864116275944,0.17391981179512409,0.19791385551576995,-5.356173096778558e-06,-3.141443379518105,-6.674748135418331e-05
3.380225419998169,-1.3819428951641073,1.9435586111873466,-9.400155109506327,-0.07644750513227772,-0.03153327778942575,-0.3694295834008628,-0.6109941700502678,0.17392926411500795,0.1979258606745019,2.2814704718087016e-05,-3.1413778967526267,-0.00012118576041059678
3.3882863521575928,-1.334119355482968,1.9954324733730393,-9.404808861605744,-0.07603810514973694,-0.03414758274696741,-0.37611430151678765,-0.6109910358413657,0.17393801747032242,0.19790508875368382,-6.695821340372016e-05,-3.1413972185385814,-8.963610543658755e-05
3.396331548690796,-1.5033283249167748,2.157341711138081,-9.343673202298842,-0.08446133275710634,-0.03663009401415611,-0.3792454651785944,-0.6109918670426178,0.17392396969197174,0.19787687705402557,9.826291016460745e-06,-3.1414099055882825,-7.865139305355826e-05
3.404327392578125,-1.5583220852054545,2.0172856327872757,-9.443386081424732,-0.07806117194069984,-0.040021522167398564,-0.3720525750421053,-0.6109907744336113,0.1739305460923796,0.19786962116497886,1.0219892898832085e-05,-3.1414019223083915,-0.0001511547929241135
3.4123170375823975,-1.146223111601146,2.31352366710401,-9.316533633388408,-0.08333507357703639,-0.030141211020077645,-0.3803870226370435,-0.6109935344258087,0.17389172778290898,0.19784482931956526,0.00012841257564457324,-3.1414711522852574,-0.00015099115721700708
3.4204554557800293,-1.5032052961903009,2.086731969476663,-9.325866079694864,-0.07912301795475232,-0.03358301663960211,-0.3757993534499833,-0.6109814354318536,0.17391913359051558,0.19783426805940463,5.6328712573609785e-05,-3.141420680123843,-8.243494923976751e-05
3.4284465312957764,-1.3005509207972188,2.1241946141051984,-9.361854721750703,-0.07950292337664812,-0.033263886197441646,-0.37719643070358444,-0.610979761169069,0.1739269990518504,0.19781295939369134,3.664811122419888e-05,-3.141416659480626,-0.00012942644549171102
3.436419725418091,-1.3366439896390767,1.733756704254967,-9.586893713122905,-0.07165507028782811,-0.03365888983071399,-0.37468247554834666,-0.6109911997516472,0.17394296417222102,0.1978058783890319,-1.4317094133738817e-05,-3.141418636492296,-0.00015074823643932317
3.444450616836548,-1.2518955732490948,2.1681381346045,-9.524304066377885,-0.08148845459173994,-0.03189305383462947,-0.3781357115086685,-0.610993200327863,0.17390636772115764,0.19778453168615773,0.00010187970935723214,-3.1414496771861633,-0.0001237881502694349
3.4523119926452637,-1.365554997535124,2.0421473853060785,-9.519381152811157,-0.07725971163125456,-0.035375895877843705,-0.37802745540539434,-0.6110003238981413,0.17391845338584797,0.19776803752912203,5.60509969979454e-05,-3.1413916557716135,-7.087734783685602e-05
3.4604592323303223,-1.3733313659637219,1.8896832911611021,-9.510225209992498,-0.07511477819073152,-0.035298114559989414,-0.37298939642667495,-0.6109969928955612,0.17390368805642975,0.19773006837043414,2.4404168876946612e-05,-3.1414121714150784,-6.673585109355e-05
3.468414306640625,-1.7103342304029778,2.1063602201176423,-9.530932490008661,-0.07850144206797122,-0.04003199617149261,-0.3700211557808392,-0.610996976337237,0.1739150883591909,0.19772479642305985,-6.030205143323199e-06,-3.1413864966867155,-5.151162362269691e-05
3.4763450622558594,-1.2459615562101716,1.994818875747857,-9.472219864631318,-0.07791011542482855,-0.031087433123701894,-0.37512769566648096,-0.6110085345207221,0.1739153225172571,0.19772469865434206,1.3434938333946298e-05,-3.1414054832898577,-0.00017478249002864153
3.4843356609344482,-1.1475336071783917,2.191241576957998,-9.367260028352502,-0.08078100260421268,-0.030901476852260207,-0.3719095144977689,-0.610978638889277,0.17394038957329644,0.19766714053798784,-1.1056195950569702e-05,-3.1414880494663815,-7.571536241657858e-05
3.4923458099365234,-0.9101236855744962,2.3762543097270297,-9.536072778174434,-0.08491998702703701,-0.02136341096096367,-0.3792737061476904,-0.6109919358356904,0.1739372052187236,0.19770492703946743,2.015338841354451e-05,-3.1413730688143144,-0.00014271195233403014
3.50034236907959,-1.2702191033455532,1.8960864754872275,-9.520203444390782,-0.07659774208449169,-0.029184465574408517,-0.37580861048551356,-0.6109970528105815,0.17395700246479984,0.19766648648289942,-2.4638373238202986e-05,-3.141414327883764,-0.00014454339901366511
3.5084547996520996,-1.5707378060284174,2.0427960841393586,-9.394425202580317,-0.0814837843706957,-0.03615067459437531,-0.3722541333218539,-0.6109795862083761,0.17389984104967549,0.19764128191402375,0.00012322578706002902,-3.1414547154869603,-8.744110285552968e-05
3.516263008117676,-0.9393449359968724,1.8824939856339553,-9.290601048969007,-0.07494693692715172,-0.023615049933798208,-0.3835781384757047,-0.6109799688778876,0.17393253862010724,0.1976308434094034,2.755113951928877e-05,-3.14144758579119,-0.00010853391879014397
3.52427077293396,-1.3530154099548675,2.0500542553723307,-9.496904153744413,-0.07774357185275688,-0.03206411014526617,-0.37728341732869863,-0.6109870107051268,0.1739549681259905,0.1975979658871977,-3.059227545691009e-05,-3.1414626207470335,-0.0001101499490955912
3.5322208404541016,-1.4202323026433328,1.8873775342293362,-9.467299122495474,-0.0756401543287049,-0.03752852206991819,-0.38154926802663613,-0.610981603758989,0.17392044191103587,0.19758379666673165,3.362575399333829e-05,-3.141453534133984,-0.0001172062657250246
3.540335178375244,-1.146274751545722,2.179693411227666,-9.394467504955964,-0.08310486704635776,-0.028162891536832164,-0.3778299093526813,-0.6109888655957665,0.17388980656367936,0.19757799664783174,2.2897862937776796e-05,-3.141415689986337,-0.00011871197272549277
3.5482089519500732,-1.0881065511749741,2.204221480737762,-9.486812843818967,-0.08328862087160653,-0.02827641045927523,-0.38061384419321337,-0.6109913098906422,0.17391237699962447,0.19756040391773075,-4.833527522844648e-05,-3.1414106906383448,7.657171314831375e-06
3.556307554244995,-1.365169357700869,2.169707657816882,-9.351534014459101,-0.08054573205046382,-0.03601874994906927,-0.3779844352328955,-0.6109891188252431,0.17390774177815765,0.19754271382761196,0.0001034352581676088,-3.141489439306585,-5.137711340514929e-05
3.5643134117126465,-1.3194411677567728,2.3216396942057806,-9.266025356709951,-0.08672568325731303,-0.03176017952778842,-0.37881631946355176,-0.6110008649868031,0.17392716769898825,0.1975568570112764,2.8448567941993916e-05,-3.1414034955504553,-0.00015161677465059362
3.5723395347595215,-1.059195960671515,2.0729348582021188,-9.32084480548244,-0.0780921379956563,-0.02572569357246504,-0.37745243341187856,-0.6109977528355893,0.1739313992808212,0.19754475636969612,2.2657605521431675e-05,-3.141388112509317,-7.77760467955871e-05
3.580233573913574,-1.327346756266232,2.3399909392511726,-9.392179798774244,-0.08751624879355886,-0.03313729908605485,-0.38058954482345647,-0.6109895677063673,0.17393452966473882,0.19754659063450808,2.3143340450116525e-05,-3.1413607175903864,-0.00013503833341718284
3.5882647037506104,-1.1825690448029191,2.1880490300336852,-9.359292216300522,-0.08045505682982552,-0.030269604978524073,-0.376712731514394,-0.6109877675629556,0.1739362573163336,0.19749742782563484,-3.5838556634141596e-05,-3.141406184227119,-3.909897446444326e-05
3.596235752105713,-1.0850901617377557,2.191936315160359,-9.286094392101722,-0.07793726353176438,-0.03040094876655265,-0.37651423511222004,-0.6109685652395466,0.17391872621014842,0.1974919617879735,-5.83258191347552e-05,-3.141458799630006,-8.153407331975472e-05
3.604353904724121,-0.99571327714113,1.9325388713468314,-9.339481128670263,-0.07957573743249656,-0.024191680555755577,-0.3780368295076645,-0.6109871374671036,0.17392593035786383,0.19748487203111248,1.707205173433232e-05,-3.141395065911674,-7.680461384016207e-05
3.6121692657470703,-1.1267439957379066,2.126560732405744,-9.33719502735092,-0.07734060055329606,-0.029991442664855938,-0.3847142916393063,-0.6109875184293836,0.17392228341125196,0.19744774300739107,5.44006075701465e-07,-3.141473069770765,-9.892178862322548e-05
3.6201400756835938,-1.269313476158384,1.9269887145078546,-9.35311098510403,-0.07186052591874001,-0.028748254431986572,-0.3763944299666674,-0.6109921045105706,0.17391726162587226,0.1974605536720247,8.866164861293891e-05,-3.1414031998418226,-0.00011965587872662555
3.6301989555358887,-1.3155790033565398,1.952613089009815,-9.40037783900015,-0.07905129311166041,-0.033215151097393134,-0.3786133628164459,-0.6109926299993416,0.1739104899147557,0.19747097693789953,-1.9680909072494566e-05,-3.1413560230854785,-0.00010120979038758526
3.6385128498077393,-1.099540186972954,2.288892389752365,-9.24030174747919,-0.08205370071807827,-0.028694077846988877,-0.37767177661494444,-0.6109828312908566,0.17392395641651742,0.19741908578033857,5.2872283933975786e-06,-3.1414410656343037,-0.00014006522756695555
3.6463534832000732,-1.2462425976425788,1.8179662539241592,-9.278463389872245,-0.0728178496566868,-0.0297490054757394,-0.3770517674788214,-0.6109932959118336,0.17392063502460944,0.1974120889147627,-3.2565942187620025e-07,-3.1413885959172108,-8.101217434991893e-05
3.654348850250244,-0.9451192390017524,2.470420926409879,-9.125125704411905,-0.08689010469744508,-0.02519345338466684,-0.3830249446187053,-0.610973613695908,0.17393050128019097,0.1973778519063361,-5.089379336403259e-05,-3.141438608946394,-9.645912519004697e-05
3.6623361110687256,-1.0210795109279986,2.1063073476508993,-9.191541050153484,-0.07920164989493134,-0.027182466666761454,-0.37679031997164925,-0.6109886020351294,0.17391884916853353,0.19736735213296072,4.677834827070315e-05,-3.14141098967869,-9.048828189805066e-05
3.6703643798828125,-1.0937113959297584,2.0582609790391184,-9.262485907018895,-0.07679602174970722,-0.02857576108211611,-0.3770318522436475,-0.6109907282966484,0.17391904384161455,0.19730036079572066,4.057832390369756e-05,-3.1414596361360445,-3.569111259403354e-05
3.6783955097198486,-1.2224059025393292,1.7924589463008316,-9.454011274738614,-0.07229967451591142,-0.030199181752606923,-0.37807072488034343,-0.6109779834438231,0.17390819688342124,0.1972866291148494,6.634138949183735e-05,-3.1414681187123525,-1.300461693131811e-05
3.686532735824585,-1.3047767121526164,2.2757624007163586,-9.228290994108502,-0.08073036342606107,-0.03378590369137848,-0.3813326319904164,-0.6109959979268974,0.1739280180463271,0.1972849530511916,9.082879795015939e-07,-3.1414107250224412,-7.425621081425036e-05
3.694439172744751,-1.334106440828314,2.1894985374870175,-9.329574418678463,-0.07857816384042751,-0.03169559628498041,-0.3808235821628235,-0.6109916341535028,0.17392219322845254,0.19722160288216437,2.7752428514983047e-05,-3.141456666063666,-2.9258991856026998e-05
3.7024331092834473,-1.4766028094672667,2.0382773595229207,-9.461774293408775,-0.08069850894290334,-0.03550040210076137,-0.375513656529923,-0.6110004512010988,0.17391913761123168,0.19722265206173278,8.563502512472682e-05,-3.14142173781962,-2.1001028755064594e-05
3.7103395462036133,-1.3065677871356893,2.252458147312192,-9.475411523176748,-0.08336341040310664,-0.03241970267852533,-0.38074470406825633,-0.610989979102743,0.17393175109866743,0.19719502541775197,4.241691925426576e-05,-3.141413548852719,-0.00013639970110890291
3.7182679176330566,-0.9796632086329965,2.2058107362788015,-9.344223267149117,-0.08117787990731863,-0.025644297279295517,-0.38189607099460166,-0.610969429609371,0.17393102313001535,0.19714123159871133,-3.405526920997439e-06,-3.141458360004275,-7.620734587303319e-05
3.726323127746582,-1.0225614342440443,2.026771516905891,-9.383710691804502,-0.07829284952293596,-0.025657562867351665,-0.37994296679431094,-0.6110020625245636,0.17392112403432966,0.19709220563745786,5.417892686856172e-05,-3.141521518971863,-8.965385053209114e-05
3.73433780670166,-1.408331008513388,1.9221874209618444,-9.42513955824467,-0.07748842803260539,-0.03748151090949035,-0.376497917588312,-0.6109885017439389,0.17391636898583177,0.19707803731965345,3.133325411712617e-05,-3.1414996565777122,1.629769655270029e-05
3.7423300743103027,-1.074662494784621,2.119105114240478,-9.348110455529367,-0.07782766213042394,-0.025574525147487367,-0.37240587507080375,-0.6109838729509274,0.17391357402280969,0.19707997400852725,3.0019937326193755e-05,-3.141432516736292,-6.789750978962423e-05
3.7503573894500732,-1.3287232875245663,2.0901979029668625,-9.21907607742504,-0.07861926326545211,-0.032965841114262394,-0.3797860963414576,-0.610974744463058,0.17395261632458794,0.1970527879583983,4.3237703099111457e-05,-3.1414433427588637,-0.00011695289774018838
3.7582597732543945,-1.0726069917597336,2.175959512342602,-9.319523789035202,-0.08178676504242001,-0.028522353035259847,-0.3733376962857724,-0.6109989006690948,0.17391283852763287,0.1970418296445663,5.6533274829105134e-05,-3.1413971895353616,-0.00014066375372741495
3.7663052082061768,-0.9439675548836772,2.122703734639531,-9.277922732118567,-0.07801840543936778,-0.025257782756158538,-0.3790789747945853,-0.6109745602940524,0.17392701870390506,0.19695224943876644,5.847376334877405e-07,-3.1415270878112445,-1.6380762077353922e-05
3.7743592262268066,-1.0678187108338375,2.1467376215532368,-9.160984490339882,-0.07977690237427915,-0.02827247770586725,-0.37822166950089114,-0.610974884315081,0.17394024350314558,0.19697116960301658,1.8229548369728472e-05,-3.1414739168228767,-0.00011907722186221496
3.782316207885742,-1.3696400014028978,2.094965855363488,-9.215342237148281,-0.07868636147409963,-0.03406648459707887,-0.3739631964710523,-0.610977946229158,0.17393312851438486,0.19696461887036948,-2.6156143323850457e-05,-3.141417962434354,-7.633155362148519e-05
3.790422201156616,-1.0506125733706633,2.200085505855212,-9.178600488579596,-0.08136362541219652,-0.028249140494428317,-0.3823133977278288,-0.6109749828165278,0.17393359932545652,0.19690864398537927,-3.694874041568106e-05,-3.1414667946264254,-3.672644392178914e-05
3.7982163429260254,-0.9532470974225957,2.299998440092166,-9.224604348842055,-0.08336256202056798,-0.02990311979395921,-0.38347209919035913,-0.6109721952662788,0.17391380587186303,0.19688178859484828,8.63346441933481e-05,-3.1414728208802107,-8.339784023102042e-06
3.806386709213257,-1.608677266376752,2.0073588474682205,-9.272245153785981,-0.07648784894164566,-0.03970904413074341,-0.37264378215149907,-0.6109821939305616,0.1739272971595351,0.19689357376746783,1.2347318767314121e-06,-3.1414361111131757,-0.00012029787555582618
3.8143444061279297,-1.3514184318354414,2.22345843558459,-9.371129613976532,-0.08187348803480582,-0.029806342867196117,-0.3804478722118735,-0.610978553902851,0.17393118707444855,0.19685766212667516,2.7573287965085813e-05,-3.1414827401806877,-8.877642368664868e-05
3.8223369121551514,-1.4490193233557451,2.3170375812217108,-9.322603442792282,-0.08310705725975015,-0.038058202751832894,-0.3764579582696579,-0.6109759812023711,0.17395637812432294,0.19682828391320495,-8.78151142146867e-05,-3.141445626410326,-3.691841135913652e-05
3.830247640609741,-1.272805561740581,1.9753868598247415,-9.251764435645395,-0.07648290642465992,-0.03129981392355472,-0.37832325573464043,-0.6109893007937609,0.17390121070588754,0.1968227044667868,9.395003635642844e-05,-3.141428891670178,-0.00011746998043393513
3.838284969329834,-1.0783358225958448,2.254473299176529,-9.37290529461758,-0.0844302167356538,-0.02887176091355815,-0.3833508070968665,-0.610994668181122,0.17394647506215807,0.1967849242124456,-4.194117237200208e-05,-3.141407630027067,-2.633983647867484e-05
3.846301555633545,-1.0542827510834154,2.042350792581255,-9.175887986377939,-0.07897119749104783,-0.028575132682865476,-0.3774746796409332,-0.6109707796678355,0.1739415450744583,0.19678691979038523,-4.858651477196409e-05,-3.141449339776748,-0.0001151365877516451
3.8543834686279297,-0.9513579309186584,2.4204363681060626,-9.235560876164262,-0.09063737674078572,-0.025765378980245952,-0.3798954499679029,-0.6109844122014916,0.1739111908685235,0.1967616350964532,3.664396905332304e-05,-3.1414338183283803,-0.00013352760086272227
3.8623721599578857,-1.4420377935786992,2.2468314973524532,-9.348284459846715,-0.07911799037679744,-0.0364196410592747,-0.3761435482519094,-0.6109849386527973,0.17392563864978736,0.1967570176317529,5.05038317944868e-05,-3.1413847947369478,-8.092261860042549e-05
3.8704335689544678,-1.1797498982251644,2.317209147188837,-9.219621531883929,-0.08375648668303136,-0.03177651302079508,-0.37695772350067613,-0.6109853033024509,0.17391489802484655,0.19672340385128778,7.3834032663582984e-06,-3.14141341774538,-7.022087209148173e-05
3.878369092941284,-1.4032973250590117,2.021649317587388,-9.284011391954202,-0.07870264012771566,-0.03294022165339468,-0.37839039557093157,-0.6109789509143749,0.17392166313140645,0.19671693173741192,-1.6779890407160127e-06,-3.1413752076937107,-0.00011515990406480327
3.8863368034362793,-1.1070275781877883,1.9846839711977466,-9.335064338838583,-0.07514644533889082,-0.02580949472613848,-0.37562769685242187,-0.610994051557206,0.17395264467359625,0.1967070320193778,-7.674451952636864e-05,-3.1413278603330363,-0.0001992929914475407
3.8942642211914062,-1.4526591271945473,1.9760439538633547,-9.354028294516652,-0.07819592222926802,-0.03311684144873659,-0.37299026529229823,-0.6109847313304498,0.1739397325954909,0.1966780990528571,2.450220032464658e-05,-3.141373692899084,-0.00016840769266547874
3.902297019958496,-1.229502039961043,2.079346097854523,-9.426806450663713,-0.07891252047966113,-0.028363895447264042,-0.3776923450804897,-0.6109884592176251,0.17393242117366176,0.19666727337982892,-3.0409834787527142e-05,-3.1413365267583444,-0.0001540835536258781
3.9103076457977295,-1.3567912267685156,2.0835561556070217,-9.308265074510482,-0.07759438520606492,-0.03200918644817026,-0.3763438298953432,-0.6110020352221348,0.1738985953412092,0.19662477376488896,0.00015532233361646513,-3.1414018606281178,-0.00012909359528498699
3.918346405029297,-1.1095582100774444,2.180717408159223,-9.322157150794967,-0.08235314895416301,-0.025155428605715506,-0.37438456406095255,-0.6109714289374542,0.1739338336716862,0.1966001296232463,6.666725132110546e-06,-3.141434840043958,-0.00013756577483262116
3.9262540340423584,-1.236113741093319,2.2420751174768143,-9.265855737617448,-0.08025345139591926,-0.030483246505214057,-0.3779461958195077,-0.6109831433107041,0.1739158043256009,0.19656938237760158,7.24933226031967e-05,-3.1413968389505125,-6.782299176973174e-05
3.934218168258667,-1.421813407980711,1.9054407914530769,-9.392809569823438,-0.07593590119979825,-0.032712747425868945,-0.37584977806914305,-0.6109862977678359,0.1739307000612681,0.19655416847203855,2.1787856740699773e-05,-3.1413994654328814,-9.428276993523912e-05
3.9423396587371826,-1.0420155716793864,2.22747486869464,-9.246807220446312,-0.08411991159318509,-0.023792141500111795,-0.3788623858512361,-0.610977507107104,0.17392048919036296,0.19653378216680933,4.062510333119454e-05,-3.1414521018521064,-0.00014340227636291855
3.9502928256988525,-1.164553696310451,2.033366246985234,-9.287126743182016,-0.07894266218525554,-0.029067043390718864,-0.3810470000541057,-0.6109859194956683,0.17390062508725787,0.1964852959982385,8.645465622730571e-05,-3.1414333439916837,-9.38093384135216e-05
3.958329439163208,-1.2919492137942026,2.0473967901722303,-9.225420326765708,-0.077278703198734,-0.03317196060449186,-0.3742609337322847,-0.6109829372205579,0.173963023380427,0.19654164386674283,-4.4032860438595693e-05,-3.1413480790605934,-0.00015777404351886439
3.9662485122680664,-1.44872073006949,2.1555090872028386,-9.45019545303829,-0.08089031010790966,-0.03482066693739998,-0.37617548364033687,-0.6109945088639842,0.1739383127369288,0.1964859953380091,-4.1438623491268094e-05,-3.1413930114223656,-0.00010455558514224601
3.974362850189209,-1.055594449189106,2.1547104283037735,-9.391266644487791,-0.08437141314240046,-0.028264306544191955,-0.3755602945502619,-0.6110015303779661,0.17391174689641098,0.1964632268485958,4.890867026717427e-05,-3.1413915892091726,-0.00012057660367353162
3.9822561740875244,-1.5683182428911233,2.0221067754337128,-9.196787417043527,-0.0771147554841615,-0.036555311434344526,-0.37071369361632334,-0.6109822074984398,0.173930764906655,0.19643012446872332,2.8364374821593283e-05,-3.14143018477873,-0.00013875152886015196
3.9903712272644043,-1.5718660575192975,2.1902923768706817,-9.28302530004328,-0.08119350838018402,-0.040821924987626206,-0.36734118158910156,-0.6110106161708002,0.17391269650600039,0.1964145757347971,9.429134147135856e-05,-3.1414152064215,-9.278480447576772e-05
3.9983251094818115,-1.6025838776699664,2.097794821884499,-9.297536915998506,-0.07973128517992327,-0.038608219141832975,-0.37683844996680216,-0.6109854994088428,0.17392915682208712,0.19642393932035024,8.662031481485116e-05,-3.14137728489298,-0.00013076439902780964
4.006406545639038,-1.2142262453579609,2.5027271247026275,-9.263943864736984,-0.09091609627015769,-0.028464913437753883,-0.3790432816660926,-0.6110187588328118,0.1739246093446849,0.19642892101447457,3.260155464916084e-05,-3.141290420250653,-0.00023347836378510863
4.0142247676849365,-1.408576950639605,2.1242844038991255,-9.452061607318722,-0.08382144990757835,-0.034663031368788656,-0.3754374233160337,-0.6110055720829684,0.17391615958228493,0.19640995805771283,0.00012248249726038517,-3.1413287571537936,-0.0001792974988497974
4.0222413539886475,-1.5432436974564587,2.3174403390231744,-9.31015988313386,-0.08299505879371745,-0.04083435187860294,-0.37810653618842927,-0.6109766144090341,0.1739337237004655,0.19634694686254017,-9.348422674632791e-07,-3.1414554973614184,-0.0001815765598916574
4.030170679092407,-1.6226423268084935,2.1928997567806405,-9.338610460983022,-0.08044508903528413,-0.039389789835576186,-0.37263211588769685,-0.6109883291383575,0.1739266892059567,0.1963648037698748,3.775025578406708e-05,-3.1413529399303273,-0.0001431519531114653
4.038254737854004,-1.2234764860026301,2.4280523484359233,-9.292143808740267,-0.08685897255587385,-0.03236937448004972,-0.37693294037696295,-0.6110074028483685,0.1739177029457261,0.19634017781309798,3.3572540678733125e-05,-3.141341786360026,-0.00013101847805963148
4.046382188796997,-1.1798604391885787,2.0037691923746155,-9.30424456386863,-0.07767613613970166,-0.02798083858811969,-0.37546423449563004,-0.6109909304815547,0.17394823860715752,0.19636059062584427,6.9108324990699745e-06,-3.1413002240145884,-0.00018844882747702578
4.054384231567383,-1.6631517142014152,1.939384767647993,-9.429623716803073,-0.07592616321573424,-0.04024641419533667,-0.37452208264428677,-0.6110111504960442,0.17388995972216661,0.19632675143677586,8.564597645548817e-05,-3.1413316347341813,-0.00013149496717807313
4.062291383743286,-1.4662329236331417,2.114495128153754,-9.463876205431868,-0.07792805126455354,-0.03522928734058033,-0.37570600078380906,-0.6109902666671445,0.17393737368084627,0.19629400592772517,-6.22746246586399e-06,-3.141377538452787,-0.0001437425682993912
4.0703277587890625,-1.3540465962304005,1.8710371600022082,-9.413635494125193,-0.07189804152774934,-0.03243137032637995,-0.37534759417265945,-0.6109948207352442,0.1739294143384752,0.1962871032881475,6.022854299307691e-05,-3.1413374366478712,-0.00016239961768937976
4.078333854675293,-1.2187279250747853,1.9717920025226436,-9.312826951290782,-0.07306537734797731,-0.03031065994078386,-0.38021868729270125,-0.6109934548310417,0.17391326521820166,0.19630410229669076,7.918599338345944e-05,-3.1413041821756438,-0.00021205709221830263
4.08639121055603,-1.3125382474672191,2.1244471058045913,-9.231867142764235,-0.07716698138853707,-0.03370730420966539,-0.3756354836045455,-0.6109907130414308,0.17393996168288223,0.1962276120653165,2.082096544707828e-05,-3.1413849445057216,-4.34581936933923e-05
4.094488859176636,-1.2736527014529258,2.1289483130350546,-9.1701642006711,-0.07711497261561309,-0.03262938474583174,-0.3728670707974356,-0.6109938373023698,0.1739337475378242,0.19623525923040303,4.6441488180292e-05,-3.141371771051495,-0.00011034117732328689
4.102346658706665,-1.030227224647923,2.2810001937944913,-9.217828870374383,-0.08375530989943501,-0.026908337866972443,-0.3843818132731376,-0.6110003862932666,0.173907765606755,0.19620366956634522,0.00010535505726879257,-3.141395849958544,-0.00017115599837821998
4.110280990600586,-1.014654085019009,2.5257247144658654,-9.210313374176824,-0.09169121753077757,-0.02694333216449148,-0.37792447431251824,-0.6109927726517315,0.17392192798824926,0.19617765951354532,5.920657269431678e-05,-3.1414156674811076,-0.00016193202189719255
4.11835789680481,-1.4574668755336748,2.4797476004055414,-9.26081107110759,-0.08724262501926318,-0.03338660056482902,-0.37494180516342185,-0.6109847492689559,0.17392669463999888,0.1961581451836312,5.413487008419469e-05,-3.1414210372191205,-8.345640762633432e-05
4.1262366771698,-1.1191979915573134,2.103150496450826,-9.314722957037569,-0.0807289966729278,-0.02398745317247781,-0.3807087357198591,-0.6109790216500824,0.17393011132407196,0.19618185068332797,2.2260287406527346e-05,-3.1413658350518663,-0.00013699550374484938
4.134210586547852,-1.3711065416033374,2.021665475670652,-9.377389679178181,-0.07748095349709747,-0.03572977400796077,-0.37376914419769075,-0.610995702329474,0.17394410502281737,0.19616549270165523,-2.453810084075152e-05,-3.1413431684281985,-0.0001836597816742448
4.144244432449341,-1.3908320617445944,1.8594486949338715,-9.51130345967741,-0.07204184412784458,-0.03338140108175912,-0.37957176393101805,-0.6109861641303919,0.17393152691834016,0.19614765880860655,3.623632127549347e-05,-3.14138017998161,-0.00018308427707375107
4.152149677276611,-1.2603280572276216,2.1325966224878554,-9.459863213732062,-0.07862960486786526,-0.030906386313037187,-0.37985433213001435,-0.6109865545834033,0.17390755152412526,0.19613600499470413,5.6670884103049394e-05,-3.141365982819571,-9.973198831135021e-05
4.16025447845459,-1.636173283052582,1.9064861638774655,-9.292676281772781,-0.07411885711541524,-0.038437201649324466,-0.373745152115238,-0.6110153215662582,0.1739263947923925,0.19611757164586607,6.159170069561228e-05,-3.1413419541052514,-0.0002069197081210086
4.168169975280762,-1.5293547697950443,2.3253895358105168,-9.302649964005257,-0.08311268785236713,-0.035672898621867406,-0.377423326517854,-0.6110047960903953,0.1739255668766483,0.19609982788119396,8.149429757137783e-05,-3.141320516867068,-0.00011586670418872226
4.176250457763672,-1.6505043743041568,2.069018906964385,-9.27255969821784,-0.07950517161416294,-0.04092154378271241,-0.37841244799394946,-0.6109840657077452,0.17395161642962348,0.19601840049657282,-6.094443606608395e-05,-3.1414104580547146,-7.644355739276114e-05
4.18419337272644,-1.4197986416742816,1.9781300270469377,-9.314770660474226,-0.07653578779300645,-0.03502431701677192,-0.37418826578351544,-0.6109967897483216,0.17392193588849156,0.19600725747099404,0.00010838707521789485,-3.14135091995335,-0.00010264918296583569
4.192435264587402,-1.4269041139574101,2.034480043286084,-9.251203762177353,-0.07757313041221574,-0.03353504280428362,-0.37606996359893785,-0.6109855151895165,0.1739403640697958,0.1959836203915517,4.749463850310722e-06,-3.141365843846706,-0.00014824655324369008
4.200455904006958,-1.5359984732654848,2.1392053497488352,-9.157846094859172,-0.08107923372407824,-0.03855075151411704,-0.3738801152216021,-0.6110065654132492,0.17393998058030374,0.19599716821455915,0.00011112470264460773,-3.141336697163643,-0.0002380061584962358
4.210309028625488,-1.4399639610421076,1.9965307387851468,-9.282608529448483,-0.07904381878177547,-0.0361948887055173,-0.3731351997959183,-0.6109755907933992,0.17393273926097672,0.1958947167369206,5.8485437646392474e-05,-3.1414764629886824,-0.00012041272131924711
4.218252420425415,-1.355284164204912,2.264657957127031,-9.447623778918175,-0.08502444764726126,-0.034604263384856344,-0.383938200333366,-0.6109977941885038,0.1739323011959892,0.19586710537134452,0.00010999848644839726,-3.14141508289605,-2.6241703726432428e-05
4.226144075393677,-1.199184740228396,2.154392149443032,-9.21208743522797,-0.0821340544805657,-0.030796784945695696,-0.3785854860947051,-0.6109969596560053,0.17395018138596607,0.19587171725324665,-5.384880215386903e-06,-3.1413587796520654,-0.00013043511489988006
4.234245538711548,-1.1250342087322522,2.1741512025484573,-9.26711241789668,-0.08084775419983041,-0.029736582801730138,-0.3758545352599046,-0.6109945079619615,0.1739343825735621,0.19581422248198127,5.8002326289144925e-05,-3.1414189987617265,-0.00011688759892043115
4.242254257202148,-1.5149983750087108,2.010144588553645,-9.386857840591746,-0.07697134852174696,-0.03575765636257776,-0.37415396694747577,-0.6109936870743611,0.17394596232107365,0.1957985888574148,7.291412113994563e-06,-3.141433816743376,-0.0001619759347882348
4.2502405643463135,-1.0223264586245628,2.2542847387761458,-9.201229289769714,-0.08251106112076285,-0.027671002730594866,-0.3764220574725159,-0.6109794429162205,0.17393306129122443,0.19572787684833332,2.7138206796739387e-06,-3.141494667076784,-8.152118434544896e-05
4.258297681808472,-1.8039846801541026,1.9012027516976102,-9.273347242854415,-0.07626105659242341,-0.04583245651982842,-0.36858507363367915,-0.6109914424558155,0.1738946367810053,0.19568475911480676,8.539310804504305e-05,-3.1415265305538846,-2.572282774501202e-05
4.266303777694702,-1.4709134495755345,2.0970718458433177,-9.3789969015396,-0.07764247516423677,-0.037142408732451684,-0.3785574160032606,-0.6109822963775554,0.17392422293113305,0.19570433950465738,7.408649089834549e-05,-3.1414431042041544,-9.495652361368948e-05
4.27428126335144,-1.50754555304614,2.0059481353978055,-9.590298219585243,-0.07728591059700178,-0.03536582258896277,-0.3742040148655466,-0.6109708726122909,0.17394766116019225,0.19565406536728855,-1.504016080211905e-05,-3.1415351142399746,-8.153779143366912e-05
4.282341957092285,-1.4276412249623016,1.9108100805704578,-9.362929946410835,-0.07545161200080214,-0.03113222534495851,-0.3746669451520111,-0.6110036169680939,0.17391314951264542,0.19569508413857772,8.996386472536006e-05,-3.1413706677609166,-0.00018365237145852837
4.290288209915161,-1.5103417412150644,2.127598881576289,-9.228767558085945,-0.0784080099404079,-0.038008767285572745,-0.36990368487761915,-0.610995047501477,0.1739061381382092,0.19563002796376674,0.00012631663261382638,-3.141431005855085,-7.420382668928819e-05
4.298323154449463,-1.3456684283789808,2.200514547921565,-9.547913552371625,-0.08507316686343477,-0.034807441199660984,-0.3713326726992965,-0.6109998599840086,0.17392561917619184,0.19561611804990434,4.460314971710918e-05,-3.1413761491908003,-7.542315893852193e-05
4.306322813034058,-1.34908214116156,2.266958208972461,-9.42838500284021,-0.08380414032557171,-0.034396861350516915,-0.3763294117841507,-0.6109998951096675,0.1739367634082217,0.1955847247425455,3.230668563140779e-05,-3.1413925100425253,-0.00010545001998417554
4.314450263977051,-1.1605721353488414,1.8427035286870372,-9.398813295530625,-0.07414518663250204,-0.030773631253939244,-0.3813132444877468,-0.6110056849974519,0.1739339194491024,0.1955746780354759,8.369794110505538e-05,-3.1413830244087015,-0.00020036075795470593
4.322486162185669,-1.2866361608571832,2.2014401826469983,-9.353311602557177,-0.08103264515860661,-0.031705998541403324,-0.3767021222902657,-0.6110023069755798,0.17392187407965354,0.1955420173973219,9.055659750401223e-05,-3.14142192330915,-0.00013881984524645547
4.330221891403198,-0.7950780305455725,2.3996907214496717,-9.274041808285654,-0.08897098731934568,-0.019531961401415585,-0.3807812301763243,-0.6109797583492018,0.17394072623470638,0.19553890081227854,1.9519113470128347e-05,-3.1413793018669036,-0.00020251692091819218
4.340404987335205,-1.5886491249726822,2.0535677828313057,-9.283091806719943,-0.07721519780626979,-0.03801743920734798,-0.3764330971812994,-0.6110086531198807,0.17392884412809645,0.19548955573464455,4.514384275118266e-05,-3.141398331889274,-0.00012116384977214767
4.348268270492554,-1.533920179931115,2.1612538004916972,-9.251654959757484,-0.07957857545530636,-0.036254679216947666,-0.3766033136790631,-0.6109849389748919,0.17393985882650895,0.1954484270878714,9.679947186291057e-05,-3.1414323713239614,-0.00014964958625529435
4.356356382369995,-1.5278963723425407,2.171614711227644,-9.357626262371314,-0.0785674362735414,-0.039775357825639485,-0.36951422891364966,-0.6110052996090323,0.1739272212962606,0.19546179970713626,0.0001256760117852998,-3.1413536462446072,-0.00017872896200510547
4.364264488220215,-1.2701873100227048,2.2780230221235525,-9.23684366341851,-0.08405251792378356,-0.031987863359622705,-0.37522726917034027,-0.6110086665236935,0.17393558078128052,0.19543745899227438,-9.98314616877972e-06,-3.141320840712649,-0.00016232882745347018
4.372289180755615,-1.2416205220135164,2.0562355347473558,-9.382792975300337,-0.07975158437727796,-0.03261558044937589,-0.37972874212421687,-0.611012602766034,0.17394722352585393,0.19541399640477786,3.589930792394139e-05,-3.14134567768015,-0.0002075532528302006
4.380215167999268,-1.4218367004665915,2.0228089054925364,-9.242534225841574,-0.0762178816207349,-0.03582351729497476,-0.3778774550195499,-0.6109897844580298,0.17390738317997975,0.1953115437054455,0.00014527197180177806,-3.1415236839162444,-3.5501555789645736e-05
4.388350009918213,-1.5042416730546946,2.278258027685113,-9.296620618033447,-0.08364086239997758,-0.036159663782845346,-0.38101979131602065,-0.6109934563398041,0.17393062845427756,0.19531660764563458,4.4158909877446674e-05,-3.1413670033198176,-9.152169457985604e-05
4.39630913734436,-1.2106843702740555,2.031994881319553,-9.337180143957486,-0.07569944606804202,-0.030550359371785654,-0.37258600998752794,-0.6109701565202271,0.1739500121719168,0.19526538232586846,-2.7771840669810514e-05,-3.1414906479266786,-0.00011948586999264116
4.4041712284088135,-1.3874253822993907,2.112328686344139,-9.355320839661045,-0.07747567515961831,-0.034846148801751006,-0.37818624692371167,-0.610998511759919,0.173949999729191,0.19530859985489943,5.041538726430006e-05,-3.141352815072734,-0.0001337348556018231
4.412221193313599,-1.6598538216034884,1.9341318449481415,-9.388712655704202,-0.07422362717974353,-0.04057875263690169,-0.36800071893217373,-0.611010952891113,0.17393842714617674,0.1952642949407271,8.26745346078003e-05,-3.1413593912475557,-0.00020724461291130058
4.420264482498169,-1.3658343544283496,2.1705260186201683,-9.262577932538928,-0.08346171485427514,-0.030815133726266986,-0.373435311491896,-0.6110009948918481,0.17395467265576003,0.19522829575429262,2.544910673944807e-05,-3.1413871515466383,-0.00021242878787530346
4.428145885467529,-1.5166678907780615,2.2561925744727414,-9.369986588899803,-0.0869139472008067,-0.03593097091504666,-0.37689819487399745,-0.610999877790647,0.17391574299733234,0.19519811461675798,0.0001234765609371957,-3.141377002383537,-0.00016258429914721274
4.4362123012542725,-1.397651096898317,2.3337200824381577,-9.446265908868511,-0.08491917173675773,-0.0332922731182974,-0.37568095321335643,-0.6109924587629291,0.17393293243241295,0.1951423018023561,5.2039920966819484e-05,-3.1414164825600754,-9.855679410144187e-05
4.44434380531311,-1.2341129290420267,2.2047099281738887,-9.27483671313407,-0.08285247165155168,-0.031136627928967136,-0.3759043438138398,-0.6109977078311479,0.17393542176478144,0.19515354779322835,0.00010336345202489724,-3.1413789346509895,-0.00021024391384547478
4.452347278594971,-1.2110186736507573,2.1544678398026993,-9.179223196573925,-0.08216233450937643,-0.030352906726985582,-0.37976459275465485,-0.6109882675376631,0.17393823249394996,0.195118359688078,6.6252404336696e-05,-3.1414099311749815,-0.00017632513240770718
4.460249423980713,-1.4424305068569647,2.1893889302265963,-9.284266382625532,-0.08162807087782892,-0.033713253297092106,-0.3721026627425833,-0.6109856748200407,0.17395354699429305,0.195080070673909,-1.0845999329609766e-05,-3.141386508705728,-0.0001375167693657699
4.468250274658203,-1.1393209588972033,2.3067589262949193,-9.313084473384443,-0.08497251887831711,-0.026273880030846894,-0.3766925594879737,-0.611008755637348,0.1739233661823376,0.19509607530172574,0.00011874542092029939,-3.1413605623119434,-0.00022456755112855193
4.476224422454834,-1.2765134050707059,2.090650727954768,-9.350441895203291,-0.08103848595442736,-0.029768049983710722,-0.3777197728632593,-0.6110056245363898,0.17395130335426395,0.19504603957725392,5.5857516619477264e-05,-3.1413591297716175,-0.00019623202758289312
4.484337568283081,-1.1346046703722366,2.095350281731799,-9.32689171038652,-0.07986525082324014,-0.030987032131610685,-0.3768878025030305,-0.6110013610989414,0.17394788843253864,0.1950382855483866,0.0001118902485430258,-3.141328899243697,-0.00023624061495585954
4.492410659790039,-0.9736969267795689,2.126660755253775,-9.367460705165076,-0.07946237483849433,-0.024506838910761528,-0.3782184961159238,-0.6110141240628165,0.1739359351135191,0.1949876833011186,9.402123141069932e-05,-3.141381468978308,-0.00017686872516589603
4.500474691390991,-1.3056764582649572,1.8395220937272927,-9.35678047153121,-0.07530306687875979,-0.033473163062649934,-0.379575195916682,-0.6109933429570475,0.17394021748281308,0.1949600034180412,0.00010059164429935157,-3.141386530040321,-0.00013557752614990967
4.508439540863037,-1.5123218235964546,2.0322174997228935,-9.25952041664091,-0.07722961006769549,-0.03996889441197564,-0.3762025555712467,-0.6110061186260753,0.17394193736081542,0.19496388565830747,5.093962500937976e-05,-3.141328484509795,-0.000204918736525193
4.516301870346069,-1.2080933751948362,2.1468943702727583,-9.218339509409926,-0.07989907050808522,-0.031206453081753564,-0.3783271662190195,-0.6110075417945027,0.17395780873449299,0.1949416958148932,2.5944175635830953e-05,-3.14132890738449,-0.00026353253192447725
4.524341344833374,-1.2530494479868637,2.2701818996679477,-9.194519348005517,-0.08454618306988604,-0.030076274458155524,-0.37978549677003587,-0.6110073869600575,0.17393443128631,0.19490155278476914,7.711213736178379e-05,-3.1413452668524116,-0.00011046512035427637
4.5324928760528564,-1.555496650118222,2.1680667381415595,-9.239196448471205,-0.08059551269568432,-0.03755185136411868,-0.3817997064272062,-0.6109891019078669,0.17393268170478993,0.19486908694548835,0.00010293169625060554,-3.1413998026101235,-0.0001441817774190094
4.540292978286743,-1.5434792513150488,2.2742848233513633,-9.343100778442485,-0.0829117036002854,-0.03485459958806695,-0.37927954251307,-0.6109958200276128,0.17393352644254076,0.19484336361365157,9.657281631485714e-05,-3.141389797498328,-0.00010980127022884814
4.548236131668091,-1.470966823729211,1.9517026651120764,-9.3179789819696,-0.07373280365867982,-0.03754748537277276,-0.3753517754822478,-0.6109887595548847,0.17394115476757704,0.1948291229964383,0.00010165385511214738,-3.141384651310294,-0.00019415569868654026
4.5563435554504395,-1.1918758653818156,2.454783708310796,-9.415872979182469,-0.09047376801539496,-0.032577137567539015,-0.3810660337094107,-0.6109901619518303,0.17391183601396987,0.1947988529102585,9.820749466046128e-05,-3.1414098663675945,-0.00016509886551604
4.564202308654785,-1.2958799609145661,2.105845107204008,-9.26946620061059,-0.08109412845959627,-0.033061008588793774,-0.3751226528583792,-0.6109966916499584,0.17395571226747358,0.1948040944397143,1.9389819970454888e-05,-3.1413341022914953,-0.0002204263930063821
4.572286605834961,-1.4138651210325721,2.240538733993284,-9.467805441392617,-0.08218069789391441,-0.035836741240133904,-0.3799274493796899,-0.6110005464435239,0.17393511501651981,0.19478520201139646,6.593095333801845e-05,-3.1413489150163976,-0.0001790698503029328
4.580248594284058,-1.231315952937835,2.134371174120103,-9.360047919175418,-0.07963438693258894,-0.031458069524685654,-0.37530157697953037,-0.6109950734715982,0.17392150074666446,0.19473265607796103,0.00011079179847218624,-3.141390749635698,-0.00019344966157950927
4.588370323181152,-1.2327329137063772,2.1002317229586227,-9.353070153104776,-0.0803012253035957,-0.030134225944070624,-0.378415391361338,-0.6110096951699797,0.17394153466210427,0.19476145366643544,7.367428058804602e-05,-3.141285572223156,-0.00020999410828491445
4.59623122215271,-1.0904074031218132,2.0761176444967067,-9.327883302151099,-0.07988836529913304,-0.02529000229480755,-0.3807180716694764,-0.6109902618206223,0.17392779127350477,0.19468936587173807,4.831780635588854e-05,-3.141394342336634,-6.616366716274669e-05
4.604191780090332,-1.2180346157413193,2.5340002293069803,-9.406270177691459,-0.09097366352303711,-0.0315723228669598,-0.3799485553359388,-0.6109993570581672,0.17394312451889074,0.19470508935678066,7.899050143224043e-05,-3.141313281133493,-0.00019958766397221777
4.612379789352417,-1.2442653211451824,2.363171366659245,-9.289234814949642,-0.08447173964629526,-0.03007208169173646,-0.37728188479334,-0.610989310754923,0.17393494437453141,0.19468429018818934,0.00013951259275225188,-3.1413186824407573,-0.00025216329295392606
4.620269536972046,-1.3475346460110438,2.052128596334129,-9.290965969539721,-0.07811044204916598,-0.031265799517646346,-0.3826814621046806,-0.6109975661506862,0.1739292955880268,0.19464688859198953,6.205537369405277e-05,-3.141315487128902,-0.0001814807543245289
4.628233432769775,-1.5219968377178767,2.2128100762086236,-9.474985572976799,-0.08422418265111489,-0.037572253461912036,-0.37151594938498206,-0.6109989313059236,0.1739370880236958,0.1946490882175173,7.543147797630436e-05,-3.1413127414230724,-0.00016268545842789661
4.636412858963013,-1.1881383325563313,2.2559562917443063,-9.264002481380734,-0.08468431639665665,-0.031517822347480406,-0.38333702418356064,-0.6110020362911223,0.17395034394379577,0.1946326802806918,1.1553738081151233e-05,-3.1412969967199866,-0.00022713564892195415
4.644437789916992,-1.260293799523153,2.4231076904601543,-9.37882619643277,-0.08719051121288392,-0.02974700789625131,-0.3799953081514706,-0.611003315979724,0.1739270037294705,0.19455531193619674,0.0001270288187807541,-3.141390060333108,-8.290667790077342e-05
4.652268648147583,-1.2112666554151252,2.22313753633203,-9.472232803466833,-0.08312241442941623,-0.028381543114111115,-0.37699247453711593,-0.6110066302439126,0.17395135814184406,0.19459860678778976,5.0550973645186165e-05,-3.1412604594609057,-0.00018320119789904982
4.660407066345215,-1.1574651127057851,2.2095212104191164,-9.383477450793968,-0.0828297597528106,-0.03005854829703627,-0.37424174465804894,-0.6109995560355207,0.17393735802162386,0.19456442963218484,7.689766908539408e-05,-3.141325829017915,-0.00020041981375005073
4.668435096740723,-1.3902605493781965,2.0823676933396715,-9.31861284654256,-0.07925244590761185,-0.03491855457369769,-0.3775319791883585,-0.6109959855863102,0.17391455065216543,0.19455048535724495,0.00011692974565946936,-3.14133646114595,-0.00022764740303673927
4.676340579986572,-1.2962701129034264,2.07358254335249,-9.408137997782013,-0.07929891650774351,-0.03201124523893161,-0.37713315979657197,-0.6110054953492177,0.17394062154433035,0.1945274794968762,7.20917891411935e-05,-3.141347533534033,-0.00023190945608458447
4.684412479400635,-1.1134746565095015,2.0730890860630926,-9.32363023002274,-0.07758817000432461,-0.027607410503948653,-0.37476960719739366,-0.6109826924177696,0.17392364776643515,0.19448982930249978,7.771031492345259e-05,-3.1413737145912224,-8.740937453494963e-05
4.692384719848633,-1.353144400153921,2.2130964624143035,-9.380982655965514,-0.08003882028871269,-0.030080926945344685,-0.3738363094494835,-0.61100692400939,0.1739194906350688,0.19446860251624287,0.00014770462116628236,-3.141362480746282,-0.00013981931715023317
4.700639009475708,-1.0442420052143344,2.2383822212170172,-9.471971139761848,-0.08071326463490577,-0.02569677200335747,-0.37862996284271316,-0.6109849812859057,0.17393282576874144,0.1944280949334806,7.078143051708343e-05,-3.1414286570117396,-0.00011471055275464577
4.708299875259399,-1.4406346371488388,2.008794811550249,-9.652320918051867,-0.08077310179953193,-0.033746017025936347,-0.381918700464548,-0.6109867727669076,0.1739359100473289,0.19446184701732747,7.15678113561066e-05,-3.1413920661307366,-0.00023185204744958655
4.716209650039673,-1.716966246160672,1.7802662313488908,-9.516482147742515,-0.07124945034775579,-0.04029138022681254,-0.3741358546972819,-0.6109821098807673,0.17396447311044078,0.19441818741696787,-2.4448749665717152e-05,-3.141390288644388,-0.00017341420916811993
4.7244720458984375,-1.244945232482662,2.1565930062987047,-9.454762847465403,-0.081566040814767,-0.030464285177792157,-0.3733925944817317,-0.610995074152547,0.1739414325101814,0.19443526225993496,6.531523740379934e-05,-3.1413018859624784,-0.00022563775174104926
4.7322633266448975,-1.0422132281969736,2.347725513574568,-9.497975831327919,-0.08811335025921739,-0.025393479332696194,-0.37956619976331646,-0.610989848747204,0.1739317478296929,0.19439279896267408,9.845886298552599e-05,-3.141354850881712,-0.0001734630405601064
4.740311622619629,-1.1553803630229749,1.9044877734854084,-9.313441660017125,-0.07470657779755499,-0.03036726457506221,-0.38057916750818016,-0.6110042567794366,0.1739417241957322,0.19440295045390968,4.78039599297217e-05,-3.1413076064883576,-0.0002492755515674757
4.748302936553955,-1.477556856681637,1.9319136272507005,-9.400406453376512,-0.074988084935235,-0.037332070405032426,-0.37291684613120835,-0.6110010284540018,0.1739154325203544,0.19437813028249856,0.0001388206786271843,-3.1413179286944324,-0.00021902954891433608
4.756242752075195,-1.3358604740300801,2.1746970664399052,-9.318434837814605,-0.08179913714877443,-0.03425446452663761,-0.3849822877749457,-0.6110108275392511,0.17395478557361232,0.19438764624486188,8.025195227158137e-05,-3.141293364865995,-0.00023217031169004592
4.76421332359314,-1.248190680585,2.268582038728929,-9.35595826565604,-0.08445602755514885,-0.02972932501205462,-0.37627919725203657,-0.6109947113116431,0.17391348838071402,0.19433902135344383,0.00013196969254006296,-3.1413234597686563,-0.00018494748971927227
4.772319793701172,-1.2423583711360462,2.186638889486215,-9.395470068440435,-0.08126823869919886,-0.028409605369074765,-0.37729121138821337,-0.611010468912533,0.17392603511982596,0.19435240394683556,8.042796393075303e-05,-3.1412867594015674,-0.00028090425162301323
4.78036093711853,-1.0258235545821142,1.9028243011583743,-9.346759558996899,-0.07303599148762857,-0.02764262480251536,-0.38558773466363744,-0.6109867197254494,0.1739366430006795,0.19431128749768795,4.412685190093432e-05,-3.141309136961229,-0.00013791504678376304
4.788333177566528,-1.022402834771759,2.2760514209220997,-9.451424237305277,-0.08235655850380905,-0.028408461385984407,-0.3773703783049659,-0.6109935058803982,0.17393183932498044,0.19429762643093507,0.00018583483292344157,-3.141330866346547,-0.00021461386452254893
4.796203851699829,-0.943645784546463,2.259382040037419,-9.462040996124456,-0.0834669554782371,-0.02493654522958498,-0.38019214669864027,-0.6109853767685777,0.17394062570575355,0.19427074980358422,7.445262357922222e-05,-3.1413429212585298,-0.00013134907811570548
4.804225206375122,-1.0944563781659895,2.5082883121862998,-9.340953047964527,-0.08935026732443749,-0.026377116949766004,-0.37913207150507366,-0.6109867019938338,0.1739276426161363,0.1942629784282418,1.932375486007845e-05,-3.1413464603238332,-0.00019341151051664908
4.812267303466797,-1.464530182490038,2.4252179203826896,-9.255032913889002,-0.08803344360203767,-0.0356270894095539,-0.38165036448923134,-0.6109982552512414,0.17396107736061306,0.19425584095420234,4.158264154517994e-05,-3.1413448523270144,-0.00015854859622770504
4.820385932922363,-1.3156101718693296,1.8046486071478656,-9.132448721259681,-0.07413447921534229,-0.03169366816280419,-0.3784836234604549,-0.610986340430595,0.17394322330458273,0.194257898813787,6.354864216608698e-05,-3.1413512316200194,-0.0002106182192031721
4.830280780792236,-1.3931999410773768,2.2638779351577,-9.354119816469437,-0.08465082070336916,-0.03513126941840552,-0.37743652706371134,-0.6109858525932774,0.17392851439635554,0.19422296559915692,0.0001337662771928013,-3.1413404864225862,-0.00012491252049100338
4.8383097648620605,-0.9959837771401724,2.124124556249536,-9.256029251610302,-0.0780246333858095,-0.025845592589874785,-0.3874609626068176,-0.6110080317740786,0.1739136822945792,0.19422497692534807,0.00015616555137819507,-3.141283179457959,-0.00026644596892644236
4.848259687423706,-1.4429137283831215,2.102252228710483,-9.361444460208272,-0.08073519547860593,-0.03508817080538813,-0.37837094521072334,-0.6109819241985818,0.17394809198449343,0.19418724448444735,6.383024392096743e-05,-3.1413682455519942,-0.0001742046034349958
4.856276512145996,-1.2735174035954273,2.138503740751147,-9.41872525518097,-0.08063358584026872,-0.03146769689354711,-0.3743432066467784,-0.6110086007160554,0.17393253379841656,0.19414259002019257,8.918638785597783e-05,-3.141364197900524,-0.00020588011335265398
4.868359327316284,-1.4260216416596374,2.1240376404154953,-9.381745423760826,-0.07911822706698306,-0.0365611396531744,-0.3768701966118024,-0.6109809226783512,0.17393635965202425,0.19412041469037172,4.0162487529774126e-05,-3.141376248352714,-0.00013003012459580202
4.876355886459351,-1.3535652156016862,2.428669126717557,-9.314608067455696,-0.0861442708368428,-0.032048926811300955,-0.37522401025404833,-0.6109865048193439,0.17390880329767788,0.19406628803000112,9.182626621632763e-05,-3.1414112396216503,-0.00016535826573177445
4.884199142456055,-1.4212093468257796,2.1736710005310944,-9.358198975348616,-0.08047601864861395,-0.0353838920891452,-0.3785770762023244,-0.610983436822987,0.17391191469295525,0.19405612042553239,0.00010023135921567822,-3.141351257844666,-0.0002070856586022589
4.892336368560791,-1.2163781072405937,2.428628329468571,-9.375784539823155,-0.08565280758113837,-0.029532116171026107,-0.37883866898928037,-0.61099755129483,0.17392061537507414,0.19402441793706782,8.699557241831474e-05,-3.1413542696156433,-0.00017553341918074902
4.900307893753052,-1.435603447749792,2.115256199568014,-9.421376121719268,-0.08070773238256249,-0.03351027378182188,-0.3757539837614444,-0.6109993341385908,0.17392485033792177,0.19398135222976332,5.379656847104934e-05,-3.141372611566446,-0.000159713870650621
4.908246040344238,-1.7317199727429182,2.270355424766771,-9.4153552914357,-0.08538611061123583,-0.040859778450842585,-0.3679905469243765,-0.6109798609716538,0.1739272590787779,0.19395695846243122,8.70637214542529e-05,-3.1414066212329046,-0.00015381918874971597
4.916388988494873,-1.2521322400971393,2.00920397852477,-9.29327699466479,-0.07606400493440564,-0.03276348380320929,-0.37768210205444397,-0.6109977604674615,0.17389787452012653,0.1939347618771542,0.00016007601341643603,-3.141396163446475,-0.00014697592929240047
4.924372911453247,-1.3785059577173262,2.1895687564689825,-9.355234983055045,-0.07889445454598411,-0.03633222429497233,-0.3742844266444406,-0.6109893617737072,0.17395148282364606,0.19388027961517512,-2.7589122927147187e-05,-3.141430595461438,-6.61190513162402e-05
4.9323906898498535,-1.2661581862092088,2.3125637865497937,-9.354612965246886,-0.08435518913453087,-0.03254352207036136,-0.3730980349953648,-0.6110008500337859,0.17393609295190557,0.19389681949428894,9.533988525051404e-05,-3.14134685991144,-0.0002160551937550499
4.9402971267700195,-1.3885667343205688,2.190298168195042,-9.481200767274661,-0.08129900594062195,-0.03212898663701805,-0.3782008782179444,-0.6109973712006744,0.17392950141710564,0.19381990977285635,8.954141628275263e-05,-3.14144428903725,-0.00011307878248158723
4.948251008987427,-1.2934993931268914,2.0308645183156018,-9.436930527806618,-0.07579706686964398,-0.03286409121034857,-0.3732655585928739,-0.6109961445124662,0.17394468330828242,0.19381590817243438,6.41720808713085e-05,-3.141371245735473,-0.00014461906762091878
4.956353664398193,-1.3754830235305116,2.127412456143048,-9.506733952650706,-0.08041203369136846,-0.03489930832844533,-0.3790496790845168,-0.6109964794198703,0.1739488511551738,0.19380480047411536,0.0001019354878818064,-3.141373552307949,-0.00020603101178797334
4.96432089805603,-1.3205895716549239,2.0679382944410123,-9.509201697705468,-0.0803099095622784,-0.030028710404316025,-0.37525540512312744,-0.6110059601805458,0.17393308469153282,0.19377792416425269,0.00019191156455447106,-3.141385819980271,-0.0001320476052597581
4.972248554229736,-1.1995470164874957,1.773416647489672,-9.481951519339031,-0.07287234569854531,-0.02922317968755363,-0.3810761916753957,-0.6109754179851353,0.1739372937673548,0.19369925327894555,5.767998262068477e-05,-3.141484288461711,-5.661606164317283e-05
4.980323791503906,-0.9575087393949709,2.050985125780562,-9.282257276739598,-0.07973946763208281,-0.022209826659870754,-0.3829301743734179,-0.6110048547921882,0.17392848046899087,0.19374264641464062,0.00011243559993770917,-3.141314151773685,-0.00014660926665076117
4.988306522369385,-1.2352614935741524,2.3076702384465353,-9.398166901978547,-0.08459121157905547,-0.03012501497525679,-0.3828252495472677,-0.6109972306353552,0.1739195895135088,0.19368276831751968,0.00016180619950549114,-3.1413562853202714,-0.00011575773903655057
4.996351718902588,-1.0065534554115245,1.935767059797554,-9.360004308502994,-0.07422466925225667,-0.02519062833451837,-0.37171452354079715,-0.610993024156123,0.1739541147707395,0.19366488496806594,-5.902050924565721e-06,-3.141407528859336,-0.0002399398222350909
5.004269123077393,-0.8339362743193127,2.256467219994111,-9.248332756016625,-0.08613530508076103,-0.02268227140634049,-0.3807083217214118,-0.6109930921257868,0.17397591920009267,0.19364795545181612,6.589489805557864e-05,-3.141378366660199,-0.0002909389578782658
5.012314796447754,-0.8539066523202847,2.465277998112996,-9.320932287938334,-0.08572745004868351,-0.020684945841225672,-0.37217734308686085,-0.6109962827183015,0.173950909631158,0.19366050059047507,9.314441659450544e-05,-3.141329655554521,-0.00028137739113799317
5.020341396331787,-1.2410081981202323,2.186713210692036,-9.340944272402798,-0.08064540221928689,-0.02965855562097267,-0.3758119551152252,-0.6109929297166247,0.1739402064472547,0.1936006752586807,0.00010000340167517959,-3.141432858952875,-0.00028222460118113837
5.028258562088013,-1.2996177251779066,2.1793021998327795,-9.210562101246113,-0.07886199689046633,-0.03560876654235801,-0.3796817709746589,-0.61098283670077,0.1739370367013642,0.1935662520195993,0.00011942646147130615,-3.1414242735733477,-0.00023020159059942318
5.036249876022339,-1.2839562357069958,2.0444545146774376,-9.33545645937826,-0.07760612015292817,-0.030838561877358693,-0.3733762948560843,-0.611008233786781,0.1739540492268218,0.19358876821688528,7.126801514225187e-05,-3.1413317563946843,-0.0003784874851185763
5.0444111824035645,-1.2432365137768588,2.276139602473531,-9.559165225974533,-0.08315620844484455,-0.03006299157061107,-0.3749098244265626,-0.6109919618077065,0.17394776371233955,0.1935486405652271,6.933125186704346e-05,-3.1413884907972562,-0.00035356856831626055
5.052287340164185,-1.3895708720950422,2.100432547345774,-9.270172832371552,-0.08256770224325721,-0.030089084198219564,-0.3781396250455762,-0.611012963594793,0.17394872517500315,0.1935393556124332,8.336095275658862e-05,-3.1413209505983204,-0.00034432445171686033
5.060173273086548,-1.029533327380828,2.0968759942898556,-9.483935973818397,-0.07855749695136961,-0.020708757540527915,-0.37791375457393617,-0.6109855019577071,0.17393106107453254,0.1934939126081564,7.00923304641982e-05,-3.1413833427569986,-0.00019765228111560642
5.06844425201416,-1.1749360876986654,2.185306532976928,-9.444933330058095,-0.08002689070405809,-0.029233700076364444,-0.3785442631654536,-0.6109880353498813,0.17393164410168713,0.1934698438893897,8.400441547992518e-05,-3.1413880200080335,-0.00022982089678276005
5.076396942138672,-1.181748320101705,2.2797468581180675,-9.40533429668306,-0.08282042587661079,-0.02998808844385208,-0.3856944380775211,-0.6110082179244457,0.17393295762060143,0.1934624105350678,0.00014120032912405244,-3.141362814629527,-0.00028719322579837553
5.08422327041626,-1.1730505244034974,2.109737449281923,-9.265999481578582,-0.07900711337965466,-0.03111321107260589,-0.3807552498248151,-0.6109977745243548,0.17394630629103813,0.19343415525646934,8.487331302602882e-05,-3.1413480625360823,-0.0002336609913541358
5.092439651489258,-0.9346093595270629,2.2562306808776587,-9.457845026099129,-0.08326012634154398,-0.021752459905631672,-0.37610227127113566,-0.6110018836733423,0.17394299478626835,0.19343217457586065,8.382705307563588e-05,-3.141330250043527,-0.00034231226136791304
5.102330207824707,-1.3336781328729432,2.147750935227188,-9.405468141324404,-0.07845415248089829,-0.034752844030733754,-0.36898090376828313,-0.6109964796466919,0.1739417596047444,0.1933800410831573,7.199292143393764e-05,-3.141395819461854,-0.00026606336353144033
5.1103432178497314,-1.2244390811007364,2.169908878731852,-9.27853302693209,-0.08026500987587767,-0.029214785299591907,-0.37596325041238066,-0.6110013539665962,0.1739500573205946,0.19337614493383243,4.663760790388518e-05,-3.1413323293067426,-0.0003625381857602902
5.118361473083496,-0.9603460169736409,2.165458237963696,-9.367904495893644,-0.08165055996031513,-0.022829099741664822,-0.3794380039828475,-0.6110003849991471,0.17393932622331423,0.19334418821491203,9.850381402961631e-05,-3.1413539713706693,-0.00027892109910331405
5.1264801025390625,-1.1311485838311466,2.22989529687225,-9.392685729834604,-0.0870884896868187,-0.02777007564787331,-0.38241956025232093,-0.6109926302229909,0.17392062292036942,0.19330161226397302,0.00014573867627886512,-3.1413546338043683,-0.000235169600760739
5.134235143661499,-1.4210852857924352,2.033105400781067,-9.373167781688801,-0.07980781726403958,-0.036385778211718206,-0.3724376141934363,-0.6109905193327824,0.17391144900389854,0.19327380003362055,0.00014352543552128007,-3.1413770411386563,-0.00012134838281427902
5.142333984375,-0.874807064623269,2.3962163879195977,-9.299077263109515,-0.0858679093464053,-0.022035819731574927,-0.380820704361513,-0.6109929565790913,0.17391428190787042,0.1932630389722696,0.00013297272632531706,-3.1413702542678448,-0.000300306639454131
5.150562524795532,-1.3340735164645776,2.3186533913680925,-9.373932847613306,-0.08488340731865114,-0.03277816181132386,-0.38116292279849817,-0.6110040931830909,0.17392810689396987,0.19322381015551005,0.00010105821393067727,-3.1413482197106135,-0.00013104503409327743
5.158203601837158,-1.348144518066559,2.265440151116967,-9.405955406354254,-0.08323758504047205,-0.03069538756345301,-0.3779586437341432,-0.6110003947752518,0.17391114269633598,0.19316143767103292,0.00013420509285514667,-3.1413768740960046,-0.0001366890524488906
5.166203022003174,-1.4120330202337525,2.003090380296604,-9.548558256266688,-0.07784339082177487,-0.03406269467770385,-0.3780321785045701,-0.6109868220579515,0.17392445676941162,0.19312520151256923,0.00012184138612843738,-3.141411026065437,-0.00011537193593323055
5.17429256439209,-1.3996181355654798,2.1676896265143473,-9.445981200094076,-0.08113480705766954,-0.03386955680010652,-0.37548164447028626,-0.6109957841091951,0.17395106699702784,0.1931419956081296,0.00010699641418871028,-3.141342729853113,-9.86762678903777e-05
5.182256460189819,-0.9567924773863237,2.2449259878875503,-9.428544720011429,-0.08236778774657104,-0.02433142104445042,-0.3740085630472549,-0.610993238450328,0.17393800170959517,0.19313414205825516,6.291325382069363e-05,-3.1413088904470188,-0.00021356089793706656
5.190279722213745,-1.0314636697718829,1.951837397362881,-9.451373985424148,-0.07649571717729117,-0.02492949545792919,-0.38396262257552194,-0.6110143342820517,0.17392122438794713,0.19308558523386757,0.00017928369683462098,-3.1413335585751767,-0.0001638363951579928
5.198360919952393,-0.9600686265740006,2.111263536237467,-9.403531707986824,-0.0783418710386861,-0.024161462894623197,-0.37966306213879053,-0.6110012065982863,0.17392080835828103,0.19303983868506333,7.676910669549293e-05,-3.141400140938686,-7.996803150437016e-05
5.206338405609131,-1.2643853797520446,1.9997943968687475,-9.421432371543808,-0.07800919573623218,-0.03276958501877824,-0.3760920500037639,-0.6109929549895795,0.17392962870859163,0.19302199326717231,8.500697765062778e-05,-3.1413871841981313,-0.0001681612449824553
5.214212656021118,-1.1005711758364063,2.054331400136944,-9.311844445717746,-0.07870315545414205,-0.02776310454157544,-0.38398275031906215,-0.6110000083842962,0.1739179089603248,0.1929847979298006,0.00011851965812426095,-3.141379228553356,-0.00011661600627814772
5.222368955612183,-1.2577393274384931,1.9330154154485515,-9.220737414738524,-0.07947501100687537,-0.03275959581684811,-0.37635141641517145,-0.6110003128437346,0.17394856768312233,0.19301753653209602,6.468843352044424e-05,-3.141317840002162,-0.00018323299685750076
5.23036527633667,-1.02553616876044,2.1862800241147995,-9.15314223561741,-0.08018948647824835,-0.02752346634563761,-0.3844690647731757,-0.6110070698141674,0.1739162370350207,0.1929534513752315,0.00018368794440866716,-3.141347911294217,-0.00010566879474519495
5.238412141799927,-1.5559774520910015,2.0428081192171272,-9.39764956661165,-0.07746525860032659,-0.03903382867629699,-0.37588445101392665,-0.6109929392875784,0.17392592548892763,0.1929082866760639,5.983771683303185e-05,-3.141341264309863,-0.00018895281723371084
5.246368646621704,-0.9201912539246964,2.251185993164496,-9.42345276514872,-0.082472296025293,-0.020482999513713143,-0.37754728974828,-0.6110065232450185,0.17393566941105465,0.1929309950788986,0.00011285123051675604,-3.14130509841782,-0.00022112884978924428
5.254217624664307,-1.2667497473842935,2.1547236361133923,-9.384016943453828,-0.08071865808151614,-0.0314184621281956,-0.3821007524147139,-0.6110052207004675,0.1739598650152393,0.19288597487786907,8.057296959635899e-05,-3.1413154516385684,-0.0002407000609586027
5.262435436248779,-1.3920244605895344,2.1199952743996513,-9.441448970551042,-0.07650470286164,-0.03248487886693405,-0.385968996485864,-0.611004481757631,0.17394878361586968,0.19285980018275228,3.6526247564464936e-05,-3.1413394875333034,-0.00018988100453632578
5.270161151885986,-1.258372233852727,2.0064417822215046,-9.447490815564764,-0.07968538934619648,-0.030562204541831832,-0.3762607778861661,-0.6110010892396146,0.17393415554609198,0.19281224039200354,0.0001207813792841099,-3.1413813774322463,-0.00013323546660361804
5.278299808502197,-1.2294088034480029,1.9091268868680384,-9.460686047840946,-0.07690820554859681,-0.03039453437032551,-0.38242301908397475,-0.6110040613107638,0.17389395507435207,0.19281578003182553,0.000179077177157461,-3.141348744392076,-0.000232884256345949
5.286288261413574,-1.0664006888715838,2.156076013234,-9.29510229146708,-0.0806017318031735,-0.026677069088829,-0.37968516921320666,-0.6109963180054626,0.17394652461290605,0.19281806352286615,8.960806294973473e-05,-3.1413012611040814,-0.0002570365828722917
5.294451475143433,-1.1147146683890372,2.156275971348593,-9.224777509677015,-0.08119588252466794,-0.027678371737964856,-0.38736302174560133,-0.6110062713471154,0.17391142315167182,0.19278094657518097,0.0001270755893110715,-3.141322955820368,-9.37690690440031e-05
5.302485227584839,-1.303195758410213,2.258108307338801,-9.284971880219226,-0.08322908655297015,-0.03130416561575418,-0.3866753756388816,-0.6110236195939089,0.1739283594055813,0.19277972005894864,0.00016082643431397889,-3.141245598552882,-0.00020111893696657098
5.310384750366211,-0.9865225000823121,2.364984973613598,-9.280063031372853,-0.09121393973241196,-0.02408916248436857,-0.3839007549560738,-0.6110172950665289,0.17393277910780738,0.1927422047981553,0.00014920509974733904,-3.1413017655536577,-0.000277596271300379
5.318238019943237,-1.23125518895723,2.274790997001337,-9.196470428244861,-0.08560444211589743,-0.030113844240432088,-0.3813505674549502,-0.6109963758713012,0.17394602072406598,0.19272838646208285,6.496754641078355e-05,-3.1412902697275578,-0.00020708093842804377
5.326435804367065,-1.3098942794518382,2.1404266970058203,-9.283087943688066,-0.07996834191182331,-0.02979924942575202,-0.38081965952874447,-0.6109927521338483,0.1739342924075323,0.19265600411772105,9.69454956045822e-05,-3.1413768529190222,-0.00021382348257112634
5.334451675415039,-1.5056597007393866,2.2381314611724443,-9.316117369646802,-0.08194003195761926,-0.033391316534999466,-0.37270240629586127,-0.6110019498472532,0.1739442351585401,0.19266864612476667,0.00013605108313015525,-3.1413596968609467,-0.0003553173090480953
5.342420816421509,-0.9756767903559262,2.4878847120210295,-9.388933122026883,-0.08960147060329757,-0.022988468261474954,-0.38227159144175726,-0.6110136176574785,0.17394675886797148,0.19265784144931275,0.00012444223374861253,-3.141319498353702,-0.0003309615793912056
5.350317716598511,-1.0922146303383182,2.2466718306169464,-9.28289006522447,-0.08439450228652849,-0.02666999849265526,-0.3760334133548092,-0.6109977227043232,0.1739281475730247,0.19263918496904892,0.00013395038562109292,-3.141313326916598,-0.00027790050238515223
5.360366344451904,-1.090905668611547,2.1618072770847716,-9.409279886190786,-0.08207639451966221,-0.02777481730842217,-0.3804964351292385,-0.6110085511704407,0.1739080799812806,0.19264024387767487,0.00021468380136117728,-3.1412826749498044,-0.0004259899774832367
5.368410110473633,-1.378162696177024,2.2701597151966473,-9.498252961860548,-0.08438268433613481,-0.029432123465374726,-0.3811613983823305,-0.611009480834748,0.17393136808478346,0.19260839247233827,0.00010003641209660016,-3.141236026282666,-0.00032785610245433496
5.376183986663818,-1.375630399322138,2.2513517555149956,-9.44980004247055,-0.08441141412159506,-0.032376306276718225,-0.3727984825168431,-0.6110100380365883,0.17393250511450256,0.19260114703428738,0.00013163685685690682,-3.141236500543456,-0.00034090329301362593
5.384304046630859,-1.0185054647681886,2.0770551866877223,-9.307097248477472,-0.07810642455660065,-0.025416845693881907,-0.37843927543779604,-0.6110028243343496,0.17393831965713566,0.19256790214671554,4.3707886615163204e-05,-3.1412584128009633,-0.0003433272366175103
5.39232325553894,-1.0965659102985823,2.010515707109712,-9.34075086372122,-0.07839487249184243,-0.026472248910574935,-0.3789272174344321,-0.6110065330467483,0.1739366985096715,0.1925151696312804,0.00010703503010874945,-3.141303804379076,-0.00033379752850441394
5.40025782585144,-1.312939900361123,2.0565281689114743,-9.459765718660956,-0.07962425400821524,-0.03324020666614812,-0.37890927689738635,-0.6110009259417676,0.1739764374790835,0.1925199890366947,2.4413914264305395e-05,-3.141229366880133,-0.0003032180368947343
5.4083473682403564,-1.2622382972971309,1.8823451388329542,-9.451968465555828,-0.07268523917299116,-0.032187390398418884,-0.3790306971662618,-0.6109974318470652,0.17394912759207976,0.19249494244455212,5.6327881717897856e-05,-3.1412784519002312,-0.00044909940244119127
5.41640043258667,-1.2568703493647617,2.222897495225608,-9.34918623585414,-0.08219732649427776,-0.029923054472232723,-0.3777212578709776,-0.6109839905042078,0.17393130474926996,0.1923890880840763,0.00015431161878135498,-3.1413662977486188,-0.00020868905030631686
5.424489974975586,-1.3751646201722678,2.340504372890712,-9.529140623679693,-0.08555118314163888,-0.032336738498116566,-0.3840614723337285,-0.6109946360997512,0.17392982899669668,0.19236932206379395,0.00013688630375198794,-3.1413469098406233,-0.0002609008090293222
5.432283639907837,-1.1511696934275855,2.067593041291942,-9.303633672578966,-0.07736532206604213,-0.027455527908471302,-0.37707453176365646,-0.6109906552936848,0.17395713852175396,0.1923373751783422,2.637179813817822e-07,-3.14141384352823,-0.00019753181482194131
5.4403345584869385,-1.2915107724680315,2.080409028981021,-9.317349147271802,-0.07771584982183814,-0.03262510691884221,-0.3833369875335063,-0.6109985131434833,0.1739306062277077,0.192323330182871,0.00019525381964649789,-3.141358303040251,-0.00027956715827024374
5.448493957519531,-1.407096588364721,2.292906702721328,-9.504040305028719,-0.08319198357096964,-0.033234238182330234,-0.38010578184538985,-0.610987933252147,0.1739612574522604,0.19230083731388942,6.482882465111044e-05,-3.1413414801128834,-0.0003006886006821111
5.456374168395996,-1.0372129649841635,2.07486187616567,-9.366984427928625,-0.07894237133507814,-0.025686927480285525,-0.37944209177674515,-0.6110096423227335,0.17392837408654624,0.19229067762451518,0.00015712135500861875,-3.1413188426332215,-0.0002694399372144344
5.464440822601318,-1.405458295626115,2.1109428804200814,-9.182861390806567,-0.07880236379828615,-0.03328094779424296,-0.3801362328230705,-0.610984606803759,0.17394328396371114,0.1922362114056665,7.387882616556241e-05,-3.1413742456561735,-0.00025719674050544007
5.472433805465698,-1.2744539554616536,2.0510012351005242,-9.440056487037449,-0.0802948533203266,-0.03320666914053555,-0.38005815091691614,-0.6110083452542218,0.17395551263787234,0.1922393113519419,2.7299792110500683e-05,-3.141351990592536,-0.000268387962941917
5.480408430099487,-1.4205198323443784,2.2300530953661926,-9.382009362637536,-0.08472844689648414,-0.03200228629812071,-0.37917227319130226,-0.6110143183876761,0.17392379030894095,0.192217590535898,0.000172842183228336,-3.141297117373231,-0.0002785994997330559
5.488224506378174,-1.531055730383274,2.3945038258974063,-9.258537160150755,-0.08521947637248664,-0.03725185396854427,-0.3819130157024331,-0.6109886067123955,0.1739496910402928,0.19220336239644648,0.00015087615172073492,-3.141300000536298,-0.0002986036535501409
5.496310710906982,-1.295885798501797,2.4425906128806365,-9.322946982258214,-0.08987390665777961,-0.031752838965003735,-0.37755017728421447,-0.6109974878319736,0.17396203815452224,0.19214581651789442,3.4900536857090814e-05,-3.141366271955234,-0.00026254584916749515
5.504252195358276,-1.542020865628636,2.2778372000332814,-9.56788962502162,-0.0837334876660152,-0.03905968687655474,-0.3783411025147021,-0.6109930519353229,0.17392888057897266,0.1921223825265837,0.00010664024213730882,-3.1413599166101736,-0.00023842641095862688
5.512409925460815,-1.229226839587997,2.1963545197677727,-9.331771031972073,-0.0832874651713399,-0.03084396650044255,-0.3804521472674638,-0.6110064402614838,0.17392906345688208,0.19211883647163536,0.00015280845086100542,-3.141308431587189,-0.0002675367870164795
5.520336389541626,-1.1276159300646253,1.9981346413994832,-9.599001667156509,-0.07762400872717563,-0.025553584439882728,-0.3786159737105821,-0.6109972023552293,0.1739191444409409,0.1920736812518242,9.352336355498796e-05,-3.1413362015407467,-0.00025128992153860294
5.52819037437439,-1.2400406145315725,1.9613097737906293,-9.574026010020956,-0.07747433802955563,-0.031779427395376494,-0.3769933341071101,-0.611012968077196,0.17395668754200994,0.19204553971815994,6.968739769599117e-05,-3.1413312307913968,-0.00021723989442737563
5.536215305328369,-1.5763288789845484,2.0124212980209095,-9.465457244382982,-0.07588184510498283,-0.03468240723474735,-0.3786018956200818,-0.6110197226238009,0.1739440695699973,0.19205130141459262,0.00012411691664082736,-3.141276527451055,-0.0002566287610954268
5.544321537017822,-1.2398087100018091,2.3682821091582484,-9.470780909220242,-0.08422421772778446,-0.029492035238263412,-0.38208186550703205,-0.6109957680188177,0.17392930929305123,0.19199197254579026,0.00010912245572121519,-3.1413218180981737,-0.00017299067464035883
5.552295207977295,-1.1831051367264813,1.9889181259649173,-9.40235427434095,-0.07616931711278901,-0.028787494235077333,-0.38249702331610186,-0.6109991130685859,0.1739269669591279,0.19197626130111717,0.00013018273503721516,-3.141370266452865,-0.00030031523466049264
5.5603132247924805,-1.271415379867832,2.4252219823538628,-9.427456240972075,-0.08484183827036142,-0.034290033887502055,-0.38689916172991795,-0.6110007048963866,0.17392370998210976,0.19197364975612619,0.0001926227238366956,-3.141353634997053,-0.00032925270410327106
5.5683746337890625,-1.2366585655274196,2.286256683657797,-9.487188713029012,-0.08266514556502985,-0.029336005233747,-0.38606362070238814,-0.6110204011267869,0.17394726828334156,0.191961437210946,0.00011700242122404198,-3.141248090320291,-0.0002642636098879235
5.576332092285156,-1.608254953278271,1.9262185030715464,-9.50607222970561,-0.07655265093541795,-0.036995002196643534,-0.3751003338451727,-0.6110169030742955,0.1739548849212322,0.19191924382108813,0.00010031939444768135,-3.141279986055912,-0.000303216617210103
5.584213018417358,-1.366843791269404,1.8303031232185052,-9.452740801054231,-0.0719370538203316,-0.03377532004644757,-0.38188069508341704,-0.611027302600714,0.17391492796999583,0.19193660287331882,0.00015608537217720768,-3.1412297925762718,-0.00035844154144604065
5.5923051834106445,-1.3510262332222822,1.9432299457717532,-9.588373315673866,-0.07766782980590427,-0.03126538211339027,-0.3814228007939662,-0.6110183258241637,0.17393383410228605,0.19189716155552167,5.434661202103943e-05,-3.1412723273333945,-0.00027861874529108835
5.600279808044434,-1.5278159248964487,1.9341391462099147,-9.623435963209571,-0.07659528864341807,-0.035226007258354,-0.37560064239349705,-0.6110148544188869,0.17393995069058615,0.1918543189592706,9.358156560028611e-05,-3.141311361668915,-0.00023974130659102857
5.608307838439941,-1.023455579959234,1.961740483008725,-9.567014012026819,-0.07593393078602612,-0.02460391964228388,-0.38497136422317346,-0.6110034701682852,0.17395138426508572,0.19185511619928325,0.00010691558576862188,-3.1412792064671637,-0.00031613889806673864
5.616262912750244,-1.1924322736603823,2.067122389810127,-9.544273697799282,-0.07610356314891047,-0.02815936799405028,-0.37947465178025713,-0.610990980240385,0.17395254492695325,0.19181072904571264,8.763574607367326e-05,-3.141337767546178,-0.0002533330235518806
5.624321699142456,-1.1663297744607344,2.0968894884285794,-9.446437697401198,-0.07921741196985277,-0.028872255449623196,-0.37806683122900314,-0.6110037612592855,0.17392401432092766,0.19180456003514934,0.00011938121423981782,-3.1413054442425703,-0.00022073085258678143
5.632166624069214,-1.4219740400535625,2.059055004507283,-9.423930468340496,-0.07842215842063699,-0.03723681495328225,-0.3760517078057478,-0.611010869352815,0.17393005807862347,0.19176075954548788,0.00012194745613485472,-3.1413246382785225,-0.00016112232350715504
5.640457391738892,-1.0694143055471002,2.0596922763616554,-9.382585809425644,-0.07886917023989842,-0.025160469210525237,-0.37751059235590556,-0.6110172401239702,0.17397630192612523,0.19178458840818213,8.356257102237329e-05,-3.141259877515253,-0.00038878245208738376
5.648158550262451,-1.35503510767422,1.7849525189945594,-9.481209566472915,-0.07061072839066482,-0.03389905701776772,-0.37402976732213433,-0.6109987776957937,0.1739695850749857,0.1917460954473656,-2.02054812232235e-05,-3.1412989385004177,-0.000305655870219419
5.656419515609741,-1.4291251507319935,1.9920895630083488,-9.52684103799202,-0.07636118789299204,-0.03254528640839191,-0.38003422789102087,-0.6110115617476003,0.17393050243228633,0.1917096145892056,0.00010265708090619738,-3.141288306498062,-0.00032737614857281805
5.668213129043579,-0.9317697296268169,1.8433648396234912,-9.329258912449147,-0.07322774336659937,-0.020908867288884903,-0.3752570237873369,-0.6110011835418113,0.17394981017338845,0.19169043076063397,7.033656366363808e-05,-3.1413265411747484,-0.00027427637880038115
5.676332473754883,-1.0025403631136416,2.029810270730154,-9.341181881035789,-0.08007922470745388,-0.02505803949713951,-0.3835715480239111,-0.6110037799287247,0.17391904003576247,0.1916552103039382,0.0001748187004720182,-3.141333209861231,-0.0001750011247054298
5.684326171875,-1.0566363826638032,2.344601878314815,-9.378751955773657,-0.08308049860493753,-0.025494569939046974,-0.38247317448626883,-0.6110026024599882,0.1739528152767224,0.19163805630553932,9.600842394657096e-05,-3.1413182010744554,-0.0002651023084744966
5.69237494468689,-1.1801927519546958,2.190868194707077,-9.351575117327393,-0.08091624953219397,-0.030336437316318497,-0.3830747238594094,-0.61101482777289,0.1739350095700721,0.19166972669325263,0.00015006049253928937,-3.141243447539187,-0.00027752191688404674
5.700292587280273,-1.7362825850442976,1.9489422865653416,-9.325342433397909,-0.07466479405975962,-0.042203623792416156,-0.37517622897321184,-0.611006326177831,0.17394678280762207,0.19160702968198495,0.00010202666288099573,-3.1412987608996286,-0.00028828152770262014
5.708357810974121,-1.4589288017581579,1.9487893158567517,-9.36267005539864,-0.07631667757341025,-0.03408439177995317,-0.37556867564125257,-0.6109956531764852,0.17393119992346331,0.19155022514281128,7.424491566230585e-05,-3.141339788504517,-0.00024730989313092417
5.716362714767456,-1.2704934739356986,2.001317641233259,-9.334216255945295,-0.0734068990784011,-0.03142504998279213,-0.3742174279739632,-0.6110134315041741,0.1739343060297322,0.19155586032748495,0.0001442953055918279,-3.141276100541346,-0.0002850344175876043
5.7242653369903564,-1.1691669866482015,2.023412808098292,-9.465088660144918,-0.07611302486832733,-0.02810903356014556,-0.3791561476523404,-0.6110161589100602,0.17397236235120433,0.19152883077494154,7.970844358032806e-05,-3.141303994225661,-0.000203372882148875
5.73244047164917,-1.4242729009644208,1.9426271538824247,-9.47214999640294,-0.07401639559736287,-0.03260427114494561,-0.373538521797682,-0.6109860335652585,0.1739249285182427,0.19146570184066353,0.0001382343992510766,-3.141382431440675,-0.0001953065678191039
5.7403552532196045,-0.9532754329986772,2.2340265675134865,-9.60120359567886,-0.08355863981559897,-0.023851521105875607,-0.38397440905053043,-0.6110125425209099,0.1739507626138883,0.19146406424501555,8.817215445558475e-05,-3.1412793868609934,-0.00028678281269491074
5.748282194137573,-1.389600361977212,2.17733226705798,-9.42092349584525,-0.08184984881188678,-0.031224299342398575,-0.37699452627831054,-0.6109982148768918,0.17393335890017964,0.19140458682545664,0.00013239985977319207,-3.141378265747089,-0.00018270831667217984
5.758330583572388,-1.4733320734062834,2.0982876277625406,-9.34110388662589,-0.07997298653032704,-0.03290469088630223,-0.3821069497479793,-0.6109997496101146,0.1739381964359452,0.1913774653246641,0.00018963979373193808,-3.1413806132722195,-0.00014397835985390696
5.766273498535156,-1.2509869126860762,2.023989366027985,-9.427543376800871,-0.07970661928541237,-0.033870544535220634,-0.3848321406488435,-0.610997973016588,0.17392028923487626,0.19136564769906916,0.00017257196710770295,-3.1413329983972202,-0.00019823135115025535
5.774292230606079,-0.9687387759129165,2.1959859919793394,-9.42881377126886,-0.08240958726399968,-0.027085858677417984,-0.38639716426026477,-0.6110231820312162,0.17392816833107005,0.19133729378040937,0.00016620922460412933,-3.141296276928044,-0.00014130782733259305
5.782395124435425,-1.0825233979167352,1.9393026135371534,-9.295566489518867,-0.07844915207053589,-0.02782739182547055,-0.37984232128991424,-0.6110160180895534,0.17392856555958738,0.19131885590055736,0.00011472358376375232,-3.1412571574756103,-0.00019436097525725015
5.790231943130493,-1.1893134141262949,2.4944282460257297,-9.449373349867344,-0.09105867093657496,-0.02950370860531573,-0.37669780861485924,-0.6110054747823173,0.17394790154193043,0.19130958714046153,0.0001671352244209057,-3.141294143110184,-0.0002448598430621274
5.798263311386108,-1.2644090756195245,2.3328015634439536,-9.462795982219296,-0.08495372219312039,-0.03368618579803453,-0.3826187171410038,-0.6109991318412669,0.17394692811209672,0.19121876240790753,1.3044127511901209e-05,-3.1413425426626884,-0.00014318397903953476
5.806286573410034,-1.0365916366489758,2.296080614345439,-9.40313086834733,-0.08488562096648263,-0.02534666464813658,-0.38270321422580933,-0.6109985634258774,0.1739418040265226,0.19123640240004502,0.00012705121629883237,-3.1413273142713796,-0.0002601265967967003
5.8142242431640625,-1.192808786104684,2.1837226716146363,-9.344967379986736,-0.0835460789894566,-0.030031352877911838,-0.3880287408438582,-0.6110135064536721,0.17394137205512844,0.19120169918718166,7.384050775103818e-05,-3.1412970962496987,-0.00025423629635828163
5.822354555130005,-1.231615382900635,2.107120405959012,-9.272333284830376,-0.0783594862599214,-0.029679030566775375,-0.38072703691427234,-0.6109897355902941,0.17393631065516693,0.1911464728675779,0.000111294178918825,-3.1414187330613883,-0.0002253010746905712
5.830231189727783,-1.091982999539099,2.1358136068690134,-9.355695099582842,-0.07949976892005617,-0.02523558843496146,-0.3801774766263028,-0.6109900857951405,0.173946826072231,0.19111119516887828,-3.2938248592481482e-06,-3.1413919523742235,-0.00018932661859262105
5.838435411453247,-1.3980523751872234,2.352519887958219,-9.221056021690762,-0.08764443201316117,-0.03289111901583046,-0.37834452220173953,-0.6110072352444872,0.17394555265873995,0.19110697551113076,5.6132082909549496e-05,-3.141364007933055,-0.00023372986524266447
5.8462975025177,-1.450309889437956,1.6725257839484353,-9.44626072492755,-0.07038727480081819,-0.037105175303654106,-0.38007088588082777,-0.6110038134036996,0.17393192401645127,0.19108569201544812,0.00014010822354186566,-3.141321765872541,-0.00021654012187819502
5.854363441467285,-1.5314341825468365,2.080750618584688,-9.486193994228783,-0.07947131816947518,-0.03686305150160823,-0.3787787856219974,-0.6110063631905343,0.17394304095459384,0.19108587624561232,0.0001392249791863149,-3.141269450487131,-0.00028268414540035723
5.862311601638794,-1.0650042351420759,2.230716848670755,-9.345153386283158,-0.08326840033492919,-0.024330298765094446,-0.38826977313155153,-0.6109937385402856,0.17395895867514982,0.1910254261987976,5.0172409972983865e-05,-3.1413583215736036,-0.0002005609988129049
5.870242357254028,-1.3836364532571983,2.1177925198290795,-9.226114193053792,-0.0782850691287857,-0.036738569539975924,-0.3782194529734027,-0.6110080483107294,0.17392271369929294,0.19099455063988946,0.00016098995647771474,-3.1413378316995884,-0.00020939478174619312
5.87823748588562,-1.3140619649239305,2.084706590184433,-9.332789039797241,-0.080835983227482,-0.028844739416128973,-0.3823822692521395,-0.6109993403074375,0.1739338022486278,0.19100455164914354,0.00019765353130126449,-3.1413351112514865,-0.0002269770463178594
5.886241674423218,-1.1869846341889911,2.1879640010857218,-9.433079837553265,-0.08146554386688588,-0.03281543122668134,-0.37811805140933297,-0.6110131159548136,0.17393727924123906,0.19097879872407703,6.477688152978144e-05,-3.141246992715258,-0.00024111609724303205
5.894352436065674,-1.5676194123235372,1.9636142547220226,-9.319047676983923,-0.07399061765860075,-0.03843048591191977,-0.3757129621622203,-0.6110106810449584,0.17394268833432144,0.19091405669751854,0.00014805786926796243,-3.141342261458093,-0.00021976439837389884
5.9022605419158936,-1.0330705605415482,2.2034010182424755,-9.478706390100822,-0.07973784741789769,-0.0280658035276644,-0.38736737952360983,-0.6109975292559122,0.17393577555576845,0.19087779034447114,0.00012956718489502402,-3.1414021351813908,-0.00021942913344872106
5.910381555557251,-1.457370259947511,1.8551764158046333,-9.391007790500607,-0.07292501223594243,-0.035997577812797756,-0.38001115096620147,-0.6109944264136766,0.17396571033140995,0.19088731445484952,6.212370867244118e-06,-3.141291464929705,-0.00026113641878728667
5.918414354324341,-1.403138781350851,2.2002463876318754,-9.376981974616767,-0.08295285338246389,-0.037555808823829584,-0.3828025538918453,-0.6109974235571299,0.17394933751634564,0.19085881244300384,0.00010952425781391922,-3.141335359102752,-0.00021085265172828972
5.926210880279541,-1.3386721515486009,1.930039291346439,-9.387428293529064,-0.07641396085353283,-0.03194109581271139,-0.37578643900180797,-0.6109975467500817,0.17395117206818442,0.19083047869397224,5.242561172414059e-05,-3.141356105123848,-0.00032272767680270657
5.934339761734009,-1.6447482034661698,2.0672998260351507,-9.299484350381002,-0.0799844178091794,-0.035483463731580296,-0.37987513259135663,-0.6110038890485293,0.17392967077495564,0.1908002505053032,0.00015708115700676634,-3.141309510553865,-0.00014998982457082105
5.942237854003906,-0.9403742888700568,2.0593864777116333,-9.40370814018306,-0.07854893904582343,-0.022822616485084136,-0.3851762160179348,-0.6110140207439834,0.17393506984618703,0.1907822842689596,0.00012499417290220066,-3.141313907926702,-0.00014622158796694508
5.950199842453003,-1.0144407732472396,2.045418568771173,-9.365303427180525,-0.07605777795350735,-0.02597919533158335,-0.3805969857253616,-0.6110198994119388,0.17396329550102,0.19075893078700853,8.584140137503601e-05,-3.1413133396034056,-0.0002624507158682925
5.958427667617798,-1.3363818602554645,2.1776215979677938,-9.531485125256056,-0.07582193373193966,-0.03192900990021132,-0.3778650408459547,-0.6110135575202655,0.1739572600433599,0.1907268912662104,0.00011877009943682175,-3.1413098975698692,-0.00027226674615449655
5.966318130493164,-1.335425144117631,2.0061050950852417,-9.384031271403291,-0.0780060805542322,-0.03167549882968911,-0.37806443478935775,-0.6110066680893192,0.1739463423689827,0.19071189942479347,9.877601577811912e-05,-3.1413171019975796,-0.0002371456356947299
5.974269866943359,-1.0198020377970871,2.341238031840742,-9.376197587484754,-0.07951385285112401,-0.02517805994255446,-0.38047277547843145,-0.6110119353939137,0.17393838156030766,0.19069596902852268,0.00015890948129594152,-3.141314694861603,-0.0002177559488016167
5.982318162918091,-1.4505807184047737,2.225069014454163,-9.459241886262118,-0.08398929741637678,-0.03291872864198921,-0.3791346530331896,-0.6110064744548693,0.17393856362727747,0.19068968369165515,0.00012045323058575862,-3.141299397493078,-0.000280132365670267
5.990281581878662,-1.4742743168574177,1.8658028836109117,-9.38159196113402,-0.07361029683487612,-0.037477658517469016,-0.37264736288347866,-0.6110111046895269,0.17393984644954438,0.19065537514435116,0.00010684693739870864,-3.1412677438587995,-0.00018814563973782865
5.99833869934082,-1.169411301108984,2.08137692576479,-9.458363540978972,-0.07845012513059703,-0.02580722263352779,-0.37770998083568075,-0.611016279935903,0.1739460335827195,0.19067130881922834,0.00012102893624707285,-3.1412736908368957,-0.0003376136272523947
6.006211042404175,-1.1762283593118332,2.235493053205179,-9.336995737402773,-0.0783771903536814,-0.029035242963424517,-0.3820594443331979,-0.6110024596047672,0.17394328836617012,0.19061761770761967,9.61734432060061e-05,-3.141304483463016,-0.00025354553139375434
6.014378070831299,-1.4008013249410454,2.076567488151387,-9.490365128764303,-0.07921940802321424,-0.032941920005737174,-0.3769518116778593,-0.6110158259831385,0.1739458745225686,0.19061782206865432,0.00012197183063707773,-3.1412647306190244,-0.0003001164296447616
6.022297143936157,-1.2881724841111966,2.2193111201061897,-9.509803384592724,-0.08351910144396144,-0.031386294354233985,-0.37937145191566096,-0.6110074151259043,0.17393882889746023,0.19057115897813853,0.00013553215859511843,-3.1413386118855655,-0.00024579951533827644
6.030233860015869,-1.3061351507913288,1.7968517514523785,-9.46431211160605,-0.07319106755136019,-0.0302644722630975,-0.38171008419704155,-0.6110030034158233,0.1739464513336831,0.19053526855808556,7.770176067466321e-05,-3.1413399528357315,-0.00022290821123829315
6.038208484649658,-1.1274229928122803,2.1055535044942713,-9.370358943946842,-0.07962730272391925,-0.030753764192985835,-0.38382480203895614,-0.6110083447259128,0.17393920429744897,0.19053099719214883,0.00012960932896439578,-3.14132820557808,-0.00025374082736995404
6.046362638473511,-1.0804457460563293,2.126261368032695,-9.503575795336998,-0.0815014398308485,-0.02650885705252139,-0.38154338469501364,-0.6110327576977314,0.17394734236638487,0.19055092351088515,0.00014351595008171153,-3.1412301313306,-0.00030666561624719576
6.054206848144531,-1.448997477291976,2.122214609827727,-9.318958609285064,-0.08102205786876697,-0.035962381165002506,-0.38243832376339226,-0.6110043523594227,0.1739545616343062,0.19049031857235482,0.0001431006447235446,-3.141325711189639,-0.0002627631594045011
6.062278747558594,-1.2405611757517647,1.8619123490105043,-9.352097148238235,-0.07313559228833101,-0.030203831804691234,-0.3763475602184494,-0.611017861449564,0.1739354943132034,0.19052331025708968,0.00011635598385312757,-3.1412387564919158,-0.0002759696459557773
6.0702574253082275,-1.1470083305167498,2.2284853119670696,-9.446994412378668,-0.08318507668529826,-0.02879348660201116,-0.38084294564591326,-0.6110058737109526,0.1739472393628651,0.19045299500951274,0.0001244037498725708,-3.141308586138457,-0.0002398810382990237
6.078478574752808,-1.6729489080945499,2.251048958168689,-9.376472276360944,-0.08466183758387046,-0.04117329258911182,-0.3730361358252682,-0.6110265860511293,0.17393612808163045,0.19046001584192357,0.00020322028550836898,-3.1412610114574444,-0.00025837203485046506
6.086496114730835,-1.3244014800570418,2.0212684278047286,-9.500118762294024,-0.07520483742576857,-0.03243526034373883,-0.3773829655200855,-0.6110223196844246,0.17394939359260164,0.19043963566001076,0.00011991330096087397,-3.1412464425430326,-0.00028359769534534306
6.094428300857544,-1.2517038541738539,2.042410855091081,-9.268000043144623,-0.0795931973270165,-0.02796994463221848,-0.38672069194255415,-0.6110170349801837,0.17393256516659572,0.19045498130357508,0.00017155053693165663,-3.141230261108509,-0.00026152682264088194
6.102379322052002,-1.508053938747284,1.9614043715925589,-9.441512022344208,-0.07563677729916678,-0.034430903817874906,-0.3797368322800414,-0.6110122191781487,0.17393758281442315,0.19038301266646052,0.0001323733322781609,-3.141300012853105,-0.0002229932494315988
6.110221862792969,-1.0761935909535152,2.3138454825111507,-9.309518214110112,-0.0851750800003429,-0.025844989986350715,-0.38132340998615216,-0.6110017890614029,0.17392063793638843,0.1903850955658149,0.00015753647866896441,-3.14133768431575,-0.00019169588134970548
6.118467569351196,-1.3211663886868459,2.0559860440932223,-9.528554222391039,-0.07952795949938585,-0.03223697367858524,-0.38324514873795384,-0.6110237788792161,0.17391509805858543,0.19035070794969183,0.0002286421152560839,-3.141328179673911,-0.0002931915420716418
6.126506328582764,-0.8282696499402763,2.1624346628700684,-9.353176647125,-0.08121067748661945,-0.02023615082101976,-0.3891650306831134,-0.6110188599163846,0.17395910353622035,0.19035760504756316,0.00011370089338064844,-3.141260699142861,-0.0002704637144031172
6.134379863739014,-0.973614796526192,2.231784434342872,-9.376454023342871,-0.0809297498854209,-0.023355583687231417,-0.38700664008456,-0.6110029492306572,0.17396087453551307,0.19030396088400892,7.46123062376103e-05,-3.141307677353582,-0.00024579307089360816
6.142306804656982,-1.0145230021366554,2.0759013121794188,-9.348580201032338,-0.07919702549686385,-0.027075739008615488,-0.38029723633579054,-0.6110107040769867,0.17392936591588676,0.1902910287554722,0.00016007668563087154,-3.14131160919737,-0.00019914007713335607
6.150339603424072,-1.407157927455058,1.9905589135865112,-9.359669669336064,-0.07767023817095638,-0.036086023366850774,-0.37813289714798504,-0.6110079064991633,0.1739315973368476,0.19029144084325733,9.507917249104464e-05,-3.1413090279706184,-0.00024439916874522603
6.1583945751190186,-0.9512785995810046,1.989423063203524,-9.436292223066227,-0.07791649211677114,-0.023219197346916534,-0.37845223841585923,-0.6110082425045619,0.17392065849805352,0.19027115691850618,0.00018550177805320766,-3.1412970846399046,-0.00025981338779251394
6.166388511657715,-1.4635294873063602,2.218327577663956,-9.336041408663235,-0.08069725607278484,-0.03456065848479389,-0.3812504119955566,-0.610997685318742,0.17393321861151134,0.19023701909483084,0.00015351818478964916,-3.1413405934401837,-0.0002460765363579507
6.174337387084961,-1.6027076792448371,1.847619282107823,-9.64817771861548,-0.0739094011620415,-0.04012649474867751,-0.3749707734205293,-0.6110055030135806,0.17394884894940657,0.1902258460043514,0.0001342997982144171,-3.141312136214185,-0.00021795182403396633
6.182286500930786,-1.2371076353137955,2.109699141227495,-9.382289140421538,-0.07704955421093478,-0.03036651864861956,-0.3743786699166527,-0.6110084284486978,0.1739333536527209,0.19022187537821267,0.00012342382598151946,-3.141303450785387,-0.00029018120733484046
6.190371990203857,-1.4340194356138711,1.8729654353394338,-9.410510299617318,-0.07411914139650072,-0.03441772089736359,-0.37396265373058285,-0.6110005871844079,0.17393386492933752,0.19018410790446005,0.00016622301450914162,-3.1413699519817335,-0.0002929292710722508
6.1983397006988525,-1.4644592602335789,2.130701817505325,-9.438829657878873,-0.08117967109738711,-0.035661872289449614,-0.37988875536157946,-0.6110037978760828,0.17393266337376714,0.1901822412184304,9.22633283292737e-05,-3.1413478116193634,-0.00028159195684265804
6.206370115280151,-1.4823292674875732,2.0486966136413165,-9.406542962463222,-0.07615630718606534,-0.03638854383799595,-0.37710008904484077,-0.6110173631627839,0.17392375675970687,0.19016717692541352,0.00012884790595793069,-3.141268966929591,-0.000173122714249794
6.214258670806885,-1.670163627594557,1.94279026908436,-9.435276419592963,-0.07730102192425199,-0.03985151716816304,-0.36979646401843597,-0.6109850745146314,0.17393817380821228,0.19010152750094483,0.00012939944490166576,-3.1414396202595447,-0.00016950706569802273
6.222232341766357,-1.3231411066030967,2.028151386022982,-9.281996397365768,-0.07511331065741024,-0.03232717443740826,-0.3782551064424218,-0.6110248484747879,0.17393081781760122,0.19013876852369838,0.0001886417342587647,-3.141270014972409,-0.0002743248939179541
6.230356216430664,-1.1716811844155206,1.9383499802009676,-9.31590988379335,-0.07351000851476035,-0.030958076454283535,-0.37314717571800743,-0.6110025935986975,0.17394937372648334,0.1901115963547515,8.51826934378447e-05,-3.1413309895737753,-0.00020044087671068425
6.238412141799927,-1.4683338408690705,1.6798854736691824,-9.492606835239867,-0.06909153736320593,-0.03279543461006076,-0.3710875888232833,-0.6110121422547772,0.17392684949302034,0.19011460822475312,0.00020995201365397166,-3.141294153856334,-0.0002673387961867777
6.246203899383545,-1.235038560763201,2.1658853992181486,-9.443261945562925,-0.07687358159115229,-0.03002411647249634,-0.3786872979237828,-0.6110002449552924,0.1739159435907891,0.19005730457373102,0.00020767054903512544,-3.1413979367999523,-0.00018808076114771243
6.2543416023254395,-1.3835324084431522,1.9853485044753982,-9.401001645436528,-0.07465225070176269,-0.031098600757547404,-0.37614455082908493,-0.611011352639014,0.17393962022774603,0.19008240693592673,0.00011141152405151736,-3.1413131768725506,-0.0002587484961846127
6.262313604354858,-1.3233157609481156,2.0583388174849118,-9.256317895803727,-0.077716900628843,-0.0343524029159128,-0.385122571057849,-0.6110177030066887,0.17391353123130052,0.19008643786424767,0.00022162872200103825,-3.1412873123904035,-0.00022853009965565665
6.270432233810425,-1.4281375478573248,1.9590113981406445,-9.392438493750145,-0.07634842808795572,-0.03446036256796056,-0.37732512770716353,-0.6110055531732635,0.1739245568321016,0.19006777719095758,0.00014405479112968467,-3.141306848811897,-0.00025596680622411736
6.278332471847534,-1.1483418128711227,2.0157641691479395,-9.448105236545812,-0.07741222089926035,-0.028695568401523316,-0.3819321298529896,-0.6110224464907795,0.17394311214948152,0.1900525110175045,0.0001639341468768797,-3.141266325370186,-0.0002607323653468682
6.286407470703125,-1.2877262676029386,2.0871593600961584,-9.220665662276,-0.07856591443923663,-0.030711984832698463,-0.3770329691430017,-0.6109988418790586,0.17394890480987532,0.19002890166543657,0.00016503886806191404,-3.1412982994297165,-0.0002547951934601895
6.294268846511841,-1.14437751350947,2.2399050675571432,-9.376978571136316,-0.08329920396815271,-0.027018504958469792,-0.38264997087706565,-0.6110073158081433,0.17392408362451534,0.18998290228975034,0.0001894652731373172,-3.1413851205041516,-0.00016879126084838782
6.302292108535767,-1.6962154642004454,2.0144218337380364,-9.428337265130411,-0.07640032917999295,-0.03954066241959828,-0.37983485722285315,-0.6110167893734678,0.17394049568965597,0.19000958797478673,0.0001644461572418771,-3.141294549449423,-0.00024423762319391944
6.310342311859131,-1.3436627279312137,1.9455130672211196,-9.57194317673642,-0.07500279044712078,-0.033499799167216515,-0.37666098802134823,-0.6110037703378808,0.1739595398371065,0.19001640344374598,0.00012571195346420551,-3.1412733491095692,-0.0002541511888062699
6.31827187538147,-1.5036227982793362,1.9697009094503934,-9.528869706128097,-0.07686691724752873,-0.037529692132805985,-0.37612396173074797,-0.6110118795996976,0.17393185552056478,0.18995419341323927,0.0001472865994995763,-3.1413167524694106,-0.00023248654431138767
6.326437473297119,-1.4362058422205268,1.9390513914190477,-9.566028116713504,-0.07469393920381616,-0.03538331914467848,-0.3786588040739504,-0.6109969400216275,0.17393107488842033,0.18994166482548341,0.00018420420589135858,-3.141335345446495,-0.00023025853954570835
6.334388971328735,-1.1601040131197384,1.9779327553514119,-9.443429253585643,-0.07853439588640046,-0.027438877444399462,-0.3772748723102454,-0.611024119174689,0.17393861581149636,0.1899936087106891,0.0001583507120183899,-3.141266064418132,-0.00030989557147983137
6.342342138290405,-1.6385337296966103,2.304383120455222,-9.381448083063907,-0.0837259891019592,-0.03898121726323855,-0.37752388624775834,-0.611014616672476,0.17397360016734,0.1899339554543503,6.892688173370368e-05,-3.14130470032338,-0.00022709971657839187
6.350226402282715,-1.3124161812118842,1.755536387524177,-9.530331861320356,-0.0729673681632593,-0.03289030454898399,-0.38225734867773686,-0.6110085780231639,0.1739657723604229,0.18996340319349594,0.00010594718331114275,-3.1412452330233878,-0.0002842000706793845
6.358402967453003,-1.2481326862575735,1.9573027559920488,-9.507341310535601,-0.07653173831249357,-0.029010421349536148,-0.3761183461108994,-0.6109958970718887,0.1739283637766938,0.18989870854256727,0.00019836299063026282,-3.14134675466066,-0.00023532985767636154
6.366283893585205,-1.2035200522387024,2.0973550424088296,-9.34610289397538,-0.08016197382379518,-0.02840233641954773,-0.3797319416321532,-0.6110057193984838,0.17393360631504068,0.18990111811450877,0.00020516130868490572,-3.1413267068009487,-0.0002520878964424167
6.374330997467041,-1.181123343298269,2.1444155484974714,-9.365015109062215,-0.08311925541816281,-0.03122505308294842,-0.378188012733731,-0.6109868429670295,0.17391600641747954,0.18984357278647318,0.00010410740865614381,-3.1414166388265894,-0.00011134520776305416
6.382185935974121,-1.2912477350221097,1.8832721901396445,-9.269157345281494,-0.07645813609385099,-0.03287075788946933,-0.3799715503108086,-0.6110021429961442,0.17393816822004138,0.18992799564722734,0.00010815232842076936,-3.1412619746122408,-0.00031356303625438306
6.390187740325928,-1.6855243408368314,2.228260194184197,-9.422133557538677,-0.0808242776119379,-0.04066280105814865,-0.37301573556577367,-0.6110125202988483,0.17396762889235695,0.18987355366215922,6.332647997231682e-05,-3.1412863195142893,-0.00016759460989540864
6.398218870162964,-0.944718012526122,2.129809851626244,-9.271643774833185,-0.08084569385212377,-0.02418613537325821,-0.384752378424868,-0.611006316756871,0.17394174564814407,0.18986792740545563,0.00010251150477468622,-3.1412917780518588,-0.00017802049905843534
6.406283140182495,-1.249760370718341,1.9309330801514109,-9.394193469923064,-0.07797658049426255,-0.03062552766889192,-0.3796144556630976,-0.6109957490450386,0.17392531572467532,0.189871703698391,0.00013510449253393924,-3.1412820882155006,-0.000244253981708677
6.414324760437012,-1.4106485704434535,2.287234024014981,-9.413796999184001,-0.08652270351986505,-0.03474729479125244,-0.3852631909822428,-0.6110027183644074,0.17391629021329097,0.1898247621110556,0.00021212088814483819,-3.141381189246054,-0.0002776352952252488
6.422329902648926,-1.1634680005924891,2.341249148247755,-9.326581213809007,-0.08459616516286318,-0.025794750549471442,-0.38036517207001186,-0.6110046938881227,0.1739354254380406,0.18983553782262835,0.00012841032452304654,-3.1413264209211538,-0.00024360351687620943
6.430224418640137,-0.9714308470935774,2.328680792885273,-9.322773221122286,-0.08316687143301933,-0.024926346928665098,-0.38388669961872235,-0.6110126928828711,0.17393438584141463,0.1898299739524954,0.00015453146682115477,-3.141282366365282,-0.00032992530845831077
6.438239097595215,-1.377130254000533,2.1238854405916094,-9.376953961796538,-0.07834171888508039,-0.03327474069341327,-0.38037248856281086,-0.6110237706801602,0.17394071388712826,0.18981845419300328,0.00021194598098169359,-3.1412904698087445,-0.00024453726972922975
6.4463629722595215,-1.5212861035201868,1.9504644172899266,-9.4100201672058,-0.07448216159219957,-0.03572218499702918,-0.37655626681943066,-0.6110150985283489,0.1739332397088162,0.18980008075320298,0.0001680286700871244,-3.1412966055330984,-0.00019499885979172376
6.454368591308594,-1.6611703612324182,1.9784082878273164,-9.388811113213782,-0.07572352010754685,-0.03980051328841757,-0.3791390312311356,-0.6110072575420206,0.17394615123780666,0.18976844999404902,0.00012248593292376266,-3.141344041351046,-0.00019755939590470706
6.462263584136963,-1.3632008262818598,2.1461713879026516,-9.403112338300065,-0.08030666617181162,-0.03215274862083423,-0.3802690493403261,-0.6110196167707558,0.1739335345632012,0.1897927488304529,0.00017348218730950127,-3.1412959247108487,-0.0002471239135375669
6.470189094543457,-1.3788368387913748,2.2785036912818075,-9.392312999536754,-0.08226470942675733,-0.032950657297674504,-0.3775172694200016,-0.6110190589436539,0.17390906327323943,0.18975386015140827,0.00022544169813546288,-3.14133370970883,-0.0001999239075639335
6.478406667709351,-1.3821316530404897,2.0037285040949633,-9.335202971371707,-0.07573719080553847,-0.036881137527502994,-0.3774846753929073,-0.6110113159214845,0.17394232640470988,0.18976640861371658,5.997611234766085e-05,-3.1413109327392346,-0.0002265881152614467
6.4863972663879395,-1.4983321373644019,2.4261533681630882,-9.38498451757305,-0.08594825565750633,-0.03686473189749609,-0.379843578229965,-0.611010230698049,0.1739230613301723,0.1897599539386412,0.0001420893438730739,-3.1412813086116063,-0.00022207606800741728
6.494566917419434,-1.70468942812677,2.04589155123868,-9.34051076525979,-0.07904173712365727,-0.042069153940248884,-0.3752276434781378,-0.611002839862289,0.1739407473181232,0.1897362908897709,0.00018775886197597015,-3.1413256467742703,-0.00021383013135823218
6.504241228103638,-1.4720383908314287,2.0666576746885754,-9.523678957483899,-0.08074678591543148,-0.037144706734810476,-0.37936873259851317,-0.6110011730588303,0.17392122430902823,0.18971867868225878,0.00011598109596630908,-3.1413425035544544,-0.00017071911061944606
6.5122809410095215,-1.5607327309187504,2.0428294105500635,-9.273657640564876,-0.07699134487090747,-0.0393896315568414,-0.38269221388550634,-0.6110152221595867,0.1739674270994947,0.1897397958211984,8.046716841408052e-05,-3.141253726628593,-0.00027356741243746195
6.520241975784302,-1.2815458884743722,2.273941084244668,-9.37791119601261,-0.08045824198277352,-0.030058666948246736,-0.3821521292786915,-0.611013488155275,0.17393538963706814,0.18970144526416005,0.00018110964143703176,-3.1413606917381633,-0.00019035441957417423
6.5282275676727295,-1.3629614742193488,2.047459469400475,-9.325353238755278,-0.0782540072068975,-0.031057920918734026,-0.3796303112995221,-0.6110150439213733,0.17394962412782877,0.18972687404996044,8.639999632065114e-05,-3.141219038044768,-0.0002942905617820858
6.53632116317749,-1.1328048938966206,2.129367802856226,-9.341340105440239,-0.07715829824093859,-0.03166553020031246,-0.3849661398489386,-0.6110203725215516,0.17393193986525304,0.18971945505231144,0.00017040573425735784,-3.1412266217474785,-0.0003242903844278664
6.544256210327148,-1.2364310889018093,2.141376377072098,-9.297527337833065,-0.0782523694344152,-0.030343813565316756,-0.38165510579968953,-0.6110224717522894,0.17394220040633118,0.18965935127775607,0.00019838371183798472,-3.141300605464144,-0.0003274428247014893
6.552383661270142,-1.262683027336119,1.9105629160249757,-9.11676221004663,-0.07467724845283483,-0.02819972536729363,-0.38476962420689165,-0.61099292475785,0.17393866436929728,0.18962018736454772,0.00011329612548888719,-3.1413467309346332,-0.00020194917062839695
6.560309648513794,-1.1530954153233701,2.1350921012352235,-9.307025015370185,-0.07867194224033928,-0.029461598521268822,-0.3816604970362842,-0.6110239620841718,0.1739397024866553,0.18959023381761175,0.00022291606940714925,-3.141269690243223,-0.00025029042344451135
6.570240020751953,-1.5045919727034456,2.01379600011041,-9.324449237771672,-0.07911303571625308,-0.03755116044845693,-0.3814343043789758,-0.6110041301018819,0.17394554493073883,0.18954861570846995,0.00014578471601271473,-3.1413437537400224,-0.00016702179600053193
6.578171014785767,-1.2464937181371218,2.4035241031781447,-9.519416634529106,-0.08821033971068684,-0.030299918070882788,-0.3813607653051662,-0.6110023418701768,0.1739179908522552,0.18949891877776104,0.00022408454972210312,-3.14138408123248,-9.550670682984651e-05
6.586410045623779,-1.1593996111741898,2.175531866879616,-9.402752585067727,-0.07751453035567024,-0.030909229259253712,-0.3771276135038053,-0.6110025170394995,0.17392520334405379,0.18949068491021587,0.0002060271195524843,-3.141352515115127,-0.00018748444622663116
6.594210386276245,-1.2902986805543561,2.3531321069714157,-9.244647807498897,-0.08672995177434357,-0.03494272371816783,-0.37807604676571394,-0.6110053223111773,0.17394708532334155,0.1894873805447398,0.00011005120162126456,-3.1412948751606438,-0.0002351621525106591
6.602297306060791,-1.3769922701755535,2.1906245922602516,-9.19714616111514,-0.08270025382502683,-0.0348126471469045,-0.3765770021063361,-0.611004438540857,0.1739301344807197,0.18941601490093132,0.00015392979448438884,-3.1413603043331855,-0.00014346637845361006
6.610312223434448,-1.4377281829537394,2.3909518128145058,-9.22421355736377,-0.08367502907458378,-0.0343030028533677,-0.38064252400052967,-0.6110090224439046,0.17392109699143551,0.18939073594882266,0.000218842074107737,-3.1413532869378638,-0.000148869206269383
6.618160009384155,-1.7794387521208785,1.8087947945554184,-9.487306674874743,-0.07403025379590338,-0.04256037704027823,-0.37837283512567405,-0.6110081874661543,0.17394102870948366,0.18939097897513507,0.0001376435148501664,-3.1413238162151225,-0.00023083087065034174
6.626199960708618,-1.5327574661472938,1.9786827736478387,-9.224110735007008,-0.07718532838655306,-0.03998725619029938,-0.37620673005078414,-0.611021206139779,0.17394047779280258,0.18936707382901924,0.00014358532514762167,-3.141270387453148,-0.00019518781277049044
6.634342432022095,-1.1221521642227499,2.2374922630386274,-9.34520769536398,-0.08247261063497237,-0.0298402613166698,-0.38172042159870073,-0.6110082183021238,0.17393346708045807,0.1893276683924781,0.00018822168575986128,-3.1413058222168817,-0.00016506227837238642
6.642225742340088,-1.6106505928802148,2.2578941637269043,-9.408073610756547,-0.08104094759042406,-0.0396564580763784,-0.38083860362285954,-0.6110029480001676,0.1739194409390077,0.18925142447829926,0.00016951062239151492,-3.141436142471094,-0.00010680468141237745
6.650375604629517,-1.3143594849076972,2.2080124252054083,-9.239448925768482,-0.08101724306705842,-0.030426883868404097,-0.38293172039658424,-0.611005710884188,0.1739263655203171,0.1892508960128611,0.00015876035842329097,-3.1413933718094573,-0.0001498045435367676
6.658269882202148,-1.485708431586039,2.3797463623044535,-9.295226146250215,-0.08463089648819619,-0.03737159611851464,-0.3838448594597162,-0.6110049824372448,0.17392637976134295,0.1892133979325025,0.00014411226031380405,-3.1414398113179978,-0.00019713993133756123
6.6661763191223145,-1.2232152715996243,2.0267837312811134,-9.279018136682414,-0.07768869261269788,-0.030848318151315605,-0.37623552288032025,-0.6110181527633854,0.17393600939197082,0.1892318204023809,0.00017779595194005463,-3.1413063920922886,-0.00017076375127170112
6.674351692199707,-1.2086195201880519,2.3217592572412102,-9.41384060888341,-0.08465600225327481,-0.029534095570924093,-0.3834119912006912,-0.6110116169891958,0.17393613492889665,0.1891652830307598,0.0001462125856220669,-3.1413706614622283,-0.0001748800148432758
6.682297229766846,-1.436166634799196,2.2669489871534565,-9.415411387141916,-0.08576908029031537,-0.03562180883803737,-0.38007444135956026,-0.6109903210152602,0.17394654898819004,0.18908679776946713,0.00010077925188155509,-3.1414665241910185,-2.0517773069714282e-05
6.690370559692383,-1.49719341989818,1.966034099236282,-9.432131973124577,-0.07647122573705163,-0.03672962269313194,-0.3711409041371204,-0.6109975497785888,0.1739436273190839,0.1891416779456665,0.0001346260586817263,-3.1413966802498074,-0.00021038449080200064
6.698385238647461,-1.4442858242125676,1.9453574176080486,-9.375850435761343,-0.07928253852656508,-0.031004123012488404,-0.3757837464706322,-0.6109935177694084,0.17393608617127793,0.18908486076267644,0.0001484474063156873,-3.1414497215883146,-0.00012915419884803578
6.706284761428833,-1.4676586782905279,1.6418130419225028,-9.464863046853699,-0.06892111292975485,-0.03529988000078841,-0.3840793122636106,-0.6110021960462058,0.1739273599522724,0.18906688146507053,0.0002376520461006485,-3.1413944530540086,-0.0001458144080161143
6.714334011077881,-1.6749811469355371,2.087991914287246,-9.567028371299525,-0.07919376814786387,-0.040202264091680644,-0.3743682177538593,-0.6110129195626495,0.17392864210715298,0.1890590491289953,0.0001561090255214053,-3.141320973799212,-0.00019128181882297634
6.7224907875061035,-1.244339971773248,2.112890182049529,-9.539047622049038,-0.08253868370789086,-0.024790965720379678,-0.3833609612956289,-0.6110135621052737,0.1739202329639517,0.18902875679731612,0.00013727484704911225,-3.1413747240584073,-0.00014043471997843442
6.730290174484253,-1.5369073806204452,1.9543902600859513,-9.55674850198755,-0.07848181555237652,-0.03703953140145273,-0.3717821718370401,-0.6110141381651634,0.1739449152481851,0.18900659721408375,0.00013742456076434203,-3.1413288917139686,-0.00019919637561443637
6.738422632217407,-1.3882774231556496,2.039731442421394,-9.443874968436097,-0.07951116889049445,-0.03611486772135066,-0.3786738825130362,-0.6110039952543231,0.17395592993139433,0.18898843860523507,7.086046831567679e-05,-3.141359308193981,-0.0001948349720337294
6.746423006057739,-1.4868659004028648,2.3872390665221785,-9.29258670715258,-0.08818768929576706,-0.035368157453538274,-0.376592799464545,-0.6109946695312956,0.17393560551425616,0.18894255492482376,0.00016875390594354333,-3.1413869579831095,-0.00012109172887979075
6.754367351531982,-1.316450063473782,2.203336273762956,-9.518340553214186,-0.08209732462936738,-0.02850781628983979,-0.38622891140936266,-0.6110061669515915,0.17392688007085524,0.1889138730434346,0.00015574710544841085,-3.1413968062555164,-0.00019130516042178462
6.762328624725342,-1.289396922280186,2.2079548774695343,-9.430014469759366,-0.08195663961761093,-0.02999286202075899,-0.3801885012687512,-0.6110170817814365,0.17392556098079998,0.18888856317727537,0.00016444509304912484,-3.141392271945958,-0.00023116493586600794
6.772313594818115,-1.2838684429754181,2.175448967858704,-9.399733306181078,-0.08353165950429965,-0.02959237739367004,-0.38028513176245143,-0.6110219592070504,0.17393373727990247,0.18888971360867174,0.00011214408338516302,-3.1413496318692333,-0.0001590220158338726
6.780304908752441,-1.1476333581493772,2.124716135373729,-9.330843881440293,-0.07813390187270085,-0.030716633851155816,-0.3764117510118873,-0.6110146121140168,0.1739412157824591,0.1888747420312631,0.00014669166860184146,-3.1413824409463187,-0.00019508518034305132
6.78825831413269,-1.2602747089308273,1.9679590204785795,-9.357530589075997,-0.0779396917670246,-0.02923032856389856,-0.38045379313376976,-0.6110129703636655,0.17391213620230886,0.18882469425870502,0.0001919807355493262,-3.1413461143680146,-9.461849224387516e-05
6.796262502670288,-1.2836348364806947,2.054765185639414,-9.210357781753295,-0.07664706668051843,-0.03170346328985437,-0.37883656745089306,-0.611003221213866,0.17394987995133565,0.18883256383300673,0.00013304826368573376,-3.141331158687589,-0.00018668605714309005
6.804287672042847,-1.0525552474078346,2.427618222316674,-9.100213223748256,-0.08697056547397201,-0.02579270978799694,-0.38638774170343415,-0.6110236075474171,0.17391690765074969,0.18879578869593594,0.00020475247157845613,-3.1413255454115117,-0.00018322760672994038
6.812217473983765,-1.3296736108416705,1.9232405442625726,-9.341116580321367,-0.0752530530033102,-0.031536320219675694,-0.37806558768776305,-0.6110281433033363,0.17392377038830487,0.18877919180075214,0.00021197847687804615,-3.1412996722545072,-0.0001908743540307436
6.820414066314697,-1.2298788650232173,2.0868017916855863,-9.303844633602356,-0.07706287648582508,-0.032561121830276235,-0.384032219822547,-0.6110042533459753,0.1739597443091461,0.18877896952682788,0.00012717077416496186,-3.141281504326492,-0.00027679041921170806
6.828248023986816,-1.4975322699323523,2.0290831750422806,-9.209877921786795,-0.07806699442848006,-0.03907439413863798,-0.3782955707174024,-0.6110067063838376,0.17393507438576955,0.18870516535495416,0.00018272032924661056,-3.1413161646775953,-0.00022570566360551866
6.836290597915649,-1.2244524139379358,2.2740216835770397,-9.153790685751954,-0.08398850829171041,-0.03124211390764198,-0.382034702417506,-0.6110106954252937,0.17393645076776804,0.18867778477117012,0.00017539330313621812,-3.141324255255928,-0.00015431520135759133
6.8442137241363525,-1.3172289910159605,2.206613854599972,-9.343858148358068,-0.07866371087717682,-0.03310976363652447,-0.3796352335573018,-0.6110092655438664,0.17395193959908,0.1886659404616981,0.00012243919268693876,-3.1413430051347553,-0.00024700198135993586
6.852213621139526,-1.0646540833808418,2.0739553005749043,-9.236001755521036,-0.07994781246621818,-0.02833764533285075,-0.3800845370719737,-0.6110197433558822,0.17394556962281996,0.1886065834300215,0.00016290420028178176,-3.141355889608784,-0.00023380257221654793
6.860348701477051,-1.527912017871509,2.261702343625899,-9.333673052783908,-0.08259219771403664,-0.03338001581776522,-0.3788576212999615,-0.6110207981114102,0.17394471241580475,0.1885847526249047,0.00011248546133311755,-3.1413397856477028,-0.00022558609163922621
6.868476152420044,-1.3994000337121952,2.3676729720893097,-9.126998931214597,-0.08432556758341299,-0.03422749502800815,-0.3825378327079623,-0.6110037328232361,0.1739614191970864,0.1885861898441113,7.661179730159797e-05,-3.1413305983047213,-0.00016956609443244603
6.876295328140259,-1.4156467554123144,2.079689235575262,-9.217647409885998,-0.08089947167440945,-0.0357276653037183,-0.38428011027995496,-0.6110228215817336,0.1739424508298146,0.18854407457855568,0.0002097617374089458,-3.141351820300773,-0.00025900502103213207
6.884180784225464,-1.26325977292771,2.6638635229554692,-9.214154461766423,-0.09217436256482706,-0.03130308163790006,-0.38368898618671354,-0.6110200011748539,0.1739392167409935,0.18851831392182944,0.00013193046890173392,-3.141310286087684,-0.00022003384403278806
6.892391681671143,-1.2396514801319667,2.3604107366878995,-9.186476517902904,-0.08502406015406627,-0.02900730537357784,-0.3876798934212649,-0.6110232693935962,0.17393142728577066,0.18846260936681214,0.0002020135455139244,-3.1414230758788975,-0.0001547540284101455
6.900355815887451,-1.280519220352783,2.2639596284469117,-9.203879327237958,-0.08186009162144395,-0.03353188534791569,-0.3774691180031394,-0.6109992724622025,0.17394091231757142,0.1884761802246927,0.00020442321331613463,-3.141347956320311,-0.00021080197284745037
6.9083967208862305,-1.4690749444209203,2.3361576602359913,-9.284842082829142,-0.08528725483805741,-0.03461936332510863,-0.3796275150295028,-0.6110023828962879,0.1739349616081746,0.1884449186614387,0.00018475331373005817,-3.1413488532887612,-0.0002230939779131521
6.916539907455444,-1.2941259794925248,1.9436375641848984,-9.256899927956908,-0.07314560510361463,-0.031135625157783103,-0.3811966169504806,-0.6110368287101064,0.17392300047330864,0.18847795447572285,0.00024350003651712728,-3.1412272939883468,-0.00025929057314559817
6.92431116104126,-1.1725533647603716,2.2858783589855745,-9.33455102593078,-0.08280071203170596,-0.02970556260058749,-0.37767930141484635,-0.6110029573821885,0.17392776756274794,0.1884075211767034,0.00018551611521454615,-3.1413366810919676,-0.00021134105611691264
6.932265758514404,-1.4551672007723808,2.373206407605618,-9.18357106855887,-0.08455061732693893,-0.035165188996627655,-0.38103398536362126,-0.6110061072167727,0.1739426338561066,0.18836817170231063,0.00013499343580136188,-3.1413585641712674,-0.00022149685705313244
6.940351486206055,-1.1444506188846748,2.140117574071178,-9.3590204231183,-0.07929935053565335,-0.02632229266945629,-0.38358023676069164,-0.6110147017445066,0.1739443452257065,0.1883908371223867,0.00016777434853231603,-3.141258804104941,-0.0002603825891899122
6.948279857635498,-1.4115467014839886,2.232636965767381,-9.362646974851932,-0.08308235501475905,-0.035930260203801356,-0.38270082034856484,-0.6110122574852876,0.1739302289724423,0.18834529273975914,0.00017485559320205558,-3.1412988597957407,-0.00020528974570746783
6.95631217956543,-1.561761979421313,2.271392211221866,-9.22050985959802,-0.08352859515004456,-0.03684181620007996,-0.382456684034526,-0.6110229427201643,0.17394636111753392,0.18834184280288524,0.00017105461241781586,-3.1412483796932555,-0.00033345632447971777
6.964255332946777,-1.666603005140745,2.1924480721555355,-9.405494267362673,-0.077536462181046,-0.04066185324756148,-0.384055706360591,-0.611003691819943,0.17393294325496536,0.18830549854259815,0.00017572879375961681,-3.14128879459517,-0.000197601701280223
6.972409248352051,-1.3841114959440894,2.209388972398292,-9.363764807065643,-0.0836720257912682,-0.03561457339921871,-0.3794649859538838,-0.6110423589552811,0.1739474341334422,0.18831830725929347,0.000186654463250089,-3.141204323959574,-0.00034094704709875613
6.980278968811035,-1.4127464914238317,2.0671317540170455,-9.301104583383585,-0.07741372086056572,-0.0329493828808628,-0.3837374899401336,-0.6110224223829006,0.17393211680676587,0.18824382737447198,0.00020035293489135427,-3.1413044724321746,-0.00018388794950068203
6.988401174545288,-1.6412549576238236,2.1024814578044433,-9.43128108901749,-0.07990966492866577,-0.0375273888086134,-0.38424357488087135,-0.6110167719111569,0.17396205279316818,0.18825271700184862,0.00011085627177985957,-3.1412709690897946,-0.00027691723092994634
6.9963274002075195,-1.2454407904058045,2.080336765477565,-9.470616970216186,-0.0777819384650478,-0.03030465308723249,-0.3806631526850495,-0.6109923313924629,0.17396631682620672,0.18816039425861888,1.4051511103977026e-05,-3.1413812425043326,-0.0001780588394083808
7.00431752204895,-1.2847389085131389,2.1145010613379878,-9.352467248704956,-0.07606603483139811,-0.03193251666183136,-0.37917695125279405,-0.6110064199450332,0.17396804242090133,0.1882117358108042,0.00011161533486656543,-3.1412669927032804,-0.00023540255101837875
7.012341499328613,-1.1365467213302454,2.118071149434834,-9.348660402990824,-0.07833492656778522,-0.02935832361432165,-0.3831146123162851,-0.6110050954390303,0.17392612206029465,0.18818173129655558,0.00020821081945301712,-3.141342923635537,-0.0002523812547698515
7.020299673080444,-1.2200533364193096,2.159997348842923,-9.43877905158419,-0.07914210025589381,-0.030219866291704905,-0.37974529349865427,-0.6110357598438615,0.17393569197007247,0.18816018543791804,0.00020393103234252102,-3.141247043661742,-0.0002741243433261424
7.028175592422485,-1.1147204768099417,2.202106608594839,-9.604478131396705,-0.08226084879684034,-0.029942021195131535,-0.37546357398995855,-0.6110203374263028,0.17394370083795976,0.1881294712485646,0.00019052093259826506,-3.141305555245191,-0.0002538927201483293
7.0364580154418945,-1.5485011083915499,2.184145914158919,-9.447023036696148,-0.08558929486429284,-0.03483187892861208,-0.3728675496724861,-0.6110399933531553,0.17396746582593237,0.1881393606465636,0.00016497412175010763,-3.1411958401914726,-0.0002858095869512705
7.044373989105225,-1.3786161357370605,2.3813371979378815,-9.50362824795568,-0.09005087096302011,-0.03545894683853277,-0.37962867931951033,-0.6110115199179077,0.17394898593537353,0.1880854662049805,0.00016654629277466473,-3.1413121461391715,-0.00023238557441749197
7.052286863327026,-1.3125558840789089,2.1249887217501935,-9.451429625184478,-0.07897828226784163,-0.02943060060587183,-0.380154577281404,-0.6110130863930304,0.1739426984372363,0.18806810529340617,0.00016628753669024912,-3.1412922580301204,-0.00022735527697443912
7.0601887702941895,-1.2404377668818494,2.0990724933914473,-9.437179962486429,-0.07963879714889728,-0.02889361002450148,-0.3815898665264174,-0.6110079952668781,0.17393387409748448,0.1880487129717286,0.00016045383226136623,-3.141322871211509,-0.00023802596170109156
7.068234920501709,-1.397917031969568,2.149914178123791,-9.583485568270127,-0.0808702810080217,-0.033876154702726514,-0.3763789569355162,-0.6110255663604415,0.1739660087796594,0.1880295070174312,0.0001200796255328487,-3.141242863197206,-0.0002466282018482919
7.076296091079712,-1.3351853013097468,2.1377740526972433,-9.443129017461226,-0.08099415226000188,-0.03091776466312675,-0.3750358736852597,-0.6110149773880987,0.17393261671937635,0.1879885115558696,0.00023179204755547172,-3.141319282827696,-0.00021131483676097823
7.084442853927612,-1.4386610324809925,2.0098102254503774,-9.530546432019605,-0.0796998875575028,-0.033534447332098385,-0.3834006402775084,-0.6110345542400738,0.17393873949582372,0.18797562398756668,0.00020545434820355113,-3.1412774616939565,-0.00031109122651568993
7.092312574386597,-1.6417333372194571,2.2788816455378265,-9.340921304641252,-0.08605150883055701,-0.03887615675559785,-0.3773198400840531,-0.6110441199059949,0.17394605898473792,0.18797652194675357,0.00021375360791213842,-3.141228630961929,-0.0002068984379825251
7.100250005722046,-1.655543715827592,2.0616733359020856,-9.310717631151581,-0.07937852403429493,-0.0359512132714416,-0.3861384720371839,-0.6110270238047786,0.1739561918048755,0.1879421433016218,0.00020524308446193286,-3.1412686670166314,-0.0002450055582746783
7.10825514793396,-1.3061661710476697,2.058604940403242,-9.472357705031806,-0.07705232158228598,-0.032929552198473266,-0.3856493926210411,-0.6110340536901075,0.1739344823569833,0.18794868237598686,0.00021267034736677495,-3.1412557975322692,-0.00021934475685087245
7.1163389682769775,-1.5064942782332775,2.052463221498721,-9.27699829551002,-0.07503018499833453,-0.03650091227230791,-0.37324010205199476,-0.6110254738860827,0.173951942125276,0.18787733922523037,0.00020791957538866883,-3.141329940491317,-0.00019328340189129416
7.1243133544921875,-1.2673063833439289,2.398005308672211,-9.292076284859098,-0.08691387791675395,-0.0311642715275616,-0.3832218494901305,-0.6110221023350076,0.17393512220428473,0.18787487882645432,0.0002849676381367323,-3.141285578196443,-0.00022214189136321552
7.132234573364258,-1.5047485777438878,2.1679537688333963,-9.421323270647212,-0.08118729302400486,-0.0340699888700197,-0.38367371749366636,-0.6110440078312532,0.17396354365711164,0.1879136784753128,0.00019535284342592652,-3.141184065631068,-0.0003434326088670986
7.140387058258057,-1.1842405594135113,2.398999727118319,-9.588872475611568,-0.08974760503035738,-0.02412638711892117,-0.38082779134688566,-0.6110265779094941,0.17392853007696682,0.18785004413808182,0.00018444088469809518,-3.1412522115968966,-0.0001621375074523048
7.148371458053589,-1.1046185384662517,2.1963347477640007,-9.39742683815464,-0.08137567703647808,-0.027395806264932664,-0.37685884008663445,-0.6110285514090454,0.1739437985938234,0.18784287843759884,0.0002025465524467741,-3.1412711478094453,-0.0002700342969144147
7.156240940093994,-1.577455055985139,1.9851722674688523,-9.470658425428466,-0.07599842582621137,-0.03793306266110178,-0.378251660847546,-0.6110189831117115,0.17393327458280525,0.18778514954797584,0.00021478255250675698,-3.1413471351791813,-0.00020614179216981785
7.164275884628296,-1.3982161746454258,2.2093187251464093,-9.369186179871855,-0.08380529199907184,-0.03508047668309449,-0.3817769512097078,-0.6110171852775592,0.17395105010942044,0.18780285454606327,0.0001588139177501859,-3.141317651855885,-0.0003095365035985352
7.172485589981079,-1.4733046063789015,2.1451011921827097,-9.27025752470736,-0.08074829073191296,-0.03681044831573798,-0.38052555712107405,-0.6110196884781884,0.17394573669567448,0.18779156918669032,0.00011940706227404507,-3.1412771268525326,-0.00019134217672535071
7.18431282043457,-1.2215948556041019,2.097288301943879,-9.297216037812163,-0.07813702107040126,-0.029477422568673715,-0.3789198562064876,-0.611018441705391,0.17395352179513754,0.18775651340355398,0.00013824078287835132,-3.1413348460790194,-0.00022351029674023233
7.192282676696777,-1.4155135981595763,1.932933144305092,-9.27367329065718,-0.0775405923667622,-0.03614736700815668,-0.37798886153695327,-0.6110181316934458,0.17393596691720312,0.18774132235366814,0.00021068406161027414,-3.141318609761343,-0.00024420069597101853
7.200315475463867,-1.3389374660350581,2.3413850368108973,-9.154606901544025,-0.08666416191496035,-0.03698396139715302,-0.3790224506897953,-0.6110180293073088,0.1739299752832,0.18771432971714286,0.00016479595429828378,-3.1413124709638938,-0.000241167636638304
7.20835542678833,-1.3948755091005,2.1325557034280864,-9.246171404176764,-0.07997071915640615,-0.03279849868926055,-0.37761301695349064,-0.6110436530482485,0.17394197680749487,0.18775089553339183,0.00017167339031133423,-3.141222070673492,-0.00033798942875453114
7.216357469558716,-1.451089381503596,2.4274998490124173,-9.246935197955604,-0.08649579790746885,-0.034071400288226306,-0.3757783008373493,-0.6110073684472213,0.17393216249036314,0.1876728439614706,0.00015894873883887578,-3.1413695504280725,-0.0001855878733286842
7.2242655754089355,-1.5036082706091436,2.2606139475425397,-9.212262642460884,-0.08323833791970361,-0.03592728132032598,-0.3784624904564386,-0.6110136492020606,0.17394989737179495,0.18767138562382718,8.944058096556001e-05,-3.1412745516326717,-0.0002125544066360634
7.232298374176025,-1.5222049405800082,2.068398157687958,-9.373795391013456,-0.07948946724480833,-0.038206380535236416,-0.3770264930520393,-0.6110167450362115,0.17393242841774903,0.18763201328094842,0.00019160509798782444,-3.1413939984915293,-0.0002232465798229267
7.2403600215911865,-0.9958677927129951,2.4996025710613834,-9.234121943055127,-0.0918032780549592,-0.02663910137154588,-0.384703326110467,-0.6110114770862868,0.17395539630616816,0.18761533238112435,0.00022285385712136503,-3.1413513798227695,-0.0001634202013788537
7.248245000839233,-1.4389367212036983,2.237251139836753,-9.11074232339697,-0.0837959953179454,-0.03468725716942825,-0.3797918326874561,-0.6110330695193483,0.17394803310599832,0.1876598247808336,0.00019237948319505237,-3.141262318573867,-0.0003107451298337775
7.2562830448150635,-1.0622442291148735,2.291633561751249,-9.449713139208843,-0.08250527525891523,-0.0300140838385947,-0.3811600034060881,-0.6110206387392346,0.17393507790725918,0.1876015485672196,0.00018116140873068322,-3.141289440228538,-0.00023721482304467305
7.264241933822632,-1.5432877563087373,2.3669676259624204,-9.342427950198772,-0.08621923367745625,-0.03635124422408542,-0.38495253855263917,-0.6110119803128066,0.17394542502699814,0.18758394790727012,0.00015995717847587274,-3.1413590166076415,-0.0002665570270521075
7.272355794906616,-1.4659692015506878,2.3451909873631376,-9.444307681492845,-0.08417895201453982,-0.03907373783825319,-0.37279971306696724,-0.6110135170002798,0.17393836153630646,0.18753926090689596,0.00017455192225650224,-3.1413892637041716,-0.00021797639027648324
7.280186653137207,-1.4932696236602263,1.9387202885780097,-9.366102880876728,-0.07457023555079757,-0.033780119064394494,-0.3820817124023593,-0.6110269897494468,0.17391194212525346,0.1875280746422917,0.00020720383027372842,-3.1413372086373883,-0.00014490588803395987
7.288295030593872,-1.5725651329879398,2.242844822868794,-9.233775470011652,-0.08013990509487612,-0.03629113620882852,-0.38213467869759293,-0.6110018149277445,0.17396205953736085,0.18755278499520703,8.290500554007317e-05,-3.1413366025204232,-0.000269242569026047
7.296308994293213,-1.2549540426186692,2.090888862614165,-9.241571440728828,-0.07860440406931157,-0.0316091538532285,-0.37905225005307486,-0.6110232631247586,0.17393002146876765,0.18752560870099758,0.00025161812655653235,-3.1413282059589718,-0.0001887264453694996
7.304251670837402,-1.3468885084264115,2.2998951079853214,-9.322869297385251,-0.08543094461076163,-0.03287093245642511,-0.37595631011669867,-0.6110126500815473,0.17393351774926258,0.1875344382277172,0.00024018973360012352,-3.1412818102309124,-0.00024059449565206332
7.312256336212158,-1.405309521935822,1.9427067695789846,-9.205312388625048,-0.07420712111420284,-0.03243756019704422,-0.38225288457284656,-0.6110173050677126,0.1739544609350979,0.1875259034839567,0.0001684820592034934,-3.1412795559817295,-0.0003008606950743011
7.320246458053589,-1.2182770179060947,2.215033410513706,-9.294217497957746,-0.08036468844449285,-0.030604116959489926,-0.3800828096400618,-0.6110149511955171,0.1739395985869233,0.18743954113037695,0.0001495695774371284,-3.141421562705751,-0.00015243077197831014
7.328250885009766,-1.2112484699082602,2.2064974761758105,-9.426849250746375,-0.08404171579348552,-0.028376523811713676,-0.38150503907291533,-0.6110141411246934,0.17393476939687322,0.18745764592980385,0.0002216682939323806,-3.141376391930066,-0.00016885012617212503
7.336319208145142,-1.5493135350426748,1.9884662017577783,-9.404412066950558,-0.07416620532149734,-0.03602794310038205,-0.3773295094198266,-0.6110210061978522,0.1739514660419039,0.18749330880053056,0.0001575697460882412,-3.1413019460953144,-0.000304711592674729
7.344359636306763,-1.2255950391162984,1.7672251317220165,-9.490658811120262,-0.06966108736364099,-0.030123941200595573,-0.3750589809509215,-0.6110351164502936,0.1739560994664202,0.1874857538459065,0.00020889288228363349,-3.141254402924838,-0.00029922233843655713
7.35217809677124,-0.9060673952614744,2.4321433284483036,-9.204095412470252,-0.08461461512037503,-0.023259282117985256,-0.37859178562922385,-0.6110334183094963,0.17394689647532002,0.18744368877279005,0.00019054033735745054,-3.1412996213943285,-0.0003110364294779496
7.360232830047607,-1.3414801154072922,2.0758500339827335,-9.381650164397296,-0.07972419626414974,-0.031909312067607526,-0.3722473391876266,-0.6110277959143386,0.17394422759989256,0.18744732617438092,0.00019724340911428856,-3.141295184523224,-0.0002723601003249645
7.368291616439819,-1.483736224162907,2.0829890041730943,-9.251900107370787,-0.0792989882137109,-0.035630569886190205,-0.37775362116253025,-0.6110133226632873,0.1739712336342384,0.18739857442166247,0.00013608681847896798,-3.14135798285016,-0.0002492301738014378
7.376291513442993,-1.2465687236134488,2.1559157656573618,-9.210706327260716,-0.08122328356711554,-0.030683121998097605,-0.38297137325633646,-0.6110024578878775,0.17392528183455103,0.18739448342654727,0.00019593914052016582,-3.1413879021365605,-0.00019447143155689833
7.386194705963135,-0.9950898824085895,2.4715536035869365,-9.137011678216199,-0.08797830778359915,-0.024306386739090465,-0.37415051367684776,-0.6110300146077087,0.173937540621033,0.18740400163042253,0.00022374065888169497,-3.141329344257795,-0.000220584230501417
7.394245862960815,-1.2627334086243271,2.0832282112471576,-9.312758362031984,-0.08119017276866929,-0.031384971113397823,-0.3775317487985903,-0.6110375225882454,0.17395016523869827,0.18739157147316884,0.00019842913459225522,-3.141268272855641,-0.0003082030915696729
7.402306795120239,-1.373872440098549,2.2390442722665718,-9.276767868965766,-0.08329469518050289,-0.03490699512820068,-0.3741267200938291,-0.6110237914278566,0.17394447704163385,0.18740475969277462,0.0001384546082165131,-3.1412820351015007,-0.00035437075956343045
7.41036057472229,-1.2058271862759422,2.328429479703916,-9.121811653804656,-0.08338693939656842,-0.030008231973769894,-0.37608143955431944,-0.6110192259229567,0.17396089093203168,0.18736224388159367,0.00014754822328714025,-3.141261812079738,-0.00032045704752109953
7.418253660202026,-1.410268958971557,1.9189413683034062,-9.222908601739917,-0.07534865479906866,-0.03284386755823004,-0.3782526958617141,-0.6110239378457077,0.17396023236405264,0.18732889551639276,0.00011992105750076249,-3.141305945405617,-0.0003182110193596514
7.42629337310791,-1.4258022608471361,2.4048759911445265,-9.232593701311794,-0.08377252473733432,-0.034672946493203106,-0.3724071174744599,-0.6110476462995237,0.1739194185457649,0.18730422894783916,0.0003142399308877472,-3.141287051699015,-0.0002692434592499741
7.434318542480469,-1.4559580229829567,2.0408525057678943,-9.395345262079442,-0.07936676930296684,-0.03668476324855014,-0.381044557710603,-0.6110287365230982,0.173954389048077,0.18726271035758918,0.00019300955351406012,-3.141272189283811,-0.0002155611918005129
7.4422767162323,-1.2016152440666295,1.9049344602390017,-9.338122980006085,-0.07247779465727501,-0.02976465030615086,-0.37508026745957357,-0.6110274920257348,0.17393240314396186,0.18723615747780292,0.0002848083316634412,-3.141310326910017,-0.0003138287871512248
7.450439691543579,-1.0806937001941883,1.9059153505908415,-9.339007502955909,-0.07421242527075826,-0.02671866914156133,-0.3859064457267084,-0.6110042011931265,0.17392654429633533,0.1871799462770517,0.00014805812976829478,-3.1413753160901643,-0.0001784668886541146
7.458387851715088,-1.0200396587218847,2.20881078673182,-9.397117957165785,-0.0828606341710833,-0.024919223033373888,-0.3808905999238266,-0.611022990988427,0.1739136852118122,0.18714525970447685,0.0002519010994809664,-3.141360285918166,-0.0001481997968356724
7.466238498687744,-1.3333857974792944,2.4228186602474717,-9.42847298585636,-0.08951696435571277,-0.03302951467669831,-0.3793882291284128,-0.6110263553641132,0.1739397067047457,0.1871322319603823,0.00019539366721838398,-3.141347396844948,-0.00022395316159541559
7.474331855773926,-1.3836623094751415,2.1826379818047696,-9.205802505004621,-0.08406785733479283,-0.03482960780367261,-0.3814898460374603,-0.6110009076832705,0.17393660467095232,0.18711728785522314,0.00018266665416114688,-3.141348638275588,-0.00029423618083139144
7.482297420501709,-1.07946449121959,2.3725840841318693,-9.423586024663527,-0.08727354131275168,-0.02441915217093483,-0.3774921845746438,-0.6110033685122399,0.173933037090278,0.18705272723744953,0.0001945154517296344,-3.1414462976961905,-0.00018291560574752288
7.490391254425049,-0.8797208706526524,2.350891013668666,-9.210686839447769,-0.08775565811587516,-0.02274973638273674,-0.3842455363661478,-0.6110321158406086,0.17394274519295877,0.18706764604999465,0.0002275157936097165,-3.141334452514629,-0.0003208252288794795
7.498294115066528,-1.0184669617811812,2.2731898051518056,-9.21885198642489,-0.08329063790793134,-0.0250022040077903,-0.3787012037112724,-0.6110178443096503,0.17397700257851806,0.18705104671289696,0.00016324071902615732,-3.141347422028256,-0.00028779704092400573
7.506601095199585,-1.408571126402274,2.2009659494715965,-9.306268888798002,-0.0819355896884521,-0.036532556104128956,-0.3810743731341608,-0.6110109988163868,0.17391098211651088,0.18698778824853984,0.00022974240929601295,-3.1414024774751566,-0.00017486748411164028
7.514391660690308,-1.0719166590507416,2.2042832487524717,-9.38697548313049,-0.08285223538894533,-0.024125391731580414,-0.37627385609676245,-0.611015804368555,0.17394072061042976,0.18700458212698196,0.00017120813005589775,-3.1413771223340117,-0.0002115198663114939
7.522497653961182,-1.1055835254940038,2.143165906650344,-9.17813936870237,-0.08065106611448529,-0.02809842780237267,-0.3792690646582197,-0.6110107137282254,0.17395124489420516,0.18693374098165452,0.00017729535577110965,-3.1414069464630834,-0.00016368505898212282
7.530308246612549,-0.9325838352033985,2.190720695095198,-9.278560895989994,-0.08019745597367796,-0.024373857030602335,-0.38631044575425505,-0.6110242142840163,0.1739209413150572,0.18694603469562987,0.00020572845444133056,-3.1413174568165645,-0.00020906482592252234
7.538329601287842,-1.157297510134198,2.1360175400433294,-9.415563753673037,-0.08110227890196002,-0.030561382259812035,-0.383152652848163,-0.6110048077203978,0.1739494939335974,0.1868906752878291,0.00017327883281432568,-3.141463028981047,-0.00024011860219772113
7.5462646484375,-1.3468525683512793,2.0886746989298834,-9.441173830780729,-0.07907963080928707,-0.03003073901007867,-0.3855943451737986,-0.6110199094123168,0.17393913410515716,0.18691279277413803,0.00015507918222374193,-3.141350672068316,-0.0002242632518037028
7.554264307022095,-1.2653558175129513,2.2713352244750205,-9.220566999484445,-0.08187787725246423,-0.03115359834022862,-0.3771808398609211,-0.6110207003237204,0.17394138379831398,0.1869044218276868,0.0001603076561435464,-3.1413062641099847,-0.00029127846941152523
7.5623273849487305,-1.1857329942177899,2.235459319464225,-9.077249609089844,-0.08183150477779189,-0.03134140936769505,-0.3801063198090977,-0.6110114493143557,0.1739138167055328,0.1868174847447657,0.0002523303873146735,-3.1414086341909138,-0.0002625921945462304
7.570312738418579,-1.0790671671689542,2.1638519494820176,-9.2944058747327,-0.07714718841758961,-0.02716047082113446,-0.3805906456878089,-0.611020827816907,0.17393686862232066,0.18679831305964528,0.0001746353522125342,-3.14136580832708,-0.0001226956777269417
7.578464031219482,-1.0661972911201787,2.0483790150171535,-9.339076011875012,-0.07862948506445626,-0.028371015451013233,-0.37854825375729445,-0.6110127848068378,0.17394463568015262,0.18676753668142526,0.0002014632801285795,-3.1413779119860243,-0.00017135161887717464
7.586292505264282,-1.3377199471689634,2.0216484225776132,-9.24710587385818,-0.0770783123075355,-0.03509786559275359,-0.37855728624659785,-0.6110142541667416,0.17392731274287504,0.1867576156466732,0.0001697794875681939,-3.1413582393083517,-0.00021529320774363466
7.594376802444458,-1.0392270405081583,2.3233709227620376,-9.283740292242648,-0.08179155763520982,-0.025744497963310475,-0.37757497542679364,-0.6110219562602562,0.17394253568758536,0.18676975348717312,0.0001445211026516749,-3.1413199400426106,-0.00029045497259880775
7.6023290157318115,-1.0418673337829323,2.0869026471827663,-9.38266838673095,-0.07988207386722007,-0.023566042232281717,-0.37920036860521794,-0.6110298391454926,0.17394207006792467,0.18673799036170724,0.00016959308467956487,-3.1413128216418174,-0.00022314020843597194
7.6103150844573975,-1.3467521849848092,2.279495899042062,-9.381324578290208,-0.0817971762135662,-0.03432947064203538,-0.3809924289365392,-0.610995062614514,0.17396683681505334,0.18670938817360194,0.00012404871579599155,-3.141388457949622,-0.00024022371557451172
7.618274450302124,-1.1825461769991574,2.2164649340944074,-9.427933541027274,-0.08022619610099685,-0.028519350817429737,-0.38109117363716866,-0.6110263528618985,0.17393833746342824,0.18670645247507692,0.00024302547462332018,-3.1413130778603984,-0.00029511956136285083
7.62621545791626,-1.3406592204677763,2.1423816164597227,-9.476869156555857,-0.08010073786342047,-0.030072689529389594,-0.3774567590123048,-0.6110103515042565,0.1739319704861705,0.18665796728026524,0.00014598454503349483,-3.141361292388735,-0.00018907303966896548
7.634170770645142,-0.9936155164560461,2.44998827195177,-9.474301769671403,-0.08769633396340663,-0.02214862949246933,-0.37828867158192075,-0.6110163492010475,0.1739488946798826,0.18661653843232143,0.0001524022520038465,-3.141382555731146,-0.00020822396641568698
7.642338514328003,-0.9323019462962983,2.0308687787818283,-9.40541840835522,-0.07750232568966021,-0.021531190415005213,-0.376068445447683,-0.611010257829649,0.17393230255053962,0.18663879608450418,0.00019085578593782716,-3.1413336135948624,-0.00021923043774988262
7.650191783905029,-1.1969336791548433,2.333451123880907,-9.361961727227875,-0.08464046259460885,-0.027724161665484158,-0.3805438159672799,-0.611011100641588,0.1739239868141442,0.1865834766930078,0.00022335225067679297,-3.141400364505306,-0.0002054754916680692
7.658191680908203,-1.1450221324087366,2.019243313209027,-9.473797277120118,-0.07835340977660188,-0.026674404710284195,-0.3776357546778865,-0.6110158921538493,0.1739721119676418,0.18659016187681254,9.950840014239191e-05,-3.14134639878549,-0.00032405515614870726
7.666341304779053,-1.027361859576385,2.331107153532015,-9.44922697295819,-0.08661079559114292,-0.02471175629288065,-0.38090761429239933,-0.6109990925408061,0.1739286741316695,0.1865470767276547,0.0001793295018812712,-3.141397297882156,-0.0002521012142654918
7.674244403839111,-1.2854852976205957,2.060815142785302,-9.357713243957761,-0.07819315994335509,-0.031025464586490036,-0.37692961492340216,-0.6110245463652717,0.17392647415388277,0.1865902186452365,0.0002050891058499232,-3.1412592952884744,-0.000251187586770581
7.684355735778809,-0.9670916369515917,2.2905883522167803,-9.374510387550064,-0.08160552751515215,-0.02739284886116257,-0.3805632950552702,-0.6110040598214123,0.1739600739059707,0.18651800420174763,9.564760774561348e-05,-3.1413252900349526,-0.00021650836454138004
7.69425892829895,-1.5650023573244605,2.282322265996596,-9.452519073670345,-0.08284479981184452,-0.03759293608592677,-0.3727886840522894,-0.6110158028059507,0.17394649220943906,0.18652064020803868,0.00011075782614866122,-3.1413144531309936,-0.0002831434629811892
7.702325344085693,-1.6512056399945887,2.1965731536339623,-9.407723639043402,-0.08138357522775681,-0.038588703499613165,-0.37685577535249243,-0.6110205369580399,0.17393731448272087,0.186491913048488,0.0002004731303213018,-3.141293802494501,-0.0002489772074240823
7.710355043411255,-0.9565322369852993,2.3105737673991924,-9.417642710520434,-0.08159863522003566,-0.02080246350515415,-0.3839491027733647,-0.6110063481306417,0.17394667988349705,0.18645338376047307,0.00016266506450457756,-3.141347923970063,-0.00029149402049015146
7.718328952789307,-1.1915019125118071,2.2818856979154525,-9.36769208187555,-0.08276287379547909,-0.03136700737022186,-0.3811777138537201,-0.6109946703804716,0.17394184944960808,0.1864048630264017,0.00011738768532444249,-3.1413915224737186,-0.00022487296723890283
7.726307153701782,-1.376000557133592,1.8454865103244484,-9.505895925964813,-0.07301604232104468,-0.03463276744262302,-0.37321316533972404,-0.6110179850044979,0.17395060497371137,0.18641288418237464,0.00014244401886263352,-3.1413122580602866,-0.00023328745372746295
7.734272480010986,-1.3939769598849918,1.974633156759658,-9.477998527088001,-0.07496698809794153,-0.03593589184092633,-0.3843586463730691,-0.6110154410882721,0.17394987260227227,0.18638658495320082,0.00016446890254094527,-3.1412786752063067,-0.0003257002958004263
7.742391347885132,-1.5837089587598407,2.1075456490457425,-9.480962566152696,-0.07737535929567067,-0.03325583702589589,-0.3733241209474711,-0.6110185950738113,0.173928988687176,0.1863436450961691,0.00015112556742162247,-3.141323414038069,-0.0002448262167736221
7.750329494476318,-1.2971833393314178,1.881391866711349,-9.500559763680009,-0.07396507284101286,-0.03138010702982014,-0.37990285152715186,-0.6110313924580555,0.17392882990897432,0.18632463119496664,0.0002541356499324764,-3.1413087040959433,-0.00027969377057099847
7.758458614349365,-1.4909954033211448,1.815965094687768,-9.553139740792291,-0.0735242799864341,-0.035944085153596934,-0.38053269675547197,-0.6110055917007685,0.17392873995989896,0.18625530006554697,0.00019698216096274458,-3.141372959139663,-0.00013033135821831807
7.766287088394165,-1.0261172292118306,1.8812984402228692,-9.580099370889245,-0.06989282044614692,-0.02493017512298807,-0.3816416965848061,-0.6110115508489843,0.17392528331918633,0.1862445256269778,0.00016705050934335733,-3.141316955675029,-0.00016884569569645272
7.774260520935059,-1.0953983688590516,2.0097844329911054,-9.413094131067272,-0.07427113094165008,-0.028980787135682407,-0.38189084687414115,-0.6110034048663666,0.17393691133024955,0.18621552363997118,9.667367255528226e-05,-3.141377255424293,-0.00019043345021067337
7.782367467880249,-1.150193278570525,2.5567077656314647,-9.446363703984126,-0.09008369415047394,-0.026654212091339027,-0.37939093800356094,-0.6110062342049032,0.17391578052195802,0.18617865991137,0.00017369557709459547,-3.141372266947654,-0.00015072672821508514
7.790316343307495,-1.2872130709927472,2.249455158842077,-9.500517757377484,-0.08105398339836554,-0.031370786948824704,-0.3815564193457868,-0.6110284534463839,0.17394574772194205,0.1861947420180564,0.00019880284830655397,-3.141296490548375,-0.000272415094724959
7.798288345336914,-1.4146594482986445,2.2033382912042683,-9.386068008754835,-0.08369407900452595,-0.0347244605360503,-0.3796138957377043,-0.6110074472360316,0.1739569838849463,0.18613883053424918,0.00014081273039791495,-3.1413571750199396,-0.00020589266444237783
7.8063859939575195,-1.119270295750783,2.1709929823714704,-9.535816405201993,-0.08064388829581802,-0.0285470171161705,-0.3769201444921286,-0.6110287049221802,0.17393257928481903,0.18611934174381745,0.0002320725288400962,-3.1413247519274394,-0.00026807303670589187
7.814155340194702,-1.215569420290347,2.0400156988202323,-9.452691344082986,-0.07748695540998031,-0.026904170782078667,-0.3845602773694801,-0.6110274965276791,0.17393074169901243,0.18611932091414007,0.00018835324393161342,-3.141273523860307,-0.0002451816388242973
7.82215690612793,-1.3307938620579771,2.0163403528279296,-9.51618615142479,-0.07828905863971071,-0.03034547159790681,-0.38165065426347455,-0.611016565356707,0.1739380856112583,0.1861017580547,0.00019031940041008445,-3.141278407183078,-0.0002855892132869634
7.83017635345459,-1.1151158477050527,1.8961834666539747,-9.591351303165888,-0.07564726824515935,-0.02902202327359355,-0.377687638322778,-0.6110134093263229,0.17394291073266724,0.18601595493594708,0.00022126950050971198,-3.141375068131203,-0.0001594713468660445
7.8383893966674805,-1.2333640426531958,1.996310910156976,-9.44067283151412,-0.07827331346497744,-0.03000114089258681,-0.37717944099436856,-0.6110377737249838,0.17390881274074,0.18603635559970555,0.00029274074588480335,-3.1413096697923937,-0.00024446357720409875
7.848318815231323,-1.2810517388938993,1.9156551849987957,-9.430043360376514,-0.07707250158966862,-0.03207571500918118,-0.37692762398804486,-0.6110259671359497,0.1739280799693941,0.186006567712155,0.0003104188157485197,-3.1413198504677053,-0.00022702868794776795
7.8562681674957275,-1.3166902679679255,2.2975820644578184,-9.438195500778228,-0.08116692051705729,-0.030475138900964163,-0.38688983100162566,-0.6110089853949673,0.17392351405069537,0.1859505390056761,0.00016439126999065226,-3.1413714990682786,-0.0002559462324802979
7.864302158355713,-1.136419452619917,2.1699373813681984,-9.489116611824588,-0.0829030499820315,-0.02567118240495349,-0.38447212694841254,-0.6110076159376711,0.17393261777374378,0.18591372428009423,0.00022972377334043578,-3.141393890760356,-0.0001649406122515983
7.872397422790527,-1.1868594923788784,2.2056342757617826,-9.43709307459601,-0.08352433546406679,-0.030383591468190325,-0.37754301160263926,-0.6110137668085583,0.1739353710751236,0.185900430301508,0.000165653007311243,-3.1413758185951086,-0.00017212066707252122
7.880190372467041,-1.257108735655336,1.7550500082257676,-9.619088603500717,-0.07231664438515589,-0.029865803991478913,-0.38214644749677334,-0.6110100664956052,0.17392980104421615,0.18590157594197604,0.00016622873592760462,-3.141329798563984,-0.0002024453284508461
7.888354778289795,-1.5078604840302068,2.250072969505703,-9.412392647411092,-0.08173483556481892,-0.03481770267023032,-0.37699832146020906,-0.6110242743366291,0.17393807497877592,0.18588079445928946,0.00021796116778658578,-3.1412879602202035,-0.00029697176021466464
7.89627480506897,-1.3470883725571186,2.07360321320381,-9.386049793274715,-0.07603221926413946,-0.03367515247542013,-0.37533052418712964,-0.6110422850829624,0.17394679927151324,0.1858621297802945,0.00014827195760241525,-3.141221556141471,-0.0002916919076773358
7.9043707847595215,-1.3072135537933087,1.8748536953786659,-9.436984598234648,-0.07154111456558016,-0.031863313826734074,-0.37638955805648155,-0.6110199162476215,0.1739343247208421,0.18580633658441043,0.00021214336470217444,-3.1413101138142356,-0.0002096593536069364
7.912215948104858,-1.1702737979595084,2.1960628722410087,-9.38191618088866,-0.08113924490094036,-0.027471221048499587,-0.37386574144822843,-0.6110407010720784,0.17396454979188616,0.18585318664107225,0.0001291453013098216,-3.1411424430429027,-0.0003721574342657352
7.920279502868652,-1.6408330052100966,1.7502314253455102,-9.504080524818043,-0.07123514627738026,-0.04250126831642521,-0.37174108497725505,-0.611035539989644,0.17394671124069294,0.18577426499808933,0.00022635227919732764,-3.1412894104591405,-0.00029165900185308257
7.9283833503723145,-1.3937047756038794,2.014395438413459,-9.50497006709106,-0.07933161859492062,-0.0317657185820797,-0.3811323326955526,-0.6110235189179151,0.1739432721205077,0.18575388924861352,0.00017100988516122846,-3.141255601860201,-0.00028350027901483197
7.936211585998535,-1.6397889565435488,2.060593213850019,-9.471110190341294,-0.07944609749755892,-0.0397618920864694,-0.37543837568323724,-0.611003096642049,0.1739433940123927,0.18569432442047462,0.00017554616936352345,-3.1413765259659114,-0.00026107099991166076
7.944311141967773,-1.4421882395153391,1.9496848220792755,-9.504305482303103,-0.0739905125803233,-0.036265375930049644,-0.3736476225999245,-0.6110316079224876,0.17393231650582047,0.18574868545562762,0.00023320668583668122,-3.1411875494837544,-0.00031766771055802664
7.952416896820068,-1.1790907389375969,2.055057187366309,-9.394795399410782,-0.07683884378481673,-0.03141840350410629,-0.37918296635817433,-0.6110336016538033,0.17393247306125856,0.18568594740959554,0.0001896481029905277,-3.141231070890137,-0.0003154002779698348
7.960435152053833,-1.669872824942457,1.9064210920944464,-9.365519435200929,-0.07348201973144768,-0.04035318840098875,-0.375592910076328,-0.6110229866930124,0.17394195802684745,0.18562401169032816,0.0001893947701461299,-3.141300338723844,-0.0003171545398342922
7.968414306640625,-1.4944382696720282,1.9630919356895398,-9.260929914773996,-0.07617622627299864,-0.03696173686531168,-0.3703367539257691,-0.6110399124830059,0.17392478060678496,0.18561688283613875,0.00022337161230525,-3.1412750202139983,-0.0003380939154356032
7.976336479187012,-1.499495174507157,2.0022044328021744,-9.394627669351898,-0.07499243412308644,-0.03595178077013216,-0.37176611577712043,-0.6110056596673525,0.17395134376792526,0.18557224167163278,0.0002102453156238268,-3.141333473869738,-0.0002667350136004049
7.984286546707153,-1.6287887509597345,2.0206981645184414,-9.358341795304714,-0.07846967600609137,-0.03921472437615721,-0.3748279876456378,-0.6110318860893966,0.17393564303792142,0.18558776712613517,0.00023714362077063115,-3.141209301614396,-0.0002682731881370155
7.992318391799927,-1.2191088368061935,2.1041493435070135,-9.258999867020625,-0.07858173647886832,-0.028822147918823388,-0.37670562761318455,-0.611035412998604,0.17393659255562627,0.18555194114282197,0.00016580592571417314,-3.1412252168780332,-0.00032565261045446053
8.00014352798462,-1.631347011271414,2.175632873529447,-9.36614324709743,-0.08120636280217756,-0.040721486257265294,-0.38005993521948933,-0.6110239327202995,0.17394165863185915,0.18553052529621397,0.0001803044354389397,-3.1412535563576083,-0.00034661297075134297
8.008242845535278,-1.2262930451656147,2.1344469797037795,-9.203066574929272,-0.07944807263501878,-0.03138035983975705,-0.37619827295858305,-0.6110287344038433,0.17390554561919208,0.1855212382161912,0.0002755185306787483,-3.1412509717995825,-0.00028418120299220057
8.016329050064087,-1.2904083465629286,2.092611829376348,-9.34631019488996,-0.07791698133200925,-0.02957732986760445,-0.376972670947526,-0.6110216481515202,0.17393766052724757,0.18544026043850698,0.00018089047473498124,-3.141330233194902,-0.00023943533747792636
8.024290323257446,-1.773557373328377,1.9943037223349054,-9.471676964373476,-0.0753645333684409,-0.041820395124251376,-0.37930064224034366,-0.6110261706297082,0.1739280993911054,0.1854497035730371,0.00018067994108949208,-3.1412678122274413,-0.0002835314589239655
8.03224515914917,-1.4800230245066843,1.8029486178063143,-9.542567098548467,-0.07279981414594455,-0.03307905538919474,-0.37546762576277726,-0.6110252790462564,0.17392478735951725,0.18539898894327492,0.0001558300993183496,-3.1412827165038335,-0.00022719062850409742
8.040286302566528,-1.207888332880157,2.0450902812433074,-9.478930878003107,-0.07827069058252609,-0.02877985112262125,-0.37985112554652295,-0.6110236891196409,0.1739492318017716,0.18540917360639064,0.0001565738391102706,-3.141280904089409,-0.00031526842536301337
8.048263549804688,-1.3750060429192719,1.60663740983994,-9.494761834949518,-0.06773494431146748,-0.03433509156960566,-0.38009749739708965,-0.6110046831548004,0.1739657587283954,0.1853859922010773,0.00017555669710333903,-3.1413184327975685,-0.0003344857080688274
8.056265354156494,-1.3887914438951365,1.9690529985898615,-9.255853007938526,-0.07684831058424975,-0.03056276574196326,-0.3747186202337943,-0.6110311931569891,0.1739010351811705,0.18534241226031475,0.00028093514904616767,-3.1413093194154795,-0.00024741852324436364
8.064335823059082,-1.4300721268977858,2.2793957431245144,-9.418467677830865,-0.08348649333620006,-0.03453173059284589,-0.3760924719430596,-0.6110165007728121,0.17394472391583807,0.18528402168374503,0.00018250211270572246,-3.141368116519571,-0.00023343193214803867
8.072268009185791,-1.1712600516620535,2.0172682510396402,-9.511212701441215,-0.07711821300690447,-0.028251599198847715,-0.3786947241088441,-0.6110092712297587,0.173913659419495,0.18521124379064824,0.0002165258480873851,-3.1414605362817527,-0.00014042381500442962
8.080281734466553,-1.5819235657997603,1.885276783246455,-9.454435663646786,-0.0734158858705752,-0.03918296717504092,-0.37717226159049994,-0.6110135067262111,0.17390615322922057,0.1852478839685936,0.00020287022736514712,-3.1413523752124606,-0.00021005847670756397
8.088310956954956,-1.2150937501614092,2.025629617981029,-9.572609473426443,-0.07751805448017896,-0.030106237181103727,-0.3714441945072013,-0.6110192275257594,0.17394148090445238,0.18521151052369195,0.00018192051905703267,-3.1413973116227174,-0.00022082998089756898
8.096397161483765,-1.639964398865915,1.8678348511294947,-9.608671221759087,-0.07432513771626602,-0.03671396968833824,-0.36757401880779156,-0.6110200256689494,0.1739370183345138,0.18524970922599493,0.0002222255952100909,-3.1412849275872756,-0.00028633262774292685
8.104312419891357,-1.2400813021670885,1.8479274033450659,-9.388876372719551,-0.07372705010127983,-0.02847605104546737,-0.37786390197802117,-0.6110229006286979,0.17396243963455937,0.18522610642610515,0.00010680286193389059,-3.141254581868287,-0.00031875863321211646
8.112207412719727,-1.1742489104191383,1.9123599609958544,-9.492643825836335,-0.07186129357035169,-0.030682511864388945,-0.38335477734203705,-0.6110405141048932,0.17394259420858826,0.18520547304136947,0.00016595434960055313,-3.1412642304343374,-0.00026744855297911236
8.120458602905273,-1.5129575839461062,1.892803371614315,-9.582168572307742,-0.07558758476295918,-0.037238334425817546,-0.37383345791465744,-0.6110235547097531,0.17393509476910854,0.18516089933764668,0.00019703063611184595,-3.141313097577864,-0.00020408357707876987
8.12828516960144,-1.6621546654051618,2.157618057153979,-9.394408691338533,-0.08059401565305423,-0.03774199312949,-0.37998089253936335,-0.6110230172802394,0.17393357355908484,0.18513730587633695,0.00032049604426911813,-3.1413009917812964,-0.0002433019321855584
8.136275291442871,-1.319032730841491,1.9748883619450228,-9.453999913791073,-0.07561240145732524,-0.03228799381454749,-0.3790013382806165,-0.6110424720162891,0.1739345625348007,0.18515918477976817,0.000256779895286584,-3.141187269385371,-0.00032344872894900765
8.14424753189087,-1.2526700480072483,1.9236105482291501,-9.528326993940235,-0.07283540287969621,-0.03232424470717744,-0.38112551741983997,-0.6110410759543228,0.17391634724093763,0.18512671892894217,0.0002441615605674374,-3.1412405920736046,-0.00032107407054016607
8.152310848236084,-1.2907657262431849,2.003398016578533,-9.480268453654107,-0.07467524805313225,-0.0324269785240415,-0.38035816693531127,-0.6110231526429859,0.17395573279324758,0.18511585258070062,0.00014258034731146887,-3.1412316197729,-0.0002859269095588492
8.160207748413086,-1.3816351682848316,2.2183118512056548,-9.398204400284643,-0.0814548396549214,-0.03364003007029652,-0.3716391094005726,-0.611049716894807,0.17391167180847442,0.18510415556687343,0.0002716440258516376,-3.141211505700614,-0.00029488804847193744
8.168376922607422,-1.537953797952562,2.2111207553024586,-9.411676864921963,-0.08047507571146818,-0.038180647961092426,-0.3771364834755567,-0.6110158002761977,0.17394554574362006,0.18510236592226167,0.00016236945031437825,-3.141253389274389,-0.0003547314171771269
8.176170587539673,-1.3305094250082456,2.119226370802231,-9.406603899653154,-0.07999869132457611,-0.03282224867351642,-0.37665849070293395,-0.6110315607506334,0.17393473576137986,0.18506477080480338,0.00014870086533849903,-3.141239833428835,-0.00032822544168584347
8.184266328811646,-1.3943921187455592,2.0459675770988035,-9.52271410543957,-0.07900244819601937,-0.03600703002079894,-0.37731620057306814,-0.6110479062684125,0.17394514866021318,0.1850248133097922,0.00020213668150403715,-3.1412436974162956,-0.0002671197559579384
8.192223072052002,-1.3355324079743884,1.9614610631829372,-9.48877064322409,-0.07703894722601216,-0.03171324114298126,-0.37587777510163634,-0.6110130749956323,0.17393541402129464,0.1849982339615447,0.00022645316014546416,-3.141311660755319,-0.0003031080951863617
8.200295209884644,-1.4579795857491578,2.0097705237399115,-9.582479714682922,-0.07689348248513221,-0.0347817859172386,-0.374168855346536,-0.6110234693153164,0.1739394005124775,0.18501039598992272,0.00022693524985502702,-3.1412264251513946,-0.00030277376185001243
8.208248615264893,-0.8970737563731982,1.8528776743948865,-9.450230499757335,-0.06962947090631402,-0.022579605074339572,-0.3764862438090343,-0.6110382373608562,0.1739131941975245,0.18496653135660035,0.0002666895240561182,-3.1412790096013863,-0.00026631943761802737
8.216280460357666,-1.332911181706784,2.2307145845905065,-9.35434545413906,-0.08272171007565396,-0.032228695078278614,-0.37736630029832074,-0.611030653612934,0.17392348668378949,0.1849620865251638,0.0002413417205387479,-3.1413003043007266,-0.00034253148828884775
8.224362850189209,-1.3959384991945973,1.9638341720248396,-9.339629911233187,-0.07619172211238022,-0.03377777953574618,-0.3748126400890371,-0.6110434154344649,0.1739230210813862,0.18492532199774459,0.00023507203667519423,-3.1412870504831822,-0.0002870335127427875
8.23227596282959,-1.0599393729058408,1.9117978898691104,-9.484190356789943,-0.0750505871533266,-0.027382680492144165,-0.3764439622266129,-0.6110322963929588,0.1739546092101343,0.18492178920770636,0.00020930211866546672,-3.141257121925667,-0.0003116849891570232
8.240283012390137,-1.017882246467526,2.1012704679493583,-9.362344916528055,-0.08173243739561178,-0.025914923000050438,-0.3790308501804717,-0.6110263558540419,0.1739360793785815,0.18489159466453994,0.0001952146540531451,-3.1412777176541073,-0.00018483688952073034
8.2481849193573,-0.9182700829329337,2.1746916506185547,-9.305189518699377,-0.08066972950840685,-0.01982728178063522,-0.3832472659100761,-0.6110342016317695,0.17397389412550784,0.18493075842245776,0.00013636171920709472,-3.141208606744135,-0.000402772686019794
8.25639271736145,-1.3241681252434243,2.0403495778989176,-9.347034234437613,-0.0770891378003979,-0.03310967723643923,-0.37916973508025786,-0.6110292999303976,0.1739542561101162,0.18488898856252442,0.00013316077744761917,-3.141228562982823,-0.0003566581252289793
8.266181707382202,-1.2645840979592966,2.095658361848785,-9.453023359666782,-0.0780795921317254,-0.030579944232160892,-0.3745739006532561,-0.6110385949592793,0.17394269466373732,0.1848416761438466,0.0001919801769598059,-3.141240533967168,-0.0002665260926519663
8.274370431900024,-1.3284070025997925,2.215756063465925,-9.42780637016949,-0.08181978186634616,-0.03134782866293612,-0.37449971646527735,-0.6110412022511693,0.17394548702122614,0.1848351512148403,0.00028035661516528676,-3.1412508414131106,-0.0002799717033990597
8.282304048538208,-1.355570229111542,2.073051540474262,-9.389443532390706,-0.08149141367355253,-0.03506093714609829,-0.3781242290935583,-0.611033832346992,0.1739268869898873,0.18477069179320704,0.00024504783295642695,-3.1412866465103972,-0.0001678930065188313
8.292345523834229,-1.4260884209839633,2.0481506085244305,-9.309322545096089,-0.07694369927869059,-0.03529813265953725,-0.3770586608930292,-0.6110461828393984,0.1739225207707401,0.18477006029330362,0.0003066211887233548,-3.141288578590536,-0.00028999140530726005
8.300262928009033,-1.108081925814974,2.0132063057144407,-9.578548575824723,-0.07457515876720022,-0.026777198926047706,-0.37933448461851926,-0.6110362405489544,0.17395588745007173,0.184782682967644,0.00017866442598536516,-3.1412582698386475,-0.00030085265900202753
8.308258533477783,-1.1413999836999253,1.9654633117794806,-9.439896418227207,-0.07689309038270713,-0.02740721968900927,-0.37583064328293,-0.6110085335166883,0.17396635767099294,0.18470852803969867,0.0002178796623944756,-3.141312455886313,-0.00028500408170142134
8.316392421722412,-1.392254687886288,1.9773478015926678,-9.522093561189818,-0.07676751181773099,-0.03422639466740487,-0.37514589180315244,-0.6110340634407065,0.17393546063794316,0.1846996468213356,0.00022569161231839944,-3.14125898704317,-0.0002259737316510891
8.324244499206543,-1.3627843342539794,2.2407310914169587,-9.453601301182633,-0.08493168105428388,-0.03165463998477769,-0.377221242876767,-0.611034770799531,0.17395590135439323,0.184675166607249,0.0001222385876119577,-3.141241004073192,-0.00027774046243448015
8.332244873046875,-1.2613406511049583,1.9922695149728022,-9.39996361354093,-0.07877473195459854,-0.029961031483170343,-0.3814361276081563,-0.6110390435978864,0.17393348572642453,0.18459135658241982,0.00023811434212491828,-3.141387288957565,-0.00017836786757343868
8.340365171432495,-1.5058771377085653,1.7707869595254626,-9.53644390770608,-0.06931538628130905,-0.03616925886782459,-0.37285827542900685,-0.6110168828602472,0.17393721683721497,0.18456286815068312,0.00017543782858743477,-3.1413721173458864,-0.00021042674175187105
8.348386287689209,-0.9684545248734763,2.3733855821082517,-9.577311788535106,-0.08588632032409939,-0.02374765398450768,-0.37233966714124284,-0.6110241077171166,0.17393785772622183,0.18453412658836849,0.00018249531942802358,-3.1413687513867665,-0.00016290329909677103
8.356327772140503,-1.3086424741848026,1.7121209731655505,-9.407246607035532,-0.06992612822921208,-0.03549377130922079,-0.3805925104821113,-0.6110348628472281,0.17393520132523518,0.1845270590849038,0.00025398047694693903,-3.1413326977100073,-0.00015631355933917702
8.364226341247559,-1.2193176497884173,2.266259780823449,-9.436950953999215,-0.08506792307504711,-0.030197275302282486,-0.38220440280201573,-0.6110315027593619,0.17393497614150802,0.18449346642126796,0.0002405120950765357,-3.141334460478744,-0.00021771372703582441
8.372407674789429,-1.226803336064022,2.386555369019329,-9.601881414440701,-0.08842256677354894,-0.028822247153062096,-0.3820493752913961,-0.6110315913694941,0.1739262273960018,0.18442943370336243,0.0002229636221551322,-3.141384925515747,-0.00013261896010055487
8.380399227142334,-1.2551460050389944,2.2246738112203825,-9.267782097360712,-0.08160440101582289,-0.030588719368585204,-0.3816883320276309,-0.6110279077710368,0.1739409342076578,0.1844078938379443,0.0001862424004100922,-3.1413545527433717,-0.00015735280529985136
8.388376951217651,-1.3394563882450548,2.031986569382601,-9.474634868784372,-0.07570951520971128,-0.0360087881298948,-0.37529688437217884,-0.611032953770794,0.17393696836370037,0.18438834585152653,0.00021226928157553503,-3.1414115973479704,-0.00018952541403538832
8.396339893341064,-1.0413640409853198,2.427646417930834,-9.207524738255815,-0.08805214429860851,-0.02629150529565814,-0.381020885374943,-0.611031885065835,0.1739440182627317,0.18435835742216977,0.0002539817618713392,-3.1413932864642873,-0.00012461536765797436
8.404299020767212,-1.1293184790923356,2.3925340575165235,-9.283489727768199,-0.08667080087101846,-0.030550998317389482,-0.3806967336043386,-0.6110318757970036,0.17393939930408583,0.1843377619397553,0.0002555221114618007,-3.141364314811837,-0.000177792377515846
8.412359714508057,-1.0063321076578458,2.1679340601426467,-9.332262178051984,-0.07950281722737151,-0.02417301184549296,-0.3778222441238628,-0.6110252646375768,0.17394118297930686,0.18430814393893186,0.00017225079067722474,-3.1413588917019273,-0.00016644995930254294
8.42019248008728,-1.3595300712151372,1.805521331642449,-9.38461339791024,-0.07192878731048694,-0.03249156512744365,-0.3801714709507414,-0.6110402715505445,0.17392956489338854,0.18432561928519126,0.0002506283890213932,-3.1412745278787217,-0.00020863993836720652
8.428441047668457,-1.3783048716222124,2.0950027052076226,-9.422285165382787,-0.07898601059884333,-0.03426024411486453,-0.3801897238863192,-0.6110442966645729,0.17394297529958622,0.18427907328823334,0.00018729061211920605,-3.1413063063252413,-0.0001800452516698146
8.436335325241089,-1.4472388823048652,2.0282543416771057,-9.456210772513924,-0.07724208616722822,-0.032307622671652624,-0.3830605472401465,-0.6110400478892224,0.1739603837327802,0.18425468712965898,0.00018253841395802242,-3.1413274114750656,-0.00029339888797230826
8.444265842437744,-0.9138076970085338,2.3702494769068405,-9.554823503889304,-0.0867314141660091,-0.023878193679997706,-0.3738538981485724,-0.61102355289623,0.17393322239291936,0.18424381650589466,0.0001880604799262765,-3.141322043046572,-0.00018896898073325665
8.452410459518433,-1.4539654630751564,2.2414896049709823,-9.530498580391233,-0.08281463069151494,-0.032958587740065305,-0.375941760778275,-0.611009122453762,0.17392839812920582,0.18420340629432091,0.0001691009666186415,-3.1413537134885927,-0.00016106673683555507
8.460460662841797,-1.2722481606367013,2.339654605564004,-9.402625022402496,-0.08478374356007483,-0.03126226285276097,-0.38051454814682284,-0.6110125766809055,0.17396034745888794,0.18417831056897088,0.00016811293073526083,-3.1413463707983853,-0.00022445692945765382
8.468377113342285,-1.1491629314732634,2.375632698585212,-9.361660030545076,-0.085364572909698,-0.028226859743929605,-0.38425233505347794,-0.6110452097630381,0.1739284888433523,0.18420419583817135,0.00022231911237812315,-3.1412440970175526,-0.0002317936220026361
8.47632098197937,-1.3715372834119766,2.249861168619755,-9.421606072641037,-0.0870578704039676,-0.03407763353356853,-0.3803889253443539,-0.611023677796714,0.1739406473831678,0.1841635155628017,0.0002143527656985902,-3.141318671506212,-0.00026237868786250953
8.484269142150879,-1.0394406404259815,2.052672917624435,-9.260583133363633,-0.07931771565355841,-0.03139688631096039,-0.38077362959696803,-0.6110416718536039,0.17392372048302385,0.1841433043447615,0.00025894439191282846,-3.141288031792127,-0.0002299719101299388
8.49247407913208,-1.2890701635016781,2.085054717007851,-9.378051035815679,-0.0785338750005137,-0.028081515389037293,-0.38293708866820303,-0.6110411599966462,0.17391678781394126,0.18411267906691478,0.00033208631593268235,-3.141282651998496,-0.00018309565664419256
8.500253200531006,-1.085268743404407,2.1391126022817453,-9.354881228014964,-0.07864654015219326,-0.028537033713228622,-0.38135212476210795,-0.6110294661359572,0.17393991104366555,0.1840859326249269,0.00024845969442591296,-3.141316087186642,-0.00020575389322669406
8.508299827575684,-0.9707317390976343,2.0456046880675265,-9.381603193221245,-0.07761101390040753,-0.0232495862237307,-0.37794798538848173,-0.6110298742049857,0.17393511771419798,0.18405961252363376,0.00020947985268173166,-3.1412888672705375,-0.00019814886638656168
8.51632285118103,-1.4477396819583075,2.2522383317884582,-9.285046905336735,-0.0803532522040627,-0.037695300294174144,-0.37516512138135283,-0.6110278893274093,0.1739417063560103,0.18404764940269813,0.00024916458577135033,-3.1413225192798255,-0.0002429460067799624
8.52431321144104,-1.4558007949876055,2.0268175442289103,-9.463347663357625,-0.07905820960842591,-0.03374051908249607,-0.3749077004067513,-0.6110356272681743,0.17396780021975433,0.18404290293817607,0.00019733898809967025,-3.141258147817597,-0.0002734031657428849
8.532336473464966,-1.382951671734954,2.0847186168174456,-9.486787332169717,-0.08159313277513755,-0.03324353490995343,-0.3766182466353754,-0.6110360788057766,0.17395384188187327,0.18404084567060638,0.00016104630550465302,-3.1412339010929733,-0.00030854756807163536
8.540255308151245,-1.2915591764420788,2.123451605148635,-9.404012223735409,-0.08187652029308204,-0.03108938136687034,-0.37845298917258036,-0.6110526529805764,0.17393475972443778,0.1840210898239738,0.0002686421848515112,-3.1412000329243055,-0.0002940230506495532
8.548377752304077,-1.202312365156446,1.781925082886708,-9.305385327748533,-0.07421816165089352,-0.028878380083355807,-0.3804275536913,-0.6110362399943199,0.17395515227486139,0.18396528285773617,0.00019201443708081353,-3.1412413086621562,-0.00022248726468551136
8.556391716003418,-1.2786844039944654,2.25173528566108,-9.299418240616728,-0.0829796239388637,-0.03312446057800524,-0.3772602845318997,-0.6110388672210181,0.1739514996810727,0.1839785024476036,0.00019966030812033987,-3.141211798428429,-0.00026824793459102235
8.564258098602295,-1.0834146206524056,2.2566542842707005,-9.314212697497764,-0.08520760496591322,-0.026458036109797193,-0.37662691694409245,-0.611029546151948,0.1739418903647651,0.18395537516721455,0.00023086245635031577,-3.1412177146596725,-0.00027041688185318395
8.572319030761719,-1.160380045639166,2.5783873418928525,-9.602204425752829,-0.0893697253749918,-0.02879394649602981,-0.37809758928423176,-0.6110401474266676,0.1739284587333888,0.18391169316229045,0.0002827043021979688,-3.141273500973449,-0.00028802328955951503
8.580269813537598,-1.3035346028161565,2.126272348069259,-9.42526065897329,-0.07903669630508446,-0.03311057638856609,-0.3779102505543041,-0.6110279956137669,0.17396888843363917,0.18388149080329985,0.0001301212323350695,-3.141295379782458,-0.00024238548294596454
8.588403224945068,-1.0695589770501073,2.2556091063365207,-9.51670061367626,-0.08522348984737947,-0.025777168981962587,-0.38238175718965783,-0.6110406534821197,0.17391947770895566,0.18390003570081545,0.00027730216274452,-3.1412325673002024,-0.00027250617189591454
8.596313238143921,-1.2012333460990383,1.9898046224708827,-9.54094964785213,-0.07812599759018206,-0.029678694478187037,-0.37576236548102143,-0.6110342805024818,0.17392544115930886,0.1838562350606852,0.0002278369682513132,-3.1412345303866327,-0.00023962389858768013
8.604360580444336,-1.370228061133528,1.9972645411550456,-9.605855154846518,-0.07843346389163065,-0.030848033976316063,-0.3755018760548,-0.61103533099424,0.17392693432009643,0.18380113361514497,0.0002591842462684613,-3.1413249195207684,-0.00017848298637465452
8.61215853691101,-1.2216541236727303,2.2450152091348845,-9.360614189773809,-0.08362665222839392,-0.031074726850775943,-0.37762981048351923,-0.6110560384062317,0.17394697743646995,0.1838486789039953,0.00026536765236833277,-3.1411944340537707,-0.00020194658330182974
8.620393753051758,-1.173685227597419,2.2506531691288627,-9.445226633877985,-0.08556472735565152,-0.028094372628744074,-0.38354060037186555,-0.6110309638755733,0.17393996093290054,0.1837949211850885,0.0001826820768892961,-3.1412842254255375,-0.00022805023824083633
8.628267765045166,-1.4569690180328247,2.067992390684587,-9.485377537341805,-0.07961745889571897,-0.03669545876547962,-0.3759166543020865,-0.611034932310016,0.17395551684327185,0.18378845731190496,0.0002009041916786013,-3.1412696703197662,-0.0002671745312751778
8.636244773864746,-1.5525691814898874,1.8335246259254616,-9.443690251994582,-0.07220672653230518,-0.04100800989310391,-0.37798501562265346,-0.6110323571498568,0.17394106472516915,0.18376179856508787,0.00022809643520969457,-3.1412916169972123,-0.00022819375968503205
8.644284009933472,-1.3871420205609686,2.0500592473969954,-9.476444578159784,-0.07962417839685469,-0.032239550567336905,-0.376993119449967,-0.6110441404767035,0.17393493271982335,0.18378608150321962,0.0002538845043352975,-3.141215418151532,-0.0002764204878874621
8.652281999588013,-1.5349721578889028,2.0723419956927347,-9.667777324181316,-0.0809036016787748,-0.03676413521275061,-0.3842708031574391,-0.6110492753231883,0.17395343222358645,0.1837173278044244,0.00023669256463699608,-3.141235276206811,-0.0002446535853569748
8.660281658172607,-1.792381428978846,1.9016995533466448,-9.533131345754764,-0.07443178457526656,-0.04169084834206994,-0.37717387107208705,-0.6110458063901771,0.17395871407157876,0.18371320922118772,0.00020392161575182128,-3.141241575688505,-0.00030451178225589606
8.668442487716675,-1.21402748951332,2.1952686597418047,-9.290797281603249,-0.08332253751664043,-0.030960736084926548,-0.3773840049247968,-0.6110208458298322,0.17391115057026574,0.18368289005891553,0.0003120918086583692,-3.1412787801707736,-0.00017878190659352693
8.676279783248901,-1.065330056622295,2.341214211524541,-9.419902750178302,-0.08819984308696298,-0.027488699459599794,-0.38066199468266165,-0.6110380055984147,0.17394110591557166,0.1836740745119081,0.0002049493056241201,-3.1412716700672574,-0.00020011530982928983
8.68422818183899,-1.401444745290563,2.1129345485991986,-9.442991521361808,-0.07981887754519101,-0.030158733527291228,-0.377282910958807,-0.6110358224997549,0.17397678890622384,0.1836816633716876,0.00010762191820544608,-3.141183636453252,-0.0002578323178942666
8.692414283752441,-1.6203484440103664,2.2544111698125575,-9.42462165629793,-0.08360720836570218,-0.03862992451238492,-0.3854118968157369,-0.6110342769003537,0.1739276014723512,0.1836365937527701,0.0003660278771040104,-3.1412872445885682,-0.00028722477306094115
8.700432777404785,-1.170994246194269,1.9918331279692294,-9.621910101123607,-0.0786969293677213,-0.026015358182304903,-0.37690261451896717,-0.6110471293045485,0.17394855163133555,0.18364896604960868,0.0002944926921609194,-3.1412068201759773,-0.0002965740460639061
8.708291292190552,-1.662757869199744,1.7431638815416373,-9.65697231096773,-0.07125172053765998,-0.03992652790996303,-0.372429333711041,-0.6110268570188934,0.1739218424764951,0.18357963602256305,0.00028276428623887187,-3.141310463530272,-0.00018741435850974872
8.71621298789978,-1.0890640532233096,1.8502574959590081,-9.555402449539548,-0.0743162662508613,-0.03057730185079757,-0.37794324307012406,-0.6110484609731851,0.17392248551654377,0.18358554601773056,0.0003161897682311349,-3.141242283299737,-0.0002585039328090719
8.7244291305542,-1.251593192998832,1.9994624327196047,-9.46731040122524,-0.07857284030141758,-0.029339966727918634,-0.37895789719649886,-0.6110368707305894,0.17395693767163334,0.18359182646477246,0.00019206764083003354,-3.1412271828302214,-0.0003142259331193572
8.732267379760742,-1.3589340224340778,1.9320177786885477,-9.448346686147405,-0.07592044599951289,-0.03252619127457936,-0.3841000462458193,-0.6110490231856139,0.17395118097536152,0.18356213176462688,0.0002184140997509512,-3.1412463485744944,-0.00029043497743905646
8.740387678146362,-1.4649486162303373,2.148572667493282,-9.353082833868507,-0.07811454422976952,-0.03450185420198619,-0.37533068173100903,-0.6110388396808135,0.17393564959676572,0.18354907297874454,0.00021199473348641442,-3.1412370346848726,-0.00021898852992606376
8.748253583908081,-1.2681576748547996,2.23152135137832,-9.525692405173656,-0.08325085827963023,-0.027179792627269692,-0.37987853095982743,-0.6110373467240457,0.1739696153979168,0.1835482955116159,0.000159708949496585,-3.1412285306053396,-0.000276911749279258
8.756597757339478,-1.4269744564528215,1.9338324303891856,-9.348934077440031,-0.07382342757703765,-0.03350727759332315,-0.373580794395665,-0.6110436566323341,0.17393403524726067,0.1835252491721318,0.00025740162801422627,-3.1412347384607164,-0.0002560911649824587
8.764535903930664,-1.1406333106762336,2.162450212782713,-9.286181685656507,-0.08260523226301429,-0.025926779119045066,-0.3838655023552662,-0.6110423707302266,0.17393724195617452,0.18350763476603532,0.0002980072753490526,-3.141269755055281,-0.0003360456902077214
8.772270917892456,-1.3084981367805169,1.9205504209103907,-9.304982370769698,-0.07378193853689177,-0.03224437765397998,-0.3838884602686898,-0.6110361920341916,0.17393490285482466,0.18346607146275729,0.00020178533606142926,-3.1412798925276975,-0.0002109411988216358
8.780252933502197,-1.4189421766119041,2.028883808642684,-9.401057797351971,-0.07660603311573824,-0.032566929044129785,-0.3815428708216104,-0.6110299395206479,0.17395123897607645,0.1834573465076216,0.00019352477500588533,-3.141302309864316,-0.0002218949115729654
8.788349628448486,-1.110810752705498,2.159797904913366,-9.143853358356907,-0.08406375449226723,-0.025802526276709085,-0.3767090203757518,-0.6110318230710785,0.17391811337846644,0.18344270919002098,0.00023947331874668457,-3.1413108595358703,-0.00022207477709670548
8.796461343765259,-1.0661667988821046,2.2121235242317208,-9.500523995444457,-0.08292607958037018,-0.02570306852786118,-0.38228204095752555,-0.611042094184719,0.17393682498867544,0.1834234978760923,0.0002547595747334213,-3.1412959241059952,-0.00023178562294157436
8.804279565811157,-1.63497982897252,2.0491583966313764,-9.45447088947832,-0.07807440018950902,-0.037809139679829344,-0.3789621408947317,-0.6110157446563896,0.17389935521480218,0.18338729746584648,0.0002724206188002197,-3.1413352720418923,-0.00012705345598516084
8.812440872192383,-1.2614548062377362,2.0830521687815238,-9.560978098472615,-0.0779032956440262,-0.02980931509635972,-0.3778339231499256,-0.6110543077657506,0.1739177564086862,0.18341719763051234,0.00027476235954534294,-3.1412443200690823,-0.0002320551051331477
8.820209980010986,-1.4004801336305976,1.9578417383705569,-9.66361480467733,-0.07595864808261134,-0.032660182110288066,-0.37827338065209226,-0.6110324176768276,0.17394108526522922,0.1833682312897177,0.0002406334332151127,-3.141313518189611,-0.00021875431613516046
8.828274726867676,-1.2835074716212271,2.0960576684072407,-9.460135867398648,-0.07992738872130603,-0.02792168459956601,-0.37611803197625293,-0.6110312337981871,0.1739464416314462,0.1833676410039084,0.00018470250491502512,-3.1412859453206043,-0.00020428037239981003
8.836326837539673,-1.560717705233888,2.0072747297988136,-9.467930292834545,-0.07900006169264992,-0.03598306335088698,-0.38074913823313505,-0.6110448834738249,0.17394415896212154,0.183353508445099,0.0001910217445482373,-3.141271456776785,-0.0002458049097679652
8.844398975372314,-1.3061060908136082,2.17146443965466,-9.422622613678994,-0.07898011368724116,-0.02946738081277476,-0.3755026195768754,-0.6110462769768843,0.17392893530794593,0.18338035337099629,0.0002813176662918163,-3.1412689310088,-0.00027621907925232944
8.854288101196289,-0.760397803979115,2.35009263269297,-9.360369944380436,-0.08753179883925892,-0.021211565301269313,-0.38375232487957384,-0.6110399286365137,0.17392086034696486,0.18334772866237492,0.00030789564910279417,-3.1412791555243813,-0.0001943317721882434
8.862149238586426,-1.1230302606558809,2.260100159586989,-9.399074837510502,-0.08283050699443636,-0.025899416230921297,-0.3812616509158163,-0.6110282610505607,0.1739241366591416,0.18327392786277896,0.00027616656379343354,-3.141350995370582,-0.00010485263159596743
8.870251893997192,-1.5760704327196258,2.242863281785737,-9.602517481168649,-0.07962461907891863,-0.03531825954720373,-0.37879391617062347,-0.6110495352778336,0.17395946063561632,0.18335559675147806,0.00020921611745095375,-3.1411518985105573,-0.00022115948673047175
8.878260374069214,-1.2094556399902265,2.161386840840687,-9.341326149127198,-0.07761705021109015,-0.03377929864683488,-0.3803091148805081,-0.611037853425937,0.17393523773690023,0.18330553449947282,0.00030208533505573403,-3.1411997853784652,-0.0002744321958574119
8.886341094970703,-1.2793166716392137,2.130305866202907,-9.39195027395497,-0.08071306824893357,-0.02778869237624511,-0.38475398691395835,-0.6110416952157214,0.17391761840206088,0.18325168379113055,0.0002954516263969225,-3.141271661299496,-0.00022176504331966466
8.8942711353302,-1.6051724718619464,2.0285046509917795,-9.416400460567367,-0.07828936159080459,-0.03908107659734244,-0.3705768781066287,-0.6110430285996994,0.17390657745557175,0.18323005161146225,0.0003783641432150522,-3.1412493208395813,-0.0001882028308665696
8.902220010757446,-1.6209503881859533,1.8928078649352709,-9.552033889515947,-0.07548707814648502,-0.041874197505585416,-0.37619337167380523,-0.6110452036562543,0.1739619981261713,0.18324398065455938,0.00023879331495321572,-3.1411972851440297,-0.0003628508728001515
8.910353660583496,-1.5542950724121827,1.8593337876391929,-9.525798530535862,-0.07535327899793688,-0.03841912534607247,-0.37825333959490337,-0.611042187378218,0.17394722291083922,0.18318811167447113,0.00020677438663508856,-3.1412646481241455,-0.00027909794806088486
8.918367385864258,-1.2888613919276553,2.3156597759903916,-9.393237560310354,-0.08495579694672038,-0.029578061418605004,-0.383250069950414,-0.6110435355895777,0.17394786427295805,0.18314898176510835,0.00018647887387702075,-3.1412518428975353,-0.00023657086036405652
8.926349639892578,-1.4667406200477087,2.061754215138337,-9.502479218659502,-0.07870111859507312,-0.03453174056053955,-0.38030612565230965,-0.6110362603413271,0.17392564230155846,0.18311211753114798,0.00032315887126865096,-3.14128633713191,-0.0001996602926765074
8.934237718582153,-1.286569664921234,2.127307032507994,-9.460803821283314,-0.0782637587835547,-0.029325978674559945,-0.3830139936750068,-0.6110346400309504,0.17392624354841096,0.18307274051174366,0.000258374796184871,-3.141298221769689,-0.00011807854944750157
8.942259311676025,-1.2151240942756745,2.2483198805795843,-9.461486164398307,-0.08326324229308903,-0.026452606997603004,-0.3772684722496305,-0.6110415622314809,0.17396289204128143,0.18305861159305553,0.00020078474465958182,-3.141253760679228,-0.0002631407195001039
8.95031452178955,-1.6528842952902576,2.046310479493821,-9.661189702355239,-0.07741019373662153,-0.03877812253383922,-0.38016634682033257,-0.6110440943894814,0.1739666589232478,0.18306161222180944,0.00024016941019330062,-3.141197960642935,-0.0002585547966344529
8.95832633972168,-1.1597149249930525,2.089018900111804,-9.552773949656943,-0.07936669844612304,-0.02778784847215762,-0.37820498940090747,-0.6110204992190312,0.17393105393038666,0.18297642505469516,0.00023431589367001594,-3.1413566508002657,-0.00018143469832159357
8.966354846954346,-1.2914566531577987,2.0331008278212477,-9.55878522081166,-0.07676902516270907,-0.03163847062660718,-0.3764589433475058,-0.6110351796824703,0.17392041265156727,0.18295723945237502,0.0002609310136571944,-3.1413260646598706,-0.00014898387483802526
8.974315404891968,-1.167244590933886,2.1633205767038017,-9.624533729160206,-0.07852254121796517,-0.02472856304740742,-0.37950398996379003,-0.6110280994641527,0.17393306129500757,0.18291647495703983,0.00026776240768345964,-3.1413764427996886,-8.550599128690188e-05
8.982298374176025,-1.1991459101254482,2.3228378265097867,-9.637864235706378,-0.08417870818225667,-0.027780469442506495,-0.38549462025791653,-0.6110290579581585,0.17393272553677488,0.1829080688428591,0.0003263646308412934,-3.1413168644975147,-0.0001709672641872896
8.990322351455688,-1.377017443763188,2.0184785625510067,-9.570538283506924,-0.0751816947730658,-0.0335332523566565,-0.3818139416454962,-0.6110439961651473,0.17394305166789423,0.18290592551437812,0.00026213753644858126,-3.141293747681194,-0.00022750911090405672
8.998363971710205,-1.0281216411713305,2.014194349373865,-9.605661803666088,-0.07800738939458461,-0.02485773623241314,-0.3805885162031886,-0.6110314564103285,0.1739508424283211,0.18288059841596782,0.00019310755329150374,-3.1412992943131144,-0.00027228309264788004
9.006383895874023,-1.3937762238042728,1.8366465536774172,-9.747201623160075,-0.07599724256446154,-0.036137935036368175,-0.37936519156013637,-0.611027777208284,0.1739466268091096,0.18284974508281487,0.000223493846514697,-3.1412945195661144,-0.00018848041802296955
9.014297485351562,-1.332402752581731,1.9242363792441435,-9.678037851902449,-0.0784126158640792,-0.030189793535977526,-0.375196612681956,-0.6110480951820177,0.1739174416890779,0.18285244859550182,0.00027107329681518683,-3.1412478195789904,-0.00024246094348844883
9.022284269332886,-1.21502746454943,1.8781034311031912,-9.494882505870004,-0.07376417108531892,-0.029959676009979418,-0.3831331334917343,-0.6110384109205755,0.17393951832801485,0.18281701131306677,0.00027717292391217084,-3.141287126197925,-0.00017892628442045766
9.030242204666138,-1.6149332812763004,1.7688827162611709,-9.589217805494124,-0.07287022368135035,-0.03735781547355474,-0.37471121512301186,-0.6110454106808457,0.17393514548195216,0.18281716205085244,0.00026594594580951194,-3.141221762341255,-0.0002549730035850094
9.038377285003662,-1.4734131461120208,2.1594273872107737,-9.444579017630275,-0.08026800906077529,-0.036145919665061775,-0.3788829918018484,-0.6110393439697298,0.17391232920727312,0.18278120794809105,0.0002654930685776067,-3.141252883167923,-0.0001853196224223141
9.046311140060425,-1.2512366676630526,2.1554774148879523,-9.490093222601725,-0.08183662896750832,-0.03156615895299266,-0.3810775510840429,-0.6110252443234145,0.17393957417719316,0.1827575512570876,0.0002496388343779779,-3.1412489319224757,-0.00022450821232920752
9.054396390914917,-1.4849858868289276,1.9956320282438718,-9.516605464486599,-0.07695224926531469,-0.03329774991062302,-0.3773982882875153,-0.6110544276287394,0.17392007157883785,0.18276916916702018,0.00026613910962024087,-3.141206961154515,-0.0002672826581703713
9.062289953231812,-1.0588243232805121,2.105451174301855,-9.462267464642556,-0.0790412956226779,-0.02507903735249481,-0.37909887036477496,-0.6110592751025775,0.17392567828143052,0.18275255736808635,0.00025146004063221716,-3.141195837756478,-0.0002610514470420153
9.070453643798828,-1.432922310644254,1.7495783031341783,-9.595639906432053,-0.07013324215987127,-0.03176442915615914,-0.37640032588293215,-0.611062952243248,0.17394887353308955,0.18269598332692844,0.0003050844992880569,-3.1412260471288516,-0.00022180413779768643
9.078282117843628,-1.3811652621076789,1.9862761566694342,-9.460528225097352,-0.0747588477344773,-0.0336262773605914,-0.3765065170721336,-0.6110310337710565,0.17395934717261216,0.18265322335749884,0.000169977606211485,-3.1412737205651733,-0.00015084339659498068
9.08639121055603,-1.490577985980308,2.150167569894653,-9.598812619467711,-0.08007544903189205,-0.03550695372850959,-0.37553695454965214,-0.6110386955462784,0.17393228397942487,0.18264002854591554,0.00023620604358354742,-3.141270538577289,-0.00017607929543753993
9.094576358795166,-1.379017555359069,1.9533720770972018,-9.538950295931839,-0.07510218621773214,-0.03048882441146372,-0.3762319318327629,-0.6110189604826464,0.17393526661785674,0.1825900451423697,0.0002665839229664289,-3.1413411600173475,-0.0001826728350816366
9.102333784103394,-1.605274974893868,2.0050985703852784,-9.63325043217142,-0.07657776129480087,-0.03648434966102855,-0.373819286579066,-0.6110380708144869,0.17394662270428793,0.18260111109360144,0.0002423769202394865,-3.14124619422882,-0.00020151483515334917
9.1103196144104,-1.3880589610417304,1.9843172393406674,-9.515522662231385,-0.0775826703968659,-0.03366499319220585,-0.38210890215127435,-0.611037586447107,0.1738925685673332,0.18255884544296652,0.0003145434350152861,-3.1412954754791875,-0.00013276974168795324
9.118361473083496,-1.3746393870809352,2.186148109595713,-9.4339816617492,-0.08057341961146242,-0.030682568965175235,-0.3736461211052815,-0.6110506633075403,0.17394027157495834,0.18257592445920728,0.00023106275546082655,-3.1412197377232376,-0.00024592599165009817
9.126434803009033,-1.6225179521084094,1.8720548750253538,-9.504688864923825,-0.07607104714629596,-0.03636787257740922,-0.3725811595952989,-0.6110431299768754,0.1739229992481911,0.18251400463817438,0.00025082231659354743,-3.141293177464747,-0.00016121650236948894
9.13434624671936,-1.4524675581282673,2.3506565290692305,-9.423424042881763,-0.08609414745606038,-0.03754480956305614,-0.374050663343474,-0.6110395321375653,0.1739183289953915,0.18246636788702858,0.0003269921875364561,-3.141330753326865,-0.00016655923443331376
9.14244031906128,-1.37299843886152,1.8650699757533196,-9.447918178870296,-0.07259343334751708,-0.03270475506819688,-0.3835230438125341,-0.6110455903629981,0.17396485223815997,0.1824854687129588,0.0001657512631925631,-3.141247204162402,-0.0002793161744697081
9.150272130966187,-1.1170713621039916,2.334649836213086,-9.36528766000797,-0.08257295053341417,-0.032630994263628574,-0.38471073744781586,-0.611049500013728,0.17394014559783313,0.18249421200993513,0.0002062655692307292,-3.141212176986776,-0.00021439191219940236
9.15827465057373,-1.6110832409774756,1.6842980216453738,-9.605547850703358,-0.06832850018427088,-0.03218182897873252,-0.3685118113578989,-0.6110502090895136,0.1739461170627102,0.18246365090641786,0.00024408791908074555,-3.141240645980585,-0.0002792695279920567
9.166280031204224,-1.2575462471803407,2.0512172243373326,-9.584090093376629,-0.07854186523867235,-0.030155735358746563,-0.3774029692744204,-0.6110476405050813,0.17393165314420755,0.18245525485898348,0.00024495393260908795,-3.1412345116692793,-0.00021046632894448854
9.174441576004028,-1.0882629018729926,2.1334181961097833,-9.584292913401605,-0.08017717582220872,-0.024043696706668338,-0.37850831337403373,-0.6110267517626685,0.1739385595196148,0.18240173937165852,0.00017493054586080467,-3.1413042454821425,-0.00017287844734564488
9.182288408279419,-1.3944841322305674,1.9389398121628934,-9.542723431580695,-0.07729657098851828,-0.029847414509844405,-0.3756583873869079,-0.6110603541358809,0.17393479303333761,0.18242683329237375,0.00026618192033916294,-3.1411748723580994,-0.00025181085490086564
9.190356492996216,-1.2562779901320182,2.186066283500657,-9.386299728096127,-0.0806272470054583,-0.03058993152551048,-0.38022121990029856,-0.6110450470699063,0.17393203407690613,0.18237759988638863,0.0002973097726222894,-3.1412453083825387,-0.0002789168095804001
9.198392629623413,-1.4252527218748847,2.07637815853173,-9.503183696380155,-0.07632036363648877,-0.035801655206044065,-0.3757761373320842,-0.6110542629081585,0.17393906657910685,0.18240723581243773,0.00024564473899953214,-3.141159388167981,-0.00020412299157142856
9.206283330917358,-1.2538649063575649,1.5852821373000487,-9.55044742776838,-0.06767480212508799,-0.0307191419106691,-0.37472714211973307,-0.6110402719883785,0.1739284547982216,0.18235496908751228,0.00026699136626642263,-3.1412481980169256,-0.0002608305041980365
9.214272499084473,-1.072302821063694,2.090988467414052,-9.445624052964956,-0.07995251065566668,-0.027104675082298805,-0.38491839599732564,-0.6110540283867489,0.17393455445076553,0.182343425401499,0.00026601836625698164,-3.141217975031636,-0.0003518120937568698
9.222308874130249,-1.471822209556329,1.907825597570133,-9.403484677990827,-0.07170030986246155,-0.03531542804555315,-0.37980346186818686,-0.6110508538176249,0.17394273136766095,0.18231796122373195,0.0002467206309435546,-3.1412184989126763,-0.00024264098452316367
9.230299949645996,-1.342898738221951,2.005465440100432,-9.423695708334048,-0.07837712432950711,-0.032319054344880076,-0.3759093077051491,-0.6110417669621964,0.17392259487741585,0.18227965560352521,0.0002865711228914478,-3.141274512310463,-0.00018791141583175032
9.238285303115845,-1.1259989392426601,2.0270907981313044,-9.416469815465655,-0.07756070832226607,-0.027321442501348596,-0.3848147685874275,-0.6110644969610504,0.17392892104232602,0.18230477560386027,0.00028533701193801685,-3.1411152281691703,-0.00026265056153551
9.246348857879639,-1.35401571044059,1.8903010470907575,-9.57583853390301,-0.07460468016547372,-0.033424835098956523,-0.37640439380704943,-0.6110466636497341,0.17393346773054383,0.18224549842509372,0.0003204394347858033,-3.1412382516903534,-0.00021740545324548004
9.254300117492676,-1.2831050309125638,1.9829269907281446,-9.440203087565857,-0.07675629606625056,-0.02878133822004979,-0.3803641421362229,-0.6110385946279469,0.17394744953060393,0.18225985554468416,0.00021546262250065688,-3.141234084723851,-0.0002286447777814532
9.262248754501343,-1.4111043314263851,1.6487703050582188,-9.683836268205349,-0.0673871033688987,-0.03151169983149775,-0.3750111368712698,-0.6110518454420215,0.17392729138034654,0.18222706665826535,0.00027247992459885083,-3.1411957170495053,-0.00022940125252074838
9.270370721817017,-1.396329863701432,2.180715218790365,-9.42709759772118,-0.07820393313205008,-0.03611968022758575,-0.3793547737107753,-0.611039584936385,0.17395269060956997,0.18224470448362856,0.000249218706887664,-3.1412111771113307,-0.00037088836474750644
9.278365850448608,-1.339884045843469,2.077588810730832,-9.251488698583163,-0.08093099992632254,-0.030897072148180695,-0.381343682857285,-0.6110211130134233,0.17393895454661604,0.18218420157243792,0.0002746615321914731,-3.141301465535364,-0.0001866902668516197
9.286358118057251,-1.226917144980658,1.9740185795200662,-9.32368826869859,-0.07517301254960754,-0.028885034448008207,-0.37763735772318585,-0.6110565569958837,0.17396671749910858,0.18219593402932546,0.0003187807451743649,-3.1411798645021842,-0.00028032581093426293
9.294246912002563,-1.5655988416166209,1.9653491434452144,-9.53771092770586,-0.0772671338860865,-0.0352249503323201,-0.3749640964489782,-0.6110518211775694,0.17394538229091655,0.18217503469493912,0.0002876043197882777,-3.141194767162088,-0.0002522556810222792
9.30440878868103,-1.4999236830662945,2.191125496799141,-9.421747468647206,-0.08109774516863527,-0.034106152681303126,-0.3775924136740125,-0.6110518669535283,0.1739416521112026,0.18213641412821596,0.0002875323170781096,-3.141273036871378,-0.00025973841697086726
9.312427043914795,-1.3789710547279672,2.091370421493641,-9.299282498655366,-0.07976823475059874,-0.033818619185379165,-0.3835025213004925,-0.6110517608024297,0.17394023202405984,0.18211351028605222,0.0002685402931080948,-3.14126184152486,-0.00024827774427243235
9.32035207748413,-1.5729226602956468,2.145941846641351,-9.349525512936856,-0.08010518417856913,-0.039682883501687985,-0.373662670329813,-0.6110518082875356,0.17393493052039982,0.18213712173830093,0.00034103435104039135,-3.141181225973031,-0.0003279057958072809
9.328339099884033,-1.390606616553141,2.0312606711683583,-9.303340094373937,-0.07840327332363617,-0.03390940766073091,-0.37194885249121545,-0.611039603257978,0.17395457700182848,0.18210070363962083,0.00027597662145583204,-3.1412326496154006,-0.00028476007037008325
9.336443424224854,-1.659827746665789,1.810981862597461,-9.3757324329471,-0.07016008222667343,-0.04190014901586763,-0.3773533374855489,-0.6110576807099737,0.1739301568997401,0.18209952197350257,0.0003168679674236171,-3.1411798684458816,-0.00030560307669207895
9.344295024871826,-1.1279645290417732,2.29039868857924,-9.362267993024416,-0.08155820878735064,-0.030680595455265067,-0.37754753491086873,-0.6110576362460103,0.17393422131459985,0.18203415401554307,0.00038633861204252675,-3.1412179405376373,-0.0002384128919703094
9.35228157043457,-1.565975741732639,1.9952169458803473,-9.615885613924773,-0.07923486204186148,-0.03661921666512263,-0.37505734253480166,-0.6110326522276903,0.1739225164851566,0.1819911414535086,0.0003288391598693493,-3.141291220127996,-0.00015561147939360147
9.360247135162354,-1.4345267263448374,2.151913584558196,-9.244017220000385,-0.07737739296948233,-0.03629919997759094,-0.38138274121126214,-0.6110603096513207,0.1739104433528346,0.1819998854538227,0.0003046656582477706,-3.1412055398123595,-0.00021751726177631853
9.368217945098877,-1.559230817925055,1.8249446233104356,-9.613442575239295,-0.07244795021536168,-0.038465537889796446,-0.37172619625615705,-0.6110330741092918,0.17391300335157772,0.18193617405665413,0.0003227699864842008,-3.141322319379893,-0.00015689506872920524
9.376318216323853,-1.6533610182152358,2.371991214824967,-9.507326152630274,-0.08648967708148717,-0.04240506385984976,-0.37592367639179064,-0.6110555310652939,0.1739239953480649,0.18195660694114327,0.0003166796544622005,-3.141207928168092,-0.00023767030656913053
9.384320259094238,-1.6795853334790896,2.000784096065061,-9.531753719843548,-0.0803400915565761,-0.03982726230875748,-0.3732180963173983,-0.6110422636227175,0.1739381892380652,0.1818768347183188,0.0002985536186635579,-3.1412776151995923,-0.0001558303899379143
9.392298460006714,-1.3841048640531997,1.8404094247842684,-9.500049175397926,-0.0739401386557556,-0.03431617844299252,-0.375960804489084,-0.611055445885217,0.17393827586017954,0.18187427657910077,0.0002589978939921791,-3.1412606630516997,-0.0001928146874462562
9.400381326675415,-1.738677902864895,2.3404200884730684,-9.442571103528945,-0.08324813790365351,-0.04498401962000476,-0.3692531974054767,-0.6110155332348118,0.17392858453490637,0.18178545205548058,0.0002731667403886986,-3.1413755440742817,-9.585225019691369e-05
9.408265113830566,-1.2316887106973475,2.141957453204975,-9.333063361557313,-0.07910662416167433,-0.032003562240076756,-0.37826127319288566,-0.6110344150416734,0.17396366403919086,0.18178934241372088,0.00022190463293567672,-3.1413109271638895,-0.00017932815178623687
9.416200399398804,-1.3066631697376598,2.084556735829902,-9.39881195693264,-0.07968093330138676,-0.0316723111681549,-0.38335936691859596,-0.6110294880156434,0.17393573333938342,0.1817221094020458,0.00023059165409300056,-3.141387988369502,-0.00013467482323282107
9.424376964569092,-1.6075596168626862,1.9780170685353584,-9.312273707537129,-0.0761004631067366,-0.03907554145166719,-0.3773429798904681,-0.611045375660369,0.17392851495902725,0.1817207781944295,0.00031000427822558597,-3.14129944991238,-0.00015802795793800928
9.432188034057617,-1.44924205480041,1.9912499985701904,-9.19431072271839,-0.07664193276867964,-0.03425318127623094,-0.3774325668508549,-0.6110229384906142,0.1739264022333028,0.1816972426444447,0.0002823042712890443,-3.141358296059341,-0.00011632679591509861
9.440473556518555,-1.3652700682551366,2.1072644944738657,-9.35825031716859,-0.08033629373702943,-0.03384839922112183,-0.37853983332294183,-0.6110539873958867,0.17393286761716223,0.18173117512929807,0.00034749325972986174,-3.141213356673512,-0.0002590497683760543
9.448161363601685,-1.3420397794683188,2.12822167846965,-9.375621809698234,-0.07719845537724472,-0.031491795509971464,-0.37780732136398115,-0.6110455615943485,0.17393382043584657,0.1816956429925911,0.00033667767048175287,-3.1412395488155216,-0.00024432843329389527
9.456299066543579,-1.2833805299686092,2.250725146927958,-9.256663704610304,-0.08438825586703581,-0.03366133801197191,-0.3812498960445854,-0.6110511141611502,0.17391267265574442,0.18162596520359098,0.0003791637215264717,-3.1412974413363735,-0.00020803011773683788
9.464315414428711,-1.38400141105281,2.094506507418052,-9.353426313729639,-0.08008212586841362,-0.03393458501086196,-0.37799074584809905,-0.6110455731168236,0.17392444141914215,0.18158780734749816,0.0003040020845690517,-3.1412974637178737,-0.00012864675118549117
9.472270250320435,-1.2588683494610573,2.231903980644442,-9.177285009423123,-0.08094732787799605,-0.031930392703199514,-0.3783002432517082,-0.611069230293355,0.17393369193130476,0.18163022464159195,0.00031602650517053617,-3.141221636837379,-0.0002710420187142042
9.480217456817627,-1.1250932288792583,2.1760002461558337,-9.323196617121814,-0.08177946007173913,-0.0318366640330777,-0.38145467378980097,-0.6110519075477951,0.17394822854011505,0.18160937145800682,0.0002598247722717974,-3.141181099875854,-0.00018890449757513116
9.488380908966064,-1.526126278447527,2.112638206113064,-9.340031224802894,-0.07940550161312107,-0.04164297119899532,-0.37691410733494995,-0.6110336975382685,0.17391436259358176,0.18153891619354057,0.00032996772690715726,-3.141283969880473,-0.00016752151221022935
9.496394634246826,-1.2800976218724671,2.311505285259461,-9.254397649542256,-0.08487002061027694,-0.033671792236865346,-0.37712402871977696,-0.6110363735304188,0.17395714383253116,0.181535305580699,0.00025280958195086494,-3.1412797331096036,-0.00019320434068679067
9.506544828414917,-1.1372057722181965,2.188604378228502,-9.344881074756408,-0.08347518604705562,-0.02873112449858466,-0.3805420661409717,-0.6110420087971214,0.17393643309561818,0.1815266504631162,0.00025330883271927336,-3.141248721075682,-0.00021102381385717324
9.516286134719849,-1.4089369741999276,2.3429810720865123,-9.39805601083125,-0.0851297273408081,-0.034593613797050476,-0.37953723233213876,-0.6110503569857182,0.17394031877373795,0.181522508694968,0.00031269865823897915,-3.1411610620021193,-0.000276704270736926
9.524487733840942,-1.4509249394876595,2.063169594699329,-9.429948013244136,-0.08001596354259882,-0.03529362892916467,-0.37969935676757954,-0.6110457372243465,0.17392986847500094,0.18144255705367088,0.00023604422835626625,-3.141245096560826,-0.00021346735455749806
9.532344818115234,-1.364209891284523,1.7512891958646792,-9.395804306980342,-0.07114038478794295,-0.032020060015688995,-0.38304926702034175,-0.611043494287211,0.17396702280975862,0.18142111042166248,0.00015150090655283478,-3.1412614384302984,-0.0002065292085590906
9.540409088134766,-1.2661332132691177,2.1564291675867877,-9.320247308417606,-0.07907834504647226,-0.03171652842280309,-0.37614370374640266,-0.6110436509239371,0.17392607452335296,0.18141287647640808,0.00028755459246083926,-3.1412434074813373,-0.00022109110431369348
9.54840874671936,-1.2476218810455215,2.1390963975293533,-9.300105398781044,-0.08060825458598464,-0.03342157925176088,-0.3794808529005463,-0.611068435509769,0.17392895256672847,0.18138548798692236,0.00028894281425957555,-3.1411958644155593,-0.00023063185447882626
9.556392192840576,-1.3291197161920314,2.3774706769500895,-9.146696415389714,-0.08588994370384599,-0.03254308573834257,-0.3794102637767981,-0.6110565612329552,0.17395891207016873,0.18138064016975602,0.00019998561966378745,-3.1412091761685264,-0.00029991833376627486
9.564300775527954,-1.1917053738331267,1.9311821421266508,-9.212515204596006,-0.07493136250716069,-0.034425436278766375,-0.37375642509358215,-0.6110395623012025,0.17393985070559195,0.18132150352412024,0.00023229160705389495,-3.14124138463781,-0.0002491550167451521
9.572341680526733,-1.2009912921673689,2.0186593255903085,-9.280658113633516,-0.07668871850295343,-0.03007985895545493,-0.38287920860316643,-0.6110475337328822,0.17394322222815356,0.18130979628221439,0.0003226021796204436,-3.1412013235294065,-0.00023225376677304813
9.580245018005371,-1.3917062518519607,2.1925942874196322,-9.427608118070665,-0.08207533287103283,-0.0348255208333761,-0.37990318463036965,-0.6110500477821451,0.17391982264171604,0.181263158467785,0.0003019656582447389,-3.141246417413938,-0.00020176782252867266
9.588383197784424,-1.3875261910117123,1.9146506188239054,-9.452344709306155,-0.07392608626317293,-0.03150290117253701,-0.3771875473456755,-0.6110343307545668,0.17393721026055955,0.18123790243449805,0.000277645256868939,-3.141260831870685,-0.0001893047820530951
9.59628963470459,-1.536394232214473,2.235808580234634,-9.306058933950904,-0.08310384571067495,-0.03766610122174752,-0.37570588670590893,-0.6110355546357132,0.17392725174331428,0.18120831385124753,0.0003625616613118656,-3.1413039522942543,-0.00026149499254792593
9.604310750961304,-1.3669441142456935,2.193647480090201,-9.268350924199584,-0.08145805002062606,-0.03525750069576153,-0.38107859720170084,-0.6110509925584573,0.17393246963562034,0.18117841399716533,0.0002777471155163844,-3.1412617195006813,-0.00020217101080215028
9.612293481826782,-1.3869863628634076,2.010403049660684,-9.419787319551565,-0.0773504683390129,-0.036730686941201976,-0.37493685414633127,-0.6110202472034134,0.17393121396991204,0.18116293664701694,0.00022186792604638258,-3.1413147587470545,-0.000265136348898202
9.620332956314087,-1.275099243573346,2.022020237775137,-9.199812588829909,-0.07345459906095485,-0.03310721513626323,-0.37610469468824725,-0.611039076288417,0.17393662591424436,0.1811136936753444,0.00027334168783025274,-3.1413031378725833,-0.00020227882434589213
9.628276348114014,-1.360960156994807,2.457174803488043,-9.311795175251877,-0.08820543580742617,-0.034005044547498045,-0.3845545211344161,-0.6110388916941254,0.17397813523212285,0.18109660365942126,0.00013241706140573403,-3.141247517963758,-0.00017532850781245695
9.636371850967407,-1.1620331306907377,2.21061737131334,-9.337605802778347,-0.08215956439880574,-0.029464910617646382,-0.3798579649857934,-0.6110580423926565,0.1739507185762793,0.1810929153963188,0.00022412559887042142,-3.141203538529946,-0.000169415273641287
9.644248247146606,-1.4934814345369924,2.16969202934738,-9.388096525844379,-0.08273619473484929,-0.035527356357635154,-0.37762640368960054,-0.6110565875253652,0.17395301566212315,0.1810707911953171,0.000231524412439899,-3.1411910877693163,-0.00022923927261954942
9.652194023132324,-1.416430672793452,2.0715667081062152,-9.319879220036059,-0.0804524911854731,-0.036580297464084394,-0.375159011789235,-0.611040878286296,0.17393035178078803,0.18102915148556506,0.0003386226506412835,-3.1412926661978524,-0.00023150662716122484
9.660294771194458,-1.1394326172976548,2.2693601788254156,-9.400222810927568,-0.08242850905356834,-0.02976296542296187,-0.3803845692908521,-0.611050852556423,0.1739487240866126,0.1810026719057044,0.00021862460570984028,-3.14125363261255,-0.0002059682439594305
9.668194770812988,-1.6786471990294307,1.695833250240082,-9.493416808766051,-0.07061592468012393,-0.03992588103066443,-0.3829457988535783,-0.6110451993155399,0.17391909044959525,0.1809717343760761,0.00027778342652267854,-3.141239264677199,-0.00016462436751008005
9.676273584365845,-1.2888803362174608,1.9670809409261216,-9.302441247112016,-0.0739030486424032,-0.0329707651618619,-0.3786170117360899,-0.6110596044497394,0.17392568763901875,0.18095191596598403,0.0003161080192785553,-3.141246248663793,-0.00018923124554063033
9.684258460998535,-1.297186250096314,2.1399189174404323,-9.499231704795744,-0.07923156290686657,-0.029801436283064208,-0.37464810012950633,-0.6110573708950914,0.1739316519554255,0.18092868632486386,0.00028479742847972023,-3.1412077750508143,-0.00023498341293243575
9.692266464233398,-1.4604254182648,1.74321407058964,-9.4981810895846,-0.07149585089607642,-0.03424943009085716,-0.3756304551407836,-0.6110460500980831,0.17395138241199753,0.18092593357221162,0.0002690014652692453,-3.1412298997562917,-0.00024707274176963626
9.7003915309906,-1.18421239656332,1.9448057075348797,-9.474313074201085,-0.07373926980738364,-0.03042057659435969,-0.37461423546774236,-0.6110586220705853,0.17394427564114073,0.18090050750545467,0.00030415942913134724,-3.1412012269366385,-0.00029754070461490375
9.708265781402588,-1.3308115971121552,2.3923804706669642,-9.450062377405265,-0.08469603369946396,-0.03359271272966639,-0.38174626941827244,-0.6110530014553529,0.17394312395253567,0.18086924003166294,0.0002909962020570169,-3.1412122082302294,-0.00022270811522658065
9.716392040252686,-1.4228036950076473,2.1298886165398954,-9.390575210888688,-0.07952191043084918,-0.035796019276196314,-0.3805947324472415,-0.611062732182596,0.17391216686698124,0.18087094542582688,0.00040041688681552657,-3.141206923643224,-0.00024993740234881934
9.724310874938965,-1.388595163237398,1.8563749737460096,-9.487277677388567,-0.07425311488103233,-0.031668208294227645,-0.38063197841102003,-0.6110591349913916,0.1739588508358104,0.1808318843633191,0.0003035633214431679,-3.1412190955890376,-0.00028171943849832407
9.732248544692993,-1.4813476396780145,2.3291838170099908,-9.368285703435724,-0.08322942976332215,-0.03517442277134432,-0.37502828256426746,-0.6110521371006632,0.1739395510181303,0.1808088765728747,0.00029194980294804817,-3.1412207562218355,-0.00021545204801664018
9.74025011062622,-1.1700214952661603,2.3314372841441586,-9.468407154602016,-0.08557417361458708,-0.02470280134374109,-0.3766220162449786,-0.6110637384010223,0.17392699991627394,0.18079710547856337,0.0003822638777815922,-3.1412053108929707,-0.00029327106246233034
9.748235702514648,-1.3943478520883594,1.9010265274146856,-9.499930642599402,-0.07130158726947348,-0.0352701748073359,-0.37936939876069276,-0.6110298977505763,0.17392410673946845,0.1807445152900286,0.0003111195928297137,-3.1413100940496608,-0.0001698343459777563
9.756272315979004,-1.4270674069439937,2.1167586572251604,-9.47832129937237,-0.08002463170798664,-0.03459636618239575,-0.3768887852827137,-0.6110524077543366,0.17398380655157406,0.18074603053012925,0.00018771344617517048,-3.1411827646018873,-0.00024598039135845316
9.764232635498047,-1.454719570647005,1.8404276316542947,-9.4195883279944,-0.07616036192295558,-0.033031332734263584,-0.37622060373966953,-0.6110533470114413,0.17393244524531865,0.18069332703053265,0.0003177425975324552,-3.14123668632429,-0.00021472727752937438
9.772289276123047,-1.2714830986153605,2.2578972552985253,-9.494002214944276,-0.0824939537723949,-0.030770649797341686,-0.37668036197310806,-0.6110473912038642,0.173933399758112,0.18067494707649162,0.00032601004327757744,-3.1412804719636003,-0.00024334557321470572
9.78034520149231,-1.5250482984616294,1.994897506874537,-9.646635785157782,-0.07683254280090401,-0.03444796394231136,-0.3764994341840301,-0.6110516120210505,0.17393986676928969,0.18066231140322472,0.00027459763840460155,-3.1412562342644645,-0.0001980748643410456
9.788273572921753,-1.7378110065141885,2.0205224016496133,-9.576606755380416,-0.07826414467108565,-0.04044546142555806,-0.3786300040839609,-0.6110583255386566,0.17393606080940094,0.1806352468883685,0.0002549514324874093,-3.141261950595899,-0.0002945139088193717
9.796293020248413,-1.4952183289909973,2.2931421539910826,-9.592970765134115,-0.08411793057584836,-0.03538506315349151,-0.37915343896478065,-0.6110318116765203,0.1739577865864715,0.18060871685545718,0.0002743060441552026,-3.141307018699341,-0.00013981784618109322
9.804476261138916,-1.546244670281832,2.023000545510906,-9.599639061681298,-0.0767189084199364,-0.0346900644262164,-0.38026341524924046,-0.6110504922686382,0.17393658287379693,0.18059157781678764,0.0003152781928868256,-3.1412784909328053,-0.00018609832636744643
9.81636357307434,-1.246559848283011,2.212764080731694,-9.451724516932371,-0.0830874141083458,-0.028430919322290447,-0.3809628475966991,-0.6110640909449866,0.17394342539754862,0.1806226206946345,0.0002946928477974294,-3.1412010417871397,-0.000329478690769021
9.824374914169312,-1.2340873379901955,2.261264102760548,-9.53322164139219,-0.08359929945539833,-0.030125682184226756,-0.3767875512107747,-0.6110445048371225,0.1739308610772389,0.1805474845554897,0.00025724595892664015,-3.14125410482661,-0.00020536910291303173
9.832286834716797,-1.7815013415221155,2.165062804032375,-9.492968997166049,-0.08051855843821694,-0.041695679342386514,-0.3827226682490724,-0.611058538103099,0.17391429878485698,0.18054388822025808,0.0003734804847224387,-3.141226091221994,-0.00017779550085426652
9.840400695800781,-1.3961865352735343,1.8401253300215445,-9.6881872734777,-0.0745715963643998,-0.03618776017936235,-0.3734356858812492,-0.6110558699471851,0.17393971798312985,0.1805458056724298,0.00031538232648904344,-3.1411840542559,-0.0001762351414536195
9.848374605178833,-1.5946534434873891,2.091865095268023,-9.548013623115567,-0.0782981589590987,-0.038306187149707724,-0.3802392609075332,-0.6110574360343969,0.1739384102623669,0.18055034808855572,0.00031604105219029693,-3.1411411736821493,-0.00031157222580637406
9.856237411499023,-1.5498329434865201,1.844390176673635,-9.333308357472667,-0.07650797836714857,-0.03534702802064332,-0.37853667617768155,-0.6110556647314827,0.1739574298872207,0.1805144777090964,0.00032893756630496984,-3.1411648342642478,-0.000241593508064662
9.864138841629028,-1.6856829568159946,1.8804075381644347,-9.41669738683873,-0.07308878901758935,-0.03985290741781728,-0.37742602789422663,-0.6110467118798628,0.17394091038733617,0.18042613695009088,0.00025768438711568006,-3.141315285326924,-0.00011566646771642802
9.872291803359985,-1.8225472167190513,1.8032608260756249,-9.50907868772227,-0.07251336752716558,-0.04334701034346098,-0.3775288832877237,-0.6110461180693402,0.17396394871275134,0.1804372046705473,0.0002450817759898248,-3.1413018607527663,-0.00022012461521928026
9.880350589752197,-1.572611306536451,1.7776661847921018,-9.456827306377011,-0.0714014536219208,-0.038894863512295486,-0.381520271776347,-0.6110488312719774,0.17395569082024373,0.1804286096417068,0.00024586792089047876,-3.1412443922416813,-0.00025388525449632297
9.888367652893066,-1.2161214439606565,2.187361785046744,-9.468950532127305,-0.08296492436222964,-0.02775294510072704,-0.3812670957506473,-0.6110529684140728,0.17391614948968806,0.18040138319913207,0.0003695172804800303,-3.141271092580535,-0.0001661001363173355
9.896243572235107,-1.2462286630457853,2.026995682623987,-9.482533764910215,-0.07599455525142532,-0.03008657787788946,-0.3789160055786797,-0.611041901447102,0.1739317195715339,0.18035876294981534,0.00030544578907668865,-3.1413066434613257,-0.00011563550373057746
9.904399394989014,-1.2829675463257229,2.0913798047656993,-9.384285131092078,-0.07343632364927863,-0.03151902485561412,-0.38484503767796646,-0.611061458081392,0.17393517923844465,0.18039820532291295,0.00031309917730499507,-3.1412124347060324,-0.00018507073084500798
9.912371635437012,-1.5581227159230238,2.0517555665928975,-9.362396407685468,-0.0781251816112355,-0.03468297607727677,-0.3765756550998689,-0.61105064439673,0.1739387013372448,0.18034897308075007,0.00025532689491097015,-3.1412391441031287,-0.00016204777052683062
9.920348644256592,-1.8031078575481556,1.5745530483622892,-9.606821402787379,-0.06520160370601896,-0.0418521872971925,-0.37349489701085675,-0.6110411943139394,0.1739536763088867,0.18036836281965538,0.00028641888341496275,-3.141256812598679,-0.00019257958425594298
9.928359746932983,-2.0257774251001286,1.8226901313406574,-9.577280848884994,-0.07174478814238874,-0.044256300899439285,-0.37411858491556427,-0.6110390351551428,0.17390558662934322,0.18032835674696143,0.0004160573976707869,-3.141259934782092,-0.00018145191384714106
9.9363431930542,-1.2519391836512992,2.062211738241394,-9.373232450123515,-0.07579194770456468,-0.029910300216744127,-0.3800097452742824,-0.6110449497743189,0.17392777703793838,0.18032375236497106,0.00032779017523229553,-3.1412521211293534,-0.00022355341469974764
9.944313049316406,-1.3629729448286547,2.1859809377875115,-9.356262711255175,-0.08044476205234966,-0.033235819723264656,-0.38136330439016847,-0.6110687921143052,0.17393883755250464,0.18033202075919796,0.0003215826084585997,-3.141151499675766,-0.0002343894908852507
9.95229721069336,-1.4859241971964703,2.0861343715980456,-9.382882543336663,-0.0788816256780556,-0.036654749768237516,-0.37801444139592744,-0.6110408241623676,0.17391591027293943,0.1802553496052448,0.00036586777210501585,-3.141319374833737,-0.00023276650177893774
9.96028208732605,-1.5828511828187009,2.048484469057368,-9.478872176466805,-0.07719572235483096,-0.03674287853378384,-0.37191228056257225,-0.6110550577500135,0.1739231178805894,0.18027799803713113,0.0003189846760945229,-3.1412315838658826,-0.0002474731166082275
9.968289613723755,-1.381728394933107,2.0896687304875234,-9.45536729370457,-0.07621004008514275,-0.03409618972121701,-0.38010871143659336,-0.6110259590928316,0.17393407406069014,0.18025422251275067,0.0003079357922013437,-3.141289900605544,-0.0002569543086646726
9.9763822555542,-1.4407787829826357,2.0455958428093433,-9.51093838172448,-0.07850717487389215,-0.0344274530228706,-0.378438455251938,-0.6110375952467718,0.17393029219947995,0.18021988840923236,0.000301472884000745,-3.141281756376346,-0.00015408873264492046
9.984177112579346,-1.3342162315252852,2.1874962266316893,-9.501975271026618,-0.08261212889428667,-0.03371635694984492,-0.3707018941082342,-0.6110415091242402,0.17394102355316157,0.18021841005624406,0.00035838769440006295,-3.1412844759126104,-0.000187474494981881
9.992343425750732,-1.535189450647364,2.1560344917364893,-9.49580278615812,-0.07767285720876177,-0.040904848450153276,-0.3765837236540949,-0.6110589722834218,0.17393252163772147,0.18022176808541374,0.0003077581130465678,-3.141238489490392,-0.00022569870771729891
10.000293254852295,-1.612729892948983,2.131516956259962,-9.37710982106477,-0.07946704618393831,-0.03589794495548483,-0.3760017030508745,-0.6110423618666891,0.173945753633405,0.18019264846288802,0.00017422661050214922,-3.1412372711426566,-0.00016848708407702381
10.008402824401855,-1.6707094865476744,2.21551569949213,-9.494292027112083,-0.08219015295426405,-0.041080173351564844,-0.37701939058420186,-0.6110367699645121,0.17395609485785982,0.1802319583923997,0.00026425275732366415,-3.1411855086412874,-0.0002846420119322614
10.01637601852417,-1.3034165357313083,2.0716240073626193,-9.41324865040465,-0.08009165036576489,-0.032350471505117995,-0.38042760531994413,-0.6110431169426469,0.17393462471773755,0.1801612273872071,0.00029697320972290887,-3.1412481169701905,-0.00025374724037487004
10.02437686920166,-1.4412938673096796,2.2114962754598433,-9.213046984447347,-0.07966711392489649,-0.037399062715405246,-0.3753485303265895,-0.6110518890759196,0.17394820069225123,0.18021131271344817,0.0003535790459598344,-3.141198018948493,-0.00034015247979717213
10.032241582870483,-1.55752383663345,1.9397047125410196,-9.540979522134139,-0.07836420871170449,-0.038797846280248176,-0.37408014304691606,-0.6110673814178346,0.17392233154264844,0.18019260192071496,0.00039389079479297686,-3.1411578341610826,-0.00034432966054242625
10.040340185165405,-1.1213265246330846,2.102347389936763,-9.467495203404463,-0.08062036612972198,-0.029303160319634182,-0.3806065503557719,-0.6110410089038455,0.17395929150583025,0.18015491066102268,0.00022492736221623895,-3.1411892421699608,-0.000244795618037001
10.048208236694336,-1.3528001373076814,1.8491046767432364,-9.612047335882218,-0.0745643597710732,-0.03228662895120657,-0.3764728946496425,-0.6110530849524975,0.17391801008965266,0.18017891605057074,0.00040024015291413475,-3.1411440252101372,-0.0002605105066833521
10.056280851364136,-1.709346656422671,1.9745156424432384,-9.526941275080134,-0.07468808179581075,-0.04179949725313086,-0.3831300993089911,-0.6110654590668105,0.17395730774600077,0.18016463970835084,0.00030398364059057805,-3.1411321399950203,-0.0003787541443724937
10.064332962036133,-1.4104239120997948,2.17182103827756,-9.507366281852246,-0.08205917752846982,-0.03607290896129233,-0.37512854497224585,-0.6110628583734679,0.17394897437398493,0.18014288401636713,0.00034318938121928973,-3.1411437613400883,-0.0003551828366766816
10.072386741638184,-1.3769105711998664,1.9954214961535637,-9.574325497446763,-0.07655825872907854,-0.03437431583528282,-0.3802819900334403,-0.6110507637995595,0.17394667687865245,0.1800890846761876,0.00027961108573533694,-3.1412342499743797,-0.000308150668899316
10.080255508422852,-1.3227401917872905,1.9162252975106124,-9.688866055639506,-0.07520193190445955,-0.02919044171709697,-0.37943066706182577,-0.6110618818879945,0.1739543873686987,0.18012365077742742,0.00027339645021525404,-3.1411120463638444,-0.0003438135875133975
10.088208675384521,-1.187966509084944,2.2151356046718194,-9.655090031726713,-0.0812545270371914,-0.029849716406120785,-0.37797857701121745,-0.6110567731536081,0.17393137546198717,0.18009048096297986,0.0003423408408575766,-3.1411745083419316,-0.00032112303146989405
10.096238374710083,-1.1322910363263454,2.1287145667779543,-9.437504667310668,-0.07937346097915983,-0.028436760712709147,-0.38466464681264667,-0.611060230159059,0.17395102490594763,0.1801006565362292,0.00025305341251250743,-3.1411567839974177,-0.00029883475234342757
10.104176044464111,-1.5521876453747654,1.7552231508929081,-9.485715023650886,-0.07092013362590742,-0.037220640455335526,-0.3725311474151931,-0.6110367197344186,0.17391595244289867,0.18005515621715362,0.0003491204486097057,-3.1412525255571437,-0.0002769124320808809
10.114416599273682,-1.225363591471528,1.9400541501432595,-9.601144062982353,-0.07587546478178768,-0.02736245125379094,-0.37616144461596657,-0.6110458716350734,0.17393222837888864,0.18004760171783868,0.00026804863024830776,-3.141173997784423,-0.00021066401701966037
10.122513771057129,-1.4396702595546838,1.8923132675131051,-9.749852544019838,-0.07479437919861294,-0.0320187582587967,-0.377312895389032,-0.6110660215716222,0.17395470613785757,0.18004688302586352,0.00024948074282705665,-3.1411449002266894,-0.00028753483921319903
10.130342960357666,-1.5862968924431484,1.860421782467202,-9.64828281729594,-0.07213908128924668,-0.036796483026908994,-0.3738271012108848,-0.6110494688457069,0.17396515237693488,0.18005647300070327,0.0002164888547325658,-3.1411633267682713,-0.0003433740183605899
10.138367652893066,-1.3752898072626785,1.9799026373199053,-9.57625271888452,-0.07414385159003314,-0.03545479095111992,-0.37934719325619487,-0.6110628678128207,0.17394653835180787,0.1800308781190485,0.00025593361588115073,-3.1411507299619115,-0.00036105310798812074
10.146302223205566,-1.3403030920925647,2.1089058884798306,-9.536198501484241,-0.07954109777067735,-0.030884244058302483,-0.37573771628754704,-0.6110440547983818,0.17394755067817014,0.17998274936509612,0.0002684781411459398,-3.1411814036643606,-0.0002830517808293332
10.15428614616394,-1.242028779986051,1.9333127670319208,-9.664507195106832,-0.07643507399907963,-0.02736630819942937,-0.3723617762295997,-0.6110377628701722,0.17394396797297232,0.17993166076174066,0.00026817242292359676,-3.141214763146298,-0.00020462036951574786
10.162451982498169,-1.2497301173582183,1.8171960137914898,-9.54993477132632,-0.06953858022263314,-0.029307245736859253,-0.382322360583411,-0.6110478535457695,0.17390713406510955,0.17991841343330126,0.0003665425533316697,-3.1412169001233847,-0.00022544533286458936
10.170257806777954,-1.3253815249528769,1.8436612036367017,-9.554042568545263,-0.0714613106983673,-0.03132285014938707,-0.3792969423028641,-0.6110390417554694,0.17394289729622922,0.17984494466547649,0.00029665110281802774,-3.1412981757962983,-0.0002510847213710501
10.178396940231323,-1.1159241198548213,2.264032121621511,-9.726068339264257,-0.08247130227560287,-0.027957885424482052,-0.3799505412968734,-0.6110502250050267,0.17393171009667766,0.17983935556387204,0.0002845984088537613,-3.141221467010474,-0.00022557241568606963
10.186314821243286,-1.7735312386062982,1.9716369880225948,-9.77440209990438,-0.07775085034786944,-0.040107966413028516,-0.37586127831925825,-0.6110445805947757,0.17395865723689052,0.17982648725289893,0.000302841364211256,-3.1412276245841295,-0.00028041241874724343
10.19435429573059,-1.261296505239018,2.13310078051036,-9.762365066212142,-0.07884901412096008,-0.0287790661180587,-0.37561857366563706,-0.6110466273166881,0.1739658846152846,0.1797793817095836,0.0002777977253788717,-3.141266103054964,-0.0002978387312246679
10.202208757400513,-1.6307595771978318,1.8326893392912873,-9.695639082502584,-0.07011758598141378,-0.04282320745791108,-0.37368313609688986,-0.611034831577223,0.1739308319573126,0.1797249926831646,0.0003035379752270001,-3.1413257838326643,-0.0001601493028476808
10.210431814193726,-1.5327167275229794,2.2440490835251974,-9.594871245058766,-0.08300620422685304,-0.03778975002476478,-0.37536688770948357,-0.611043979178806,0.1739339602001996,0.17968395086632608,0.00030457725654605837,-3.141270778960933,-0.00013224608865215366
10.218290328979492,-1.6210791154737305,1.7838305952997933,-9.60351490765591,-0.07418428729314278,-0.04073459919189918,-0.37787406440418564,-0.6110361485577004,0.17392836682513652,0.17969096532863443,0.0002716777431578696,-3.1412892650369972,-0.0002269627096559924
10.226344585418701,-1.0633862092208954,2.04442953282549,-9.596353719803222,-0.07904205651731312,-0.026510246394524106,-0.3825883899566948,-0.6110481109349547,0.17394556038203401,0.17965861382570839,0.0003128802245543183,-3.141244204447716,-0.00021903621873829924
10.234277248382568,-1.6743718787364954,2.1222967338814738,-9.628881792080806,-0.07756642028354456,-0.039904465870156315,-0.37534305079689173,-0.6110380062668815,0.1739396491141738,0.17962476659969295,0.00030492362702662574,-3.14128778236181,-0.0002119288994359908
10.242377042770386,-1.2168076482168533,2.3256759350794187,-9.488376835916824,-0.08334296816113836,-0.030595205758877295,-0.3775731502416427,-0.6110438287509959,0.1739316015095331,0.17960656074596348,0.00033228659438644414,-3.1412594543526398,-0.0001555143310205616
10.250228643417358,-1.513912347472071,1.8319464668655046,-9.611224384312996,-0.0729057679089013,-0.03719141596941851,-0.383861593449338,-0.6110406087711101,0.1739362304767412,0.1795660246775878,0.00029294090304035495,-3.1413116649951784,-0.00021239654820874454
10.25836443901062,-1.226404003782562,2.093037519450152,-9.576484040627907,-0.07795659597959548,-0.026909853254794072,-0.3740210110349219,-0.6110495883310476,0.1739302159566527,0.17955209382333692,0.00030114997548836387,-3.141255259194722,-0.00022244275630927223
10.26628589630127,-1.443088538602498,2.077456466155474,-9.492787418233936,-0.07981719950344394,-0.035909111764498985,-0.37654233100318574,-0.6110460293807687,0.17393892667586972,0.17955059582600513,0.0003591309443002401,-3.1412294437966133,-0.00023188543127049832
10.274362087249756,-0.9741637596904721,2.0928224965270203,-9.635317893497051,-0.07847918978251142,-0.026841714097530802,-0.3823766059853294,-0.6110412006714978,0.17395741525139083,0.1794884330724033,0.00018394603160917807,-3.141304848157314,-0.0001305079995483944
10.282313346862793,-1.185965876679716,2.2249942287892,-9.661939250798266,-0.08332167269008559,-0.02934407129438575,-0.37938350639524415,-0.6110441368643538,0.17395828622447754,0.17953363547141504,0.00022494866650894503,-3.1411981752276286,-0.0002625456345245232
10.29026460647583,-1.7977327072317497,1.8864480107313695,-9.560586363875418,-0.07473051141138712,-0.04434176614225501,-0.3802236625349494,-0.6110406515032232,0.1739599702451567,0.17944529543597681,0.00019183347941692698,-3.1412696256694512,-0.00015886878437680393
10.29829454421997,-1.7833100288279011,1.7603879647481455,-9.668288915317719,-0.06976187969491436,-0.04174804082880729,-0.37297668191203603,-0.6110426412129628,0.17392704070162043,0.17941806993680587,0.0002953901383095152,-3.1412946493630027,-0.00011562447114835723
10.306303977966309,-1.5858834061415759,1.9660063967775578,-9.563853351801642,-0.07591506559345274,-0.03682743517659971,-0.37704215224084203,-0.6110434567672851,0.17394083971453675,0.17941708835300993,0.0003024636805437573,-3.1412873311855876,-0.00023766048824789955
10.314515352249146,-1.2122673201576084,1.8064929381044854,-9.62974660150421,-0.07085067383893535,-0.029605726272955744,-0.3807955109169923,-0.6110575448117527,0.17395046649769377,0.17939525710781762,0.00032176623063020707,-3.141237965039587,-0.00021230104591859954
10.322352409362793,-1.3570290520892172,1.9636948023564087,-9.597538656738916,-0.07618558504006502,-0.03537360607508336,-0.3785800093278294,-0.6110482301959727,0.1739365881206302,0.17937355541676395,0.00029031310483579586,-3.141292508761059,-0.00021154430353061544
10.330500364303589,-1.1833508934032273,2.136243533882337,-9.711533662738075,-0.07750593490440383,-0.028134578102212312,-0.38028492577052503,-0.6110483721759183,0.17392215130746155,0.17938884734565053,0.0002968096564835184,-3.141231670581853,-0.00026195466950312856
10.338495254516602,-1.2900735998630917,2.0736569234757374,-9.622941153236907,-0.0826113114359509,-0.03277564821236622,-0.38025404684434944,-0.6110488563954959,0.17393422862014885,0.17933916563480284,0.0002977005745385228,-3.141197705697904,-0.00016568972937673789
10.346424579620361,-1.1878364389381293,1.8420011507584373,-9.728474861437661,-0.07277525455921802,-0.028426699116210558,-0.3844515320812049,-0.6110490842626087,0.17393727241221466,0.17932493822097267,0.0003495635108808119,-3.1412207689082727,-0.00024035985451560627
10.35453987121582,-0.8854684403099664,2.1339851525554443,-9.74005610175884,-0.08115781653427424,-0.0208202759646583,-0.375565971692331,-0.611037221983856,0.17392132155696424,0.17928558193017913,0.00029241578323970484,-3.1412568657259614,-0.00023925328331859459
10.362252712249756,-1.5603689660727904,1.881216433599613,-9.681070890035283,-0.07429461900101897,-0.037610366270235895,-0.37710181728872344,-0.611049634256754,0.17394076563356362,0.17928928960967214,0.00026035701398334813,-3.1412051026735353,-0.0002095523407615572
10.370273351669312,-1.5299481242323074,2.079950893360248,-9.70059770044594,-0.07942013086399863,-0.03595703622969972,-0.37367630554321013,-0.611019051086339,0.17392431193809124,0.1792461020740802,0.00033172272990823054,-3.141305821958701,-0.000219085489879687
10.378307104110718,-1.702357068144639,1.9005849462899502,-9.713867649191116,-0.07618443303549367,-0.03851598435955298,-0.37198308451937734,-0.6110498631652163,0.17393796071675563,0.1792494021976506,0.00025511076192188373,-3.1412104692184277,-0.0002552069275774475
10.38637113571167,-1.6170012770899458,1.9029083794402755,-9.705543843282731,-0.07221850668507507,-0.03541171365473844,-0.378637741590914,-0.6110516837893395,0.17393978532193186,0.17924930910840858,0.00031319374782722513,-3.1411757434841894,-0.00029830162523282385
10.394375801086426,-1.2394067284371328,2.063500465518949,-9.714755152936611,-0.0784981927580546,-0.032302150451644966,-0.37539081990919043,-0.611048598822584,0.17393904498765955,0.1791982083302128,0.0003330654903657756,-3.141222141536138,-0.00027432390820690306
10.402382373809814,-1.7291829540699415,1.749301169586709,-9.658194091206017,-0.0697076857858976,-0.04272779395634643,-0.37667773801691745,-0.6110490715538045,0.17395858039301199,0.17919855280632058,0.000230874094842616,-3.1411679619741606,-0.0002590747220071913
10.410439014434814,-1.437902004412624,1.9103824534152016,-9.625734418080322,-0.07173068262173936,-0.03354964236505808,-0.37045280234741035,-0.6110292531772686,0.17395922333296931,0.17916910441809358,0.00019809900332870407,-3.141214294844833,-0.00021242773836159602
10.418395757675171,-1.613472857774646,1.8014870901405904,-9.7086843680752,-0.0707881584053149,-0.03768297273340332,-0.375405569846928,-0.6110556565114865,0.17392349459524356,0.17916992452446767,0.0003782618880041423,-3.14118602585806,-0.00036122243969010834
10.426332950592041,-1.5927589374606164,1.9377161635042601,-9.751550006339599,-0.07570183281484927,-0.04006805971345516,-0.3745388535967882,-0.6110364656384487,0.17393893192015314,0.1791243049369817,0.00023783144910853368,-3.1411987199025138,-0.00016868884601399284
10.434329509735107,-1.1347827614459174,2.0633815846521553,-9.48631683027351,-0.07666323749865038,-0.028566287048678043,-0.3798916322096801,-0.6110519388447437,0.173947377641019,0.1791610279223173,0.0002650093694676984,-3.1411193410021503,-0.0002858758899217959
10.442280769348145,-1.4629441993827925,1.7653516812685814,-9.598231120467313,-0.07110296376651956,-0.03462029187215333,-0.36850196054782747,-0.6110284658993748,0.1739437748850008,0.1791078843745601,0.0003282257759735878,-3.141214996265276,-0.00029959281779650884
10.450216293334961,-1.1346702654556897,2.255964944732301,-9.675300507518699,-0.08078209209708231,-0.026060814907522514,-0.37290669381919483,-0.6110549562833499,0.1739633995440128,0.1791038637951462,0.00029029208759641064,-3.141154214381742,-0.0002994112011975347
10.458427429199219,-1.1813247772233242,2.108245014109792,-9.684924750266607,-0.07851899481059478,-0.02737340711137218,-0.37681877385787005,-0.6110453848520142,0.17393965410029152,0.17907462652063957,0.0003408287696984641,-3.1411782896749516,-0.00025594309319047824
10.466246843338013,-1.343077286308642,2.089310551888773,-9.672938587516649,-0.07665857201203737,-0.03177271648650341,-0.3787678237790059,-0.6110410069791979,0.1739443442948586,0.17902021182174377,0.0002971176568752229,-3.1412152766359105,-0.0002041388789085588
10.474299907684326,-1.4999051369048402,1.9805869473655981,-9.582311191035824,-0.07730250575338518,-0.03778843924346258,-0.3777913811587829,-0.6110446073700269,0.17391677375705755,0.17901033729932492,0.00032291074383812617,-3.1412117909549138,-0.00023468428320981717
10.482330799102783,-1.1293368645205857,1.9552378142340114,-9.643953636322077,-0.07478051814736465,-0.026949094913617008,-0.3784977702785253,-0.6110416217361092,0.1739428846176169,0.1790026488914175,0.00026679692087189255,-3.1412118900151915,-0.0002269434100837818
10.490304470062256,-1.2365853520650596,1.976371993409691,-9.691523279333003,-0.07726794052084116,-0.03298045162450521,-0.3742539893870326,-0.6110454669717392,0.17393888834107032,0.17895136057209704,0.00027222128024012197,-3.141275229238455,-0.00021105571572241027
10.498431921005249,-1.0873829890399846,2.261175036718139,-9.43514090819936,-0.08326105693287467,-0.02736082039247122,-0.38216578634643045,-0.6110550177373905,0.17392573339581868,0.17897276448261135,0.00038655804906389044,-3.1411910931848306,-0.0002589580913830097
10.506394624710083,-1.5309424261052273,2.0653113807905306,-9.64598916353934,-0.08096360578259094,-0.03312441518201507,-0.372360474019845,-0.611063823107749,0.17391067983609476,0.17897134294042608,0.00034506962439199035,-3.141136217432853,-0.00023742847710424397
10.514583826065063,-1.486115430374166,1.8941657383062165,-9.669004968017054,-0.07111021103835977,-0.035743349463498025,-0.37906880983260716,-0.6110409257255863,0.17393116462622069,0.17895940509545305,0.0003246440298106767,-3.1412100478375735,-0.00027844202073732814
10.522353887557983,-1.4597501553041696,2.11552891727591,-9.489522492626897,-0.07862107417556302,-0.035570676944420676,-0.3821580796942841,-0.6110403023564472,0.17395538758342036,0.17892984515887045,0.00024052907351713822,-3.1412148305011907,-0.00033417667208618385
10.530458450317383,-1.3593813006315538,1.9817744406495919,-9.387077492001893,-0.0748407636154725,-0.036354927803532874,-0.37778361899673824,-0.6110425185896534,0.1739012403881389,0.17890480004382614,0.00041974757532463715,-3.141215184854484,-0.00018685272496592658
10.538254261016846,-1.4259916853267989,2.1075165276317196,-9.366288094662192,-0.07920151810247049,-0.03568299818765666,-0.37979850603244086,-0.6110559155113136,0.17393240526353257,0.17889118898755665,0.00029518898566413836,-3.1411752940726845,-0.00025543015808502214
10.546292066574097,-1.3308890760006056,1.8800719983316823,-9.388702446929479,-0.07371972182476702,-0.03264477535158734,-0.3809514853796948,-0.6110428064752202,0.17390055565974386,0.17882612583168966,0.00042940997094982435,-3.1412719803847975,-0.00014287051110643934
10.554259061813354,-1.5343825668291609,1.7958143211072983,-9.589003726132054,-0.06929219350909514,-0.03630006976987864,-0.3770113497102928,-0.6110292881540271,0.1739382440321761,0.1788392456881504,0.0002695440376722009,-3.141235943937275,-0.00024136414000264065
10.562366008758545,-1.456400487786686,2.082768773952433,-9.56587770204828,-0.07652168282886422,-0.03517887428157675,-0.3768359791496491,-0.6110362160119726,0.17392298719793914,0.1788085633893361,0.0003003540129147192,-3.141271453028463,-0.00022509637658683066
10.5702805519104,-1.552746751542205,1.6654183347927791,-9.535003151916735,-0.06496814326909238,-0.04119855293612421,-0.3797445270506645,-0.6110684337329575,0.1739389485306101,0.1788305389515629,0.00032552392913494073,-3.1411680365302224,-0.0003401524039279657
10.578362941741943,-1.4914590970240733,1.982260868135543,-9.639957100959965,-0.07620914693217481,-0.03829813056197695,-0.37628399476068985,-0.6110453180459186,0.17393919426311974,0.178791513401068,0.0003397817604338964,-3.1412404077822136,-0.00025065747824937673
10.586398124694824,-1.1099635061839548,2.0066863365377254,-9.655307332655395,-0.07711373710372162,-0.028674395891037784,-0.37391590494971044,-0.6110510554679172,0.17391733390622777,0.17879155757207038,0.0004419399196685032,-3.141218071189917,-0.00028430926655046833
10.59421420097351,-1.3099983510873783,2.0540869517484652,-9.607957362922559,-0.08014848319307993,-0.03120864513800278,-0.37229002834114955,-0.6110617165602081,0.17390473570402573,0.17878862492367753,0.00041736181649412805,-3.141201570391989,-0.00029034838814789523
10.602348804473877,-1.339204320650306,1.8951821393081885,-9.679223277712827,-0.07513310466346135,-0.03619169490763809,-0.3743341048256562,-0.6110516910726287,0.17395945284092534,0.17878483274922197,0.00028827815282863743,-3.141137734864779,-0.0002331156606024518
10.610342025756836,-1.337982119758733,2.115364660200733,-9.57959168042282,-0.08037964580716411,-0.033269153473565787,-0.38071068932326096,-0.6110432713034597,0.17396626743872043,0.17875841246833357,0.00030728886263540925,-3.141185179146027,-0.00032457283379059583
10.620323419570923,-1.3384901995484424,2.052629017791553,-9.52513449025038,-0.07780140690567369,-0.032224400746953485,-0.3778364653834624,-0.6110637552596301,0.1739474199791665,0.17875753957393886,0.0003037499013789646,-3.141161921485619,-0.0003879428039281794
10.628435373306274,-1.3895383838069872,1.9413321814889162,-9.608210164034993,-0.07453244489991764,-0.03387725475574179,-0.38039167373939337,-0.6110448026589034,0.17393675329774036,0.17872220941960568,0.0003617542477935732,-3.141205947405094,-0.00034307415030894266
10.636306285858154,-1.494177977160157,1.8459970859842545,-9.679086187501882,-0.07027341330218631,-0.03609847182021325,-0.37388076361044975,-0.6110552712636198,0.1739541245519251,0.1786930121241281,0.0002826857060050703,-3.1411853486810624,-0.0002658955138072197
10.644352674484253,-1.6243444529089475,2.1352429815477065,-9.527529678000018,-0.07817987535735686,-0.03757947158209158,-0.37485440192417235,-0.6110465099447798,0.17393272689341155,0.17869115801925278,0.00034223921357104007,-3.1411644535089382,-0.00025327042905313573
10.652215719223022,-1.3432334953488276,1.9802792822930222,-9.573526352088876,-0.07657892988930853,-0.03346194028194082,-0.3763242189213316,-0.6110591725178229,0.17392585743950434,0.1786806151895467,0.00031181261522783603,-3.141158221277578,-0.00032437137606286043
10.660315036773682,-1.4488514418641139,1.8905725004983505,-9.654573215384854,-0.07264620651481625,-0.03415354130513952,-0.3766176297740651,-0.6110565068301552,0.17394388448244041,0.1786549815809224,0.0003426371628833894,-3.1411780946913725,-0.0002864465892888201
10.668267726898193,-1.3861900908672111,2.1687306081023654,-9.485474221018672,-0.07985912086048172,-0.0367573620712554,-0.38367057937592713,-0.6110546009130285,0.1739401135707362,0.17857760989004456,0.00029242834233001336,-3.1412329060217234,-0.0002457627621104165
10.678422927856445,-1.265365072690542,2.0072908699139007,-9.521916078156549,-0.07555453274730635,-0.030626306738120446,-0.3789494417421478,-0.6110359821268571,0.17394883735040848,0.17854587085040988,0.0002712604700502343,-3.1412519616924186,-0.0002445029798146528
10.686214923858643,-1.2582132408938351,2.3152872806327567,-9.56559373801476,-0.08479617986370755,-0.02948285621290428,-0.3839600131242289,-0.6110289246890266,0.17393997283337706,0.17852879615230427,0.0002746384754276541,-3.1412585723821453,-0.00025976530115485514
10.694334506988525,-1.4145967161864563,2.054866938693685,-9.547946186569812,-0.07694660517069314,-0.03749771511999193,-0.3777991647435494,-0.611046787657307,0.17394924695790925,0.17846474838434517,0.00026151442323155816,-3.1413081424306726,-0.0002620671313093391
10.702305316925049,-1.7307884112834435,1.7969511441269006,-9.593409222516026,-0.06974749322218031,-0.043363302586872224,-0.3780958103080538,-0.6110415099948794,0.17394626137545852,0.17845620776164975,0.0003054365948927458,-3.1412931561532025,-0.00030974806885031324
10.710314512252808,-1.026009102212453,2.119621020753811,-9.636286605401573,-0.08158755716379806,-0.02377581442724035,-0.3870188751546488,-0.6110587466537084,0.17392732027529165,0.17844636501954403,0.0003062129262832606,-3.1412015364675954,-0.0002559028723521665
10.71835732460022,-1.351108921158733,1.847676658884764,-9.624716981659597,-0.07225953976709518,-0.030495368623511182,-0.37895257756397266,-0.6110693764763022,0.1739197814366791,0.17844057127091892,0.00034530894757247064,-3.1411919896145117,-0.0002832643523569386
10.7262864112854,-1.3310500974924893,2.2865142209021223,-9.409376213187672,-0.08234778498103236,-0.03200922618531181,-0.38160995695918004,-0.6110423592589174,0.17392231534963656,0.17838466003541842,0.0003345378721465565,-3.141271858867019,-0.000267631448573197
10.734301328659058,-1.3241221645782262,1.938627405183985,-9.576265104077782,-0.0741765506072473,-0.03249286589327984,-0.3815092746657469,-0.6110523797985664,0.1739739373020634,0.17839607588332565,0.00028650467186463276,-3.1411621253327993,-0.0003012835517853676
10.742367029190063,-0.9835660247739951,1.935872482293945,-9.35811028978115,-0.07506062973257654,-0.02490724425749059,-0.38188178889940894,-0.6110351810649302,0.17396887117660412,0.17832453887338795,0.00021258239895885416,-3.1412917890682825,-0.00031628577008656854
10.750354766845703,-1.3018299892032268,2.098585858862797,-9.59082068549592,-0.08037205577924621,-0.030122987363259326,-0.3768765359375141,-0.6110415745335864,0.17393948624490674,0.178276053376979,0.0003533796035295713,-3.1412876754761365,-0.0002587457166253672
10.758378744125366,-1.2647672715450038,1.9674103739325544,-9.63091278654508,-0.07535831402826483,-0.032626354818548524,-0.3795784346250282,-0.6110485579731171,0.17392771268378854,0.1782652779467181,0.00036898067764920095,-3.141225284605675,-0.0002102655019235106
10.766443490982056,-1.0837483818214722,2.1493380951922045,-9.408232865184518,-0.07824030528363647,-0.02601349804769352,-0.37956473869444457,-0.6110460010113637,0.17394553050288258,0.17823684506253354,0.00034907478030311536,-3.1412702474205387,-0.0003326443290478207
10.774363994598389,-1.0729328153855944,1.9684933893739824,-9.553073572236082,-0.07324127055915779,-0.0260658589144079,-0.37998041534515403,-0.6110436182049138,0.1739372232664261,0.1781932325920752,0.00037480783162287284,-3.1412922236630996,-0.00020368979916195954
10.782278060913086,-1.4680358931642388,2.035940270275792,-9.629585891386071,-0.08009942975559878,-0.03389025588694815,-0.3758325334904806,-0.6110437984851692,0.1739375030070325,0.17820260003840532,0.00028369936536086526,-3.141274528092953,-0.00030645183050392915
10.790223598480225,-1.40990093071356,2.263494375880568,-9.444657470510528,-0.08276782831607464,-0.032691515313316745,-0.3780460412591633,-0.6110591681478602,0.17391181635234196,0.1781410625680923,0.0004476798204804767,-3.141271094335996,-0.00019920096188270916
10.798372507095337,-1.5749143363204512,2.174659497798614,-9.64041919341771,-0.0777816751063331,-0.038129656423764174,-0.37363426638097036,-0.6110614755164375,0.17395423783963224,0.1781560768715829,0.0003235729377205046,-3.1412353702907634,-0.0003231080666887891
10.80630612373352,-1.1363934078569755,2.001904933680903,-9.48317680928001,-0.0780007956691505,-0.0319432683224469,-0.38530149604414243,-0.6110586727692889,0.17396019149317693,0.17814111971785457,0.00021625662648115096,-3.1412101631900184,-0.00033009932706477065
10.81420087814331,-1.3430238158426298,2.2002109536801013,-9.5394915588802,-0.08209761370790356,-0.030779478675983126,-0.3832660091163105,-0.6110470952563939,0.17391619115204782,0.178093662646999,0.00038939629178932564,-3.1412073000463647,-0.00022975624523822213
10.82428240776062,-1.3865855358517163,2.0434121838895822,-9.558115772408998,-0.07862672915251136,-0.03326511824035932,-0.3843745873913689,-0.6110362587388868,0.17394354384044214,0.17804068592216712,0.0002682951358147096,-3.1412629573548827,-0.0001608849478725691
10.832319736480713,-1.467330455908294,1.981227580552496,-9.725658850637691,-0.07736071488734586,-0.03414256041913574,-0.37584271533864827,-0.6110531605010442,0.1739439731859741,0.1780363793844501,0.00035273521524464325,-3.1412141488351124,-0.00025213370581501655
10.840337753295898,-1.2891189942035384,2.201064263007234,-9.617029276737483,-0.07970623635989717,-0.029862591573286287,-0.3789692515136997,-0.6110480409862514,0.1739387443797075,0.17796953023977558,0.0003524515492431635,-3.1413433520758973,-0.00015185225071386236
10.848288297653198,-1.2170044389009973,1.8963898755753574,-9.623253159083786,-0.0751222382353004,-0.03147352710291319,-0.3796043255557021,-0.6110485371881721,0.17393854908555928,0.17797741697898392,0.00028888720622295526,-3.1412683627662275,-0.0002562040886090572
10.856345891952515,-0.953619889230561,1.9195745593995992,-9.506359819614289,-0.07325745256983021,-0.023723638577869178,-0.37851024995452154,-0.6110506523471309,0.1739235264771203,0.17793236552662767,0.0003914895602665182,-3.141256548316104,-0.00019239236585655685
10.864197015762329,-1.3561759749912736,1.6304918333424225,-9.654702661863132,-0.06878847781706082,-0.030490350370073215,-0.3759947952563161,-0.6110400501239638,0.17394252290030876,0.17789065391634537,0.0003607454052885352,-3.14133150378851,-0.00015851549637670924
10.872293472290039,-1.370262204295928,2.1099384534447454,-9.546440206890612,-0.07737263248141642,-0.036091995011500254,-0.38042374450071914,-0.6110532827913441,0.17393787482904027,0.17788239681772172,0.0003935064011856126,-3.1412925923198096,-0.00023467548871682176
10.88035249710083,-1.4677378892885622,1.8178444391703972,-9.668186721185169,-0.06890711151047996,-0.03333942476085388,-0.3690991688208903,-0.6110384784206475,0.17394295100250085,0.1778437413567433,0.0002855702387963454,-3.141301639322277,-0.00020520160749247203
10.888267755508423,-1.4695245279182798,1.9973603692484418,-9.654864607235892,-0.07777377500230191,-0.036557002609576394,-0.3741233077461404,-0.6110566693660636,0.1739297892579276,0.17782293792127465,0.00039455576456477504,-3.1412831258784935,-0.00022034139803240585
10.89625859260559,-1.5081049442656902,2.067475032764404,-9.551141699754224,-0.0818830179174059,-0.03627836878559205,-0.3802187720672088,-0.6110702823370727,0.17393108868878876,0.17781697483196657,0.00032271190733174874,-3.141206759952492,-0.0002758597801119235
10.904306173324585,-1.4871611181112245,1.7778851173463104,-9.562701919668305,-0.06931623863954817,-0.036086076572588346,-0.376539908105331,-0.611043161074834,0.17396312853781581,0.1777597993420345,0.0002865646520469831,-3.141255569310761,-0.00020729787400064324
10.912347793579102,-1.6575812685049258,1.6088381238418932,-9.497926852687286,-0.0665075326299056,-0.03942933914122653,-0.3742676892291903,-0.6110510836771637,0.17397455893019506,0.17775096752082303,0.0003048381366121755,-3.1412338110969396,-0.00023882734089784936
10.920376062393188,-1.4381215418749036,1.9170713791801892,-9.5158411807239,-0.07174870858742699,-0.034235934366379804,-0.3819199527401263,-0.6110590539712741,0.17394635558409008,0.1777421912136003,0.00031767201277069056,-3.1412558326742808,-0.0003067763665247585
10.92837381362915,-1.3648849679632404,2.217657183813425,-9.506445029653666,-0.08067289062462382,-0.03427983378039896,-0.38165436016962573,-0.6110508472140439,0.17392794088594912,0.17770097511598168,0.000312652816891445,-3.1412284608587004,-0.00024215523930426244
10.93628478050232,-1.3863936643682204,2.1231464507370985,-9.618053559188564,-0.0791906087097295,-0.031588670851478935,-0.3753612459901062,-0.6110525310137025,0.17391991749219302,0.17771449360292374,0.0004168018880638156,-3.1412070336021936,-0.000267682554078938
10.9442880153656,-1.388456622319603,1.981329557837317,-9.53017952954797,-0.07508340088274604,-0.03480465087417482,-0.37938789989814553,-0.6110480791133241,0.17394769944672753,0.17767463581701878,0.00034679332411356587,-3.1412407754806893,-0.00030268968856424244
10.952414274215698,-1.1389562374611328,2.1997339966893494,-9.478917155980783,-0.08197070941868811,-0.03059769617161502,-0.37595728148862295,-0.6110530215810607,0.1739286101660991,0.17761987626876558,0.0003272097594727537,-3.1412598151722486,-0.00025724864433706104
10.960326910018921,-1.1930615059022638,2.0696963919450204,-9.389212563320125,-0.07903011199386413,-0.03050712995964695,-0.380012258172492,-0.6110443826454254,0.1739651117251927,0.17760391137340154,0.0002651971933237823,-3.141262220306581,-0.0002262802703333748
10.968238353729248,-1.3661739792506555,1.988648016053271,-9.414531976791215,-0.07631550282825576,-0.030150424352669968,-0.37517501944623327,-0.6110599435770844,0.17392643291555065,0.17755709937900294,0.00039796134576376393,-3.141268372869849,-0.0003389132068696771
10.976290702819824,-1.5632468342166779,2.136044653313762,-9.38092319137895,-0.07650793678947966,-0.03536862743828011,-0.3774438692994035,-0.6110519898778694,0.17392514796836164,0.17753381894718157,0.0003846048477866916,-3.1412801817963754,-0.00023303459660765777
10.984225034713745,-1.6713787262176445,2.262962795050564,-9.546067420950326,-0.08264735061172991,-0.03943600711469445,-0.37506240767068605,-0.6110552530484042,0.17392989377409906,0.1775302422359764,0.0004119379386280564,-3.1412410125236754,-0.00022899936686645932
10.992528200149536,-1.29374050440146,2.0621767894077507,-9.43766782832426,-0.07742213107453566,-0.030667560362249914,-0.38747699700662075,-0.6110500171291033,0.17390606263712458,0.1775041249475527,0.00043612786515274157,-3.1412783791475674,-0.00022628476487057488
11.002346754074097,-1.6567800526325056,2.015852279700596,-9.378427655170288,-0.07637858950609529,-0.04118902337506865,-0.38015960583125064,-0.6110549800088637,0.1739328542681755,0.1774837388416614,0.000298044553289945,-3.141251078643266,-0.00023344144789129375
11.010374307632446,-1.6347901150730169,1.888748788384581,-9.533924156217052,-0.07415171878927751,-0.04043664755716051,-0.3741218332238428,-0.6110473563760949,0.17393930932749335,0.17745412991538773,0.00038098945684220933,-3.1412669386460856,-0.00029170608998921164
11.018273115158081,-0.9212164628512548,2.4096687788465236,-9.41646748589703,-0.08626450533080725,-0.022257680578637428,-0.3823188564680191,-0.6110484940763463,0.17393441833956838,0.17743172939595664,0.0003095262772387234,-3.1412444672508166,-0.00022439950023510897
11.02621603012085,-1.4251520746610609,2.303738089946758,-9.528710162508792,-0.08379029308306164,-0.03590583515529411,-0.3825405569157652,-0.611048345169565,0.17394025998058146,0.17739766488847059,0.00033055100525795737,-3.141223323069605,-0.00024131094340584154
11.034204483032227,-1.5275171162244299,2.118050080939773,-9.50222499232457,-0.08041459236745947,-0.03679641132607788,-0.37734969450925926,-0.6110481363999274,0.17396564352169244,0.17739082299355302,0.00030671459069570793,-3.141214727102391,-0.00024841904548059904
11.042367696762085,-1.1617858661682248,2.3939068110781125,-9.495325963420418,-0.08633092180944364,-0.03116023600410311,-0.3790949969664667,-0.6110505648778533,0.17394060393365057,0.17736434170572524,0.00033743059304823785,-3.1412005693445835,-0.0002959506836871179
11.050309419631958,-1.2713429716827684,2.013230457758488,-9.57042010255728,-0.07745267380237493,-0.03213769204966368,-0.3744484348317729,-0.6110531147510555,0.17391375453889174,0.1773241554332899,0.0003849473680140345,-3.141227724876328,-0.00023637357190216404
11.058196544647217,-1.3331140341478316,2.2917943895087216,-9.64652607105739,-0.08384931539181101,-0.03356210840017734,-0.3768029525497633,-0.6110497449539273,0.17393824874776,0.17728671903364163,0.0003649839820450617,-3.14125744121044,-0.00021890214663433137
11.066313982009888,-1.112637281859796,2.308524800116464,-9.558595034204417,-0.08259106913609199,-0.02704696655947878,-0.3760109753111923,-0.611055622890003,0.1739398308173365,0.17727769461199872,0.00029529381894858984,-3.141198447585017,-0.0002446880025652586
11.074310541152954,-1.2037563139382452,2.171430537346463,-9.443264924686307,-0.07960657722344065,-0.03264433797151754,-0.37867299940020743,-0.6110436865774094,0.17393686389899315,0.17721393743302638,0.00026772605833648536,-3.1413128315416294,-0.0002505362544607506
11.08236575126648,-1.1907997690885617,1.9960355241617915,-9.63750646153938,-0.0753115243570529,-0.0303742181888813,-0.38007439587912595,-0.6110430491598714,0.17391835123701968,0.17720446624104452,0.0003543675955495177,-3.1412767297405986,-0.0002225449474934914
11.090307235717773,-1.3049608922622273,2.4553210388888753,-9.492013846302436,-0.08753418473114352,-0.03291981285987455,-0.38128696806659984,-0.6110691192582696,0.173956231600366,0.17721684401218785,0.00028373016683744186,-3.1411702839309155,-0.0002824190315828288
11.098264932632446,-1.5356257204087187,2.0693511924494343,-9.571500094373976,-0.0807000166105233,-0.03364663956224224,-0.37698439426622143,-0.6110382349297744,0.1739282716663272,0.17714679849475506,0.00028321425637553625,-3.14129217310741,-0.00018002646967971817
11.106350660324097,-0.8531200663288016,1.8947951445598405,-9.490802899808234,-0.07259577380052272,-0.02226114737744599,-0.3834872000207683,-0.6110475034099611,0.17394234414983922,0.17712964309094803,0.0003163151205229005,-3.141229125226972,-0.0002455334162296124
11.114310503005981,-1.572815779743654,2.0207063556521043,-9.5538895225652,-0.07558087191497773,-0.04040275043202865,-0.37396918308957566,-0.6110718000176146,0.17393578954312994,0.17713907664528622,0.00036768871832628026,-3.1411448329634575,-0.0002732903349194555
11.12250828742981,-1.7070184900720538,2.0250828935800613,-9.299794485883625,-0.07676497455428324,-0.04042644235940437,-0.37381391193695035,-0.6110446829536342,0.1739497885991207,0.17706680456940482,0.0003422574621294509,-3.1412782004036157,-0.00019803602022759495
11.132247686386108,-1.243829778351453,2.231423672276596,-9.422251285103185,-0.08106270315053418,-0.03371794180393327,-0.3809564858682088,-0.611037650671548,0.17397956970873593,0.17704717714740786,0.00018843698387307727,-3.1412624123196644,-0.00019553951433326413
11.140372514724731,-1.2786913841410472,2.2695003975492964,-9.338275405409025,-0.08488615953124053,-0.03199604740755311,-0.380631536568608,-0.6110568280882672,0.17394265939868975,0.17704815428823978,0.00039521843844544425,-3.1411888505166288,-0.00029278284761434395
11.14836859703064,-1.241395965695026,2.1847408959780537,-9.172847897514536,-0.07877222837949757,-0.02956071604657063,-0.38590975011023526,-0.6110652585108673,0.17393696250107674,0.1770549088595585,0.00037697022603114,-3.1411180679757513,-0.0002871093861102944
11.156432628631592,-1.6479810841045541,2.111933969832125,-9.500280513290244,-0.07887788816864852,-0.03771777016106466,-0.37585087909173304,-0.6110474844447017,0.17393175166445987,0.1769712112188169,0.0003239506995564898,-3.1412499119117827,-0.00019687562206474477
11.164267301559448,-1.7462938143257036,2.014168967626334,-9.46900533499468,-0.08117129420014339,-0.04221591239673597,-0.3726152314997808,-0.6110444249154491,0.1739623883150771,0.17693812972431588,0.0003049315041428079,-3.1412620549131196,-0.00023040486717789302
11.172480821609497,-1.3656678026782674,2.267863752845313,-9.444391676572607,-0.0810415294239454,-0.03485628662248105,-0.3823444788020021,-0.6110363965234147,0.17394160613928572,0.17690733969174427,0.00029919146816330665,-3.1412951807499563,-0.00018115957963404575
11.180456399917603,-1.228051651480956,2.2938350851821725,-9.441484248484858,-0.08325288142747363,-0.03280677775170085,-0.37740943114938097,-0.6110582280609949,0.17392152800248356,0.17689532266861302,0.0003776150737826084,-3.1412404998242818,-0.00018231879963846699
11.18834114074707,-1.176690825019278,2.052603833183905,-9.458067781147621,-0.07583850781556156,-0.029156321858654112,-0.3772895788187685,-0.6110422649260209,0.17393934355274032,0.17688007423668745,0.0003343268193483696,-3.141209260575078,-0.0002652458179350079
11.196377754211426,-1.1354259330011922,2.0740546111287905,-9.4590731269887,-0.077885967238354,-0.027225509432754987,-0.3796187808387868,-0.6110739408330312,0.1739462098582776,0.17690578526266887,0.00036651712711767106,-3.14114199034557,-0.0003428583855713744
11.20436716079712,-1.1425528201313537,2.057783526169521,-9.62877096012026,-0.07698318317215812,-0.029623917832745116,-0.38477104895256875,-0.6110523057677727,0.17394033389821772,0.1767949792101766,0.00034790174942387903,-3.141308299614785,-0.0001610451645385863
11.212404727935791,-1.2723302042069091,2.200375254810216,-9.460645652300167,-0.08009215218558954,-0.032186103804946034,-0.37949417895509074,-0.6110652262351335,0.17397151975432856,0.17684287490815914,0.0002518032696844868,-3.1411666572361026,-0.00025035330084951217
11.220375061035156,-1.4440337052100454,1.9731697571567552,-9.480175348702016,-0.0773417470857433,-0.03494050674286073,-0.3761683893314644,-0.6110492337773369,0.17393532331006228,0.17679998905947375,0.00025756200955859206,-3.1412151056552875,-0.0002244443406985107
11.228303909301758,-1.1246422632262258,2.0621041266612927,-9.396035040083984,-0.0794828128851284,-0.03033691595657395,-0.38237687663934,-0.6110442987244736,0.1739513002519052,0.17675528670582613,0.00028328414181352215,-3.141260467756307,-0.00019979667856335324
11.236326932907104,-1.4684269363116298,2.2701611708313454,-9.336407449009807,-0.08141076120782698,-0.03532690070586571,-0.38072826480942346,-0.6110604042896196,0.1739609174207598,0.17677530069365274,0.0003919214079832978,-3.141221285638844,-0.00029624009366865874
11.244402170181274,-1.4399443592603023,2.2419325095535125,-9.34625165476323,-0.08212666416491263,-0.03569434429465626,-0.37355273242709874,-0.6110569281608538,0.17396308304544905,0.17673985342151144,0.00029004684720031844,-3.141209039501098,-0.00028623641700949447
11.252229690551758,-1.384039410466889,2.1486357230872213,-9.411596289554739,-0.07948691512046005,-0.03257758514502846,-0.38352511222203894,-0.6110544538898716,0.17394799599365363,0.17668604366806903,0.0003819328052311834,-3.1412431206342872,-0.00022662873605186845
11.260288953781128,-1.174979562856709,2.0673457992482756,-9.472749421939692,-0.07779354533998763,-0.0297646935642887,-0.37861493783445566,-0.6110473853470391,0.17394185015372834,0.1766816269306492,0.00034333829929795843,-3.141221309607469,-0.0002080367471362742
11.268329620361328,-1.651000134400946,2.1436599127626255,-9.37153636681725,-0.08015603685250368,-0.03885685452757369,-0.37702349898120696,-0.6110546186502378,0.17392251420696037,0.17667869651429802,0.00033658576235713627,-3.1412234876066347,-0.00020026849524191405
11.276363372802734,-1.1160957538548437,2.0668275121795956,-9.498947798386967,-0.07963226757061533,-0.0279650010738116,-0.3852806222125901,-0.6110608038694335,0.17390918198299257,0.17665100636571326,0.0003939034957140914,-3.1412095967133618,-0.0001300638740982215
11.284225940704346,-1.521152924724673,1.800339914798849,-9.465776702766268,-0.07257593559505349,-0.03312389547729079,-0.37419838543270667,-0.6110690154813508,0.17392754764565702,0.17668301555492066,0.00043503395880227676,-3.141110148382947,-0.00030768592035685787
11.292315483093262,-1.2243899292959628,2.004681886013855,-9.407258067408012,-0.07631099135278323,-0.030142631535777974,-0.3807135328033429,-0.6110615826730856,0.1739278953219488,0.1766196792680203,0.00036917213036840403,-3.1412086645054074,-0.00024040979560430726
11.300318717956543,-1.6525722214283558,2.03231662787626,-9.557439798523466,-0.07504343029492037,-0.038127917015821716,-0.3753007948408015,-0.6110670764382259,0.17395142009633877,0.17662580115226123,0.00032551141942824426,-3.1411448248974674,-0.00030694697161144776
11.308312177658081,-1.0406761253135743,2.297666328503517,-9.457193115739434,-0.08622409365192109,-0.0254157626209963,-0.3871311248802789,-0.6110698405243451,0.1739262063378659,0.17657566556495485,0.0004170285065743496,-3.1412073091454675,-0.00024682440611250103
11.316211462020874,-1.071475216910097,2.049465590323197,-9.38013922798842,-0.07618253761241704,-0.02872136191780328,-0.37711155160269055,-0.6110307168061732,0.17394223901565897,0.17650740804426684,0.00031202593793412274,-3.1412959938440315,-0.0001948118740701463
11.324429750442505,-1.3558123206454817,1.9150425298992648,-9.653505751242024,-0.07483479900188221,-0.032919107320669605,-0.3791113164339472,-0.6110267844656848,0.1739506145395071,0.17651636922453479,0.00031254404434288895,-3.141246456867319,-0.00026461497188175914
11.332303762435913,-1.231973662988685,2.0065901584832364,-9.544559587689944,-0.07390018075207272,-0.03339154248696449,-0.37872627253312624,-0.6110532663667811,0.17392015677331912,0.17653178362635222,0.0004106579524274974,-3.1411929279782194,-0.00025176039910178327
11.340500831604004,-1.1083093734927396,1.8715084670071487,-9.340966639756552,-0.07149100213617718,-0.028571931397003106,-0.3843000836519858,-0.6110557349651463,0.17393304818465433,0.17650678616839682,0.0003973778654401647,-3.141203662814104,-0.0002349636715919872
11.348450422286987,-1.3284713196074167,1.9873995969586957,-9.492103915834145,-0.0761564189183442,-0.033493487567004744,-0.38288771854391507,-0.611044040164455,0.1739348996678646,0.1764662518430733,0.00037908939516943194,-3.1412458814184574,-0.0002432650594807261
11.356457710266113,-1.2090940835756763,1.985779824772302,-9.457392963929468,-0.07521077663581967,-0.030794001841135336,-0.3776257583446144,-0.6110416575006773,0.17395042489116058,0.17648521982303722,0.0003600184091125782,-3.141171356451256,-0.00025353931913011166
11.36443567276001,-1.2836518162319321,2.098506648080507,-9.50986501339308,-0.07764984749580399,-0.03230081500882453,-0.37557976407522536,-0.6110296202229438,0.17393005033610726,0.1764143858917861,0.0003464998379879199,-3.141305874966414,-0.00019093208824627427
11.372188329696655,-1.396179439799557,1.6075157474375932,-9.563339898804747,-0.06496065366348759,-0.036143627463568556,-0.3790855510018985,-0.6110506115061772,0.17390945990760498,0.17640894749280478,0.0004550523969621933,-3.141235512875137,-0.00024151894544012815
11.380417823791504,-1.3278707316860914,2.0962377552231555,-9.555111693050607,-0.07755950954568365,-0.034627399811246386,-0.38099655931460535,-0.6110610303101105,0.17393516601096165,0.17643309507291383,0.0003669297737539639,-3.141144196030859,-0.00023889332645467328
11.388342142105103,-1.1647532364239968,1.7775793945517333,-9.387355505340489,-0.0712779554395997,-0.02962145155527774,-0.3809226544335939,-0.6110484705906312,0.1739141162450855,0.1763694042509101,0.0004314534846100357,-3.1412635633837365,-0.00022530159471653995
11.396248579025269,-1.2203430981324241,2.0538258212446334,-9.580822930470402,-0.0768165277110271,-0.028161276764865663,-0.37127129071940296,-0.6110569793066442,0.1739607055956484,0.17641269091627854,0.0002833742008907877,-3.141165030528231,-0.0003305641708587179
11.40431261062622,-1.4119814476056871,1.6094340917234145,-9.486944926964698,-0.06796408163883977,-0.037661149096707154,-0.38016870181354045,-0.6110654766831849,0.17392833254145348,0.1763577369744281,0.0004575312478176906,-3.141194850427364,-0.00023222824710213448
11.412248134613037,-1.6095003960370182,2.1396157711230037,-9.345038813424866,-0.07863657905561611,-0.03662973396606622,-0.37538838629890264,-0.611074991582628,0.17394633399986978,0.17638434885307397,0.00034085501056340165,-3.141113291854052,-0.0002291466754650443
11.42027497291565,-1.303536971878195,2.097764346314445,-9.502405406563154,-0.07940241587621587,-0.030351558363659752,-0.3825754656439075,-0.6110632215613224,0.1739330223350843,0.17631118227279152,0.00043257628725156986,-3.1412389763528568,-0.00028892638774411097
11.428432703018188,-1.414399336345216,1.9411174366120245,-9.480498217497232,-0.07407445908453021,-0.03434196772394241,-0.38356540766087277,-0.6110476326752903,0.1739361105628682,0.17628981155771256,0.00031091941220843513,-3.141229905033246,-0.00020190771882755507
11.438389778137207,-1.4490469302403322,2.082104927745228,-9.474352589106708,-0.07994416759053925,-0.03598240594847924,-0.3726099886856437,-0.611052649486739,0.17393986958160482,0.1763083039425707,0.0003561382180968523,-3.141186153318438,-0.0003035876247282355
11.446252822875977,-1.4952932025017718,2.0280646632577293,-9.584450051454848,-0.07916231010571288,-0.03681565976434816,-0.37520893504183217,-0.6110454117960858,0.17395377495356845,0.17627577550371212,0.00031156899448780224,-3.1411975900802602,-0.0002571771986701582
11.454328536987305,-1.461446933254909,2.058682064783281,-9.514779346757992,-0.07924511707332656,-0.036930027148818836,-0.366711275878008,-0.6110513490977059,0.17393134934369622,0.17623342222149158,0.00035684708158593395,-3.1412416508572774,-0.00027760047907825756
11.462309122085571,-1.3066794703870706,1.9226325635428663,-9.569736112153317,-0.076301706076332,-0.0332007610634626,-0.3758629727390907,-0.6110527159114485,0.17392455752238897,0.17624591244929305,0.00041091719620670963,-3.141198021750252,-0.0002486649040823973
11.470438003540039,-1.3856137830478614,2.307762893036462,-9.39570850180341,-0.08366140449472612,-0.03759241602475479,-0.38316566871789226,-0.6110392871965037,0.173959429101028,0.17620846557929312,0.0002600721219505972,-3.1412285609288615,-0.00027271366870976286
11.478395938873291,-1.0998507435893332,2.079590122699106,-9.424456190785547,-0.07775610742862471,-0.02982820288841835,-0.37959419263158317,-0.6110606406655382,0.1739297963291967,0.17616747058981727,0.00039623741582468173,-3.141221606650481,-0.00027793254075685075
11.486370086669922,-1.3971769071680258,2.165713998004684,-9.340619346920077,-0.08037014428714749,-0.03276536579441802,-0.3814418370945952,-0.6110333546276108,0.17392207650200683,0.17610610872866883,0.0003904440562160575,-3.141337440187483,-0.00024176327136502502
11.494266033172607,-1.7137838767961553,1.7988671826729095,-9.517440165473943,-0.0701704133358642,-0.041907686705919364,-0.38272235168756463,-0.611032443400247,0.17392900498969283,0.17607541105275049,0.0003852714629792579,-3.1412973307087744,-0.00021345246670254346
11.502208232879639,-1.1119830038331853,2.1767644088834865,-9.629994759023067,-0.08067177176195929,-0.030975805897079094,-0.38336496569328427,-0.6110306192550161,0.17395246346930418,0.1760682062650083,0.0002798952524143475,-3.141286509597578,-0.00023757782032422643
11.510385751724243,-0.9932182479842817,2.2159779664828485,-9.56302188664821,-0.08223740432360029,-0.027574140055562364,-0.3843903482833378,-0.6110670382516167,0.17390871840958744,0.1760487924909042,0.0005291950577781796,-3.141228369000033,-0.0002644173299053382
11.518327951431274,-1.364778343636305,1.7584223148367877,-9.515705543071807,-0.07350456769134144,-0.03309073572124116,-0.37507020341102526,-0.6110532217587619,0.17393237252268653,0.17603825693507835,0.0003289232230211608,-3.141199784234582,-0.00022258533017508437
11.526428461074829,-1.4854928054086889,1.9845377848741472,-9.50046377286361,-0.07677759751761097,-0.03947836769721217,-0.3822263678095003,-0.6110470429269336,0.17393192574959626,0.17600350101769202,0.0003872081913901743,-3.1412230929230565,-0.0002965943902187346
11.534315586090088,-1.350506836022343,1.9789432568927674,-9.439619666321702,-0.07646719734804794,-0.03602695922685028,-0.37883093969654924,-0.6110564675004969,0.1739345225093228,0.1759673655494975,0.00041926440759923516,-3.141258938058382,-0.0001802386242453825
11.542265892028809,-1.2967126951965446,1.8084327377128226,-9.503262353790007,-0.0723330916899326,-0.029251720883167753,-0.37726366286042595,-0.6110500585760739,0.1739513611326538,0.17599038993421112,0.00029776036731305806,-3.141198001582919,-0.00032398725465567223
11.550424814224243,-1.556118002596034,2.086990383102224,-9.543273686509755,-0.07966256359337545,-0.03434783095105548,-0.38322300081143734,-0.6110421583691235,0.17393176414079023,0.1759155803785254,0.00035531235218626164,-3.141243040673499,-0.00017702833599582936
11.558342933654785,-1.3661032229327221,1.9672978393536944,-9.61782026201977,-0.0764781634485255,-0.03377487105193255,-0.385428909195273,-0.6110538853608556,0.17394566539265416,0.17592822656309487,0.0003054800217888713,-3.1411863069843586,-0.0002606959976081091
11.566354751586914,-1.3697465752944518,2.220183511715615,-9.621977208892856,-0.08149865674873473,-0.03347578914062647,-0.3796903974869014,-0.6110427959799976,0.17392072744309556,0.17587727860113278,0.00037679844992245435,-3.141270284033719,-0.00021900021848107458
11.57439398765564,-1.1170204933343175,2.1949491028380415,-9.543160234157435,-0.0838246515555392,-0.027952140279310218,-0.37928143752025933,-0.6110600127873932,0.17393439710767644,0.17585870955003552,0.0004028147330416695,-3.141221139924272,-0.00023080921123577717
11.582345008850098,-1.393139934616971,2.1532808648565998,-9.509580450867464,-0.08194450461715148,-0.03623586361871343,-0.37787175058895184,-0.61106403061294,0.17392156998866176,0.17583435623873,0.00036923949957026677,-3.141250971068639,-0.00023452860008391871
11.590262651443481,-1.2290355304928926,2.110864326884107,-9.529752283177919,-0.07848503704869023,-0.03180220075141895,-0.37980755508729774,-0.6110359304046628,0.17392476410950114,0.175775583238445,0.0004020089162517802,-3.1413390831326162,-0.00026872004248355337
11.59824514389038,-0.890887207994777,2.4635125208406894,-9.413122442794293,-0.08865511084058421,-0.025100795216664192,-0.389737291877418,-0.6110547142012858,0.1739161205187869,0.17577750078803986,0.00038898632840203096,-3.1412732822519946,-0.0002945269273980944
11.606406688690186,-1.1978082073762155,2.2579931136281934,-9.462776058173107,-0.08299146444622225,-0.028158671662075103,-0.3854317445814468,-0.6110373397176778,0.17391929933654263,0.17572615369103634,0.0003897942520391188,-3.1412815917117376,-0.00022056440391348932
11.614298582077026,-1.2409613866248221,1.8761786869825938,-9.32440295502054,-0.07291769559623869,-0.031217178418950633,-0.37488352796246616,-0.611042420754679,0.17392624530146203,0.17572062304963704,0.0004101501742847389,-3.1412567520920316,-0.0001759329717799946
11.622211694717407,-1.317356643137082,2.2324241239776543,-9.652578575372816,-0.08274786583202846,-0.03278736745831908,-0.3766172065336887,-0.6110444513708736,0.17392398020958502,0.17574129417590967,0.0004225754779901125,-3.141204336475198,-0.0002999550026159003
11.630484104156494,-1.3223068184944782,2.1240910861940105,-9.503385592660084,-0.08061170140045279,-0.031202562506251582,-0.3765648945114892,-0.6110417373964454,0.17392889055395855,0.17567059864860035,0.00038547097415102884,-3.1412617264547547,-0.00017267443083560373
11.638309717178345,-1.3167194489705665,1.9698060515386648,-9.406146707772004,-0.07339019574362113,-0.03418623811547447,-0.38489759686630537,-0.6110532557042591,0.1739295867084011,0.17567019798419342,0.00039804467596695235,-3.141199246688576,-0.00022441833714133242
11.646230936050415,-1.223875817974922,1.7896245050525008,-9.562981715806034,-0.07081497456787289,-0.029215367437955976,-0.3750792387319576,-0.6110537718783482,0.17390967623399575,0.17564693300733641,0.0004378048439741571,-3.141244482648532,-0.00024412813939193978
11.654327869415283,-1.014392661115479,2.1843989198910263,-9.483407825843097,-0.07900815966213133,-0.027253354088835936,-0.38443746338776047,-0.6110478102785668,0.17396028912660408,0.17563479583753377,0.0003090394435257011,-3.141199294005468,-0.0003533100896856594
11.66230583190918,-1.0305565205839426,2.276545411623009,-9.466368744877157,-0.0822794752971266,-0.02801672185083674,-0.3817372054526468,-0.6110430471590944,0.17391277304709704,0.17560619479213424,0.0003487391275697999,-3.1412352308623577,-0.00020692788063390004
11.670253276824951,-1.176236847867469,1.6301996754406638,-9.476871532220395,-0.0647873790170994,-0.028103771105412987,-0.38039717289396174,-0.611045240094114,0.1739487182352442,0.17557614561605156,0.0003117274282464044,-3.141238760327438,-0.00025533627343070277
11.678274869918823,-0.989277494569485,2.17299700269829,-9.333446813225722,-0.08061227331913406,-0.025953338020668695,-0.3832407550065603,-0.6110493604338446,0.1739454887934703,0.17558232733110177,0.000304900540500027,-3.1411709212734475,-0.0003174029083017087
11.686334371566772,-1.3483903396814174,1.9557882162613855,-9.532014818754217,-0.07320363744223839,-0.03382534805209149,-0.3796221781614538,-0.6110665278696948,0.17394225316620948,0.17556093250654603,0.0003882388798678819,-3.141163342022073,-0.00030831116261667454
11.694369316101074,-1.1605371882453974,2.4453701636496965,-9.50043778867131,-0.08668363958080132,-0.0294032031702256,-0.37930949855778673,-0.6110522458846398,0.17393181428392773,0.17552197771499622,0.00040735733034035973,-3.1412222923455753,-0.000347574722527046
11.702345371246338,-1.2587047585925666,2.0888690583719125,-9.439478027074687,-0.07636763652431737,-0.032401541766787334,-0.3834274563221488,-0.6110654571065325,0.17390531323863503,0.17549251905044672,0.0004233867218092709,-3.14120105688821,-0.00021235534414468948
11.710181951522827,-1.0985959231928908,2.2567588534080882,-9.3487210541731,-0.08299274856965261,-0.026616162994635185,-0.38532912209181996,-0.611037264276704,0.1739302279864166,0.1754313869762647,0.0004030562946099989,-3.141254728308948,-0.0001582731125745088
11.718192338943481,-1.2428839616132648,2.053615571730005,-9.591858967489918,-0.07624410758503611,-0.030332291635686563,-0.381552713201495,-0.6110833887589633,0.17392816345283102,0.1754823546366259,0.000447423065601174,-3.141122488678299,-0.00029265118568821486
11.72649621963501,-1.3181082368522823,1.97558764230968,-9.487235055614224,-0.076965545387242,-0.03099937187571841,-0.37612331912145847,-0.6110570407324689,0.17393655253507073,0.1754566980853715,0.0003771769958297898,-3.141180641383148,-0.00028617693710687915
11.736336708068848,-1.3366121830200082,1.9237478596362225,-9.600303079918826,-0.0733510920718126,-0.03201205516334955,-0.37952425656870864,-0.6110466406583938,0.1739593252429753,0.17541938595691728,0.00037751081337420583,-3.1412269072357586,-0.0003294007092498341
11.74429702758789,-1.2860180815908477,2.0406119461559946,-9.563740298486634,-0.07629792619890682,-0.03412887064670927,-0.38035203588227307,-0.6110379077541054,0.17392605464343036,0.17536882055120173,0.0003465014685955243,-3.14125319424486,-0.0001745410339284601
11.752345323562622,-1.2882423032524246,2.0505961838350317,-9.496563616809567,-0.07557678290139305,-0.03154349347337163,-0.38385918101405814,-0.6110580743097541,0.17394565740405696,0.17540559940749223,0.00032139743628696956,-3.141143979745551,-0.0002733246747103513
11.760377645492554,-1.209499408278331,2.1299131497047905,-9.534014301249805,-0.08152484920327135,-0.02738651491625529,-0.3812778063211627,-0.6110578939150503,0.17393761690782925,0.1753588852622068,0.0003912869499465785,-3.1411946172232375,-0.0002383152140386419
11.76818037033081,-1.0342624305104955,2.121650037461879,-9.451264041218883,-0.07946910810106328,-0.027572265752526078,-0.38625169446826235,-0.6110644815649274,0.17393887517506382,0.1753188464959604,0.0003792365393279974,-3.14118916413586,-0.00025577771194472507
11.776295185089111,-1.6003634401414655,2.0100894687583435,-9.543804641999673,-0.07907049981929795,-0.04070314638272424,-0.37749938789199095,-0.6110473219537808,0.17392816495675578,0.1752971594902944,0.0003549583534524542,-3.1412193554841177,-0.000302101099117861
11.784335136413574,-1.2356391525103883,2.0660351305780926,-9.545234829164855,-0.07683741080403003,-0.03186137442715345,-0.38262602510098526,-0.6110555972332666,0.17394666731546174,0.1752464849625017,0.0002830642130895441,-3.1412564428626215,-0.00017014662165812331
11.792187213897705,-1.4824681289313284,1.9267119746443766,-9.508259693881435,-0.07928209079844295,-0.037238148311530606,-0.3759597107897864,-0.6110468735516431,0.17394873347569392,0.1752347893040869,0.00036122281881390347,-3.141217150739861,-0.000310585394371884
11.800264596939087,-1.3391393379805878,1.7335582364907263,-9.502984189178008,-0.07283587965253392,-0.031865964114131416,-0.37761486168930336,-0.6110487285500757,0.17394996045647626,0.17520374076792777,0.00031058202921491836,-3.141225934293741,-0.0002596830000343443
11.808265209197998,-1.320935829419149,1.8504564644163624,-9.59073589861222,-0.07154830134663831,-0.033851434358247376,-0.3764842859724617,-0.6110529975231462,0.1739319015950081,0.17515467048194933,0.00038754908784750114,-3.1412387169127998,-0.0002042782610305216
11.81649661064148,-1.1688016605920306,1.989134952626615,-9.39293939179223,-0.07400669491776819,-0.0312127015691287,-0.3761302530297111,-0.6110610827576992,0.17391379355417255,0.17515027092133875,0.000408333266089341,-3.1411951718219093,-0.0002477879410962264
11.8245210647583,-1.4476439972881676,1.9221788945121547,-9.477238537751617,-0.07282951405727998,-0.03480908999073504,-0.3779719802199338,-0.611046448172857,0.17388362629777948,0.17506977517799407,0.0004206094343121558,-3.141313353500125,-0.00016204578869923077
11.832368612289429,-1.4286905427203864,2.049459406780409,-9.454379595765504,-0.07957430279724734,-0.03770111763060114,-0.3827163751249379,-0.6110559265518889,0.17393710222174527,0.17507721051089437,0.00042950886096631473,-3.1412376983257606,-0.0003121896054530182
11.840300798416138,-1.4192090222728373,2.0669757233865984,-9.39463175350733,-0.07567452587159013,-0.034670561054521994,-0.38057716385633916,-0.6110542650725961,0.17390181976381303,0.1750259325104334,0.0004588400831354443,-3.1412830352134993,-0.00012899939268828125
11.848278284072876,-1.5105247115081069,1.9912135151154147,-9.361025647910836,-0.07510987022671418,-0.03548204170815348,-0.37498645850252843,-0.6110672979377169,0.17391686682794558,0.17502290634131448,0.0004234710900821269,-3.141228453213676,-0.0002182698417014585
11.856322288513184,-1.5030890012114466,2.038865188469854,-9.588093183309935,-0.07764607508792958,-0.03306287451628433,-0.3819251009105738,-0.6110583897004175,0.1739259653560969,0.1749956346912569,0.0004108272157098026,-3.141193363288615,-0.00020269250069108799
11.864377975463867,-1.5255354467451714,1.9596369474792719,-9.540838783701792,-0.07661785761777261,-0.03517145072944568,-0.3751376015993533,-0.611048153190107,0.1739278431349794,0.17495075504561514,0.000415975113526936,-3.141308427826092,-0.0002591175781922236
11.872379064559937,-1.0998226662409036,2.0465015360991465,-9.603077226723327,-0.0784300001469669,-0.025632703623172715,-0.37871812483410056,-0.6110402066465849,0.17393550021596954,0.1748964838258919,0.0002709937636112154,-3.1413393105483056,-0.00010907316017999915
11.880370616912842,-1.452688730099881,2.0513132620754164,-9.467115330419668,-0.07630752919152933,-0.03627570455886406,-0.3752688346185179,-0.6110591367295618,0.17392065113089927,0.17492340380062288,0.000392892737106997,-3.1412394362895233,-0.00020741832649034587
11.888356685638428,-1.1823366115319502,2.030317188441915,-9.587112716538401,-0.07976938341123106,-0.03194179900366591,-0.375014783937866,-0.6110393065539008,0.1739213751734733,0.17484618705691446,0.00039774700372255774,-3.1413480961439078,-0.00015251243675855445
11.896264791488647,-1.4567075085165975,1.755777006890836,-9.46210310676212,-0.07172188353393608,-0.03553865998316563,-0.3797997023824464,-0.6110428188393919,0.17392757290801075,0.17483379399601084,0.0003728249547392903,-3.141310449252086,-0.0001682310871141911
11.904283285140991,-1.2576705617753117,2.1140616394657985,-9.542511840821424,-0.07911448472859589,-0.03199482274918919,-0.37622425170145196,-0.6110706300290747,0.17396981904489822,0.17484666176019192,0.00027694944934473294,-3.141189582679931,-0.0002840664568293767
11.912315368652344,-1.3109564386808714,1.7182106737310134,-9.495954322850706,-0.0726200910377817,-0.03145372208200775,-0.38114376365449115,-0.6110563180543558,0.17396151295323345,0.174840330388707,0.000283054427229617,-3.1411947197533916,-0.00022193172180682303
11.920404195785522,-1.2302053053327573,1.894222266774258,-9.529522838371491,-0.07186978805804745,-0.03259477097289146,-0.37829780991514644,-0.6110661250714226,0.173936203825339,0.17481494010177878,0.0003110341540077273,-3.1412020529746667,-0.00020023015672359935
11.92824649810791,-1.4943113863859392,2.2515105690095027,-9.70907383376039,-0.08330374686104584,-0.03737982894664066,-0.38087915033235564,-0.6110398590203846,0.17394768801088334,0.17474729889149263,0.00032520372992871267,-3.1412825111000315,-0.00021865591741954894
11.93824815750122,-1.4084414035603985,1.7795844235564031,-9.39756349561528,-0.07192526057477591,-0.03519676620794763,-0.3815782495898237,-0.6110511232745403,0.17393566433814278,0.17475515336402536,0.0003655502641578919,-3.1411963635354,-0.00024008587492212858
11.946296453475952,-1.1649029732426086,1.8040927072451094,-9.536233455659204,-0.07015546855403927,-0.033547755071392425,-0.37706123562306193,-0.6110568034093963,0.17395374954326542,0.17471091239096348,0.0003388693631215477,-3.1412440407438207,-0.0002949228362374154
11.954328060150146,-1.2674026132944924,1.9535494993880442,-9.484675594539304,-0.07672618988593279,-0.02932790438910784,-0.375742829454067,-0.61106845829533,0.17391896619513064,0.17474110565525378,0.00044694955658995314,-3.1411662834274456,-0.00030123196754897497
11.962385892868042,-1.196490227924463,2.2917968582940267,-9.344460191139897,-0.08152670779647216,-0.029442962866266638,-0.3790527690175512,-0.6110497015327312,0.17392706486622322,0.17469799314668732,0.00035234340770123895,-3.14118720865494,-0.00021022354334875322
11.970276594161987,-1.1116130533127087,1.9439617404152678,-9.573424631303396,-0.0760694472487965,-0.02957151409699256,-0.38004298770689454,-0.6110509663890414,0.17392863073859857,0.17462412263081223,0.00038582655877465456,-3.1412489816090408,-0.00017324213030140575
11.978228092193604,-1.369245916333959,1.876602125435043,-9.589683261399651,-0.07440378526056558,-0.033925439260783265,-0.3729822192060477,-0.6110564981679831,0.17394585440661528,0.1746358784340809,0.0003075919603987029,-3.1411862208153116,-0.00022371785587944434
11.986273527145386,-1.4551116835140023,2.1068899084576613,-9.483709775672292,-0.08128236435355671,-0.03180688113068175,-0.37272890149828225,-0.6110422141238093,0.17392347234856037,0.17458469388683417,0.0003733183108390616,-3.1412418506782886,-0.00022061326659355537
11.99429440498352,-1.1205753295235832,2.1071357161641733,-9.522291786046495,-0.0831968369607709,-0.0291148790594408,-0.38017987705949247,-0.6110550890648646,0.1739578352521942,0.17461068051092024,0.0003399436166138807,-3.141156718691633,-0.0003128446918823196
12.002402544021606,-1.560441274843838,2.0389104764214796,-9.378512093748059,-0.07786614622764182,-0.03858233534747118,-0.3708169919690938,-0.6110284444912184,0.17394233064907788,0.174537690373178,0.0003345152016122086,-3.1412600556164976,-0.00029183654461153525
12.010252952575684,-1.4829750591886628,2.0950294302580668,-9.423037427413059,-0.0807517919625379,-0.033346556577896515,-0.37274904050126567,-0.6110418238029577,0.17394662883043577,0.17451096083657708,0.00032141692868996205,-3.141240823669271,-0.0002634755767836808
12.018244743347168,-1.226340331150295,1.8853621550555595,-9.40418509102675,-0.0746763897633575,-0.028705638214811705,-0.3778765159230817,-0.6110541836043634,0.17392267116824978,0.17448000349178155,0.0003505631721162785,-3.141208534441906,-0.00023297035211066806
12.026421785354614,-1.0817996284605889,2.2021982447044404,-9.363065004765266,-0.07845240051641532,-0.027500837096591367,-0.3825801242023232,-0.6110318226584769,0.17393681195273433,0.17442675531768453,0.0003609186899593514,-3.1413342631440204,-0.00021603194297003993
12.034338474273682,-1.1175549229416168,2.1412745302788143,-9.458787927317637,-0.0813290644392018,-0.02761902023674976,-0.3779290229837418,-0.6110393097921408,0.17393214796805537,0.17438802386670724,0.0003737559211781095,-3.1412892577193148,-0.00015530516308173703
12.04232144355774,-1.452846543351737,1.869547601434881,-9.44411038880305,-0.07358060810275631,-0.037091538919206204,-0.3774002315528887,-0.611036240004376,0.17392791252078846,0.1744073256912549,0.00036962893967001426,-3.1412362466774013,-0.00020694178538152686
12.050339221954346,-1.3755818749511213,1.946398994864162,-9.57367315932826,-0.07435666253514919,-0.03513519610389228,-0.37689898517393444,-0.6110553141480843,0.17390717638001413,0.17439436937444847,0.00036941208594739575,-3.1411787615276356,-0.00017565059470544853
12.05844235420227,-1.7494265414262182,1.7821135644664077,-9.625913612205006,-0.07196086299417326,-0.04017275697780152,-0.3770227436036628,-0.6110448002953867,0.17395369087702534,0.1743133553404237,0.00028577947985484754,-3.14130101131639,-0.00021813769085408442
12.068328380584717,-1.1584566403604593,1.9121878343063925,-9.573514106867181,-0.07671309519635468,-0.029348421557573442,-0.3801359112352438,-0.611034475556156,0.17392660456494055,0.17431522951028192,0.00040226451631852986,-3.1412987190923505,-0.00029339899880452655
12.076339483261108,-1.5318980338075023,1.9252212089083813,-9.577024434998757,-0.07810968872780494,-0.03681912645336301,-0.3781116168798748,-0.6110659795278001,0.17394963464416474,0.174304641110481,0.0003075581020272716,-3.141221113874791,-0.00027661684281411167
12.084282875061035,-1.3907659060602746,2.046011675120831,-9.434427907515143,-0.07751755755397646,-0.03253507484825275,-0.37779349491646375,-0.6110496575996666,0.17393266102385005,0.1742902266374427,0.00035260881894994526,-3.1411811189498393,-0.0002659125829119501
12.09235405921936,-1.6039679323637472,1.8562431495333236,-9.533395886420198,-0.07316331813979847,-0.03743155219166529,-0.37253463625951605,-0.6110449187131924,0.17395442286035123,0.17424564944049664,0.00034541481813083624,-3.1412319023345687,-0.0002892831239153144
12.10029649734497,-1.170281176045166,1.669710545722261,-9.464989449344484,-0.06831997561530188,-0.026038545709814,-0.3683678236462492,-0.6110494019040685,0.1739113416630555,0.1741771206911502,0.00037420261637034465,-3.1413056921595683,-0.00020421149043272428
12.108357667922974,-1.4863352434444066,1.8635867428461268,-9.562529064624698,-0.07142601440782903,-0.03502261300323964,-0.3749305984151642,-0.6110649111264992,0.17395269226825108,0.1742008066135493,0.00034875883486831024,-3.141198979151184,-0.00040312885509621263
12.116212844848633,-1.5271979420189343,2.025840886750193,-9.494687662106557,-0.07644668818850353,-0.03686478844582042,-0.3774028289350198,-0.6110688667519029,0.1739226370983657,0.17415834471942446,0.00044911417108700787,-3.1412423768911526,-0.00025650552508753397
12.12437891960144,-1.426731611034378,1.9294077584582865,-9.461044276036885,-0.07473076616752293,-0.03174579868942093,-0.37623945608153664,-0.611044001422613,0.17393956041859898,0.17410995899438167,0.0003553479403370359,-3.1412787282638943,-0.00021101073450249873
12.132215023040771,-1.5044055653662913,1.9715145942392487,-9.60555378581575,-0.0780963519189157,-0.03442534326480245,-0.37546432845454475,-0.6110341504148178,0.1739317633450927,0.1740642559779509,0.0003308419503748984,-3.1413611898786584,-0.0002452135310949424
12.140351295471191,-1.1996475833663853,2.1796577092715186,-9.476918070035387,-0.08166094551417465,-0.029021220450541788,-0.3740636323326963,-0.6110405007705563,0.173931494090584,0.1740411724138598,0.0003864248267112329,-3.141295258706109,-0.0002333415057976594
12.150352478027344,-1.417817142022243,1.795659538802902,-9.72402005880426,-0.06877205681707563,-0.034195315495786,-0.37859535296926006,-0.6110524285289372,0.1739455699052344,0.17405128055232738,0.0002570157030554807,-3.1412546129459926,-0.00028844860043502073
12.15836215019226,-1.2728152001237212,2.0377534747350814,-9.626173277210839,-0.07774688630890148,-0.03140102871879842,-0.382672374528382,-0.6110430066669453,0.1739442342616622,0.17398986302294062,0.0003108916352244354,-3.1412788749053955,-0.00020039894389943926
12.166283130645752,-1.6563543215077647,1.6754746373053253,-9.587335494187242,-0.06724020737888196,-0.039049185748502926,-0.37322895162513386,-0.6110436030273185,0.1739403760683558,0.17396606592539726,0.00031135978035204273,-3.141279708404006,-0.0002297584756742294
12.17439341545105,-1.2604424411620805,1.8987996834016447,-9.582735848007955,-0.07683330820063573,-0.03261108095423027,-0.36329649061932473,-0.6110513595088342,0.17392920528740063,0.17394650486055213,0.00037677277776140117,-3.1412581070425163,-0.00013901239601794924
12.182360887527466,-1.3741182421487612,1.8644177833802722,-9.638679272685799,-0.0756774575940347,-0.035741734954139216,-0.37600945730190855,-0.6110587763473448,0.17392968397546035,0.17392998481475735,0.00038939128270014514,-3.141235654797088,-0.00023607085664166083
12.190433025360107,-1.5264739940665755,1.8704385191186554,-9.7385048685123,-0.07476987448081804,-0.03250252256915815,-0.37455790407180933,-0.6110594078167917,0.17392776439253635,0.1738712962378151,0.0004229328793047405,-3.1412542078910897,-0.00014868723215664996
12.19822645187378,-1.1640942837768704,2.1894046661906197,-9.496916182387249,-0.08293809401239813,-0.027936155874427333,-0.3781958696968308,-0.6110526232509399,0.17394690049058473,0.17387842487704364,0.0003639524489135699,-3.141237169799086,-0.00019925270177036786
12.206539392471313,-1.1197451968218535,1.8825821220589731,-9.544417005295688,-0.07602192957296762,-0.02569816595345958,-0.3783782916105092,-0.6110428966456091,0.17392552095966152,0.1738270179405097,0.00036515181032891175,-3.1412934603463682,-0.00017281566264521714
12.214237928390503,-1.3889762616068224,1.9876435067612277,-9.499314716684133,-0.07642602316975251,-0.02962746450063181,-0.3822312937916902,-0.611062593761994,0.17391954754184857,0.1737871969298157,0.0003702730345271278,-3.1412786587052337,-0.0001905410481663019
12.222507953643799,-1.4638683370865473,1.8615553972870693,-9.378126957762122,-0.07291809257346771,-0.03893410246399435,-0.3790443095691259,-0.611078498728822,0.17394555960798536,0.1737993157111902,0.00034690826763799656,-3.141177561326626,-0.00023986898609871312
12.230302095413208,-1.070024699088461,1.9428507468385452,-9.38081470024132,-0.07923421753706211,-0.02702897426396587,-0.3829568437716501,-0.611052750889524,0.17390183851236177,0.17373034275056587,0.00041709409667647424,-3.1412755176852043,-0.00017840079521415893
12.23819088935852,-1.3128591043371503,1.9394464368840232,-9.525388154512282,-0.0758701623517364,-0.030978044200196158,-0.3782161282433394,-0.6110471457543509,0.17390977879252828,0.17369070615465032,0.0004375174403859756,-3.1413092336820316,-0.00010585552180299607
12.246213436126709,-1.2541805715012497,1.7913321473264965,-9.457325181745986,-0.07186138118129923,-0.030120072025756447,-0.37740414314940846,-0.611050959328023,0.17394218841305037,0.17371339758137186,0.0003805295435047974,-3.141219585553272,-0.00025323251770581983
12.25429654121399,-1.0914153587306885,2.1134344885877114,-9.391488944150298,-0.07834180753763853,-0.028154740008680325,-0.3758166114482868,-0.6110456427062294,0.17395894238547352,0.173681444592735,0.00033600814192482817,-3.1412287890387955,-0.0002374841674096191
12.262400388717651,-1.283570264998,1.9586974735835563,-9.41554913462996,-0.07349155882435911,-0.03148243796857029,-0.36958817941435895,-0.6110529805949685,0.17393510231863893,0.17366214971828842,0.000401688652800705,-3.141195963802527,-0.00019316709198454528
12.270241498947144,-1.0989237392389846,1.9774631921572619,-9.381430298027416,-0.07545022026796151,-0.028081652144960386,-0.3811935655045707,-0.6110563543013285,0.17393439831210553,0.17363142979299317,0.000329262341308644,-3.14123715786058,-0.00025175378584911924
12.278255224227905,-1.3143503287645233,1.8460893312107463,-9.56366953285444,-0.07228008884522537,-0.03118434110473829,-0.37595405307283164,-0.611077271015175,0.17393705005200308,0.17361482343833015,0.0004101862590465274,-3.1411621550464,-0.00027648078404030865
12.286361455917358,-1.467943834587969,1.6153704205823582,-9.490351820408351,-0.07020127327626485,-0.03729589899151369,-0.37737717987405767,-0.6110380111657138,0.17394072740638544,0.17353220362392427,0.00032488472542720285,-3.141328799677035,-0.00020296000131378355
12.294154644012451,-1.178162372217458,2.0084655511882348,-9.58150710273767,-0.07453932480781904,-0.029611267597655637,-0.37563125192483493,-0.6110409998234935,0.17394127144471014,0.17353532905361713,0.0003561447446004394,-3.141270050192826,-0.00023632797017303367
12.302414417266846,-1.6255585602618536,1.6663344545128642,-9.538693137135338,-0.07147198587335868,-0.036817209812309314,-0.3789506657367122,-0.6110623135657843,0.17393839856041182,0.17350833403298177,0.00037713822357900243,-3.141275464378414,-0.00018685430685559955
12.310196876525879,-1.4655528264791657,1.9404368960747997,-9.54042050318442,-0.07404759706975901,-0.0327367251432507,-0.37026213152765036,-0.6110504808401988,0.17395364570050434,0.17350504899300356,0.00032595695251717003,-3.1412505297755686,-0.00023097441681539869
12.318314552307129,-1.4600737657261675,1.8883028074729213,-9.35556218315693,-0.07599536947667905,-0.03477077950367001,-0.3767637770039265,-0.6110600688665682,0.17396602363334496,0.1734780112218825,0.0003703142654901396,-3.141209272206594,-0.0003282443219497291
12.326183080673218,-1.4570446162783208,2.0338341546955756,-9.36730159055345,-0.0760512356577645,-0.03394757785681123,-0.37709533102982484,-0.611058463819123,0.1739430745448503,0.17347250390949764,0.00037209059900834374,-3.1412065636708806,-0.00035308407913972763
12.334362745285034,-1.1644254309763855,1.9888351900771923,-9.431144597445513,-0.07577551049501884,-0.025478253251930927,-0.37699918947131394,-0.6110566557268658,0.17394642199668112,0.17345983938592524,0.00034795724656126736,-3.141172372080299,-0.00036584832489231563
12.342495918273926,-1.3634517963135504,2.0953595432725107,-9.313817689126385,-0.07733560525650478,-0.031647513072913115,-0.3776659923745144,-0.6110650395344746,0.17396015061311015,0.17343311602354047,0.00039764549338948353,-3.141157464347294,-0.0002916045128497247
12.350378036499023,-1.076920941340198,2.0166089413743795,-9.425068839278488,-0.07738820111116469,-0.026408257043644145,-0.37463008205981413,-0.6110691982369381,0.1739227962183263,0.17341726666168578,0.0003859200512367015,-3.1411858553417433,-0.00036928630949824114
12.358459234237671,-1.0683964300853295,2.142470885486241,-9.334477794599215,-0.07856176234900981,-0.027109981331913623,-0.37913089008653067,-0.6110632376541499,0.17394866916073826,0.1734141827286104,0.0003746973267282411,-3.1411906314596076,-0.00037888310220551244
12.36631464958191,-1.3019037404964617,1.8635882923490752,-9.573282035093762,-0.07370577977955357,-0.03278978462174541,-0.37144202529290954,-0.6110768045690433,0.17391149395638492,0.17338120213173758,0.0005009826091991151,-3.1411889457620394,-0.00035265259775370587
12.37430715560913,-1.3071854646035093,1.9401451799620746,-9.45375663126654,-0.07682797978525945,-0.03020521813647508,-0.3754723970581751,-0.6110668914345888,0.17392184424739746,0.17334072224630212,0.0004204777948772922,-3.1412097370873724,-0.00027548150179324406
12.38236403465271,-1.3450660678109296,2.31026317179065,-9.409176342821665,-0.0795579927204848,-0.0355793365045625,-0.37969962908657073,-0.6110892217058794,0.17394457250380327,0.17335357974724513,0.0003754333223780634,-3.141102566961673,-0.00035105581094955145
12.390429496765137,-1.1938603859492718,2.1573409949035542,-9.389888353425821,-0.07846520252834431,-0.028224391004194146,-0.37613384320382187,-0.6110744132800822,0.17395187374082027,0.17334319789334995,0.00041240273558486773,-3.1411176601024176,-0.000388175352979869
12.398298263549805,-1.2689783165215758,2.1243691179466357,-9.381495264835154,-0.08070927269531451,-0.031195736176233932,-0.381590046746979,-0.6110659835195196,0.1739350712844254,0.17327793335515024,0.0004023114244644782,-3.1411814303711902,-0.00028429926443991784
12.406362295150757,-1.6905481942824572,2.2006409706056416,-9.474122073746972,-0.08473474632006257,-0.04216559016239799,-0.37541622479942444,-0.6110547220797831,0.1739285308522356,0.17325612456737796,0.00038981787981080406,-3.141204657874991,-0.000256941708954119
12.414382696151733,-1.354077457037337,2.049938493990168,-9.421431027970224,-0.0756072496583255,-0.03215115117672213,-0.38015864059297066,-0.6110616560920245,0.17392732182203202,0.1732216337490182,0.0003885171926071534,-3.141231700605464,-0.00024174545918732412
12.42245101928711,-1.4219326280993971,2.015485994963681,-9.300117321034556,-0.07614847247568941,-0.0340853573512482,-0.3794088195919428,-0.6110667424888769,0.17393531553390587,0.17323234745122013,0.00039663222583758204,-3.141154479607307,-0.0003057826516589484
12.430339336395264,-1.363999305726036,2.140148042253946,-9.428355446836248,-0.080276394973366,-0.03368708457480477,-0.37817690026838685,-0.6110484843041434,0.17394346093943244,0.17319159885329172,0.00031823226261839616,-3.1412111734101598,-0.000265678887654728
12.438399076461792,-1.1077387618676393,2.1512438820925137,-9.373471066768229,-0.08014825008713451,-0.02487223384358884,-0.38230647563639575,-0.6110413517180464,0.1739192479696385,0.17314867730941838,0.0004416618822785806,-3.141226131499955,-0.00020754211894213667
12.448334693908691,-1.3234862648257226,2.1767533238305767,-9.397259343964304,-0.08015978264910237,-0.03139977987649377,-0.3836192902102769,-0.6110633858453816,0.17392405370319722,0.17315721616751567,0.000416065983909747,-3.1412048776693666,-0.0002475742074550523
12.45624828338623,-1.202476183072134,1.8781158325637561,-9.337753835467671,-0.07259876140676376,-0.030263676318041003,-0.374496525370237,-0.6110536123064112,0.17396398198785595,0.17314078864126276,0.0002948519871257203,-3.1411602105754532,-0.00032060189641593964
12.464213371276855,-1.1206759261752348,2.1693470522680984,-9.444084901063345,-0.07993517668881647,-0.029645321494431155,-0.37801571989655086,-0.6110523945777265,0.17393042636530184,0.17306316039723785,0.00039599247200569707,-3.141275546644806,-0.0002027482861161855
12.47237777709961,-1.0255368961053632,2.196400228414762,-9.325233211283429,-0.08068717135921123,-0.02486403921190109,-0.37813281617705913,-0.611080072890957,0.17391884176234076,0.17310320991772243,0.00047002785415774847,-3.1411351560761993,-0.0003128872168802589
12.480451107025146,-1.3785098643410976,2.020035179665127,-9.409928241188881,-0.07792276582228493,-0.03149363701479563,-0.37937960884789823,-0.6110482426992645,0.1739392569525681,0.173028987188953,0.0003736936233961677,-3.141256362622562,-0.00026198688463163056
12.49015760421753,-1.4770104678982634,2.085035363169415,-9.462182630464053,-0.07822409761274451,-0.03709689346063873,-0.3761829480258611,-0.6110574554338418,0.17394431380739803,0.17302972215864154,0.00037429410372704074,-3.141182944172825,-0.0002787638293798158
12.498303413391113,-1.2872248675825824,2.009827810113103,-9.458460071384657,-0.0759399816207961,-0.03086868095146514,-0.38125811593389514,-0.611060836772227,0.17391173624445458,0.17299830555729404,0.00043914363258086407,-3.141206842118269,-0.0003100003102099427
12.50629448890686,-1.4592477253317744,2.275023391843913,-9.403326472368077,-0.0837515498407663,-0.03552168975761275,-0.37548287977552,-0.6110713187107607,0.1739261251936095,0.17296561725178228,0.0004267560182748345,-3.141134665289298,-0.00032524923903544823
12.51427435874939,-1.4765996317209178,2.04099573315945,-9.648938342291572,-0.07589555741218193,-0.03858007697326817,-0.3765822380915384,-0.6110682655641814,0.17395280211658662,0.17294920030750988,0.0004120776171533998,-3.1411420212798404,-0.0003900715417104421
12.522212743759155,-1.1794290368758646,1.9147381686464762,-9.624860409762368,-0.07617802947650996,-0.028152700301356304,-0.37594340093079,-0.6110472302704878,0.17392631316336823,0.1728852700771663,0.00040851166586558735,-3.141240111582925,-0.0002635772486023105
12.530399799346924,-0.8423974504709538,1.926692055796537,-9.605948365376163,-0.07575204031496773,-0.021985499908574468,-0.37822967473897556,-0.6110561327330224,0.17394443092117381,0.17284554784054543,0.00038301442242879945,-3.1412914319186926,-0.00025122607655912477
12.53830862045288,-1.555640303397673,1.8102725731474514,-9.464758151710027,-0.07037867243728928,-0.03426723426658433,-0.36974163214768974,-0.6110444211148319,0.17396567075571803,0.17280595505949448,0.00032523805066801155,-3.141228327281775,-0.00027380907716356175
12.546364784240723,-1.7006266247590303,1.9002174060314356,-9.574365848050665,-0.07546126016976412,-0.03857082645774481,-0.3783885651663668,-0.611071875200949,0.17392469194327329,0.17276606773055989,0.0004286217242398185,-3.141255138604,-0.00019958471592062039
12.554176807403564,-1.182266150114967,2.1307571512389707,-9.562714727332562,-0.07976677349567202,-0.02954141701207863,-0.38281299101147764,-0.6110527479537583,0.1739316550137001,0.172737575844927,0.0003899751310423858,-3.1412979169861885,-0.0002075420653995189
12.562244176864624,-1.407729928302818,2.2342356906571936,-9.672735995671506,-0.0824155867651247,-0.03346209282449978,-0.3711961494327437,-0.6110462047135693,0.17390815000416723,0.17270908786078737,0.00044709714096194587,-3.1413169596009403,-0.00010397071891594524
12.570261716842651,-1.2917141956743068,2.062989008282684,-9.634634147020872,-0.08137131280566533,-0.031373472504427145,-0.3775350795548535,-0.6110509363599449,0.17395314573053394,0.17272694694942836,0.00039676082666320384,-3.141228105173507,-0.00020838345734940496
12.578325748443604,-1.390375681265322,1.955396734097373,-9.488591789119488,-0.07286819943067041,-0.032028439361845434,-0.3770038846811763,-0.6110507927525594,0.17394788413002643,0.1726863047002733,0.0003192769055757059,-3.141265047027565,-0.0002338529246730132
12.586446523666382,-1.410703881908324,2.089803374372124,-9.518011700345566,-0.08090486441403835,-0.03088460709218781,-0.3790676362660051,-0.6110631591575514,0.17394701865862283,0.17266530553526027,0.0003662957038930517,-3.14122730063369,-0.00024368280569890386
12.596184730529785,-1.7091940081111756,1.7576747958899528,-9.569294507397442,-0.07014349263246264,-0.038554567360632286,-0.37500649652512047,-0.6110440073264838,0.1739200916364718,0.17263262236346189,0.00042606411357485734,-3.14125365784581,-0.0002344944908941709
12.604726076126099,-1.1636763207172036,2.0095163626915173,-9.534488604340877,-0.07724349425626753,-0.027095179559897268,-0.3732394041832699,-0.6110512925714227,0.1739400631388124,0.17257732125026332,0.0003918594880355009,-3.141293386213774,-0.00017981597632299502
12.614316463470459,-0.7716469200638275,2.285363813493262,-9.548638093844293,-0.08429878211662245,-0.018946336087333183,-0.38352095707287465,-0.6110357625703046,0.17392190828634455,0.17257229276731934,0.00038626034593117263,-3.14128422162216,-0.0001649730306306368
12.62248182296753,-1.165822740725852,2.00953498086195,-9.491261023079652,-0.07822927484913564,-0.02959328247399248,-0.3695304531233123,-0.6110306913051657,0.1739038329384071,0.17252031395601486,0.00047150746264253547,-3.14133503808323,-0.00020913819553032865
12.630446434020996,-1.2816197665995028,2.252652875217916,-9.435467357839205,-0.08082180439998293,-0.029955679946223546,-0.3844024783578264,-0.6110649318143424,0.17393684113773203,0.17252578220563272,0.0003679552325591304,-3.141212921577002,-0.0002159272639568816
12.63821268081665,-1.3375885380116772,2.1045086331806138,-9.385480237926167,-0.0774075070243245,-0.0329235799849716,-0.37451640617724935,-0.6110465717195788,0.17392103527659142,0.17249063230568482,0.0004203996859683466,-3.141239601189508,-0.00028011369212340207
12.646248579025269,-1.042679892943061,2.145348463823017,-9.441638358322244,-0.08117508443527698,-0.026224896760328915,-0.3811938152391894,-0.6110564826055651,0.1738992783016509,0.17245015645267503,0.0004738864874796699,-3.141256263878765,-0.0002157881311785688
12.654389381408691,-1.0916422505628873,2.1432487464371377,-9.464654790309778,-0.08044478842028008,-0.028281413342990436,-0.3792262446522931,-0.6110696609887865,0.17394564483095373,0.1724699727327364,0.0004204127852886134,-3.1411741481840143,-0.00034948629629470734
12.662233114242554,-1.1645438623316315,2.015033856365701,-9.45738990618172,-0.0761205547312538,-0.031488252712591425,-0.37680480330561716,-0.6110573124326416,0.1739460367397655,0.17239680359589837,0.00042266617034927167,-3.1412042007710737,-0.00021326680832188687
12.670307397842407,-1.3073145004998512,1.807888533332237,-9.486353614043793,-0.07350745818869668,-0.033352246481554486,-0.3826035386585259,-0.6110547142205193,0.17394911339697278,0.17237236860753158,0.00038444507166061665,-3.1412767555004617,-0.0003128556980610471
12.678322076797485,-1.1940408445792448,2.2838953464325704,-9.627074740520758,-0.08376184303662434,-0.030469042528676347,-0.3781110588381924,-0.6110417860085343,0.17392518945160249,0.17231496711816133,0.0003776887561705768,-3.1412988292096466,-0.00020703963308040595
12.686376810073853,-1.488865251408173,2.050142187659492,-9.519952644863624,-0.08051680166228499,-0.03561428703417391,-0.3758086700120067,-0.6110674780685216,0.1739202030775782,0.17232865751613535,0.0004546568329409297,-3.141189492663541,-0.00023188004825906207
12.694291591644287,-1.013244491278539,1.9726122254240401,-9.55646560405367,-0.07477351759610648,-0.026313044698966403,-0.3787678657393587,-0.6110468673103258,0.17393990171893955,0.17226079567435748,0.00039050766619150946,-3.14128668077654,-0.00017991489829223661
12.70228910446167,-1.1039250854593345,1.8860247838231996,-9.531871592424693,-0.0733310684140146,-0.028562804384168063,-0.3813077785696041,-0.6110473579821214,0.17391126999231063,0.17227326308013605,0.00047653103949246706,-3.141242432003573,-0.00031805242064889065
12.710286617279053,-1.2554884687561452,1.8367515235505063,-9.487709679161771,-0.06908523095954698,-0.027386581870385292,-0.3755487562273953,-0.611068226261415,0.17393629876299863,0.17225403540538725,0.00046341655089288396,-3.1411857482666283,-0.00025664858261851165
12.718209505081177,-1.3406066716718008,1.9808203934702302,-9.448119867786012,-0.07595814814467192,-0.035085008210037974,-0.37583728283481993,-0.6110465871234285,0.17392479298945285,0.17220397899885304,0.00038652551426244765,-3.141273052988043,-0.00023242493667436373
12.726385116577148,-1.1484838050116277,1.9287301043753033,-9.478760276877738,-0.07592130455959831,-0.030973707703192757,-0.37724217192027715,-0.6110617276511567,0.1739240780232572,0.1721896355106256,0.000533579175913586,-3.1412536406186695,-0.00024251330298537296
12.734204292297363,-1.0528336070121616,2.16244877438767,-9.512798941446691,-0.08295687403093704,-0.025383583387557158,-0.37335808297373374,-0.6110532191674825,0.17393596776377487,0.1721665504475663,0.0004581053073034682,-3.141202291162957,-0.0002336717764818205
12.742198705673218,-1.2465723860415057,2.004563529499975,-9.620709213731736,-0.07654341702228001,-0.03242886104218309,-0.37299512885458375,-0.6110491692596302,0.17392951497400855,0.17209117746882735,0.0004115906018552666,-3.141337302290286,-0.00018515649333750747
12.75032639503479,-1.4607460213667982,1.9771886530225669,-9.508046190148518,-0.0768776770427037,-0.03482286877319074,-0.37641182300247555,-0.611042503620828,0.1739512093254694,0.17210850633549862,0.00031615148113497965,-3.141273309442007,-0.0002247399791194092
12.758255004882812,-1.4831572204954917,1.9368337921511627,-9.585814917444335,-0.07464721240991638,-0.03633435563660336,-0.3694436050464199,-0.6110696930117389,0.17393930314127334,0.1721013444320836,0.00046574986832789543,-3.1412188277226316,-0.0003147867855762352
12.76627516746521,-1.1737438531916138,2.008061421043538,-9.506518140952974,-0.07625097703415644,-0.029338284482146915,-0.3827313143272369,-0.6110678679608175,0.17392509984985963,0.1720863952840239,0.0004395530587402378,-3.141172642220795,-0.00031531723376099175
12.774245500564575,-1.175953981919416,1.8440096717267518,-9.517162384157674,-0.07333010435088291,-0.028212715361807316,-0.3776137147467322,-0.6110700953914553,0.17392514450253083,0.17202456271332928,0.00045898630858996395,-3.141260860765296,-0.00023387488516141494
12.78225326538086,-1.2604653481102044,2.1690619207162367,-9.655373633109225,-0.0807230408759678,-0.029356620636403295,-0.38208111839735814,-0.6110707183937872,0.1739192673797595,0.17204128225101178,0.0004980158017325881,-3.141173092580427,-0.0003429641692704197
12.790291547775269,-1.4184421776785776,1.9456548989200744,-9.605513294732924,-0.07574873692197122,-0.03370378963398357,-0.3796928875330353,-0.6110794708360451,0.17389992066358165,0.17201446214492558,0.0005395085787411103,-3.141189115552829,-0.0003640003644391132
12.798243761062622,-1.2446230610288445,1.7882176143176558,-9.608845641170099,-0.07342012620304977,-0.028552643747099347,-0.3752204865792831,-0.6110573648233648,0.17391205256208453,0.1719910371855088,0.0004146480618425536,-3.141217610756173,-0.00030512433989324917
12.80643892288208,-0.956406039770952,2.1548934954561347,-9.42399347909869,-0.07822231773224125,-0.025492380153411476,-0.38765256283084754,-0.6110789565151694,0.1739416759525846,0.17197300159398599,0.0004289236725176372,-3.1411274425636773,-0.0003069534040517085
12.814418077468872,-1.0279399064378207,2.0606479797949873,-9.490808764326793,-0.0772167021006771,-0.02810699868764261,-0.3791288516111133,-0.6110584250311467,0.1739274959950728,0.17193497442717592,0.0004489982535707962,-3.1412103222162746,-0.00018675805672170102
12.822283029556274,-1.2516820234173387,1.769172189712064,-9.583598953558573,-0.07433743748131408,-0.030268560353849474,-0.3814465534569152,-0.6110694862883985,0.17392767998707725,0.17189583071311548,0.00043679852033450553,-3.1412175332802033,-0.00022345603359003692
12.830424070358276,-1.26630212137798,2.134535245218581,-9.71882798674306,-0.0820989630865375,-0.02844377910863335,-0.37979745820189753,-0.6110658251170605,0.17391604851991063,0.17191253477775487,0.0004251338531901418,-3.1411826658286617,-0.00029639716983145093
12.838318347930908,-1.1053227322585442,2.4517176275893378,-9.453148788823936,-0.08531517246197416,-0.02686287966204987,-0.37915229167969355,-0.6110538176912313,0.17395074776520472,0.1718674317371303,0.0003207059365979421,-3.141204088808722,-0.00023394972653704735
12.84859323501587,-1.4460200134563657,1.7596407552558997,-9.564960867765416,-0.07285169547875668,-0.03244493895805152,-0.3746074505103173,-0.6110340515921949,0.1739546548335468,0.1718133817853636,0.0003855965487654076,-3.1412688991731654,-0.00022327160087685157
12.860383987426758,-1.111068967966423,1.9528129071855123,-9.508055032162886,-0.0737941423432417,-0.025953068815992592,-0.37869412135563685,-0.6110668934196848,0.17393564300392617,0.1718293671335736,0.0004506785062276844,-3.1411433043717225,-0.0002556819650293609
12.86826467514038,-1.2998972854295396,1.765741288508332,-9.5654972354467,-0.0723344105698653,-0.03030639976115803,-0.3779299370804297,-0.6110450830673871,0.1739402543080696,0.1718230200401289,0.0004003198829757849,-3.141132657385757,-0.0002995977538757296
12.876293182373047,-1.614666464969774,2.018045125720313,-9.773329584959404,-0.07675351065348861,-0.03787905004962844,-0.37090921851445097,-0.6110611334761301,0.17394946677802445,0.17177975703733145,0.0004325974719956681,-3.141188767419286,-0.000352679252794397
12.884353160858154,-1.4761357113487519,1.7222595048071965,-9.943712558590818,-0.07191268807384588,-0.033977070625355044,-0.37261887756854994,-0.6110506858703779,0.1739348796031985,0.17174119157126355,0.00042063127423963445,-3.141174460905197,-0.0002713741568861438
12.892239093780518,-1.5039442087202215,1.90779655515258,-9.650869731958657,-0.07457905769051387,-0.034013035787523044,-0.3810516349601084,-0.611074246947195,0.1739612100530075,0.1717130738692591,0.00042670350899350865,-3.1411896568721764,-0.00033245389685534403
12.900234460830688,-1.5249777350279532,1.887974857875454,-9.696992105712827,-0.074057362348041,-0.034172532344588925,-0.3707087372060607,-0.6110658328258992,0.17392796969786228,0.17169139232019004,0.0004287053017213031,-3.1411795128972,-0.00025892868235194585
12.908351182937622,-1.21741700913498,2.034424409286011,-9.732578229299655,-0.07797753548549732,-0.029129661035530635,-0.38194207683462045,-0.6110385037018471,0.17394689299857274,0.17162628027069654,0.00038353043431206985,-3.1412490064788394,-0.00018492499960583468
12.916275024414062,-1.103830581422902,1.6540784657013199,-9.718625714161519,-0.06925121523158644,-0.028743806599509435,-0.37369484926758056,-0.6110599389242634,0.17393632743623508,0.17159221920506948,0.0003959839579704767,-3.1412391194366363,-0.0002012310003636402
12.924379825592041,-1.1662988055185035,1.5652623712587896,-9.700689366376041,-0.06834435636590447,-0.030790784557717395,-0.37487632005374333,-0.6110439374314778,0.17391669895825462,0.17156821662755847,0.00042877657612915595,-3.1412471382356832,-0.00020063792230103802
12.932299375534058,-1.5837596213616623,1.8313731993088789,-9.691770878101295,-0.07116539916260219,-0.04150882839229851,-0.3739702774160423,-0.611056221025617,0.17392588110113044,0.17153190206074093,0.0004358997805505767,-3.141278815147603,-0.00031117867015685217
12.940369129180908,-1.3620617673014837,1.7631538915494738,-9.578858088788676,-0.0691777713444418,-0.03429587693413531,-0.3731164394324965,-0.6110571850503412,0.17394294040530275,0.17151372245917917,0.0003530888547043398,-3.141231523065416,-0.00016215836788336556
12.948520183563232,-1.5345039976618582,1.893996052449235,-9.535398046356084,-0.07307568225813868,-0.037549443830189246,-0.3705659286164695,-0.6110465541129516,0.17396018387868378,0.1714613348039316,0.0003011404172993583,-3.1412896023545676,-0.0002004082367248452
12.958333730697632,-1.1339235316925502,1.7380426546204721,-9.72245881161417,-0.07189849840987164,-0.027238837773909404,-0.3811827480936412,-0.6110494868516462,0.17393792137826405,0.1714514290642978,0.00041168935091313527,-3.141257224231241,-0.0001752897417089519
12.966242551803589,-1.4258749862314972,1.8310397873971231,-9.644423935166587,-0.07315247721858056,-0.035568637065243706,-0.3718347495708339,-0.611036413494504,0.17392695242954184,0.17134582024450679,0.0004513256207638174,-3.1413721483442463,-0.00010714780815636431
12.974501609802246,-1.5490107729379579,2.011210788173844,-9.543970687449129,-0.07572723261591266,-0.037465275897290005,-0.37721433551988526,-0.6110691850434661,0.17393858741090706,0.1714013052988281,0.00045871132463331854,-3.1412086758328583,-0.0002951925713731911
12.984407186508179,-1.043757224436332,1.9282061569656512,-9.657164062076188,-0.07229815682309476,-0.02263158247072425,-0.38040515604335673,-0.6110625372449334,0.1739201174792896,0.17138870577177173,0.0004386930835646439,-3.1412084235118516,-0.000229836888685074
12.992379426956177,-1.2884341867382998,1.913446123058941,-9.82814180591412,-0.07613939967608015,-0.03382381210460588,-0.3794501086148834,-0.6110468660508329,0.17394556670267808,0.17131631416415066,0.00044672070874452065,-3.141274552635161,-0.00017392507282225274
13.000290393829346,-1.3852664876434213,1.764832945508052,-9.708504725263705,-0.07116981763866037,-0.03272258226180582,-0.37845472863347257,-0.6110499454760897,0.17392140969026,0.17129343019205143,0.00045250429434021746,-3.14125384718504,-0.0001397790443331893
13.008328437805176,-1.1683554546113157,2.0865421332349476,-9.728408892635779,-0.07802386511700432,-0.028743466599466,-0.3778267073029702,-0.6110645014234786,0.17393144812559908,0.1713105554092824,0.00038846003464699033,-3.141186959107865,-0.00023192515820339368
13.016373872756958,-1.3993968892392128,1.8890725672053197,-9.541590142960528,-0.07327142132627039,-0.034148388527908934,-0.3787713208972496,-0.6110490918957275,0.17396194784871588,0.171250505760404,0.0003559024148491865,-3.14127629343301,-0.00030263437870806147
13.024260759353638,-1.5950284994343362,1.6701711574608917,-9.727350802335764,-0.06733655420224445,-0.03841578794009457,-0.37497405680201745,-0.6110509208716396,0.17392190994806853,0.17122481030416556,0.0003906296185559231,-3.14129171526216,-0.0002520600080021812
13.032333612442017,-1.508419171996094,2.1585921228722884,-9.715914493881794,-0.08061604259635065,-0.03508607036580584,-0.3757852423890902,-0.6110469529023098,0.1739282036692015,0.17118551364597245,0.0004164214450534212,-3.141255389676638,-0.000273736121166202
13.040508031845093,-1.3456343471127186,1.8758914804585562,-9.746563342091129,-0.07060003523237442,-0.03333992735359857,-0.37088724142869156,-0.6110665969856954,0.17395081201595608,0.17120901015877438,0.0003843170312472508,-3.1411774947233355,-0.0003024508359190339
13.048402070999146,-1.4008792305862126,2.0529777711708985,-9.686129107724476,-0.07877887954638088,-0.03346777871378691,-0.3786526025191892,-0.6110691906730323,0.17391029839108388,0.1711370872351426,0.0004627848967946088,-3.141245946660365,-0.0002733294024951023
13.056414365768433,-1.4093525042251542,1.87068247370441,-9.651073578242599,-0.07729729493848002,-0.035936630112020924,-0.3764005065981794,-0.611069126549876,0.17392531865310903,0.17108127322407096,0.00043789006746619926,-3.141255625722934,-0.00018577875489329113
13.064209461212158,-1.428210162296644,1.7294226342524999,-9.604396014944166,-0.07248332995728375,-0.03378297142243763,-0.37446358454884904,-0.6110520488740387,0.1739379387963637,0.17107627234947598,0.0004690714726715068,-3.141240536664636,-0.00021911947496590101
13.072392702102661,-1.714725802952249,1.9239893594462478,-9.76394128419808,-0.07475758383201266,-0.043615990268992114,-0.37443192074214376,-0.6110544282757849,0.17393140700193718,0.17101572096378564,0.0004049943430342249,-3.1413101753517667,-0.00021814271220605265
13.082232236862183,-1.1202804738302021,2.001874152829083,-9.66456001650429,-0.07705568418069532,-0.026391951794416717,-0.3726189952499756,-0.6110782730069936,0.1739131745924102,0.17102244095053304,0.0005211423651177665,-3.141193429152489,-0.00023619335515233177
13.090370416641235,-1.52068105436522,1.786655504042874,-9.618594361275635,-0.0723764127313688,-0.04023601501639743,-0.3728170235947845,-0.6110575108663603,0.1739454834908872,0.17097616455986914,0.0004256025471929365,-3.141245797521707,-0.00019965390683955055
13.09838342666626,-1.6721516773751401,1.5917692500665315,-9.68210589667981,-0.06803487379590209,-0.0385995694666916,-0.36891045034001685,-0.6110639188545474,0.1739407752878208,0.17094016763260217,0.00045221305013506453,-3.1412495775859175,-0.00015876332476139133
13.106287240982056,-1.2987639463068008,1.893083452324701,-9.762758207534677,-0.07541146885851929,-0.03362643226621089,-0.38268866356612535,-0.6110651982926024,0.1739348360040447,0.17090848000564618,0.00043423182387590607,-3.141237334010616,-0.0001979327586427553
13.114300727844238,-1.3466749895568266,1.9661954704184332,-9.596545724042954,-0.07586040602838079,-0.03304918724659337,-0.38097841832836665,-0.6110395082904332,0.17395111094507762,0.17089712601152918,0.00041491537536054345,-3.141277640378005,-0.00023524961597749252
13.122402667999268,-1.2888996732385092,2.0239425107784372,-9.641145898874216,-0.07937225822102291,-0.030314646806571113,-0.37680057347351403,-0.6110393237369351,0.1739287854271479,0.17080577898872917,0.0003961311583561711,-3.141339076780107,-0.00010416959530210462
13.130196809768677,-1.221543271342415,2.0264925241876823,-9.54917421932603,-0.07499779515869123,-0.03020073439951076,-0.38056972390745764,-0.6110645436508452,0.17393400531470846,0.1708233459062709,0.0004861517243969779,-3.1412831075327285,-0.00020100033287032408
13.13835072517395,-1.4176495338240607,2.00012044432186,-9.57262479717236,-0.0755622851558384,-0.03191797185318614,-0.37982078339482106,-0.6110368291788819,0.1739395821998366,0.17077600685594727,0.00042227423855559904,-3.1413239059466815,-0.00012382121964264002
13.146300315856934,-1.2919466049318613,2.058985653500892,-9.690060236619697,-0.07925873141562616,-0.03127190462718954,-0.38188604540683707,-0.6110531417198465,0.17393293300646906,0.17078019343285467,0.00043753769905024824,-3.1412960299369495,-0.0002334227400057097
13.154236078262329,-1.5945725448206003,1.8626395125727322,-9.604704958242037,-0.07445954831119507,-0.04043588834112607,-0.3737877196100702,-0.6110642453197671,0.17396656311246378,0.17073939965920104,0.00036391749134683573,-3.1412619438017266,-0.0001435824728533903
13.16231656074524,-1.353959406123135,1.868196925646355,-9.498892974736277,-0.07302483831371992,-0.03350848974945698,-0.38039738123650496,-0.6110735140208575,0.17396184024702765,0.17073187216295876,0.0004100910230495133,-3.141247790293686,-0.00027879272814326225
13.170256614685059,-1.453989617973402,2.026283819895891,-9.488047803686575,-0.07736441929966761,-0.03479463544936844,-0.3733124888485079,-0.6110620808783892,0.17393206707196504,0.1706934689870789,0.00047527984034866603,-3.141255255626568,-0.00026573484224104026
13.178321123123169,-1.5056482415246668,1.8380208988260076,-9.444195602475911,-0.06987934033650377,-0.039280917697462094,-0.37677301102069816,-0.6110723428867586,0.1739595282117065,0.1706891473830861,0.0003596460882624664,-3.1411894332062746,-0.0002551241919927299
13.186418056488037,-1.5448090447499356,1.9599101144196287,-9.422897368627174,-0.07494873549667963,-0.03760435749222156,-0.3790163101369023,-0.6110544238506427,0.17394400383926625,0.1706130255094881,0.00045711455843882887,-3.141322343987012,-0.00018778334253273177
13.194477319717407,-1.41239899275064,1.776798164745329,-9.634131078030519,-0.07123439289870981,-0.032607658388854856,-0.3775527370972395,-0.6110746397712178,0.17394199749420486,0.1706320065451386,0.0004067713036905431,-3.141211241681166,-0.00022256028805580876
13.202327251434326,-1.2733444106973648,1.9309996224997432,-9.682324440551483,-0.0753380588028388,-0.029004991341627824,-0.37280286223881043,-0.6110650059308319,0.1739308675041426,0.17061708429453593,0.000445660131567504,-3.1411768984086526,-0.0002056120564874796
13.210347652435303,-1.4622654332589764,1.915868239805579,-9.764875786054182,-0.07135790575932811,-0.032993660803492204,-0.38076766749535124,-0.6110551081940458,0.1739231209743603,0.17055854081990848,0.00048345446916255106,-3.1412709669756613,-0.0002579388818956927
13.218304634094238,-1.2540116682895848,1.8714864947372891,-9.835473906893105,-0.07609836390531009,-0.029423839302185416,-0.38349535143892116,-0.6110510523772751,0.17392966635751586,0.1705405148947624,0.0004201599249098616,-3.141268696979876,-0.0002653979633625911
13.226374387741089,-1.3963209568014257,1.894196202970357,-9.716663097994857,-0.07464863210480585,-0.03217766305764282,-0.37114833963245863,-0.6110616462063673,0.1739168055376994,0.17053723697805317,0.0005171202725375031,-3.141222351805572,-0.00024023229077344593
13.234382629394531,-1.6546984854532465,2.109023853705884,-9.733219088702157,-0.07699422139364835,-0.041309646577786255,-0.37255045220012944,-0.6110646755868295,0.17391132493022873,0.17052355658438412,0.00048525763881332576,-3.14121514598301,-0.0002671119576385475
13.242419481277466,-1.5364082071893503,1.9527167376182213,-9.575418325169819,-0.07740555980094065,-0.035927011659644154,-0.3774658523114089,-0.611069063093606,0.1739129446412743,0.17048189509411263,0.0005300329370801191,-3.1412064888791225,-0.0002160911594693975
13.25027847290039,-1.284599050544568,1.7525793859942373,-9.746058231593501,-0.06855969202163735,-0.0329786856529178,-0.36960986346140967,-0.6110701119315028,0.17394197755904167,0.1704575584221791,0.0004150299441910724,-3.1412310908161643,-0.0003326008801482545
13.258194923400879,-1.6561376473118168,1.615502279415258,-9.66179257115343,-0.06724640489142922,-0.038485873405811104,-0.37511058940277425,-0.6110678274559761,0.17396400963293626,0.1704333976406453,0.0003949429157519063,-3.141250183586298,-0.00031820654588737103
13.266355752944946,-1.344994106842184,1.7393204804192797,-9.6337122837649,-0.06868960189097299,-0.03570750752072858,-0.37536764051903126,-0.6110726125544,0.1739372254762451,0.1704143743578728,0.0004221972786279647,-3.141234943439613,-0.0002339350705629077
13.2742600440979,-1.1652121702060485,1.8658913732304345,-9.579055247389103,-0.07046510043693203,-0.02822857199934146,-0.3775221248439703,-0.6110699746484745,0.17395382171655766,0.17039569495865448,0.0003523706068217324,-3.1412217289277753,-0.0003021009952062602
13.282212734222412,-1.1355861261280151,1.8726354068607978,-9.569333252854566,-0.07288227831073574,-0.03147916106986225,-0.3770832265346443,-0.6110888449299534,0.1739470052348334,0.17039267885327875,0.0004552336484115791,-3.1411597961376785,-0.00023073667938223604
13.290509223937988,-1.2463412362300266,2.188251860904744,-9.514338501411734,-0.08055744046203717,-0.03077241760109816,-0.37412678620364886,-0.6110708416273614,0.1739359579439869,0.17035133032358332,0.0005014811021513306,-3.1412059715669547,-0.00025505941278254076
13.298306941986084,-1.0783074592594877,1.8650318037113658,-9.491519274272557,-0.0754481117257484,-0.025098939976411626,-0.3770637225263284,-0.6110608560502447,0.17393136590245906,0.17029982197379154,0.00040458520455810467,-3.141244278563582,-0.00018769206009960576
13.306248188018799,-1.4921598276089452,1.8912013981496414,-9.470502111573056,-0.07348466796273798,-0.03575114918267831,-0.3767060599251003,-0.6110596391659778,0.17395056607422762,0.17030707117565566,0.00042365769916692257,-3.1412366593141456,-0.0003752594312323033
13.314384460449219,-1.4031142307701212,2.042367106540615,-9.60067516866832,-0.08042156039354334,-0.03318298964167526,-0.3865479042639627,-0.6110645568340758,0.1739386624193698,0.17030929247136217,0.00038620515077829266,-3.141194854543595,-0.0002287380450118999
13.322188377380371,-1.192783811345901,2.103753948264234,-9.533532650058666,-0.07822550305423318,-0.028317741343891045,-0.3778845547063431,-0.611072275805589,0.17396163718787847,0.17027060845102618,0.00041908875632240935,-3.1411818354844554,-0.00026783678797781454
13.33018684387207,-1.099704381398042,2.108530894036705,-9.48886501639416,-0.08088518791724468,-0.025109682704332226,-0.38434573914528275,-0.6110774178830444,0.17391114840276317,0.17026465246077893,0.0005523236004585237,-3.1412279313622156,-0.0003318844604195831
13.338328838348389,-1.164953843584036,2.037986817343841,-9.431669980621626,-0.07880013082774806,-0.02868352128278438,-0.3816056108543211,-0.6110495213227141,0.17393019726162717,0.17019987335405606,0.00048490996324148506,-3.141262685031389,-0.000214631756667187
13.34627628326416,-1.6420060478031602,2.195922254544624,-9.613305236500898,-0.08091747165063766,-0.04173743305770518,-0.37579888283669394,-0.6110646354971992,0.17395548771658578,0.17015496708890568,0.0003880908174251943,-3.1412741131702266,-0.0002919359323249535
13.356442928314209,-1.4322532872856124,1.7853580985053465,-9.75761777547719,-0.07262288848904302,-0.035237756991706844,-0.3809276434871734,-0.6110632221842764,0.17393170208157765,0.17019292512092535,0.0004849150401345668,-3.141200601334517,-0.00030827354396948563
13.366262674331665,-1.4932509446455176,2.06396676647717,-9.635660491296203,-0.07828349719696791,-0.03463924706036359,-0.3770450740797982,-0.6110697350057543,0.17394451138134745,0.17014965561069686,0.00042010284806693796,-3.141232668811794,-0.00033368683344006634
13.374256134033203,-1.0205200554874974,1.8898384843041092,-9.475224710874887,-0.07119468839336891,-0.026311271150485937,-0.3808455501984142,-0.6110543621283243,0.17394064278178356,0.17014763467951693,0.00042194195871540335,-3.141220463071956,-0.00032824918385459097
13.382220029830933,-1.4369635507370389,2.0546064930842647,-9.497788732195676,-0.07769902505987078,-0.03737729522215155,-0.3804538556752595,-0.6110573735141654,0.1739492014627176,0.1700830574173943,0.00038204133155185125,-3.1412434978449806,-0.0002286896358575312
13.3903968334198,-1.2408013608266275,2.1217738597862015,-9.44858501080818,-0.07931129828499642,-0.03206892154438027,-0.3814246483753467,-0.6110546908791852,0.1739525836196159,0.17004676488227974,0.00041474193915569266,-3.141261421893736,-0.00024795088100051856
13.39833664894104,-1.306569054335952,2.1303755957381014,-9.33645368551766,-0.07983614110048977,-0.03278034462379839,-0.3848683884113718,-0.6110611213797764,0.17394771020796074,0.17003186924446087,0.000390463197235051,-3.141241006668074,-0.0002722299033917915
13.406230688095093,-1.2407239357753928,1.9565180096349328,-9.417323749087387,-0.07509622693710552,-0.03445313372016268,-0.3800730128198338,-0.611092277073543,0.17394645919315213,0.17002932711054275,0.0004536171895792714,-3.141169185242867,-0.0002303933159751581
13.414300918579102,-1.521303062197972,2.1443568631941,-9.372569226790679,-0.07955930516475972,-0.037051117313122946,-0.3747072578139928,-0.611077847517754,0.17397014621861662,0.16998556665077957,0.0003719103624035493,-3.1412086384588114,-0.0003281368181557031
13.422317743301392,-1.3557512484237184,2.137519354864798,-9.37525541991259,-0.08141139799481964,-0.03176886044913067,-0.3782130457756654,-0.6110747386361534,0.17394698271870385,0.16997875185679734,0.0004487372211758502,-3.141159369976122,-0.0002162260723982448
13.43035101890564,-1.5639034648134125,1.9305039130842812,-9.523977884153862,-0.07603132609397258,-0.038740217700451926,-0.3807956757665258,-0.6110504209035237,0.1739462948199757,0.16989240244221196,0.00040355332023049454,-3.141277599570505,-0.00017433589820160724
13.438315629959106,-1.5180889964248157,1.8720153045467804,-9.614527051877188,-0.07153372421967076,-0.0351574582428357,-0.37879300081188,-0.6110535369822025,0.17395748394761618,0.16989193651615608,0.0004500414612359825,-3.141288353519795,-0.00026794458074763
13.446336507797241,-1.500135099762172,2.1089379630958676,-9.583954888058324,-0.07794595325921509,-0.035701689338944444,-0.3744934378392847,-0.6110709406536105,0.17393209622580635,0.16986122076964794,0.0004521674411418531,-3.141258881080489,-0.00025464319624577314
13.454405307769775,-1.211284391867053,2.1253860342639244,-9.492487248197277,-0.08012965515081567,-0.030534680702147505,-0.3847120607275328,-0.611061819389979,0.17396598576566463,0.1698281529691945,0.00036772633584707223,-3.1412832108946596,-0.0002052648269107588
13.462335109710693,-1.4686255183533579,2.124577319365297,-9.611624558406556,-0.0806251597321958,-0.03658101319316561,-0.382020990094828,-0.6110550186780397,0.173928177856097,0.16978823283682853,0.0004453758895762629,-3.1413166620600506,-0.00018429870392232473
13.470338582992554,-1.1751831659816396,2.224922394225787,-9.520245642319416,-0.08339159012291089,-0.03160169877842703,-0.38114339376287354,-0.6110514972476938,0.17395537307272885,0.16973833140019384,0.00040792153494954565,-3.141339123327439,-0.00025976486144181827
13.478238105773926,-1.2017048616593364,1.8295544700568005,-9.596850072339782,-0.07252042981719596,-0.028143875770118097,-0.37516454142442096,-0.6110706414376288,0.17394426444626804,0.1697370137227654,0.0004787220589730687,-3.1412672863558058,-0.000216885845813545
13.486261367797852,-1.221631753814415,2.070371208944072,-9.48865596110025,-0.07929421193863595,-0.031346537461867136,-0.38084193850160947,-0.6110401585002251,0.17390742658983604,0.1696722092926326,0.0004789181923071323,-3.141395114804354,-0.000146012253680052
13.494352102279663,-1.266633213959016,1.7196040555617031,-9.646044603725876,-0.06943183768751943,-0.030976682984212245,-0.3759571241493746,-0.6110569242064506,0.1739424246401424,0.16967540784222904,0.00041475269169249473,-3.1413309639063343,-0.00015544224295292614
13.502323865890503,-1.557543676679268,1.8740774252882968,-9.767850797510931,-0.07094946886943845,-0.035975168079004576,-0.36928852163507875,-0.6110550022863238,0.17395487965805032,0.1696716573555945,0.0004088729887126106,-3.1412581985484755,-0.0002078623124580186
13.510247707366943,-1.5682743385625753,1.9152233274859456,-9.564614683017128,-0.07369819389412534,-0.03842563793159557,-0.37888697827710893,-0.6110561079281452,0.173965095262212,0.16964571946699092,0.0003708924044995297,-3.141274217529596,-0.00020357226396756196
13.518198251724243,-1.41418634588312,1.996706011816537,-9.711939637533114,-0.07463322382733201,-0.034508398210255795,-0.37993474362138174,-0.6110603461706163,0.17393885077517973,0.1696484503712916,0.00047246559816727936,-3.1412434223177903,-0.00027804746969536297
13.526400089263916,-1.1612190331362011,1.9062048792599444,-9.587050910734021,-0.0764294171604964,-0.026875415126807155,-0.38562772556319275,-0.6110650549712743,0.17395796805801592,0.1695862198503045,0.000441624905326719,-3.1412667379008545,-0.0002511433837819488
13.534446716308594,-1.3739891068489463,1.8435646651214437,-9.452342056071654,-0.07251224462575179,-0.032350462071786226,-0.37681958872748955,-0.6110528500735509,0.1739240697046365,0.16952346468086063,0.0005138634312787447,-3.1413570891055462,-0.00020475937407529556
13.54226565361023,-1.6961890161576954,1.6257205717001688,-9.640058785895363,-0.06850481679890186,-0.04033792746247199,-0.37570965584436655,-0.6110504415877572,0.17392339944716592,0.16953659075691402,0.0004676577671946694,-3.14131310644782,-0.0002040144012639196
13.550394773483276,-1.4073394227738927,1.855858697261576,-9.540214074719419,-0.07440275063220364,-0.03340912401429198,-0.3764612569558576,-0.611055993231078,0.17393193662659226,0.16954139456353073,0.0004962244423312249,-3.1412141261846034,-0.00024361713787503933
13.558393001556396,-1.4647521856491765,1.9126257421746464,-9.723072717948076,-0.0736814613630234,-0.034884483177340685,-0.3777887366788251,-0.6110734746091542,0.17393646360789516,0.16953362445142506,0.0004435949764582693,-3.141244328945162,-0.00032205979501026875
13.566267490386963,-1.282688124667769,2.093216639525376,-9.63982096540618,-0.07851902404049205,-0.03210238692090003,-0.38651249823960065,-0.6110523994611662,0.17394154371269768,0.16945830952000746,0.0004561742874436544,-3.1413183065194765,-0.00024335856503855034
13.574321746826172,-0.9278349319679295,1.9156205159487112,-9.679262762467488,-0.07490874861776109,-0.0229160862224334,-0.3824631634499572,-0.6110682166178493,0.1739642293391899,0.16946481395443583,0.0004189915399719244,-3.1412524484063273,-0.0002533350089219973
13.582329273223877,-1.7740402623168108,1.9483687019275915,-9.773706489003306,-0.07480513970807094,-0.041549104183799736,-0.3724050493565483,-0.611068962716809,0.17392186180420396,0.1694589525115665,0.0004512543403974995,-3.141193906731758,-0.0002590342836897463
13.5905442237854,-0.832043033054108,2.14195525979467,-9.611564629694366,-0.07987576647536668,-0.022632260152430812,-0.38339322701402484,-0.6110457374600339,0.17393360801661753,0.16939673445957698,0.0004198901844087749,-3.1413008485738048,-0.00019057761027223947
13.598446369171143,-1.2361745591446252,1.7170774520760503,-9.758315482530156,-0.06982547640026555,-0.029090451523432474,-0.37665124591031596,-0.6110731222076016,0.17394419842703357,0.16940866367422058,0.00042701703457616997,-3.1412142312853018,-0.0002475063295561665
13.606274604797363,-1.1482475040905613,2.3171182488710174,-9.387370037637385,-0.08170797893879493,-0.028803575522628452,-0.375437227624559,-0.6110709052426985,0.173936836786098,0.1693939012212716,0.0004710797678605952,-3.1411931084957403,-0.00030100348059780146
13.614346981048584,-1.2614382795775738,2.1396952049040787,-9.441573948823185,-0.07700945646780892,-0.03285791498534591,-0.3794055716371467,-0.611072018366711,0.173927506016879,0.16938640376783384,0.0005040397463528152,-3.141202060247393,-0.0002799195490691542
13.622288703918457,-1.2952214868219731,1.9414301471519355,-9.530416894814868,-0.07534579611275889,-0.029900474214524728,-0.37440944171057816,-0.6110763547362806,0.17393334800826044,0.16936973310181858,0.0005046786836959001,-3.141155905341847,-0.0002797512534785165
13.630354166030884,-1.5029717038680164,2.047564907243544,-9.466071221484572,-0.07868239141562179,-0.038883917747120085,-0.3740568989751625,-0.6110608145888725,0.1739553150322037,0.16932246010788699,0.00039566538646552285,-3.1412370264398737,-0.0003667063695653337
13.638378143310547,-1.3647221534535978,2.1233477961191682,-9.72884864683388,-0.08075746072290976,-0.03308137128554609,-0.37983884701768866,-0.611050565233461,0.1739305361238221,0.16930778404184285,0.00044668433804701343,-3.1412352799996266,-0.00020685782724727458
13.646353960037231,-1.0933749413695046,2.0961856416409668,-9.497197177190676,-0.080852985668484,-0.02799654784969549,-0.38284798318625335,-0.6111032580423579,0.17392901879666103,0.1693362681995239,0.0005055356747258338,-3.1411150749055836,-0.0003800867819130689
13.65445590019226,-1.4982864311554027,1.8882925459039968,-9.560373051204628,-0.0747553670426671,-0.03448417123454419,-0.378057054923582,-0.6110695534042118,0.17392981914337377,0.1693158907787335,0.0004420224032451744,-3.1411648336737814,-0.0003229481080708114
13.664275407791138,-1.444146099498835,2.3739856276672278,-9.493290359700543,-0.08299781251684629,-0.036527157113430804,-0.374587167144657,-0.6110481657382782,0.17392225187540739,0.16923224728678155,0.0004424997144791249,-3.141271462043666,-0.00024754957568075324
13.6724271774292,-1.1339372695782433,1.9805474089222754,-9.48641514237412,-0.07661883107217543,-0.027254019577362613,-0.37673027338019827,-0.6110589845429962,0.17393673256952039,0.16920832388689017,0.0004225191251564166,-3.1412774809565596,-0.0002847164120432831
13.682335376739502,-1.0679311850544497,2.3875518753887706,-9.505603597416764,-0.08548550625407361,-0.030260974039989924,-0.38010251706544357,-0.6110868707450288,0.1739208340264448,0.16921949800491742,0.0005136770820598223,-3.1411667584099363,-0.00026832357983445063
13.690330505371094,-1.248475505418569,2.1590738321392893,-9.41142767918577,-0.08221203002498206,-0.032020394236168336,-0.38204613061229525,-0.6110658398181762,0.1739340541639231,0.1691905779313862,0.00045003221382687375,-3.1411726512641387,-0.00032194794429290087
13.698382377624512,-1.00342840965058,2.1961908562885992,-9.390261099795785,-0.07887065476891054,-0.02550233797227742,-0.37884223503493464,-0.6110367578229366,0.17396407362132302,0.16912661774615667,0.0003977369273292385,-3.1412626669563077,-0.00018705780220817093
13.70638370513916,-1.46498608450912,2.1330730038450154,-9.492091143987436,-0.08028021917528463,-0.03592069963441109,-0.3724517858563151,-0.6110803118793935,0.17394815747785317,0.16917022268777665,0.0004552213596948768,-3.141122548326564,-0.00037001155773815666
13.714292526245117,-1.4257202586229965,1.9377120430307448,-9.476828725167476,-0.07680704394559312,-0.033814648007620504,-0.3768284056664564,-0.611079429445144,0.17393555526797053,0.16911690034734023,0.0004959685825761483,-3.1411771077846327,-0.00032399921752518043
13.722257375717163,-1.3793196101157432,2.1731054270676147,-9.403337818120022,-0.08099465259625611,-0.03453751779048391,-0.37586235736218515,-0.6110620251233573,0.17394313801462594,0.16905534694844576,0.0004908988679600099,-3.1412000058637077,-0.00029706830552105013
13.730248928070068,-0.84475797679211,2.3459182766383657,-9.267817847761567,-0.08361637519431772,-0.02415998203575922,-0.3809760844804761,-0.6110637188955075,0.173954343600867,0.16903781143045932,0.0004646800653407637,-3.1412156819967354,-0.00026106897151558986
13.738347291946411,-1.261661961221385,1.9306674910220347,-9.569296857994368,-0.07863091193321654,-0.02836359106996651,-0.37474662306029805,-0.6110713501106977,0.1739161362132756,0.16902995174137786,0.0004968610790899229,-3.1411794457929822,-0.0003508211123341068
13.746384382247925,-1.0370747329071806,2.1468283239391996,-9.545175223437685,-0.07875573511954273,-0.02739674764484805,-0.3806662204933281,-0.6110795204077624,0.17395843024255886,0.16902082254249906,0.0004847005068287752,-3.1411145552326487,-0.00037411686158828495
13.754304885864258,-1.453869400049057,1.7958765434332247,-9.4822380218413,-0.0729626129143293,-0.03627295315019084,-0.37816848304202916,-0.6110739826693806,0.1739259871034519,0.16895932499882782,0.0004923011832930738,-3.1412256314173703,-0.0003615146554335345
13.762352228164673,-1.275475565353768,2.019095007162085,-9.543627976333891,-0.07486648940128927,-0.03202726223595711,-0.3806359366713707,-0.6110548132898036,0.1739191274847294,0.16888597956667295,0.0005182074382910543,-3.141288891455339,-0.00018251051866495299
13.770422458648682,-1.3240421985761688,1.9867154199232433,-9.508451951524984,-0.07715896581793,-0.03149357909246271,-0.378758159138081,-0.6110710060137903,0.17393458228710926,0.16889101124941158,0.00048103503532634346,-3.141248083409706,-0.0002766738713107151
13.77846097946167,-1.6163043419617784,1.975698949971727,-9.395228678897723,-0.07577772412015268,-0.04058734352090805,-0.3822468470219668,-0.6110573045930624,0.17395467435219034,0.16888218494556656,0.00043458562954564996,-3.1412097389858102,-0.00032922387028022247
13.788456678390503,-0.9922912893960718,1.9890532601227038,-9.401498269277553,-0.07636571336416,-0.025118310801480092,-0.3762544128586741,-0.6110760895013979,0.1739359978808658,0.1688731762643445,0.0004498939604504873,-3.1411538256469247,-0.0002518652252060342
13.796272039413452,-0.9981655195674335,1.7866515704014871,-9.430772746772064,-0.07196338877444765,-0.025556915457762976,-0.38510399033721604,-0.611064012539163,0.17395378525276362,0.16882068914894227,0.0003904007262937938,-3.1412297233637343,-0.0003329239771280514
13.80438780784607,-1.032677670940959,2.0830714340407526,-9.551728091892729,-0.07481168245141527,-0.02586669452078684,-0.3757179579545023,-0.6110607660105246,0.17396237605513357,0.1687924521721513,0.0003791725188266786,-3.1411933061323563,-0.00030496203456326863
13.812277793884277,-1.612113209067991,1.6452483992689173,-9.5882068268065,-0.0679417794048909,-0.039008709352462,-0.3765737375681743,-0.611064679220092,0.17394657763936702,0.16876526289173627,0.0004050329983427443,-3.141205699144244,-0.0003306274739275655
13.820297718048096,-1.568560604284737,2.107341955021326,-9.458175095474438,-0.08058921178808544,-0.037430171823245026,-0.3806980594064632,-0.6110835240261171,0.17395378921343227,0.16877104078108118,0.000438408657304959,-3.1411288588107658,-0.0003504685904924186
13.828416585922241,-1.4963461500431348,1.8234674610473238,-9.556998184863351,-0.07222701504046856,-0.037442815790973326,-0.3806554115282747,-0.6110731772712823,0.173933309803405,0.1687024301163658,0.0005662724290442699,-3.1411953362301746,-0.00028741701650323675
13.836420774459839,-1.3632757588924895,2.194637191864057,-9.557746641209185,-0.08372119603635883,-0.033291484043772315,-0.3816952930279708,-0.6110761620622578,0.17392532829700805,0.16871535744029922,0.0005410936193969237,-3.1411572276543587,-0.0003486986469529783
13.844341516494751,-1.4027275128197718,2.199652673893763,-9.583610085875337,-0.08249223859749504,-0.03256886879271782,-0.3757506018218097,-0.6110803416168525,0.1739243028416625,0.1686505267694829,0.0006063653071039283,-3.1411700075805795,-0.0003354188676251963
13.852406024932861,-1.3314058954016623,1.985488930097193,-9.4802014485589,-0.07717941465364393,-0.03153018808896451,-0.3731972179431094,-0.6110656335733166,0.1739559243257115,0.1686111750221228,0.0003812976982222324,-3.1412077693014138,-0.000333971335956045
13.862398386001587,-1.186051470866175,2.1722313995301046,-9.450234497330209,-0.0814908177711829,-0.03006210941881232,-0.37742277665139984,-0.6110766660234992,0.1739507502038026,0.16859085835706028,0.0004474066285853695,-3.1412012009333052,-0.00030280854721850153
13.870195627212524,-1.2463915424017722,2.161285794077561,-9.48680383208999,-0.07946031978909969,-0.029861998769306074,-0.37071351420652077,-0.6110707563334976,0.17395066928972988,0.16857454946346317,0.0004592565627850274,-3.141187428451461,-0.00036372984745162274
13.878224611282349,-1.4624672753407064,2.134688274537738,-9.482605509235436,-0.08076988112282572,-0.03387889015365132,-0.3763280282068868,-0.6110684638092511,0.17393406451148838,0.1684916916956391,0.0004920245976199391,-3.1412617646689123,-0.00028730976717121097
13.88630485534668,-1.213143227138638,1.9368443541740685,-9.514205069529739,-0.0781086239004736,-0.029596870227267,-0.38017381575722337,-0.6110695698678741,0.1739381009429682,0.16851231910573286,0.0004744272805309602,-3.1411982842656507,-0.0003477030843925904
13.89435601234436,-1.0786072213475042,1.7382921049717834,-9.34878023130641,-0.06966336248374189,-0.02969270369293121,-0.377699333469297,-0.6110461040740837,0.17394676814187235,0.16847932610638217,0.0003831687908001391,-3.141252315576738,-0.0002717768377334347
13.902320623397827,-1.0817552724164197,1.8764837195796793,-9.640714820879992,-0.07378311787758132,-0.030390336517385864,-0.37624966538540017,-0.6110841502417713,0.1739190695385542,0.16847131735054424,0.0005263898112386652,-3.141163503806625,-0.00041051077706830586
13.910348892211914,-1.0160417423304153,2.0794637268505456,-9.532689048159584,-0.07934403380041945,-0.023153506207805322,-0.3804314435554382,-0.6110626961989809,0.17393858426576134,0.16840443399797833,0.00043611422510887336,-3.1412439706332984,-0.0003292093163235182
13.918328762054443,-1.4657854628104041,1.9382677995659265,-9.521617335252879,-0.0739134128238887,-0.039274287044694565,-0.37531064890891347,-0.611085104766328,0.17394433357443867,0.1683996710635035,0.0004940091943377439,-3.1411944502041993,-0.0003204483321608269
13.926328182220459,-1.4699237813717059,2.0601477926481704,-9.626132127627484,-0.0783368140304004,-0.03641625197393242,-0.37862577383922214,-0.6110792851495086,0.17393037137949885,0.16839876453739422,0.0003802465378543881,-3.14111964810734,-0.0003083745326798845
13.934391975402832,-0.9848776019171361,2.3624727382044783,-9.426075980276568,-0.08793476371033075,-0.022666640275632994,-0.3910817415228249,-0.6110789919595828,0.17396562142824884,0.1683767536689051,0.00044348869911559736,-3.1411217608400688,-0.0003572263716250012
13.942383766174316,-1.1801544652684264,1.9109728621984792,-9.613804183891306,-0.07324079244685334,-0.027941201126971432,-0.3795725850844726,-0.6110672820088805,0.17397318762232938,0.1683123006372701,0.000393678647487001,-3.1412099899694295,-0.00036947253378752647
13.950459718704224,-1.3018037884742262,2.0507344061238055,-9.556063795011106,-0.0782874621060472,-0.03420000526154997,-0.3689053183726598,-0.6110821839819494,0.17391134914751155,0.16826848422163493,0.0005614806796074592,-3.1412035479727507,-0.0003604060706661246
13.958284854888916,-1.5632921837095413,2.0356543257450963,-9.793530995286826,-0.07977521066535764,-0.03723654728753711,-0.37409655559571875,-0.611068002621414,0.1739357192145934,0.16824058642470513,0.0003741269194908722,-3.1412545841695194,-0.00028133297942966245
13.966278314590454,-1.3453369574364533,2.000975335291437,-9.621904631073933,-0.07767475534617108,-0.0345712959022082,-0.3758610823480533,-0.6110438516379572,0.1739383702780706,0.16817032731410622,0.00044748161936717767,-3.1413138022937157,-0.00020807506572587402
13.97435474395752,-1.2638795977449118,1.8516673154583694,-9.647863297522814,-0.07301816457134662,-0.032885608745192696,-0.3752011699184257,-0.6110794970747486,0.17391465462961725,0.16820906079409476,0.0004651938135187547,-3.141175622149105,-0.00028003187919805656
13.982414245605469,-1.0992189110529518,2.05831977851647,-9.64585185307795,-0.07922689314672528,-0.025895622493224385,-0.373462246285347,-0.6110684406596497,0.1739634205776215,0.1681675354909808,0.0004279705496725303,-3.1412409060228845,-0.0003626111379671129
13.99234414100647,-1.2436115643198533,2.113298237624798,-9.59632670999039,-0.07832036377393531,-0.02702076266174298,-0.38118371692626024,-0.6110706434266464,0.17394076939611763,0.1681620019813469,0.000441863090735773,-3.141197950961236,-0.00030396240077742786
14.00035309791565,-1.5083689227626096,1.7249351818693064,-9.452287420235377,-0.0679468072157721,-0.03465189855780284,-0.37705136675222145,-0.6110580415552421,0.17394304793516302,0.16810221315303425,0.0004226665984636709,-3.1412072646168157,-0.00029677224337276806
14.008358716964722,-1.0679291216600117,2.2327211847604316,-9.561024913730197,-0.08424850154011818,-0.023645960399534573,-0.3800774399901796,-0.6110799710638339,0.17392543778203254,0.16809086134226636,0.0004801975318783216,-3.1412155036368503,-0.0002824009159199103
14.016330242156982,-1.0525112982533087,2.2367120275779593,-9.434848218184678,-0.08460086111824851,-0.02567999836882986,-0.37560280299640203,-0.6110623439481199,0.17395555534812945,0.1680635830733197,0.00039659255596014655,-3.1412566886118154,-0.0003265248078194382
14.024479389190674,-1.41949102014053,2.09103998355623,-9.376325473504345,-0.07789573655690103,-0.031649121047656194,-0.3792686292128137,-0.6110970887101256,0.17391833023757092,0.1680760160019521,0.0005200767336780354,-3.1411428533521564,-0.0003634712395169762
14.032412052154541,-1.2582390089050057,2.1025498918478087,-9.458438019889943,-0.08075033454123211,-0.03103253157381064,-0.37476338093359407,-0.6110799796679861,0.1739351123890873,0.167988293748955,0.0004696690615700419,-3.1412469425563163,-0.000325830473665222
14.040534734725952,-1.1660293244725222,2.1343642787099126,-9.558253769194613,-0.0823274169488754,-0.029877553698284546,-0.3820952716685291,-0.6110752214285213,0.173926926811266,0.1679664480234166,0.0004756741130408987,-3.141208779294237,-0.0003069191347208526
14.04841160774231,-1.1812624254657513,2.065406027706828,-9.417742658344073,-0.07876235499445046,-0.031352130225382364,-0.38172337948954754,-0.6110851816076944,0.1739170664635077,0.1679719501635475,0.0005015105149514495,-3.141148462940909,-0.0002985061536346165
14.056640863418579,-1.2541424460499633,2.2055976402365434,-9.38414145897695,-0.08326512509269954,-0.03110578691657145,-0.38348226088567683,-0.611072869454515,0.17392373254031024,0.16793326027867383,0.0004898590992933814,-3.1411922376307406,-0.00029118727573032924
14.066426277160645,-1.179514017155859,2.301852540690288,-9.48802157343882,-0.08521816478492075,-0.02662658376518607,-0.3810117415156727,-0.6110823492488793,0.17394222102099224,0.16790125024254784,0.0005092428618792942,-3.141161304182584,-0.0003020326658288308
14.074338912963867,-1.3873841853111213,2.128030052982797,-9.300155656040591,-0.07880027853613399,-0.034535658361480565,-0.3777526673599259,-0.6110821183170146,0.17392662645319104,0.16787549114018646,0.0004842168673221274,-3.1411618585629566,-0.00028581312851220245
14.08223581314087,-1.4717173904470229,1.8958264955220414,-9.442240370366694,-0.07188195392959429,-0.03796241897828858,-0.37718422927980483,-0.6110539157231041,0.17394910482814951,0.16781225887145396,0.0004709352785205008,-3.141278285634105,-0.0002831107607056803
14.090419292449951,-1.2011215441212502,1.9697785735073923,-9.548837827916378,-0.07876462965339895,-0.027688028786350058,-0.3801451986830329,-0.6110672614775818,0.17392509256981128,0.16782243255753515,0.0004916226240246637,-3.1412172953326185,-0.0003413061549885506
14.102264642715454,-1.4328846708694605,2.2463912414850604,-9.464932663719612,-0.08529543007484887,-0.03807781862892543,-0.3851693951546006,-0.611068387134344,0.17393739161608474,0.16778896325753853,0.0004532921024751845,-3.141207700360755,-0.00035465591727861027
14.110481977462769,-1.4232161328308979,2.0317759356833744,-9.442224076499782,-0.07706197064531774,-0.03211979525847404,-0.3733152985297265,-0.6110866891717792,0.1739405574918512,0.16776853363385322,0.0004670806834891922,-3.141177642605969,-0.0003235630322941571
14.120345115661621,-1.3831291560383496,2.2439602275022166,-9.51548456314887,-0.08155260900535388,-0.0371331005114355,-0.3741490180567877,-0.6110877022257781,0.17396746204174057,0.16775267500676022,0.00046019569453584186,-3.1411389428256515,-0.0003596258870574907
14.128317594528198,-1.4357996077573303,1.8758325577012318,-9.314719134499907,-0.07250221285224848,-0.03404855241055034,-0.37662723599922415,-0.6110542769243394,0.17393327642952627,0.16764965281049457,0.00047429743824206123,-3.1413017157961294,-0.0003319971530013672
14.13629937171936,-1.0474744156901552,1.9611145001655939,-9.508641470396375,-0.07429199419876635,-0.027405338845254736,-0.3819838539425138,-0.6110865632293973,0.17393166289990417,0.16768437512402778,0.0005271570691934584,-3.1411744311015632,-0.000416954914214237
14.144359588623047,-1.2108432636962476,1.9622296738516771,-9.490570748141135,-0.07565891136267747,-0.02882086759224851,-0.38101913030969603,-0.6110658098008096,0.17394008027212146,0.16761435192153762,0.00044422546652488456,-3.1412015051246356,-0.0003432299628169198
14.152259111404419,-1.1008602728515129,2.309022715278954,-9.35851395824774,-0.08597196499075878,-0.026568830424743436,-0.3768806028353132,-0.6110732323232274,0.17392755058593298,0.16760509007205426,0.0005207903304017966,-3.1411788086698946,-0.00028232230153111794
14.160408735275269,-1.4660451332713529,1.953067164800288,-9.594105290275392,-0.0764302634828789,-0.036110064604595815,-0.3807548461765768,-0.6110693639347704,0.17395162994162175,0.16757786444169567,0.00045551535595021356,-3.1411683221560343,-0.0003337302503476684
14.170263290405273,-1.3446213990372187,1.9907087042564895,-9.563193412354545,-0.07872983357882296,-0.0316743271110098,-0.3751323035960642,-0.6110702189368984,0.17395216809122319,0.1675408933732191,0.0003683390414743736,-3.14118256881535,-0.00032895931655313525
14.178353071212769,-1.302644416504118,2.0460121855874562,-9.395763872168484,-0.07855328921799744,-0.031808725651792824,-0.3810594547523217,-0.6110655990168442,0.17395384497822475,0.16753615905830882,0.00038749410867469083,-3.1411501651076246,-0.00032679781871746013
14.186330795288086,-0.8382548369440649,2.169546387227886,-9.395436247137425,-0.08137862752559653,-0.025269048811592643,-0.38365889792291824,-0.6110548134714126,0.1739535039738202,0.1674460059983542,0.0004328615976119931,-3.1412708737017603,-0.0003117853961795165
14.194263219833374,-1.2099675189328718,2.070580294974137,-9.522312461065564,-0.07816375003645279,-0.033359043798941,-0.3783576872075393,-0.6110740204032474,0.1739534808082296,0.16745838727926685,0.0004470190602689551,-3.141159523871832,-0.00033903205709838566
14.202394008636475,-1.5999462129236701,2.0749632556572664,-9.366210705119277,-0.07759601402820661,-0.04066713947769165,-0.37558426568330555,-0.6110834943485732,0.1739220530486829,0.16741277174245728,0.0005035080724683933,-3.1411977171434047,-0.0003143230919911969
14.210230112075806,-1.3855317969690284,1.8912314459590909,-9.343309204918965,-0.0766166937802394,-0.03425356433475992,-0.37972111758532157,-0.6110700438149183,0.17393944719565954,0.1673777360792068,0.00047927749246033045,-3.1412206664936986,-0.0003234459378115157
14.218327283859253,-1.3715800230049708,1.9001838832402234,-9.555688479422061,-0.07494196292404848,-0.03442023624680322,-0.3756395451461412,-0.6110705803164702,0.1739430548995803,0.16736466109699952,0.0005172216374213777,-3.1411952062494977,-0.00035018971897458103
14.226340055465698,-1.0902045678542693,2.1721812080155516,-9.466024256510162,-0.08065036395187253,-0.026630079633696173,-0.37385374910805197,-0.6110778111668212,0.17393627029051267,0.16732939003370495,0.0004551846128464916,-3.1412339002194782,-0.00034056258709900064
14.234395503997803,-1.1680782642726368,2.167954566006392,-9.5490316975587,-0.07875769602448102,-0.032416095666118507,-0.38115972983351915,-0.6110656807944005,0.17393844610109982,0.1672892744205052,0.00040997766820549355,-3.1412707659800567,-0.0003515856571543845
14.242384672164917,-1.4524990884665998,1.9478819167631138,-9.533296805655251,-0.07127179554605309,-0.03445996097082717,-0.37544701670426284,-0.6110934362757964,0.17394327520836103,0.16732382016145436,0.0004618843068607129,-3.1410816242958393,-0.00040125202090829886
14.250408172607422,-1.3291634338130343,1.9460820897032827,-9.423706592537746,-0.07581576594149177,-0.034387415444111925,-0.3801282572451643,-0.6110690029167675,0.17394208201955222,0.16722254822408145,0.0004763472040578713,-3.141234460295346,-0.0002806466199875578
14.258349895477295,-1.3976369703488054,2.0635642163916446,-9.172903123774983,-0.0761940930175492,-0.03511413161639264,-0.37908892860012366,-0.6110679457550214,0.17394367193011664,0.16725936275734732,0.0004699113805137554,-3.1411628579772213,-0.0003750475547677668
14.266442060470581,-1.0220981073925697,2.142009532965233,-9.360919906915873,-0.0801650419527042,-0.026969153820320845,-0.377290307512027,-0.6110922986513375,0.173937272715612,0.16720534825853506,0.0005097211860824489,-3.1411338147802566,-0.00036965800197564694
14.274354457855225,-1.3964145294063706,1.9173842888575583,-9.477608403567366,-0.07487783274092809,-0.0329421287481583,-0.37829203157108965,-0.6110769568360345,0.1739359383973934,0.16718021310293735,0.000489458754641824,-3.141183405287577,-0.0002933791576571588
14.282325506210327,-1.287945546628238,1.9082489470637718,-9.41835513308557,-0.07315803799266503,-0.030199349488939705,-0.3736765808797905,-0.6110781405962172,0.1739632376575861,0.16717525425073776,0.0004125757782215052,-3.1411046412440706,-0.0004159845229154937
14.290342330932617,-1.211017900524538,2.0544204095817453,-9.34654974630453,-0.0777871436669527,-0.03193981983223246,-0.378590436148326,-0.6110920596895035,0.17396765032760567,0.16711479945228086,0.0004456039036732364,-3.141167959869934,-0.00036293756090714964
14.29819655418396,-0.962560197128848,1.9951441482703762,-9.377721687417292,-0.07450774473342361,-0.025158144650092425,-0.381065902871543,-0.6110922272373625,0.17394070324703048,0.16709635160393987,0.0004632723685507894,-3.1411589264300033,-0.0003470877573633192
14.306251049041748,-1.712896767615441,2.3214351814464775,-9.427883238399268,-0.08480074946485991,-0.04031162572710366,-0.3699487167617419,-0.6110719579704786,0.17395289321306598,0.1670920716774819,0.00046592217854377527,-3.1411584891231783,-0.00039875352517557887
14.314186811447144,-1.3665652571654348,2.286318469430593,-9.430026792113651,-0.08188011177867226,-0.03375523175154885,-0.3758519517194864,-0.6110690115347649,0.1739673940099353,0.1670520320580755,0.00045295738528615664,-3.1411661879009696,-0.000376524327506768
14.322326898574829,-1.4306389833956012,2.204273330606223,-9.47294872562107,-0.08131142033530286,-0.03373418373670775,-0.37735796485,-0.6110719725041941,0.17395197145634994,0.16699404897830186,0.00046067691974677893,-3.1412321345798406,-0.0003286844813945729
14.332335948944092,-1.4120734901438492,1.9538434949390848,-9.66836448534264,-0.07538454770540834,-0.03597165157303881,-0.37763000638469746,-0.6110879557574366,0.17393214797207662,0.1669919538097469,0.0004797566195861324,-3.1411834916811516,-0.00032492653452994717
14.340400457382202,-1.3942797540204046,1.9885089656858437,-9.55556065375188,-0.07951097290344343,-0.034909299758329425,-0.3849156792635081,-0.6110839973853749,0.17394500509086824,0.1669453185673766,0.00046164033121097816,-3.1411917321840748,-0.00029026632460394357
14.348407506942749,-1.3489151929359606,1.9122203468149905,-9.624172181133629,-0.07683053730968188,-0.03397517202970734,-0.3711953404331895,-0.6110645378041787,0.17393368989937583,0.16687566364160333,0.0004886067220007935,-3.1412372050104302,-0.00019112592834450313
14.356311559677124,-1.3707404716190028,2.0304249013696904,-9.497770807797984,-0.0752473764672419,-0.03569985369441108,-0.37588794951130444,-0.611079573528313,0.17397019060061975,0.166931973456912,0.0004168149329780928,-3.141147173549722,-0.00039794854811960864
14.36437177658081,-1.3288600446179355,1.8186996207387935,-9.636230603224007,-0.07517114403092098,-0.03377912940356939,-0.379313547262968,-0.6110896344522702,0.1739169896936133,0.16687447258309793,0.0005519608236174509,-3.141191625983634,-0.00029500761033765673
14.372623205184937,-1.2942200187221842,1.936741153029884,-9.430567140983465,-0.0764368400993245,-0.032720051747187284,-0.37820834313266527,-0.6110849487265014,0.1739457042375228,0.16687075489052458,0.00046883631858591485,-3.141144632384286,-0.0004201006857376368
14.380353689193726,-1.3263268877555703,2.1072664291288032,-9.283741908644783,-0.08177963728110464,-0.03328798898035398,-0.38147302824029766,-0.6110940845815889,0.17394369728226772,0.16682726580639742,0.000419703442229632,-3.141142094124657,-0.0002768963509091397
14.388449668884277,-1.295689093724838,1.9126096495119005,-9.503919502652465,-0.07105566901743435,-0.03338321529855537,-0.37526901304297655,-0.6110644803248446,0.17391945157616598,0.1667621848205812,0.0004372258259290219,-3.1412560225283097,-0.0002184224770042768
14.39625334739685,-1.0952762374324003,1.9183290312102426,-9.483259841180905,-0.07536908933666304,-0.026201074166199073,-0.3826601942085494,-0.6110852967803038,0.17393343813183942,0.16676982313382963,0.000476751312947338,-3.141186667633887,-0.0003700924607799538
14.404451608657837,-1.2202773485478309,1.5721216862701466,-9.587184331972773,-0.06417271784941206,-0.030420040277290526,-0.3763837834419133,-0.6110855477238943,0.17393776114813161,0.16675187685150758,0.00041960937860667643,-3.141131984337716,-0.0002550268973850453
14.412307977676392,-1.327040058521275,2.0008017244149734,-9.496232452901618,-0.07744127064471149,-0.03209377746027361,-0.3780507732652612,-0.6110818881598361,0.17395672237523005,0.16672151980853744,0.00044552176840849004,-3.141156226901003,-0.00034285476599196096
14.420310497283936,-1.7488738983335521,1.9723201443314575,-9.532682349055156,-0.07278366811489494,-0.04058343440305597,-0.37808375105435976,-0.6110776779394306,0.1739249247953924,0.1666807387870503,0.000441749647805462,-3.14116597672225,-0.0003355633250871831
14.428300619125366,-1.2634376819429418,1.762146585684531,-9.568138127875677,-0.07000315004410054,-0.03240804148870778,-0.3731820421329359,-0.6110602037602234,0.1739268032733259,0.1666354103476157,0.0005182176283941451,-3.141248352664042,-0.00029533633435597834
14.436309814453125,-1.3304503695368883,2.153217939806195,-9.548684800056284,-0.08203178763563143,-0.03317830705769845,-0.3749323606939624,-0.6110663661843164,0.17395035120053778,0.1665943410538093,0.0004275940503827401,-3.1412185114005595,-0.0002754766313393676
14.44459867477417,-1.4665794552724025,1.8755487505484467,-9.614933454271121,-0.07488445521873445,-0.03730398937308202,-0.3722793603709606,-0.6110592655279311,0.17394437189629192,0.16657544512739528,0.0004674368628597459,-3.1412447417513554,-0.00026690933024305135
14.454365015029907,-1.1904938533344485,2.2257774109440533,-9.566883641890204,-0.08361671242308656,-0.0290027943896645,-0.3816839528875496,-0.6110673116119214,0.17394750702360143,0.16658047815437182,0.00046723128345497653,-3.141195131588239,-0.0003808379853065892
14.46244502067566,-1.124184120521316,2.0749760022171384,-9.521607805032499,-0.08169021378362239,-0.02804403752338931,-0.3781348136270838,-0.6110885109437657,0.17397601776568128,0.16657825368878365,0.00037074130160515676,-3.1411367828607846,-0.00033549928577545696
14.472244024276733,-1.0708695918704092,2.4298532594421443,-9.5299502341657,-0.08603163092022596,-0.02516156868752272,-0.3792829353590513,-0.6110679310975454,0.17395480760986093,0.16652101735258795,0.00039709892482114395,-3.141173213246409,-0.00032518927158113506
14.480359077453613,-1.276032285733851,1.91520598320811,-9.528446154624051,-0.07385240276361872,-0.03148771818866033,-0.3749180934905123,-0.611069065517673,0.1739193701464416,0.16651822673672423,0.0005134857705389944,-3.141175025187177,-0.0003962418809199794
14.488194227218628,-1.1695968922405386,1.9906491329181473,-9.49173365261138,-0.07743280056564823,-0.028724491050501736,-0.38119264396089747,-0.6110821599093017,0.17398138211941097,0.16644680188031363,0.00037726155525001203,-3.141160598906672,-0.0003558415244162993
14.49643349647522,-1.190261730957761,2.315384609934939,-9.592169645978913,-0.08370297585557832,-0.03012653902092647,-0.3786011507214228,-0.611060592924416,0.17395786608328428,0.16645038860067682,0.0004382174931167213,-3.1411619143146963,-0.00036198889362735987
14.50436019897461,-1.1352588955850447,2.0708015879039876,-9.629460541121633,-0.08046829050851244,-0.02725794287507787,-0.3787239690442716,-0.6110726365241506,0.17395634689301714,0.16642236511790143,0.0005081937969752125,-3.141162142257943,-0.0003691178776165297
14.512298345565796,-1.4251066868124627,1.959993846589601,-9.608931029957603,-0.07742358201913302,-0.038663011609020276,-0.3766024944228537,-0.611061409548677,0.17394915683004794,0.16634176480262397,0.000464016479102267,-3.1412971994239354,-0.00028483501160199627
14.520384311676025,-1.1580442701169689,2.072114290408849,-9.60729752018849,-0.07886944471142064,-0.02716759580654682,-0.3774439531220449,-0.6110820863012568,0.17394118173530587,0.16633553419166308,0.0004909654324522972,-3.1412077626282833,-0.0002936595631060171
14.528218269348145,-1.3960096367161083,1.720739254467929,-9.631950357461264,-0.07336892535844665,-0.03391453331895775,-0.37263256325961375,-0.6110844224421806,0.17396900912831204,0.16632911747514556,0.0004908124648781622,-3.1411550157074926,-0.00034488555419923567
14.536543369293213,-1.609871653368804,1.796245320974945,-9.628370192160547,-0.07474625684777864,-0.038405812620428144,-0.3739362194865008,-0.611082433318487,0.17398414587492075,0.16631920762506391,0.00037515438784948077,-3.141135437627066,-0.0003896760623469462
14.544644117355347,-1.2414358824563956,1.7970718102354675,-9.395561433331101,-0.07248306709657201,-0.030527057207212594,-0.3797168783836656,-0.6110902378516707,0.17392702138660576,0.16628338252295588,0.0005993440436633106,-3.141157880330494,-0.0002993014135017547
14.55426573753357,-1.0631109052920715,2.06940166032163,-9.522988546904584,-0.07880587490442684,-0.0239567518317011,-0.37727948164077707,-0.6110837097856201,0.1739454705770083,0.1662407341223478,0.0005109530563520982,-3.141155830121487,-0.0002985687968137043
14.562303066253662,-1.2626241782707674,2.1441180363062298,-9.518923635728482,-0.08049387954731735,-0.030160775924425332,-0.38313239174567654,-0.6110812682913068,0.1739382903589458,0.16619239002654546,0.0005230793041743028,-3.1412155351939015,-0.00024077968472521928
14.570250272750854,-1.3139595222583291,2.1380071390287583,-9.566832507539392,-0.08101929459311077,-0.034187216487098784,-0.3801539622474945,-0.6110795389906944,0.17396791940675685,0.1662065116577027,0.00043591189070406756,-3.141164652970989,-0.0003635179891858022
14.578379392623901,-1.3491809993484498,2.1444877378815463,-9.431647273073123,-0.07973373630376845,-0.03616106321639977,-0.38019289801349376,-0.6110652598032464,0.173967546135701,0.1661469429946313,0.0004472310042281438,-3.141196485399066,-0.0003571693083861479
14.58641242980957,-1.194836941890913,2.27236975798356,-9.416232543841431,-0.0843807513719494,-0.030575794931048797,-0.37812249628632244,-0.6110746774356142,0.17394267907887068,0.16611431930385873,0.000530507139622817,-3.141223430792613,-0.0003132357821821847
14.594377994537354,-1.391175006404731,1.9356715543442102,-9.529663503771028,-0.07660454278983769,-0.03356023795086689,-0.378719664639216,-0.6110864209648251,0.1739355757161654,0.16612706682680528,0.0005408886442414861,-3.141143548537554,-0.0004082773047452789
14.602267742156982,-1.2980784145780655,1.9136217794852588,-9.494961093778874,-0.07531148289957267,-0.03239950351565761,-0.3752019255069291,-0.6110772131424326,0.17393291562008795,0.16606106113112198,0.00044284636716281024,-3.1411655016270226,-0.00033133786863974815
14.61038088798523,-1.171998709458241,2.0504888416583347,-9.425223562184847,-0.07854236035707207,-0.029439794424221285,-0.37659192561124394,-0.6110768972303117,0.17393276321378057,0.16600481560081554,0.0004512398398254821,-3.14122496049027,-0.0002449256885446577
14.618273258209229,-1.100834722156951,1.7432119319695172,-9.457762723259348,-0.07294182545619085,-0.030062535630082623,-0.3796249315053258,-0.611100084601608,0.1739352797668131,0.1660384019629351,0.0005215399084899866,-3.141097025716791,-0.0003666704126931627
14.626402854919434,-1.1556376675652935,2.162686937744246,-9.616382316427615,-0.08223538103712591,-0.030666205865285467,-0.37809332811915214,-0.6110820840960184,0.17398323432585805,0.1660138114990216,0.0004263453350765836,-3.141154428992586,-0.00036878825012247904
14.634379148483276,-1.1244590837880957,2.110758236498836,-9.467422029393003,-0.07904232390742735,-0.026777834969516214,-0.37666487879360905,-0.611090196084553,0.17396442947141272,0.16596975807022651,0.0004715677935517245,-3.1411130840690076,-0.0003522601379642489
14.64232873916626,-1.1360702440547772,2.133533448291115,-9.420635838565955,-0.07953000216860415,-0.028335583215975367,-0.38704763536890263,-0.6110951045003369,0.1739423547598424,0.16598303876460702,0.0004835940704080527,-3.141106121520627,-0.00042924490681349426
14.650321245193481,-1.2021383550255478,2.193149372579773,-9.601050450316368,-0.08215856106955251,-0.02795813712686781,-0.3760323452364776,-0.6110721563406851,0.17395684645575452,0.16590188176857068,0.0004136372564310774,-3.141215752948349,-0.0003946554286403971
14.658386945724487,-1.2987630701989619,2.138470561049449,-9.556632068799859,-0.08203527528174334,-0.029738840821760527,-0.3717061115362909,-0.6110906588633801,0.17394987851693552,0.16588510209493929,0.0005101848830226031,-3.1411451746953576,-0.0003741785462537703
14.666390419006348,-1.471608039089129,1.8377488674704807,-9.436257086008178,-0.07477659879470137,-0.033988598623724595,-0.3765887812826435,-0.6110974736335046,0.17394411568272392,0.16586950924033683,0.0005052331866504287,-3.141133150161008,-0.0003686737863644538
14.67441177368164,-1.1555879875642616,1.7465630402383507,-9.524785800111204,-0.07332667927234954,-0.028750276445197183,-0.3770488199937713,-0.6110981724905118,0.17395862267463252,0.16585129194913278,0.0004676482718225016,-3.141081549457252,-0.00031796809324017444
14.682359457015991,-1.1700571561381663,2.414124797609633,-9.4245939215895,-0.08611457106277824,-0.028360985321351225,-0.37977196235589056,-0.611070270648843,0.173954044269278,0.1657773218751007,0.0004807421603537807,-3.141210680139932,-0.00032560980068439653
14.690360069274902,-1.4003630249974957,1.8310708063506078,-9.352087411631494,-0.07364415568527673,-0.033781881895774336,-0.38111304814564767,-0.611097264928363,0.17396820652855507,0.1658098618879515,0.00048028820923587184,-3.141121783326281,-0.00048630255089666865
14.698247194290161,-1.2493408820198382,2.156388681842906,-9.470763705015036,-0.08026831196606472,-0.03261858544582375,-0.3769663781761846,-0.6110870904005812,0.17393849304843303,0.16573151425939245,0.0005650909891604931,-3.141209412711165,-0.0002685144249588314
14.70637845993042,-1.3369235674094513,2.327561406546942,-9.541657012858384,-0.08244117909490334,-0.03624458073581335,-0.3796025793420996,-0.6110787661557116,0.1739378295541311,0.16572038610013967,0.0005332651767243267,-3.1412116979774933,-0.00031622616904674716
14.714222431182861,-0.9766013549474158,2.0635233964902553,-9.490005989497007,-0.0793503391688826,-0.024848003793922702,-0.37868460939634274,-0.6110786232416172,0.1739632123508725,0.16571639655879866,0.0004367273459850439,-3.1411183230628708,-0.00029943029965181535
14.722415685653687,-1.479909482120264,2.0947591129532985,-9.503415346364324,-0.0797356314341461,-0.036008189653786965,-0.3779189066794359,-0.6110748862808193,0.173948396304482,0.16565732894731838,0.0004823489447243485,-3.1412315532682706,-0.00027760540347352
14.730303764343262,-1.3205461333155466,2.0425717153225946,-9.545913777314658,-0.07536877828324254,-0.03384463932413905,-0.3783344521497332,-0.6110836195888343,0.17397652346930406,0.16566592809056646,0.00043867408441387173,-3.1411487049566125,-0.00031002556312002724
14.738372087478638,-1.3094221410295872,1.9548017561431639,-9.351080280721545,-0.07588970418886656,-0.03590076139315988,-0.3800373865602277,-0.6110745266295531,0.17398146113117594,0.1656480341840564,0.0004188035935736843,-3.141173798217565,-0.0003963501416658187
14.74635934829712,-1.4422049189396624,1.7224776384377694,-9.442707193356368,-0.0707271004969129,-0.036633260901731274,-0.38148082695352636,-0.6110924291058581,0.17393192358953696,0.16558213913895067,0.0005212840853693332,-3.1411936125671556,-0.00030611603250457764
14.754372358322144,-1.3351899593146501,2.037174555449064,-9.473539321971204,-0.07670513610336838,-0.033767139923339684,-0.38090943130440824,-0.6110801377088931,0.17395182222720337,0.16557302060393433,0.00045771917409076924,-3.1412088023616707,-0.00030857303290955537
14.762346982955933,-1.2145707656730225,2.122546858117037,-9.441494607628972,-0.07976693716394677,-0.033278582852380376,-0.3789243012934617,-0.6110949702249648,0.17396268103503496,0.16558983258209137,0.0004957478015338095,-3.1411139698794224,-0.00038740684594979575
14.770356178283691,-1.4020120011486683,1.9055911475172234,-9.577242633385413,-0.075103420583114,-0.034009263601508216,-0.37512723243645163,-0.6110717453741868,0.17394805783197476,0.1655451926551942,0.0005602050025647969,-3.141204774452028,-0.00031890151628060704
14.77826976776123,-1.5392912674529022,1.8757275342686446,-9.477851255496324,-0.07407755900344087,-0.036952017480257365,-0.377184802265839,-0.6110875153411569,0.1739511861797325,0.1655085425383905,0.0004336482935780303,-3.141166254444176,-0.0003215349724894727
14.786472797393799,-1.3924458761173348,1.7585650144131364,-9.557778027582495,-0.07010599060927289,-0.03230930753763896,-0.3726883519657685,-0.6110987140439372,0.17392449282611447,0.1654806539309172,0.0005999264063515376,-3.1411869741409975,-0.00023885115171362205
14.794293403625488,-1.0916002532520732,2.051248378636952,-9.504527201514522,-0.07795004549767806,-0.025800912159498778,-0.3782702308920976,-0.6110925976882744,0.17395012203693533,0.16548979467020863,0.0005186329226606025,-3.141172470219009,-0.00039485005612712246
14.802624225616455,-1.0524666035010908,2.559034562991399,-9.443658994440392,-0.09222361735242487,-0.026404080052689318,-0.38387700669892033,-0.6110857904114129,0.17394432184133635,0.16544806577641002,0.0004929004873149689,-3.141182612250458,-0.0003052550057883557
14.810326337814331,-0.9516564358014812,2.3984235113620387,-9.314581951924014,-0.087134555875517,-0.024660347281036207,-0.3831054136001408,-0.6111005149618076,0.17394002055372626,0.16547961943110429,0.0005381345450672846,-3.1411038266474693,-0.0004073882985389711
14.818365573883057,-1.3007567021040334,2.224121490031606,-9.412496349546956,-0.0804201406675533,-0.03453386759546807,-0.38040277136755407,-0.6110899848096009,0.17397709015137128,0.1654065710198206,0.0004660754718026654,-3.141153992091772,-0.00035125170254089445
14.8264901638031,-1.305150385667435,2.0363412499666413,-9.435162143627876,-0.07792034221596353,-0.03109950862625031,-0.37705602714668934,-0.6110787147356883,0.17394899901443836,0.1653591873719995,0.000556553625660497,-3.141183159925611,-0.00029728966297025026
14.834510326385498,-1.258979443083246,2.2157074351427646,-9.464167675151751,-0.07900046859198466,-0.031460948263933364,-0.3774518617049034,-0.6110720468871234,0.1739564417442143,0.16536848702950213,0.00044817518821721057,-3.1411634803575534,-0.00034999816871200223
14.844426155090332,-0.9677858374202628,2.0248391167489603,-9.37255479620954,-0.07600555921453885,-0.02446722603161907,-0.3775063272450182,-0.6110957681292181,0.1739274648105757,0.16533116327402103,0.0005774500021863423,-3.141204187507139,-0.0002144467002269058
14.852429866790771,-1.3028252667839326,1.7487914320454987,-9.479984240857503,-0.06985044316613925,-0.03271790456082736,-0.3807083981380111,-0.6110755421520503,0.17396150977770025,0.16531778173156653,0.0004369744442318918,-3.14116479992509,-0.00036335079249928047
14.860371828079224,-1.2142399210249073,2.1265971527440533,-9.389921769135482,-0.07991001732955696,-0.031210273695560665,-0.3760051987940858,-0.6110960306499773,0.17394833610834431,0.16537045396419475,0.0005327675440876502,-3.1410740187994346,-0.0004241786026504725
14.8683500289917,-1.3595863808976918,2.040622631809918,-9.475520535856644,-0.07908573344486935,-0.031699974687210766,-0.37850322455285335,-0.6110739345196646,0.17394504717427864,0.16526243660633544,0.0004687731950649323,-3.1412156560661955,-0.0002974817802149052
14.87639331817627,-1.1268091751222389,2.0720309819105114,-9.459371426822374,-0.07723673093131886,-0.027689872217955894,-0.3797979743187946,-0.6110685577188649,0.17393521270176093,0.16522123439619874,0.0005455924146433111,-3.141260503133133,-0.0003307119796706804
14.884219646453857,-1.1624625696570599,2.201772279515015,-9.331660861462186,-0.08001885956427689,-0.028840351006479213,-0.38043398034820086,-0.6110846463923831,0.17396772715979558,0.1652402544955815,0.0004953249337617473,-3.1411327870898837,-0.00036578126805378807
14.892199754714966,-0.996136405012241,2.0260380721568216,-9.504743564673149,-0.07660988830014892,-0.026073165892699004,-0.3802388187692314,-0.6110937610572721,0.17394496803146678,0.16523054670771214,0.0004957278231994145,-3.141111369095513,-0.0003985222243869388
14.900306940078735,-1.101557700889825,2.025052504763481,-9.367236705314705,-0.07884239788238026,-0.028117332337450347,-0.38433178638036847,-0.6110618017307731,0.17395905063978787,0.1651629426871801,0.0004901352701248784,-3.1412120545870494,-0.00035618504462543537
14.908328533172607,-1.3192852911993482,2.091605939214691,-9.312750771075935,-0.07841046670717104,-0.03171943701051824,-0.37465342127409007,-0.6110826928371068,0.1739603696639714,0.16512579380791637,0.0004646555063396044,-3.141173009721522,-0.00036693656715570597
14.916351318359375,-1.2054951312370794,2.129293768993998,-9.418380721343874,-0.07961404464727902,-0.03186649849895788,-0.37692838769160386,-0.6110930582725436,0.17395388576237145,0.16512015438052433,0.0005486331386137027,-3.1411524162094593,-0.0003323552508802253
14.924277544021606,-1.3847559654737245,2.086622872322869,-9.401869616531663,-0.08038287994374456,-0.03627326586664928,-0.38205447450348706,-0.6110760247140848,0.17394498362756214,0.16506924047126836,0.0005048235818361181,-3.1412239920892557,-0.00032371749600895586
14.932236194610596,-1.4012263113550716,2.306323594077101,-9.434566023949847,-0.08367662550053656,-0.03542335634507916,-0.3783584233263358,-0.611089247427645,0.1739541268900214,0.16505268626125955,0.000498643077719856,-3.141178210510089,-0.0003479261350349888
14.9403555393219,-1.3704743650062943,2.078850735171008,-9.479848549802274,-0.07806997339284372,-0.03479941334864742,-0.36919629512077073,-0.6110760736708546,0.17393146423492983,0.16504125468085581,0.0005492240798506896,-3.141166949584769,-0.0002915589965027761
14.94821810722351,-1.4248978062143889,2.102989796474622,-9.479867313556252,-0.07991751436209857,-0.03352233317788293,-0.3772556817084332,-0.6110841745119322,0.1739637797001499,0.16503227438060603,0.0004350828672364846,-3.141120567252836,-0.000322354803593883
14.956289768218994,-1.0982716107832926,2.233020067503941,-9.2528792298468,-0.08268272163780449,-0.029788870364932836,-0.372458967943001,-0.6110638335461377,0.17395228691784032,0.1649265450764172,0.0005049386130024885,-3.1413044323088903,-0.000291131327631012
14.964235305786133,-1.057691641457409,1.989719453079712,-9.335838448836089,-0.075858204754207,-0.026114098116806688,-0.3754669907245474,-0.6110739981555205,0.17395372513340304,0.16497240315488826,0.000480696441575007,-3.141163057743427,-0.0002996015081307927
14.972226858139038,-1.449598247835114,1.990936397743588,-9.35103728729333,-0.079357594166347,-0.03398616307280185,-0.3788977261400312,-0.6110790541804,0.17392407085165099,0.16491710464348233,0.0005017546536543259,-3.1411718603661294,-0.0002913043377937182
14.980481624603271,-1.4775367466547902,1.9974784154716276,-9.511389372928203,-0.0755180945708372,-0.034301635304765855,-0.3799231297136584,-0.6110896001035491,0.1739638963648634,0.1649208212732146,0.0005053670327698414,-3.14116062210061,-0.0003314822578556002
14.988427877426147,-1.322046431581435,2.194887576554707,-9.438924894973477,-0.08205851193612987,-0.031068581583489054,-0.380080704950603,-0.6110961923578726,0.17394682241112483,0.16491093565945414,0.0005338547084680422,-3.1411128133990722,-0.00041307184503596735
14.99632716178894,-1.459299653992343,1.8437029636630855,-9.634615740800736,-0.07365413190588026,-0.03338613236482249,-0.3760099052901095,-0.6110688985459386,0.17392588921353802,0.16483375438217676,0.0005273998938698507,-3.1412236536508806,-0.0002681509874926497
15.004248857498169,-1.317489098963374,1.7173587681343851,-9.556544903014013,-0.07192682828641513,-0.03285540504757219,-0.3792667948049434,-0.6110909644277951,0.17395345379798283,0.1648662050707574,0.00046973779554157177,-3.141083090708011,-0.0004080180150793321
15.01233458518982,-1.4381094364698115,2.116516034944507,-9.53202007106018,-0.07898099274520831,-0.03601237621088904,-0.3782952319347122,-0.611078344435937,0.17392792730261072,0.16478579015225164,0.0005527596962429502,-3.1412246593789983,-0.0002683487986132125
15.020376443862915,-1.1591387307886736,2.361790498132363,-9.455261001663168,-0.08400757380244289,-0.030473745730178546,-0.381107168856997,-0.6110759408537924,0.1739690108694187,0.16477762975084198,0.0005278317113933026,-3.141184910848186,-0.0003299684474732037
15.028501987457275,-1.5033272513172748,1.8752590505289568,-9.430718041789277,-0.07374456613051902,-0.039173348966391894,-0.38511569831384385,-0.6110707467407923,0.17394821958783221,0.16474255429294235,0.0005485266478986783,-3.141203750526497,-0.0003060142960094536
15.036473274230957,-1.2457380966684908,2.3498486421002065,-9.375925149233499,-0.084923019142399,-0.02967706188081189,-0.3799242807320676,-0.6110695165375093,0.17395184325387444,0.16470901857783077,0.0004779354256610489,-3.1412071654081646,-0.0003237685221709563
15.044530868530273,-1.383519705767839,2.2329571816246894,-9.404531940553857,-0.08126969316727439,-0.034853238314939174,-0.3808946276158601,-0.6110789202190604,0.17394295783479002,0.16468173149859733,0.0005048962276634644,-3.141232688395822,-0.0002735677863361682
15.05422854423523,-1.2240333471742426,2.334541784096764,-9.559001880906271,-0.08636430488442863,-0.02945178156985452,-0.3839009987520453,-0.6110928833002951,0.1739471837165603,0.1646926767825513,0.0005555070674293881,-3.1411607178117733,-0.0003257724220259277
15.062244653701782,-1.2400295965062378,2.0381723605062843,-9.422389464407736,-0.07712592011869711,-0.030093240231990174,-0.3781226849096956,-0.6110684956444434,0.17393940132712132,0.16464402324732416,0.000536559820017688,-3.1412205117140872,-0.0003115655801210491
15.070218801498413,-1.4980499327704353,2.1503163456440837,-9.421139077760788,-0.08092873107618676,-0.035102577469123084,-0.3814428868355309,-0.6110624554591182,0.17393430004755625,0.16458934957495758,0.0005563325951262124,-3.1412742957708226,-0.00023735855052190322
15.078409194946289,-1.1742069517910814,2.075646967456968,-9.500588375404286,-0.07946534416600778,-0.02678851531845623,-0.3817131886397177,-0.6110869436211335,0.17395169238234562,0.16461282079409123,0.0005110322474882735,-3.1411703996719,-0.00030281110495677146
15.086513996124268,-1.1888954266898368,2.1015734680163685,-9.50110023658512,-0.07850611685900949,-0.03116656121755038,-0.37965265892379874,-0.6110581449426173,0.1739576920778803,0.16456955870946138,0.000525889043135206,-3.141219502983468,-0.0003246063160219973
15.094363689422607,-1.4686801208192604,2.064485334282194,-9.553417234788244,-0.07964976871056569,-0.034794242535785044,-0.3777137489765868,-0.6110912238844134,0.17393207472798666,0.1645466029140073,0.0005962348942317016,-3.1412200201931606,-0.00028184560534135324
15.102199792861938,-1.4938373330507055,1.9058146005205459,-9.453177398802307,-0.07787761340720067,-0.03584287947797577,-0.37101009996024953,-0.6110780532104685,0.1739550287767654,0.16453601916830773,0.0004947884976081655,-3.1411435548597795,-0.0003599149109009657
15.110222816467285,-0.9914884084379665,1.9949517299114856,-9.474720211593748,-0.07659615426551541,-0.0260083578464747,-0.37816603450684205,-0.611069367632202,0.17394529438650214,0.16446064564577625,0.00048746378122188123,-3.1412610883840726,-0.00031898164026182167
15.118221282958984,-0.9698775301397948,2.1972168732830935,-9.392853863143563,-0.08272885489548859,-0.027121504779339573,-0.3812172818643291,-0.61108368751645,0.17395105007242334,0.16445740533298475,0.00047518449613204405,-3.1412023380025147,-0.00033888738638569504
15.126293659210205,-1.5919831073615653,2.265701257479362,-9.526345089159554,-0.08502049105180397,-0.04016539191122635,-0.38133261825081516,-0.6110917530064335,0.17394364914367383,0.16445829820094726,0.0005468088014247854,-3.1411343623547108,-0.0003070959064277996
15.134230613708496,-0.8948565799993039,2.2342761974603733,-9.239862200186879,-0.0810252814278413,-0.024577723136892188,-0.38147196566956737,-0.6110936300369968,0.17393183600940465,0.16438963473100476,0.0005786576332794705,-3.141194697732533,-0.00023494388658113044
15.142369031906128,-0.9739749315350489,2.3175849318318598,-9.421498104826147,-0.08722691555600694,-0.025008843256715662,-0.38006555643352946,-0.6110839977999909,0.17396770431170389,0.16434668227969712,0.0005088522393765946,-3.1412046003964633,-0.00023369720772243872
15.150287628173828,-1.3090451259833868,2.2949096698023994,-9.449592930204062,-0.08439450171845471,-0.032796531854043076,-0.37955678041817487,-0.6110590272524177,0.17396892614550763,0.1643139301315849,0.0004370698194032452,-3.141278330339372,-0.00022182822258051435
15.158313035964966,-1.0126258752121058,2.197466636213254,-9.34855726791936,-0.0810947639582075,-0.024328578989405783,-0.38748120966627075,-0.6110868650626793,0.17392716918991424,0.16432023085159503,0.0006255782468677421,-3.141190626133162,-0.00022345588616193532
15.166370868682861,-1.0924408759868636,2.514251839734806,-9.379062703773528,-0.08994800155101813,-0.027187994439928972,-0.3790902986303495,-0.6110817375365457,0.173949605174192,0.16428227556886693,0.0005414833357520019,-3.141221849385744,-0.00031976123929077676
15.174458742141724,-1.497160356552883,2.17417116513371,-9.452026804107964,-0.0815594472307449,-0.03820203099891166,-0.37724444914238786,-0.6110663519028815,0.17392851353031988,0.16421515928917257,0.0005050454638148657,-3.141305662251513,-0.00018986831252453885
15.182408571243286,-1.4534088186069223,2.1477018958589813,-9.350994872012349,-0.08091047325610624,-0.03738234497134395,-0.38160000808519806,-0.6110817987940352,0.17395350266378282,0.1642420511053039,0.000516582112127839,-3.141202863210474,-0.0002120785395316688
15.190598726272583,-1.4441455594623842,2.314927902413687,-9.404225008269663,-0.08619912790027293,-0.038699842979384655,-0.37716493659609895,-0.6110685166016397,0.17396202223082208,0.1641907966787646,0.00046474493955869285,-3.141259879412538,-0.0002790577087843868
15.200413227081299,-1.1617212157823378,2.496050963905351,-9.47250274452369,-0.0900240250921467,-0.029431037593922647,-0.38450783447900483,-0.6110929714857891,0.17396226649519525,0.16416786335793077,0.000627723180977236,-3.1412206801984435,-0.00029024830509360034
15.20834732055664,-1.2214777066008677,2.125901437727868,-9.46729428214491,-0.0794849182721573,-0.028453858639649183,-0.376125992752256,-0.6111015396984608,0.17394560758975758,0.16416417065437933,0.0005498923118247397,-3.141147396107649,-0.0003354624983230548
15.216432094573975,-1.264520267356484,2.2831368840171917,-9.366035727521286,-0.0868948506148944,-0.0314647456702717,-0.38047221392378255,-0.6110820770136116,0.1739813860434976,0.1641032882191698,0.00044654423923909327,-3.1412336497951605,-0.00021321300852592464
15.224263668060303,-1.267223084568305,2.329893791243892,-9.489087496773298,-0.08466948561452511,-0.029352534482416818,-0.3770403774655559,-0.6110785636806717,0.17394865461125356,0.16406395654238606,0.0004945037570300939,-3.1412499920775967,-0.00026990030437313304
15.232332944869995,-1.114930749079237,2.1304480498879546,-9.422357073610153,-0.07779214235733872,-0.03061961542814363,-0.3776290496774322,-0.611068753627863,0.17393454203132333,0.16403454345180185,0.0005783123762291771,-3.1413029324180037,-0.00017556403036978404
15.240319013595581,-1.4692734834133478,2.1112453313613595,-9.325745105098859,-0.08038480855848892,-0.03704553505372693,-0.37791406716126646,-0.6110803933753867,0.17398952907258577,0.16406940699991862,0.0004027323155176072,-3.1411926582269816,-0.00029639887518568127
15.248296976089478,-1.1261535925411879,2.3290073122220747,-9.364306219315122,-0.08349131511247519,-0.02810992867827565,-0.38454127266568766,-0.6110835869220715,0.17394861608922071,0.16405270765340685,0.0005785393003678985,-3.141172205041039,-0.0002933744819891291
15.256400346755981,-1.2142464483678923,2.2242104438297408,-9.46763026557709,-0.08227991921258926,-0.03152818181783487,-0.37332463516823927,-0.6110945430501393,0.17395863864293207,0.1640082346264574,0.0005140021823713388,-3.141169959768206,-0.00031413949187744314
15.264289140701294,-1.3869822299060133,2.0736799540944095,-9.39867666966467,-0.07817338024098495,-0.03290653165863688,-0.37829343505362,-0.6110985149919033,0.17392518148181457,0.16398685714289382,0.0006249839648573102,-3.141124888155782,-0.000337313702010337
15.272310495376587,-1.3991369937445435,2.2516482088975294,-9.452029543106814,-0.08191270284388454,-0.03422185848358569,-0.3756086282567343,-0.61109786831884,0.17394316036069715,0.1639844055776415,0.0005530537055310879,-3.1411294198076023,-0.00034715277986615883
15.280296087265015,-1.0517762664209418,2.501484530308001,-9.505477804915383,-0.08692219166171623,-0.02773090233171089,-0.37982167354660745,-0.6110662547807622,0.17393851079970557,0.16387744794793058,0.0005172830879421738,-3.1412961614588824,-0.00017844565973645668
15.288273811340332,-1.3880161152436958,2.0981492872348233,-9.494738342392148,-0.08154593451193126,-0.03198894583414069,-0.37608199976618617,-0.611092939549877,0.17392548393648755,0.1639258913613066,0.0005658320956629638,-3.141151907350177,-0.00031980825640484266
15.29631233215332,-1.1554701432884051,1.9575583628947644,-9.511520467218594,-0.07488883988756478,-0.026815624594451016,-0.37789274290363695,-0.611068481376452,0.1739646192562695,0.16382182827698066,0.0004840534866211465,-3.141272360185159,-0.0002700755619093612
15.304373741149902,-0.9326411141131935,2.4415275128423857,-9.3031395088372,-0.08632582707020604,-0.02317985159018152,-0.37913400533257907,-0.6110816169246647,0.17392527415580747,0.16382701088852425,0.0006538031582832422,-3.141220517475424,-0.0003188681959160274
15.312390327453613,-1.0854295033035117,2.3039926942415634,-9.524655410385408,-0.08389679002488794,-0.024386784859164255,-0.37985215267205125,-0.6110788324792236,0.1739379286439763,0.16380760020738871,0.0005375224630963817,-3.1412152709880563,-0.0004041053204312355
15.3202805519104,-1.4461797790725528,2.07407005773661,-9.543885850891348,-0.07969011821483327,-0.03440275357173079,-0.37236888598621604,-0.611082147324001,0.17393110058128697,0.16380124018559045,0.0005622547228088543,-3.1411835364444127,-0.0002474487715724205
15.328362703323364,-1.3483783490077452,2.3102148537868934,-9.499064641705168,-0.08534219015243089,-0.030589669371472082,-0.37679253410401214,-0.6110793544944513,0.1739241817854551,0.1637649575506853,0.0005458511083393372,-3.141180146456842,-0.00030876765727054164
15.336359024047852,-0.9770643072619024,2.453077352875467,-9.432427989335917,-0.08940008756579226,-0.028255298809141863,-0.37993403276126086,-0.6110841364456453,0.17392744721364603,0.16370159167480197,0.0006230194286154943,-3.1412541505518243,-0.0002103265560217964
15.344322919845581,-1.256025352801941,1.9378733716248637,-9.375169144240331,-0.07484765632297162,-0.03132016287197279,-0.3784306939115653,-0.6110663252481102,0.17394102109890325,0.1636794218431713,0.0005141216628456102,-3.1412615579840524,-0.0002036304079092944
15.352412700653076,-0.9968048904707298,2.205354453949871,-9.415543538549244,-0.0817354130069128,-0.025000243276079828,-0.37565134684507395,-0.6111110360956643,0.17394836002223524,0.16371517102558583,0.0005527979707432766,-3.141128815784399,-0.00037203665220756087
15.360422611236572,-1.265901215292303,2.0901847225765904,-9.49748151446231,-0.08185730262430065,-0.02989580556657671,-0.37994229840342064,-0.6110787396342445,0.1739672128026334,0.16366596623540572,0.0004938536339691912,-3.1412043322726078,-0.0002856473888706484
15.368316888809204,-1.484473417288472,1.9401599014681987,-9.380060202660138,-0.07674573601610561,-0.03621499119604144,-0.3714350314530601,-0.6110701992254561,0.1739451011633688,0.16362671640384763,0.0005595827810070381,-3.1412258746657553,-0.00026695259644729866
15.376349925994873,-1.124185702845315,2.007505969778084,-9.585314969576489,-0.07712603734031157,-0.030062207484793373,-0.3805391514988257,-0.6110830547128121,0.17394165029532646,0.16363309538886833,0.00045114967797080306,-3.141194346699551,-0.00031608673274233483
15.386398315429688,-1.5048627737914755,1.9372457903243487,-9.629261313992666,-0.07700867207653336,-0.03721609358552429,-0.3722865534258387,-0.6111111807708383,0.17395217744519562,0.16364821453002232,0.0005589064064528914,-3.141083187501462,-0.0004237939808422978
15.39445424079895,-1.432959379698474,2.1895281342889747,-9.482384177108246,-0.08108999161497188,-0.03410910365332925,-0.3820581661398588,-0.6110866913766074,0.1739563400547221,0.16357704376023782,0.0004838866105614722,-3.1411465120622575,-0.00032597600577890406
15.402328729629517,-1.480114137211723,2.261000685631169,-9.561574278033625,-0.08457740594421705,-0.034865718336907256,-0.3839695013509093,-0.6110650969706253,0.17393763257000824,0.1635032892208576,0.0004906486513809402,-3.141265223981536,-0.00016116879035242104
15.41046667098999,-0.8686966115943985,2.4997662547716786,-9.480630631463894,-0.08860611845270842,-0.02032573931344335,-0.38128031777390936,-0.6111040637873543,0.17394258174031368,0.16352950009849027,0.0005864256901153743,-3.141129752054905,-0.00029519478477860954
15.418278694152832,-0.9854605931588883,1.934276498847222,-9.360552072660944,-0.07426487124000664,-0.023203428298227732,-0.3838078132366554,-0.6110935103623598,0.17393181444008327,0.1635182176707894,0.0005111105418165437,-3.141135187813594,-0.0003055148296679509
15.426412105560303,-0.8977003408668944,2.035698104835536,-9.307033675647737,-0.07834149676102595,-0.024662259895215657,-0.37936413742941266,-0.6110711168997107,0.17397261783355614,0.16346644678642624,0.0004605351403464453,-3.1412117884783997,-0.00034875349545951645
15.43453311920166,-1.1563021444890629,2.1969920123449107,-9.54388102729068,-0.08148650273791849,-0.03082978008669446,-0.3849531662616074,-0.6110968454356764,0.1739606333223068,0.16346435267985276,0.0005053181116133575,-3.1411477464113524,-0.00045265113330887727
15.442600965499878,-1.3963310473014163,2.3462240710290665,-9.576685344515633,-0.08684851292710502,-0.0337078864384023,-0.37341575967504037,-0.6110783341083095,0.17393437737765544,0.1633911587266667,0.0005237839357158596,-3.1412106145464316,-0.00026965269621381587
15.45022702217102,-1.3797216834155235,1.782153065548371,-9.593125029576651,-0.07422307295703645,-0.03057806505243116,-0.37627146062982875,-0.611066743411643,0.1739486457438114,0.16335001413777098,0.00045300415949982303,-3.1412461075957934,-0.00024547667914637044
15.458293676376343,-0.9238133539036998,2.2435279961007457,-9.458417453385726,-0.0833420417519137,-0.023190533114339423,-0.37865695267424654,-0.6110614790124168,0.17393957572060678,0.16332835275110846,0.0005178013117043019,-3.141240700900269,-0.00019952393810594593
15.466293573379517,-1.3188289226408716,2.040854406047206,-9.595444301539189,-0.07837057715889444,-0.030883204676395035,-0.3829647251468585,-0.6110644245316135,0.17395083044182763,0.16333037887810867,0.0005627602992386823,-3.1412608450670674,-0.00033534233786814153
15.474457263946533,-1.1406633685967078,1.7528501538089474,-9.500447080982285,-0.07247529004096998,-0.02705514234029595,-0.375405167065692,-0.6110787489157764,0.1739351075894449,0.16326218143427612,0.0005472950058728349,-3.1412399981368426,-0.00026605350976903404
15.484415531158447,-1.3135974551375054,2.007281103063197,-9.478555337034326,-0.0790527298906424,-0.03207647003077637,-0.37907296480982305,-0.611079692898658,0.17397213109818233,0.16328155712141673,0.00048643531918368893,-3.14122125863249,-0.0003015218572845828
15.492156267166138,-0.9917949659430277,2.1470961884253574,-9.274018598072821,-0.08016667940488394,-0.024736648115945774,-0.38643829854726064,-0.6110888397572841,0.17394176306584716,0.1632859590890427,0.0005273483102402149,-3.141104864751196,-0.00039000137761909903
15.500280618667603,-1.3496800023468547,1.8951173257291463,-9.421772186937398,-0.0728934729635282,-0.032087348512102654,-0.3752964675111147,-0.6110825953040083,0.17391328326569372,0.16319365029983157,0.0006064877385095416,-3.141212433360031,-0.00032225873489652185
15.508280992507935,-1.363127293022428,1.9359236343445416,-9.34531972313481,-0.07502650361702337,-0.031212315589139065,-0.3755816130227726,-0.611092573249827,0.17393886040917783,0.16319993456980775,0.0005159501997605785,-3.1411592245989937,-0.0002785669376892603
15.51624870300293,-1.1824425636844267,2.0476681062828224,-9.448156477845563,-0.07751664835129533,-0.030534450093572925,-0.37924224351860586,-0.6110771646723084,0.17393379723146352,0.16315716673159325,0.0005216567697697709,-3.1412156644156815,-0.000318991723882891
15.524334907531738,-1.317297094038685,2.406608773898092,-9.436361423847403,-0.08366992715889175,-0.03503076719490393,-0.3770552261989304,-0.6110899435997936,0.17393375205553763,0.16315391012984443,0.0005685425683671581,-3.141173434190701,-0.00038951405607467234
15.532308578491211,-0.9681403313841869,2.301269818428716,-9.386504767116737,-0.08648985827380208,-0.027763216091575883,-0.3830178592992893,-0.6110837739651576,0.17395683612832646,0.16309253118987813,0.0005683509564346064,-3.1412023975787102,-0.00032145125161300094
15.540294408798218,-1.800868180402423,1.7523675723965944,-9.58533994441625,-0.0733745838161197,-0.04111297002129805,-0.37660912582931755,-0.6110689783182877,0.1739275843721724,0.16304204144267048,0.0005379396256111805,-3.141272095398664,-0.00025506752523352593
15.548324346542358,-1.4154309253078263,2.0368633431576915,-9.490532199065104,-0.07670957018077437,-0.035161956816785155,-0.3762723746690215,-0.6110859604404522,0.17396632172811996,0.16305241030221565,0.0005374038277313944,-3.1412093136449277,-0.00031513952142897046
15.556315183639526,-1.499976435457483,2.3395571244751765,-9.389831109547796,-0.08813705420356274,-0.03270482094242061,-0.37632265685014515,-0.6110553819002749,0.17393635798484117,0.16298882161632194,0.0004926808144856303,-3.141260836243203,-0.00028612960695228063
15.564282894134521,-1.1436330394621648,2.0362823366200837,-9.541736626863075,-0.07861238539044606,-0.02815325610220889,-0.38143043145377603,-0.6111076201387153,0.1739540373046514,0.1630394134540421,0.00047510819031982725,-3.141085855229803,-0.00040942222320653577
15.57231068611145,-1.2518451107799278,2.031389497953223,-9.487466244574778,-0.07845477163628617,-0.027329105639003273,-0.38435451145762256,-0.6110892974598434,0.17392768445398193,0.16295043914178167,0.0005966728233234312,-3.14123034810713,-0.0003398731061163053
15.580357074737549,-1.074105703458727,2.1611769760832535,-9.549224977815518,-0.08047925660611312,-0.026693871829521595,-0.3818326670989403,-0.6110900638337098,0.17398648110781073,0.16295778819251455,0.0004625539131741335,-3.141133562567545,-0.0003897343118705723
15.58854365348816,-1.0438694611074162,2.3001340895030293,-9.56010202016523,-0.08402675702472501,-0.023898062860970765,-0.37921742529842484,-0.6110764131649936,0.17395459674853028,0.16290842724011184,0.0005249534277864584,-3.14120199044822,-0.00030496944988378814
15.596240997314453,-1.368825243837012,1.9914054344678676,-9.491835984304052,-0.07644712498612405,-0.03454475175968999,-0.37539981199580585,-0.6110805110061501,0.17396882454978654,0.1628862442111747,0.0005000503945291927,-3.1411676139211346,-0.0002967162830090272
15.604300022125244,-1.1195305524567307,2.3405603269563544,-9.419273745546858,-0.08603388814004816,-0.026970944083428563,-0.37781884844429,-0.6110781854791386,0.17396150979096878,0.16287469263899834,0.0004627879507669879,-3.141172663797434,-0.00029226981557975613
15.612348794937134,-1.3828486499443413,2.134979349633767,-9.392944632794942,-0.07918447289881894,-0.03330057267504614,-0.37610748635107866,-0.6110682113907667,0.17396234199497318,0.1627984645534285,0.0004495382240666437,-3.141281604698073,-0.0002508326205277508
15.620278358459473,-1.4659658783578617,2.2454421519079384,-9.407922319482486,-0.08320650306736675,-0.033923564086881845,-0.375331831160392,-0.6110906469682101,0.17395830737689338,0.16279477102803433,0.00044519084747408736,-3.141179735133755,-0.00031230741604091765
15.628477334976196,-1.1915486298866977,2.1736885535002592,-9.483027207562293,-0.08021337034367923,-0.02753979431755405,-0.38226177544056866,-0.6110875162937207,0.17394712537741888,0.1627855470139537,0.0005100242940649453,-3.1411607938104895,-0.0003217554680337351
15.636282205581665,-1.0625622374882293,2.1584484472791767,-9.473761698630767,-0.08119298105007333,-0.023694261264122243,-0.38013027913639047,-0.6111082610176978,0.17391206419320662,0.16277846500014598,0.0006204003262423208,-3.1411246730999127,-0.0003075714724703566
15.644421339035034,-1.2302206381438363,2.3441002963359363,-9.331718275252637,-0.08570850485153564,-0.02918632640724564,-0.37908639249188764,-0.6110745104523945,0.17395231900250832,0.16272074235002704,0.0004904159193617529,-3.141221764331357,-0.00032008127236123
15.652297019958496,-1.1066215720130252,2.007778718009467,-9.398631799998403,-0.0759931077665041,-0.023257902795181598,-0.38426070885298347,-0.6111014261131567,0.17394213068155262,0.1627206735917388,0.0005492593549262664,-3.1411532306979146,-0.00035583677780199984
15.660471439361572,-1.1060783760451764,2.088537199997299,-9.453745713645535,-0.07896437395239193,-0.03008761155458042,-0.3769825133060436,-0.6110754348981325,0.17393593447973443,0.16269795326502884,0.0005431911338553538,-3.1412304431445652,-0.0003276872710077308
15.668277025222778,-1.1556728833838479,2.0566097353880655,-9.322587906543719,-0.07692061534649329,-0.028796850744799107,-0.37856591082897645,-0.6111005124720892,0.17396653275588278,0.16269501703063255,0.0005312102660187369,-3.1411293188383045,-0.00040401720700463387
15.67637848854065,-1.2380853078805991,2.099693203342732,-9.446583972039848,-0.07782943771378992,-0.02805032001800619,-0.3854930641796184,-0.6110996331291072,0.1739464582918495,0.1626869926975179,0.0005060925132528601,-3.1410925548074897,-0.0003114088453781467
15.686369180679321,-1.2936882025480312,1.9015453436171743,-9.562832940329473,-0.07522839875117981,-0.03207011209129805,-0.3769869063542884,-0.6110865898553479,0.17395175042973604,0.1626160670446153,0.0005694302154937206,-3.1411980635228365,-0.00036933878141269137
15.69429349899292,-1.1734912051129096,2.3808368198104186,-9.312766279756016,-0.08479114963482126,-0.0270089121659757,-0.3882693388467645,-0.6110813682334683,0.17395610089265848,0.16261107173204237,0.0005239668803652836,-3.1410996125638877,-0.00033283449879897674
15.70230484008789,-1.4177823445496764,2.0446062257367297,-9.469163525845403,-0.07793751561549894,-0.0340109411775694,-0.3777346112075523,-0.6110774617369589,0.17394337409031627,0.16256782746040974,0.0005135303220215334,-3.141169715132611,-0.0002969554507381329
15.710415124893188,-0.8931098053661897,2.471295472641059,-9.401912784543956,-0.08837778042935145,-0.019254624521729834,-0.3820376885021973,-0.6110793820485512,0.17394369116204236,0.1625187882002237,0.0005457933020642618,-3.1412483952673864,-0.0003099072935091611
15.718398094177246,-1.332220251944168,1.9784422856449289,-9.521718925759238,-0.07719259337057852,-0.03319495345821722,-0.3769360146079345,-0.6110883542076424,0.173931841838786,0.16253309949072964,0.0006229359973107828,-3.141138364505068,-0.00032065071881371457
15.726393222808838,-1.153044489922341,2.0241231180383608,-9.570133913335493,-0.07674627462619714,-0.026936587381803052,-0.37581280943827844,-0.6110811693991475,0.17392335397653538,0.16247500530617467,0.0005087382942746167,-3.141202126927292,-0.0002897151640878167
15.734435319900513,-1.0412392030557107,2.1100013151270343,-9.42159746432741,-0.07883721009758138,-0.025890049339061066,-0.38066681758450516,-0.6110890678052533,0.17395002854315936,0.16247263630147363,0.0005211160147327452,-3.1411698062953564,-0.0003961424207008389
15.742311477661133,-1.2677911947004321,2.223454763931607,-9.474632983370777,-0.08154150569875544,-0.02701346675454907,-0.37687018555949947,-0.61108287534316,0.17396814666162905,0.16244765312595372,0.0005029040271682491,-3.141146223935869,-0.00034157641267363594
15.7502760887146,-1.2656058952528697,1.8899510857414075,-9.661648317491856,-0.07557318736467278,-0.033122237674690067,-0.38300323539062553,-0.6110839426964778,0.1739507585147999,0.1623846467232093,0.0005097113275792827,-3.1411666278546573,-0.0003176554485216202
15.758310556411743,-1.6800020758202503,1.786452322582529,-9.475524277217946,-0.07137066922073018,-0.03886728375389633,-0.374971192244731,-0.6110901263327143,0.17395995623213953,0.16237955364418644,0.0004844246444401016,-3.141140684952675,-0.00030019978544668216
15.766371965408325,-1.2037475537644915,2.2837445766828544,-9.54214201762667,-0.08164443043430451,-0.03192833478019251,-0.37965967290539426,-0.6110711157486901,0.17393341062174666,0.16228509157382143,0.0006009198199501923,-3.141280142507277,-0.00024314398155507718
15.774256467819214,-1.4048614162833966,2.156773182194501,-9.687831376643883,-0.08322281230409143,-0.034423589600546804,-0.3832792193705136,-0.611076659873322,0.17394205055331666,0.16228056318729112,0.0005042118124562153,-3.1412003792997116,-0.0002150986472382438
15.782381057739258,-1.275107882439847,2.0590506775798736,-9.806707795046064,-0.08183144326464671,-0.03245775523138185,-0.37477153134239927,-0.6110781770125979,0.17393964196598546,0.16226516997992724,0.000529997601190116,-3.1411912361564163,-0.00021477767535224207
15.79034161567688,-1.321806628221631,1.7621191128854,-9.636366363564528,-0.0727292132519186,-0.030146920829605822,-0.37844505754740476,-0.6110866448682368,0.17397843890030976,0.16224305974230574,0.0004402357071695869,-3.1412202263729028,-0.00032872001668948986
15.798378467559814,-1.2634034705368078,2.099412800841945,-9.719488417878,-0.07881171094630722,-0.029763839673129507,-0.3789713044059714,-0.6110863192607044,0.1739625972101706,0.16220728929952677,0.0004664132973236807,-3.141199685363891,-0.00027982035194230946
15.806434154510498,-1.2988874145149911,2.0157828696952764,-9.47690606892042,-0.07761670105411828,-0.03324749235701223,-0.3754793382330235,-0.6111028318185886,0.17393743963565336,0.16220474587321954,0.0006411714193090582,-3.1411817829024633,-0.0003522094841634467
15.814314842224121,-1.5286760456636534,1.9861950769338448,-9.388406530182353,-0.07768159582727338,-0.0338315543337295,-0.37848729378279716,-0.6110799254244657,0.17393627889467198,0.1621756000326391,0.0005904691462910541,-3.141225894020092,-0.00029972284161375513
15.822373867034912,-1.1389516701229216,2.461006592244992,-9.442086640400943,-0.08826076566295439,-0.02665618584534272,-0.3873950001925833,-0.6111103566058578,0.17392712234647534,0.16216330191791872,0.0005716018737097913,-3.1411532161441715,-0.00033112421223562455
15.830249309539795,-1.3661207872130083,2.0685041180120276,-9.576143248646638,-0.08281641228224514,-0.031296482550122566,-0.3772699806713508,-0.6110809574300176,0.17394842680085415,0.16213708909865032,0.0005329082225235786,-3.1412107342877995,-0.0003641064057678561
15.838313102722168,-1.1633321636399814,2.2496134878106036,-9.477366543147967,-0.08483477696509367,-0.029113654035730463,-0.3796742920576181,-0.6110950055644719,0.17397016411583882,0.16211800076280078,0.0005144805319099594,-3.1411802658290315,-0.00034441327416584997
15.846371412277222,-1.246788306082819,1.8339713574633076,-9.684918001239321,-0.07741321468442129,-0.02980948632906576,-0.38250082213576175,-0.6110900088800328,0.17394328262821349,0.1621045484682747,0.0005666401592520965,-3.141167164105759,-0.0003395436287057348
15.854365587234497,-1.2845302058684818,1.8654016969759124,-9.58888126456805,-0.07647945555609822,-0.02687435258239929,-0.3797622917867494,-0.6110934815703657,0.17393966438849695,0.16204564102838875,0.0005460714962823855,-3.1412028241567254,-0.0002609130253647842
15.862375020980835,-1.1263340070622747,1.964621294813692,-9.711459245781562,-0.0788180282681849,-0.02800189128254916,-0.37785114476090553,-0.6110963614982345,0.17397114084739862,0.16205375325697896,0.00048302914781543654,-3.1411383499402983,-0.0003855358621140629
15.870293855667114,-1.014497414613057,1.9427286221255915,-9.551378950685011,-0.07657017223146416,-0.02299365482276879,-0.3814848231489138,-0.6111122799819465,0.17395367093325276,0.1620481022100418,0.0005677660489699498,-3.1411155963423747,-0.00036037245743325216
15.878227233886719,-0.7666724625818598,2.215109625162095,-9.579496700281735,-0.08169913410974068,-0.021942260644716105,-0.38089932514506086,-0.6111063333602352,0.17395318795476186,0.16200176700966937,0.0005734261405859493,-3.141131925403758,-0.0002521021173434235
15.886348247528076,-1.3485065359119321,1.9708305952824663,-9.687561186043073,-0.07440716691539322,-0.0350220881308406,-0.37477463312482207,-0.611087428096385,0.1739541717504425,0.1619694033148793,0.0005418665151615845,-3.1411503513691357,-0.0002800529218763567
15.894361019134521,-1.2739545309008173,2.303642849993083,-9.45306103257745,-0.08363664711682987,-0.0342128207613288,-0.38052442840466094,-0.6110985491969787,0.1739363758378799,0.16193907679506853,0.0005428598873260014,-3.1411905295469933,-0.0003699698955852747
15.902388095855713,-1.1094256944187677,1.9335871670825817,-9.466286865265364,-0.07592468731192266,-0.025401186529983893,-0.3820784317990483,-0.6110975531320255,0.17392709380171548,0.1619266802739921,0.0005820318215505964,-3.1411636917513763,-0.00025478004468729913
15.910249948501587,-1.5418185017938215,1.857484851145209,-9.586594458400736,-0.07529261201385022,-0.03772909499346474,-0.3759597148096765,-0.611105082155578,0.17396509958459297,0.16192372811863026,0.0004971608964946919,-3.141109074239438,-0.0003288828763239111
15.91844367980957,-1.2748169669469567,2.0377387965533167,-9.483193023022952,-0.07686265864695226,-0.03171190840207215,-0.3810261583849679,-0.6110946216199257,0.1739323295397069,0.16186687717261425,0.0005886920170139166,-3.1411937826618184,-0.00024244691430847366
15.926388025283813,-1.6406784048226128,2.350031981350287,-9.483259168270713,-0.08503628990379043,-0.03782626447276544,-0.37622811299268044,-0.6111000397854323,0.17396749162344952,0.16185788083444055,0.0005175453981138447,-3.1411335540102665,-0.0003421827831719649
15.934419631958008,-1.339234428799041,2.3606499846231954,-9.534868275132828,-0.08628143276117974,-0.03263765107068005,-0.3901203625887056,-0.6111009907499343,0.1739102066710714,0.16182564153984974,0.0006159406304755033,-3.1411619776843986,-0.0002755741445007372
15.942418098449707,-1.226887997037334,2.1896939288128285,-9.430986628881644,-0.080958748612551,-0.033160129758924364,-0.37367129356083867,-0.6111058648082545,0.17395926874292478,0.16182160619106944,0.0005696598670060684,-3.1411351952966178,-0.0003055669846814802
15.950240850448608,-1.6006389188467363,2.1072101692996674,-9.519357699384992,-0.07970508019470902,-0.039309468824334524,-0.37434089954986,-0.6111014236270482,0.17394389653180628,0.16179728032565482,0.0005452997481648342,-3.141153958712058,-0.00031827422346065
15.958442449569702,-1.279971094302161,2.0184767826775825,-9.55183910710463,-0.07498774055495992,-0.02926252432461623,-0.3796463429773125,-0.6110838908930865,0.17396722546435048,0.16179777413650467,0.0004549940474434537,-3.1411316986485214,-0.0003077410214070517
15.966413497924805,-1.5742169788894989,2.1792424617692334,-9.523345480093923,-0.08290482190694584,-0.039839303426035394,-0.37492387068266025,-0.6110867154824609,0.17396394476806057,0.16175265642034753,0.0005010500397017112,-3.1411724322221293,-0.00033091691287670305
15.974408626556396,-1.207029693277655,2.186405307234516,-9.527176787691284,-0.08178943231134023,-0.029123126029066655,-0.3828544117482309,-0.6110997866478382,0.1739393076556652,0.16173075610512377,0.0005913479380840138,-3.141158883905788,-0.00034178997617575894
15.982481718063354,-0.9322705484251042,2.471354032494073,-9.46327137670883,-0.08845337046140317,-0.02148022798000083,-0.3849240292326243,-0.6110850479564249,0.1739269259923882,0.16167538300903345,0.0005848172091984627,-3.1412344970183863,-0.0002553100159475978
15.990441083908081,-1.4712266481626697,2.1510649829541886,-9.251862525827622,-0.08182967266435355,-0.03608730830134434,-0.37923047939036836,-0.6111012815657978,0.17396477226467252,0.16169932858910166,0.0004817176185086131,-3.14114856813568,-0.00032707381140163245
15.998358011245728,-1.2318010858071884,2.1402978715369825,-9.39178552541001,-0.08393207961725728,-0.02643647279924133,-0.3846599805288452,-0.6110906658309732,0.17397608855668595,0.16170097007233794,0.0005210043843098064,-3.141134364630148,-0.00039034115692821646
16.00656747817993,-1.2438171353733043,1.8763516356873142,-9.407263003658619,-0.07202221018695885,-0.02859085102567737,-0.38485881660362986,-0.6110982286362462,0.17392530540488674,0.16168283104792663,0.000535180177038448,-3.141163507059158,-0.00032181500303034375
16.01645827293396,-1.3442306114312625,1.9748226276605283,-9.370465987654205,-0.07848167104085597,-0.03186676088415302,-0.37677182034398216,-0.6110883063278422,0.1739760222945231,0.16168135603037245,0.0004772727965135668,-3.141099735611807,-0.000295862681833456
16.026342391967773,-1.5321897546155947,2.0426330528873313,-9.371109666329309,-0.07762252227737095,-0.04013740613710604,-0.37922918363498515,-0.6110838131757725,0.17394630768140018,0.1616258662887155,0.0005345133946227142,-3.1411875137814023,-0.0003373102946283293
16.03425693511963,-1.2367463115930533,2.214677626701851,-9.3208621194981,-0.08147193451467058,-0.03194443658738178,-0.3806276041958778,-0.6111021498815824,0.17394798320203272,0.1616179893128839,0.0005536595287866221,-3.1411317852292284,-0.0003411469207879194
16.042375326156616,-1.2300572299011516,2.042922709769019,-9.414813409171444,-0.07821879328472041,-0.02731926004244155,-0.3804771488424544,-0.61110212374889,0.17399272874639876,0.1616104422107013,0.00044634418558671916,-3.1410804350655073,-0.00037601750809818936
16.050337076187134,-1.1674143457420036,1.9366763107417886,-9.328126239120483,-0.07663662984917428,-0.027285921586457578,-0.38022304500141646,-0.6111030828307598,0.1739321119996117,0.16156202874700515,0.0005628203254768088,-3.1411200775853634,-0.0002846277218609998
16.058318853378296,-1.1705066093280976,2.4015501181895487,-9.326873259219584,-0.08525638288511064,-0.027956587840645326,-0.3814033185511946,-0.6111077660451338,0.17396350294887256,0.1615615104558702,0.00048480492450093027,-3.1410600604147048,-0.0003783731690737487
16.066423416137695,-0.9018295104312392,2.537200879626832,-9.353286580010055,-0.08788713561667497,-0.020576999197171,-0.38468197923322434,-0.6110999307470769,0.1739597155283526,0.16153934437764883,0.0005118523095075945,-3.1410873706193003,-0.00032486794488780315
16.07439637184143,-1.4610172286986978,2.1656903241232786,-9.67917194706812,-0.08451014937616727,-0.03696101021535738,-0.37926800860639864,-0.6110797515258977,0.1739598857514093,0.16146241428221558,0.0005063764763435009,-3.1411228575254353,-0.00037433481436746494
16.082255840301514,-1.0747229778334373,2.3528106429803923,-9.493100037983009,-0.08768713908114253,-0.023942344701988454,-0.37278044089453866,-0.6110872623954581,0.1739516453239295,0.1614243546006131,0.0005307643318573225,-3.14117773582368,-0.00021932677240500974
16.092447757720947,-1.5117352341970554,1.9952458476777395,-9.51149987621572,-0.07710244948009264,-0.03699519111828269,-0.38190370346187735,-0.6110931004347442,0.17392912353933346,0.16140883078656773,0.0005448348786149824,-3.1411599672658115,-0.00029121836351989066
16.10046911239624,-1.2078122255073505,2.2002159436759143,-9.447127433325676,-0.08002440637023941,-0.029739557520921455,-0.3773500919657245,-0.6110826875229297,0.17395234972713863,0.16136443238482862,0.0005121513412220804,-3.141202106228419,-0.00024973146768152236
16.10819101333618,-1.3645691286457509,2.0536922067844947,-9.594420507112297,-0.07701263402562256,-0.03439521344704191,-0.3795667578561547,-0.6110789711797981,0.17393218825723372,0.1613228786818218,0.0005199723990892093,-3.1412508345935697,-0.00025094583415133056
16.116323232650757,-1.2976300566041916,2.117305742420966,-9.492315560310287,-0.07634686306567783,-0.02915820641068769,-0.3751207695301944,-0.6110800748396278,0.17397493175975365,0.16133195451558427,0.0005134065784586485,-3.1411371023881145,-0.00032405678530748254
16.12435746192932,-1.365425589921905,2.1432899758020807,-9.433869722397427,-0.07973904767289047,-0.0352784180410608,-0.37884996016021627,-0.6110918098978786,0.17394590905610233,0.16129624818504523,0.000540140151297199,-3.1411259270852696,-0.0002751497292819067
16.13228130340576,-1.5218573289718995,2.0695338002884176,-9.644420387663319,-0.07837691710977418,-0.035972899889769906,-0.37550281384705364,-0.611077108502481,0.173943089619418,0.1612592313618415,0.0005073972994308695,-3.1411649165193296,-0.00018456544142705564
16.140419721603394,-1.1027823967747503,2.210769367721362,-9.522607051129114,-0.07872828355971657,-0.027870356294533306,-0.38459953694949617,-0.6111075450687528,0.17393941239057384,0.16128868662836007,0.0006846945973423024,-3.1410810295045306,-0.0004493404228617415
16.148300409317017,-1.397257348860485,2.266804693486022,-9.75829048748129,-0.08350228353481894,-0.032610029518308374,-0.37518458364553176,-0.6110873471317393,0.17394310709413496,0.1612108236003557,0.0005676053770934003,-3.141150754547005,-0.00029711204958391476
16.156320095062256,-1.401037180163797,2.0843248547752946,-9.525973251653213,-0.07694858549353498,-0.03586074503015661,-0.37653370171858463,-0.6110845268212414,0.17395627522593854,0.16116553291518054,0.0005228568439998082,-3.1411896213387966,-0.00022621555823652148
16.16440463066101,-1.172702966353507,1.8480369643367038,-9.627179418632968,-0.07397455815766779,-0.02826900079708754,-0.37881112656084975,-0.6110929642171864,0.17394104750699024,0.16117496781653995,0.0005615439611285161,-3.1411296744352466,-0.000283506760571218
16.17227792739868,-1.3349140545017288,2.1626224067879334,-9.627783085267547,-0.08148820556008256,-0.03135703223492972,-0.3721621538001295,-0.6111010697897529,0.17393480172141543,0.16111873886328903,0.0005811320246670361,-3.141128856700429,-0.00029853513745604535
16.180365800857544,-1.2549729477052436,2.1340593269637975,-9.633639674531807,-0.08041100407775446,-0.02954600549230537,-0.3797803655630507,-0.6110904342089731,0.17393330859414008,0.16111293144223476,0.0005765549423036435,-3.141162577013249,-0.00029920657869486513
16.188456773757935,-1.3968783743774236,2.1891186323637393,-9.517951567100694,-0.08105475330620131,-0.03306952441519261,-0.3790746701461753,-0.6110785720295251,0.17396870152337526,0.16105239575162442,0.00046101896116020383,-3.1411960695481014,-0.00024176979121133288
16.196264266967773,-1.365312394995949,2.227279075206445,-9.508394332333626,-0.08298416261731847,-0.033536685636209124,-0.3792753438149623,-0.6111005798824689,0.173918123908989,0.1610419790665986,0.0006083337228465631,-3.1411497788173857,-0.0002510902085211191
16.204272985458374,-1.3638514249517721,2.0607017497267264,-9.588397504601557,-0.07841921231397835,-0.02995185647955538,-0.37657378563080596,-0.6110987234212137,0.17393628890685311,0.16103256742485816,0.0005577730188062768,-3.1411522118214954,-0.0003716652444472078
16.21238398551941,-1.3170883230607013,1.85219673651181,-9.53193585514383,-0.0701497060913996,-0.03302397780077,-0.37774321459768906,-0.6110903084148814,0.17392994797844474,0.16098695221044623,0.0005568391779062168,-3.141152995274949,-0.0002473977636312783
16.22034239768982,-1.289863395952397,2.1108931558120414,-9.560416000699819,-0.07916354879640472,-0.030116699994597224,-0.3877311615852872,-0.6110965638902526,0.17391308212388248,0.16097634794191257,0.0005775076602899163,-3.1411353662357793,-0.00030406464644605076
16.22831678390503,-1.13095634029626,2.1937385102927047,-9.47899315839947,-0.08011549391932407,-0.029593839286656702,-0.3813884967723012,-0.6110971457465759,0.1739244479821346,0.16094269595823435,0.0006106067191623591,-3.1411571879178504,-0.00024325753586244828
16.23637104034424,-1.2940744995066944,1.899111611698879,-9.571449936927609,-0.0767601249477504,-0.03066961965434703,-0.3726590868817309,-0.6110793077280953,0.17394283017606546,0.16089072125502857,0.0005842857690744135,-3.1411939204642145,-0.00024064979973075027
16.244335651397705,-1.2752377886466792,1.965523219773955,-9.561863633128892,-0.07553211675869445,-0.031252123531934635,-0.376611977444491,-0.6110835748141535,0.17392359024285395,0.16087682555326488,0.0005912396266509702,-3.141191607978984,-0.00022112630627241003
16.25238585472107,-1.4143044974548336,2.0472574944932775,-9.648391371967833,-0.0771163503266928,-0.034830958463228034,-0.3775639454237669,-0.6110853681693389,0.173921861834215,0.16085171287756006,0.0006051124816554459,-3.1411725093630483,-0.00014763616371346288
16.26043701171875,-0.726997547088812,2.25720876309227,-9.677408761563639,-0.08091894122566287,-0.018199773591430986,-0.3775898428137804,-0.6110814444316436,0.17395706847622372,0.1608344220148073,0.00045793367126768965,-3.1411873983943384,-0.00027393110676488853
16.26836085319519,-1.0289978219942575,2.1398021124555306,-9.509968499322003,-0.07790667478834777,-0.0285872330506412,-0.3761528489467599,-0.6110842950397372,0.1739390755473014,0.16080396800195834,0.0005985105091668669,-3.141178558774693,-0.0002442800044415876
16.276318311691284,-1.2400238847009808,2.050265456523361,-9.427892138740875,-0.07951966977716017,-0.03269598103989992,-0.3796927742369616,-0.6110737466325767,0.17394379805627988,0.16082231983818074,0.00045198911780772714,-3.1411348563284465,-0.0002593542234786626
16.28440499305725,-0.9598907328058089,2.282545802755662,-9.575562135153191,-0.08402405273357383,-0.026191443572468158,-0.38383677160381197,-0.6110912272559239,0.17397401048773212,0.16080783572694912,0.0004523950740584658,-3.141104126832601,-0.00035004527655702023
16.294403076171875,-1.2196497790850414,1.9781646980265413,-9.635877343329614,-0.07886174822787015,-0.029139604702207278,-0.37700638320150165,-0.6110780191502191,0.17392509607253204,0.16072964197279918,0.0006071601668634437,-3.1411953742608647,-0.0002441848337010111
16.302271842956543,-1.6829414029630385,1.72021470491515,-9.592794726402932,-0.07117091702661364,-0.04186403709133289,-0.36673357910019727,-0.6110950198678803,0.17392817233745722,0.16072886248281412,0.0005677305755542036,-3.1411341810302913,-0.00020102640316122146
16.310235738754272,-1.395543083252553,2.002681179215676,-9.567461256388386,-0.07937340798749509,-0.035053603584201336,-0.37382508951263876,-0.6110940531702006,0.173939614427213,0.16071643847069084,0.0005563375511378973,-3.14110885176193,-0.0002792942727486967
16.318318843841553,-1.5561021021680035,2.044738039045688,-9.4911032266064,-0.08122099384201123,-0.03687054466494443,-0.3755287485119394,-0.6110862979495386,0.17393895379473956,0.16071621778265172,0.0005826757738718195,-3.1411081796257108,-0.0002873418085993748
16.326205492019653,-1.4235303079894128,2.0732943726320863,-9.51265656398834,-0.07858928896215295,-0.03344634570814043,-0.3789885056685793,-0.6110746601194754,0.1739527971165443,0.1606674403179194,0.0005382610636970131,-3.141139650350468,-0.0002604329360972492
16.334341526031494,-1.2291528171517425,1.7493481285359767,-9.435271344547152,-0.06867640909817294,-0.030840236044237697,-0.38346892891607065,-0.6111008301712421,0.17394422603442555,0.16065912551135095,0.0005771290411750679,-3.1410582648906322,-0.00029142023905236484
16.342451810836792,-1.3612697163658358,2.0711860686529358,-9.537028287683823,-0.07999410398970595,-0.03204945622906876,-0.3754696650903931,-0.6110907137914042,0.17393959065219505,0.16062485941856192,0.0005577688348315698,-3.141131335131698,-0.00033780116371948387
16.35030961036682,-1.4491703014502764,2.254203238226246,-9.569767647336537,-0.08190058049270292,-0.03413646091473067,-0.38144394170451407,-0.6110974373020308,0.17396422272449505,0.16057594522602586,0.0005450124594047974,-3.141112718846448,-0.0003102644738231482
16.358474016189575,-1.4780302798323837,2.037000026323028,-9.523624006257638,-0.07759552800667084,-0.034872818935901904,-0.38004927162777224,-0.6110820965021322,0.17394220904616559,0.16051103149512008,0.000534116621907313,-3.1412027981022885,-0.0002556107922558063
16.366338968276978,-1.1387892016054284,2.1101529974268067,-9.578616681117111,-0.0813704290405803,-0.026819438028011254,-0.37354975704556903,-0.6111240694229231,0.17394175378352492,0.16050937332760157,0.0005659578243623194,-3.1411161619073624,-0.00028540679612407285
16.374377727508545,-1.124937830053203,2.1332559751461964,-9.51033837959169,-0.08018190625732972,-0.024880035744437187,-0.38220589693479806,-0.6110893449284298,0.1739455907093947,0.16045953019518605,0.0005536053398876387,-3.141197557208304,-0.00025326067902923225
16.3824679851532,-1.235696594653238,2.4934484787028754,-9.548716048279896,-0.0892455558359378,-0.03167310169976008,-0.3777781990920941,-0.611090517615815,0.17392965397248908,0.16043024262563532,0.0005920101424428957,-3.1411500524353184,-0.00025550910760523327
16.39048743247986,-1.473109146293651,1.9803186841556886,-9.389359951601916,-0.074092478681681,-0.03264129609487002,-0.381158775321608,-0.6110931960949394,0.17394939765566567,0.1604007167729666,0.0005673332590662314,-3.1411735267140957,-0.00020701515012641012
16.400312900543213,-1.1125258384061183,2.334760640702965,-9.397322140169857,-0.08583548051932358,-0.028568152972499258,-0.3803890407640762,-0.6111099486505966,0.17392688478630833,0.16039990509593777,0.0005797075555186974,-3.141138827647529,-0.0002856794713239948
16.408236265182495,-1.1639099658034313,2.3089619993011996,-9.354087414059393,-0.0846404152621864,-0.030615715896642998,-0.3899250970578441,-0.6110799453968704,0.17396831467809729,0.16035064887094955,0.0005039276888634927,-3.141184819456875,-0.000296570838871692
16.416449546813965,-1.2978764232382873,2.2196891020418397,-9.488672688618884,-0.08141203966942678,-0.032320410991809115,-0.37970027483117835,-0.6110831720875655,0.17395695744093992,0.16031670878055265,0.0005103316839988172,-3.1411812485331208,-0.0002261591926795582
16.426289558410645,-1.1003801838385334,2.141830595070701,-9.49960235191886,-0.08004306411649856,-0.027222857585586832,-0.37915105942555805,-0.6111035280448726,0.1739512659514388,0.1602993150630858,0.0005962519144604578,-3.1411401245196267,-0.000275312943979677
16.43423104286194,-1.3690366856013045,1.9886919835968269,-9.548096821591196,-0.07696618752993928,-0.03346616694705383,-0.3778832713637054,-0.611095784294757,0.17395961861707732,0.1602671408427798,0.0005261412835207902,-3.1411795289673012,-0.0003073127296057231
16.442482709884644,-1.4683619472569343,2.073440530013771,-9.518916522548919,-0.07864769065586304,-0.035914394686066775,-0.37142810347303623,-0.611093702955064,0.17394992484363966,0.16021976540765026,0.0005966748523705908,-3.1412494910425948,-0.0002935309481080631
16.450437784194946,-1.4722256531155502,2.222745471195848,-9.611468742786363,-0.08075893786257782,-0.03314114994282698,-0.3794788638722426,-0.611110733016322,0.1739618119971249,0.1602141479867579,0.0005316731541323904,-3.141117353015389,-0.00022173577816286233
16.4584698677063,-1.3594398320652803,2.13098373383002,-9.590687374783847,-0.07974125788667054,-0.03282617588623959,-0.3798093574555296,-0.611096420562845,0.17393845189604193,0.16016024774442345,0.0005387241443218106,-3.1412111322390586,-0.0002505270724379759
16.466371536254883,-1.2605856935983863,2.067312981477485,-9.430948209569646,-0.07587350468806116,-0.03084648624851518,-0.37951158946908625,-0.6111035665470952,0.1739369229933877,0.1601310003395291,0.0006551463180481908,-3.1411998922577817,-0.00018664675575409036
16.47438097000122,-1.6482468912988877,1.826858665287604,-9.571008319122974,-0.07225679076258072,-0.039543204418547515,-0.37478910739352506,-0.6110855793695761,0.17393943979824752,0.16009791141668783,0.0005269885950963449,-3.141208976548523,-0.0001859263144702143
16.482436418533325,-1.27450905726996,2.1534225888662,-9.692637442966943,-0.08025810654285535,-0.03229493113169454,-0.3800261648795382,-0.6111064312298612,0.17396328898048075,0.16011513203229236,0.0005273564245356809,-3.1411260886708194,-0.0002762237649323244
16.490545988082886,-0.9321065526756315,2.4454860756643098,-9.413791139435341,-0.08646550387851573,-0.024481593526507785,-0.38057516317514434,-0.6111029807777183,0.1739352289134292,0.16007208364252132,0.0006054375910702697,-3.1411822905896667,-0.00022890551000003169
16.50032138824463,-1.2677945909470456,1.9860830577868782,-9.621631577988751,-0.07848331776661296,-0.032366113769640784,-0.3797235151250147,-0.6110767039682486,0.17395244796883583,0.16001971218831756,0.0004960155667804955,-3.141217629514028,-0.0001849909923583279
16.50843358039856,-1.4363002132489473,2.0308176068484802,-9.36314832930727,-0.07739319929075845,-0.036938068072069286,-0.3906618022823894,-0.6111101922793715,0.1739357724140281,0.16002299238067436,0.0005673651230409923,-3.1411071917841746,-0.0003265163761477853
16.516308307647705,-1.2480079539691589,2.1081836091903496,-9.352810096872265,-0.07921741685703917,-0.030895848086577714,-0.37835228807230675,-0.611101686889019,0.17393537481516366,0.1599675313860605,0.0006307120624456577,-3.141150358682477,-0.0002610580160312001
16.524287462234497,-1.2248323013307676,2.2000288520689435,-9.537785636543823,-0.0797031928490403,-0.03179718852144718,-0.38170798018454416,-0.6110938950985509,0.17392268238465117,0.15993362529954266,0.0005300367175249112,-3.1412409793198455,-0.00019311639752174798
16.53229284286499,-0.988307123204795,2.473998219496982,-9.45880867392809,-0.08587308432328322,-0.02522385922370335,-0.3793300038386531,-0.611101197294095,0.17392248736489288,0.15989784888076428,0.0006003918955008864,-3.1412178359369847,-0.00019648524776650118
16.540222644805908,-1.30813791592645,2.043171786825061,-9.591659847436178,-0.07645023429733641,-0.030656931531218748,-0.37752063217871173,-0.6110992231308342,0.1739642275373551,0.1599316738441391,0.0005503407443489517,-3.1410887331380413,-0.00034017713440856126
16.548303604125977,-1.2472469058608988,2.376301611354307,-9.53605598472866,-0.08720804081282,-0.031127489864478455,-0.3796521678516048,-0.611113136929007,0.17394895347805422,0.15986588193921708,0.000589513418312053,-3.14115257482437,-0.0002941119054261608
16.55629014968872,-1.464456509151745,2.3507206926416035,-9.486957863252643,-0.08379336456609508,-0.036329501398147356,-0.38126483202902767,-0.6111079195095092,0.17395438516080505,0.159884059662939,0.0005436824338023892,-3.141056874328363,-0.0002718125727577096
16.564279317855835,-1.519376267921761,1.759568713999832,-9.618469000906176,-0.07244605097058474,-0.03479275106175431,-0.37663234337575835,-0.6110970521376615,0.17394924737343795,0.15983181333199722,0.0005434302713057574,-3.1411207541815744,-0.0003195338880056043
16.57251000404358,-1.8238750753823334,2.156786119880494,-9.5257180920055,-0.07863905371788929,-0.03823207869896344,-0.3737463668094517,-0.6111003342537109,0.17392149134323745,0.15979022950541555,0.0005519315399030756,-3.1411420106685783,-0.00020726311186988018
16.580411672592163,-1.4807376437817112,2.1661752952494115,-9.571464734293343,-0.07871189511329085,-0.03710179550889406,-0.37996495892003174,-0.6110884427272971,0.17392476442344929,0.15975919361105642,0.0005845957707198089,-3.141168826622948,-0.00024197545103051276
16.58836054801941,-1.1666318697950357,1.989429356060478,-9.582812313779634,-0.07658009676387738,-0.026669063451643115,-0.3808521420888777,-0.6110982228642378,0.1739521497263516,0.1597589155051326,0.0006165280637494577,-3.1411237117099464,-0.00035987985891247615
16.598348379135132,-1.4498502240018258,2.1997697419275357,-9.44814936551261,-0.08053592003654059,-0.038527641528049834,-0.37833294406399326,-0.6110993251088771,0.17391553734499215,0.15972305269442957,0.0006443175290070191,-3.1411628791669055,-0.0002539963931938251
16.60668635368347,-1.3604609027547918,2.1562297237111134,-9.549255567772914,-0.07953140007257502,-0.03504382817583494,-0.37955810669490797,-0.6111091790224507,0.17394700611650904,0.15973797551293661,0.0005854916455379624,-3.141022839273487,-0.00036251037676690475
16.614370822906494,-1.2992917439141092,2.2734605218974546,-9.362845389864091,-0.08117121019085381,-0.03200094132349801,-0.38075879833608745,-0.6110880855072927,0.17395590793768026,0.1596582791507955,0.0005343882383729469,-3.1411718496958443,-0.00023791317345056763
16.622499227523804,-1.1168791444119421,2.2648243007587685,-9.435349185231027,-0.07965239017326173,-0.02667587686117066,-0.3826831299712547,-0.6111085357983935,0.17394169156785969,0.15964187662770196,0.0005937887534334114,-3.1410835318993002,-0.00028197943834914986
16.632490634918213,-1.0856887061352207,2.1516547436262132,-9.333038399733281,-0.0785618116283688,-0.025831817847006854,-0.3809838011613599,-0.6111083700703879,0.17392532355185703,0.15960376379161784,0.00063882913824382,-3.1411273692278794,-0.00021629634357369485
16.640485286712646,-1.450731501604422,2.3878164464022054,-9.511477039425355,-0.0892773404443712,-0.03435757107007303,-0.38002429425281886,-0.6110999088176251,0.17395660736034177,0.15963867423028966,0.0005157556348021049,-3.1410453822227065,-0.00034211027708566617
16.648566246032715,-1.3619075084545733,2.3319980579734563,-9.548981198114449,-0.08449353143148802,-0.034348977652567,-0.38073951689275365,-0.6110982919876414,0.17395324608235027,0.1595561513871524,0.0005112115797902448,-3.1410972942578694,-0.0002707432557453113
16.656297206878662,-1.2457980028937676,2.212076879770689,-9.333877843021058,-0.08555454560243275,-0.030698557526703776,-0.3771863274633581,-0.6110967479877365,0.1739461703574419,0.1595411792919491,0.0006329313314612367,-3.141093971114033,-0.00030786811550244185
16.66441822052002,-1.1362795786651545,2.2118947506195017,-9.530780424965323,-0.08053582870965603,-0.03163414794761353,-0.3793464465456453,-0.6111025222676802,0.17395174023038154,0.15951239983623963,0.0005696365149503686,-3.141092933518563,-0.00030072715665669064
16.672378063201904,-1.1552665942289104,2.225374938151639,-9.459601518904172,-0.08134056637283221,-0.03128558624595125,-0.3765392950959017,-0.6110933883816454,0.17394125462619697,0.15948262690396392,0.0005122573611290985,-3.1411244639915137,-0.00028160552621506917
16.68028736114502,-1.388767363287376,2.0885981928506143,-9.491918268807138,-0.08137403913872193,-0.03172078616889267,-0.37533005680970694,-0.6110937070476085,0.173969213746477,0.15944593983217917,0.0005062728973097337,-3.1410970122888915,-0.00028856449631883916
16.688355684280396,-1.1433361970053404,2.06423210258057,-9.434551471410474,-0.07798602834106255,-0.033263176739207895,-0.3769696871490409,-0.6111171625703116,0.17395401778911013,0.1594388093234182,0.0005642913662616496,-3.1410488500742346,-0.00029969335983076395
16.698450326919556,-1.284892374550045,2.486715542757962,-9.299570851610897,-0.08820183010213281,-0.03413323233323687,-0.38155038587205825,-0.6110899053329676,0.17396842376063434,0.15933833660631425,0.000442564255323708,-3.1411956872107107,-0.00022637304962728612
16.706242561340332,-0.9294281453393356,2.4217413765396083,-9.265342500272395,-0.0861755693830927,-0.024657517675834264,-0.3844740870088004,-0.6111058422199571,0.17396199345065122,0.15935881639051486,0.0005078291780726739,-3.1410738567160252,-0.00032154451649664444
16.71443247795105,-1.138367247433903,2.277918019488936,-9.410344805043845,-0.08345654887012612,-0.02573284498648508,-0.379672429979659,-0.6110957754681733,0.1739678114447767,0.15931369670989343,0.000514989438234638,-3.14109932722241,-0.0002497202336679928
16.722341537475586,-1.008312080227148,2.2969984554899523,-9.493383779805677,-0.08315084205673581,-0.0265868736058179,-0.38107736130310543,-0.6111017516026913,0.17394204997866006,0.1592621277047933,0.0005724763450145925,-3.1411315719929087,-0.0002644794610855105
16.730292558670044,-1.655237085767143,2.0680962158376195,-9.579087346574934,-0.0779872107849585,-0.04143295809001184,-0.38179227611491884,-0.6111113034388268,0.1739055523041618,0.15925202315543693,0.0006689095690027318,-3.141158071497155,-0.00022123717178163592
16.73816156387329,-1.5896830340545285,1.8971632040469424,-9.522073773738283,-0.0759815859836852,-0.040881197147464736,-0.37651372555263385,-0.6110827837775762,0.17394131164871404,0.15921437419143425,0.0005160353815590514,-3.141162749632545,-0.00016487113019690862
16.7462477684021,-1.2673126114889277,2.232777409588851,-9.385184493904204,-0.08385301822906355,-0.03207583140465746,-0.37936731711952637,-0.6110934924861094,0.17393880794538796,0.1591721915054855,0.0006072789487567503,-3.1411664532931827,-0.00021285966809251035
16.75426721572876,-1.3507095898322623,2.1614446250399024,-9.3388021796153,-0.08161062318644599,-0.03258986267931267,-0.3740458756506441,-0.611106845586172,0.17396283918874642,0.1591717722325342,0.0005688567343959648,-3.1410970015648987,-0.00026288551117582614
16.762207746505737,-1.231802766717312,2.2547010026515344,-9.416763752389725,-0.08484415289940438,-0.030641625409662084,-0.3843739318392567,-0.6111008952923456,0.17392812986243622,0.15912957957588555,0.000588357819347462,-3.141114928510504,-0.0002969941113614699
16.7703914642334,-1.4219346070004277,1.8595454080322342,-9.534945826225963,-0.07392222590959913,-0.035011301846878784,-0.3815975543937859,-0.6110989348593023,0.17395224393145123,0.15910712028639065,0.0005098154209084226,-3.1411201252741785,-0.00022896732905839943
16.778250455856323,-1.1371096242415257,2.3285902826583387,-9.570187539701399,-0.08355209912630583,-0.030383703131242376,-0.37543170725805264,-0.6110875513743559,0.1739562053721994,0.15904488240985332,0.0004996774847416188,-3.1411861514576547,-0.00016310886921563276
16.786489725112915,-1.1759409194321366,2.2328366383547844,-9.511765746281673,-0.08246372680658053,-0.027683713439621276,-0.3800442088379531,-0.6110978145876277,0.1739619892849221,0.15904134859180302,0.00045956999364778244,-3.14114749678592,-0.00019005448728156896
16.794151782989502,-1.131921057228633,2.1723611002514973,-9.484341616995204,-0.08257741755535723,-0.029227143001937603,-0.3767803626471507,-0.6111053784124957,0.17395148336054256,0.15901764850844335,0.0004992385919050119,-3.141111573398577,-0.00021935046366488564
16.8023042678833,-0.8637593639968841,2.2286757077556882,-9.414293268043986,-0.08299163352129449,-0.022433532129276464,-0.38229538582746175,-0.6111072905547226,0.1739636345580824,0.1589985135949426,0.000538582373059936,-3.1411060353676294,-0.00026769039335023835
16.810322761535645,-1.2603138784022978,2.124954165557228,-9.305690378382712,-0.08084148045724147,-0.02959591687559231,-0.3771667022842023,-0.6111068452422639,0.17396168911830237,0.15896899248119856,0.0005587182713045851,-3.1410749369090967,-0.00022007049648472855
16.81835150718689,-1.0704784963208263,1.9903809526357188,-9.463909549550984,-0.07647021696674904,-0.027578957006397748,-0.3807278827254123,-0.6111241288709308,0.17393389122178504,0.15902068052340632,0.0006497494553633339,-3.1409662107803094,-0.0003683056924725054
16.826406955718994,-1.2545342927329732,2.2929076501432633,-9.374071497856646,-0.0825402900982253,-0.032518205016870166,-0.3827959497860703,-0.6111068978080474,0.17395404160397793,0.15895482899316354,0.0005979870138385057,-3.1411092544148933,-0.00039367048864357633
16.834524393081665,-1.2362697932184477,2.2060597113909495,-9.31774741119545,-0.08588300064134854,-0.031011713936974657,-0.38162990976347655,-0.6111053697296075,0.1739757973404004,0.15890333906538673,0.0005406820476423261,-3.1411346471618993,-0.0003211689435294403
16.842464208602905,-1.4240336357701249,2.241896360578662,-9.36179567804347,-0.08399271972880866,-0.033266811469831334,-0.3810083343631177,-0.6111023579913624,0.1739416760052398,0.15890012046680613,0.0005667124815439285,-3.1410998206578578,-0.00033607143259586697
16.850396633148193,-0.9530735920580221,2.1036551088568367,-9.390461674956578,-0.07866148157854917,-0.02385834407322282,-0.37252961729657846,-0.6111108400751278,0.17392878070866766,0.15886308991573145,0.0006246759309536371,-3.1411011878335597,-0.00024046152096320923
16.858237266540527,-1.1084608579670463,2.2010666258024782,-9.43701853676372,-0.08345681187050741,-0.029236639045125523,-0.38272555587193297,-0.611115617153419,0.17393913809994843,0.1588538322537301,0.0006066256600987246,-3.141044460546636,-0.00027962508128127314
16.866287231445312,-1.341628404385073,2.0986473359876685,-9.463635961820884,-0.07927513004672646,-0.036614517212283634,-0.37839100686686006,-0.6111113911340559,0.17391109958930143,0.15884486990233682,0.0007419794923432208,-3.141089114732769,-0.00024833643359952156
16.874353885650635,-1.2866101375744114,2.0500622726742845,-9.363055681850097,-0.07600261184517092,-0.03242975961813294,-0.38325702595070915,-0.6110977024875297,0.17398512121953336,0.15881599433938487,0.00046597018936175144,-3.1410362135614944,-0.0003432850497843723
16.882295846939087,-1.5083331063862933,1.9853024767484613,-9.360653385110087,-0.07689754798005302,-0.03576827291700817,-0.3779727743773768,-0.6111080369248789,0.1739331061848732,0.15876569871776358,0.0005499535447485214,-3.1410849048586704,-0.0002158166172193277
16.890324354171753,-1.1808882334563244,2.3105969059619147,-9.408259651346151,-0.0812547418988642,-0.0286840022644056,-0.37815875379338393,-0.6111288317412271,0.1739482299645756,0.15878172261790302,0.000650237205066395,-3.1410609345126264,-0.0003361187127550756
16.90029215812683,-1.1528641782338007,2.2529794719267695,-9.440597157713837,-0.08324761382497106,-0.027269193482003275,-0.37599051436306286,-0.6111079773195464,0.17396770398000233,0.15876958659415885,0.0005573479683968117,-3.141020690631464,-0.0003189870029359911
16.908307790756226,-1.4572563703933843,1.9308893991674105,-9.467315276210005,-0.07579171807657704,-0.03560787230047787,-0.3745095030946017,-0.6111071677261954,0.17395529349171285,0.15872519613680164,0.0005433977836250232,-3.1410690886297234,-0.0003069655993930274
16.916425466537476,-1.279930290535333,2.1920267580387596,-9.272520413996123,-0.0812910147545628,-0.033610763769032895,-0.38268501469340344,-0.6110923339208223,0.17396941677232566,0.1586932925762268,0.0005625610927004101,-3.141094143332687,-0.0003219837112785724
16.924349784851074,-1.3321814268765355,2.3466542975881097,-9.438393156243727,-0.08496646347149503,-0.030799694876191958,-0.3766988181592118,-0.6111119716498631,0.17395348181230186,0.15868178729184335,0.0005961339275315157,-3.141036786927121,-0.0003617058013054252
16.93215799331665,-1.4640547019954295,2.1996365578561945,-9.409067095959497,-0.0821477460509115,-0.034128835970131506,-0.37542231370622875,-0.6111105809366612,0.1739251557701816,0.15866934551113449,0.0006031944408095176,-3.1410319631359735,-0.00034413145132583366
16.940311908721924,-1.2853900299294656,2.308248612219467,-9.422657944271647,-0.08421483584497874,-0.033216042141092986,-0.3821074792038598,-0.6111166166992404,0.17394735035699457,0.1586447422470359,0.0005901076264929176,-3.141013555975787,-0.00033627737397783764
16.948256731033325,-1.2783089524158646,2.3175237517531295,-9.329584183052901,-0.08558262471293497,-0.03166238039118017,-0.3792824147996406,-0.6111065384582474,0.17393379191902672,0.15858983236320745,0.000585356072528192,-3.14106579925368,-0.0003072229357506954
16.95639729499817,-1.3482230156488382,2.1987404335748306,-9.325976241944682,-0.08191788390927003,-0.0340645754595759,-0.37652075180738,-0.6111273095241052,0.17395382697583636,0.1585615439957167,0.0005015973428622887,-3.140999674977841,-0.00036170945584843326
16.964400053024292,-1.1492039407056802,2.472912184579866,-9.342172480667797,-0.08959487871820293,-0.027611613910935,-0.3740538669331215,-0.6110994196647327,0.17392896460371396,0.1585119913337983,0.0005542064626100485,-3.141088555771886,-0.0002734321210030341
16.97240924835205,-0.7295929179332705,2.4348710904344104,-9.366144800801068,-0.08390783518967883,-0.017726060707886876,-0.3783149691339638,-0.6111309693519001,0.17395808152959197,0.15853889600362076,0.0005855571112029037,-3.141017446743484,-0.0003408353828058798
16.98023295402527,-1.4149839731320726,2.0725858609482253,-9.475821023761648,-0.07699290778678916,-0.03738964430995387,-0.38055920502529916,-0.6111248949108044,0.17394795862985668,0.15846205406499192,0.000625333364369038,-3.1410773764271256,-0.00036859971068938684
16.988169193267822,-1.2856735398758523,2.0285526142381527,-9.516772333910636,-0.07383503681197948,-0.02938048048153029,-0.38094075809775085,-0.611124367159879,0.17397390555008707,0.15848277025563723,0.00048497925127533015,-3.1409758186587355,-0.0003225877399394736
16.996513843536377,-0.9754929626844373,2.58830506952427,-9.309280577090508,-0.09333324527146096,-0.024963645892508282,-0.38417844037838905,-0.6111167213798055,0.1739780923824397,0.15840560986274632,0.000580638389676369,-3.1410497486805022,-0.00029656794691994916
17.00428795814514,-1.2588571294342246,2.05056837954784,-9.394026979998744,-0.07775125343681628,-0.03092055992345307,-0.3866274601042793,-0.6111215831743141,0.17395533050983822,0.1583713721587539,0.0005350443698849561,-3.141074208564321,-0.00018858866021968933
17.01227116584778,-1.3538227279724857,2.0975231751287935,-9.575288675247808,-0.08016120992628571,-0.03311331569934346,-0.37920212924180985,-0.6110997056678042,0.17395818173608296,0.15832678604023706,0.0005558807252668149,-3.1411156589698455,-0.0002040664181479183
17.020314931869507,-1.2241436419742282,2.069412530147936,-9.526127005069807,-0.07951365365424864,-0.0337075511354387,-0.3761924913469125,-0.6111127497684915,0.17394993482002757,0.1583158338771945,0.000697901789800074,-3.1410840415906107,-0.00026651660983377176
17.028353452682495,-1.152560645396763,2.412333414378358,-9.41874593477289,-0.08639184259657377,-0.028264080618664363,-0.37835812449603573,-0.6111149482939197,0.17397763887832896,0.15828734308896655,0.0004549726839834514,-3.1410574680300924,-0.0002153562575419325
17.036373615264893,-1.2663839317092458,2.437181011886468,-9.299920473672774,-0.08768085820898207,-0.031512294869442126,-0.381631052989201,-0.6111199077571796,0.17394018899064814,0.15829300491413195,0.0006156949108339555,-3.1410337006904063,-0.0003288500233236312
17.044474363327026,-1.5192915784901182,2.0741983189423623,-9.526332012682584,-0.07715014964482701,-0.037278043156603706,-0.38062772814084883,-0.6111278935156994,0.17398506231280048,0.15828252581660268,0.0004533393797397309,-3.1410122401458067,-0.00034673631218082735
17.052532196044922,-1.3376441842938263,1.9340196805646754,-9.53273490472637,-0.07418252438308832,-0.034663252086071177,-0.3725301834654135,-0.6111043039337303,0.17396659349806123,0.15823163460352568,0.0005389674622535166,-3.141083943896668,-0.00024225448643754564
17.060400009155273,-1.452895439764912,2.055985167097361,-9.518819297799055,-0.0796437896182143,-0.03223321667161438,-0.3709669694472844,-0.6111194036968866,0.17397502077903518,0.15818462906873154,0.0005380813227371576,-3.1410854568250075,-0.0002844710902288881
17.068520307540894,-1.3107735292465466,1.9497949300031183,-9.476359075240364,-0.07580421336550745,-0.03310334160502637,-0.3844486316228631,-0.6111096572653393,0.17397698095480194,0.15819343270175254,0.0005464992592321272,-3.141072920424877,-0.0003235953868161572
17.07620120048523,-1.1998880159828498,1.95778203555545,-9.37134687643566,-0.07559917628308659,-0.030417104972620266,-0.3852386218397123,-0.6110927339199502,0.17396671974552314,0.15814601592174976,0.0004946808173169246,-3.141094593347548,-0.0002394264792916505
17.084398984909058,-1.2887172034206957,2.4773458690817667,-9.500527334785215,-0.09031187388175783,-0.0323849750971181,-0.38118567736094977,-0.6111021622188699,0.17395962259432507,0.15811723532343014,0.0006168565274351547,-3.141125046386373,-0.0002503023212744564
17.09240174293518,-1.0781348778508906,2.292060613638492,-9.407543983073877,-0.08396218163649843,-0.02569319371580063,-0.3786271092616217,-0.6111030054744824,0.173966204440274,0.15812782823967786,0.0005605728083466302,-3.1410534823314875,-0.00032311499187881947
17.10038924217224,-1.336489227161701,2.1391802289877813,-9.542426840897784,-0.08444045656389572,-0.03150099192321216,-0.3798491200901855,-0.6111140344713926,0.173938165825355,0.1580674205006091,0.0006051807840258222,-3.141090232773501,-0.0002553843278209534
17.108344316482544,-1.2314875776445133,2.09176405053209,-9.525235670425557,-0.07865176727131223,-0.03151369625277687,-0.38072597016996257,-0.6111302276254132,0.1739647502863679,0.15812628213401264,0.0005280995118695402,-3.140969569478098,-0.0003216574835791179
17.11624574661255,-1.1918925259328574,2.54801409282982,-9.37940056252573,-0.09088113746549481,-0.031490923624208154,-0.3840283055200469,-0.6111375022267271,0.17396066322229198,0.15807143007882685,0.0005862090033037326,-3.141001840842647,-0.0003017998988929847
17.124300718307495,-1.6205840490647143,2.207132123485755,-9.4126981393202,-0.08281544561918665,-0.039916178379677834,-0.37637549284135313,-0.6111210783700085,0.17395141767032543,0.15801214778733175,0.0006567530378440107,-3.1411196508370596,-0.0003335671112106283
17.132254123687744,-1.2394773401475758,2.1156160928500856,-9.428302268451507,-0.07770038566973254,-0.030150142759310185,-0.378632531736591,-0.6111136566169367,0.17396953145246308,0.15803820555982356,0.0005923148344184805,-3.1410181480939325,-0.00040252014649965455
17.140215158462524,-0.9328841429237212,2.329190988147052,-9.287352900105526,-0.0863512653751475,-0.027161863573042698,-0.38088538761369434,-0.6111068093560602,0.17397727180890493,0.15798053811527552,0.0005295310477685275,-3.1410938642513493,-0.0003389879049474642
17.14834475517273,-1.1675952606850855,1.8917384235159014,-9.35853273227482,-0.07406688502434713,-0.029704838414663964,-0.3681654283346991,-0.611103420583305,0.1739656585033575,0.1579506767847493,0.0005486640449301635,-3.141102486003741,-0.00031009317714651295
17.15629005432129,-1.2945021325713288,1.9457458146617461,-9.472497850713225,-0.07271623850297927,-0.03091485771345152,-0.3724404500704425,-0.6111065891656658,0.17396990300890192,0.15795828552183538,0.0005877570994349135,-3.1410645800561725,-0.00029758795628282233
17.164283752441406,-1.4819054320226526,2.1706316432021353,-9.343915722234966,-0.07961653468782896,-0.03979920820552652,-0.38055719587751935,-0.6111242989494303,0.17396321866420966,0.15792601056213265,0.0005478032704378538,-3.1410420576587237,-0.00027946139978772316
17.172197103500366,-1.1505496021579467,2.1240704092534264,-9.435335490914232,-0.07567474069928722,-0.02871696868094437,-0.3773543307811452,-0.6111298948890149,0.17397117500897233,0.15789351760183018,0.0005562550204295682,-3.141058907673021,-0.00025921186647850274
17.18024206161499,-1.263959328708695,1.9039512985363756,-9.47729671681791,-0.07468740424768554,-0.02790916218716115,-0.38162849583961245,-0.6111046705832448,0.17397739683860125,0.15791839133773816,0.0005439082996393344,-3.141022800186924,-0.0003254617601149238
17.188344478607178,-1.1807008784875894,2.343759111421107,-9.469832547753176,-0.08330743841954379,-0.025879146069727403,-0.3797221927563462,-0.6111223285298077,0.17399204635868432,0.15785170804286788,0.0005832450309890788,-3.1410572324090182,-0.0002945752034809357
17.196200847625732,-1.2165071622925656,2.414446330843561,-9.370474457956496,-0.08730800108651882,-0.02858354019856253,-0.3809295163893796,-0.6111291235361858,0.17396542055713826,0.15785949619294815,0.0006411464990062112,-3.14102166082002,-0.0003028638152530971
17.204458236694336,-1.3665742578075237,1.9820935806760434,-9.351527304330183,-0.07439379692781463,-0.0344721592437935,-0.37697600294228095,-0.6111128455050543,0.17394514310387832,0.1578331854907452,0.0006726788246847024,-3.1410744740390757,-0.0002508547972734521
17.212425708770752,-1.1829332145425813,1.9226149855327557,-9.522369267451708,-0.07190761475934764,-0.029998378603014922,-0.37906377642428174,-0.6111321492340461,0.17394944403867138,0.15781221922765043,0.0006293074019360186,-3.141018948636779,-0.0003465344457239167
17.22042965888977,-1.4146810924606548,2.3203261823847114,-9.529177398919554,-0.08472149009516207,-0.035671819093668726,-0.381097324648765,-0.6111156531675127,0.17394079275802787,0.15779465022464517,0.0006473694937408718,-3.141038118193022,-0.00023790338066311594
17.228349924087524,-1.7896178476695375,1.8696508953175022,-9.533554740894457,-0.07178604352520582,-0.043082161647508076,-0.3812725889409739,-0.6111395586560509,0.17394154344998486,0.15776825760637403,0.000693423792298373,-3.1410329263137853,-0.00032839974643610883
17.236216068267822,-1.3926519806854576,2.184401155318018,-9.388869958659505,-0.08016257807526697,-0.03198372408169475,-0.3799723094518924,-0.6111036461345775,0.17398091373038893,0.1577414561663641,0.0005012003457478209,-3.141070766953506,-0.0002676097928745762
17.244344234466553,-1.366957588569831,2.3555926879043882,-9.38837698524332,-0.08598398669115614,-0.035457616469897,-0.3829917414485204,-0.611118527436138,0.17397105541899902,0.15772860285241497,0.0005782570486080836,-3.141098564770333,-0.0003233131088024779
17.252269983291626,-0.8265752673585575,1.9324978386346485,-9.417407744486507,-0.07382324438266241,-0.022313953693900494,-0.38351352798088156,-0.6111256896489362,0.1739591391452599,0.15772627810646597,0.0005777379733056024,-3.1410538975101114,-0.00024510965973644335
17.26048517227173,-0.936443574211239,2.0420333865131566,-9.480921501515368,-0.07633367383894607,-0.021996221813280977,-0.38381891805711166,-0.6111175060640731,0.173948380728686,0.1576767311854334,0.0006489021562405912,-3.141085071298311,-0.0003046506454045658
17.270437002182007,-1.3626275950415712,2.4471975832986086,-9.476172496429575,-0.0877679664442907,-0.03659175269600743,-0.3867845188557291,-0.6111258968438978,0.17398782085235173,0.15769682572920768,0.0005342738413719568,-3.1409741371872237,-0.0004044838441657652
17.27839231491089,-1.5691662520309075,2.217137812249355,-9.3257130811377,-0.07985248723526545,-0.03922561614056821,-0.3792604751373231,-0.6111229782180473,0.17396464382424673,0.15767386179487533,0.0005538535175768494,-3.1409943168375922,-0.00032211814711099877
17.286309957504272,-1.121072051012004,2.342045123087535,-9.546022975433521,-0.08341446106695548,-0.02963451084505137,-0.37882120619253856,-0.6111430888676145,0.17394138903756948,0.15767452416263178,0.0006448364315294144,-3.1409568738003935,-0.00041072302507527995
17.294395446777344,-1.4090206060164996,2.3112093482975027,-9.402144157159256,-0.08552307286607232,-0.03194812391989441,-0.3720727172620922,-0.6111246606719453,0.17396207462924576,0.15764391268005673,0.0005798128376878993,-3.1410067476934524,-0.0003900364435853071
17.302403688430786,-1.50591992762807,1.9007034359907597,-9.524825309871117,-0.07771325791512014,-0.03552894229239108,-0.3763707045714658,-0.6111311329719246,0.17393243038601036,0.15760473845513107,0.0007543989245390585,-3.141052938982335,-0.0003376647887075031
17.310327768325806,-1.4530519335063072,1.709874630198851,-9.632169981600406,-0.06940774680244154,-0.031738638993076954,-0.3778654861284104,-0.611137656130417,0.17398367639945325,0.15760034447047555,0.0005493571607474592,-3.1409426241362794,-0.0003638415762595704
17.318242073059082,-1.147578823778657,2.2684126987639073,-9.400295737706129,-0.08466576174599946,-0.027016511545523217,-0.3815280033657,-0.6111346183824142,0.17393943847889257,0.15753678254387565,0.0006258547426870308,-3.141040425014991,-0.0002876784093355045
17.326343059539795,-1.224666373675535,2.088172220557939,-9.539407405213698,-0.079120067371096,-0.02907041318549421,-0.3821662208663783,-0.6111188440882778,0.17399465693124297,0.15751676034484982,0.0005194223328160156,-3.1410131842071167,-0.00032511185890311524
17.33419704437256,-1.3268669188532398,2.0587414637146035,-9.683519540363251,-0.07796613436576798,-0.03487086226396139,-0.38028556411091446,-0.6111125684653181,0.17397426223526297,0.15749230179713292,0.0005121087519839197,-3.1410540861340976,-0.0003347144150190301
17.342272758483887,-1.2382496060853185,2.2423605635710504,-9.75863058547601,-0.08048040844212034,-0.032073448089528035,-0.37997432366053635,-0.6111093574802274,0.17397225001975566,0.15741459307945949,0.0005573094751951978,-3.14113337872149,-0.00021629058974699362
17.35018301010132,-1.4081012036059324,1.9724090323598025,-9.602814488730662,-0.07690857813440545,-0.035011318766272184,-0.3760868352529284,-0.6111218942314938,0.1739868196003903,0.15742075385192417,0.0005048519740266494,-3.1410489430500843,-0.00031679357740313106
17.35829210281372,-1.5128800199865486,2.2493405708429615,-9.482468559578953,-0.08222209438326544,-0.03780559746935532,-0.3776883193085749,-0.6111310109435302,0.17395639382415143,0.157372761273838,0.0006344503642979809,-3.141035128878814,-0.00027573915581017926
17.366230487823486,-0.9973930588999141,2.3669863446193933,-9.571196926591043,-0.08685469011130592,-0.027846377119138923,-0.37964494067511456,-0.6111074296935018,0.17396903208123082,0.15731063257495145,0.0005514367693577593,-3.1411596005825455,-0.00029434221008573137
17.3742458820343,-1.4597174181338919,1.6221349416456237,-9.580116241521308,-0.06962430276908663,-0.0358794910101796,-0.3784039522210491,-0.611121803406795,0.17396376260398766,0.1573159699320931,0.0006283630975649989,-3.141084954362922,-0.0003333820843545673
17.38241744041443,-1.0296899229270915,2.2557443527981405,-9.565609220286705,-0.08701064020274746,-0.02455765574557233,-0.3810854883340457,-0.6111209099337658,0.17394322483995137,0.1573016089216639,0.0006107726252282383,-3.141071407507467,-0.0003094877667592271
17.390464782714844,-1.6492318104965094,2.002329766833102,-9.632078400211714,-0.07509229469862078,-0.036191615012754884,-0.38007354690962875,-0.6111152396995377,0.173946169650025,0.15725175364994123,0.0006239532479209457,-3.14110693803584,-0.0002792476154076022
17.40030336380005,-1.5538495535882224,2.2334508632630214,-9.688722649107701,-0.08436942139827797,-0.038705407366763915,-0.3789036345312971,-0.6111169318002536,0.17396316105741766,0.1572515471629486,0.0006109015714271567,-3.141058640614126,-0.00030399038323517615
17.408300399780273,-1.2678443806208584,2.0664832123999273,-9.606612209669485,-0.07873908755646852,-0.030865387545605832,-0.3818667639974082,-0.6111154472915152,0.17395889824560257,0.1571900211329071,0.0006181200051210689,-3.141104440003028,-0.00025917301975270703
17.416357278823853,-1.1954342733386565,2.2966584433182393,-9.499816758665485,-0.08362499804517085,-0.03147747531071384,-0.38241819214856365,-0.6111144030391278,0.17394152247022382,0.15713257636119576,0.0006837512918713287,-3.1411507084411463,-0.0002258190966559976
17.424318313598633,-1.413733440152687,2.1351416256255247,-9.38725488574317,-0.07982696509413985,-0.034171530937703816,-0.3798112208184085,-0.6111154145415503,0.17393497452202827,0.15714094315848215,0.0007341721367761143,-3.141122261027071,-0.00027056933681643555
17.4322772026062,-1.2627867605910734,2.0248654928004637,-9.654960023058472,-0.07782856316104625,-0.03138594234781291,-0.3823976410590817,-0.6111149455445013,0.17394929348301663,0.15712375957314684,0.0006201540427424005,-3.141074563489637,-0.00022339932630530387
17.440309762954712,-1.356576321942055,1.9455443752445085,-9.607034518224651,-0.07804536935435397,-0.03335454959701991,-0.3775075187533671,-0.6111195018973373,0.17397213642066645,0.1570888822561006,0.0005694916492343567,-3.141099780375549,-0.00025971888960824106
17.44844365119934,-1.1754730913651366,2.162087038448313,-9.56367042706699,-0.0781541784648735,-0.03337676013571442,-0.3790441656722852,-0.6111323468936936,0.17396921837235504,0.15706871854516585,0.0005885213771760622,-3.1410831963486108,-0.0002520877640139916
17.456352949142456,-1.3373553125025106,2.0801646814834567,-9.578575691842559,-0.0777970956438236,-0.03343056839948629,-0.3807623782522759,-0.6111206903311709,0.17395125468917533,0.1570287939657413,0.00066550092614652,-3.141114026037992,-0.0002696814853888611
17.464352130889893,-1.4321459794729434,2.1488292145680563,-9.397793694690256,-0.08060321400290142,-0.03380535004700886,-0.3796678274561997,-0.6111285705230073,0.17395005419930482,0.15701186180390453,0.0006487791704940142,-3.141077186039926,-0.00026352008347914547
17.472306966781616,-1.1182214369690209,1.8657680766431866,-9.58587267168448,-0.07335365629373554,-0.027580843935214455,-0.37919864242165513,-0.6111283496726815,0.17393813438494143,0.15699573159395547,0.00071949969079071,-3.1410748670933475,-0.00026509069573769266
17.480381965637207,-1.150733240443238,2.0576246565071483,-9.57854694434526,-0.08010760361871781,-0.026636670119156443,-0.3797178999593578,-0.6111144953282645,0.17395215154743227,0.15693318652268085,0.0006800242478801935,-3.1411666203599027,-0.00024570074714022996
17.488603353500366,-1.1373614800593583,2.177511516580599,-9.404549284980508,-0.08380993814569025,-0.028510049847290112,-0.38283986809222675,-0.611121772438265,0.17396180596484595,0.1569285505817022,0.0005767299403753843,-3.141080024643654,-0.0002673137065606021
17.496338605880737,-1.0057780451053762,2.172047145397778,-9.549774659670597,-0.08041010809982163,-0.024319835768748414,-0.3777469485456167,-0.6111185635661559,0.17396421987503402,0.15686625390812503,0.0005962537690812501,-3.14108565389154,-0.00019642056002245175
17.504354000091553,-0.9124795456096335,1.9769804450430841,-9.607296351598904,-0.07524207729608134,-0.01918645815148479,-0.37941758247148766,-0.6111115033966149,0.1739745066287764,0.15687757086760457,0.0006170338981190748,-3.1411189309931045,-0.0003053226130002072
17.512436628341675,-1.1135024172861825,1.9271884159580257,-9.530206684689949,-0.07497993542304178,-0.028160879683875872,-0.378850719839224,-0.6111181203123839,0.17395628624313025,0.15684842347689915,0.0006754650267058173,-3.1410839969453743,-0.0003048829270055412
17.52229619026184,-0.845400350022169,2.2904052266906576,-9.377259004521875,-0.08630724359681932,-0.020228843543079383,-0.37925222575616,-0.6111236134202753,0.17395130602467254,0.1568170097576967,0.0006428118786664066,-3.1410912950438803,-0.0002696067785685428
17.53035259246826,-1.034566217511527,2.3319652906755026,-9.406135983778912,-0.08351638057196661,-0.02504821316785258,-0.378526856402199,-0.6111266689922188,0.173965291228383,0.15679882480979856,0.000618020966007369,-3.1410332473433598,-0.00023863693717188694
17.538329124450684,-1.153658855918455,2.3387776951593113,-9.469882869462094,-0.08196323571454818,-0.030289392084050404,-0.3862352012331337,-0.6111244473643757,0.17395781696728382,0.15677078800434166,0.0005859890162546957,-3.1410882989776727,-0.00032124095640458
17.546318292617798,-1.398961023601123,2.2334326587200284,-9.449185401328911,-0.08253770670045492,-0.03396368125550204,-0.37806554766983086,-0.611123943882815,0.17397220642012487,0.15673564932559425,0.0006383796021194506,-3.141061143420259,-0.00030082755844494105
17.554324865341187,-1.1459346152755114,1.919760376311872,-9.480544553730397,-0.07494909060729274,-0.029390008804618544,-0.37897814945065,-0.611126855022451,0.1739500791559353,0.15672794317779976,0.0006640484556433063,-3.1410557041989646,-0.00029748467222845794
17.562254428863525,-1.2855488542342726,2.31265089347434,-9.49156427125647,-0.08512355891240046,-0.029993579415441778,-0.37820734493818897,-0.611112068319925,0.17394186758295083,0.1566748050048099,0.0006975405768082611,-3.1411101735426357,-0.0002953493412027694
17.570393562316895,-1.3013498485205952,2.2969440733344872,-9.554981809863039,-0.08086478710452343,-0.030074204452866297,-0.3806156727783726,-0.6111260033612105,0.17397497234902443,0.1566466520496541,0.0005690620867137108,-3.1410928120312382,-0.00030196785854240063
17.57836413383484,-1.1666146062685339,2.2890991084306935,-9.488639877278226,-0.0816525971955988,-0.027679160053681682,-0.38313735033268675,-0.6111220325442536,0.17396878871969843,0.15662614792720866,0.0006002192532396387,-3.1410844631500345,-0.0002931824700800763
17.586379528045654,-1.4115383004159476,2.250809849621533,-9.478527356064161,-0.08084285016275207,-0.033637150559948065,-0.3768596282377065,-0.6111188675978523,0.17396617104257708,0.1566020174601505,0.0006590522890209348,-3.1410825096048236,-0.0002807867975026299
17.594294786453247,-1.5065036535572771,1.9411659353411,-9.552153567378914,-0.07430178853934438,-0.03338237387071929,-0.37933530673284627,-0.6111316657722428,0.1739692200476723,0.15656957563283275,0.0006032988661403612,-3.141083500385277,-0.0003159960170853226
17.60238027572632,-1.5332315695870578,2.1318800434610337,-9.615980123060242,-0.07875039515694915,-0.03558178267937025,-0.3815199446819662,-0.6111536356085989,0.17393815865687384,0.15656226927185457,0.0006665504283782124,-3.141039479121344,-0.00030835760854683276
17.61036229133606,-1.2298634011188259,2.290952249982931,-9.583095754230298,-0.08458904145893559,-0.03071087630376734,-0.3806198451597663,-0.6111165244196418,0.173977940643978,0.1565209072298422,0.0006163044994451246,-3.141072942322079,-0.00031607750409635163
17.618285179138184,-0.9921233779827945,2.342917797814769,-9.504393164711884,-0.08551930529747552,-0.02419870020363024,-0.3805146771243473,-0.6111256931130866,0.17394566905045603,0.1564967574260665,0.0006675755711485581,-3.1410775088643033,-0.0003194633786978221
17.626249313354492,-1.1808452963628004,1.961270229813174,-9.472099490985586,-0.07292373546533516,-0.028252811255887127,-0.38524554924731064,-0.611140183691601,0.17397067000607974,0.15644907781023135,0.0006035588528794901,-3.1410845774441265,-0.00030555859554978976
17.634329319000244,-1.3061917052039722,2.3762806592858974,-9.489251010086274,-0.08459136820556415,-0.030850725318697047,-0.38806678872926437,-0.6111285843096415,0.17397351652419485,0.1564418953559463,0.0005655904455353371,-3.1410982763224635,-0.0003523397065026127
17.64232349395752,-1.0472238201324406,2.1662462279557526,-9.510297648870237,-0.08073120986413944,-0.025210573003067737,-0.3822227145613306,-0.6111244427521646,0.17394513147935986,0.15636936209581703,0.0005995393521662767,-3.1411156422733786,-0.0002916995320627229
17.65028691291809,-1.1943676589537062,2.16820171691215,-9.501267923882871,-0.07912939425267979,-0.02698999364625275,-0.3782467632407039,-0.6111390678548897,0.1739342053907213,0.15637999284311893,0.0006700169393802226,-3.141057231234561,-0.00022518696111994272
17.658421993255615,-1.2930682347368405,2.131759386285547,-9.584740415814041,-0.07673864625224158,-0.03328134638754752,-0.3802292994810394,-0.6111182143436539,0.17397189942893931,0.15637421689111505,0.0006112746510464671,-3.1410653310404997,-0.00034858525539025966
17.66636848449707,-1.0749245639421232,2.211559392997713,-9.483098783387772,-0.0823509460778168,-0.02580645698952839,-0.377046555278694,-0.6111326330093279,0.17397552427049154,0.15632139473596054,0.0006318411375990314,-3.1410788585096907,-0.0002733097920061414
17.674325227737427,-1.5125018406185147,1.9968833729496576,-9.528493721007175,-0.07481785021119655,-0.03518407975856048,-0.37642011245845475,-0.6111341832397379,0.17397970498007953,0.156347875371954,0.0005677136597095842,-3.1410150195515576,-0.0003323986133586124
17.682373762130737,-1.2463766992097045,2.2162368639056873,-9.579284668093333,-0.08184459522315947,-0.03077712318524619,-0.38259690659752227,-0.6111293124061781,0.17396832238644308,0.15630628221677229,0.0005942296901119335,-3.1410466709308205,-0.00026313002100839417
17.690528869628906,-1.4902567610691109,2.1264075544719856,-9.504458877801914,-0.0793459064086401,-0.034223332391103145,-0.37926740353866206,-0.6111221753937548,0.17397266181332688,0.15627778980143692,0.000601571354259712,-3.141046459992053,-0.000297417436535701
17.698338747024536,-1.4550827415206018,1.996044205765404,-9.631895960128785,-0.0783333547978569,-0.03370689928497149,-0.37725571973609506,-0.611126884089968,0.17397558845959005,0.15626117225802177,0.0006582168434899254,-3.141022336186053,-0.0003247489568247766
17.706414461135864,-0.9433275181024164,2.301237154173772,-9.57766324435358,-0.08402684135951075,-0.022278487224234353,-0.38126781065968185,-0.6111260619323532,0.17399106021065477,0.15624833690344292,0.0006278973053591661,-3.1410089466706013,-0.00037033779952923746
17.71639132499695,-1.4017346901729628,2.177062032723013,-9.580052199465115,-0.08173617322367895,-0.03168376849766455,-0.38168750408696117,-0.6111373652863047,0.17394118354779417,0.15625994150377606,0.0006662742703588022,-3.1409651028014456,-0.00033552073701132866
17.726253747940063,-1.599255483803735,2.1148959914445027,-9.59415850852866,-0.07725605283830748,-0.03585296428223648,-0.3700699215059535,-0.6111207076172563,0.17393025160336553,0.15619000642644587,0.0007180954760437093,-3.1410850717463243,-0.000298474869023612
17.734238624572754,-1.501932261642921,1.8698010972249712,-9.571660087381403,-0.07453057769419306,-0.035764139248574536,-0.37336114857514985,-0.6111283397139856,0.1739395498697325,0.1561591274872921,0.0006289325450874524,-3.141044393201615,-0.0002834433942919984
17.7424054145813,-1.2922545353683088,1.4885637029974859,-9.594394082849197,-0.0640516833893903,-0.032787040897737714,-0.3770800567123042,-0.6111432324048933,0.17394339856090416,0.15615630640796874,0.0006414526850442376,-3.1409867378126313,-0.00035236175638942097
17.750306129455566,-1.1679125230857523,1.7811867864709723,-9.457530564991384,-0.07016600774191255,-0.02904094390679522,-0.3734767031171488,-0.6111200502561903,0.17396204317683991,0.1561094021014991,0.0006222486837017897,-3.141047147762767,-0.0002938575800909114
17.758196592330933,-1.1835891153622764,2.2267132668239427,-9.40627917598926,-0.08288901041685953,-0.027427609670091172,-0.3804794089952839,-0.6111288472868233,0.1739861316630976,0.15611253738380143,0.0005727513266599974,-3.1409805601581207,-0.00042864216305567516
17.766454696655273,-1.3901624741924763,2.051965882795521,-9.54893945208461,-0.07606999825451714,-0.03108437801153469,-0.3756244414305528,-0.6111420008868923,0.17398867832754566,0.15610980934891533,0.000644307905675876,-3.1409274786527566,-0.0004506256460265318
17.776230096817017,-1.1340436615125629,2.1646604076530496,-9.546633390716883,-0.08195179236376093,-0.02946547247516457,-0.3781842680748237,-0.6111038568381563,0.1739771133767189,0.1560285254092428,0.0005668736780555504,-3.1410567827936644,-0.00038671326144124426
17.78432846069336,-1.125466343880579,2.2847752344394285,-9.51754927170826,-0.08406576042253053,-0.027049034101186205,-0.381230902763153,-0.6111456341060236,0.17398492049419517,0.15600868358602724,0.000560103630132958,-3.1409528550515073,-0.00037805047250209106
17.792394161224365,-1.2819711021817215,2.0050120055511265,-9.578483212858897,-0.07558725715002923,-0.030591355073795363,-0.3812806980214836,-0.6111080757002417,0.17398036432250608,0.15592594826152362,0.0005543553972420462,-3.1411034857064526,-0.0003168860267335041
17.80029559135437,-1.1679138087455976,2.0788732955554137,-9.510185488439198,-0.0777309625546762,-0.028577759300590963,-0.38317102566152017,-0.6111416077831126,0.1739494266342677,0.15594397005243146,0.0006658527376858495,-3.1409751743472842,-0.00034303539867951437
17.80836248397827,-1.3505206610682536,2.1028026609740262,-9.529961841690813,-0.07688370197936978,-0.031069451357105312,-0.38684001789485223,-0.6111321655649327,0.17394345094066901,0.15590957054821925,0.0006775248749314024,-3.1409938886212885,-0.0003132896385930173
17.81827425956726,-1.2006749088274247,2.2731226539955456,-9.524707852057173,-0.08231469095945612,-0.03230478115322703,-0.3838749914902831,-0.6111325027754217,0.17396056695181583,0.1558828642741609,0.0006650770793070844,-3.141007299241531,-0.0003365582489384407
17.82636308670044,-1.3707387487393932,2.011682244870759,-9.581159108434287,-0.07704435228190115,-0.03203488701869241,-0.3785935913468327,-0.6111401727628574,0.17395998703562243,0.15585561817228333,0.0006917543852983643,-3.141027300613571,-0.00047959064422105433
17.83440661430359,-1.1804982497082668,2.191618823088789,-9.545844099317433,-0.0802757937190517,-0.027641794126003642,-0.3776459130304844,-0.611132614442055,0.1739898372820147,0.15583031434435798,0.0005701856402381064,-3.1409870636568917,-0.00036012610957036363
17.84229302406311,-1.4088149029927965,2.2947844876914334,-9.599528787077517,-0.08183147996329736,-0.03331379066977552,-0.3752642631640385,-0.6111285954475902,0.1740034512727755,0.15579009316801562,0.0005645775105906727,-3.1410064683001835,-0.0003282171375328464
17.850234985351562,-1.124928016458226,2.0406731376500145,-9.612044291355545,-0.07714997114237855,-0.02704889559775763,-0.38020290710950216,-0.6111321834032025,0.17397919958148128,0.1557601953771714,0.0006349068800563688,-3.14100703048807,-0.00040837031295570976
17.858383893966675,-1.2819548322424514,2.055229227263653,-9.657466570244228,-0.07627710889445692,-0.02957134498065925,-0.3728480774026991,-0.6111365584706243,0.17396808509122244,0.15573592788063656,0.0006104676726674935,-3.1409922718289836,-0.00030422568515777983
17.866239070892334,-1.3421442317319006,2.061920533619504,-9.6428886631286,-0.07876697779394805,-0.02957236724371711,-0.37782710017522175,-0.611129954363656,0.17397188120688475,0.15570236118246922,0.0005846587426064067,-3.141013811530217,-0.00030694306675654734
17.87436866760254,-0.8923780682043135,2.1315623013501663,-9.518129679382715,-0.07988075563416343,-0.024744320183607255,-0.3813718207478876,-0.611139868084787,0.17395794371642015,0.1556760126737052,0.0006309868372885343,-3.1409905624075103,-0.0003468937727706145
17.882351875305176,-1.3173881708847044,2.1779783877892624,-9.511242494843675,-0.07763108455817623,-0.02896137358676123,-0.3811347845232792,-0.6111402590247998,0.1739547427437696,0.1556786162937756,0.0007016791973676627,-3.140986693938788,-0.00048209500102544084
17.89031219482422,-1.5083933535903897,1.8669866793986942,-9.639248137399473,-0.07252464392821499,-0.03610438194315913,-0.3702031240953398,-0.61114045608183,0.1739619991321691,0.15562742795416756,0.0006573217316996086,-3.1409645854299204,-0.000296467386161988
17.898309230804443,-1.4922483390785737,2.1301414047287093,-9.517792996836826,-0.08042648670824236,-0.03545219299533064,-0.37669618548651396,-0.6111219908625243,0.17395373822506827,0.15556937549614314,0.0006382120122357678,-3.141068640310576,-0.00036747917594290254
17.90645742416382,-1.3404629589306445,2.098436473871168,-9.352957654186726,-0.0776287759216817,-0.03387425773204528,-0.38337147680417066,-0.6111116782193585,0.1739785824847804,0.155540545750656,0.0005934572176646648,-3.141074960750949,-0.0002534632763674332
17.914451837539673,-1.3184972050330377,2.2199706245301973,-9.300487669648469,-0.07998751298588007,-0.033759736569251554,-0.3807566570777542,-0.6111375665237458,0.1739706297477707,0.15553396737396974,0.0006899359248270255,-3.14102278460686,-0.00039912898491240023
17.92255926132202,-1.47459593849144,2.3337440591806793,-9.483135599941631,-0.08341168273648673,-0.035371430426479694,-0.3804362604536244,-0.6111304374843256,0.1739473019597462,0.15549324493244435,0.0006903572412234712,-3.141042912130017,-0.00030797063942699477
17.93023133277893,-1.6584297633103795,2.059160576914885,-9.532196599690884,-0.07619026668328881,-0.038917543414825714,-0.3798203396838431,-0.6111290614900777,0.17395771027719856,0.15547013665299986,0.000697880454647765,-3.141001817910891,-0.0003339069559260048
17.938323974609375,-1.0862545972685715,2.4132069322035794,-9.367376114258626,-0.0836684747890373,-0.02899848754681027,-0.38103205796152423,-0.6111331826950358,0.1739425255053989,0.15543357139141134,0.0006337463271203049,-3.1410381849385214,-0.00034722351518579427
17.946295738220215,-1.3939673209480579,2.0592164498509167,-9.526309577642575,-0.07785873227334623,-0.03570825953049151,-0.38006985861661846,-0.6111328758430987,0.1739620206604445,0.15542881064095715,0.0006652158018040794,-3.1410360794600174,-0.0003413839532962175
17.95425844192505,-1.5677940856884407,2.2729819537058837,-9.435589758094032,-0.08195817736524427,-0.03677072981310311,-0.37479959435000754,-0.6111307234711625,0.17396871888986665,0.1553912572758376,0.0006087037249436354,-3.1410515403792476,-0.0003203657855923405
17.962259769439697,-1.0626820144408171,2.1688748522513026,-9.471509088336344,-0.07902886398076797,-0.02704792876064287,-0.3791337576487423,-0.6111485019974477,0.17396194100329193,0.15539485818668475,0.0006289481950971821,-3.1409541031794883,-0.00037397640804278645
17.970237731933594,-1.1554105160834702,2.133056141994137,-9.36576700943152,-0.08335695543125056,-0.027992992182474922,-0.3849667375119067,-0.6111438832352768,0.1739428942991303,0.15534534159088803,0.0007115733944386928,-3.1410238701165287,-0.0003720728687469873
17.978355407714844,-1.3824524484271583,2.1254263895670937,-9.364047072943578,-0.07562680369265162,-0.03638856458411175,-0.3785872323585717,-0.6111381019834053,0.1739563221818581,0.15532822808942917,0.0007192380459319833,-3.1410315096597543,-0.0003510888947398113
17.98626685142517,-1.5701373964146428,2.0115493907803423,-9.482642622934296,-0.0771738629071343,-0.03559894395668583,-0.37368331171845737,-0.6111175382869752,0.17396398456665865,0.155299208798383,0.0006802285979742288,-3.141034630929588,-0.00036296682608728586
17.994300842285156,-1.225637326969012,2.16135453387309,-9.409895475160857,-0.08243742084771614,-0.028277213479327025,-0.37805452800782563,-0.6111381774250373,0.1739593365925771,0.1552757133245805,0.0006873295370651745,-3.14099320679969,-0.00029381919199446033
18.002317428588867,-1.4142000707166738,1.9422875048835115,-9.395118733822857,-0.07745828648608488,-0.032137314363657736,-0.3815498317663212,-0.6111402566974852,0.1739363845664282,0.1552871745651218,0.0006882949180482167,-3.1409599115662132,-0.00030784034540124144
18.01049494743347,-1.326205964775877,1.9445398515469752,-9.538189928652073,-0.07556012773424899,-0.03024732937304688,-0.3807412740500076,-0.6111405653594109,0.17396683419941417,0.15524580357934775,0.0006057179702392028,-3.140964814932657,-0.0003320226143085242
18.018258571624756,-1.5234229652127893,1.616002041825653,-9.542609263610412,-0.06595620700856954,-0.036449617474490506,-0.37901096613851665,-0.6111088313587725,0.17396963602278295,0.1551613667899359,0.0005226563432278729,-3.1411189964390367,-0.00023925448713810988
18.02636480331421,-1.385443069279901,2.3331405063558615,-9.293374875966123,-0.08526969162359276,-0.03277641178656507,-0.3812383913676367,-0.6111292495322282,0.17398449530429758,0.15518904053180801,0.0005978328997101738,-3.1410301944809955,-0.00032864258447116263
18.034321784973145,-1.6175288073740939,2.1288919806803084,-9.609616857612194,-0.08057664366123847,-0.03822741459218699,-0.3747855221636804,-0.6111227471451193,0.17396442159629805,0.1551370553962017,0.0006237681879131412,-3.1410580965768005,-0.00022413852630499704
18.042255878448486,-1.4130021807045592,2.1004525840493904,-9.466297107425058,-0.0785455631006118,-0.03417372737167724,-0.3753391390767694,-0.6111436515617654,0.17396380874267578,0.15514730894601783,0.0006388132661613306,-3.1409834698829497,-0.00046723808237938345
18.050484895706177,-1.1841252314506565,2.1333640839102603,-9.43530809240024,-0.0772916077403417,-0.028829329029871363,-0.37945147571463383,-0.6111182391540801,0.17398417028797167,0.15510098343740908,0.000555613031050599,-3.141058435098465,-0.0003095682608264252
18.05834984779358,-1.3818345190879826,2.1652076135185325,-9.442298226224763,-0.08116035203988271,-0.032383930108098126,-0.38474468945942597,-0.6111538675535952,0.17395154964629855,0.1551495454860084,0.0007158776569323171,-3.14090160588172,-0.0004849919444772688
18.06632947921753,-1.3631322703069344,2.051309258743519,-9.409230138040071,-0.07454686631861959,-0.03150184512091608,-0.37754016954522834,-0.6111324163082045,0.17395569426657898,0.1550504244600051,0.0006595345786032095,-3.141065704462097,-0.0002756910496143044
18.07442045211792,-1.2712862188227638,1.9741656347846643,-9.451479429039368,-0.0751160129954683,-0.028169285907855644,-0.3804807214534051,-0.6111184836154224,0.17398114386714736,0.15503180959471258,0.0006195067480445853,-3.1410752884919333,-0.0003316907323946902
18.082449674606323,-1.014247175877858,2.174481847324793,-9.515069108835121,-0.0827256259960563,-0.024628272254165216,-0.3849423167408062,-0.6111382576217498,0.1739582107246745,0.15503718773031855,0.0006850194055354784,-3.141006201193584,-0.0003170507974769715
18.090341329574585,-1.2747398197502677,2.0431246491573267,-9.504482895164198,-0.07590935722185774,-0.030190568094074062,-0.3774665792319659,-0.6111208414041595,0.1739759947603498,0.15504487979573256,0.0005703267908825074,-3.14095646774329,-0.00037918430572285927
18.098368644714355,-1.416140127681417,1.9197867421411579,-9.57719051700495,-0.0754555694494095,-0.03474838661002242,-0.3811110223294501,-0.6111352104912754,0.17398468403233308,0.1549923195607762,0.0006592372569772977,-3.141033168950101,-0.000330515587392011
18.10623288154602,-1.4181483548925455,1.8581839253731032,-9.597918289722216,-0.07305230126253817,-0.036314063255255664,-0.3788770717061064,-0.6111376539111762,0.17393807412680626,0.1549726556413376,0.0007571517826796063,-3.1410166790232865,-0.0003147863672130555
18.114400386810303,-1.1195162858010246,2.4112242464918148,-9.266879677817133,-0.08373173024307441,-0.02838624734090587,-0.3811484620700879,-0.6111344193377125,0.173943682860011,0.15497941787668157,0.000732231736087722,-3.1409571914053,-0.00034873483329595395
18.122480869293213,-1.3933468581709954,1.8088955515138232,-9.630271806124556,-0.07070664481547628,-0.03322775243791318,-0.38325763356142384,-0.6111388425750832,0.17398016181252088,0.15495000432363545,0.0006415470589386039,-3.140987120154307,-0.00031620029118157656
18.130367040634155,-1.200888591153735,2.002250908848547,-9.60756922489096,-0.07618836486291099,-0.03488159728663303,-0.3815067815713866,-0.6111408007881284,0.17393343567376102,0.15494436039270698,0.0007210529643346771,-3.141010851360912,-0.0003690321091853702
18.13821244239807,-1.6004910656873523,1.6487551944621692,-9.68364984915892,-0.06817969169952057,-0.0351743969142676,-0.38342664107616997,-0.6111512300998677,0.17396795092634137,0.15491974245129642,0.0007323196832752023,-3.1409509967156213,-0.00041074978752484955
18.14639925956726,-1.4760838384257957,1.8383359224909976,-9.67635825110944,-0.07356308890991789,-0.03519547492759656,-0.37496219290818616,-0.6111353169128259,0.17394860652838012,0.15490110003118227,0.0007517983191469665,-3.141003302368997,-0.0003812966930773648
18.15433931350708,-1.2696588097770927,2.0232541775656365,-9.589455846265523,-0.07769439916257281,-0.03176446021605213,-0.38310792759610934,-0.6111444569783915,0.17396639882815748,0.15487478664143706,0.0005913870724459411,-3.1409654797533206,-0.00038434964797295294
18.162347316741943,-1.4685530739790065,2.0402358969734036,-9.622150996156146,-0.07802946519348393,-0.03230198928844749,-0.380091602497913,-0.6111585436528609,0.17394926397684485,0.15487472811768443,0.0006620672538103131,-3.140925035626906,-0.0003949937610012198
18.17015838623047,-1.4252922099187277,1.8744153238989574,-9.534885010097366,-0.07204142354849738,-0.03609420575655409,-0.38174821615100474,-0.6111261272060227,0.17396064365622754,0.15484661193133414,0.0006367253216579207,-3.140984692974189,-0.0003372534104202326
18.17824649810791,-1.5036808009339275,2.0117128782044538,-9.574077549325606,-0.0771489151023036,-0.03730535094721556,-0.3735398946060982,-0.6111095759997524,0.17397162736469837,0.15480505118801646,0.0005272642088161349,-3.1410690539758837,-0.00026672961208932004
18.18628168106079,-1.292418068448813,1.9500486908030168,-9.456574980627849,-0.07554184442391097,-0.032275056612415656,-0.37328705491433734,-0.611146935600168,0.17396800875533402,0.1548307757095776,0.0006885090891368515,-3.14091161119961,-0.0004357126675769993
18.19422698020935,-1.5628742458072438,1.8416602785126892,-9.550525376479662,-0.07213413403057845,-0.036030101966435704,-0.3726005517263844,-0.6111354576652387,0.17394869987985573,0.1547752414771244,0.0007018279341732078,-3.1410186744917583,-0.00032329628792543945
18.202303647994995,-1.017369947780905,2.2146125898061615,-9.459869919399836,-0.08070274114422275,-0.025635324230935733,-0.37866748657763494,-0.6111399992110084,0.1739809146126924,0.15478743458411592,0.0005811145255616517,-3.140936304238666,-0.00041285508157311556
18.210356950759888,-1.6159592744764966,1.9212934457399555,-9.5227830939449,-0.07194103520028922,-0.03827924227722289,-0.38423051492224775,-0.6111488036409559,0.17393556223089868,0.15474001011218905,0.0007610338333323411,-3.1409777058442314,-0.0003143233187851745
18.218347787857056,-1.0755606182826651,2.034888367764455,-9.536797819194922,-0.08116387820320718,-0.024994480822339873,-0.3762843106752553,-0.6111439746676854,0.17395215115920545,0.1547429042618751,0.000715413330385086,-3.1409737178089623,-0.0003447552446453134
18.22622799873352,-1.4569664384869006,2.122495719601376,-9.464700930891723,-0.07931753754504105,-0.0350183215181995,-0.3796707100429004,-0.6111360520302455,0.1739742728754077,0.15470733939263387,0.0006268862446643323,-3.1409829215475553,-0.000388151750192031
18.23437786102295,-1.1278511227938302,2.0365728053304064,-9.580034158799839,-0.08088558273245637,-0.028333120619912836,-0.378922063527683,-0.6111315512847257,0.17394132412654728,0.15470271080514614,0.0007428817979942652,-3.141007805457704,-0.0003461416182506267
18.242199897766113,-1.3061752003848022,2.0338300916443304,-9.537352804887032,-0.0788735583123464,-0.03146498525538983,-0.37609180039276174,-0.611137398508986,0.17399279938446147,0.1546755122762301,0.0005559126888355517,-3.140989513319286,-0.0003036122716840422
18.250218629837036,-1.125850443523129,1.986064366264441,-9.36232842313392,-0.07682127196058458,-0.026106460201111605,-0.38099958873294587,-0.6111277790842398,0.17397375379974253,0.15465439354391294,0.0006443427056510646,-3.141048800066518,-0.00034714298330025236
18.258361339569092,-1.2618026208412612,2.1199194057216664,-9.460955090898771,-0.08035243922258192,-0.03065651009370886,-0.38236205682086793,-0.6111397806383685,0.17394094090249873,0.15465055029653813,0.0006862312077585819,-3.140966629745626,-0.00030657432353058275
18.266510248184204,-1.206191453381923,1.9898097318788392,-9.372956178668074,-0.07814976850634443,-0.027768849379205495,-0.38717710397706584,-0.6111429417071025,0.17396668414102728,0.15465194220315365,0.0006411425449455286,-3.140969832226261,-0.00031769161193166234
18.276467084884644,-1.3376270528980787,2.1711857625413113,-9.53514233993564,-0.08185260234671209,-0.03137863676705388,-0.37983443964234925,-0.6111294619744175,0.1739645799669544,0.15461629098335433,0.0006974722999506725,-3.1410443303199327,-0.000372993578054382
18.28435444831848,-1.380894846235618,2.257056007397658,-9.470502403563245,-0.08303702156603072,-0.0326108913061265,-0.3780463367850482,-0.6111316365317648,0.17394736949676304,0.15458802295063384,0.0007250332125773488,-3.141031465547555,-0.00037543843313746873
18.29230308532715,-1.6153565115188868,2.1771474874430856,-9.46798079366554,-0.08134570354091555,-0.04111260403556134,-0.37469355726311,-0.6111674358935048,0.173947829285224,0.15460998270655002,0.0007440265613649666,-3.1409228521419426,-0.0003999888326561044
18.300575017929077,-1.3147401902346592,2.215674093321137,-9.403929179434403,-0.08131664278200727,-0.03066997082977707,-0.37242604288488146,-0.611127144683097,0.1739688200647931,0.15455669292130517,0.0007358095355124265,-3.1410211707488287,-0.00025232820702487013
18.308491945266724,-1.0278173786657938,2.0402071675515505,-9.471435617568515,-0.07826503078815156,-0.02548498808985341,-0.38517980842107324,-0.611104188002885,0.17397508828088368,0.15453988091779317,0.0005782639789109137,-3.1410320292694776,-0.0002715030868659838
18.316347122192383,-1.4761223039791762,2.3139990957768632,-9.425492337604593,-0.08308310049277526,-0.03455476151188851,-0.3844545157208408,-0.6111457384581879,0.1739445151771202,0.1545415453629022,0.0006932993567661952,-3.1409480117850856,-0.0003201693551806016
18.32438588142395,-1.3707395457151275,2.005975919271638,-9.549943818018724,-0.07788360999434021,-0.03270219017839423,-0.3801552502051778,-0.6111575709725109,0.17392915693609198,0.15451948024678325,0.0007339829910756098,-3.1408884740812035,-0.00040536726209585284
18.3323392868042,-1.6312383580853582,2.0567549553813778,-9.45967598954609,-0.0771296436958278,-0.03595963697240954,-0.3708726800411385,-0.6111232597707665,0.17398382823583886,0.15445298810234379,0.0006046815055621214,-3.140982880512026,-0.00033967084344223465
18.34028649330139,-1.4406502397525331,2.3898236231516763,-9.396532996084977,-0.0849581825065394,-0.03688522755473311,-0.3760366953610318,-0.6111211360482691,0.17396222092422037,0.1544039570899145,0.0006108634573208758,-3.1410321257515825,-0.00024050506642108778
18.348389387130737,-1.271464997376329,1.6778921586428788,-9.436406536583181,-0.07108565458499085,-0.03539202140642071,-0.38066880613678067,-0.611132187953144,0.17396671837580782,0.15440162314853645,0.0006247651916869929,-3.140979744705046,-0.00026273250065347593
18.356295824050903,-1.2277734025364073,2.15603176882989,-9.61173412148376,-0.08268045608391991,-0.031234473383399512,-0.38069938689073973,-0.611132886573788,0.1739553881713223,0.1543623366511463,0.0007202865614245411,-3.1410092083220262,-0.0002816939323715025
18.364286422729492,-0.9326268107677522,2.1336938296455785,-9.371369703421882,-0.08007829923941337,-0.02621059161029072,-0.3845796337326895,-0.6111370051771546,0.17397806927181242,0.15432427408988658,0.000650205891469757,-3.141032440286708,-0.00031028186267352623
18.37221884727478,-1.0634949875174926,2.078357594014032,-9.414081185423921,-0.08284480233190807,-0.030393580151658536,-0.38395661731072134,-0.6111295389567709,0.1739496081036448,0.1543266016550566,0.0006955382954220983,-3.1410065676258254,-0.0003119288025962649
18.38025975227356,-1.2509138360658636,1.9712643976481812,-9.54392815778863,-0.07610503563501592,-0.03205869136817145,-0.3828556005734334,-0.6111185359049225,0.1739568450527301,0.1542478206307937,0.0006387416184049225,-3.1411403698039635,-0.0003167930226754336
18.388343334197998,-1.0731881472614289,2.354492345098145,-9.421936188125066,-0.08681039376146804,-0.026835358622282483,-0.38232547645111736,-0.6111312442477878,0.17394823451057387,0.15421682191621178,0.0007233176817459412,-3.1410798721717303,-0.00022081356075690482
18.39619207382202,-1.2382810956643204,2.213630071852045,-9.379156954448844,-0.08121903764440136,-0.029415046742203764,-0.3773792205557678,-0.6111446969123508,0.17392587145573513,0.15419708764601392,0.000696667220180377,-3.141068788394225,-0.00021446273377339684
18.40436816215515,-1.2606705931560669,1.9679676251294334,-9.289109202377766,-0.07621175422965032,-0.03199535153578341,-0.3831573232675003,-0.611144752334944,0.1739307272823093,0.15420737080301616,0.000794400255455971,-3.1410171661623356,-0.00024965712902658344
18.412363052368164,-1.1275156857735953,2.0072943573410114,-9.45568852165223,-0.0798363587989563,-0.02708693178877697,-0.37790983075276346,-0.6111285841479915,0.1739720928180555,0.15415510847740393,0.0006926507963750485,-3.141032439868942,-0.00030128395360843474
18.420334100723267,-1.4266505019840081,2.118859606159844,-9.575176034493587,-0.08287881787763594,-0.03500947121073481,-0.386505455133312,-0.6111310317591662,0.17395024313911672,0.15415626883726813,0.0006538543250289664,-3.141001897299313,-0.000226575694023034
18.42860698699951,-1.4007806042152073,2.365308506894855,-9.58721965375403,-0.08809067553895522,-0.033456767603381836,-0.3780383412119251,-0.6111451221509592,0.17397692542742674,0.15413137842093666,0.0005956602331269606,-3.1409986684067386,-0.00025625186812497917
18.436357975006104,-1.0801812401584632,1.981051523000957,-9.355988888712458,-0.07537246391535693,-0.02698112005797244,-0.3848943059313782,-0.6111498390315879,0.1739365566299992,0.1540968921895689,0.000686652974293437,-3.1410134511509806,-0.00020861753554883187
18.444373846054077,-1.0862983089189082,2.256176180557046,-9.598800424138584,-0.08558392037689527,-0.024355025381555127,-0.3734191460235936,-0.6111446712502221,0.17398156101084655,0.1540571992301639,0.0005590019528212358,-3.1410298693077126,-0.00022332337592772045
18.45237374305725,-1.3726291918255835,2.2340634021118313,-9.366807482745514,-0.08276599397385014,-0.032366936341092896,-0.38042875730382797,-0.6111251430830847,0.17394742364572244,0.15404511402619092,0.0006551612917012157,-3.141059004103975,-0.000233270935767993
18.460455894470215,-1.0601997381239276,1.982455717230116,-9.403424708256418,-0.07585261756301565,-0.029382209718217447,-0.3835592446538382,-0.6111358354058127,0.1739624652759406,0.15402126954533402,0.0006501661537915228,-3.141056741671817,-0.0002502091837179758
18.468331336975098,-1.1848524471350084,2.4941664752860637,-9.43820350548088,-0.08527877003755249,-0.031996077171165156,-0.3820851862354123,-0.6111574158865039,0.17395423479270572,0.15404184223742934,0.000669539726300984,-3.140949469247635,-0.00034696134528991896
18.476304531097412,-0.9581126481724181,2.1222773455604504,-9.539707015579397,-0.08075496969793443,-0.0224786022170075,-0.3853891225962669,-0.6111439751193395,0.1739635729455661,0.15397547643734114,0.0006880404416620177,-3.1410128885460944,-0.000322115140944404
18.48445463180542,-1.1470141523280482,1.946034158387877,-9.545016099011518,-0.07451514140714774,-0.027020348477433103,-0.3750034431410121,-0.6111497418335973,0.17393095196012842,0.1539758461276533,0.0007025088671214019,-3.1409743949410873,-0.00025225323665133343
18.492533922195435,-0.7375878200455058,2.3340823445738366,-9.53230307906991,-0.08374917752705556,-0.016977755709298027,-0.3845277876919207,-0.6111435661892469,0.17397703526251945,0.15393077500533628,0.0006319108788904242,-3.1409897717789304,-0.0002829573058697587
18.50039577484131,-1.163420136074374,1.990834119082319,-9.562406357233957,-0.07534970425173558,-0.030696331851994167,-0.38029226188450865,-0.6111264415147721,0.17396597711735487,0.15392868146886446,0.000619177796665244,-3.141028392696152,-0.00031586388107229454
18.508427619934082,-1.0025189382620665,2.1331496985963585,-9.511850227932044,-0.08201093193675017,-0.02615526667499289,-0.38319273658212205,-0.6111354012018327,0.17394449512971163,0.15388904785598134,0.0006713923423586896,-3.141032115123564,-0.00031212498388738996
18.516514539718628,-0.9132122232341034,2.2909318106986047,-9.561126633858487,-0.0844122210298955,-0.023511183726885283,-0.380268599388234,-0.6111196987393988,0.17396379690706934,0.15383563153481467,0.0006508383012617656,-3.141076541835393,-0.0002515794944502604
18.524479627609253,-0.8620667094105066,2.020868699534864,-9.531332988139571,-0.07608282569649812,-0.020968319074425455,-0.3774402835750577,-0.6111423846473059,0.17397857488828924,0.15384886990363017,0.0005747873774771555,-3.1409707616030946,-0.0002024604593286834
18.532315731048584,-1.0130507798788904,1.9935057223051589,-9.468504773355574,-0.07539768590231995,-0.02379684324948567,-0.37555554574868516,-0.6111349804476982,0.1739394738766062,0.15384667920850634,0.0006964450205033056,-3.1409811129377325,-0.00028068411464050007
18.540324687957764,-1.2633902119005558,1.9951620749451038,-9.596581633214905,-0.0725425167925438,-0.031192413898320673,-0.37356848939685333,-0.611146110111749,0.17394235399571045,0.1538165808753098,0.0007047678613524356,-3.1410096955190445,-0.0002931515198489034
18.548325538635254,-1.1782742349653903,1.7938777905630408,-9.808103179363336,-0.07329799162327262,-0.02810506229123901,-0.3773795070862108,-0.6111578554515525,0.173956231479668,0.15382652750721387,0.0007060493982099945,-3.140937478948188,-0.0003895405352308533
18.556257486343384,-1.6131608338765084,1.8818737541295985,-9.537455802177183,-0.07428310806552647,-0.039026744625941724,-0.37713452508258694,-0.6111364836972385,0.17398446129504858,0.15381600163446696,0.000608726735158831,-3.140961468953972,-0.00035417253153904985
18.564384698867798,-1.0196099175074662,2.3397621748830773,-9.363262658405102,-0.08507329330466536,-0.025017684182835058,-0.3845474528841,-0.611130979299083,0.17397121222637452,0.15377652973077205,0.0006660567602378725,-3.141002815406565,-0.00038520891522708894
18.572314977645874,-1.1731276502884014,2.2883946741100827,-9.486926793853614,-0.0828732776880771,-0.02829176041789273,-0.37743820708724046,-0.6111467518755801,0.17396295754847263,0.15375558643621579,0.0006731056705257239,-3.140990947669288,-0.00040244355325795664
18.580293893814087,-1.1045874766692363,2.242217754692,-9.506356589150757,-0.08166674064536901,-0.02624241648818094,-0.3792611728159171,-0.6111633230262785,0.1739584932347747,0.15377318328525885,0.0007251573388051232,-3.1409018014558954,-0.00041054037560804503
18.588402271270752,-1.1673187511670904,2.0036804334299902,-9.409559654008675,-0.07521821214174823,-0.031192740525482543,-0.3770293208283192,-0.6111276291379217,0.17395310839203937,0.15370397343651077,0.0006929160016744557,-3.1409736374825488,-0.00033427207357757566
18.59640073776245,-1.200314932093856,2.015731981632999,-9.212214847270223,-0.0775739838882442,-0.030216410955565823,-0.3814408363795417,-0.611141040006429,0.17393073225819192,0.15368414985388068,0.0006890583874096648,-3.141022761345527,-0.00038821777391448214
18.60438561439514,-1.295634027376157,2.1624652771035224,-9.393204820536265,-0.08135717985415498,-0.03276548189499555,-0.38044504590981393,-0.611140415448948,0.17397604282441043,0.15367647939696655,0.0006243797946393363,-3.140947081256375,-0.00029850885433828865
18.612374544143677,-1.1368436183179589,2.264267028748181,-9.377146507220571,-0.08117291656742626,-0.028971293163250242,-0.38227887229076574,-0.6111639089187966,0.1739644253635528,0.15368136247527214,0.0007459255386096846,-3.1409199283144544,-0.0004380418533921635
18.620340824127197,-1.3754797830816725,2.193290732780021,-9.514101902281805,-0.07876164488557018,-0.03427176639887007,-0.3784756017481591,-0.6111423322240099,0.1739434127523883,0.1536458027750604,0.0007594372121177695,-3.1409776914306335,-0.00028780333601109953
18.628347158432007,-1.091647864626392,2.265066384231424,-9.444094863014607,-0.08142949834707401,-0.025780975142067977,-0.37938505607877343,-0.611145860415451,0.17397693268694925,0.1536419662947794,0.0006106767875358993,-3.1409619356623573,-0.00038725740918881083
18.636359214782715,-1.2672719296118256,1.9637832510457554,-9.589161227134333,-0.07624140894635197,-0.029367812982595397,-0.37920094134910104,-0.611127282497463,0.17396782700389524,0.15360873521814927,0.0006254893734106842,-3.1409561989845898,-0.0002734919655401932
18.644441604614258,-1.3248389494605022,2.3386896248283673,-9.509680440946905,-0.08477003973654686,-0.03359878029456304,-0.3759906094339367,-0.6111299612901491,0.17393610522717023,0.1535634939878201,0.0007214959417747335,-3.1410440477018318,-0.0003549093932406633
18.652491331100464,-0.9312388901862406,2.243461137501158,-9.412355584665479,-0.07821915708369927,-0.025654038801227904,-0.39377889444150604,-0.6111363931165207,0.17396970786220226,0.15357845285985372,0.0006380645460992988,-3.1409423264674037,-0.0003234823387601817
18.660338640213013,-1.0197042006726047,2.368820049100866,-9.404593992683731,-0.08764308883531281,-0.02650897350705554,-0.3815860632170449,-0.6111700005233497,0.17395017218533781,0.15361090512368525,0.0007604084958800487,-3.1408499390936937,-0.0004505771991778393
18.6683988571167,-1.7338427525890476,1.708588390219723,-9.684505587011603,-0.06991976203494536,-0.04198886001211317,-0.37428844714428616,-0.611141299135079,0.1739499185799284,0.15355920556739,0.0006573248287352014,-3.14094289446308,-0.00043091255470048377
18.676311254501343,-1.1980435459148175,1.8317436061325654,-9.524262136459221,-0.07181251247356255,-0.029946986446072653,-0.3768755217189941,-0.6111430549654622,0.17397288409387837,0.15354531570255875,0.0006256833718989295,-3.1409572928577676,-0.00035298006828803443
18.68439793586731,-1.1867146873164272,2.0064987192317907,-9.533565556633754,-0.08003363766042873,-0.025451159512605775,-0.3810084883345572,-0.6111302552962404,0.17395729946496022,0.15351520862730988,0.0006781297089161372,-3.1409575605000573,-0.0003959443358198768
18.69239377975464,-1.306439707353458,2.023809320722034,-9.49406800566,-0.07828013546029959,-0.03039605818182906,-0.37258157347802195,-0.6111474700487367,0.1739772608011824,0.1535176221630889,0.0006650330863105043,-3.1408758816533067,-0.00036985912691418375
18.70038104057312,-1.227087518969525,2.103606749827121,-9.525287631661982,-0.087596079235865,-0.02605729712935871,-0.38106804088379986,-0.6111581977053955,0.17394927793724196,0.15349860272744353,0.0007691002117357179,-3.1409041415039374,-0.0003597584265557975
18.708325624465942,-1.2874076508004069,1.6898830119319281,-9.573686958008842,-0.08134708291757185,-0.024336776431520563,-0.381739742339996,-0.6111410708857428,0.17395599649364188,0.15348275164238157,0.0006273999504961858,-3.1408853844211118,-0.0003459475192094754
18.716302633285522,-1.5930350085057987,1.5909339572325873,-9.53261304402167,-0.08054613772998932,-0.032468123703866196,-0.3732497063829607,-0.6111465482914147,0.17397688200976308,0.15345547838862197,0.0006647783205412438,-3.140918129565277,-0.00032630316953313916
18.724348545074463,-1.43525397084889,1.4133163148870815,-9.585059432832605,-0.07577657445947386,-0.023728525018039532,-0.3765264141247187,-0.6111506398039313,0.17394026716761493,0.15345191848921086,0.0007554106799260676,-3.1409339100950104,-0.0003418329425163442
18.732411861419678,-1.4092190619412415,1.5916381111414972,-9.535847906798233,-0.07475550287005057,-0.024593147124621507,-0.3792608383483923,-0.611151328470875,0.17397956579949184,0.15345558268271803,0.0006486842304459284,-3.1408802926232546,-0.00037114098074575273
18.740374326705933,-1.4838918097597902,1.5929480614528615,-9.461467828115929,-0.0773251306522832,-0.03320419517428243,-0.37441517704930827,-0.6111411135726726,0.1739711734250079,0.1534204108110933,0.0006078453454979109,-3.1409012810158496,-0.00029716915921974466
18.74835991859436,-1.3421995770878339,1.7482819089097923,-9.482400429224127,-0.09354281459888424,-0.022378303464293686,-0.37999422958854184,-0.6111433858398406,0.17395253221566792,0.153380310262466,0.0006670872057440532,-3.140964644565777,-0.0003016573514971004
18.756338357925415,-1.8838137455101556,1.3947280313183523,-9.39703669662003,-0.08927234253919383,-0.030279343673231054,-0.3803814340659698,-0.611144721606967,0.17394674780913813,0.15337809535486197,0.0006930557082936575,-3.1409296044192194,-0.0003668890323314066
18.764246225357056,-1.5141939842246601,1.3906736408114333,-9.305480989787213,-0.09984654213780843,-0.011651567702153191,-0.3808974111559201,-0.6111383118748805,0.1739659430445318,0.1533681259707727,0.0006085880696771669,-3.1409365050953753,-0.0003897910199106315
18.772310972213745,-1.6410219521301872,1.5166876196717243,-9.204699049363503,-0.1025026364109362,-0.018458819707710364,-0.3775377017294823,-0.6111560185072672,0.17396122706085432,0.15337970876001455,0.0006543132912317068,-3.14088234149507,-0.0003545614283155308
18.78033447265625,-1.5028249054870786,1.5490296180627605,-9.382666609180514,-0.09779895653809587,-0.01384090107699707,-0.3768993185353753,-0.6111328544307444,0.1739780193063575,0.15332902164833756,0.0006108353060696099,-3.140930224022017,-0.00041543962250323654
18.788224697113037,-1.4483730720340884,1.7301158640617256,-9.34305666473516,-0.10169168901318489,-0.013088535131004775,-0.3760680986752612,-0.6111474084697034,0.17396788782002626,0.15332487746746923,0.0006093760407030164,-3.140906890847545,-0.00036963857262575566
18.796361684799194,-1.5252217460610114,1.2985889266978392,-9.445997237474463,-0.09781090024817471,-0.013007494068887735,-0.37801659993861736,-0.6111522126838593,0.17392822417346912,0.15330161444067075,0.000821532854065606,-3.140930343268405,-0.00037259465573712266
18.80431604385376,-2.0331438887308466,1.2768740455615375,-9.413471677635139,-0.10530199504536546,-0.022002627647486894,-0.37360385755729436,-0.6111520859540962,0.17393955472219097,0.15326274901665599,0.000695109522327429,-3.140969466140571,-0.00033969787595670693
18.812320232391357,-1.7147080202353462,1.368283531672441,-9.3314640321905,-0.1077559715158442,-0.010375594707578192,-0.37970588550583323,-0.6111385264084007,0.173972137150913,0.15328733337055592,0.0006362633800586899,-3.1408999165143667,-0.0003382680754010906
18.820334434509277,-2.001912880841322,1.2470360416045583,-9.433131170984097,-0.11038858562776785,-0.009490843928546877,-0.37736603638491717,-0.6111569712187999,0.17394030207875433,0.15329319881020392,0.0007005552015007036,-3.14089704730485,-0.00037128040462879286
18.828205108642578,-1.9086246970324194,1.1251292063808425,-9.220341860616081,-0.10639531424564985,-0.011246532915201222,-0.38124815327237976,-0.6111432454543585,0.17395564657232798,0.15327321388995302,0.0006683726042254075,-3.1409323399348823,-0.00033409046545072624
18.836310863494873,-2.0663242286396875,1.4267018997388468,-9.184484237916692,-0.11228423528934806,-0.015720318289297323,-0.38117733039723933,-0.611143935682426,0.173983872088399,0.15323781358872693,0.0006177935987673448,-3.140938358389629,-0.0003134663439299654
18.84433674812317,-1.7249386648177303,1.2535398847113421,-9.330909348980313,-0.11331184960496511,-0.003544458520473955,-0.3804334414862029,-0.6111563659629008,0.1739538349410544,0.15324427556499332,0.0006867279504787724,-3.1409315869695824,-0.0003707800567261225
18.85224175453186,-1.9814735432029076,1.1382334017934235,-9.312232260072452,-0.11678569277883606,-0.011558316620015862,-0.3803658149748002,-0.6111512727195909,0.17396086527278412,0.1532158200913403,0.000643186891161078,-3.140904061794144,-0.0003261255190278382
18.860312461853027,-1.969862084019212,1.1831399628264119,-9.219503162443509,-0.12177631733539639,-0.003926997982428817,-0.3813546010600375,-0.6111391890869148,0.17395184689409598,0.15315574810056354,0.0006897747032414018,-3.1409915759446587,-0.00026027255714088825
18.86827039718628,-1.9288536685661548,1.2388285739823517,-9.357261951658366,-0.12415780252482199,-0.0015656758659204856,-0.3765935150449464,-0.6111449806467243,0.17396228936391417,0.1531649235521425,0.0006563345856192721,-3.1409499444236784,-0.00031607330032746016
18.87636137008667,-2.0052754738045646,1.1058910028165472,-9.349655422887217,-0.12136556839046178,-0.007457837725027858,-0.3774574525908914,-0.6111350572614355,0.1739554114145105,0.15316829309169203,0.0006503570954634205,-3.140961721309742,-0.0003290593024517168
18.884300708770752,-2.109450994833925,1.0633304799266077,-9.340905302279287,-0.12168253373160044,-0.007331917256931981,-0.3729588957780745,-0.6111288576010682,0.17394869305302202,0.15312724930695784,0.000714090052398835,-3.1410284699493247,-0.0003095348659841413
18.892324924468994,-1.773785132174679,1.1330776218751408,-9.202000520110742,-0.11648908595413851,-0.00769902960632789,-0.3786358040499281,-0.6111522676780837,0.1739553273088577,0.15314365469472027,0.0006193668958404602,-3.1409340887366275,-0.00034407262921913725
18.900355339050293,-1.9390582165958337,1.2243183808924119,-9.36944905914477,-0.12188509346515192,-0.007215804470294851,-0.37817269641016416,-0.6111644442579087,0.17393694166163545,0.1531510431375025,0.0007145260176058561,-3.140914071948585,-0.00037602752688016533
18.90832805633545,-1.9956657995965916,0.8888852898313531,-9.298222872296066,-0.12417514044082542,-0.004125552126419565,-0.38074394353372504,-0.6111576853176519,0.1739601675409584,0.15317561436351967,0.0006454955930476832,-3.1408188042574663,-0.00042461308703519265
18.916374683380127,-2.094884716509936,0.6827889306255103,-9.45772458947583,-0.11997980463676275,-0.0062779909621257,-0.3764305465524985,-0.6111323467317671,0.1739664564655452,0.15309083061959838,0.0005492716143613063,-3.1409955106524294,-0.000271092508485735
18.924394369125366,-2.0296877512258567,0.6631308444354421,-9.227945418020594,-0.1242897526267802,0.002563666552209088,-0.3828256815997234,-0.6111487945038372,0.17393242338937537,0.15309055204599864,0.0007097692604255429,-3.140969513637235,-0.0003061413973293447
18.93220067024231,-2.1479418520552747,0.7346607883291947,-9.300343640921255,-0.12459749174201742,0.00041493757912302226,-0.3821769903222203,-0.6111658959610339,0.17396802381751,0.15310250085862254,0.0006719781707337756,-3.1408782054160542,-0.0003398549581800019
18.940235137939453,-1.9437301470600847,1.0018995237504513,-9.46693502640954,-0.12402135525621542,0.002684572640582965,-0.3814360208370412,-0.6111645797687016,0.17394000312747832,0.15311926084713012,0.0007414222641160178,-3.14087725375186,-0.0003119829956228392
18.94826602935791,-2.064464642266941,0.8776810740931006,-9.393142798255713,-0.12015297459886529,-0.001101995843528165,-0.3749708571662202,-0.6111706404243352,0.17394515231616167,0.1531013601264965,0.0007241343770561935,-3.1408406285869503,-0.0003843019378014689
18.95633029937744,-2.4165966435336323,0.91720357336822,-9.316401959298029,-0.12271506340763307,-0.010877848183568338,-0.3818759009724762,-0.6111710370310972,0.1739791119270745,0.15311337336810316,0.0006713298831974069,-3.1408518187171435,-0.0003983334092469292
18.96425151824951,-2.3384873562137862,0.8050530647633496,-9.425572794865888,-0.13170245099653682,-0.0022381323353353037,-0.38000677706217745,-0.6111433467122213,0.17397237323779538,0.15308968629750364,0.0006463133564863084,-3.140867832655626,-0.00033264220207919644
18.972368240356445,-2.004365287786375,0.8440485374532776,-9.51760622422271,-0.136333472381342,0.00582637655630811,-0.3787639208518027,-0.6111433220613957,0.17397331916437983,0.1530169220984522,0.0005879986318854041,-3.1409634925281167,-0.0002676884632383523
18.980353355407715,-2.1920768364871424,0.3671167682854758,-9.286919175053674,-0.13209327953297778,0.006381966386883439,-0.38113005845413545,-0.6111509258071703,0.17396711692674063,0.15303616316858085,0.0006459311518507239,-3.1409002524139242,-0.00029152056442263426
18.98824405670166,-2.0453439007347445,0.9847378606463635,-9.314418443691975,-0.140205755156514,0.003517927967231861,-0.38662696616619413,-0.6111539091163416,0.1739424351221623,0.1530146282711824,0.0007373833549207757,-3.1409450765716453,-0.0003479764174281255
18.996304512023926,-1.9105797583546065,0.5359779931604411,-9.337493173516973,-0.13203893645878828,0.010538161366264079,-0.376708413819141,-0.6111514575726901,0.17395068301700234,0.1530296091555288,0.0007233250970608091,-3.1409031788182316,-0.000354048594103064
19.004251718521118,-2.181154133551706,0.5919195545134007,-9.218383063356615,-0.1329724012106495,0.008340671985600942,-0.38518326291469973,-0.6111392655835606,0.1739589474583799,0.15297170929620413,0.0006461698766663627,-3.140997241070016,-0.00027530159410399027
19.012237548828125,-2.284950604454914,0.8614293480714754,-9.387689527447227,-0.14334660130705232,0.012059788279296364,-0.3817027954384068,-0.6111624505217035,0.17396781181337223,0.15302949652509454,0.0006859861565968789,-3.1408749212187526,-0.00037001427259393055
19.020310878753662,-2.490964413785938,0.44447060911291625,-9.459649782116719,-0.1423862941175031,0.009397047440116019,-0.38245803223993735,-0.611155911589712,0.17397749613795016,0.1530227925867002,0.0006744088649501736,-3.1408576963844776,-0.0004128286556851317
19.030447483062744,-2.248532055482018,0.11026183120027581,-9.572776187037965,-0.13612833151598638,0.020072716939763372,-0.3814038118452979,-0.6111474885029622,0.17395635947713445,0.15300594041619447,0.0006796159152260057,-3.1409019807442586,-0.0003833552273720996
19.040393590927124,-2.1452833231625337,0.42246679199988746,-9.37565094637774,-0.14395849375604247,0.021560718165906784,-0.3865775074906908,-0.611167396214851,0.17397740177495485,0.15299913363000162,0.0006162638210869519,-3.1408446748843,-0.00037341374367631433
19.048322916030884,-2.286099592287607,0.3972368801195557,-9.34860327657414,-0.1376033201225881,0.012272928339539102,-0.3861653186380184,-0.611154437389805,0.17393712458830765,0.15294402858005424,0.0007457727653166261,-3.1408892190688817,-0.0003564370636476089
19.056376934051514,-2.203905909517614,0.33738883788034313,-9.251535891472424,-0.14251561071421356,0.010163734714270036,-0.3801777190240223,-0.6111474612603963,0.1739651627012488,0.1529560948586939,0.0006408133466144136,-3.1408806525580353,-0.0003561494551822331
19.064491271972656,-2.572029000451339,0.1614703167285171,-9.213807834494604,-0.14926671582334158,0.011915786994694618,-0.3787056713679754,-0.6111437571326003,0.17392991915424383,0.1528715058014144,0.0007191290243893085,-3.140972065175851,-0.000263789278023814
19.072508335113525,-2.613814832049606,0.1666401435656634,-9.208516822612896,-0.15404580593873285,0.019670179609352727,-0.37187835552487636,-0.6111599505569711,0.17396502797975424,0.1528888759004796,0.0006484238999309526,-3.14087128357122,-0.0003053887037028268
19.080301523208618,-2.95471802964599,-0.3507503218420854,-9.410570686532788,-0.15197305272439823,0.02420456504031639,-0.3792857006201959,-0.6111577776119735,0.17394206972703896,0.15284757620340472,0.0007335672899593021,-3.1408959909489145,-0.0003069714358071806
19.088509559631348,-2.9895451739334953,-0.4729568744149352,-9.378056719820972,-0.160208333808738,0.027421820997409196,-0.38404914306139437,-0.611166394355256,0.1739538454438655,0.15280545983985128,0.0006808496979717024,-3.1408954204593638,-0.0002781504259174034
19.096349000930786,-2.7450141520600035,-0.2178416980344769,-9.142027124353934,-0.15264907100040417,0.02509288761635328,-0.37847565624735163,-0.6111537171182826,0.17393735373387667,0.15278201810228095,0.0006946680139434289,-3.1409411105215614,-0.0003624163272863768
19.104448795318604,-2.687903236659857,0.02085138554338001,-9.402570980438242,-0.16659444843845778,0.033970311576256,-0.3841768173113749,-0.6111543425658491,0.17394328935380252,0.1527146596001697,0.000695144092746554,-3.14096254179322,-0.00020573444559340598
19.11220407485962,-2.75488553458014,-0.34698376420258437,-9.196828537713301,-0.1677858969457105,0.030259448765069058,-0.38436999313765213,-0.6111587290459194,0.17393069849946804,0.1526866981207817,0.000760734106784291,-3.1409598840894324,-0.00020067687923349358
19.122355699539185,-3.0766077763837685,-0.3599431906182882,-9.067235440013722,-0.17069042208378088,0.02642082530138904,-0.3821670611162473,-0.6111627681430901,0.17396251191793458,0.15267480598797487,0.000677258200708668,-3.140947863415536,-0.0003189159787271525
19.130244731903076,-3.4568654240666645,-0.951684101072959,-9.239673220911428,-0.18195207889996742,0.03843671032099284,-0.37866047230222605,-0.6111512663755112,0.17397216535522783,0.15264032595462534,0.0007023447239690695,-3.1409660961280768,-0.00027271303887243896
19.13829016685486,-3.249842402335489,-0.9176175420653034,-9.363727045024307,-0.17274104303269633,0.04005853376774837,-0.37700406027330197,-0.6111556212302731,0.17393645202797434,0.15260181093047287,0.0007034838590918074,-3.140990080546271,-0.000246185656045583
19.146430253982544,-3.5296949688345243,-1.2064036161590066,-9.310702591328004,-0.1696895856333455,0.03111011218612774,-0.37528191891454327,-0.6111617322276692,0.17395081361516762,0.15257029367711017,0.0007031434683265106,-3.1409757239500005,-0.00020606480540823365
19.154329299926758,-3.4057042454453264,-0.8956839455861204,-9.046215255502593,-0.1775325003642721,0.0358452738208838,-0.3800817449092037,-0.6111443649794912,0.17396719269455863,0.15252850992661945,0.0006654442289337131,-3.1410214826330245,-0.000255398976852005
