time,x_force,y_force,z_force,x_torque,y_torque,z_torque,x_pos,y_pos,z_pos,x_rot,y_rot,z_rot
0.016049861907958984,0.9947706197782539,-0.5267769372518949,-2.8717965907206393,0.0021533609374749393,0.04517872086138833,-0.21556444427825855,-0.46708897835059004,-0.047446915679820664,0.32505116582149807,-2.21852419094691,-2.2186106979997384,-0.0074852378523002664
0.024078369140625,0.9123052195131429,-0.47089129523300144,-2.7021147231690454,0.003481071545452541,0.042240646885820236,-0.21249298121672144,-0.46709576449402096,-0.04742558859053865,0.32505292927249063,-2.218584506800199,-2.2185253330593633,-0.007420572365805284
0.032076358795166016,0.9140563603426184,-0.4099640621750805,-2.832900706807682,0.00040718861542006794,0.0399358174098693,-0.21784829306593675,-0.4671013042856088,-0.047422985649008,0.32506598405810844,-2.2185297137819346,-2.218524195487216,-0.007431646971734765
0.0401759147644043,0.9603550065189042,-0.41766208702447344,-2.7020998123568747,0.004277683985130108,0.04279716678361161,-0.213249373064905,-0.46709975045960933,-0.04744528897419844,0.32507097357551873,-2.218422894064031,-2.2186182439148716,-0.007431044403747263
0.05011773109436035,1.060604667930718,-0.6341654935825655,-2.9054534936833973,0.00592488118743733,0.043289643085031075,-0.21560732813743683,-0.4671078268126011,-0.047455457485754034,0.32506811461040425,-2.2184779289251586,-2.218617012569956,-0.007432173745551215
0.05814957618713379,1.0897059924176655,-0.9715512458097999,-2.8107421192309534,0.013016904457360012,0.046948910189508475,-0.21965738375761315,-0.4670928866322071,-0.0474139720860343,0.3250390807086193,-2.2185864785091174,-2.2185993193948557,-0.007444029490545868
0.0661163330078125,1.1120389282209715,-0.7702501306309503,-2.7922726865714296,0.009805506228131098,0.04623461546410364,-0.214316369132361,-0.4670853126823238,-0.047451949196431746,0.32506072610818754,-2.218531123621924,-2.2186049851333904,-0.007392563559028023
0.07428836822509766,1.008485939822052,-0.7822051695531926,-2.739053650954269,0.010317719625917418,0.04450492795557201,-0.2222137577121049,-0.4671078656005965,-0.04743343513385925,0.32505635093072904,-2.218580049498192,-2.2185112472694533,-0.007420975447758835
0.08401703834533691,0.7664155064415792,-0.736220221002643,-2.975281664624564,0.00686729796277656,0.04028700700153194,-0.22069984298393502,-0.4670955314700424,-0.047428648815324125,0.32505612959625074,-2.2185822026502264,-2.21852275163319,-0.007462384722640677
0.09218406677246094,0.8411747496878771,-0.8194629878934991,-2.6205778872291168,0.010102614399616124,0.041831071366071275,-0.22267159191665942,-0.46709157919944255,-0.04743276451898432,0.3250455379053153,-2.218521156947338,-2.218572065191917,-0.007493265746078086
0.10204744338989258,0.9993634568368507,-0.7107455153624428,-2.7056284912068884,0.008548103626921868,0.042468774876873776,-0.22232968684485305,-0.46710527844700855,-0.04743761585022781,0.3250242996279829,-2.218575991106741,-2.2185977960589507,-0.007451824772527141
0.11002445220947266,1.0449024766299033,-0.6996293315827447,-2.5348852961126194,0.004852702133642361,0.044571224687010504,-0.2151984594535809,-0.46711149933219176,-0.047404799936587624,0.3250341701469833,-2.218574865992607,-2.2184532846420377,-0.007411371394661221
0.11817717552185059,1.2167665286733365,-0.8464682909221359,-2.6082715251544135,0.009693435420532656,0.05086195772988843,-0.2207071804873561,-0.467124844057898,-0.047412929797279374,0.3250531737426975,-2.2184663979503583,-2.218456093929235,-0.007299782633819291
0.12603402137756348,0.9964940622453118,-0.5045673240548643,-2.7250038971899464,0.0005642667127927567,0.04533007225191363,-0.21641897685045852,-0.4671055573055848,-0.04742892394688751,0.32504505037347103,-2.2184097024048746,-2.2184235445196245,-0.007284832148492474
0.13402819633483887,1.2900091200378916,-0.526373248924519,-2.852753531361042,0.002022740986812349,0.05130959049617145,-0.21246080994597968,-0.46710963119227505,-0.04742925107937463,0.3249762418626715,-2.218535388737573,-2.218479984801708,-0.007301297868209908
0.1421031951904297,0.9114710152081592,-0.7287801510999626,-2.7948662990541706,0.007771152239582224,0.04098439049767384,-0.21324437728914597,-0.46709663444301197,-0.04742925942105175,0.32500760926917543,-2.2183543166819906,-2.2184449876558086,-0.007258165816689085
0.15007543563842773,0.9532411436607338,-0.9023808841995683,-2.6250693582367357,0.009804806372444328,0.04496909749550105,-0.2205165064050652,-0.4671060630080404,-0.047442146401876065,0.3249716237985868,-2.2183950499341694,-2.2184710283688105,-0.007214958989605919
0.15815496444702148,0.9484213913985047,-0.6120545952170643,-2.552726767125092,0.005331443129552384,0.04308072385490822,-0.21297046499103284,-0.46709792045284754,-0.04743692095591899,0.3249121509133893,-2.2184344169334005,-2.2185025169871775,-0.00728280324693082
0.16620206832885742,0.9379116819330919,-0.33902186152172475,-2.7986094174051397,0.0003754414257990841,0.04349899698880497,-0.22111791666260686,-0.46709247321913183,-0.047409605974145605,0.3248724134101788,-2.2185452875458234,-2.2183914063572154,-0.007352910755761039
0.17403459548950195,0.8348612891580671,-0.668044732838488,-2.8273910352292497,0.0031224691846449904,0.03918975128347458,-0.21456690365222936,-0.46707102914366055,-0.04744756465781444,0.32481543070360575,-2.218466479968223,-2.21854287248636,-0.007376602647889598
0.1819620132446289,1.1643683212369635,-0.9569267149369927,-2.7732013654876493,0.01492392148647087,0.04540804855696937,-0.21425264312180203,-0.46706923465392364,-0.047443685693403834,0.3247938669059893,-2.218451035207416,-2.2185219481359986,-0.007404771990306004
0.1901078224182129,1.0113009573734484,-0.8066920601120554,-2.7128340095840913,0.01030546356266133,0.04509176330062492,-0.21454878400597738,-0.4670667305489047,-0.04744489570006477,0.32471701880117076,-2.2185218474528,-2.2185476602404464,-0.007389129499875784
0.19809460639953613,0.8966074891604456,-0.7300636938804084,-3.6161858905731594,0.004766513464255066,0.0481805843470793,-0.21175686672261182,-0.4670613694865255,-0.047435697382753717,0.32466454164343206,-2.218499430897866,-2.218606394793999,-0.007393341379829661
0.20610928535461426,0.7542121826409827,-0.6561767935309019,-2.7903212443953396,0.00590721525288762,0.03685900768482975,-0.21758831897114445,-0.4670662872063133,-0.04743216044782548,0.32461926473731695,-2.2185408661509243,-2.2184889142913153,-0.007427952350472624
0.2142329216003418,1.3110498345683113,-0.8419012439346233,-2.7723994407893437,0.010245594113264924,0.05165179453187676,-0.21542779142549656,-0.4670762955166652,-0.04744238554752913,0.3246014128461092,-2.218457379692277,-2.218479096303481,-0.007271460001032396
0.2221214771270752,1.0680264307444167,-1.0334419861222843,-2.788128996366242,0.015464631827216632,0.04606227466927006,-0.21211846873773973,-0.467062828364143,-0.04743096217152493,0.324495919673961,-2.218545731728218,-2.2185519910043983,-0.00744148980430566
0.23010611534118652,1.1509532336747001,-0.5618568485170798,-2.760520435614466,0.0029337500044635816,0.049238057252778036,-0.21632689890515353,-0.4670978594214518,-0.047432439732558236,0.32447711758516357,-2.2184632767738046,-2.2185355399438866,-0.007330812540468176
0.2381901741027832,1.1994665050924738,-0.619015922357086,-2.931665934535275,0.0057308911180559835,0.051433045129113016,-0.22076722970502066,-0.46706137474799303,-0.047437760837260125,0.32439049520162,-2.218550787642238,-2.2185166618318384,-0.007452795808098103
0.24611830711364746,1.1367194358559058,-0.7653552471120589,-2.9639268112911528,0.009490282670212328,0.04533406464152895,-0.20914397712906835,-0.46707400346201117,-0.04744864044990268,0.32435116186446256,-2.2184106576684814,-2.218617335461872,-0.007421916801462705
0.2541637420654297,1.2029854688060504,-0.4757295296932092,-2.835616648742827,0.004139272177425147,0.05124521005639478,-0.20754457670241958,-0.4670867449644185,-0.04742261264186757,0.32428300744583294,-2.2185314152792426,-2.218554184094302,-0.007411222832237512
0.26405930519104004,0.914208802849557,-0.5175281479831629,-2.950902268881921,0.0032608550681461697,0.04219150675666701,-0.21272005093641605,-0.4670867606619473,-0.04744390292485305,0.32425229805713807,-2.218443272912961,-2.218607277423806,-0.007343746467726027
0.27214908599853516,1.2538094518642493,-0.5801225317130663,-3.0423065592159215,0.007178654610666004,0.05208849502733941,-0.21194416519582937,-0.4670841199215249,-0.04743381962133751,0.32420884148268786,-2.2185095631317857,-2.2184891741426194,-0.007366014173705439
0.2801210880279541,0.9673807251210806,-0.5276315114234168,-2.818200267216595,0.0008796627674135357,0.04545228676448321,-0.21853197206021469,-0.46708845163910717,-0.04744185386365499,0.3240920723180166,-2.2184133332691824,-2.218700704701177,-0.007532557318658329
0.2880818843841553,0.9722978120865948,-0.5707063379927027,-2.782273185901749,0.004962289788642178,0.043788050208179066,-0.2142278036201857,-0.46707263907635316,-0.047449344747622774,0.32405916626970804,-2.2184612245855884,-2.218585752443067,-0.007400349520441706
0.2961006164550781,0.9264202711670801,-0.8246348537136172,-2.6298421569888193,0.006489452661785117,0.040025218513528485,-0.21204971112821325,-0.4670905263266785,-0.047429634499590666,0.3239800561229097,-2.2185098353251216,-2.2185168516593703,-0.00737525286578757
0.3042104244232178,0.7892703741894587,-0.7224516866853502,-2.789996988613454,0.009777067215876485,0.038101281923980365,-0.21493353838109355,-0.46708350685262756,-0.04743666731747436,0.32388382482023037,-2.2184642001792736,-2.218559172058552,-0.00745019457286575
0.31213974952697754,1.0196581095408233,-0.322085474698396,-2.8131181765842492,-0.001302541511292107,0.04441753807066326,-0.21536335612353233,-0.4671137420339109,-0.04742634606176595,0.32379625207824625,-2.2184900976309527,-2.2185989120040257,-0.007347977792657405
0.3201863765716553,1.071953445003738,-0.8195836306382531,-2.7406831443609176,0.009827545973177348,0.0459753331820049,-0.21942266081528028,-0.4671208039072088,-0.04741952600596471,0.3237482470584484,-2.218492659753715,-2.2185451859080345,-0.007373443816239057
0.3281986713409424,0.7296742984791846,-0.36640688622173023,-2.8398987257473394,0.0009373040865009196,0.03802069581936336,-0.21085276271929224,-0.46709983881959527,-0.04744134758935045,0.3236695637946736,-2.2184420086582355,-2.218565232117772,-0.007416771386130174
0.3361213207244873,1.2587254120977793,-0.861475675185128,-2.6369995941500077,0.010256673614615637,0.04899317834462953,-0.2196288907046204,-0.4671127707470807,-0.04743392171428753,0.32357739005576347,-2.2185115070260633,-2.2185606121914567,-0.007411212934313638
0.34412074089050293,1.061841705433873,-0.6435988352102412,-2.722887797911681,0.00720100881790285,0.04378541405970384,-0.21819816687869945,-0.4670962119904615,-0.047444362809331446,0.32349142297628175,-2.2184914224404233,-2.2186208077735943,-0.00742312433940779
0.3522205352783203,0.6886382596640244,-0.25433284301032355,-2.697165212499686,-0.0027750089859719233,0.038368367701141305,-0.20903115767450706,-0.4671026303101313,-0.0474483567595062,0.3234597124476707,-2.218386828314777,-2.218607136241556,-0.007341005965693719
0.3622262477874756,1.1256986807299691,-0.4948479771734668,-2.9211488590757373,0.0012162412242762701,0.049614517148651296,-0.21310839085718403,-0.46710650376990714,-0.047424134016365464,0.32337743159798077,-2.2184565764260755,-2.218576218687239,-0.007314757023487976
0.37011075019836426,1.2166310057241279,-0.7583293845630006,-2.904887469650928,0.011840479453365605,0.04544100216529988,-0.21467974984642668,-0.46709906304239,-0.04743086461513619,0.32327415096020895,-2.2184486400096866,-2.2186380327645057,-0.007439787326422481
0.3779730796813965,0.9225732149840641,-0.606711229029374,-2.990281303309994,0.004886753832750882,0.0419698361984129,-0.21470258398781317,-0.4671000011666456,-0.047429195918739314,0.3232130427135283,-2.2184804358581367,-2.218564578155574,-0.007398539497940312
0.3862311840057373,1.0112536507789083,-0.4724860639108373,-2.867650510946405,0.0010437348506175653,0.04528120630685554,-0.21627202551454214,-0.4671061223050179,-0.0474319674217262,0.3231117908642122,-2.218478385797885,-2.2185815581751727,-0.00752016132808453
0.39407849311828613,1.156827133272359,-0.8124815793075886,-2.8499477037605834,0.012891001499426647,0.048265497299297334,-0.21605059764906503,-0.46710225646961684,-0.04742074957098466,0.32303542434428434,-2.218543747840636,-2.2185897666034258,-0.007377710396971302
0.40223097801208496,1.0411590192939024,-1.0669190454756812,-3.2102408540164284,0.010891278597522662,0.05052122775983122,-0.21456683199106916,-0.4671089710010273,-0.04744236979936639,0.3229366752224222,-2.2184848789747367,-2.2186244926714385,-0.00739747927387735
0.4101741313934326,0.9074980041922219,-0.6094126030840433,-2.7885361729411398,0.005076736726031364,0.04416004264991103,-0.2145448164277922,-0.46710866917080557,-0.04744190989947474,0.32291401052182606,-2.218438642889601,-2.2185503913669016,-0.007318440266470618
0.4180912971496582,0.9413232359098213,-0.7175406796034562,-2.995688627523505,0.010308430068137446,0.043180278065162975,-0.21928270432737645,-0.4670928858837956,-0.04744615290825487,0.3227911424560672,-2.2184932180566963,-2.218621240015127,-0.007435160654115997
0.42603325843811035,0.9396482638884146,-0.7842811175940791,-2.8957298504763185,0.010652155565187336,0.047218664466753116,-0.21761158125823016,-0.46711243490435667,-0.04743289779053714,0.3227372616810516,-2.2184941708998913,-2.2185852453650647,-0.007410120738223827
0.434112548828125,0.5436898479704844,-0.4893367589261818,-2.8630843763213636,0.0029819627332265185,0.03524419165475627,-0.2127284574381574,-0.4671082622236649,-0.04744159819636815,0.32264847383517126,-2.2184181357267225,-2.2186667998350122,-0.007450114560741185
0.44220805168151855,0.8388826688202875,-0.8071980337408754,-2.8109817540245996,0.011829150774038377,0.04205638502290184,-0.21869573868143583,-0.46710073049495077,-0.047429827045020065,0.3225825396979013,-2.2185037170221893,-2.218546789579103,-0.007417027949085549
0.4501357078552246,1.1881395107956403,-0.7269350409681419,-2.8529806451287314,0.008057643640760358,0.05046445128655906,-0.21981429263659136,-0.4671298113174236,-0.04744624363206311,0.32254147259823573,-2.2184305666109676,-2.218582545020127,-0.0072993764085720406
0.4581117630004883,0.9429367758672391,-0.5123468472313244,-2.871853437595303,0.002669238980942393,0.04431504526447732,-0.21916348369938762,-0.4671134475227614,-0.04745474184491462,0.3224869268544199,-2.218437627061763,-2.218567384850833,-0.0073094241312111185
0.4681377410888672,1.238232397933424,-0.7102407778685271,-2.79359192271681,0.010734168889818076,0.05171536936133683,-0.2197405731383419,-0.46711488995365513,-0.047452503472615766,0.322447141132977,-2.218362498054256,-2.218578684148196,-0.0073044072923320975
0.4761362075805664,1.030069736264363,-0.5425539338768997,-2.949961626532758,0.003984648131931073,0.04837761366241474,-0.21550198655987263,-0.4671027948535876,-0.04744039184225683,0.32237395280640413,-2.2183420956536066,-2.2185770591952583,-0.0073035296262930855
0.4841179847717285,1.0484944884539966,-0.6109985749983116,-2.790164853323505,0.01115346084389306,0.04705371041165844,-0.21381674794589284,-0.46712266109411343,-0.0474195285986258,0.3222694197306969,-2.218425286598342,-2.2185441078752692,-0.007346618211552302
0.49213147163391113,0.8477906023365682,-0.7946206559009386,-2.860519220319083,0.012763793727339623,0.041780710230879904,-0.21866440422975825,-0.46710653672013097,-0.04744548869138129,0.3221891517559069,-2.218420068630606,-2.218588491525993,-0.00730686884026101
0.5001726150512695,1.171184717429425,-0.3277526892024038,-2.927256747088958,-0.0014220790085989613,0.048490718512340034,-0.2155787447869751,-0.46712776410986384,-0.04744231935555859,0.3221288410851756,-2.218406022413316,-2.2185462910523572,-0.007279992821750446
0.5080451965332031,0.5810538408102913,-0.3989069853300555,-3.0334119980105116,0.0041735050343230965,0.03540546551490539,-0.2118914925078516,-0.46711992532713453,-0.04743009946379,0.32205872323358864,-2.218327781305448,-2.218500016963885,-0.007242461814504747
0.5160243511199951,1.2766094763524483,-0.9374301360719024,-2.790668291174485,0.014991446562498692,0.05294355269284128,-0.22261186198478128,-0.4671266151532254,-0.047437543959702795,0.3219359542174616,-2.2184019193696143,-2.218570082246805,-0.007368124378044479
0.5241353511810303,0.9547600669464985,-0.5550614870977475,-2.8871565396754275,0.00503345257323002,0.04510736305278983,-0.21755682038778254,-0.4671020999099157,-0.047443391044584574,0.3218634578635429,-2.218374485792707,-2.21858147622243,-0.007378145213112932
0.532191276550293,0.9141331538685219,-0.3712964312521882,-3.028189253169018,0.0034495015381601998,0.04113789051815794,-0.21782947176134895,-0.46712499852647094,-0.04743103342758495,0.3218027702801472,-2.2183804713637567,-2.218580512675541,-0.00727723248517744
0.5401194095611572,1.040950596185337,-0.1696494429925352,-3.056929718985274,-0.004900214548797824,0.04446833244686024,-0.21269270335279994,-0.4671288066855954,-0.04742797125085183,0.32170447319212514,-2.2184446523429044,-2.2185940145529806,-0.007281340758417584
0.5481436252593994,0.6480927476109305,-0.4773561125393668,-3.0500000260818734,0.004845906308001269,0.03609441972999534,-0.20965586874039396,-0.46713056649924195,-0.04744536441054936,0.3216407755730106,-2.218363597026158,-2.218687695748828,-0.007280798470087408
0.5560729503631592,0.7404380491568574,-0.7945161724224334,-2.946379797471263,0.008915954671442471,0.038920804476263345,-0.20772189447375716,-0.46713130746404785,-0.04742917334664819,0.32158344796059846,-2.2183872439880865,-2.218567550605712,-0.0073723309558629
0.5641167163848877,1.1045066468188598,-0.36927765447480326,-2.9468827002157334,0.003180257395912308,0.04821917186956908,-0.2103325356459076,-0.46712537435336476,-0.04744317650227082,0.3215284363124489,-2.2183786388453353,-2.2185686316255695,-0.007332760567417756
0.572058916091919,1.0997658800396461,-0.2508990709129135,-2.7627850852818896,-0.003135741514963862,0.045563927060319434,-0.2176668198438902,-0.4671241259644492,-0.04743479268572813,0.32146072627549027,-2.218398016160143,-2.2185736036737875,-0.007311101872105963
0.580042839050293,1.0185093980020736,-0.4986871968981521,-2.8936013973535655,0.002747377370143863,0.04455735487121201,-0.21152709166163217,-0.46712313760368085,-0.0474357664680107,0.32142097282412946,-2.218310574922141,-2.218616951919455,-0.007302109377247273
0.5880811214447021,1.116814361717256,-0.8477130061138224,-2.959232605021943,0.011456051634618073,0.049574656124795356,-0.21477599846435855,-0.4671236620317283,-0.04746010796690177,0.3213334540176427,-2.218353741297256,-2.218664121618308,-0.007275995046331507
0.5960352420806885,0.8463841700567806,-0.48787205818439183,-2.7435852813192705,0.0021460841546905576,0.03946085739875776,-0.2156492159592948,-0.4671138231737369,-0.04744602160297868,0.32129972900675285,-2.218347030614784,-2.2185599764154404,-0.007235878438788723
0.6040725708007812,1.1322180493405083,-0.5858368544322726,-2.9672266725402427,0.006861508077608493,0.04744401871947167,-0.21399961031925024,-0.46711003663932765,-0.04745878147985589,0.3212358102191601,-2.2183472866847476,-2.2186616118957296,-0.0072327653531927575
0.612295389175415,0.7393863230511649,-0.47460116298673055,-2.9209486076927056,0.002907558514421888,0.03799555200642871,-0.21708177625632877,-0.46710042341232133,-0.047451517579505914,0.32118297166735665,-2.218329024323125,-2.2185976659763864,-0.0073435129993560605
0.6200611591339111,0.8922690893796108,-0.355643847977138,-2.9270112549524336,-0.0011302885497084167,0.04013472347014203,-0.21228933118468352,-0.4670990050614578,-0.047438212059928264,0.32114930564067146,-2.2182656483979892,-2.2185995213006526,-0.007295801642065154
0.6280310153961182,1.2018094381059325,-0.7441957495475591,-3.032490020690133,0.006481836556887702,0.04948702315344907,-0.21487449756000246,-0.4670869615179607,-0.047457603119501104,0.3211023786087199,-2.2183649449943426,-2.2185946419005687,-0.007240723888005877
0.6361165046691895,1.1408143675485767,-0.7307776126565361,-2.782015509033505,0.00723049799541739,0.04767306302234522,-0.21718821552666473,-0.4670785923243136,-0.04745726631181463,0.3210392784729742,-2.2183237413049497,-2.2186339622843843,-0.007278211124323739
0.6441104412078857,1.041109059646645,-0.4437177599671691,-2.7366961592219865,0.004012975637045952,0.045152739731014545,-0.21247953201105826,-0.4670994428169852,-0.04746045646516083,0.32101763677613204,-2.2182692969204614,-2.218571798967989,-0.007148388789710423
0.6522262096405029,0.6967437936245324,-0.35253097156034335,-2.883947646095195,-0.0022333305527893806,0.03728800462924488,-0.21015003993882247,-0.46707750836422324,-0.04746611855243737,0.3209599905834987,-2.2183715853693027,-2.218565471181058,-0.007243585152542285
0.6601264476776123,0.7530817130672924,-0.9003071534467246,-2.8358626088947276,0.012406254203158128,0.04284484318953996,-0.21279260580953882,-0.46709442066624196,-0.0474260783094851,0.3209473747493301,-2.2182864559753215,-2.2184731643255167,-0.007228509744768325
0.6701266765594482,0.770380923738756,-0.4345693883193239,-2.9120337039220265,0.0015651378814826179,0.038958733026349654,-0.21809040893861895,-0.46707969032949825,-0.04743445411345134,0.320887175756273,-2.2182853611992313,-2.218519622309488,-0.007238512839498603
0.6780972480773926,1.097165331372277,-0.5432224216206291,-2.7846010461931003,0.002391798866626148,0.045022092114833996,-0.22013082099735035,-0.4671052514241562,-0.04743610078720131,0.32085993480799124,-2.218263127137161,-2.218558965023585,-0.00713108203207514
0.6863217353820801,0.7460363902915951,-0.3520162101983082,-2.4311436199752823,0.0037934926179061562,0.04181292940914937,-0.21082550052355925,-0.467108004973591,-0.04744568377544782,0.3207996181706601,-2.218244649837549,-2.2185025193073544,-0.007207189851053162
0.6940395832061768,1.3010334606511766,-0.6974650021234834,-2.7317327464093344,0.005883418442673048,0.054363332887803345,-0.21396713928558447,-0.4671110182256209,-0.04742832571071726,0.32068694546032395,-2.2183539055294195,-2.218516803911911,-0.0072589644512831095
0.7021787166595459,1.2913880966387956,-0.45618983956988474,-2.885546640214848,0.0022001547185362415,0.051915682261028065,-0.21402376986672408,-0.4671065420249267,-0.04744905814817567,0.32058801648342017,-2.2183476652424594,-2.2185922124236197,-0.007261943393020333
0.7101178169250488,0.5758682862718337,-0.18455101538805715,-3.5044839801930747,-0.003812664163328752,0.04070652018988944,-0.20314138216458333,-0.46708712650211004,-0.04743999709775282,0.32050364718984237,-2.218369927279857,-2.218579561749231,-0.007270504499875694
0.7181475162506104,0.8537723240080957,-0.3280449606918072,-2.9497440876731624,0.002360386240089462,0.04362933331684784,-0.21247476099386026,-0.46710099087461443,-0.047449505782592216,0.32038728030654623,-2.218403430439057,-2.218629439351224,-0.0073150591122005835
0.7260541915893555,0.9220614475320601,-0.5603597214466319,-3.0596728846071355,0.003673455143444048,0.045045731352377744,-0.21022043866838655,-0.4671253102197383,-0.047427683216651945,0.3203196402700751,-2.2183724168607464,-2.218573647881402,-0.007333841459795095
0.734220027923584,0.8048875164419715,-0.57830254636472,-3.04906732937507,0.003994959011994077,0.038993922771306574,-0.20955260816357416,-0.4671252450088965,-0.047428759584964494,0.32018545008086957,-2.2185025903204596,-2.2186311382259998,-0.0074844183959131665
0.7420604228973389,0.8470528359815417,-0.5659356334030948,-3.038444247856089,0.003918139613458015,0.04241051297489044,-0.21370810607349447,-0.46710201081490804,-0.04744994855492042,0.3201311249911569,-2.2184121509636427,-2.2186672772239264,-0.007386207470405419
0.7500960826873779,0.8136589916530662,-0.5674918439003498,-2.877763589087047,0.0033637653757067672,0.04021629934426763,-0.20941288782944584,-0.4671010741075919,-0.04744227181309402,0.3200590916750302,-2.218505112566088,-2.2186387606789992,-0.007408824908221257
0.7581217288970947,0.9056083369330148,-0.40425315494527814,-2.805363838507553,-4.246141317182318e-05,0.045740787597360756,-0.2151224916328798,-0.4671057145287478,-0.04744524703340095,0.3199977964214203,-2.2183815576035038,-2.2186943686785527,-0.007427577573943261
0.7659659385681152,0.7802615310334428,-0.5316645557131104,-3.049472031263098,0.0030929372195401448,0.03928817351365514,-0.21303876578791942,-0.467102073012503,-0.04744560182492813,0.3199237418347307,-2.2184454494083545,-2.218652864534492,-0.007466123624649281
0.7739613056182861,0.8860576895792691,-0.5989757884567245,-2.9497576604237548,0.0050277388353003345,0.04121731461025853,-0.21570278312332347,-0.46709757020023024,-0.04744924568617494,0.3198637322381556,-2.2184077510955786,-2.2186909573142435,-0.00733973525441595
0.7819557189941406,0.9321061778128092,-0.5183319940374276,-2.892710032175038,0.0023985821566865104,0.04393404242973417,-0.20856353509467968,-0.4671187375266859,-0.04743749140214988,0.31981063161231266,-2.218355559367465,-2.218652617187828,-0.00735771726389222
0.7900431156158447,0.7920645387156929,-0.2756308217767196,-2.8751233138175327,-0.0005337395171106622,0.042863121497819186,-0.21643191310072296,-0.4671111294620464,-0.04743818277538878,0.3197703708739415,-2.2183802377530495,-2.218566232661339,-0.007286856230918332
0.797924280166626,0.830878327192127,-0.6058963754919752,-2.9104839601202785,0.005541695342365064,0.0388047488551022,-0.2108604509986786,-0.46709843123910616,-0.0474496368601058,0.31969642621348826,-2.2183904422406098,-2.218637789730435,-0.007361838430447159
0.8061020374298096,0.9673641546259565,-0.8691764556060427,-2.884004989035512,0.010260179738526914,0.04471297225897244,-0.21541276565921968,-0.4670988280934829,-0.04742584812118679,0.31967658952141165,-2.218332678631401,-2.218597223595447,-0.007332571032296168
0.8142316341400146,1.2033114418371988,-0.8428431742012913,-2.879020294587414,0.006695827073405114,0.05154592775136991,-0.2173504009295671,-0.4671038598074809,-0.047431372791886105,0.3196155169661086,-2.2184115964043603,-2.218567262938362,-0.007291595980128205
0.822185754776001,0.8608682056293766,-0.504326641735191,-2.6209286071978353,0.0012758403845170635,0.04218400588945925,-0.21380990963981542,-0.4671044436041517,-0.047429825366971955,0.31956628699652506,-2.2182964076629754,-2.218592008262432,-0.007253268332270936
0.8300256729125977,0.987269886558546,-0.70592933113484,-2.7907087517981575,0.006623698140795473,0.044073560113800744,-0.21454311738506396,-0.4670827252420476,-0.047458804841795675,0.3194704630398272,-2.2183652120763155,-2.218707463062174,-0.0073918123291639385
0.838129997253418,0.9936755818458333,-0.36114637167906727,-2.905812594227923,0.00035557194893709053,0.04434123154821816,-0.21143471333344496,-0.46711009039515666,-0.04745215611244056,0.3194824013342311,-2.218318262992166,-2.2185702752612038,-0.007280885343310596
0.8460736274719238,0.8324563018683245,-0.41272779640483376,-2.9253383817156378,0.00026330800910218566,0.04183270290798063,-0.20950120640402842,-0.4670823839796004,-0.0474535683730882,0.3194278952011643,-2.2183152998223385,-2.218558854397094,-0.0073079439793291325
0.8541266918182373,1.360958643940816,-0.8112949303372932,-2.706801653680646,0.01045557919912901,0.05338148826411757,-0.22111104709484863,-0.46709694893778453,-0.047425482432939155,0.3194084258765876,-2.2183000257632184,-2.218486407366058,-0.0073205109977578856
0.8621883392333984,0.8598732527584492,-0.400515567791291,-2.92724297978233,0.0018223937419736937,0.04177522207300466,-0.21383993418286623,-0.46710520986408793,-0.04745720449176198,0.3193870654787572,-2.2182489984683205,-2.2185636745595207,-0.0071518144733996045
0.8701930046081543,0.9393005699063535,-0.646464851645875,-2.923300834144728,0.009966311379789483,0.04223361883126223,-0.2108059525390795,-0.46709469974814344,-0.047430125163820974,0.31931675446148866,-2.218377295530613,-2.218480251924711,-0.007270485810380816
0.8781623840332031,1.0084052864312332,-0.8955304721426697,-2.877254817679489,0.010094531905449728,0.043010367582034595,-0.2160545689650374,-0.46710610692229987,-0.04743175725263188,0.31930422505131917,-2.218243996498891,-2.218494417911969,-0.007148044882230074
0.88616943359375,0.7147938032994956,-0.8754437728658392,-2.920928557066964,0.010539409998025,0.03617270201705188,-0.21520589596855652,-0.46709566901965915,-0.04743143758323545,0.3192765664494709,-2.218250307112066,-2.218484879251176,-0.007153234064517827
0.8940877914428711,1.068458788959151,-0.5660152443540559,-2.8375483115952167,0.0049924695575522616,0.046643486561388364,-0.2154360268959767,-0.4670870045553922,-0.04744478956639078,0.3192304931965776,-2.218304488942434,-2.218459175627343,-0.007165941596180494
0.9022212028503418,0.9200940751265352,-0.90677212077041,-2.826974718688094,0.015317670065863393,0.04096627835237981,-0.2189676524483707,-0.46712020273881927,-0.047437500438800025,0.3192297586249875,-2.218208013565492,-2.218452267716995,-0.007078596825360466
0.9100804328918457,1.2055555284275046,-0.46998752846126984,-2.7694664905333535,0.003918303389858303,0.04830651125251258,-0.21714442215322055,-0.46709398353449316,-0.047438525526239665,0.3191767031770612,-2.2182502647374154,-2.218480382058727,-0.0070933085095163904
0.9182028770446777,0.9751348474574504,-0.6765103128385505,-2.748317557501662,0.003920546241343747,0.04578253189078955,-0.21759059833814823,-0.467098019146689,-0.047451392676126206,0.31916873873218826,-2.218177208977052,-2.2184673807193027,-0.007056286443957664
0.926154613494873,0.7760771724697054,-0.35396120426933164,-2.9417615349158837,-0.003415307613132029,0.04087009007077202,-0.21344030351822385,-0.46710097883057233,-0.04744631966398413,0.3191187068841116,-2.218239072230455,-2.2184052874706333,-0.007040606442266425
0.9340240955352783,0.8093021391993475,-0.3283749147605245,-2.99519986024136,-0.0020485358432905925,0.04039081557404505,-0.20886256225732083,-0.46710498550651997,-0.04745160446563643,0.31909122155610964,-2.218218714788231,-2.218469305578879,-0.007039030516123605
0.9422452449798584,1.147500527466482,-0.6091949935040576,-2.8770102623218965,0.005601156633114627,0.048179100083978285,-0.21902145047792065,-0.4671071333051649,-0.04745316235753691,0.31910505321296256,-2.2181538341287528,-2.218397382362537,-0.006977154271020822
0.9501683712005615,0.7533344174657676,-0.3706879069436529,-3.0505062687324402,7.489733464681266e-05,0.03874390097360759,-0.20937482811369315,-0.46711461976887864,-0.04743651914059527,0.3190617327430545,-2.2181437811893328,-2.218429565849826,-0.007088077996189084
0.9580464363098145,0.7613621012716385,-0.5125484883269196,-2.8122697581021363,0.0017577600311093336,0.040120916422693026,-0.21857003398358515,-0.46712446160813076,-0.047440951892376834,0.3190265563683259,-2.218190948374138,-2.2184155126373244,-0.007070025336849596
0.9680614471435547,1.0454436013613688,-0.46440909900772953,-2.832056833853544,0.006045252320355431,0.04556766459092654,-0.21433370819186515,-0.4671088068393612,-0.0474513453674697,0.3190095801185805,-2.218141849901443,-2.218431713679758,-0.007087224766500043
0.9762077331542969,0.7295250352804885,-0.7710908642563999,-2.891246280440651,0.008604257506407233,0.03869256344141046,-0.21059769725778268,-0.4671294804675309,-0.047408726807267126,0.31899062719993904,-2.2181843017455063,-2.2183188735193307,-0.007015770145944306
0.9841320514678955,0.41544022618466386,-0.47754809336493864,-2.3471263048035955,0.004746618004486653,0.035749269352960536,-0.21608473247153528,-0.46712635030815564,-0.04743974109468847,0.31890377154432453,-2.2180906789302295,-2.2184770176984263,-0.0069608265121134235
0.9920485019683838,1.1021187785299091,-0.8499128517636595,-2.536752293221863,0.009784221099959009,0.049201054319683975,-0.21745852819678343,-0.46712690777337945,-0.04744489303187304,0.3188197071708534,-2.218114068645746,-2.218487180363598,-0.007034126868814103
1.000187873840332,1.1684108377404658,-0.40911684877002236,-2.8720521782210313,0.0012871442903043672,0.047418756558042986,-0.21356004254323255,-0.4671118945289413,-0.04742742866623249,0.3187133030767829,-2.2181596638898418,-2.2184959268899034,-0.007136670848806627
1.0080924034118652,1.1467962800731717,-0.48768717614541257,-2.8798152860498885,0.00552854157746594,0.054691664587752715,-0.20941880867467055,-0.467124161192417,-0.04742425752518656,0.31862386853177227,-2.2182426203174503,-2.2184214803657607,-0.0071014848875061145
1.0161755084991455,0.989950282389153,-0.19163212862220816,-3.113148646937105,-0.0052312828924527014,0.049085278436115216,-0.21123830520744313,-0.4671150810230386,-0.047426279650806716,0.31844796632541034,-2.2183634552903726,-2.218566912738434,-0.007302440456760932
1.0241219997406006,0.6526284015565875,-0.7498313218019538,-2.9072174202193066,0.005795917710068899,0.040801870186322156,-0.21308078921163384,-0.4671285417421632,-0.04743520747796855,0.31834009155190246,-2.2183536832355695,-2.2186556914352926,-0.0073556397071511655
1.0320258140563965,1.2004025562329377,-0.7425644341594924,-3.1239857943451432,0.005644299578043192,0.04928110326235895,-0.21428364351025467,-0.4671042690337742,-0.047428238389087024,0.318207753494382,-2.2185132491726227,-2.2186940125668606,-0.00748490072675312
1.0402247905731201,0.7381122426520571,-0.5081997839281012,-3.069838485494464,0.0010992334551293496,0.035677375784001604,-0.21134522772154152,-0.46713997193283585,-0.04741963066272589,0.3181956503778614,-2.2183370178311304,-2.2186119506262814,-0.007326764248300697
1.0480551719665527,1.089517814670492,-0.6267045185642439,-2.7183647148783763,0.0022314643864963543,0.0478892909406651,-0.21569156212385646,-0.46712840145134926,-0.047439536325127124,0.3181373510299324,-2.2183602572281815,-2.218607679721279,-0.0073310518153725185
1.0561585426330566,0.8885456723150983,-0.503478588130948,-2.8188926526362703,0.0023937817730880955,0.04470780084370724,-0.2111727181897476,-0.46711218543392746,-0.04744087656486248,0.3180566630223923,-2.2183326496098394,-2.2186815150265295,-0.007287669242730453
1.066028118133545,1.101300825664287,-0.4129127793843527,-2.7501812172892914,0.0018349374493619721,0.04742034919142137,-0.21295053519492316,-0.46711814899245757,-0.04743765286115924,0.31803466635352556,-2.218255433159929,-2.2186153883207784,-0.007257464774549952
1.0740594863891602,1.0294357519928259,-0.40358622541606515,-2.7004314748776936,0.004443006433153489,0.04633111227670583,-0.20721169146409588,-0.46713209958875046,-0.04743455422042519,0.3179358169773337,-2.2183257834174657,-2.2185433144149402,-0.007268875936001153
1.082031011581421,0.7597048611897752,-0.25620912616344066,-2.6462421601556985,0.0018072004523194077,0.041797880437885425,-0.21729012366242628,-0.4671183191294815,-0.04742719656377857,0.31789256982212466,-2.2183123986991076,-2.2185159713875504,-0.007259599578985464
1.0901484489440918,0.9701756976952993,-0.39454617437144845,-2.681019124433437,0.003067141120831647,0.04506036448588666,-0.20957312924020657,-0.4671345949381629,-0.04742207045348922,0.31778253958000025,-2.218342154830501,-2.2185652952505337,-0.0072472969763229195
1.0979793071746826,1.1142310151092132,-0.6194184556766582,-2.697845650373559,0.0050061983368797055,0.04757399984520728,-0.2199297977365922,-0.4671045008800779,-0.0474532365612605,0.3177009608829252,-2.2182500308727486,-2.218622199486208,-0.007312443262845836
1.1060948371887207,1.0806136499840027,-0.7357652734595514,-2.9222784676652775,0.004897960924138427,0.04943149807647612,-0.21744622364135857,-0.46710589162562965,-0.0474399107322845,0.3175982911463963,-2.2183671968833765,-2.2186263175935506,-0.007300727876828324
1.1141915321350098,0.9560670042459385,-0.7374005315566216,-2.871162376211347,0.009366332633707062,0.045275746986225655,-0.21492170579089054,-0.4671149640161324,-0.047420740512688596,0.317534569037092,-2.218327525854861,-2.218544982999582,-0.007326966645016061
1.1221230030059814,1.2004354543423517,-0.5482479045789905,-2.7236981499966553,0.004834201758478596,0.05070426030793693,-0.21815449082186864,-0.46710797556635525,-0.04742077165616853,0.31743956462966005,-2.2183481704582197,-2.2186038207030547,-0.007308817462033538
1.1300697326660156,1.034355367685366,-0.7316003312572801,-2.837396473452778,0.005670849977010379,0.04495081571473922,-0.21850559996623012,-0.467112856871767,-0.04745042544920244,0.3173554227631899,-2.2183641126433358,-2.218659592402647,-0.007296675250226027
1.1381278038024902,0.9401991336858598,-0.3955630141691367,-2.930360449029895,0.0035330055454240485,0.0402117963051981,-0.2087681353823218,-0.46712634927049285,-0.04742565076867818,0.31732677396306613,-2.2182309120605814,-2.218553790038608,-0.007314121512105269
1.1461451053619385,0.9796243114153187,-0.6124221839059902,-2.804077119290806,0.0046780615158277545,0.04501096609452344,-0.20742373573226514,-0.46710652140896547,-0.04741534108158517,0.3172221141438655,-2.2183032555907856,-2.218557828976603,-0.007320687799002213
1.1542439460754395,1.1950688586509792,-0.549070207578708,-2.7642625329230044,0.0075954231490654315,0.05218377126607284,-0.2143086755697569,-0.4671096235162246,-0.0474398258247345,0.3172000513864618,-2.2182707271192617,-2.2185512114557753,-0.007179163271926801
1.162067174911499,1.0123595355677293,-0.7604096075808802,-2.7544811853671525,0.0056499299490656565,0.04491308703790455,-0.21557505083129044,-0.46709607806333403,-0.04742522325354649,0.3170911657434197,-2.2183811366886754,-2.218539936452849,-0.00730139809164402
1.17020845413208,0.9747049250866507,-0.39543477894269136,-2.9976034624830428,0.0053745628950324816,0.04407053216802312,-0.21436953220090776,-0.46711803848616296,-0.04744326054365888,0.3170571599774016,-2.218309729874607,-2.2185857615938622,-0.007146485930197376
1.1782145500183105,0.7330079577047385,-0.4585802381834202,-2.87775931853664,0.004522374725482909,0.03800361308854517,-0.21285692595837755,-0.46711464527489255,-0.04743181962399942,0.31697585818457896,-2.2182445486218363,-2.218643593503388,-0.007296893545735619
1.1861019134521484,1.0421707462813758,-0.30372306877635047,-2.9151169411807807,-0.0035973673336301285,0.04526721367230115,-0.21206559221721655,-0.4671032536689779,-0.04743088791553768,0.31693224970297634,-2.218286014550688,-2.218535985023406,-0.007246197887548771
1.1941168308258057,1.0597587462509925,-0.42180564543915633,-2.861924165270923,0.0018669101748033134,0.04431511444956061,-0.2120108947671323,-0.46710479732045446,-0.04742437278816089,0.3169009896514746,-2.2182872976064805,-2.218492318601955,-0.007189466618521762
1.2021996974945068,1.3860463369403915,-0.6170752007073664,-2.9743241522715493,0.005458608498869315,0.056362472202945116,-0.2153693534225331,-0.46709078754905436,-0.04744004311984317,0.31684258465946613,-2.2182692781445774,-2.2185828079326586,-0.007243931372299131
1.2100830078125,1.2044959168265665,-0.5896688919839242,-2.7356214008271884,0.007057950103629616,0.04692826591845847,-0.21512456650342984,-0.4670867062545479,-0.04743834518885971,0.31676588665281824,-2.218315572702905,-2.2186062519366128,-0.007247752299263307
1.218226671218872,1.0725497798903079,-0.4524216802013681,-2.9119386012062307,0.0018171345915246884,0.047283007125892874,-0.21241819843273121,-0.4670989928787355,-0.04742905423390458,0.3167463494270401,-2.218279189508043,-2.218543868360894,-0.007158048500665269
1.2260699272155762,0.9674095665410366,-0.8257200715992757,-2.7818448911986406,0.01116441810012862,0.043958883210307644,-0.21734528663133462,-0.46709980504511217,-0.04742510450185806,0.3166724001710589,-2.218332304187598,-2.218524299538109,-0.007196046687218279
1.2340810298919678,1.0775432250094958,-0.4241999530671927,-2.8652803125922155,0.0006377459838341033,0.045312694657469024,-0.21481719259349305,-0.46708988086422143,-0.04744362654016196,0.3166515313585082,-2.2182112976679096,-2.218600264098953,-0.007138375546955357
1.2420244216918945,1.1703799727188804,-0.5733585686007298,-3.0545600681291005,0.0051993905002159745,0.04922562169245112,-0.21253896119302815,-0.4670870325559721,-0.04743683940319415,0.31657598863472125,-2.2183000025174047,-2.2185725643715544,-0.00724652820823263
1.2501132488250732,0.7973587513762852,-0.8255212463557129,-2.7961948230626636,0.011606134999072079,0.04041602066858806,-0.21598401912499707,-0.46710525646228,-0.04743376927473793,0.3165503657203834,-2.2181900144595095,-2.218586640213268,-0.007229944432839572
1.2580249309539795,1.022920726497743,-0.5456096716067468,-2.9510986639217145,0.00420747077983416,0.04447664072409439,-0.21541908249053787,-0.4671081656539434,-0.047432598066406616,0.31651781299382487,-2.2182606756526977,-2.218512484443724,-0.007240259852527657
1.2661418914794922,1.225997708424893,-0.4805570884580659,-2.8614844756130977,0.0022749461688446396,0.05096358125435216,-0.21486658094447986,-0.46709917877655305,-0.047436898144651574,0.3164716614340193,-2.2182631871482923,-2.218565295020512,-0.007210835994316106
1.2741789817810059,0.9202510316092907,-0.8421863683079297,-2.954872548937528,0.012608575237831005,0.0467864746298639,-0.20842194807685402,-0.4671049816520603,-0.0474481807499717,0.3164784067900587,-2.218084930268026,-2.218554066807318,-0.007119404705702754
1.2821800708770752,1.0285854542094792,-0.2503260302671655,-2.8603154008642626,0.0004814474173438303,0.0474797512853543,-0.21189890420127122,-0.4671077953249731,-0.04742551273047782,0.31640000681361863,-2.218212373339879,-2.218562971733495,-0.007177040267125787
1.2902019023895264,1.1774224419972834,-0.6302491464048509,-2.7716911443227046,0.006889114741893705,0.04966374689702929,-0.21790479280176375,-0.4671003453939807,-0.04744310546942891,0.3163714158961237,-2.218201468306425,-2.2185702119259605,-0.0071508806378393994
1.2980337142944336,0.8083076113163344,-0.5936345472827742,-2.869777714203166,0.007889436780200777,0.03916133411251859,-0.21344866095967796,-0.46711245570359405,-0.047438804410130465,0.3163560755436346,-2.2182219457640158,-2.218480817338265,-0.007064066686147714
1.3060715198516846,0.8213931518108019,-0.46816145310061996,-2.8655980464202186,0.0003066715748368662,0.04036619870951344,-0.21368102476639675,-0.4671108963836608,-0.0474213214171204,0.3163152696704361,-2.2182105409014916,-2.2184834191777574,-0.007122160336840793
1.3141443729400635,0.7869073387038017,-0.4163071754749833,-2.8705794883728784,0.0022253094735821977,0.03984685830215074,-0.21652055113923668,-0.46710736202316355,-0.04743586995095055,0.31626651738754286,-2.2181717274538726,-2.2186090333992983,-0.0071013806907646755
1.3220410346984863,1.3288714119444511,-0.6616687199523221,-2.7759191642061207,0.005907324401509048,0.054818299557743304,-0.22087999588167098,-0.4671214244198878,-0.04743307508296482,0.31627180848654507,-2.2181875090346375,-2.2184792784655425,-0.007055004281230738
1.3300411701202393,1.046501003664956,-0.6736577394997805,-3.0637446210996777,0.010368648129178594,0.049886563487597506,-0.209965634127666,-0.46710556294736044,-0.047435091351387425,0.3162370330720919,-2.218208447452871,-2.2185011675766617,-0.00710718558763954
1.3380639553070068,0.914878363868589,-0.48897624786761396,-2.8812732620860535,0.0012802841438704143,0.04338430682728089,-0.21508135080449287,-0.46713370799888676,-0.04741750303319129,0.31622243004726197,-2.2182079750669104,-2.2184278762080587,-0.0069958462430317414
1.346167802810669,1.2212035187166983,-0.8073150950024566,-2.8289584193249318,0.008582874084625224,0.05200705998249265,-0.2186167434676303,-0.4671224858236213,-0.04744694870158278,0.31617380235363474,-2.218153151932085,-2.218512080235592,-0.0070401521807662215
1.354135274887085,1.1427192911061028,-0.8010473489891996,-2.8461747817561673,0.009731079448945256,0.05035311594274549,-0.21571787880261414,-0.4671182346811075,-0.04743788968066002,0.3161487959544573,-2.218150552580901,-2.2185765187905893,-0.007104460521660365
1.3621768951416016,0.8038554778004051,-0.5765024957457626,-2.922319473756801,0.00644650058188697,0.03722000163572547,-0.213386558673837,-0.4671327731516849,-0.0474373816396084,0.3161225885026992,-2.2182122382651763,-2.218493468625232,-0.007047509996807731
1.3760943412780762,0.963680216800464,-0.5982001294840557,-2.735160213551317,0.008880446611774954,0.042503255996057095,-0.21352773153412494,-0.4671337848034547,-0.047424414495012036,0.3161008274375366,-2.2182090509816774,-2.2184488996242075,-0.007067855439752376
1.384093999862671,0.8825480261361948,-0.7363514992047276,-2.666465688247268,0.011199504241049376,0.04154993160607875,-0.21167337791153173,-0.46713591328260445,-0.04743018024819064,0.31605775711268186,-2.21818609610998,-2.2184564027937057,-0.007012438213769311
1.3921585083007812,1.0764176315490257,-0.3475638795176312,-2.5076989738044784,0.002076807593525535,0.05098874334664979,-0.2103756972940136,-0.46713788178270294,-0.04743069543653646,0.31598983508798606,-2.2181939273014395,-2.2183972208464384,-0.006997256483026961
1.4000322818756104,1.5468478012858669,-0.8026788763494712,-2.6305467709945445,0.006448232283896495,0.05528747027903793,-0.21820775715979263,-0.46710383862257054,-0.0474450868521525,0.31586012867530944,-2.2182097282992235,-2.2185708247501177,-0.007171904613399098
1.4080305099487305,1.142103983015019,-0.6849282507749499,-2.9101502989281043,0.007164549428389236,0.04447748114562191,-0.22358195446207502,-0.46712299528888274,-0.04744100184762228,0.3157370338827449,-2.218263600215348,-2.2185927232660987,-0.00720137768751749
1.4161591529846191,0.6994122268047575,-0.36959002711838473,-2.9498183100108055,0.0008507490610612088,0.03831041233980194,-0.21195907287323568,-0.46712443218731675,-0.04742690159277385,0.3156163073546907,-2.2183265393163505,-2.218630851268273,-0.007263038191269519
1.4242274761199951,0.9278835168778955,-0.7633416742531589,-2.7749730494234597,0.010695156005342417,0.046541690062305976,-0.2137854302936845,-0.4671406058862731,-0.04742441975623321,0.31552500617427603,-2.218342492240112,-2.2186318570035777,-0.007305334133290415
1.4321796894073486,1.0915961465519315,-0.7477974762528314,-3.0105697953742427,0.009813356187547006,0.047653518762993195,-0.21971466198030898,-0.46714768670427453,-0.04743461104281582,0.31542280922940313,-2.2183243302892524,-2.218670202340575,-0.007313465692274572
1.4401681423187256,1.1434358074416682,-0.46136050341151813,-3.2236306342592944,0.001778857839572561,0.045756676257408535,-0.21073583847817742,-0.4671349131468509,-0.04743081572721733,0.3153055305640502,-2.2184123002865808,-2.2187254120865414,-0.007443840197232137
1.4482433795928955,0.9726246957796558,-0.7338869084319897,-2.9228263801236922,0.00869495642473415,0.04554016953131986,-0.20820813391313778,-0.4671229242381613,-0.04745711786272833,0.3152295510724997,-2.218366820816057,-2.218822576196097,-0.007355503460132225
1.4561762809753418,1.108766819086504,-0.5006680700283593,-2.7232283980220986,0.003186213621509802,0.04788936628326901,-0.21852215524135646,-0.4671504385865241,-0.04742698081227191,0.3152047216728798,-2.218310928267157,-2.218684168584261,-0.007252553637514876
1.4642179012298584,0.7253582083694847,-0.14977700571741148,-2.841120644507004,-0.00479830726183795,0.03996501086707384,-0.21341642434474722,-0.4671500283914697,-0.047438961889671796,0.3151466020121482,-2.2183099325978346,-2.2186832857443397,-0.007235434293064292
1.4722347259521484,1.2041310216653562,-0.6529684635206843,-2.9165323708424493,0.00828249930807362,0.04857425296217892,-0.21496111757487257,-0.46713189929987675,-0.04743111587141257,0.31508445320000844,-2.21832337261631,-2.2187021695836373,-0.007232664876503767
1.4800124168395996,0.9401086915534487,-0.6554706582722037,-2.7708636327998217,0.009658012584750313,0.04492904811833021,-0.2111821823375757,-0.46713187973769776,-0.04744906300241376,0.3150275779582641,-2.2182399677439038,-2.218678537828665,-0.0072159335934817714
1.4880788326263428,0.9967372221394962,-0.4036294798513954,-2.8408084199904495,0.00012532957161402158,0.045886098971884066,-0.2145795203047214,-0.4671240959272144,-0.04742949599803684,0.31498467826708443,-2.2182393999490686,-2.2186574440588687,-0.007227690342475716
1.4962382316589355,1.20275375418709,-0.6284893706282584,-2.8186249043412213,0.005759359920631848,0.04873945281212763,-0.21464355652750128,-0.46712599752134254,-0.0474515024795545,0.31486851863332854,-2.218299608592537,-2.218750595181369,-0.007288484349830522
1.5042917728424072,1.0994852347419053,-0.7612196658523335,-2.89299088001184,0.011256282005636975,0.04694040202009832,-0.21417656830599688,-0.4671226519167643,-0.0474375949836794,0.3148478322426934,-2.2182826107898825,-2.2186674993612883,-0.007204972679258095
1.5121910572052002,1.2242790386149576,-0.8422279947479405,-2.9798556500962525,0.010991603086951992,0.051653917682926265,-0.21528309221629072,-0.4671238815458761,-0.047442732290531094,0.31476223355109867,-2.2182930035182156,-2.218725841801244,-0.007294329693304108
1.5201196670532227,1.1056253784218995,-0.8021771754422504,-2.8463633641400468,0.008839353713133791,0.04888370823925074,-0.2058031778162317,-0.46712809180289083,-0.04743067737745333,0.3147671835540858,-2.2182584701224486,-2.2185392787318263,-0.007163980022733357
1.5281786918640137,1.1222777716406025,-0.8728546128072977,-3.11431151468514,0.008865412376344127,0.04932871274033128,-0.21343229299401917,-0.46712455452672563,-0.04744901858107894,0.31470623427842537,-2.2182447331980977,-2.21860029087945,-0.007230918209131707
1.5361196994781494,0.9212497128800355,-0.6388052453570319,-2.774185057911562,0.006309677966159214,0.0448962158095959,-0.20914674110087395,-0.4671206513670266,-0.04741663411850037,0.31468018735727865,-2.2182634430505392,-2.218548260730302,-0.007222247317696006
1.54417085647583,0.8682434053651724,-0.9252419975277802,-2.897421945812527,0.012921114889359578,0.04078344109954737,-0.2222641665175944,-0.46710008480227316,-0.04744089158480936,0.31463010230228633,-2.2182213587784574,-2.218571819319238,-0.007189719372474209
1.5520853996276855,0.8656203500497471,-0.6896817518953969,-2.9384012189502857,0.007210858186718528,0.03997669925862721,-0.21346866740410336,-0.4671360370526654,-0.047455193824648,0.314614440568251,-2.218125032579122,-2.218606948461028,-0.0070315491016898594
1.560114860534668,1.098372146935339,-0.45483339493252695,-2.8232028114302823,0.0019466161204286278,0.04872946457998258,-0.20825954776042224,-0.46712212528951724,-0.04742875600135377,0.3145385850241809,-2.2182440188438832,-2.2185818769659518,-0.0071585805060129255
1.5681204795837402,1.2470134691542558,-0.6415039083792853,-2.8731881369614607,0.008063530660378536,0.05017993424407019,-0.22036630681668418,-0.4671207483483695,-0.04744228569726852,0.31452272528461034,-2.2181129428862727,-2.2185413034321457,-0.007089443865807262
1.578071117401123,1.0497010653998868,-0.8878734622258241,-2.7647965713723637,0.011108292544077934,0.04795598663987321,-0.2124107724132804,-0.46711980767831435,-0.04743655054759947,0.31445612222514674,-2.218169531588315,-2.2186174222481907,-0.007167245571803066
1.5862109661102295,0.9115212362095897,-0.4535718480535423,-2.979958903505778,0.003000469074957745,0.04327601456159932,-0.2163662044894711,-0.4671080653893397,-0.04742720640001963,0.3144554250713523,-2.218151122161489,-2.218499790011178,-0.007037401684994671
1.5940029621124268,0.9067695046060646,-0.3816848442096799,-2.5792507068072683,0.005189343578151968,0.04646979507820975,-0.2132376447806256,-0.4671268482662796,-0.04744008828680079,0.31439480203574366,-2.2181384456622304,-2.2185462084999923,-0.007039405471755957
1.602128028869629,1.330875919450584,-0.5383604967422729,-2.782432495688516,0.008390116811447646,0.05271475602313282,-0.21351673740718136,-0.46712380432084893,-0.047445330973713756,0.3143167833404906,-2.218056242369063,-2.2185711994657447,-0.006954076173117424
1.610135793685913,1.0061063539895985,-0.6321575434300102,-2.688477566898,0.003941455186066262,0.044974363598285334,-0.2199539789911441,-0.4671096748493576,-0.04745585899654824,0.3141982421649814,-2.2181372174995944,-2.218595244070254,-0.007095081331334212
1.6181299686431885,1.067549917689443,-0.6312711353597552,-2.87771506949811,0.005491419406672142,0.04570282997744141,-0.2186467537758168,-0.4671321889345611,-0.047428886391378225,0.3141195221015994,-2.218222326801201,-2.218519402422579,-0.007039814331223258
1.6262226104736328,0.6864878056284408,-0.677344777003587,-2.813328826602864,0.008018346646819774,0.03775673332016997,-0.21972987051311968,-0.4671327736944542,-0.04744068140331786,0.314067550538888,-2.2180816908348024,-2.218532631693711,-0.007010344408354202
1.6342895030975342,0.7646576164540223,-0.6518743690211781,-3.0868860237292313,0.007355952168992074,0.04023596189424257,-0.21612916711474264,-0.46712682902104785,-0.04744532256780206,0.313912786459474,-2.218225630179893,-2.218680335638196,-0.007169181921083564
1.6421527862548828,1.200458518770241,-0.6003601340496043,-3.2336471358240777,0.0043221366151375215,0.05100018101593171,-0.21271464862439476,-0.4671250293255451,-0.04743158528204033,0.313825988520118,-2.2182490420700756,-2.218667831389152,-0.007158659201586017
1.6502346992492676,0.8579375368761628,-0.9670967491809201,-3.144903618966127,0.015242013293926009,0.04209123831593194,-0.21308112496782175,-0.4671374518235274,-0.047441303799753136,0.31377610602511935,-2.218197364209524,-2.218600583759355,-0.007132037218580731
1.658111333847046,0.7951668376883476,-0.6691441427106237,-3.0525808382230446,0.008042228268494009,0.04299930130726732,-0.20924762623568843,-0.4671287164055071,-0.04745174012619427,0.31366603124322207,-2.2181853281585475,-2.2186839080351395,-0.007238338906962362
1.6662538051605225,1.0637252693109263,-0.5425368435106513,-2.9691627441459225,0.0038709263778278673,0.04747382261280849,-0.22030221887728887,-0.4671214639405698,-0.04742056920819515,0.3135844380551449,-2.218265156585142,-2.218664183095208,-0.007181014611867064
1.6762170791625977,1.1220525329154172,-0.32890319481186797,-2.8740752993882874,-0.0032549526525486447,0.04878627764514559,-0.21039550216178818,-0.4671168841904443,-0.04743526198639765,0.31354855990349134,-2.218185924332082,-2.218639412620878,-0.007234340561519252
1.684091329574585,1.3753496839877926,-0.582543553483952,-2.836877142280577,0.007907820258340336,0.050179711466866596,-0.21421599714748563,-0.46712557720156533,-0.04744476839084212,0.31344912266393554,-2.2181904473161174,-2.218657295022983,-0.007161369012033031
1.6922640800476074,1.0813831298323435,-0.22098611966466736,-2.834060988530583,0.00026578084089725587,0.050199776674131766,-0.21484445131600877,-0.4671255040794348,-0.047416912612103825,0.3133747848622373,-2.2183257810968167,-2.2185204492694317,-0.007141500413450406
1.7022478580474854,0.7816843631456124,-0.3760570787111648,-2.8823003504204867,-0.0004317254792191474,0.040320811238909314,-0.2071890652372251,-0.46712810180635506,-0.04746642451406109,0.31332250515820226,-2.2180622722550853,-2.2187575790963536,-0.007051191449590432
1.7101349830627441,1.2104497916585542,-0.9367609105252023,-2.854205236253531,0.010970209454447495,0.047232550542696636,-0.21653983779401315,-0.4671154350956341,-0.047431220171426765,0.3132051571662543,-2.2182001821852424,-2.2185863099008745,-0.0071953653599489435
1.7180442810058594,0.9653483284862914,-0.8387888600382276,-2.7907294663994775,0.011389497661736345,0.04523635123511101,-0.22125862390429105,-0.4671232042796466,-0.04741434078820537,0.3131046600564461,-2.2182366030622163,-2.2185510886911426,-0.007243589379598275
1.726285457611084,1.0895544717470285,-0.5899353324858252,-2.8241133134947116,0.005912066291239124,0.048192918471541495,-0.21190976174049647,-0.46708501166114097,-0.047451875729516695,0.312976439653178,-2.218281365690734,-2.2186834622956026,-0.0072649218318242784
1.7341504096984863,0.9174767434545094,-0.8981953437678467,-3.0447065772340567,0.006263288344563383,0.04461802650443127,-0.2221240334200023,-0.46711530937055384,-0.04745014987048053,0.3128991241624653,-2.218292164551225,-2.21869070352236,-0.007222760340526426
1.742046594619751,0.751960255009312,-0.4471511007405609,-2.815392474430492,-0.0005945344688893331,0.03462726834609968,-0.20799648138176519,-0.46712350670029973,-0.04744680643517329,0.31285207597083464,-2.218220925465812,-2.2187095473791403,-0.0071417123888333055
1.7501308917999268,0.8389138774295203,-0.6131342171203212,-2.9157843573802826,0.00875454209814311,0.04068630362413729,-0.21264048136140268,-0.4671151142114511,-0.04744447691098372,0.3127120719619383,-2.2182797646085493,-2.218747127273071,-0.007293105686926575
1.7580416202545166,1.0784018279484404,-0.7998732410435526,-2.8226540045639306,0.00830519775239595,0.04870200992910173,-0.21891427120843163,-0.4671281521651105,-0.04746006213114057,0.31269062424541466,-2.218175590875104,-2.2187006264434204,-0.0072399426416789835
1.7662389278411865,0.9218098847018138,-0.8030263412846369,-2.738008117789558,0.010075297671913782,0.04488996069263421,-0.21316943356805498,-0.46710693616607857,-0.047439377905441726,0.3126022342039795,-2.2181995728719435,-2.2186622224909653,-0.00729912019993019
1.7741365432739258,0.9212312454278601,-0.6494183358477905,-2.9689717342536555,0.00747674486022042,0.04267918213562446,-0.2142193349432197,-0.46711586598598154,-0.04744349057569232,0.31253215288703035,-2.218308120262007,-2.218655678961657,-0.007241283731246018
1.7819795608520508,0.6823958221556258,-0.6405859167666512,-3.062254177383432,0.005755930392231167,0.03929477753025604,-0.21536266939188184,-0.46711704832703,-0.04742925977678088,0.3124873781193872,-2.2181160324883598,-2.2186291752672043,-0.007227646578690302
1.7901103496551514,0.9965955575111967,-0.7283236213359909,-2.9536148423633195,0.009544853962244094,0.04304287173035918,-0.21450236155702238,-0.46710533512140673,-0.047449718796349065,0.31239815245972224,-2.218175345559887,-2.2187152255757763,-0.007297322111702426
1.797976016998291,0.9109577392538147,-0.9897029727458833,-2.883715000287816,0.012959167191446469,0.042820713601233046,-0.21324720817769907,-0.46710116118837813,-0.04742447529292348,0.31232242155772705,-2.2182332752646574,-2.21866762500076,-0.007394863309907265
1.806187629699707,0.6990253543287194,-0.5632448607311218,-3.0856143289421145,0.0034561980405088733,0.03823006855779094,-0.21718054633764403,-0.4671159228403782,-0.047416755292078595,0.3122938489273849,-2.2182238979991853,-2.2185821442239715,-0.0072132856858673445
1.8141965866088867,0.9535442812864064,-0.6833114092898691,-2.960596012340676,0.008719682082321193,0.04419100897115994,-0.213465848758436,-0.46710776153714245,-0.047441127428386215,0.3122571510108794,-2.2181266277414866,-2.218621830360597,-0.007231190790676655
1.8221240043640137,0.8289345001752044,-0.7298724653654203,-3.0118327054069067,0.007077176731589067,0.04419761508271527,-0.21156511587726762,-0.46710145856061985,-0.04745531853180426,0.3121733549736959,-2.2181515099365043,-2.218675774504558,-0.007267264787543454
1.8301153182983398,0.9407509856480242,-0.9038142335085247,-2.9879905410898915,0.010666471284310952,0.04478846017522225,-0.20839079808436586,-0.4671102893226758,-0.04741872233619818,0.31213863100654415,-2.21827966572764,-2.2185123788018037,-0.007254156953066695
1.838191032409668,0.9716912676461597,-0.7242681298094982,-2.995060137794449,0.009739370703068701,0.04340059063069231,-0.20987914175091527,-0.4671033391997068,-0.04744762081548251,0.3120660207882373,-2.218163825432777,-2.2186394784340777,-0.007215909203456034
1.8462378978729248,0.7834907303935558,-0.5167258555717015,-2.9464093275940733,0.003119733910782865,0.040868417733495456,-0.21303952945695756,-0.4670887230016568,-0.047434517257307504,0.3120194388976508,-2.218160886184223,-2.2186179346073005,-0.007312760003334287
1.8544895648956299,0.9995033397899789,-0.5082547707535342,-2.938129424034092,0.0036235021601044985,0.04422013486917274,-0.21389635408976357,-0.4671146585194778,-0.047420223995675706,0.31196656492952957,-2.2181603909808096,-2.2186300195082667,-0.007257958808898214
1.8641231060028076,1.068854067109477,-0.35121602903248944,-2.928769765859899,-0.0011000533720914704,0.04449276074810806,-0.21021767797823263,-0.46709353362554007,-0.04743623151630427,0.3119188837148983,-2.218182498979795,-2.218617099145942,-0.007218481797734696
1.8722493648529053,0.9628458532024223,-0.7903388552032993,-2.9954187084025694,0.010271598859694909,0.04387297573114182,-0.21007545086556204,-0.46711039357218176,-0.04742652498262267,0.31189075979349423,-2.218136754008517,-2.21858549563771,-0.007181460635947335
1.8821978569030762,0.8955603417357231,-0.26663589267743304,-2.6309394011727862,-0.0014369736248116948,0.04659130497522035,-0.20941778550388934,-0.4670995082421618,-0.047427785279473125,0.311816456972183,-2.218105842025793,-2.2186284048275997,-0.0071355740108500244
1.890026569366455,0.9029180588227393,-0.6306036502181582,-2.731596804879382,0.003468771942565314,0.03883058904367587,-0.2083045395403338,-0.4671038689159987,-0.04742502796321879,0.311723723905174,-2.218235879652737,-2.2185488342450013,-0.007172438470602587
1.898176670074463,1.0931330998758888,-0.50371336442961,-2.849451026668066,0.00020304896123046783,0.045193027475333006,-0.21398637133414072,-0.46711155495138845,-0.047397847602363964,0.31165938965098666,-2.218236079093219,-2.2184650560927484,-0.00716090105120415
1.906240463256836,1.0383949381999564,-0.5381486875486636,-2.8866436254551284,0.005100307954457542,0.04685359242137687,-0.2124125541078104,-0.46712858030134974,-0.04737913807947888,0.3115652423846642,-2.2181989279932597,-2.2184728445254382,-0.0071221728797145395
1.9141223430633545,1.0811858536918115,-0.5289679513192558,-2.948951145229313,0.007491770738655052,0.04617772026525364,-0.21638223624358993,-0.46712278087561176,-0.0473534301361735,0.3114598489290763,-2.2183366753917366,-2.218414066956098,-0.007164346187274127
1.9219818115234375,0.9147416822093054,-0.4756021512010367,-2.9059183865200726,0.004952643524573339,0.0441554076437058,-0.21519687238254825,-0.46713232704789515,-0.04735894261555157,0.31132797206392193,-2.218409273977538,-2.2185104959638857,-0.007236863101891258
1.9299941062927246,0.8580885995996027,-0.5634354168105314,-3.0259900832972226,0.00473833281135168,0.0401489330529462,-0.21105680435467786,-0.4671229891915228,-0.047352588611686924,0.31125708563911103,-2.218361353860429,-2.2185476105193147,-0.007281875847060547
1.9381155967712402,0.8358693234776183,-0.8354011166456241,-3.1628029273641336,0.009568467375182299,0.0422751261116083,-0.20981846426315917,-0.46712946016938817,-0.04735117804490377,0.3111555413494667,-2.218418387414451,-2.2185149320839685,-0.007332286842333364
1.9462294578552246,0.6764421698707855,-0.2703762292108009,-2.91766292891516,-0.0016237118398877526,0.03612107303736605,-0.21025116684985093,-0.46713824217232985,-0.04736369123191044,0.3111424411324936,-2.2183751448847566,-2.218419279743066,-0.0072172882807882395
1.9540257453918457,0.9321347660476925,-0.5491000424699086,-2.864985530439265,0.0036256722660621527,0.042929189266335106,-0.21384342959871755,-0.4671371096430707,-0.047354141600636085,0.31105407765987003,-2.218376750773385,-2.2184342390054326,-0.007313903680817259
1.9620451927185059,0.9220231170183404,-0.43954187393282085,-2.7932070532707773,0.0006915963349160522,0.044002666617736566,-0.21103000541615954,-0.46712295924746794,-0.047366547705037516,0.31097334075936445,-2.2183549664273188,-2.2184687776312355,-0.00721106768581617
1.9701688289642334,1.1351527842572462,-0.43890944624915884,-3.1135777779497107,0.003741773235900612,0.045558772116858694,-0.1982570128036405,-0.4671320808461278,-0.047355428511985466,0.3109294857985928,-2.2183706330205317,-2.2184608439436495,-0.007153417155242474
1.9802172183990479,1.1412390917420279,-0.5711418902140406,-3.02817637898526,0.00865595646595101,0.05015711796141398,-0.2133838143374782,-0.46715169785064703,-0.04736039565699453,0.3108512910764045,-2.2183529416296555,-2.218500683403395,-0.007186253092184859
1.988116979598999,1.050982407838625,-0.4497299382629499,-2.875015071403451,0.002650111113192986,0.04677137055293802,-0.2136506566269976,-0.4671291051096243,-0.04734097715464918,0.3107576835682176,-2.2184037798034852,-2.218462578043386,-0.007287963916382897
1.996049165725708,0.4642118914137278,-0.6419629839855474,-2.9276185141199647,0.005976558932800474,0.031615561736054044,-0.21222850382455566,-0.46712855533537156,-0.04737179185738903,0.3106565340141766,-2.2184051908269584,-2.2185393342350728,-0.007274921590083107
2.0039572715759277,0.919767044493398,-0.4302823686769436,-3.0553533115424183,0.002656500369470466,0.04313832426498434,-0.21693659250751376,-0.46711931514771,-0.04737884198199343,0.3106132648787214,-2.2183152679559743,-2.2185258712309484,-0.0072029928231270145
2.0121684074401855,0.9114565702954937,-0.5112448910135229,-2.9292335365568722,0.0038093923108039446,0.0433560532409008,-0.21334877658782594,-0.4671084579580444,-0.04736738926153984,0.31049835949407306,-2.2184257308383275,-2.2185137626372162,-0.007329900132512506
2.020125150680542,0.9354697315425603,-0.8121244271366206,-2.916478548135684,0.010189250190761385,0.044407392058104164,-0.21381943272082551,-0.4671367063497239,-0.04733860891161737,0.3104410195069897,-2.218486996308211,-2.218345084373831,-0.007252873202505932
2.028042793273926,0.6977939822433215,-0.679623024791419,-3.0702835251392226,0.009469479746357368,0.03739965889711714,-0.2151851904935845,-0.4671232206060645,-0.04737343498904202,0.31034633753021335,-2.218353774740679,-2.218506084007706,-0.007275069322670316
2.0361709594726562,0.8364716086919406,-0.664137156307668,-3.0202269179457106,0.007736488864589384,0.04187383061719759,-0.21355321596302115,-0.46713789607736506,-0.047380971721782614,0.31029594699928764,-2.2183069113253246,-2.218502064913059,-0.00712407606411652
2.0440826416015625,0.5770590368398882,-0.4731116883404503,-3.097156684163285,0.003163541959431634,0.035382547920647496,-0.2086935482340937,-0.46712299493316867,-0.04736518717608577,0.3101674760962198,-2.218385666682315,-2.21853747218831,-0.007383021391831457
2.052232027053833,0.8976902102626355,-0.7801751456183322,-2.964461198691119,0.009479354695764346,0.043959036840022704,-0.2184321858328293,-0.46713772349053,-0.047352230484927094,0.31010742680907066,-2.218423762345355,-2.2185419458859377,-0.007288976421173133
2.0602524280548096,0.7342680377280182,-0.5929962407815237,-2.9826363309676163,0.004665209668020522,0.03825338150028718,-0.21031813604662492,-0.4671220648198286,-0.04738225071074357,0.31003176574782176,-2.2183341316400513,-2.2186415523548284,-0.0072314181206307015
2.0681850910186768,0.9027107655037632,-0.6228007499976889,-2.8668486514893576,0.004274535490055048,0.04143081259529251,-0.21410774045110495,-0.4671415093483649,-0.0473711677126269,0.30997433561603177,-2.218412649860002,-2.218536008425319,-0.0072332648273027746
2.076096296310425,0.8932553245393438,-0.7814778100123166,-2.7958104027989648,0.005929524403377609,0.042526925827618994,-0.21484152096180387,-0.4671416446554403,-0.047378145057608456,0.30994513608131946,-2.2183266943078945,-2.218461814898851,-0.007127163863253366
2.084146022796631,0.9189000562886771,-0.8727868655991309,-2.9049617798675493,0.011636412956032583,0.04350081220940949,-0.2156161146130558,-0.46713076979972973,-0.04737280058111454,0.3098409401171674,-2.2183596804036414,-2.2185714740925726,-0.007274640932996043
2.0921969413757324,0.8702020633612544,-0.7011994740165659,-2.8589324601303434,0.00866196363231401,0.041207866782412166,-0.2197940164028118,-0.46712672978893266,-0.047368915999465105,0.30979005178155056,-2.2183305252526297,-2.2185540414304263,-0.007251601893952615
2.1002001762390137,0.9789114247987238,-0.6912424823558542,-2.9028662637613785,0.006157647524734827,0.0449103548399223,-0.21370082979889285,-0.4671383083983828,-0.04735522201416521,0.30977897464961834,-2.2183549086827967,-2.2184052971727444,-0.007133271521885874
2.108320951461792,1.227180378905157,-0.3848946456165092,-2.937206578421884,0.0004030239708687105,0.04938493238650386,-0.21529527853873323,-0.4671227509461443,-0.04736628252066837,0.3096712769104564,-2.2183579260316675,-2.218522536270255,-0.007215216108878121
2.116152286529541,0.7036941783840959,0.014631052948728279,-2.8220200204240906,-0.00698792289491385,0.035338499008789104,-0.21121533257612302,-0.4671246118781496,-0.0473912222816485,0.30961682895917997,-2.218335734600412,-2.218556219287825,-0.007214739351379056
2.1240477561950684,0.7872829185536913,-0.5448151953950671,-2.775164329941714,0.0010872341952188316,0.037972933786108394,-0.2153774723435433,-0.46712705249781405,-0.04734807089506733,0.30960021682499456,-2.2183714113973103,-2.218473601144119,-0.007121193909660678
2.1321637630462646,1.022279524647915,-0.6055782669911489,-2.9004802237351166,0.006440773793546574,0.0458438049529558,-0.21297732319913182,-0.46712855996214925,-0.047382286969913666,0.3095365937125406,-2.2183083039787546,-2.2185257574493344,-0.007185226354561871
2.1401748657226562,1.0526474623345297,-0.9050342866864588,-2.790152136998147,0.011593075337505114,0.043424313772616574,-0.21484159990572319,-0.46713158450300496,-0.047361208016201764,0.3094733960441708,-2.2183072936423853,-2.218532180826788,-0.007220105775262628
2.148193359375,1.0700614015089827,-0.5083669162615653,-2.9712758371849253,0.005061293438295945,0.04628288533619984,-0.21179341483988537,-0.4671062505861349,-0.047364850795652065,0.3094287105005476,-2.2183750159322635,-2.21853562782018,-0.0072564429752511395
2.1561501026153564,0.9188444637733645,-0.1590183180201769,-2.8899383138106822,-0.003659605221096333,0.04240600710287041,-0.21148134036065738,-0.467120074776129,-0.047369248149109505,0.309391426107918,-2.2183528540064903,-2.218507798436503,-0.007203751759702894
2.1641547679901123,1.0268459069628022,-0.729045648032524,-2.7165747477826883,0.005495023334603569,0.04449462057110041,-0.21080140611395176,-0.4671118800193554,-0.047402649262051004,0.3093782830931754,-2.2182307666532926,-2.218522415968633,-0.007129196122393682
2.1721339225769043,1.0200999580545798,-0.4670273204956015,-2.694468758863799,9.84404886606439e-05,0.04641340447398652,-0.20815955769715253,-0.46711186278221606,-0.04735939100076239,0.309296755889151,-2.2183389974464656,-2.2184890770580488,-0.007221566585803866
2.1802752017974854,0.8961274624825153,-0.42726371601490354,-2.8280909034816863,0.0016926111283421435,0.03858709333232107,-0.20973080881125183,-0.4671193861307526,-0.04735417098380564,0.3093275029031932,-2.2183074618707583,-2.2183836952283484,-0.007046185416000492
2.188033103942871,1.184559327017185,-0.3939265434525848,-2.6897070307411237,-0.0005997237285875306,0.04671125222882614,-0.21392583281321514,-0.4671335858829819,-0.04735919914693974,0.3092761135405172,-2.218222972906444,-2.2184636730785168,-0.007104618628285422
2.195995330810547,1.3518658954283171,-0.6703594847471502,-2.672603586198065,0.005761031221401512,0.053236297800058306,-0.21460461830762184,-0.4671340149317385,-0.04736951907438856,0.30923646408141275,-2.2182523429745613,-2.218461993391987,-0.007010373413463623
2.2041714191436768,1.3985422807166716,-0.6695017673315983,-2.742485531890949,0.0045433354104869065,0.05597407256027031,-0.21876671501213216,-0.467153907297346,-0.04734928369912636,0.30922439539359253,-2.21829824610451,-2.2183645512822645,-0.007022548779219107
2.21209716796875,1.0148190330843738,-0.3825585643401829,-2.8625865965929687,-0.0006867108101921188,0.04343752676578087,-0.21727672953903568,-0.4671223883147823,-0.04734283678656955,0.3091756562280923,-2.2182650057591435,-2.218392425214433,-0.007049343615364545
2.2201156616210938,1.3025651630180268,-0.9671205794876377,-2.714373435400661,0.015514680309575455,0.053073952314114096,-0.2246775360961315,-0.4671333042553302,-0.04737758476722086,0.309165840429891,-2.218213719677286,-2.2184003152373495,-0.0069293377870494515
2.228154182434082,0.9867353552822854,-0.47558230287508,-2.75779756545861,0.003375175054673746,0.04571710695592484,-0.21620558690615688,-0.46713930536543713,-0.04736256781932077,0.3091336199246927,-2.218208791569552,-2.2183657925212956,-0.006984980471889721
2.2363462448120117,1.3977113577899913,-0.7083605589793567,-2.8488907257739595,0.005879680141921835,0.05431250449182109,-0.21575506603338918,-0.46712415429327964,-0.04739995923531843,0.30909887890624993,-2.2181895766258357,-2.2184133083398128,-0.00699948456875752
2.2440803050994873,0.9451038276261667,-0.24937597302908862,-2.7584079278484195,-0.0029123605792617017,0.04382972709623893,-0.20575619235391,-0.46712098653250084,-0.04739336944666775,0.30908042888847703,-2.2180722051493516,-2.2184503125112474,-0.007009501165036144
2.2520830631256104,1.0448853525010235,-0.594821563517083,-2.679353527326869,0.0044661016384879995,0.04437016860412412,-0.2117295621581027,-0.4671218694324437,-0.04737006986403416,0.30905021974827634,-2.218210749373186,-2.218397100380328,-0.007008834939293453
2.260063886642456,1.3283910855352048,-0.6083385782447852,-2.8918126457533977,0.0039673737701403115,0.05264661204038993,-0.21279424970074892,-0.46714316994684996,-0.04735789171323993,0.3090348797311495,-2.2181594235093947,-2.218331192663457,-0.006935123950607099
2.2680816650390625,1.120574699091252,-0.5678520617233606,-2.8413286612185806,0.006595408780382408,0.046035732991891294,-0.20914740254799022,-0.4671429263483195,-0.047352229289308725,0.30902151316472576,-2.218189667995734,-2.2182891801015816,-0.006894896256182014
2.276228189468384,0.8799610353664971,-0.48196974102084494,-2.940154027643166,0.004714319171249288,0.04291326592425249,-0.21287765880929654,-0.46712961289982,-0.04735937738733658,0.3089650441384978,-2.218219368080786,-2.2183763994341064,-0.006935197473539413
2.284172534942627,1.1428606007561315,-0.42943585756102937,-2.746057673486362,0.005560670247791699,0.04587657406722721,-0.21298119142979666,-0.4671334871547866,-0.04734823351143741,0.30893579768090595,-2.2182212060517927,-2.2183419964662887,-0.007028909278430075
2.2921671867370605,1.3206712782615158,-0.6330988977585442,-2.7105049932023477,0.005279585678305059,0.053587424259878044,-0.21268463628815604,-0.4671373507854838,-0.04737224719311083,0.3089262424770849,-2.218147560007008,-2.2183863018272474,-0.007006190878679778
2.3000547885894775,1.2136184755759396,-0.44301053389724165,-2.7010430524005455,0.001217413591636388,0.049056835054012864,-0.21629800588344805,-0.4671433226791048,-0.047354553267813945,0.3089038345296016,-2.218186702568463,-2.2183429320559367,-0.006954341289272602
2.3081142902374268,0.709694437060718,-0.683754639355817,-2.6826708462672832,0.005773885762110319,0.03758841734547805,-0.2148595119507387,-0.4671330596450314,-0.047366441796367655,0.3088992392675221,-2.2182178053730355,-2.2183013742294113,-0.006940664251162586
2.3162882328033447,1.0687441768893193,-0.6088994373488694,-2.8412865195134214,0.00702105600031886,0.047799542246064204,-0.21440342798892023,-0.4671482181243466,-0.04735435858368879,0.3088543855063554,-2.218212288165621,-2.2183606697992873,-0.006938387083477654
2.3241074085235596,0.8736305743218126,-0.45311292012932225,-2.8826889907370195,0.0028423173928887953,0.043137388867162244,-0.2177776425954281,-0.4671375583863834,-0.0473913749561044,0.3088092793108179,-2.2181852253510774,-2.2184437057923168,-0.007005789528391876
2.33211088180542,0.8777726387100564,-0.27384476789671414,-3.3154859315252327,-0.0025690755809510677,0.04145669357299026,-0.21131552744243937,-0.4671540337255919,-0.04739476345598264,0.30883553333311986,-2.2181305109938667,-2.2184120842558155,-0.006891894061910256
2.3400585651397705,0.8637488722479452,-0.27178860638742713,-2.915767096907464,0.0021464527373734406,0.04315874372990237,-0.211402836133875,-0.4671579176481312,-0.04735086009570158,0.30882792199027426,-2.218201644343254,-2.218235598562559,-0.006844722842145685
2.348092555999756,1.0629083141663072,-0.6547316182845473,-3.10269718620988,0.005435222440664228,0.0485523983075979,-0.21159056490120862,-0.46713584462679314,-0.04736813206253057,0.3087468886178398,-2.218236789674714,-2.2184445382311027,-0.006990237535705303
2.356067419052124,1.0672823320867035,-0.3700794397695912,-2.8171020547415697,0.0007455959772943288,0.0469755286486942,-0.21422213039521623,-0.46713787672671153,-0.04739612293984648,0.30873526115853883,-2.2181218179766566,-2.2185002446191495,-0.007052834317700849
2.3640263080596924,1.2162004564706974,-0.8256349924282103,-2.7118239683052434,0.008107671241139706,0.0489309212660951,-0.21174969619256456,-0.46713453807298955,-0.047385122144919224,0.30870219095474,-2.2181530555164866,-2.2184617322390325,-0.007086664214804167
2.3720202445983887,1.0495716625265805,-0.8826235104449642,-2.767002389638878,0.012447655805215382,0.04695719105457386,-0.210150035443065,-0.46713662792116545,-0.04735017395374,0.30866578362014746,-2.2183027415033267,-2.218420008002098,-0.007035030072234875
2.3801028728485107,0.9376815253387575,-0.7336781811024663,-2.8347290532401628,0.010974649086556645,0.0406833119799046,-0.21151181434195285,-0.467145463025213,-0.047376014062757404,0.3086725239059407,-2.21820256793007,-2.2184215528256623,-0.007022284050015658
2.390012264251709,0.9213110064418849,-0.6003645924863984,-2.7807722509774653,0.007696443825188059,0.04351061507283627,-0.2107673001961279,-0.4671555318750815,-0.04735627232929074,0.3086663460073112,-2.218207219432153,-2.218434989385568,-0.006973355378573159
2.3981072902679443,1.4087780426038061,-0.5192272183542799,-2.838788218828515,0.0030061928822502936,0.04689929381729301,-0.21434726556892544,-0.46714472880981034,-0.04734537699725331,0.30857738991121486,-2.218350960159722,-2.218454747420423,-0.0071370114160218085
2.4060685634613037,0.3780733255983488,-0.40946863580563314,-2.237772473681615,0.0017318175406955416,0.03726446858366224,-0.21296820476239947,-0.46716183761968766,-0.047339046016070856,0.30853817641159825,-2.2182778229119067,-2.218383088551762,-0.007010733698189914
2.414074182510376,0.7916173576039951,-0.5593572319279585,-2.775438007572907,0.006075303740130001,0.040112323432688994,-0.21270443058389243,-0.46711952890233654,-0.04739730265350034,0.3084258660685423,-2.21823450360806,-2.2185526180594963,-0.007094212018642636
2.4221274852752686,1.1660254739791636,-0.44902957915274017,-2.791729603589536,0.00546073213897799,0.04613351498901579,-0.21681789347477828,-0.4671088965485258,-0.047385137952240086,0.3082790913760144,-2.2183543362354463,-2.218576816479619,-0.007330160173102073
2.430006504058838,1.0545421973956555,-0.5066916694515349,-2.8382313922513194,0.002386351738329747,0.04603160637814977,-0.20698984649274138,-0.4671099204844918,-0.047357482534080335,0.30814676645657446,-2.2184729302718775,-2.2186203029072233,-0.007309073841892537
2.4381511211395264,0.566124410247486,-0.5595016237920122,-2.916522651818553,0.0055635977412413695,0.037117612473758235,-0.20945003979542198,-0.46714141628423883,-0.04734429935278478,0.3080666554313376,-2.2184621346614493,-2.2185733204880886,-0.007326118443664486
2.4461474418640137,0.6998041237105206,-0.45109677714604807,-2.9603254848117584,0.0032808973469239423,0.0424394010025268,-0.20968686009463527,-0.46712683458854926,-0.047337954673757864,0.3079604291269853,-2.2184597130709443,-2.2186101273148378,-0.007461489712373046
2.4544787406921387,1.0140434492868353,-0.3973651731114343,-3.045677174904832,0.0005788242297844779,0.04289958863246573,-0.21522341785003754,-0.4671136750624585,-0.04738043809752152,0.307842244282056,-2.218483195346707,-2.218758927638496,-0.007448346027599848
2.4641048908233643,1.1656413088123525,-0.47145675765006806,-2.9864253418346944,0.0026899151782630347,0.047689382332738166,-0.21214750672986596,-0.4671259938892109,-0.04736796409721416,0.3077552136311996,-2.2185453565039372,-2.218711006179128,-0.007435764970380196
2.4722719192504883,1.0421031839812775,-0.4970348551702415,-2.914118695060957,0.004146157634795541,0.04435358880191082,-0.21207939370247744,-0.46711984669271517,-0.04734182772762525,0.3076925329644355,-2.2185768378541275,-2.2186454397483315,-0.007462134456047768
2.4802162647247314,1.0673714414087996,-1.1685605040387046,-2.492242505351352,0.01790162305936327,0.0481148731536089,-0.2201214197117717,-0.46712363078509817,-0.04736311970805413,0.3076510630325454,-2.218335245647479,-2.218672129155696,-0.007390302060625144
2.4882524013519287,0.8036533911138488,-0.5852701190614444,-2.6788239407416405,0.005900816687975669,0.04100928911544222,-0.21613283423202323,-0.4671360777827934,-0.047366549673513905,0.30752254730356826,-2.218491679514679,-2.2186802988010794,-0.007349279350095586
2.496058702468872,1.1450471853007589,-0.3763908107490818,-2.6881062666802085,0.0010139538181086268,0.049188953761639856,-0.21235036393765158,-0.4671115096021003,-0.04735518424213541,0.3074867057046324,-2.2184354914802737,-2.218617660081009,-0.007345712607695218
2.5040926933288574,1.2996638655222523,-1.036385563257455,-2.647398084067004,0.016267014499664924,0.0529026587766637,-0.21833145474579516,-0.4671104208006964,-0.04736687664132936,0.3073651661507918,-2.2185541999176634,-2.218683316323765,-0.0074901939051169745
2.512106418609619,0.9561219735638845,-0.27541581029713197,-2.7542488330216033,-0.004067292076003927,0.04520133574071889,-0.21364610983516374,-0.46711688658761763,-0.04736468915844165,0.3072967532153942,-2.2185209838262607,-2.218644890288941,-0.0073802215888463885
2.5202629566192627,1.158503012654517,-0.9588671444606428,-2.8977598139739653,0.012940420978313284,0.047701076955613646,-0.21770556998092125,-0.46711689298545933,-0.04735243880540228,0.30719351359128516,-2.2185282024825708,-2.2186858863886294,-0.007494444020291969
2.5281240940093994,0.9537847336955103,-0.6826651476702107,-2.9078229255593793,0.003411061026170851,0.043855569853750276,-0.2129030824588426,-0.4671075168875373,-0.04736828175810051,0.3071007128425382,-2.2184982230074484,-2.2187353778040837,-0.007507580221865811
2.536100387573242,1.0665829671249525,-0.7758622112746083,-2.9183828564356937,0.00729297392262183,0.04620709277502832,-0.21709855584892668,-0.4671383714874945,-0.04735984767728674,0.3070741314578955,-2.2184359455655813,-2.218674952341209,-0.007387547274422065
2.544105052947998,1.1067525625952945,-0.7978003303088322,-2.6775345001641044,0.007590911097618162,0.045378914194756786,-0.2164620442606936,-0.4671073045767042,-0.04738114762325888,0.3069819640775087,-2.2184365710289793,-2.21874486674603,-0.007528071483169832
2.5521116256713867,1.0418570016142195,-0.6448103683687341,-2.7641464490263203,0.0057710548120789,0.0463510919969933,-0.21191436640262987,-0.46712147535665827,-0.047343499935298336,0.3069614145048331,-2.2184915953295747,-2.2185732149129325,-0.007380912947153713
2.5601747035980225,1.1186626074575237,-0.40310777244005724,-2.7518759118529696,0.003935814067125472,0.04722942664477893,-0.21144140228196695,-0.46710087872088335,-0.04735965850693163,0.3068639105477139,-2.218433708065718,-2.2187170013148756,-0.007502234305000736
2.568058490753174,1.1183967638276673,-0.39569603795779457,-2.6435279593713616,0.0029176649520326545,0.04700637931447329,-0.21207612596153494,-0.46712838081684166,-0.047358002385540124,0.30683869749500653,-2.21842759201943,-2.218576413447526,-0.007363750884283732
2.5762317180633545,0.8585047020770078,-0.49997758027384526,-2.6495215215803145,0.0024057915409313063,0.04153687435509662,-0.21374584062651222,-0.46712372628999693,-0.04737241854222573,0.3068099529970182,-2.2183525809512608,-2.218591984140941,-0.007272069989684251
2.58429217338562,1.2588369727370843,-0.3409488769292229,-2.698450063801436,-0.0037850830714048276,0.05279328378056519,-0.21057636879605618,-0.4671190557030854,-0.04739161262485478,0.3067212058957923,-2.218358924323396,-2.218710898089345,-0.0073090526904589625
2.5921740531921387,0.8982692787992339,-0.7183032890896974,-2.9478981299618696,0.008926631911159387,0.04225451303774391,-0.21232195015299296,-0.4671321433629083,-0.04736769439806007,0.3066973086959933,-2.21837762729214,-2.2185745133864403,-0.007275710241447638
2.6000404357910156,0.8817287659226153,-0.2950976441915159,-2.9849169525719255,0.0013428168773857011,0.040724460443962905,-0.21058398882641485,-0.46713356474925055,-0.04735741080679399,0.3066189674614937,-2.218384218953897,-2.218657606113643,-0.007280232358655088
2.608164072036743,1.0573819817536212,-0.6712057205899318,-2.9536694436196833,0.0074741695523376775,0.0475748187068632,-0.2116052663424355,-0.46711758400884607,-0.04736522697664208,0.30657311313406493,-2.2183674068154433,-2.218650810755586,-0.007354933329375647
2.6161394119262695,0.8013340670310413,-0.45601411759720945,-2.9130636923062934,0.0009036413207724034,0.038492312615130045,-0.2113098753952333,-0.467114224383738,-0.04734759431408633,0.30651890090152695,-2.2184694733673096,-2.218537397168093,-0.0072659524877823674
2.6241838932037354,1.4450720710015232,-0.6215149212159665,-2.8338694815505545,0.006751098674439395,0.05509370208511142,-0.21876440584303755,-0.4671176245152738,-0.047355138212383026,0.30648878844705224,-2.2183865421594136,-2.218579765951145,-0.007202432857298484
2.6319899559020996,0.9542492581106848,-0.4485858083037546,-2.872531100167707,0.0036307917577327034,0.04440635787506286,-0.2087242478378765,-0.46711752325863043,-0.04735394802462474,0.30642671426963397,-2.2183821221251265,-2.218631794801294,-0.007348807980125646
2.6401114463806152,0.8346077503264508,-0.6889301345071273,-2.712132042888669,0.007590228508725451,0.04360149573138595,-0.21660393351762916,-0.46710465507172677,-0.04737525642643369,0.3064007155912013,-2.2183215914440195,-2.2185982886582023,-0.007298849497414906
2.648087978363037,1.024749324493202,-0.5399429474579066,-2.887340896224241,0.0024420215917869185,0.042317780775402235,-0.21076522721004423,-0.4671192859853386,-0.0473509957612967,0.30634750559974955,-2.218405340921449,-2.2185366747076913,-0.0073230363471285895
2.656230926513672,1.084997936673575,-0.7983353347675759,-3.3233382740689166,0.006581439872657735,0.04805474240609205,-0.21220741200090254,-0.46709684099683657,-0.047382544666558384,0.30626239093721425,-2.2184328371340944,-2.2186849027654385,-0.007368684633877554
2.6640965938568115,1.0896831277889067,-0.5993303138705228,-2.9884873849712172,0.002589287202481315,0.04580554820374211,-0.21676178295255363,-0.46710595159729423,-0.04737468909311738,0.3062737385446723,-2.2183667021212923,-2.2186720599021066,-0.007248312550407051
2.6721651554107666,0.9559328635463104,-0.2824940234644586,-2.7230296859168504,-0.003947761673638172,0.042939927675060344,-0.20606981965038118,-0.4671142701238833,-0.047369134511423515,0.30623053200304157,-2.218359274215304,-2.2186199242721996,-0.007239125133939288
2.68011212348938,0.8640949457085302,-0.32914701896550447,-2.8442872025869623,-0.0016844683955281332,0.04058599550982724,-0.21624584603361405,-0.46712988785056586,-0.047350952264748516,0.3061487684441468,-2.2184723932965005,-2.218638812714832,-0.007306975527764079
2.6900930404663086,0.8443271064088239,-0.5115808729870723,-2.864679860378518,0.0031113134983051746,0.04285456536464165,-0.21076321462875963,-0.4671305949327703,-0.04735871332073925,0.3061518432976707,-2.218407411537184,-2.218587003128028,-0.007288440063108964
2.698200225830078,0.868612151976193,-0.5100258717258945,-2.801593950270413,0.0030132732739094415,0.04125369431656173,-0.21041941442053685,-0.46711261535720056,-0.04736349140513499,0.3061113511732969,-2.218391328602573,-2.2186106277654982,-0.007270639605505354
2.7059900760650635,0.721671200897437,-0.33942711169914275,-2.435693111765332,0.0011454473312884435,0.044396905763833205,-0.21264243840030814,-0.467128685447586,-0.047360585917047504,0.30605717131905,-2.2183773137058758,-2.218538807006013,-0.007218336555908259
2.7141454219818115,0.8697951072496815,-0.6021167329167157,-2.6051143835612325,0.007026968086780713,0.04145602551671706,-0.21151455408610928,-0.4671358875369641,-0.04736841063624041,0.3059872454402647,-2.2183476145313734,-2.218565596021767,-0.007214754603298488
2.7221670150756836,1.3146040039936293,-0.6520347554677688,-2.92834823974114,0.0069448927458948305,0.05306786924090007,-0.21415257674080024,-0.4671213676721817,-0.04735566528636076,0.3058158522337074,-2.2184765681576617,-2.2186790564800267,-0.007374587499526799
2.7301418781280518,1.285261728613128,-0.896504260056099,-2.840431856712076,0.012314653437778841,0.052471675345656006,-0.2127296773077982,-0.4671248369024484,-0.04737132879146443,0.3057456876553951,-2.218405956322408,-2.218675104495387,-0.007298719749570768
2.738250732421875,1.290713687208802,-0.6794849534133978,-2.78786569843535,0.010119726578659475,0.05331070160531273,-0.2194937336845661,-0.4671261407342972,-0.047379512008621054,0.3056617176775828,-2.2183974095250005,-2.2187433794445974,-0.007303761087239008
2.746134042739868,1.0814820303216564,-0.7583170614071794,-2.8855441759757756,0.009245587238564163,0.04844676522165999,-0.21630071515226398,-0.46712681386346017,-0.04736579531961144,0.3055575894850402,-2.2184695255044002,-2.218746469296776,-0.007438625107190777
2.7540512084960938,1.2029156236804812,-0.6583073965368276,-2.916703975116346,0.007930269021122257,0.04699818353372244,-0.21449093783055925,-0.46712668872199936,-0.04735520857849899,0.3054475045703903,-2.218509344948317,-2.218762395351215,-0.007479252151205383
2.7621045112609863,1.1793478225593899,-0.40631919237201247,-3.007214577928596,0.00066050647323325,0.04484200447820466,-0.20982108625832688,-0.4671156863438426,-0.04736044474170538,0.3053479863287956,-2.218524865828368,-2.218828672934654,-0.007522735080658727
2.769986152648926,0.850541586422289,-0.41730975600060644,-3.1043504987051875,0.001295107919302458,0.0425494953060799,-0.21229302114997878,-0.4671363727598387,-0.047367744105361646,0.30531127277969006,-2.218436964983513,-2.2187788496780136,-0.007456470336518438
2.7780261039733887,0.9597776315304639,-0.331883008136747,-2.847380175555084,-0.00046986177682150536,0.041625409312790115,-0.2144875399646526,-0.46713006139027147,-0.047352908988849036,0.30522762286315636,-2.2185570456770107,-2.2187200868050114,-0.007385308457858035
2.7861764430999756,0.9220307523399668,-0.28018574481689323,-2.8562476163191737,-0.0007370636724792437,0.04128652911262788,-0.21271491682225221,-0.4671328127151623,-0.047371230201749354,0.3051689883610844,-2.2184202941447415,-2.2187413945508374,-0.007406679728158285
2.794034481048584,1.0275045600661787,-0.50154378951516,-2.90981892683959,0.0035007987770492043,0.045837797550696655,-0.21679986939808205,-0.4671313632659389,-0.04735981672772577,0.30511954579978146,-2.2184718083485864,-2.2187100797328765,-0.007389341795642095
2.801985025405884,1.0149036338520239,-0.22476156598033414,-2.9492830057839203,-0.0023772684377515695,0.04274766244961778,-0.21040748993980318,-0.46712776876743733,-0.04735454810886747,0.30504927292886286,-2.2185041399200798,-2.2186846989676523,-0.007382359177543088
2.810140609741211,1.1689264407634952,-0.7119530231941114,-2.5001244019880127,0.005930338676330402,0.04397496498013975,-0.21249371742144324,-0.46712839805971945,-0.04736416378939059,0.30497130726483,-2.218466528227268,-2.2187183594700284,-0.007466105421591988
2.8181378841400146,1.089834216165427,-0.5427460353106285,-2.776832316203818,0.003052146529467801,0.04726000701081627,-0.21634922324913838,-0.4671249880699005,-0.04736068197189557,0.3049581242869137,-2.2184332820411328,-2.2186967108402023,-0.007400981352615488
2.826188325881958,1.1674482790339191,-0.33923983823444087,-2.7435192597882567,-0.0034358252925498164,0.048150943720932426,-0.21362273405296067,-0.4671259140455592,-0.04734032112969178,0.3049194673325531,-2.2184541731418332,-2.2186453728820115,-0.0073368473232169286
2.8340365886688232,1.0822698458462463,-0.640676692087927,-2.647089498543571,0.00596205187769014,0.04772527997186682,-0.21656318488664117,-0.46712889223239856,-0.04734636539330483,0.30484974217315197,-2.218476787707681,-2.218634530603174,-0.0073271945340285674
2.842066764831543,0.8163294833214527,-0.5391293333022945,-2.915477643561959,0.006143642503390577,0.040662997900788034,-0.2135515305179035,-0.46712044839519207,-0.04734674051120002,0.3047891701257613,-2.218447823319925,-2.218650932735608,-0.007404662267814252
2.850085973739624,0.9269039008610653,-0.5048294309099284,-2.8342331884691654,0.004072453180093833,0.0433301423710923,-0.2184327486071865,-0.4671328078204395,-0.0473684403940318,0.3047413915369011,-2.218390619938049,-2.2187614416383306,-0.00735634659255932
2.858198642730713,1.028045882882653,-0.6903258374973388,-2.8474092933262485,0.007706639673221239,0.04581195654798413,-0.21518487060613137,-0.4671246791250545,-0.047354631657904156,0.3047106454708945,-2.218416560222135,-2.2186526906719024,-0.007301296391543954
2.866161346435547,0.8792930437533002,-0.7800027978050855,-2.817673867358451,0.008420826233371337,0.04201794032204501,-0.2151115272796998,-0.4671370542020808,-0.04734854117738881,0.3046745563110807,-2.218387673977388,-2.2186441810648936,-0.007320202117149092
2.8742198944091797,0.9967194223546021,-0.39997460325297585,-3.176422865261655,-0.0009444168951837098,0.05031690409068795,-0.2135847134428043,-0.46713021829850165,-0.04735384468739028,0.3046353999013489,-2.21838185064544,-2.2185946299747688,-0.007307860601205641
2.8823001384735107,0.9756674316635523,-0.6010304860770507,-2.683597399683313,0.007248521506957481,0.045474781293568314,-0.21354825491517132,-0.4671309725157569,-0.04736046004301826,0.30461160623786687,-2.218343156114617,-2.2186397911414324,-0.007187669146808288
2.8902134895324707,0.594807575352099,-0.4906597016714242,-2.8608481448959053,0.0007483498903645057,0.034196947137941434,-0.21790756678745304,-0.4671367557175536,-0.047346827674636154,0.3045869589837443,-2.218387716467289,-2.218575123594406,-0.007228208180303528
2.8982114791870117,1.1259606159159739,-0.581195583440483,-2.8056211845524124,0.005369682254122961,0.04790902104530518,-0.21124384623255169,-0.46712406588367067,-0.04737736643359689,0.3045686672884448,-2.2182961602736606,-2.2186317091747805,-0.007175475351881247
2.9061532020568848,1.0502109802960198,-0.7152419954337618,-2.794967943725485,0.00647926788522479,0.0436753414439898,-0.21560502874323784,-0.46713441891632057,-0.04735559614844253,0.30452049332391545,-2.21832934562739,-2.2185578304561604,-0.007174315518577875
2.914198875427246,0.9620687717984495,-0.7799798867732842,-2.781138245532073,0.008303369775861215,0.04433112277952602,-0.21149242928648035,-0.4671331078071715,-0.04737761169656823,0.3044897976353217,-2.218266895946349,-2.2186257775826554,-0.007116016789684636
2.9221115112304688,1.1686038955758253,-0.6519987955297232,-2.7593719847865543,0.00526165913099558,0.05094522604647259,-0.20738504725907259,-0.4671343989960235,-0.047355529210041616,0.3044715438986356,-2.218342230124422,-2.2185315597422286,-0.00711483342478723
2.930110216140747,1.2432260532809716,-0.4946687063062844,-2.5838796384921077,-4.720862996105436e-05,0.047705196624091686,-0.20924437242663738,-0.4671350785418408,-0.04737709293296405,0.30443945225476216,-2.2182656785205377,-2.218564092457689,-0.007151406024092704
2.9382362365722656,0.7650333059443201,-0.6722048082488409,-2.8601457696035357,0.004394614978151511,0.03934168750249552,-0.21184231884411822,-0.46713556656845984,-0.04735078187728631,0.3044180531483367,-2.2182141162265983,-2.2185752988052396,-0.007049178051935861
2.9461076259613037,0.9318283760623444,-0.7747341111142092,-2.9005070320243815,0.008325040331921748,0.04392006169920655,-0.21628305168442913,-0.4671565207840584,-0.04733858934770044,0.3043668571381112,-2.2183393079431326,-2.218493608269038,-0.0070615032178545
2.9540815353393555,0.7674519506691192,-0.9356217069664222,-3.0471861418352875,0.009490218010126197,0.03777967534314092,-0.21271225702108026,-0.46716014919937526,-0.04734650064655899,0.30434103196767553,-2.21829608512264,-2.2184788909835134,-0.007099371576634738
2.962108850479126,0.7354187366743705,-0.5479214152360634,-3.2757539814078336,-0.0006374903132388419,0.04060819350362255,-0.2098307451769023,-0.4671386743931399,-0.04736568329781782,0.3043188065432884,-2.2182769624907506,-2.218518888400806,-0.007074806472576137
2.9701685905456543,1.1336478591787138,-0.6881787472145373,-2.7871832922088777,0.005545787144648933,0.04811907725842359,-0.21442816765854128,-0.4671483590012166,-0.04735919267542591,0.3042963862283577,-2.218257417285014,-2.218530904413713,-0.007055000836966349
2.9780871868133545,0.7737810249005304,-0.3028094715098752,-2.9532710492402408,-0.0004531258045187384,0.039636686773556945,-0.2113416935645233,-0.4671687404653654,-0.04734937275489648,0.3042491293630004,-2.2182937003062704,-2.218519618369993,-0.007149749571152354
2.9860241413116455,0.9957906974989896,-1.0295004916677875,-2.916854869712201,0.016106494949229246,0.04399667940779678,-0.21416684216190932,-0.467142068590987,-0.04735786235557993,0.30423507689890195,-2.218315064601981,-2.218526839481367,-0.007120332597614791
2.994065284729004,0.8737707445383854,-0.5541199534015968,-2.928978620544779,0.0041331425031515085,0.04284771410948328,-0.21322242927647336,-0.4671281866581853,-0.047360707233023075,0.3041958813122943,-2.2182944381366085,-2.2185709182061912,-0.0071602881906063474
3.0021748542785645,0.89140575626859,-0.6048915122655025,-2.962035322669599,0.004371252381157869,0.044878351129632954,-0.21789688199403565,-0.46715385627867106,-0.0473374547467535,0.30422612755331974,-2.2182445510408177,-2.218396385483784,-0.007057122408660804
3.010223388671875,1.30547705175065,-0.8761242658623615,-2.9197666621604927,0.012167485319598067,0.052677019802296915,-0.21667345493401255,-0.46716130197138034,-0.04733271467382964,0.3041884210827987,-2.218285401209672,-2.2184233099796233,-0.007093821256977903
3.0181829929351807,1.0771593160932305,-0.589852320204481,-2.7027580228457677,0.0032545293972296566,0.04761498108323471,-0.21487665559867805,-0.46715500218694433,-0.0473321683886902,0.3041808686716645,-2.2182428964509353,-2.218412339403439,-0.007021728988565847
3.026089668273926,0.8668596087188208,-0.4407518027139196,-2.769904124488386,0.003435259579154716,0.04546232155115247,-0.2162961405209029,-0.46714108971952506,-0.04734583598755342,0.3041063140133407,-2.218385928443048,-2.21845740246564,-0.007138896359633462
3.0340490341186523,1.114080488491499,-0.7202001890272764,-2.762800922440438,0.008126171567186409,0.04749478356126039,-0.21423458043772378,-0.4671646389011174,-0.047327376868221194,0.304104560256481,-2.2183173483709084,-2.218441343383872,-0.0070513445102723905
3.0420403480529785,0.9302472686299753,-0.46817725325757625,-2.8624403634087328,3.538753808514192e-05,0.039945188865513764,-0.21475747834675338,-0.4671444114943154,-0.04734114272956173,0.3040654331823279,-2.218307326321548,-2.218500186668178,-0.00708794637951259
3.050187349319458,1.1697595522641129,-0.6149949239181286,-2.630797933413877,0.007377547717461964,0.04929788877494365,-0.21256418764423293,-0.4671372961502953,-0.047330223759109315,0.3040163109315683,-2.2183034097309395,-2.218532301545322,-0.007226046966019923
3.0581321716308594,1.034130318450061,-0.8389634819770453,-2.620697100016484,0.005461039200491634,0.04643794360737452,-0.21222029677912155,-0.46716388329733827,-0.04733419625388975,0.3040380089836007,-2.218293032258878,-2.2184765608566255,-0.007043831557769419
3.0660834312438965,1.1496540970187423,-0.7613158464638169,-2.828869335917629,0.0043376348428029446,0.047991411260315135,-0.21411135436231826,-0.4671356733909639,-0.047338964957401364,0.3039810429924852,-2.218418477665496,-2.2184477744495505,-0.007170386208077093
3.0742359161376953,1.0483868240240604,-0.39129483011158955,-2.743495212577197,0.001374079683918017,0.04582642843572838,-0.21414577702190035,-0.46715662306904876,-0.04734773003221909,0.3039914571649768,-2.218290708102332,-2.218502272747788,-0.007052603445911377
3.082352876663208,0.860101971897973,-0.5389645885033184,-2.7875941998622387,0.002083890564725809,0.04292971489598027,-0.2118084473519601,-0.46716200330691166,-0.047349187552585735,0.3039417636999899,-2.218342467202302,-2.2185729330130837,-0.007128229937949238
3.0901920795440674,0.8508626407574179,-0.42668166758757897,-2.6808794432915573,-0.0008530135275970347,0.04111872080886228,-0.2101146084125227,-0.467150166493215,-0.04734918213238209,0.3039372408965518,-2.21828507830908,-2.2185876947169554,-0.007175545953563954
3.098249912261963,1.0591558972990198,-0.5238754176177663,-2.6935948563817655,0.003846471026034865,0.04675371654384716,-0.21751896823276287,-0.4671415176998029,-0.047349717189125756,0.30390027259718355,-2.21837816947667,-2.218542249358334,-0.007196716970538998
3.1062755584716797,1.120218110904009,-0.624360531303095,-2.7956203558021575,0.005445684728225834,0.048430402144100715,-0.21280117678655175,-0.4671347059366924,-0.04734471741065144,0.30387339279959824,-2.21836246268387,-2.2185762958585395,-0.007162034866429031
3.114086151123047,1.1542023457289532,-0.823301037504497,-2.6926358672546162,0.009547676022268182,0.044117433644366905,-0.21348860951551385,-0.46713864212599965,-0.0473397900859721,0.30383981084147416,-2.2184139056247054,-2.2186460003273005,-0.007254317443523816
3.122215986251831,1.077858241535616,-0.7598969805355739,-2.6111603127869154,0.00839540854989868,0.045108915393680685,-0.2128035147460128,-0.4671545352603893,-0.04734323178922511,0.3038592283384537,-2.2183519582798468,-2.218495748907925,-0.007153836504796176
3.1301631927490234,1.1712795327178578,-0.7192020254761904,-2.6070148782645743,0.00911808722736853,0.0499517119290334,-0.21996983751704224,-0.4671546015296999,-0.04732172960502567,0.30380591260417894,-2.2184945905909714,-2.218501777954651,-0.007244067585989966
3.138099193572998,1.0439640588235382,-0.974751181078432,-2.670450925026707,0.011966278635359212,0.0460400165163631,-0.21806203757900577,-0.46715376940660497,-0.047338848752724726,0.3037997516163824,-2.2183201065608302,-2.218640609240256,-0.007288571041748284
3.146162509918213,0.9532684847367087,-0.8502958708441938,-2.531498182437665,0.01055853888573604,0.045347021715235365,-0.21050891009266245,-0.46715436683747985,-0.04734043841323632,0.30379653598993617,-2.2183541952149213,-2.2185874590304793,-0.007201944624952564
3.154222011566162,1.1568358644216512,-0.6114027951039152,-2.6904120493061563,0.006446732071717218,0.05043070584089878,-0.21626635692363755,-0.46714454652122467,-0.04732769878652422,0.30373195309775564,-2.2184928365032324,-2.2185908495682276,-0.00733869970160623
3.1622307300567627,0.9975267947610488,-0.5809504868713203,-2.742203933178865,0.004819843105318997,0.04523349261509816,-0.20694864608106703,-0.46713719849506136,-0.0473524946281096,0.30374314341650904,-2.2183645664492158,-2.218620467859313,-0.007288706623329344
3.1701619625091553,1.2642913629467691,-0.2279211834089428,-2.75625794857372,-0.003017135744423234,0.049858963905518215,-0.21164742335211023,-0.46714546823287767,-0.04735891433917741,0.3037204962430148,-2.2183090590209016,-2.2186943528771224,-0.007374317342072028
3.1781649589538574,1.0489688481156136,-0.6785318238207372,-2.6483174633721744,0.006087989154852551,0.04235056989732978,-0.21235255846248235,-0.46713484805155175,-0.047338975583333616,0.3037426281298975,-2.2183691599693334,-2.21852640944519,-0.007205513220992433
3.186072826385498,0.9278678686465361,-0.3871077210133424,-2.840532358586879,0.00097300547488642,0.04370222871148217,-0.20531401607461233,-0.4671373233482831,-0.047342570083407816,0.30372098639444667,-2.2184076169815885,-2.2185914647433744,-0.007244433399475827
3.196178913116455,1.0130889528679106,-0.507543104901881,-2.5598465851164813,0.001056068094865461,0.04323399085226607,-0.21720745009537756,-0.46713275905024654,-0.04733861219430145,0.3036975637166083,-2.218371937399625,-2.2186399143492834,-0.007308411691541258
3.204101085662842,1.0516027891192572,-0.4063149935266932,-2.8071782522889417,-0.003108324957273142,0.04115859647207133,-0.21132949895578731,-0.4671213686299877,-0.047367170938035254,0.3036721803426096,-2.218319248465216,-2.2186974245670994,-0.007240543064145059
3.2120542526245117,0.707967404372641,-0.6813322873424794,-2.14527446308173,0.006603229654832233,0.04274731959526419,-0.20763970599796833,-0.4671331545324242,-0.04736045651565653,0.3035968800933194,-2.2183305685942765,-2.2186157011738707,-0.007185069044475216
3.220088243484497,1.2188021897593615,-0.6127353358193379,-2.6355065565936733,0.006310710623311898,0.045479771415984444,-0.21551014753147787,-0.46711485648855106,-0.04736312807447019,0.30349954692237824,-2.2183135229229434,-2.218681251426075,-0.007228523513094117
3.2281553745269775,1.3038969287316846,-0.7040515028289346,-2.662341000531441,0.008189277615133337,0.048813864881951344,-0.21577611762522708,-0.4670960952838629,-0.047356561930164,0.30334123132304824,-2.21856328004967,-2.2186357909542718,-0.0074220299104160205
3.2360012531280518,0.9297106757282836,-0.6652677031678713,-2.7209145697777988,0.007045123541034007,0.04145940101448297,-0.2160947507188082,-0.46712593232898564,-0.04733695703347959,0.30322778367746916,-2.2185536693604133,-2.2187480966552884,-0.007441367083643163
3.2441437244415283,0.8694480651931307,-0.7223681944798894,-2.8681236136850106,0.008473467325649799,0.0426908428901249,-0.21309484645660667,-0.46713325995239224,-0.04733677983068016,0.30312216332681935,-2.2185390664569495,-2.2187265486734207,-0.007522630436790508
3.252067804336548,0.9457407620995674,-0.47633502132300265,-3.0054095898582576,0.0010078568229685081,0.04286060415522197,-0.21414647414350219,-0.467123205736349,-0.047345817490418475,0.3030092985449281,-2.2186041871980136,-2.2188033174376134,-0.0076064564989947485
3.2601895332336426,1.0210410794498688,-0.3433498049449193,-2.9976675856867536,-0.003166096497500177,0.04326412230303417,-0.20944900379715017,-0.4671251497616276,-0.04733848689617437,0.30291308845248566,-2.2186626389434614,-2.218845643308994,-0.007636360901626001
3.2681798934936523,0.8830599863790665,-0.8503341749364367,-3.0272141192322635,0.01153278212756036,0.04464669621839868,-0.21401402967515726,-0.467108849670814,-0.047368509029351885,0.30279986630259936,-2.2186864277066904,-2.218944934709626,-0.00765474019979016
3.276231288909912,0.8155673926152193,-0.7265933610534527,-2.916100625320542,0.00815090582590117,0.03965164105553348,-0.2155104703391132,-0.46711753721106763,-0.04732591689504974,0.30276286173468914,-2.2187171171997737,-2.218831639626624,-0.007576100118253661
3.284235954284668,0.9970449955602414,-0.6679590463490817,-2.7632666172691382,0.006488634792561473,0.04617401837743858,-0.21228484441907988,-0.46713024257199787,-0.04734560783647865,0.30271357325879544,-2.2186151163547514,-2.218842758263192,-0.007599208516069248
3.2921688556671143,0.7233750120620113,-0.8848592369285072,-2.8491021985649483,0.012215369128485448,0.04037692200159359,-0.2077208481794556,-0.46713814981221885,-0.04734219463672385,0.3026370818147737,-2.2186309710936913,-2.218843089739425,-0.007650196863597734
3.3002305030822754,1.0776248025605444,-0.5932583233228048,-2.7705495879753537,0.00857923602114826,0.04513675693658718,-0.21339558076704074,-0.4671143333011832,-0.04733128583883619,0.302581021243399,-2.2185990347494053,-2.218849582502657,-0.007612221548290897
3.3081541061401367,0.9055505007701035,-0.38261177926443213,-2.786237098424059,0.00041676850041167464,0.04123221932420829,-0.21243683250193832,-0.4671369576367013,-0.047342569516401686,0.3025393506480625,-2.2185687942889847,-2.21876780070798,-0.007479958947980283
3.316394090652466,0.8906164628958619,-0.46647864815044227,-2.877982694853111,0.0017030377339349741,0.043864032240819056,-0.2111438545034603,-0.4671263400483717,-0.04735221063161747,0.3024723732389267,-2.2186392779645296,-2.2188134208299095,-0.00757403215475728
3.3242783546447754,0.949128337317014,-0.47124426940882613,-2.9218610902645508,0.0024210496318658233,0.04462317414936809,-0.20968430783692144,-0.46713663616118445,-0.04734265413703008,0.30240313766735494,-2.218652239530449,-2.218800437382187,-0.00753534658489535
3.33211612701416,0.6859017142493642,-0.7198708442812911,-3.062737218678347,0.006197251535839076,0.03923872076887872,-0.2109947143232513,-0.46710125928609253,-0.047352386790834276,0.3023807076352796,-2.2185600244137924,-2.218800716166758,-0.007517993863865297
3.3402349948883057,0.9793445516679665,-0.39646602785161245,-2.989909683920865,0.0016161851651713666,0.046811409430136466,-0.21210995900097765,-0.46712068736422296,-0.047367588842212933,0.30231895982328916,-2.218541179258728,-2.2188190378569566,-0.007485444371871424
3.348158597946167,0.6961600497936177,-0.5192357839163708,-2.791047570614214,0.006202684950831518,0.03377238044439538,-0.21629249633376044,-0.4671182929111637,-0.04735411579567878,0.3022978818556432,-2.2185141820931262,-2.2187553457157847,-0.007438218141104356
3.356212615966797,0.9616591742686538,-0.4863603237483816,-2.8923830540496036,0.001969079813445703,0.0425098706103541,-0.21882913561658535,-0.46714244770383795,-0.04732098956451119,0.302268744020009,-2.2185482612103424,-2.2186471821750215,-0.0073499497130752765
3.3640952110290527,0.7661806429634552,-0.5699693216521949,-2.9570873534484536,0.008945789457765564,0.03984705827981355,-0.20960371738814565,-0.46712898526270463,-0.047339971381549655,0.3022310579893042,-2.2184373004801308,-2.2187292039886324,-0.007366127123666183
3.3721320629119873,0.9195574769072078,-0.5948597236200562,-3.20564055185872,0.0040556615022250405,0.046040187857484594,-0.21233658394202481,-0.46711720267762813,-0.0473531518711143,0.30221419230688656,-2.2184403435634215,-2.2186561340291,-0.007334744008088386
3.3800551891326904,0.8542167310936554,-0.33033315814311937,-2.872419471932677,-0.00032260803397960494,0.04046040041417446,-0.20863227594258618,-0.4671131283826276,-0.04736355231020478,0.3021895887796152,-2.2183844717102748,-2.2186998168943113,-0.007285759613704138
3.388065814971924,0.721250211244835,-0.7476602789582112,-2.784910418200536,0.006139167465411909,0.037905298462345235,-0.21110302310727502,-0.4671216386724136,-0.04731957646508948,0.302131904112318,-2.218514315442739,-2.2186095456965997,-0.007252221996601086
3.398230791091919,0.7033224169416847,-0.47502984236771384,-2.9181684731611384,-0.00034589898668262463,0.038085783284047825,-0.2109072790316894,-0.46713628382164557,-0.04735061166943762,0.3021386886158119,-2.218336768613464,-2.218633611107394,-0.00718289974736892
3.4061694145202637,0.9180842502646982,-0.5315570981302669,-2.8141337299135585,0.005230969625119999,0.04167677677514061,-0.2107111425555279,-0.46713792667017584,-0.04733315716503075,0.302072368914148,-2.2184189315840004,-2.2186127692833675,-0.007282333751951949
3.4140241146087646,0.5261283700850365,-0.38954157102012377,-2.7891723679458336,0.002439594475693835,0.03546762210780465,-0.21219811969788355,-0.467126835178119,-0.047339928927551705,0.3019687161226836,-2.218472286715166,-2.21861912263588,-0.0072322500556974475
3.422053337097168,0.5597355547331871,-0.5699419366631235,-2.926174289683172,0.0037268178296515943,0.03400740638169685,-0.21655431309162723,-0.4671210023610231,-0.04733987136490339,0.30193578879132466,-2.218331082422195,-2.218628893843974,-0.007230953212847095
3.4300317764282227,0.8904665387669009,-0.4861521302277754,-3.0158387243089444,0.0007719676634260495,0.04003598388960168,-0.2112708242428365,-0.46711178153729355,-0.047326549358402435,0.30180984992284465,-2.2184939110287396,-2.2186104328960896,-0.007270855954099089
3.4380881786346436,0.7804559008372719,-0.3219381225917753,-2.8935176174892425,-0.0005624564838875657,0.041098783954343535,-0.20186368756169706,-0.46712974481376296,-0.0473391346165872,0.30173731343677873,-2.2183705037572885,-2.218665422827345,-0.0072789029897559155
3.446159839630127,1.0135275296855835,-0.385179142473709,-2.780690002644121,0.004948082511332865,0.0487817562274554,-0.21570446980341274,-0.4671360242076636,-0.04731339686308187,0.30163379308857663,-2.218498279501287,-2.2185638813210335,-0.007328827304219886
3.4544265270233154,1.0582967797354887,-0.7716361197807874,-3.2477880585587418,0.009835770060317809,0.05027177831464426,-0.2151740450270329,-0.46711207408344335,-0.04734058552382619,0.30152361544692863,-2.2184706882160903,-2.2187340908209694,-0.0074132063652644015
3.462244987487793,1.3064907053595356,-0.3867539705085853,-3.125266225502423,0.001002964466211437,0.051045910996156144,-0.2117795497954149,-0.4671235387481856,-0.04732333365456707,0.30144731524293034,-2.2184630836298562,-2.2187378321525184,-0.007376931629023252
3.4703493118286133,1.4233151275371754,-0.6768943617656727,-2.6899543876760093,0.007160115381962292,0.05457271923471296,-0.2184467250145161,-0.46710698999331585,-0.04733782780944308,0.30134654819217815,-2.2185426204260885,-2.2187411142931417,-0.0074474564118461924
3.4802956581115723,0.8311277564521765,-0.6445824700497579,-2.7701654359510925,0.005632750088626583,0.042065042901206336,-0.21273019984149935,-0.4671257756498334,-0.04734887522726285,0.30128437626118043,-2.2184696441203893,-2.21874585643659,-0.007407572068805625
3.488245964050293,1.1020355501539831,-0.4438136140270312,-2.719528674657141,0.002187634012900314,0.04752648393017909,-0.21106757565306827,-0.4671204214079434,-0.047335237589744054,0.30120245139168883,-2.2185192329086934,-2.2186960138282505,-0.007366582033092822
3.4960875511169434,0.6285803449363884,-0.43011358680699363,-2.7102947403176523,-0.0011654072534355096,0.03900649079357344,-0.212187354451958,-0.46710239618569116,-0.04735110992807635,0.3011400970725242,-2.2184298071166437,-2.218747723955937,-0.007361854301806634
3.5040335655212402,1.1941082295845098,-0.554258449636912,-2.637715731014891,0.005266736676026332,0.0511013676185038,-0.21729961178709298,-0.4671159869264616,-0.047314428420070956,0.30105160810897147,-2.218536083007141,-2.2186612760495863,-0.0073808179023463275
3.512038230895996,0.9765888292231324,-0.5181297528241957,-2.702394578374963,0.0041937771928636,0.04124070954193465,-0.21810135521800578,-0.4671197273991526,-0.047344187479485954,0.3009793001041168,-2.2184660112981365,-2.2187706141111234,-0.007301158877116787
3.5200631618499756,0.8721475207145083,-0.8311406729968311,-2.8499742564485935,0.00569231297206689,0.043095956568831466,-0.2133007050817067,-0.467111378723516,-0.04734536700799006,0.30089721910307,-2.218487943779689,-2.2187057596388007,-0.0073211581838345235
3.528127908706665,1.3279127034565787,-1.2166169016033288,-2.925146099456033,0.019686099777045666,0.053681352646165595,-0.22095687115503762,-0.46712348108727264,-0.04734117299275373,0.3007851741346827,-2.218500870029196,-2.218764462851523,-0.007373918359316786
3.5361433029174805,0.7296687027048653,-0.7535014069534924,-2.930922854853799,0.008402723655935666,0.03892087362677317,-0.21496392784912902,-0.46712327407046583,-0.04734767444351444,0.30070868734885503,-2.218548824714345,-2.2187696622337785,-0.007324829636195332
3.544043779373169,1.1616861699213947,-0.8783802400460944,-3.0587107960973583,0.013704002894655773,0.04609323512813115,-0.21776645533432795,-0.46710806493733453,-0.04731715045090066,0.3006383304892454,-2.2185746582118973,-2.2186761778620103,-0.007477258720999734
3.5519957542419434,0.9540945460931867,-0.5549069282862764,-2.85283898520093,0.003984126840978381,0.04053425307821269,-0.2154385115798492,-0.46712320873148205,-0.04735177092522278,0.30060104077895095,-2.2183952489946384,-2.218759215899106,-0.007347090768229487
3.560016393661499,0.5495540397790293,-0.36699818031111564,-2.868103004292065,0.0018553166670124117,0.0335567499944705,-0.20718672863842102,-0.46712787270355155,-0.04731223967199608,0.3005101846932537,-2.218574288637929,-2.218674467813203,-0.0073639124495843995
3.5680859088897705,0.8947217703787395,-0.7234495198727011,-2.8527749849702895,0.005390021342659186,0.04445586501686528,-0.21352183965015084,-0.4671021839247896,-0.047355763437859064,0.30040911880057664,-2.2185085345694877,-2.218851978177983,-0.007407471127281547
3.576040744781494,0.8327288229963832,-0.6506588791192469,-3.0819371156177633,0.004726703305702207,0.04123279337946738,-0.2136760301066558,-0.4671292116432924,-0.04735373933865979,0.3003937678852039,-2.218417770299893,-2.2187363762012433,-0.007334490699908777
3.584092140197754,0.8468301292615056,-0.7730856546620076,-3.019629230774223,0.008811647609812264,0.04273688400606297,-0.2160199309622023,-0.46711820852234454,-0.047346825389274885,0.30032298405600355,-2.2185131650180074,-2.218712247772171,-0.0073794987064775535
3.5919861793518066,1.0858478225625832,-0.8224472459376422,-2.6956830913676058,0.007258725452335459,0.0463139831938646,-0.21818815750799425,-0.46712292588895765,-0.04733555669351095,0.3002676067966714,-2.218475160041498,-2.218731416803979,-0.007357620534310821
3.600019693374634,1.3183467178235269,-0.5825173878872746,-2.9332809326020866,0.00486488319347139,0.05287006502172535,-0.21427255856542596,-0.46710895238859945,-0.04735818377365909,0.3002119814931664,-2.2184442663680817,-2.2187773870601126,-0.007422627640338269
3.6079957485198975,0.9665146319051153,-0.3074874364967092,-2.968185441426987,-0.0007285646395641871,0.04253109797419299,-0.21373828764105535,-0.4671111632272138,-0.04732007897902438,0.3001263011163566,-2.218534436756646,-2.218694880944111,-0.007458686684652349
3.6161882877349854,1.009848748047519,-0.40225445764210055,-2.891544328280067,0.0008007321077477247,0.045816548382140776,-0.2128217380881214,-0.4671005822666925,-0.04733756853458939,0.30007211895387853,-2.218515180992246,-2.218762302349363,-0.007399828245243673
3.6241471767425537,0.923174592627115,-0.6788433942656091,-2.947773342646767,0.00804297466640656,0.04325958835275746,-0.21224258088240341,-0.46710612167515864,-0.04734753750596942,0.3000335938449197,-2.2184604929497476,-2.21876202904006,-0.007419715328217663
3.6319634914398193,1.1480053288920762,-0.3268169644695587,-2.9309427629736367,-0.0007471333426441388,0.05030205795004168,-0.20806922297635067,-0.46710514114532603,-0.04735413704748066,0.2999949208582292,-2.218428679981468,-2.2187202783983966,-0.007426205802690398
3.640009641647339,0.8825462746975411,-0.6309936182113166,-2.8208546499596214,0.0026419312072359412,0.0411837296642158,-0.21161226731896615,-0.46711099687131247,-0.047362345875981295,0.29998741250808425,-2.2183198559626787,-2.2188069028720516,-0.007313503597424953
3.64816951751709,0.8192948535931355,-0.6534326006478214,-2.7783695630800245,0.005239425820749729,0.041453208033548725,-0.21109871805528835,-0.4671137738327518,-0.0473403571635197,0.299923876717872,-2.2185105940512755,-2.218662513790983,-0.0072539633756162555
3.6560535430908203,0.8679741367842231,-0.31797499508991706,-2.932361120363345,-0.0011825623666121717,0.042680075182109554,-0.21422052125605412,-0.467109257769008,-0.047336040643769596,0.2998918609452084,-2.2184433064323215,-2.218659279522377,-0.0072220033511030315
3.6640398502349854,1.1488815370032415,-0.7591408510544779,-3.0413355772026183,0.003570910577509944,0.0514215179220567,-0.2134278686658734,-0.46709856567430375,-0.047334579891731225,0.2998250317456884,-2.218479670240213,-2.2187003878868703,-0.007360169556571085
3.672114849090576,0.7229315764676228,-0.3069134258633815,-2.965527769392683,-0.0008372763448182131,0.03780719626692341,-0.21266665338246882,-0.4671188274207681,-0.047339132241298106,0.29982015463285927,-2.218311621256903,-2.2187154475810096,-0.007256479232964709
3.6801064014434814,1.165088638211948,-0.6242480440312616,-3.124059142780908,0.005262121591699569,0.05030288873795268,-0.20570453742238745,-0.4671255316811927,-0.04731234014274017,0.29979622650856164,-2.2184585657928975,-2.2185589996397255,-0.007164038521649955
3.6880695819854736,1.1633455651925488,-0.7265041280874338,-2.7538835105543926,0.00785870891415308,0.04888918115182449,-0.21408650972673376,-0.46711038453015014,-0.047339874353568914,0.2997730477515873,-2.218396042273645,-2.2186094514029775,-0.007193372029180286
3.6960675716400146,0.9867953080134327,-0.7100427966284185,-2.828574977772798,0.007490550605634762,0.04630246055959662,-0.21901694360808915,-0.46709692931699975,-0.04734609801807121,0.29971493774668434,-2.2183539333710716,-2.218643313771494,-0.007264133930962337
3.704246759414673,1.0800109987679476,-0.6354164055894574,-2.709814512302758,0.006622738054076865,0.048293443438979164,-0.215503062096437,-0.4671349315947874,-0.047335976053225065,0.2997121211734763,-2.2183148960793226,-2.2186038859464805,-0.007157597131825526
3.7122397422790527,1.2463535053596084,-1.0950405524737443,-2.780625428850704,0.012263618271603379,0.05445886106181036,-0.22199270737338433,-0.467124702472618,-0.04731803078523807,0.299631814437945,-2.218394120564284,-2.218633480531429,-0.007230351231361907
3.7201943397521973,1.0551701059643805,-0.4567623848366194,-2.82347193648944,0.002171766953404615,0.04567755355583079,-0.20916168576342342,-0.46711278701154496,-0.04731929315566967,0.2996261211597429,-2.218429409741692,-2.218549943894817,-0.007176768915053119
3.728076934814453,1.0855070464083472,-0.536380746701616,-2.9462411852273616,0.005985565038458094,0.04731152965374106,-0.21474464144820152,-0.4671284113615305,-0.047318187057106276,0.2996102408610928,-2.218433912012594,-2.218525498685199,-0.007152081811514149
3.7359840869903564,0.9798869302676816,-0.8596558280323328,-2.7731298401476963,0.010531943122614093,0.04562398564674337,-0.21892689235033763,-0.4671384133595343,-0.047326943242054484,0.2996249618886321,-2.2182511791349127,-2.2184969092941853,-0.007047704400645464
3.7440900802612305,1.0065565274285238,-0.48758107631326864,-2.956999926297037,0.0038505751562199564,0.044960415907861456,-0.21496196613239618,-0.46710764142549255,-0.047342401147911856,0.29953392574100873,-2.218406292190839,-2.2186282737804492,-0.007188086829968704
3.752119302749634,1.1286524989796087,-0.4251419770684855,-2.8048371406129085,0.0013381332533182809,0.046304104758342034,-0.21225437451879933,-0.46713493449366256,-0.04732044778279575,0.29952567845442823,-2.2183651753812637,-2.2185679893965085,-0.0071075466077253615
3.7601025104522705,1.0456212021338562,-0.1905510788487465,-2.8620332001559805,-0.006425235399015601,0.04475163686989156,-0.21082799861944732,-0.467126862262683,-0.04732799335121806,0.29947253493436216,-2.2184271552988273,-2.218603560347182,-0.007213097343371588
3.7680504322052,1.0651665278022115,-0.42206569981022685,-2.9196412186729437,0.0014101129871635035,0.046011509451970786,-0.20888691256665315,-0.4671163598885824,-0.04733959746841984,0.2994789869042333,-2.218290314039946,-2.2186175224568117,-0.007158115341459821
3.776045560836792,1.1882469785040577,-0.915072906030299,-2.7926875291290933,0.012431050681927644,0.046711506784592384,-0.21940233244844778,-0.46713552309226924,-0.04732565251350948,0.29944687206744014,-2.2183813278638356,-2.2185613285286947,-0.0071614508213182744
3.7839906215667725,0.9444972691446865,-0.6831863316156113,-2.733210056874342,0.005179176507676057,0.04238740755863453,-0.2143770972412389,-0.46713194626765414,-0.04732886477973045,0.29939293233237324,-2.218414309543257,-2.2186256390522434,-0.007123934347653904
3.79215145111084,1.3183668857908895,-0.34655251588741537,-2.864271526532951,7.746754404226761e-05,0.05099906619005037,-0.21507492930556932,-0.4671255414990697,-0.04731020716600544,0.29936887195400097,-2.2184406645101684,-2.218550014671547,-0.00724312885396838
3.7999918460845947,1.1271810401227806,-0.46323304033819585,-2.7920199639680123,0.002516138367761422,0.04506630392020298,-0.211886365250883,-0.46714196800489766,-0.04732660654114791,0.2993683786143926,-2.218424318100813,-2.2185613129089727,-0.007192825812793393
3.808082103729248,1.20234452891528,-0.5857112354806404,-2.780719307788057,0.005060825771029513,0.049837391720886685,-0.2139758290612663,-0.46714909966174323,-0.047303950435292445,0.2993353384565184,-2.2184191547990846,-2.2186027958782604,-0.007158228255315071
3.8160855770111084,0.7588603624369669,-0.4230460765894469,-2.9086525118102693,0.00010056817764774317,0.036738168253251574,-0.21248897370328013,-0.4671577772109972,-0.04732705750069469,0.2993477421671761,-2.2183337588712027,-2.2185565329036527,-0.0071721450763701225
3.8242077827453613,0.9212397396881281,-0.5487054331442615,-2.8548263705135732,0.0031775386845138698,0.04182479490437829,-0.21082729484356869,-0.4671327314381073,-0.04731780733452309,0.29926074881875303,-2.2184557448984337,-2.218604339332215,-0.0073114890786091374
3.8320887088775635,0.8877285626220534,-0.46048388494469417,-2.940849647162638,0.003138706634786909,0.04218739476824632,-0.20738737523217562,-0.46713327864892223,-0.047334082566267095,0.29924541711330194,-2.218389239109716,-2.21866695096117,-0.007178938296660866
3.8402020931243896,1.0740432586878994,-0.8524535180309057,-2.981619706858364,0.009816761680239879,0.04790764505405657,-0.21518802192385292,-0.4671313690565702,-0.047331032769541585,0.29921249403195654,-2.218460184237448,-2.218654915068342,-0.007263484524270243
3.848165512084961,0.8298116848662652,-0.3866056012723023,-3.058455677744379,0.0018002738339630037,0.04090155112489453,-0.21000130397732492,-0.4671442773027373,-0.047320271269096784,0.29919399739792335,-2.2183770217225285,-2.2186247082991386,-0.007257246098991402
3.8562581539154053,0.9470050877488311,-0.8152553800314893,-2.8619057814268154,0.010291026282383233,0.04324841506637051,-0.21896604726101868,-0.467144042760662,-0.0473377026263338,0.29918508382748354,-2.2184414123301543,-2.2186404814154286,-0.007237474624621934
3.864122152328491,1.147827649376206,-0.3235310784358121,-2.9698842060046746,-0.0005820204055552428,0.05188730366896146,-0.2079956611798623,-0.4671291883871358,-0.0473301501397365,0.2991497838487895,-2.218518437726216,-2.2186146535166107,-0.007316037829121803
3.8722729682922363,1.119408313334549,-0.6708644635853526,-2.794003458647268,0.005653246370057657,0.049069242653119856,-0.21514517727245286,-0.4671232496573403,-0.047329866345161904,0.2991099417896406,-2.2184122791461425,-2.218731884339758,-0.007364750840205907
3.8802287578582764,1.332466454128498,-0.9451850260086858,-2.9214926236241507,0.013310354714206022,0.052229104266103735,-0.22520735165742334,-0.46713864396162996,-0.04733897478180574,0.2991024034528599,-2.2183665816410727,-2.2187503754508446,-0.007262751923974441
3.888150215148926,1.1359538256800954,-0.5894273709313667,-2.876953659211235,0.005463962014177875,0.046759091347437366,-0.21068429001544695,-0.4671394939340218,-0.04732770965950133,0.2990724207924198,-2.218451943435081,-2.218708642474183,-0.007259186801708517
3.896155595779419,1.11343162136153,-0.6346234153545516,-2.967715472777661,0.00726655668063897,0.04737046352739134,-0.2155989131729567,-0.4671330220432605,-0.04732671994954307,0.2990357703381954,-2.2184616522824374,-2.2187612717927996,-0.007377270023595447
3.906353712081909,1.0008793963022495,-0.6106030265160974,-2.8626144013767183,0.004894542681913152,0.04556844164880931,-0.2099307834897399,-0.46713959549118583,-0.04731752268848998,0.29902970851490096,-2.2185680134807813,-2.2185985485859794,-0.007316570009945905
3.914290189743042,1.2759547095018484,-0.9004310182436429,-2.9172317253216837,0.011304833762351689,0.045078133072963544,-0.2174543255433482,-0.4671220042738029,-0.047312313339885496,0.29900592690543415,-2.2184759229535507,-2.2186501060716344,-0.007394246298946071
3.9220893383026123,0.6345402459038408,-0.26257002699986975,-2.3973819425843774,-0.0011507867095972768,0.04219194583123145,-0.2108583628521306,-0.46712504341017996,-0.04732108810654201,0.29892556718681196,-2.2184593329786044,-2.2187137628886724,-0.007311307996427934
3.9301631450653076,1.299150728187753,-0.7389172663173427,-2.5868856324716165,0.009327385450324445,0.051351165693301615,-0.22295298797493884,-0.4671047875472402,-0.04732146191870014,0.29882510678121316,-2.2185334581866476,-2.218710844284548,-0.007331957846610013
3.9381120204925537,1.321291104081249,-0.4314332662845362,-2.9287011227444455,0.003466435298090686,0.04867565210603309,-0.2111975419671817,-0.4670925966585234,-0.04733409790166996,0.29870373837048686,-2.2185798423623844,-2.218751130205894,-0.007490614092743067
3.9460666179656982,1.0593680785076303,-0.589589885939908,-2.64032889277974,0.005567532816289211,0.045646094513123764,-0.2178996809893012,-0.467091491665548,-0.047326875952011314,0.2985793767197403,-2.218605476732789,-2.218843105143021,-0.007506429458042956
3.9541256427764893,0.9237145860270677,-0.7223179108864943,-2.7013219990163315,0.007635387566065389,0.044548913737213425,-0.2190463901608307,-0.46710839514464986,-0.04731953414272035,0.2984845612829917,-2.2186050219965416,-2.2188585030077173,-0.0075333349706438275
3.962010383605957,1.0988977749570865,-0.6389318468481057,-2.7877572773806283,0.004697060828384236,0.05105233655998237,-0.2165188537583465,-0.4671026395510566,-0.047323045490430794,0.29836402979163235,-2.218694375327053,-2.21889613415712,-0.007665626798004137
3.970156669616699,0.8561111950205497,-0.7417204676692039,-3.419064098147073,0.010007533816695788,0.040905661439027186,-0.2111258254340909,-0.4670961177723815,-0.047334069695702204,0.29823968262776457,-2.218745780426784,-2.2189742745155243,-0.007788904775767826
3.9779698848724365,0.8534344873860812,-0.5130864189867828,-3.30060830630388,0.004137783177461655,0.040030381862933354,-0.21214137616126913,-0.4671164903764705,-0.04730955451181253,0.2981710798329544,-2.218796867059978,-2.218952672355342,-0.007738261436156883
3.9861552715301514,0.9629336114085442,-0.6538894439798253,-2.903433803263392,0.0035231678161057774,0.045766892983082036,-0.2089202755326117,-0.4671088434829955,-0.04732577923090645,0.29812409953091323,-2.218668502863519,-2.218949585644949,-0.007684684030015
3.994060516357422,0.9426611191041389,-0.2460478404127802,-2.638108324062494,-0.0035814747120715773,0.04104435481874964,-0.20660695019047468,-0.4671160515527225,-0.047308185662872794,0.29802079734338005,-2.2188104395542037,-2.2189093511094944,-0.0077497126972650016
4.002209663391113,0.9529150754411857,-0.29531608781342383,-2.747998758636768,-0.0022141116667190614,0.04091807232927994,-0.2091749561812915,-0.4671005516295234,-0.04732331253075578,0.29795965590135476,-2.2187532764672753,-2.218921352498018,-0.007748370835050989
4.010238885879517,1.1242446328385456,-0.5879728267925562,-2.778043882271061,0.00541266955967796,0.04534473203430017,-0.2062603519734816,-0.46710016165650353,-0.04733638893455149,0.2978911422387631,-2.218712232239742,-2.2189991680826116,-0.0077032632168779844
4.01822304725647,0.8926895625500536,-0.7000866043650306,-2.5433957581489772,0.007532560429796888,0.03947763537985302,-0.21485816361044072,-0.4670897835847027,-0.047328109057841454,0.2978706144236673,-2.2187559409209565,-2.2188363555822264,-0.007562220390486609
4.026171922683716,0.8063589794109015,-0.19896265002143076,-2.796847013844164,-0.001447801899472471,0.040265238161008576,-0.21106365585093723,-0.467091469700431,-0.04730856171732136,0.2977738616253205,-2.218791042110624,-2.2188928511597275,-0.007748946660033048
4.034125566482544,1.0550979848261994,-0.41144002620011794,-2.8218220387776576,0.0005015750013534499,0.047594965224753386,-0.21254274798632064,-0.4670948169455853,-0.0473171573434728,0.2977358383348106,-2.2187085819484893,-2.2189657781616514,-0.007599738976607347
4.042255878448486,1.0895542405190648,-0.6645410712526052,-3.100678253453905,0.00888159763620255,0.04552865795441418,-0.21491509980506707,-0.46711830004353905,-0.047313950934286544,0.29768067578873564,-2.2187466780281047,-2.2189167130131917,-0.007647626474495103
4.050071477890015,1.237892331141962,-0.7715781733844512,-2.885282385965596,0.005725881137001207,0.04887641533169776,-0.22110228211136917,-0.4670965489133195,-0.0473270427369798,0.2976548755871337,-2.2187213634991862,-2.218891880465722,-0.007583048967411009
4.058229923248291,1.0886808744504257,-0.5164019662580569,-2.7967946342841628,0.0023174875115941906,0.04679979675167562,-0.20944454410278837,-0.46711737658260155,-0.04732333905853145,0.2976114046531365,-2.218622450295516,-2.2188869427086853,-0.0075799577005177254
4.066097021102905,1.2597364778424385,-0.5675310719759803,-2.817217702273719,0.005548950180117606,0.05021071737486832,-0.21606779502526546,-0.467096655651922,-0.047307069367271345,0.2975394173452477,-2.2186988989863363,-2.2188997994286437,-0.0076642630028802335
4.074204921722412,1.1014208623585278,-0.38377206523840435,-2.943459209724907,6.155113071050913e-05,0.04697744873965115,-0.21263019378593825,-0.4671154435868813,-0.04731533240551807,0.29754565074831363,-2.218596171281821,-2.2188720545063774,-0.007492411800309706
4.082205295562744,1.073754219837359,-0.4904591846087575,-2.9367308023653864,0.002720933366754818,0.047376158840913396,-0.21478376975586966,-0.46709502479057746,-0.047323858307229134,0.2975046987743772,-2.2186206409393603,-2.218772568374235,-0.007490371245564675
4.090092420578003,1.1126621089991178,-0.740314442424341,-3.1478741227041,0.007882582917916948,0.04795819119430036,-0.20955965883662453,-0.4671091071194295,-0.04732045897476569,0.2974892005577181,-2.2185246050085308,-2.218812786833867,-0.007462788673814011
4.098032236099243,1.2063768178877208,-0.4980611284834019,-2.731742604179809,0.0038132098167472242,0.05003132491724911,-0.21663512799846774,-0.4671111208684358,-0.047323158110244345,0.2974539123354819,-2.2184792121071277,-2.218752178928155,-0.007466320746198074
4.106053352355957,1.1294235257431675,-0.6863888752450971,-2.7851955175465,0.004633939131559228,0.045645252624215094,-0.2176084375826907,-0.4671075157489263,-0.0473323543025129,0.29741394391381226,-2.2184257485506373,-2.2188522309001413,-0.007486700987650688
4.114247798919678,1.0631789321698388,-0.5905870795428244,-2.948590438201332,0.00665558058752105,0.05043796313933481,-0.2169376563070818,-0.46711110453349797,-0.04733011564065143,0.29740993318502773,-2.2184690202107338,-2.2187346099296157,-0.007358533035940967
4.1221044063568115,1.0282323893043483,-0.6309441569917233,-2.844180031538858,0.0048754665059734794,0.04409310848030435,-0.21281237991805807,-0.46712518902186717,-0.04729697618602603,0.29738387027546964,-2.2184956745119018,-2.2186714053181187,-0.007338245305189559
4.130180835723877,1.0606848147738082,-0.7248438005143836,-2.9054068740040386,0.008348285940459364,0.04694653184629989,-0.20803942080436574,-0.46713049827296677,-0.04734560392085803,0.2973471737838167,-2.218410638070373,-2.2187519700936558,-0.007253906570160937
4.138142824172974,1.0888582607175552,-0.6389842292888737,-2.805983785528831,0.0051436324045547885,0.04714163390328935,-0.21057718575094603,-0.4671414426890965,-0.04732716387402426,0.29732311299787906,-2.218401171936045,-2.2186854432088694,-0.007258899139884957
4.1462016105651855,0.96860269689766,-0.5512515851457634,-2.705974003228388,0.0011130530484210902,0.04444804755448326,-0.2169309612487866,-0.4671230168703311,-0.04731772126622623,0.29730760225196295,-2.21837577842654,-2.2185968339063376,-0.00722479523210371
4.1541523933410645,1.0409524630987017,-0.7214708037709078,-2.868190657941592,0.007822301673286838,0.04754777520479284,-0.21827823720607667,-0.46711865091432697,-0.04731457044148615,0.29722364754514885,-2.218451140514511,-2.2186863561476526,-0.007437870404446357
4.162172317504883,0.9917873960365234,-0.7042175907289527,-2.8984709145481022,0.004303323930470639,0.04468629946438535,-0.2115677355615158,-0.4671377884619559,-0.0473209234916828,0.2972472292673337,-2.218362019831391,-2.21864921583218,-0.007298757984029795
4.170105934143066,1.0742831357047122,-0.7741507540311428,-3.037147209437989,0.009128189000750183,0.045567265387807095,-0.22239636300146182,-0.46713393680986404,-0.04732247374932833,0.2972281785769037,-2.2183959422707256,-2.218568063485778,-0.007208375420350446
4.178140878677368,0.8461253064182569,-0.6635138202715338,-3.2046442539145183,0.004037965925806605,0.04309742186293599,-0.20966673825739246,-0.4671269682331102,-0.04730887107049537,0.29716290425623526,-2.21841298497896,-2.218624727630036,-0.007340994066920025
4.186141014099121,1.3198330828714824,-0.6020161533476723,-2.907852940091839,0.005009838903823371,0.05237474112641213,-0.21850446815789779,-0.46715120752940215,-0.04727706617445123,0.29717411443176756,-2.2183511274877254,-2.218542226308319,-0.007238838096374283
4.194186210632324,1.24815047595964,-0.7972536273345665,-2.8846122578626194,0.0065854876610294735,0.04732445574884589,-0.2127168023766478,-0.4671553198782904,-0.047322685551241264,0.2971436603240078,-2.2182196609775717,-2.2186152513737474,-0.007215182175366745
4.2021801471710205,1.1050189450367938,-0.7929666135413789,-2.8853817517262352,0.005565560076657466,0.04536696046167995,-0.2112652580026728,-0.46712763805117746,-0.04729908383881082,0.2971006925627908,-2.2184451709802704,-2.218563417703724,-0.007245469327809633
4.210177183151245,1.0520135481516026,-0.6398466966295002,-2.92762781275915,0.007918570055981566,0.0458046288166307,-0.2135831461086843,-0.46713895269265815,-0.047312221842831716,0.2970979767519625,-2.21827143725204,-2.218595666232314,-0.007213418518948647
4.218223333358765,1.2854359618310156,-0.6368877732800816,-2.88444284199336,0.003103077088753454,0.051425009665229844,-0.21282263633432028,-0.4671445374440453,-0.047339077865701275,0.29707667811721117,-2.2182469224333166,-2.21870363069418,-0.0072405690631392105
4.226085901260376,1.1984895328772147,-0.493671332829813,-2.8776742547392637,0.002641977655698559,0.05159974179043431,-0.21184564533893688,-0.46715507524493205,-0.04730611360301145,0.2970711363943736,-2.218229518632091,-2.218525459400007,-0.007216115468765393
4.23407244682312,1.3152168752690745,-0.7168648523555244,-2.8745478573312346,0.00887440937037601,0.05295542511146721,-0.2129785190144759,-0.4671427700176462,-0.04729566581199649,0.29702788789632617,-2.2184112326554937,-2.2184694407337524,-0.007163188813189029
4.242080926895142,1.1640399617409327,-0.6744214493469902,-2.8451485758411437,0.005163400916676343,0.046691276913653254,-0.2163797003880557,-0.4671326942285746,-0.04733773033423076,0.29699277833579785,-2.2182533719899253,-2.218653012756244,-0.007254077154640268
4.250138282775879,1.181071382155223,-0.8154855042774575,-2.8221697395707928,0.013510561942576774,0.049012874807096526,-0.222547641579992,-0.46715517507041243,-0.047293744732241606,0.2969720315547955,-2.2183680916322,-2.218555788173571,-0.007226223818536343
4.258083343505859,0.9967041182104833,-0.5356325449772187,-2.8778279024990017,0.004288155165075661,0.04592583449629192,-0.21384271694325335,-0.4671523399327569,-0.047318775228856566,0.2969702078219717,-2.2181977402243205,-2.2186323791563667,-0.007225282349147852
4.266239404678345,0.8990400706122078,-0.4521844704861756,-3.003955844113588,0.0008821399938515427,0.044483185730771146,-0.2103629280650533,-0.4671502330265093,-0.0473078351507559,0.2969071350505427,-2.2183728353326035,-2.2186290548683747,-0.007261949902385139
4.274135112762451,0.9415560300127666,-0.6314705532192711,-2.983278148073409,0.008350515315523516,0.04254115025544373,-0.21947342327862096,-0.4671567525224031,-0.04730791267473527,0.2969121137286763,-2.2183226645170975,-2.218577406943496,-0.0071612142217290144
4.282114505767822,1.122662581986421,-0.5761656829988346,-3.001372992949143,0.003432385009794465,0.04886013516288669,-0.21069231687126205,-0.4671469143581502,-0.047312865130696664,0.29688945468764855,-2.218338140681911,-2.218612388184346,-0.007207611539956566
4.29013204574585,1.0835118322250803,-0.5750633751728039,-2.927612963339979,0.005112276032584321,0.04817676156856589,-0.21443822322651176,-0.4671527057164122,-0.047310625005209224,0.29687720446485194,-2.2184161723370877,-2.2185725553759412,-0.007119218545838049
4.29809832572937,1.1760696573487979,-0.6048142711410974,-2.8548301644390177,0.0054837767029970105,0.048554284260181324,-0.218479167270248,-0.46714630723432526,-0.04731357662051529,0.2968313615719986,-2.218292587723534,-2.218724141109248,-0.0072117512792997645
4.306195974349976,0.9519743998777743,-0.6460425371446499,-2.8186173125862055,0.00669297003621799,0.044144272149808705,-0.2160852780138708,-0.4671613784104086,-0.04731361089370256,0.2968059745742459,-2.2184268908644142,-2.2186483818431815,-0.00723879983817553
4.316460371017456,1.0365357029026614,-0.4356663305662563,-2.9124794747381277,0.005219866840643093,0.04524991332468206,-0.21407668077010622,-0.4671463463826036,-0.047309958861381445,0.2967822573763172,-2.2184304046790007,-2.2186433019327856,-0.007246184221998329
4.324147701263428,1.2156718701616804,-0.4156910589315569,-2.880003765518166,0.0005279914766230755,0.049469655936709496,-0.21622352582827342,-0.46713446767037436,-0.04731449278930452,0.29673482104365645,-2.2184615340215603,-2.2186788539737554,-0.007304516336933838
4.332192897796631,0.5274933248883069,-0.43577824611591526,-2.2529560452785087,0.003435566528767581,0.04346126872587087,-0.21694555935481488,-0.46716547541531017,-0.04730626070625125,0.2967035533082638,-2.2183711604530663,-2.2186444222678587,-0.00718278058704481
4.34021520614624,1.0072276083821852,-0.3964452748094619,-2.522044274873173,0.0006536290573595479,0.04810848552914592,-0.21480778565425285,-0.46713524046566857,-0.047330973810327207,0.2965871394382256,-2.218474369376474,-2.2187130822940766,-0.007202839762501124
4.348085641860962,1.3404077123710798,-0.5584115754958368,-3.021193510147416,0.0038460671968865608,0.04896047808762014,-0.20903528329450607,-0.46712251124397386,-0.04733347695730559,0.29646959027496544,-2.218432436638641,-2.2187930817016825,-0.007373471624181377
4.356127738952637,1.1859309115044603,-0.5570228260084249,-3.0292278122087892,0.0047528158753877645,0.04707691265205638,-0.21872342702280403,-0.4671268869067793,-0.04730568810400154,0.2963616520926897,-2.218525986819952,-2.218761065574823,-0.007401205283689711
4.364049434661865,1.1035111773370254,-0.5840358142903103,-2.7805378422244345,0.010000490221738328,0.04975593829416344,-0.21850147652041085,-0.46712495422655886,-0.04733080775554486,0.2962469953620193,-2.2185393772464974,-2.218836081603535,-0.007474841425377511
4.372241020202637,1.3071624055290256,-0.5150616236630136,-3.0138225944968275,0.006390052955222489,0.053160326607577364,-0.21041876497790932,-0.4671386041577141,-0.04730892423772451,0.29613008541991426,-2.2186300924819187,-2.2188423844663703,-0.007553313782216263
4.380184650421143,0.8636040511544886,-0.42717395025932,-3.137956289002279,0.00031866521146336265,0.04052552119191308,-0.21143603396029714,-0.4671378688672994,-0.047317074276819575,0.29601419904076653,-2.218703951508985,-2.2189488202755125,-0.007657412240774473
4.388132572174072,1.1746326942343557,-0.6265017676263677,-3.1144226201990413,0.004355825659453582,0.045633349872167966,-0.21740048089665265,-0.4671218289552557,-0.04730927866364917,0.2959209276435642,-2.218726326427142,-2.218941503754719,-0.00773257310867924
4.396153926849365,0.9347334335661316,-0.47552720862775605,-3.1692312501132918,0.0012790831861316328,0.04495632821042999,-0.2108425435592281,-0.4671189676175187,-0.04733447034733879,0.29586859158772844,-2.2186139387008947,-2.2189766533391375,-0.007641259506732832
4.4041428565979,0.7208831604764303,-0.3156913987907212,-2.860805295796459,-0.0008847795246864163,0.03867278154903271,-0.21083050227836048,-0.46713332450116324,-0.047321057138316885,0.2958394180636166,-2.2185610648008565,-2.218914173596614,-0.0075030327783383016
4.4120893478393555,0.8927240390308849,-0.5482658411250432,-2.7982594803451293,0.004571607360174714,0.04207825573432777,-0.20830500559782994,-0.4671318565369725,-0.04733270193621337,0.2957459701056687,-2.2186082857009946,-2.2189461554927483,-0.0075700590348056025
4.420050859451294,0.9721153480249671,-0.20067172094781194,-2.949810937880525,-0.002649319596608652,0.040891944137548014,-0.21427895211229506,-0.4671241790368029,-0.04734181205454053,0.29568664758337176,-2.218532490709548,-2.219009122055419,-0.007558994337301011
4.428171157836914,1.1505496990249904,-0.46854502193338887,-2.751810434901706,0.005864042220074166,0.04968331818279267,-0.21547271113652694,-0.4671353592613604,-0.047326553653091775,0.2956467897054813,-2.218501713283812,-2.218911728596633,-0.007506302822239206
4.4360411167144775,1.0554835355155912,-0.3866334044581986,-2.9042235211497123,0.0007174320528520431,0.04561037407195486,-0.21137772969238922,-0.46712233721190594,-0.04730736762527729,0.2955465094516891,-2.218638636579087,-2.2189208079315685,-0.007701821994343058
4.444092512130737,0.950709826328824,-0.4268152876673494,-2.8163012901442124,0.0024118680312401274,0.043292391596328986,-0.21256783063114096,-0.4671289625269325,-0.0473067037380543,0.29551213027925105,-2.218678191081848,-2.218841581359594,-0.007585075876288219
4.452155351638794,1.1363711970996835,-0.5397204124824392,-2.9120797461920995,0.0015917321805985888,0.05041193168929624,-0.21848212577428855,-0.4671392364210576,-0.04733115345517197,0.29546042742805323,-2.2185596319130982,-2.218864212282221,-0.007487666378878784
4.4602274894714355,0.962560099610877,-0.21834538599312547,-2.8539036025500866,-0.0016898765331971116,0.040499459842761404,-0.21688886119718517,-0.46713258412939124,-0.0473176035789206,0.2954092808679619,-2.218583587214576,-2.2188991558191717,-0.007529080114172064
4.468193054199219,0.9480924818022077,-0.7765198973589569,-2.8178724297970366,0.00843591855245996,0.04235640551764879,-0.2103856563372998,-0.46714002200609644,-0.04735124843326603,0.29540098031695416,-2.2184106837615127,-2.2189191749018984,-0.007397054999541217
4.476171255111694,0.8957471417146609,-0.6328498660017458,-2.843629745308332,0.007755345703161694,0.043756024260459526,-0.2184652701614832,-0.4671302961245173,-0.047293870119213384,0.2953405197271222,-2.218554854058869,-2.218797796417269,-0.007413300723605879
4.4842236042022705,0.9792938083268475,-0.08169467882684092,-3.089680500559175,-0.006953752436000333,0.0469214667564695,-0.2150147500623305,-0.4671396015409419,-0.04732668708678141,0.29532489703334114,-2.2184588693961205,-2.2187791838611752,-0.007359637611911589
4.492056369781494,0.822092751509486,-0.5169373446492135,-2.870129373828798,0.006123950999357825,0.03967252614697275,-0.21913224982756405,-0.4671389791173564,-0.04730767050660879,0.29529559859312376,-2.218424414787362,-2.2187292990464047,-0.007345349285612497
4.500112533569336,1.0516160147372309,-0.5063700777811185,-2.9796273117537964,0.002745197484247461,0.04646992001533054,-0.21696146237718134,-0.46712793997675756,-0.047327107778684416,0.29523518404998994,-2.2184896161594008,-2.218776111822791,-0.0073525770992000535
4.508199453353882,1.0542104915974622,-0.6788400803216866,-2.8616195663555595,0.008021540926644413,0.04584670238887729,-0.21714030866936526,-0.4671547702190487,-0.04731990174564813,0.2952155389739589,-2.21842588674529,-2.218778055780268,-0.0072730221742662495
4.5163116455078125,1.307098041020684,-0.7419617304986544,-2.631485773599081,0.00820467179533999,0.05123519790108077,-0.21701920900431468,-0.4671517740605196,-0.047329256304958774,0.29520812060564033,-2.218335740175485,-2.218734449820246,-0.0072257774688553045
4.524097919464111,1.3385821242478497,-0.6836777809014115,-2.5721003149747537,0.008842980662875087,0.05282472724793465,-0.2220289261630164,-0.4671608686184748,-0.047294096927287595,0.2951578546836796,-2.218406514753034,-2.2186659381525553,-0.007311204306746592
4.53211236000061,0.8138628505601874,-0.5711177784829781,-2.8831027860984695,0.006547809417407254,0.040242265768381726,-0.2142528400086682,-0.46716301958147827,-0.04731018376827143,0.2951532909127701,-2.2182954829890367,-2.218695327479347,-0.007240305182962273
4.540104389190674,0.9631912902177189,-0.1398911649106067,-2.8817211693810507,-0.0015646025667821225,0.04215842430210446,-0.21271553416820288,-0.4671461962739409,-0.04731339105139188,0.29509623223783493,-2.2183700737696115,-2.218665943387584,-0.007276441998062188
4.548111200332642,1.0574145620220854,-0.6557063093042987,-2.838351945099641,0.010115424828035645,0.046825230859203024,-0.21931460480929663,-0.4671594236413412,-0.047296972224116746,0.29508610562277415,-2.2183547224059756,-2.2186485216801595,-0.007116463544867078
4.556230068206787,0.8831579802155978,-0.6153984340083628,-2.758025953223248,0.009016981399900995,0.039817243805947256,-0.22136352442079546,-0.46717171260672574,-0.047308212143792376,0.29506088331798447,-2.2183087976916664,-2.2185691425430596,-0.0070926302027231845
4.566126108169556,1.0918881320140184,-0.45448674668740674,-2.6474656694825605,0.0016600450672956677,0.04693017808018251,-0.22108908588725637,-0.46715543471364623,-0.04732796550948662,0.29502723722082935,-2.218323023311747,-2.2186298384300125,-0.007091972774171807
4.574020147323608,0.8613711467530499,-0.9535824121059575,-2.8584908877953925,0.012519611416973022,0.04241343149953674,-0.2173514500975764,-0.4671560386352149,-0.04731974470429189,0.2949801296007796,-2.2183018003803574,-2.218653500360099,-0.007132969251448853
4.582016706466675,0.5759238264433051,-0.5761862933417037,-2.440985775261566,0.006795680824067762,0.04097253548591906,-0.21806623763954,-0.46714877799147475,-0.047306752131687835,0.2948860388970906,-2.2183354579586902,-2.218672890259497,-0.0072654884334628226
4.590195655822754,1.0378392339409725,-0.6818414224553727,-2.492293739035299,0.006954617364010734,0.045484872278150235,-0.21416476632747225,-0.4671553369561396,-0.04733336269810404,0.29484390577130826,-2.218253045076675,-2.2186647715564796,-0.007140524230405339
4.598113298416138,1.4248526801880503,-0.992442671782381,-2.700705194225132,0.012580658226802969,0.05339058005176995,-0.21989609351145614,-0.4671468719989996,-0.047312384129853606,0.2947101707711173,-2.218380729500154,-2.218714857991121,-0.0072031380372074814
4.606053352355957,0.9996398979875771,-0.37169528541374375,-2.754176850073424,0.0011584825948545573,0.04280101657711682,-0.2153449983229381,-0.4671460837875593,-0.04732104379305836,0.29463013880743416,-2.218328825252941,-2.21874507842191,-0.007247665843165632
4.614072322845459,1.010900392089544,-0.24561509227687683,-2.8239507675065396,-0.0013364393846408565,0.043014530351897146,-0.2133370518460693,-0.4671513768504299,-0.04732266203224835,0.2945273573206331,-2.2183844504873966,-2.218717125203618,-0.007337753492352445
4.622142314910889,1.0669335636500252,-0.6931851693114681,-2.7761281889628817,0.008638696086423465,0.04659361429534631,-0.21754089483467917,-0.46715197931192814,-0.04732482372446342,0.29440630843230786,-2.2184521050997126,-2.218785402823386,-0.0073284718357056475
4.6301774978637695,0.9245105094541334,-0.6910040172629011,-2.9807281789480133,0.006167222062416142,0.040345718057689155,-0.21357693559437016,-0.4671282194059858,-0.047331570564098535,0.2943125014922187,-2.218475958596525,-2.218826050894235,-0.007375942673192488
4.638006925582886,1.1287693975167679,-0.5090919277121343,-3.0395248399394528,0.001330435427690565,0.04898354583825284,-0.21580355246455957,-0.4671491301404852,-0.04732796307839491,0.2942372244736168,-2.218455978999497,-2.2188329426553555,-0.007399014896043758
4.645994186401367,1.0236018873387438,-0.41362596977230776,-2.61378889428503,-0.0010462193969701407,0.04489487544992308,-0.21497925383764813,-0.46716061128896663,-0.04731871354255117,0.2941704806342583,-2.2184040672092644,-2.2188577993899443,-0.007334164848622102
4.654033660888672,0.8456634810538208,-0.6165537027880105,-2.7997403036757733,0.006256074902196133,0.04221034118546402,-0.2098976443706377,-0.46716301974920355,-0.04731263703148552,0.2941129975399892,-2.2184762354379592,-2.2187744661679885,-0.00732710876691485
4.662282943725586,0.929969456858738,-0.33742843614327195,-2.863772964110905,0.0012032616388859083,0.045954599867141996,-0.21722913509378097,-0.46715786302083545,-0.04730062933123191,0.29406286534165976,-2.218467526445561,-2.218688652890763,-0.007330012873164903
4.67212176322937,1.2565463408773743,-0.13543444685321282,-2.86172120049147,-0.0038602835819564773,0.05120076402883904,-0.21075599080250784,-0.4671477870915411,-0.04729616326708802,0.293992290755065,-2.2184765905634865,-2.2186726802760153,-0.007369653246441119
4.680095434188843,0.8928263675026623,-0.5353969642436398,-2.7409321107146742,0.0035749704292790934,0.04181852202773883,-0.22137039262880245,-0.4671494271491322,-0.04727543578143307,0.29392760182525185,-2.218420709158714,-2.218674966415295,-0.007224413286687194
4.688261270523071,1.103592146257469,-0.3896489275913822,-2.754979167052671,-0.0022831659019590025,0.04928812164357152,-0.21348522320252164,-0.4671585078349729,-0.04730252767323027,0.2938272214797444,-2.2184407223979976,-2.2186894995714366,-0.007319785479685068
4.696197271347046,1.0664421285796022,-0.6300940919350098,-2.693517563779974,0.006447530312574482,0.04695222910336025,-0.20899925029836747,-0.4671726494694728,-0.047310703074374565,0.29375452285516995,-2.2184510221349987,-2.2186697218658553,-0.0072800616208229885
4.704128742218018,1.1397425545170268,-0.7278028600107618,-3.040830392433056,0.006017218579135997,0.04637860612369183,-0.2131080913991849,-0.46714797401635955,-0.04730975306121425,0.29364430108513384,-2.2183670279933523,-2.218750347395711,-0.00735529204175852
4.714118003845215,0.9202207573498137,-0.5143055197809355,-2.8019067117833556,0.003218184494208347,0.04494207872323654,-0.2130834408811815,-0.4671316736808043,-0.047291674537501986,0.29353360578055715,-2.218553487645502,-2.2187281873027627,-0.007458037077588631
4.722264766693115,0.9137671826799396,-0.379063107764909,-2.86891884504319,0.0002080427798193373,0.04453237187525473,-0.21106366752364702,-0.46714904978818445,-0.047312073849671545,0.29346105479573215,-2.2184728363508515,-2.2187449502759997,-0.007333803091896751
4.730214357376099,0.9186373093140405,-0.5523801955129976,-2.9556357682182295,0.00822178195942649,0.045091081581105724,-0.21252297549166432,-0.4671390358134262,-0.047296509920274524,0.29338285499025263,-2.218422667247642,-2.218762571310608,-0.007276288358907401
4.738099813461304,1.0075945039537075,-0.5315551370103265,-2.9241013010688386,0.00648969776290036,0.04531097881640824,-0.21241304073186998,-0.46715295014683905,-0.04731269457024331,0.2933155037834443,-2.2183519419020916,-2.21876218084775,-0.00727406482337964
4.746178150177002,1.1007450072939502,-0.8310164159792948,-2.898951136796275,0.008287793124537807,0.04505814934533235,-0.21662032754079275,-0.46715744773129114,-0.04728075365558752,0.29323106961594514,-2.218454596897746,-2.218663567521186,-0.0072981912222624
4.754148483276367,0.8609401688970355,-1.0157858285485297,-2.687045858365874,0.01296706467677241,0.04264693592739996,-0.2135166251643919,-0.4671442102820004,-0.04726714255320379,0.29312673834687697,-2.2185252499811794,-2.2186099909702177,-0.007294512365067291
4.762116432189941,1.0202288203081267,-0.6438880923732493,-2.810175985570617,0.0064713412909339985,0.044116704266555534,-0.21428296211989675,-0.46713620350211754,-0.047298572013701745,0.29305473909795593,-2.2184381848925914,-2.2187473941480245,-0.007315215818560409
4.770179748535156,1.3055540849128087,-0.5303965090490951,-2.7151370843881852,0.005678327354944073,0.05176592010784598,-0.21279020560333897,-0.4671473833302407,-0.04726249696185558,0.29298767098036127,-2.2184695586547014,-2.218603821952766,-0.0073297690084368735
4.778141736984253,1.1945769539917919,-0.7917030259896353,-2.912452759671767,0.008203682842438066,0.04705109766715218,-0.21249708125565428,-0.46714875715209736,-0.04730042794939939,0.29291293665013185,-2.2184315847980107,-2.2186735428770272,-0.0072186896921388214
4.786059379577637,1.1998676112437738,-0.5299686910395794,-2.8755413205890963,0.004743669041727117,0.05113884304440961,-0.21076192691385467,-0.4671296102713628,-0.04730055053955486,0.29283241935336307,-2.218431316150905,-2.2186759797108344,-0.007289626347031514
4.794038534164429,1.0761611085259515,-0.7580547943043325,-2.7674317463169955,0.01340823827848009,0.046457357163389605,-0.21561179132258507,-0.4671540035666492,-0.04729240389952145,0.29278647244401396,-2.2184313181170907,-2.218619750385739,-0.007237410689290452
4.802020072937012,0.9440480630357996,-0.5854679120324782,-2.899447110878223,1.9817030992952688e-05,0.04267782158330597,-0.21412402288927537,-0.4671501774379401,-0.047290041674810275,0.2927121874820216,-2.218438386445219,-2.2186411038548846,-0.00721761343605875
4.8101582527160645,0.9116505459879995,-0.6702119571763823,-2.6647419383694353,0.007773931890767196,0.04176061353706047,-0.21701766556110672,-0.4671573537059358,-0.047265880209335524,0.2926309385161212,-2.2184667884538203,-2.218681367264849,-0.007277784102036055
4.818110227584839,1.102875919360685,-0.4094091549279302,-2.8285479441382955,0.0026973509422804375,0.045965012151323134,-0.21142523777261632,-0.46714727903386244,-0.0472890142530364,0.2925730481611865,-2.218474915171003,-2.218682070166428,-0.007274155559025165
4.826189041137695,1.0614930581276547,-0.4684131544743017,-2.8300791276596775,0.0022460522761701684,0.04771607014690828,-0.2152542311023666,-0.4671371343176816,-0.04729267873716223,0.29250737433266377,-2.218463017200735,-2.218716507805296,-0.0073756271954431496
4.834042549133301,1.1064523658412784,-0.5405227138008035,-2.882266949735901,0.004517148110636404,0.04608934361222296,-0.21534882286945778,-0.46715666430043706,-0.04727848046001661,0.29247795900843276,-2.2184220451616325,-2.218676242212387,-0.007259073354323939
4.842070817947388,0.8870305981305731,-0.620233789661773,-2.847943848610935,0.006031421378036356,0.04236503254763028,-0.21407468401488153,-0.46717135678824434,-0.04729253500904626,0.2924309070138652,-2.2183726355845192,-2.2186424331275263,-0.0072798258382027305
4.850083351135254,0.8470216573808392,-0.573203433002106,-2.776952897279742,0.003418333340987307,0.04267681848716172,-0.21235219362592597,-0.46715096253718946,-0.047283689943713667,0.2923977022941584,-2.2183700496092764,-2.2186192195438257,-0.007242917468660026
4.8582141399383545,1.2463951383414191,-0.6287605645545881,-2.7782012349055987,0.006588017933306811,0.05070952984721465,-0.21666672797958209,-0.467150082067839,-0.04726344570546743,0.29231689048435006,-2.218405905511594,-2.218632238509689,-0.00728058880430818
4.8661394119262695,1.1839331729937952,-0.4561883686415273,-2.95600382291654,0.003392477976861867,0.04934515997735835,-0.2105976306694942,-0.46714292441803557,-0.047282434248008286,0.29229469017127874,-2.218369456833817,-2.218652840729249,-0.0072588135176329905
4.874169588088989,1.2112047438243718,-0.9583276298880836,-2.815701187896392,0.011237441035822507,0.04972623827687581,-0.21836354459167723,-0.4671290363511557,-0.047296972330716336,0.29221982794506474,-2.2183298498439985,-2.2187150108491207,-0.0073382368354997
4.882082223892212,1.0601255827869762,-0.5390933923028183,-2.927753943562033,0.004601522295277312,0.04494376581211921,-0.21671154559768857,-0.4671273954301665,-0.047285807495590346,0.29219903837705663,-2.2183709162530674,-2.218654789290093,-0.007221144201514468
4.890150308609009,0.7987364376895086,-0.2825658792856445,-2.9953094396412827,-0.002500720081553405,0.0385191142406066,-0.20795882716618372,-0.46714969057831873,-0.047264188771537125,0.29215407975494945,-2.218414333560747,-2.2185643390622403,-0.007255200901926739
4.898126602172852,0.7971552329417594,-0.5769865281454488,-3.0788451333537528,0.005168865076810895,0.03969245769550742,-0.21125243194368498,-0.4671415003075951,-0.047292647694255965,0.2921288541372847,-2.2182298839887133,-2.2186458812174195,-0.007215783373969256
4.906318187713623,1.1424140418016748,-0.2949794373226997,-2.984395175855256,0.00016928982996134323,0.0477093461085715,-0.21789962570825608,-0.4671435060384311,-0.04726408375882005,0.29210860557246815,-2.2183209976003826,-2.2185202140409777,-0.007154276799984886
4.916247844696045,1.1243287001961864,-0.8382006569571263,-2.830645777609375,0.011301472418254034,0.049261244094873945,-0.21693189643565672,-0.4671509129847526,-0.04728123110994294,0.2920622129969314,-2.2183341382425255,-2.218522141551038,-0.007167549405242608
4.924250602722168,1.0186354070631634,-0.24139436829099004,-2.8018693526947334,-0.0011303368691716695,0.045822075937085434,-0.20777556810473471,-0.4671495950943125,-0.04730235147607741,0.2920169808379771,-2.2182044289191243,-2.218651240878852,-0.007134317613451829
4.932130813598633,0.6341045643892717,-0.5565878750531326,-2.4758800294784153,0.004879496863884845,0.04039700874657417,-0.21497353138211106,-0.4671535459179303,-0.0472765427005674,0.2919619231538966,-2.2183225074074704,-2.2184976785957056,-0.007080441937725742
4.940177917480469,0.8826665541431225,-0.6848489317771952,-2.5781710912346942,0.008084017501985924,0.041808436397335766,-0.21185347522895184,-0.46715032553765923,-0.04727130405318743,0.29185806346652665,-2.2183655076810638,-2.218503709101536,-0.007153185622974191
4.948119163513184,0.7498789205841307,-0.6898996870214598,-2.9012484596602333,0.008072524954272315,0.03799446361409181,-0.21577905412031986,-0.4671532469211912,-0.04728156720149365,0.29180274946830576,-2.218254305983879,-2.2185536158681476,-0.007099593491582605
4.956220388412476,1.3707999023690522,-0.8557042795001305,-2.7937966960919183,0.01485835085875158,0.054149359983218105,-0.21944978627769757,-0.4671505063936903,-0.047264124145450795,0.29169238966376637,-2.2183514359293985,-2.21857485697029,-0.0071079953726251475
4.964093923568726,0.9920212755455075,-0.25515014793370144,-2.867389585244085,-0.0049319227873419694,0.04409532472688755,-0.21415325006854016,-0.46715593950239653,-0.047285391604536195,0.29157389351883123,-2.2183612620448847,-2.218614493002059,-0.0072553665030227164
4.972114086151123,1.0985407595645689,-0.2683636660344983,-2.708613975761802,-0.00019519066177303994,0.0462331721060813,-0.20409885502841685,-0.4671552118952968,-0.04728971931786724,0.29148733135474897,-2.2183471785201165,-2.2186386511288827,-0.007188457851968131
4.980052471160889,1.0339194109323149,-0.7564613224927357,-2.9630260089549645,0.004247854556512296,0.044777023020355494,-0.2177253846287523,-0.4671631127701696,-0.04727312581186249,0.2913910618516055,-2.2183520713117066,-2.218648499438758,-0.007309781977458911
4.98830771446228,1.2760365845284125,-0.5484841889621109,-2.9055802137949582,0.004442498331597692,0.05022350307046954,-0.2088348248848581,-0.46715389514329436,-0.04728043970950355,0.2912898782392019,-2.2184043898983816,-2.2187039625015936,-0.007327485204505856
4.998176336288452,1.0348601735716794,-0.34746798880406854,-3.0456715979013467,-0.003582482250073823,0.048547395954648916,-0.21735525471119788,-0.4671481461441447,-0.04728393882659505,0.29121907670033564,-2.2184081394719595,-2.2186922057292695,-0.007357147764368912
5.00618577003479,0.9535919582026288,-0.318127793335834,-2.948089182281377,-0.0009882753590360876,0.043085890223873005,-0.21126352785419694,-0.4671486641857782,-0.04728635307724918,0.29115208987044683,-2.218391519949301,-2.218699430993906,-0.007293916522966797
5.014025688171387,1.0681716586603556,-0.875519439340554,-2.5942726890840166,0.009241633922646576,0.04798702699867184,-0.21329435993536755,-0.4671496786601978,-0.04727110270233814,0.29111548915563895,-2.218368591019152,-2.2186191683129803,-0.0072549733297217695
5.022139310836792,1.194654918748637,-0.9387576271733576,-2.753350905037356,0.01303297670356945,0.051139552866245656,-0.21848813840171932,-0.4671572664341672,-0.047287027438395156,0.29101514607861945,-2.218344321703597,-2.2186502174870646,-0.007258059611048831
5.030075311660767,1.2475427972250792,-0.621153139604681,-2.641557488031022,0.006280039921672172,0.05016292565761633,-0.2134656231114934,-0.46713566787516797,-0.04729764908649622,0.29093655349966924,-2.2183766082759537,-2.218677769722033,-0.007262165597335957
5.038110256195068,1.343468871445395,-0.6566359876543959,-2.8505502562631513,0.007264130282239869,0.052176938726492546,-0.21734680302660997,-0.4671451425399746,-0.047257351097590786,0.29083435339610847,-2.218494168948652,-2.2185512813025268,-0.007301465002176357
5.046182632446289,1.070761756636484,-0.4600073620275592,-2.895592066411447,0.0016302534304083352,0.047149025817070214,-0.2158997444641711,-0.4671428908076484,-0.0472746053759999,0.2907433972479062,-2.2183999551957765,-2.218655901632428,-0.0073212032143916694
5.054068088531494,1.0461869576105196,-0.4689551997801419,-2.792259910825504,0.0001723573359321553,0.04535120880803924,-0.2107111994191809,-0.46715978032878347,-0.04728778609974171,0.29065633471124047,-2.218427086106729,-2.2186765070968226,-0.007270431465692659
5.06208062171936,1.160172693622891,-0.5100073889507347,-2.789558565839518,0.0039447583938318695,0.049285434478065576,-0.21832965355757902,-0.46715118046856013,-0.04728881875891417,0.29058037503448675,-2.218375365438203,-2.218726697618902,-0.0073450450485256676
5.070284843444824,1.0861597476236597,-0.8315370418834914,-2.780755476366082,0.006569018220461708,0.04450275310857178,-0.21046327490723324,-0.4671419864322534,-0.04730821546084377,0.29052276941191685,-2.218326252603816,-2.2187277749758505,-0.007275966268915782
5.078171730041504,0.7977826110511604,-0.3138035311745078,-2.7889128982467803,-0.000512668427389883,0.04164217875593732,-0.21308507556090608,-0.4671492346666627,-0.04726376070586551,0.2904255521716008,-2.2183964788247543,-2.2186906481837245,-0.007435960783166253
5.086107015609741,1.0053329197519696,-0.47998296024236736,-2.7056758286875846,0.004948005547424026,0.04484639873069239,-0.21912406927215716,-0.46714689771202944,-0.047273982264100095,0.29036838214813415,-2.218396996848425,-2.218702023138674,-0.007338249378671062
5.094226360321045,0.7826787625964187,-0.6434731978195387,-3.0433554588755585,0.006496418716405267,0.03927408573464577,-0.2140265200456733,-0.46715227562976586,-0.047280442328929057,0.2902844184200597,-2.218397578763999,-2.218742167992603,-0.007399599037731758
5.10219669342041,1.01738020098438,-0.7390235357484293,-2.897614191318259,0.009545034138599107,0.04487687720552098,-0.21216236873253977,-0.4671456005765766,-0.04728824093107907,0.2902188295270895,-2.2184252023802715,-2.2187533277018026,-0.007309577202241669
5.110183954238892,0.8979618826797973,-0.7877622793850044,-2.7102018540834005,0.0076136740792042456,0.04349606402374185,-0.21691166687417315,-0.46716469030597796,-0.04727142736505037,0.29020056312449327,-2.2183099766087864,-2.2187136454013614,-0.007236910870673411
5.1181652545928955,1.1080722045953224,-0.570921741767699,-2.6615210298243532,0.00478471502011442,0.04829076568567569,-0.21713940549608668,-0.4671401689019836,-0.047285880930588914,0.2901168670005648,-2.218330718879811,-2.218754954423597,-0.007308128590388532
5.126030683517456,1.1303251698025794,-0.5368799727450894,-2.6880245903681574,0.004290420085208365,0.051449526756121015,-0.21707353435327104,-0.46713818561127674,-0.047285290005022025,0.29004683923265995,-2.2184731672031544,-2.218714419236412,-0.007290999745905973
5.1342453956604,1.304330488242778,-0.8504665812505503,-2.772411999237136,0.010476753540950238,0.05149104193849881,-0.21690094430856258,-0.4671452083047759,-0.04728252435889389,0.2899902639367061,-2.218422532496577,-2.218731164487576,-0.007372187619580418
5.142200708389282,0.9270660611058218,-0.3442485744162498,-2.9667871260122225,0.0007291304151261943,0.04337425090377375,-0.21010605004641997,-0.467153600381927,-0.04727062582390513,0.2899603791522138,-2.2184128806098244,-2.218668091539699,-0.007307604268772805
5.150104999542236,0.8043992384817776,-0.369897718107498,-2.9792169463954465,0.0002479300620581488,0.04119348708356206,-0.21444204130311878,-0.46714011956915785,-0.047294015379673524,0.2899229843200716,-2.2182900330396693,-2.2187676308290434,-0.007359919606984401
5.1581244468688965,0.8301071085150191,-0.3271754639953407,-2.8722461368125862,-0.0006599326591666439,0.038510928090573326,-0.21172306637212776,-0.46714078909885925,-0.047279032182349565,0.28984316605790733,-2.218428990337838,-2.2187059202479946,-0.007380139006304011
5.166298866271973,0.9912125206443798,-0.6385977061031791,-3.0698041822939164,0.0056841583956020675,0.043685797760145355,-0.21753127404569197,-0.4671395419996845,-0.04730658640486736,0.28984313643321546,-2.218258864596217,-2.2187661881895924,-0.007285850540664059
5.17420220375061,1.0187549318141567,-0.5793561215841521,-2.9967690551950175,0.0077163907819924465,0.04454588628761134,-0.21607395680174107,-0.46712743106794163,-0.04729707871495318,0.2897732504029098,-2.218384459907823,-2.2187174254365387,-0.007273144961213975
5.1820454597473145,1.0101439357842252,-0.5074254493078912,-2.9338776680673373,0.002653348164857971,0.04670934658495029,-0.21276375858862645,-0.4671599631231738,-0.04726865811183393,0.2897535826685133,-2.2182998211957434,-2.218664520960444,-0.0072802758170506686
5.1901984214782715,0.9800703128812113,-0.8700397172865646,-2.7836603127087414,0.012624465873206208,0.04355465260280979,-0.2202056484858624,-0.4671385431017333,-0.04730896774796731,0.2896942990684187,-2.2183055902710254,-2.21881360667565,-0.0072848235034381386
5.1980321407318115,0.9941388088961102,-0.6432267675613,-2.8836649763752424,0.0052852427522818496,0.045599327671407563,-0.21559507248555176,-0.4671442512448192,-0.04726667253205135,0.28966707532667674,-2.218369770228462,-2.2186391261699763,-0.00727158387068881
5.206204891204834,0.8625184908594551,-0.34357357473344213,-2.9259310049105567,0.0019029416454402178,0.04389811762347413,-0.216300319815795,-0.46715465358106323,-0.04729188542254529,0.28965169540234087,-2.218289611945341,-2.218638504180355,-0.007161029733368787
5.214137554168701,1.092746198542783,-0.5925570894158625,-2.9769472367602914,0.006955181531726175,0.04713977930109761,-0.22031465715056964,-0.46713589419100837,-0.04726744249033808,0.2896044331439559,-2.218405004440311,-2.21857449177102,-0.007190292328532764
5.222192049026489,0.9065341402302437,-0.7001128770793711,-2.7356175206000937,0.006970347837359666,0.04405882673871841,-0.21567570417658577,-0.4671498099121793,-0.04726928367866503,0.2895901235713584,-2.2183681260035275,-2.218517159924392,-0.007216049882500901
5.230045557022095,1.1198635080711503,-0.706623116964659,-2.7859830701495034,0.007761703363878596,0.04661354744063319,-0.22050976371495595,-0.46716223620442515,-0.047295531559785976,0.28956639267316103,-2.218259813833268,-2.2186057554189005,-0.0071249029296851325
5.238040208816528,0.8971795603452908,-0.7793057274623388,-2.91022753275348,0.012128185528450689,0.041970912360559325,-0.209696586116624,-0.4671671984121337,-0.047288391125683324,0.2895300850795296,-2.218278522261673,-2.218648816616954,-0.007108761804470391
5.246081113815308,1.2540119466629576,-0.38034114443968514,-2.7902030833958724,-0.0017468465421876045,0.051474270532911,-0.2168068265365037,-0.46716881812420535,-0.04730774004683156,0.2895349194632181,-2.2181832842420683,-2.2185638108200476,-0.0070679297026974815
5.253984212875366,0.8450321954425544,-0.4844649000790933,-2.7954829686852385,0.0015908732993741184,0.043044817679796135,-0.21981041042195815,-0.4671632580501997,-0.0472851122368241,0.2894910798144767,-2.218192760604049,-2.2186241875175416,-0.007103384905395217
5.262183904647827,1.0182394520169447,-0.6269092919216599,-2.9355981166704748,0.005392481638541941,0.0459452482562,-0.22024373859339344,-0.46714385558987365,-0.04727752760826787,0.2894363891185601,-2.2182961359168476,-2.218619932595145,-0.007186372279467203
5.2703752517700195,1.0049991360765873,-0.2537517332123253,-3.0054186899992628,-0.003997476392380262,0.043026174382552185,-0.2077401090706778,-0.4671643841027095,-0.047280953176209214,0.28942892422409006,-2.218210413912551,-2.218601606999841,-0.007139244577646524
5.278185844421387,0.9014615472949078,-0.28719779078094226,-3.198635605181769,0.000875000019515897,0.04498920605586338,-0.20958593067420822,-0.4671670609281513,-0.04725513893821274,0.2894220240966936,-2.2182472777737976,-2.2185289134138695,-0.007124407954091344
5.286113739013672,0.8465317083812305,-0.444578260479515,-3.0798144377198353,0.004049193407403978,0.04041517326743328,-0.21354964695454867,-0.4671725857799455,-0.04729498068884488,0.2893908761483085,-2.2182087805507305,-2.2185774299344203,-0.007046696039464097
5.294168472290039,0.8521445805731906,-0.5698749532326739,-2.8529508812804334,0.0038743277299143203,0.03903261189634882,-0.20542681283950626,-0.46715873473077135,-0.047285539046545005,0.2893709539452206,-2.2182109578507494,-2.218528547046625,-0.0070996159732484125
5.302225112915039,0.9854927213819115,-0.7128217043410879,-2.922884768205727,0.009356022783839813,0.04061063626486975,-0.21531978052457454,-0.46717382218365605,-0.0472692884548097,0.2893264225173907,-2.218244270285634,-2.2184871064335603,-0.0071289102056917245
5.310157775878906,0.9188410246237007,-0.4843636284674178,-2.840029294834781,0.004216984886101082,0.04083104309643337,-0.2161378287408028,-0.46715727084679504,-0.047278235856167035,0.28931795363024165,-2.218198178354226,-2.2185473959759996,-0.007068601608532273
5.318150520324707,0.7318760193210733,-0.38681642708832853,-3.058187923598212,-0.0006235812342249279,0.038766505106957505,-0.2135624491629723,-0.4671610229853871,-0.047295112722435084,0.2892588989176218,-2.2182140503610523,-2.218676605630387,-0.007132218946724971
5.326095342636108,1.0277783243302772,-0.4492145301454495,-2.9095232438390677,0.0007494748851102468,0.045412639455360844,-0.2158181333827098,-0.467159913832253,-0.04727547919607744,0.2892350787182112,-2.2182815891443313,-2.2186203108411005,-0.007092105305902326
5.334206581115723,0.8867185279175671,-0.43962113167934275,-2.8526439902666323,0.0028517428065778813,0.041153124868382976,-0.21067615159869435,-0.4671704270911631,-0.04728816533466141,0.28922243027434685,-2.218241089196079,-2.2186162860125576,-0.007103194838751377
5.342148542404175,1.0721827578172394,-0.8085395236326709,-2.8720168905312087,0.010675191022109147,0.04757754692706039,-0.20869442828273513,-0.46716425592777205,-0.0472688321449342,0.2891882333564064,-2.218303575704252,-2.218586611257184,-0.0071531321480979085
5.3501739501953125,1.0127633711575064,-0.5861837187334722,-2.8352279276844596,0.007683637580068696,0.04489287854750425,-0.21885833852020525,-0.46716037213639255,-0.04727226472025086,0.28914196130581826,-2.2182828144665008,-2.2186495064227647,-0.007238188269832382
5.358100652694702,1.2412192145538872,-0.6754257246336166,-2.93965472289401,0.005207292821475767,0.050107572656268175,-0.21591031228603616,-0.46717931061984314,-0.04726608020323839,0.2891824036656742,-2.2182899369069404,-2.218511323747163,-0.007084820136226688
5.366244554519653,1.150893222627682,-0.43383760128122517,-2.8335866398778835,0.00017088769268631645,0.048246097780982856,-0.22133375208419334,-0.46716296070135843,-0.047267678259821935,0.2891447378374473,-2.2182667293411353,-2.2185620574791645,-0.0071761118331900575
5.374077320098877,0.7072198969318119,-0.6310082970985745,-2.874386817260852,0.004873168440519677,0.03820584089613796,-0.21473420106323501,-0.4671768927901199,-0.04727297901374077,0.2891249913146028,-2.2182623113252857,-2.2185881755103836,-0.00708132917026672
5.382133483886719,1.2941277118680483,-0.5638184359205879,-2.767284405461732,0.0046723447764601056,0.04891867835039021,-0.21660969743056144,-0.467190332098284,-0.04725570755929743,0.2890983506231292,-2.2183153759441225,-2.218548625634536,-0.007163091448533757
5.39008355140686,1.1403010907106519,-0.5261472903757032,-2.8261130210099723,0.002101974721597904,0.04772978786299025,-0.21672400494097543,-0.46718008532686706,-0.04727745332627256,0.2890782872667025,-2.2182733886272867,-2.21858897727847,-0.007135857544617829
5.398231029510498,1.2342577803008048,-0.4471680171085593,-2.769166406018846,0.004719696282911898,0.05089180374025035,-0.21299645176293308,-0.4671687719488694,-0.04727323013860246,0.28903644195425565,-2.2182196872547952,-2.218691795391566,-0.0072200300631706125
5.4060564041137695,0.9602624369367805,-0.6180899689097591,-3.0246782154947955,0.006682174569721203,0.04704934688013306,-0.21076111369933567,-0.4671665550641896,-0.0472819160781552,0.2890093991037448,-2.218262755542581,-2.2186414772295437,-0.007277536540579082
5.4142165184021,1.1488851725508156,-0.7416857422918973,-2.86955516519452,0.009525529644904603,0.04643938543126019,-0.21360817439605198,-0.467181987000961,-0.047273805435782836,0.28900992380047386,-2.218291399220094,-2.218616223795872,-0.007233771718160958
5.424166679382324,1.17325508237981,-0.5954618782723186,-2.9419443205409492,0.004741443796177071,0.04868761674814276,-0.22019121720603332,-0.4671480668830929,-0.04727481817908767,0.28893247249023424,-2.2184434230173804,-2.2186990562007614,-0.00731022206601851
5.432017087936401,1.0350694300197485,-0.4617051274697852,-2.997281185173559,0.0029888679235255287,0.04628739227434828,-0.21167985716969298,-0.4671713010395801,-0.0472940793215352,0.28893302586486236,-2.2182680920298954,-2.2187086328335166,-0.007229579304128995
5.440101385116577,0.373439393861008,-0.6435137934958353,-2.271746985625078,0.009815499045069053,0.0408404984093637,-0.21484869009445526,-0.46717731142217134,-0.04727490190531061,0.2888873616657172,-2.218311393851193,-2.2186418075677388,-0.007155067683964853
5.448124408721924,1.0297590941381207,-0.387641737734757,-2.5015439192874376,-0.00021701185617532202,0.048605920013486986,-0.21645180784529827,-0.46715892920792534,-0.047279031568187906,0.28876669273735567,-2.2184293304185627,-2.218645973082063,-0.0072151128474833735
5.456161022186279,1.1222470417182535,-0.9413794236455342,-2.848092814558778,0.015205330541092578,0.04665186246774308,-0.22128215061604956,-0.4671214822947846,-0.04729176061402018,0.28862239677725354,-2.218468899196759,-2.218759943861277,-0.007512726035556002
5.464184284210205,1.1987097524470205,-0.5890134671091704,-2.7957097945643485,0.004557850389930593,0.049267299082078754,-0.21720333581028373,-0.46713234062252584,-0.047271458644363266,0.288521906630886,-2.2184691465051167,-2.2187458825083124,-0.007488221791110602
5.472087144851685,0.7183213950383798,-0.7910999858394994,-2.87512660774102,0.010803480066705921,0.04309318108478276,-0.21705463920464374,-0.46713539561881,-0.04727373625200408,0.2884030669045017,-2.2184840617027213,-2.21890250621529,-0.007580035380078437
5.480198383331299,0.6995820867633432,-0.019774614847034473,-2.9624707297480364,-0.011866053336019112,0.040150326296165335,-0.2056687333733016,-0.4671248356992276,-0.04726581419872365,0.28828733364281495,-2.2185838319967632,-2.218898865335975,-0.007666769809168875
5.488133668899536,0.9415892938957674,-0.7861897712361856,-3.2527244682340757,0.007641568478102336,0.042146889278671336,-0.21598084484492228,-0.4671292005092069,-0.04729105552899248,0.2881885148303829,-2.2185669139881203,-2.2190255795084033,-0.007686112531647427
5.496239900588989,1.0029609320901502,-0.6345248314595718,-2.975669099268547,0.005755848738515448,0.043563859707829417,-0.2210800547588867,-0.46713511770669314,-0.04725842964436485,0.288094755001202,-2.2187133089896314,-2.218858088362144,-0.007658808208624113
5.504100322723389,1.2709561488402046,-0.9491682233721735,-3.025660847631259,0.015481471827518927,0.05220085223481212,-0.22456003466954466,-0.4671140751329568,-0.047291645164861965,0.2880203901139621,-2.2185934911177365,-2.2190052546638084,-0.007700014957360043
5.512115240097046,1.2666172069923969,-0.5252659724886641,-2.476615032218633,0.0026852856983068836,0.05117799927672817,-0.22026827100025462,-0.46713913037320637,-0.04726530720422758,0.2879716889928671,-2.2185692890016204,-2.2189462674095406,-0.007622485822384759
5.520164489746094,1.318071619247057,-0.8314614838072496,-2.5783242476233768,0.0114376656549004,0.051955627060786234,-0.2193115992935395,-0.46713772639815365,-0.04728979469221788,0.28791545709427724,-2.2184754251164507,-2.218970079297891,-0.007605765269509954
5.5282487869262695,1.4664684060596265,-0.8215073586568552,-2.590720400097112,0.00891535267875175,0.057164363403107224,-0.21934930388053855,-0.4671386556880132,-0.047268081809615385,0.2878462977006096,-2.218596309919503,-2.2189006630257877,-0.007604617111987685
5.536076068878174,0.9567372353036826,-0.4111122793848678,-2.725570267202526,6.261121600432124e-05,0.04145926826643073,-0.22318571961950948,-0.46713115191952975,-0.04728889345299058,0.2877878240000967,-2.218586300080818,-2.2189172113270583,-0.007568275826572412
5.544160604476929,1.1227974775835012,-0.5797299868024849,-2.7851003648184647,0.003148183055744115,0.045743911824888316,-0.2225819100879618,-0.4671408457845081,-0.047295984349560075,0.2877548335874188,-2.2184777628466663,-2.2189372234730924,-0.007540663510225418
5.552170515060425,1.0930360973522983,-0.6763743779380057,-2.731716226110002,0.009040210036952073,0.04779258987614275,-0.21977521636515984,-0.4671524229063824,-0.047277329779210904,0.28769202158993773,-2.218466412676878,-2.218927029585001,-0.007552902842737855
5.560087442398071,1.1251165917083576,-0.4294258447888029,-2.8551254438828697,0.0015123424077656434,0.04579241682842634,-0.21500958647594026,-0.46714599853449956,-0.04727480787790507,0.287676336667818,-2.218428445852237,-2.2188534140568277,-0.007475114506098355
5.568239450454712,0.7759330055834941,-0.3598993696002564,-2.827215803491278,4.706912866747978e-06,0.03847333854357425,-0.21572441624534552,-0.4671520057271766,-0.04729596860525671,0.2876222517588637,-2.218476533128413,-2.2188229585028827,-0.007457396425622419
5.57609486579895,1.2714557513805902,-0.760215216645295,-2.9636579224908304,0.009746022910273877,0.051604965030558565,-0.21355518759196365,-0.46715396289568184,-0.04727524246124178,0.2875612801473552,-2.2184498268315416,-2.218826751256613,-0.007541450204985243
5.584052324295044,0.9368748047712302,-0.39218595890156477,-2.717631803094448,0.0007692326783540802,0.044034210028151256,-0.21228234982616848,-0.4671527327260022,-0.04725679751164218,0.28751633018470657,-2.218543287538278,-2.2187399462092925,-0.007513708998944822
5.592090845108032,0.969753221131799,-0.5408457152622111,-2.8690759253682634,0.006591085902845032,0.04498388815583866,-0.21737951986988172,-0.46714648205139725,-0.04729228497049359,0.28749626269113915,-2.2184349473609672,-2.21881288663446,-0.0073740908408375895
5.600083827972412,1.281717923796714,-0.8375415441132935,-2.852543614645016,0.009558519848807618,0.04928308865627211,-0.22098330126643026,-0.46715793169577696,-0.047252409021236876,0.2875175123416725,-2.2183537255786785,-2.2186677259873453,-0.0072637863346803055
5.608067035675049,0.9839699734094611,-0.4540572097224977,-2.98544064609208,0.005022636086562656,0.042790172930055284,-0.20953913332229682,-0.46716602056743467,-0.04727661582168908,0.28746411627650714,-2.21836181221731,-2.218715375307603,-0.007291720278347622
5.616098403930664,1.1193907958168248,-0.49532522168903814,-2.8175685668967714,0.001128585218576182,0.04476910370479088,-0.21411223457189266,-0.46716887419268566,-0.0472871459685583,0.28742129404489936,-2.218348371558246,-2.2187395892472566,-0.007233519303013216
5.626197099685669,1.1497817975932272,-0.7442089936920552,-2.841032748501029,0.00837431884401127,0.04641416133935653,-0.21314534603701782,-0.46717482903713,-0.047277602854348594,0.2873992232889467,-2.2182992298567483,-2.2186726455142964,-0.007231413626502136
5.634196043014526,1.124545999475196,-0.7375180191593935,-2.938330891719792,0.010372992561460487,0.04450851366651689,-0.2186175864304472,-0.4671781637224716,-0.047261146018159214,0.2873455332932185,-2.21836811712108,-2.2186531892921093,-0.007260018040971014
5.642004728317261,0.6647255004431161,-0.3558431154179918,-2.5559608398676765,0.0019562672467050147,0.040635913642961596,-0.21187968786077024,-0.46717620124695436,-0.047271175299109215,0.2872882730054964,-2.218195934571484,-2.2186835849870983,-0.007253838545360759
5.650140762329102,1.0863423707709672,-0.4382730327819477,-2.7606804237908995,0.0035163864096186145,0.04768800650863336,-0.20966664919757683,-0.46716162552121865,-0.04729021834885372,0.28716704401377574,-2.2183298397349827,-2.2187700126199346,-0.007299091034121242
5.6581597328186035,1.0024834405669343,-0.3914970436701722,-2.729040438795068,0.001341900843162419,0.043961910071786646,-0.2084395201557002,-0.467179341667104,-0.04727714287272441,0.28711134166482544,-2.2182476957404216,-2.218699848176464,-0.007307671560752028
5.666156768798828,1.1582966659718505,-0.7716461016053042,-2.8423917834238166,0.010988634719620163,0.048592694567096945,-0.2211786762552152,-0.46714900617514843,-0.047255841786312335,0.2870155138775255,-2.218354874078266,-2.2186600795592333,-0.007325385930004254
5.674230575561523,1.1239730919574955,-0.25402842713824664,-2.793490365589222,-0.0007593267355175363,0.05009759764435416,-0.2178352535953893,-0.4671637328259557,-0.04727466247026036,0.2869143200474904,-2.2183746173514707,-2.218740026885389,-0.007322337764792597
5.682070970535278,1.1429109010343927,-0.5778639190520564,-2.8788843968428472,0.0022776026836618447,0.050849544203922875,-0.2160167060020752,-0.4671545315047045,-0.047305159854519274,0.2867977442756289,-2.2184231093071047,-2.218819563002122,-0.007346971341756594
5.690340042114258,1.1467018488793865,-0.8919425485192786,-2.9479770090021424,0.00982174060601208,0.04617726887021377,-0.215039500866386,-0.4671612001522368,-0.047281579438271465,0.28672345466130017,-2.218388904102019,-2.2188594612590933,-0.007452722960150281
5.698252201080322,1.146840982139591,-0.3647539995131771,-3.157430798185606,0.0008980353159282634,0.04869102005397323,-0.21553529292413634,-0.4671639472512138,-0.04727962828527661,0.2866213310642032,-2.2184185819461915,-2.2188555715624374,-0.007462125880590164
5.706149578094482,1.1662690477151147,-0.9779426406428473,-2.982556456648354,0.015031633654697802,0.0482989423646871,-0.21056192100349688,-0.46716241462700586,-0.04727855954906985,0.2865350351685765,-2.2183752934505874,-2.2188967162402804,-0.0074896075557405045
5.714083433151245,1.1484867149516527,-0.7831329561728531,-2.9384435195436356,0.010769187146501324,0.04838910203311124,-0.21472784732912334,-0.4671467957573663,-0.047265319862037344,0.2864842517787292,-2.218423469166382,-2.2188029980451516,-0.007519965129111189
5.722214698791504,1.2752379893649066,-0.6249283435372025,-2.8171283754210203,0.0033072632275770314,0.05319005279792756,-0.2216118747789405,-0.46717410731468045,-0.047284321973703185,0.28644236145660523,-2.218398316366679,-2.21884947472664,-0.007367062581359111
5.730104446411133,1.1400311022945273,-0.6193483919947809,-2.8214309155967054,0.005385552754146204,0.04781873130177383,-0.21359548789939223,-0.46717378922274866,-0.047257888836540654,0.28640380580514935,-2.2183553013668846,-2.218728332901591,-0.0073167897771032045
5.738212823867798,1.3587213200767292,-0.412341138879065,-2.802880452910999,0.0027133973390644993,0.054457645085457404,-0.2116387240139727,-0.4671574157845442,-0.047272457129909594,0.28631573362757345,-2.2184580484324066,-2.218722387479009,-0.007423641482017965
5.746063232421875,1.2060223375605044,-0.5956496553258672,-2.9009878178012176,0.004883985002354887,0.05227251320083206,-0.21756727897051126,-0.4671489506308851,-0.04728549354876995,0.286256591709271,-2.2183850902694853,-2.2188058342201247,-0.007461368797070959
5.754165410995483,0.9419854089084713,-0.6981600586230388,-2.9940768420454518,0.007103846701660085,0.04276844767748245,-0.21598623890304247,-0.4671398718933334,-0.04731342538611017,0.28618580186584175,-2.218364355292361,-2.2189533441410583,-0.007428723697405324
5.762177228927612,0.8111122594469341,-0.2846532391785659,-3.199602923310278,-0.003578046937677085,0.042956905856390504,-0.2085002333019813,-0.4671586774515977,-0.0472950399139299,0.2861414677722083,-2.2184005990863684,-2.2188383690079716,-0.00733007085322181
5.770347356796265,1.132907144263488,-0.4577348226339691,-3.064197385844023,0.0037495789816672535,0.04973888834655595,-0.21915995778666292,-0.4671821283947708,-0.047258824171699854,0.2860982460316525,-2.218391564729986,-2.218730683046557,-0.007339850687953756
5.778064966201782,1.200418495873229,-0.6257288894436891,-2.849648946848426,0.006282796352214606,0.048291669800716405,-0.21462345250987516,-0.4671764989285827,-0.047276486158131896,0.28604952801065286,-2.218362434402307,-2.218795144083487,-0.007352226595104918
5.786213397979736,0.6934709920250903,-0.1801399706828968,-3.112221928182101,-0.003559962332599146,0.03791910604944464,-0.20608790696917043,-0.467172043628118,-0.04727796679522433,0.2860039794214975,-2.21834441697976,-2.218748345090283,-0.007355196899913681
5.794203042984009,1.0641629451617027,-0.5801498661611233,-2.8844303786421452,0.002882527202518506,0.04662108268475287,-0.21467615302731965,-0.4671625215558027,-0.047266240934981385,0.2859509348460628,-2.2184134570276766,-2.2187575099746897,-0.007391279084917498
5.802111625671387,0.8406478108823431,-0.5316818903087939,-2.973221060142466,0.003630400291765718,0.03956517233687245,-0.2117975682097264,-0.46716388214235693,-0.047284008689960126,0.2859395456371365,-2.2182999485255435,-2.218727990565445,-0.007266713892284728
5.810158967971802,1.0483626099508385,-0.5003580579250437,-2.8824714032585343,0.0016119971229402207,0.04676893869152515,-0.21515335349613607,-0.467161549110583,-0.04729480510822257,0.28589101709673326,-2.2182532829477606,-2.21878563493343,-0.007263172788100526
5.8181281089782715,0.8616795845540416,-0.6022735081285042,-2.8533062978459305,0.0020095634881993553,0.04553081823528462,-0.21409367428206966,-0.46715778148034914,-0.04728401916240458,0.2858323064263224,-2.2183505318620393,-2.2187501015883013,-0.007334715322525975
5.826208114624023,0.9855306647626452,-0.9164815705062024,-2.839463475216792,0.010613403602362237,0.04186687434058237,-0.215772840479382,-0.46718024789610835,-0.04727721192917123,0.2858183286125535,-2.218295749495979,-2.218733541554561,-0.007198757818178491
5.83405876159668,0.8457942503836081,-0.7140101684639497,-2.9347989179053378,0.008977512233169536,0.03968613408784412,-0.21484246370744295,-0.46715396330220305,-0.04727195882122352,0.2857701074188045,-2.2183197611564,-2.2187239377724497,-0.0073297671751631896
5.842189311981201,0.8220461017550484,-0.562002106488986,-2.99777070160493,0.002902148565088048,0.03917879061605953,-0.21075896686572118,-0.4671781707508684,-0.04727649861004554,0.285765652299135,-2.2182786990809467,-2.218685944469377,-0.007173495556356363
5.850138902664185,0.9191100555939462,-0.45064197218278823,-2.9614515466089077,0.0037422020653445883,0.04292224811584872,-0.21498208723208076,-0.4671798067866032,-0.047273888160646024,0.2857272137643882,-2.218248942330891,-2.2186946825390566,-0.007165674172893702
5.85813307762146,1.3499934995723615,-0.5677497474896154,-2.87752468473537,0.005011469873052515,0.052441754575078096,-0.217721230449915,-0.46717449205028666,-0.04728253669820398,0.28570107682328344,-2.2183019340623926,-2.2186555998844324,-0.007136555294284121
5.866061687469482,1.1535563521267782,-0.8014440807960522,-2.8428553786541237,0.011118808121721674,0.046288042238886294,-0.21720084164666784,-0.4672039203208017,-0.047289039804008746,0.2857029630312833,-2.21818878754742,-2.218671977858139,-0.007054289934302781
5.874159812927246,0.827615152507773,-0.676575338776211,-2.8796400705438203,0.006357760478534651,0.03896699840366022,-0.21687047383627633,-0.4671676156937996,-0.04727755409910621,0.28565679946994127,-2.2182740056848718,-2.21860964665846,-0.007098932979378646
5.882202625274658,1.0263191887624863,-0.48658433748295493,-2.7037214245900967,-0.0012656070655400042,0.04304512299323094,-0.21703942362588857,-0.46718159211056426,-0.04726820436089893,0.2856330666595944,-2.2182273122133647,-2.2185829017051586,-0.007133187155270294
5.89011025428772,1.2662345837495126,-1.1274947084251545,-2.773260355380332,0.015095446210892182,0.0500837160947854,-0.21765277928401333,-0.4671957096991774,-0.04729267657644557,0.2856189603945964,-2.2181177989800087,-2.2186675699735,-0.007105678188100691
5.898240089416504,1.1288001709158733,-0.6491983591416036,-2.90501020265109,0.0036561150755800597,0.04855775690681642,-0.21878709977383307,-0.4671695226694297,-0.047276484041545025,0.28557751450306096,-2.2181828257653033,-2.2186144725054833,-0.007152998293011059
5.906188249588013,1.3294928269138477,-0.6706572585799114,-2.770640374202937,0.003260234594022855,0.05002921503911376,-0.21443735783970777,-0.46718968515463954,-0.04727281809855813,0.28555974448911225,-2.2181796193588585,-2.2185583481821713,-0.00708165938180251
5.914060115814209,1.0375128786408345,-0.5013430537281968,-2.9187759899425183,0.004352724909320868,0.047152523860377674,-0.21847022572686164,-0.46718079149749336,-0.04727330424324638,0.285542734551102,-2.218220528025703,-2.218517634969112,-0.00702767395257525
5.922185182571411,0.9231333167368547,-0.14184064667726942,-2.95298658131788,-0.0051643843457684566,0.04397291521927344,-0.21571927304202443,-0.4671916002948185,-0.047266060336833574,0.285526675862416,-2.2181788139948067,-2.218561208357158,-0.00698789933359804
5.93024468421936,1.1594668748720214,-0.7911575105975986,-2.9709186031087156,0.008786418674617992,0.04891961216600235,-0.21819657880586085,-0.4672013468871406,-0.04727783133919754,0.2854918929633152,-2.218177246627811,-2.2186123282457157,-0.007012424976927119
5.938105583190918,1.1123483944571162,-0.43603692944115985,-2.9049080951128854,0.0018823140838732455,0.04913409704385035,-0.21630095354826268,-0.4671871660532328,-0.04727591957889356,0.2854418669868838,-2.2181960322924033,-2.2186428377705716,-0.007137420408146342
5.946050643920898,0.854150028179305,-0.7405438201205469,-2.7897679646899727,0.007614609414925229,0.039235813564470284,-0.21920976356404723,-0.46719764614654746,-0.0472758830317625,0.285454800230642,-2.21813988279504,-2.2185671552879915,-0.007002002679208628
5.954132556915283,1.1351585507934563,-0.6749657284356225,-2.8407348159152304,0.005022555321698419,0.047549774426164995,-0.21347695651798995,-0.4671887238017072,-0.047282735964517264,0.28540805791538526,-2.2181495627505865,-2.2186437553934057,-0.007008909610701195
5.962060213088989,0.6844580718785027,-0.6350764753659504,-2.999810915385391,0.00672185840194406,0.03857106574534111,-0.21174614777960774,-0.4671959971259014,-0.047294264130397286,0.2853659576323078,-2.2181151786202715,-2.2186835770461553,-0.007054965018601625
5.970275402069092,0.9579034107315847,-0.4356106309106098,-3.0402858618830577,0.0032058586067763278,0.04505365934516412,-0.2166878791166467,-0.46719247530838814,-0.04728401657565894,0.2853882173401348,-2.218157898808313,-2.218573697700278,-0.0070038766975872285
5.978112459182739,0.8329512005391472,-0.506456985854025,-2.8949258533543216,0.0036241318704902364,0.04250449080512743,-0.2096438673975614,-0.46719104543320383,-0.047259220111390735,0.2853158633567087,-2.218264534857724,-2.2185583092032326,-0.007118760670747276
5.986145734786987,1.1905009526966395,-0.4852139635431,-2.922273267517136,0.0024128345168742313,0.050666160162936694,-0.21075264718226713,-0.46718233874346293,-0.04728133310016657,0.28532185533469545,-2.2181684662748404,-2.218645439530524,-0.007040110210208683
5.994165658950806,0.7331007855365076,-0.7301554748211553,-2.8282857287209113,0.007193541588095074,0.03868993014331805,-0.21290504306483177,-0.4671734806896018,-0.04727849012051481,0.28525212351643997,-2.2182584364875106,-2.218747358540591,-0.00713209186194063
6.002247333526611,0.913770937172157,-0.47151670543533686,-2.8646858053970443,0.0028429149749102083,0.043242709956020246,-0.2197099925303994,-0.4671837099555252,-0.0472660052628844,0.28526946110754653,-2.2182165072255997,-2.218578774947977,-0.007105701723717354
6.010143518447876,1.3047380114087346,-0.6171060994495793,-2.8501413456378653,0.0026332715647708464,0.05311747838479392,-0.21649923586789233,-0.4671885136421293,-0.04726956859932422,0.2852361617618547,-2.218204148733746,-2.218638170002589,-0.0071238067179966265
6.0181965827941895,0.8955454767940835,-0.6360814811375324,-2.8448234580555543,0.005218522044529477,0.04098967085656545,-0.22051509274996006,-0.4671820493623499,-0.04729324465951131,0.2851989544795853,-2.2182086474480953,-2.2187261234025857,-0.007130151054483165
6.0262391567230225,1.1177630559735776,-0.5161161038781975,-2.818704208921658,0.0029689305533871905,0.04940814296446558,-0.21270041113455898,-0.4671788502433338,-0.04726746024016073,0.28519781855148374,-2.2182600319092605,-2.2186676427701086,-0.007120156575197112
6.034214735031128,0.9014665391846702,-0.6992402893921561,-2.905114999202376,0.008057547971690409,0.04439687601888602,-0.22208448349111448,-0.4671870494121781,-0.047266855379926226,0.28518569545470135,-2.218238236789341,-2.218651818383353,-0.00708287260143975
6.042119979858398,0.8818832422783479,-0.5679268279645917,-2.9525444207688363,0.004433273189116078,0.040460096468393006,-0.2176361571046314,-0.46716614764471937,-0.04729818870162751,0.28514053468495226,-2.218218311915825,-2.2187535961656364,-0.007149131315581472
6.050046920776367,1.1963333322981855,-0.19754962777711757,-2.864273104310176,-0.003333115999771753,0.05076646757436244,-0.21573437318762004,-0.46717457995679446,-0.04727544440944,0.2851081158810548,-2.218263397535914,-2.2186631600649673,-0.007233831056360764
6.058117866516113,1.204646960650109,-0.48736119181602494,-3.0630163861863138,0.0008302986256823373,0.04760417151829845,-0.21102784664955782,-0.46716887686361164,-0.04726725030442587,0.2851278959195197,-2.2182689432424447,-2.2185863442002374,-0.007108554003104754
6.066056966781616,0.8128514803737111,-0.8794235215676819,-3.037801315501902,0.011518196723672628,0.04341771071707616,-0.21874727269167646,-0.46717187743964306,-0.04729415285211493,0.2850831889237598,-2.218269049946453,-2.2187203793532184,-0.007195006914497808
6.074073076248169,0.5927499646782358,-0.028483566976245423,-3.0845890903775857,-0.00680841305339968,0.034253535856344705,-0.20331197502898798,-0.46716364482792067,-0.04726617185698755,0.28504856770223963,-2.2183021473597986,-2.2187246649443058,-0.007278514891928267
6.082200765609741,1.1775326249574853,-0.7930735310582273,-2.8317896380075336,0.004992776529882517,0.047582110380738965,-0.2102520156128366,-0.46716814975191634,-0.04725351782684237,0.28502098294631284,-2.2183717023195437,-2.2186670323303863,-0.007300719889466767
6.090125322341919,1.3624187365630327,-0.434097090953903,-2.857021274778142,0.0008287570179048337,0.05322976626035174,-0.21517487424494294,-0.4671862971084716,-0.04728575366988445,0.28504177052055313,-2.2182388983083197,-2.218734329821424,-0.007110767590534782
6.098169803619385,1.0835557551804558,-0.8924412454695687,-2.6257283310372967,0.008640464258555535,0.04654498481524193,-0.2144388617436104,-0.467180564094178,-0.047284481652904796,0.28498723437423307,-2.2183038188562905,-2.218785373114182,-0.0072476937912450065
6.106215238571167,0.9984998291365901,-0.5307452678310071,-2.8858358829224087,0.004009910772447561,0.04430767553671789,-0.2199479105940985,-0.4671542945689009,-0.04729391493048787,0.28498154346488447,-2.2183042624032696,-2.218765205813448,-0.007224128251702813
6.1142449378967285,1.2233050599662318,-0.4175091628159243,-2.8875879574495835,-0.0016411965107385072,0.05152671918288307,-0.20649546481385575,-0.4671717342243718,-0.047293750895808465,0.28495359914668794,-2.2183000466208393,-2.2188029492460326,-0.007232022897946948
6.122304439544678,0.9541653444572467,-0.624728488098702,-3.0411940826175803,0.003607986517443067,0.0465882490003532,-0.21116687869979608,-0.4671798613798702,-0.04728467559682884,0.2849791953022949,-2.218294131107516,-2.2187363630983823,-0.007162410604868438
6.132282733917236,0.9953741669209313,-0.31328854407778933,-2.866509308337515,-0.0019558608731063843,0.04454205169758642,-0.21390746067904473,-0.46718353462217427,-0.047275723665879385,0.28495151610825403,-2.218349709080932,-2.218683701353631,-0.007217750798706248
6.140111446380615,1.2559821479471365,-0.4917959983127886,-2.996768520852097,0.0011621733093398476,0.045078594329765125,-0.21029619855302192,-0.4671834645579871,-0.047254617670928825,0.2849314486162538,-2.2182928676422238,-2.21873654530608,-0.007222548355226608
6.148234844207764,0.6752221301401179,-0.40350022131723223,-2.179928219640741,-0.0023631352943659437,0.046680498477873075,-0.21506720246743516,-0.46717655152674376,-0.047263723107097685,0.2848671397835611,-2.2182379018993172,-2.218667729091565,-0.007158909850579989
6.1562488079071045,0.9646814676854748,-0.6680036343435326,-2.425159824327635,0.007011678063360678,0.046924902251938704,-0.2119702448295005,-0.46716768133533,-0.04727667453614754,0.28473770079662125,-2.21836445584139,-2.2187208215573166,-0.007190058210092695
6.1642091274261475,1.3556878840866673,-0.7500489035799004,-2.7823928234723483,0.007003863430994536,0.05017324479430391,-0.21890841108021108,-0.46715454714949883,-0.04727811389197851,0.2846693712143642,-2.218275291962239,-2.2187275987654838,-0.00718817441140373
6.172165870666504,0.9959388473791005,-0.4596311132307259,-2.647373736386632,0.0030559352105624746,0.043284097870452516,-0.21985835229799447,-0.4671705783807024,-0.04726923011794028,0.284523983244359,-2.218447381168824,-2.218771011211899,-0.00733309722219106
6.180191993713379,0.8858891474900985,-0.4345248200368729,-2.841563728311951,0.002793667955017208,0.04564231374949423,-0.21477024079738152,-0.4671576560074022,-0.04726698001240891,0.2843910083248607,-2.218511889599958,-2.2188657920420125,-0.007406891629114257
6.188246726989746,0.8130802259778525,-0.8821530597326106,-2.8874729704154585,0.012531555685698453,0.04287564700258112,-0.2169464159001416,-0.4671409617403155,-0.047291362393707646,0.28426531923498277,-2.2185479626348594,-2.2189935760617256,-0.00766461981666523
6.19605827331543,1.0254709251549246,-0.4323696305490727,-3.252971530899317,0.004203720010050832,0.045927332783354036,-0.21708922443521692,-0.4671564006626855,-0.04728549698228271,0.28417900160925047,-2.2184973504087706,-2.219004644742303,-0.007566901136943922
6.204045057296753,0.9783975551543851,-0.7051135618018352,-3.0945045385804537,0.004707620186458712,0.03916165440037568,-0.21726921915199493,-0.4671226627060922,-0.04727433226120127,0.28407190944417604,-2.218628657471522,-2.2190341035349226,-0.007681463136174513
6.2121262550354,0.7551932978191553,-0.5686168246846661,-2.973030549571911,0.004627592534139716,0.03975071219144259,-0.21648304249106334,-0.46715406910988394,-0.047266497252824814,0.28405483114047875,-2.2185615884912124,-2.2188421848661206,-0.007523382355294306
6.2201526165008545,0.9735367057935101,-0.2748157898409192,-2.9512084381138664,-0.0002882545345381576,0.04659895120806914,-0.21187872529757684,-0.4671516283967306,-0.047272403016009386,0.28395685584155583,-2.2185730472641954,-2.2189461876575396,-0.007618070755064897
6.228310823440552,1.082807201388248,-0.9178521627632843,-2.679447912043181,0.012942201902752009,0.0454491151114353,-0.2165138746783137,-0.46714712422652416,-0.047295652056535034,0.28392610611412983,-2.2183824205311637,-2.218995785334001,-0.007491879016527832
6.236098766326904,1.343903764921227,-0.528690126539523,-3.2751362568105913,0.0012455647989211658,0.05315675624637801,-0.21298429553926448,-0.4671462664233492,-0.04728632334654015,0.2838424870703929,-2.2184812363043784,-2.2189931361435042,-0.007581147703699959
6.244093894958496,1.0402624914252534,-0.37311421461178035,-2.927526146346561,0.0015159693051396614,0.04658624578052202,-0.2112177337564217,-0.4671712010915171,-0.04726964534119364,0.28380464385481713,-2.2185092192929705,-2.2188529058252358,-0.007460549454158228
6.2519919872283936,0.8927182608317213,-0.40928062807468935,-2.9274849811845756,-0.0008085278812501274,0.043134569626261894,-0.2124391726610476,-0.4671670453594591,-0.04725841616188504,0.2837653108740872,-2.21855790981484,-2.218767983175141,-0.007402720870621163
6.259886741638184,0.9880768015908866,-0.5961760912419996,-2.9734887844286004,0.0014117964105946914,0.041892821073695366,-0.2231756955719329,-0.4671532179319747,-0.047278772998110855,0.2836996727020983,-2.218501249823136,-2.2188627510012497,-0.007396806168521153
6.268069267272949,1.2199712631570907,-0.33796911422070797,-2.760285717593117,-0.0009251488627361025,0.04913967439479649,-0.21187926647626856,-0.4671625765111569,-0.04727926527273163,0.28364268648453606,-2.218427276731963,-2.2189039486011604,-0.007426018758984931
6.276147842407227,0.904339963799101,-0.6900636113086229,-2.9279214326536964,0.009149710248535368,0.04249310897915785,-0.21538446953201967,-0.46715973482754397,-0.04727294434083891,0.2836103325135496,-2.2184268941160785,-2.2188910763861656,-0.0074151409164392775
6.284109354019165,1.0832988635850886,-0.36530369928767037,-2.9321436023975562,-0.00035826461200927297,0.0469753344458719,-0.2216302768191898,-0.46719107884557565,-0.04726352025663016,0.2835631519184492,-2.2184510282262426,-2.2187978050447135,-0.007315620658496924
6.29198145866394,1.02771334191831,-0.2494907848235813,-2.6502301334107212,-0.004761964145014655,0.04582392153125503,-0.21801279526399836,-0.4671708747555675,-0.04727639752110145,0.28351505335981747,-2.2184262532024266,-2.2188369549317377,-0.0073801577129780915
6.29997444152832,1.0519846262458892,-0.5168056868466018,-2.8070334689331724,0.00371697589815864,0.04536323853878077,-0.2123518156442843,-0.46716771299077964,-0.04728015393359051,0.2834980337338957,-2.2183687738093156,-2.2187937060932077,-0.007255135644442819
6.308018684387207,0.792743368617301,-0.45854511029199957,-2.768591727459291,0.0037642479161677307,0.038716140305993775,-0.21037563054480962,-0.4671750026820653,-0.047265097537892015,0.2834646928713841,-2.218392076831942,-2.2187137053158486,-0.007240970722002609
6.31599235534668,1.0524080205229873,-0.5928959838757453,-2.8527660674519546,0.0037692405051801205,0.045018391649415825,-0.21520342431522885,-0.4671870224461784,-0.047289421315252524,0.2834320399484148,-2.2183265104421537,-2.2187943041612024,-0.007180813033577945
6.324026346206665,0.9276752497755424,-0.644428043568694,-2.801478501980335,0.005816945041065668,0.04205781916622687,-0.2188841126675138,-0.4671743618793736,-0.04728306506753853,0.28339450070086747,-2.2183147335195867,-2.2187513784128754,-0.007178952806415732
6.334081411361694,0.845969459447913,-0.5647529259389784,-3.1312031100014006,-0.00013503741613454256,0.041579874908315544,-0.20935181464253183,-0.4671693371250916,-0.04727224103997275,0.2833893474292133,-2.21829810717536,-2.2187035819841303,-0.007159455943621479
6.342030048370361,1.3397344116312477,-0.8174987148367197,-3.4868946701819845,0.008115968484917111,0.05597647154821533,-0.21145875812674841,-0.4671985987814908,-0.04728921855690548,0.283329566082343,-2.2182268403558476,-2.218782520599008,-0.007101331651962055
6.35011625289917,0.8414186995598718,-0.5124597915118825,-2.545102595523851,0.0027426432911063256,0.04697215928984774,-0.21963970789261628,-0.4671809742184423,-0.04728032839892448,0.2832752246560398,-2.2182411563078195,-2.2187174031857455,-0.007155777111050276
6.358023166656494,0.7616467253014139,-0.3527884982404964,-2.7543335336826025,4.800268031409453e-05,0.03703557940426726,-0.2150828135030081,-0.46719349267919347,-0.047281515092185374,0.28320525790761164,-2.218237165400336,-2.21863296079739,-0.007062730901073355
6.3660969734191895,1.3935439807588428,-0.7114317508775875,-2.7183596250848,0.006446227958557022,0.05274461789388929,-0.22056244333594127,-0.4672010455388364,-0.047263070581593465,0.28311052273262194,-2.2182388367060257,-2.2186776370654604,-0.0071372879343099506
6.3740010261535645,1.0197802131401583,-0.20765038746128966,-2.6719756346794528,0.00017533536429492505,0.0459452953145565,-0.2088169530857931,-0.46716692628389533,-0.04728682199422937,0.2829815007723572,-2.218326692984341,-2.2187431103588304,-0.007155428390154911
6.382021427154541,0.921239972580006,-0.6078298239829233,-2.69602383115626,0.005959361332734335,0.04221864752642316,-0.21783496719546958,-0.46719141897427763,-0.04725044902524495,0.2828810965629876,-2.218401393883853,-2.2186707546964786,-0.007210687445924698
6.390007972717285,0.9713773807775963,-0.574970401365267,-2.7906553487323924,0.002762294518469313,0.04496977700622795,-0.21529076341230644,-0.4671867756998503,-0.047275049554865334,0.28281512424916083,-2.2182700152842556,-2.2187743937038755,-0.00725169446722514
6.397984504699707,1.2021652797890807,-0.77865737222512,-3.072116603925216,0.007278204310692477,0.04915223750982719,-0.2117106997065498,-0.46718968074245204,-0.047270770152057925,0.2827390948306493,-2.218285036878038,-2.2187720547217573,-0.0072197211789464056
6.405965805053711,0.7628414965285835,-0.7345983815854228,-2.8956458050558287,0.007543223097065979,0.038745630623291616,-0.21293186646980614,-0.4671970034304534,-0.047275209239854475,0.28264355172732136,-2.2183259336699406,-2.2188445614016175,-0.0071708433717440866
6.414057731628418,0.9072546321462307,-0.7399838763306588,-2.878803354575775,0.00701059876580945,0.043481078972877195,-0.21017875455626878,-0.4671867028068643,-0.04726575200916768,0.2825578146514881,-2.218404883668923,-2.218762338392447,-0.00724649772273733
6.422103643417358,1.0138743601395703,-0.6440934575622665,-2.7787886821203087,0.004764874328463149,0.04391782424878194,-0.21521923879343927,-0.4671890494998607,-0.04727995389679002,0.2824804337631345,-2.218351528351683,-2.2188098981411883,-0.007294079245371232
6.430084705352783,1.0949077201593886,-0.9075939426170466,-2.779002299446161,0.01097608758045891,0.045923739875248615,-0.21441683568807424,-0.4672022511992083,-0.04725865260292114,0.2824306591658256,-2.2183227390397118,-2.2187898354930344,-0.007170031625312483
6.438026428222656,1.2860657041844057,-0.6555214363758318,-2.7271359577000327,0.006712394526194067,0.05241110720004623,-0.21579724838025915,-0.46720589635714427,-0.04727190527223911,0.2823837705406507,-2.21823773472485,-2.2187745848860407,-0.007163093123226957
6.446064472198486,0.7960879768894408,-0.26426256512421387,-2.9123570493364364,-0.0014671934054095296,0.03892583334650516,-0.21147443180407188,-0.46721059267415965,-0.047282883736245285,0.28232477668696887,-2.2182425001927344,-2.218771862291236,-0.007161524872667724
6.454061269760132,0.9378513560926123,-0.7692325612249117,-2.7868659383913035,0.007509417592994388,0.04339889484599958,-0.21326728755737304,-0.4672175840506361,-0.047272157137643225,0.28226558892777276,-2.2183339325301126,-2.2186929711684433,-0.007132507809958122
6.462200880050659,0.8605872652656504,-0.5173303850410702,-3.071612391418387,0.004894348537172478,0.03921020161040272,-0.2131411972682124,-0.4671859229171731,-0.047277768683905395,0.28218119480958226,-2.2183195105982842,-2.218768754642614,-0.00726323474258969
6.470138072967529,1.0088107193185372,-0.573231726266371,-2.9220940303850034,0.003321863687649237,0.043579453828132345,-0.22110232877458347,-0.46719612129821425,-0.04727131984692033,0.2821118845557783,-2.2183192041881767,-2.2188267074690566,-0.007250487472026077
6.478032350540161,1.003696147462488,-0.6143568101115096,-2.8104037103885977,0.005502491170521133,0.043116809111589334,-0.21357239662886263,-0.46718899183608703,-0.04727581635742814,0.2820733034820418,-2.218253539941799,-2.2188717851823574,-0.0071783239115681035
6.486221790313721,1.0559740684831913,-0.5610434637556867,-2.9137587438941446,0.003150538888773489,0.043986911372214665,-0.2107290931188691,-0.46720017664272284,-0.047273400787653144,0.28202092892962827,-2.2183415784177756,-2.218798538495103,-0.007196692816984062
6.4939258098602295,0.969031421593691,-0.6188337496164616,-2.88653310097223,0.0057955727554124025,0.04316629165455062,-0.2190720726979783,-0.4671935276080411,-0.047249349357079404,0.2819853148941096,-2.2183470365033857,-2.2187220250233017,-0.007197846301956938
6.502009630203247,0.9237898823894446,-0.7710971598944795,-2.6914574973787793,0.008926096823901034,0.04128646393294759,-0.21900635552470502,-0.46718743795860196,-0.0472817340380333,0.28194180378511446,-2.218227213140983,-2.2188449982460026,-0.00718200139996335
6.5100579261779785,0.9154579373570955,-0.7266328504434809,-2.8520877849417077,0.008397038277823952,0.042693666905845404,-0.2226780670069181,-0.46720376128685853,-0.04727173277663904,0.2819641011144198,-2.218232939259238,-2.218626846128993,-0.007077746617398916
6.518239736557007,1.093238214903368,-0.5953142132669235,-2.7374669503594413,0.0037180774613902595,0.04634901778701188,-0.21813850707626725,-0.4671680442253511,-0.04730591363277344,0.2818619897856952,-2.2182330211290027,-2.2188211900637818,-0.007136249992311967
6.525988340377808,1.5220326666775499,-0.7730073201689258,-2.8365100419197042,0.007505279385235917,0.05848677361858327,-0.21515295873605775,-0.4671824326530888,-0.04729044016026686,0.2818420611302332,-2.2182784522833874,-2.218751318366163,-0.007050647261125932
6.5340893268585205,0.9606186898006253,-0.518899755686367,-2.7008131379324487,0.004063862398152761,0.04348282508451125,-0.21270468609952828,-0.4671864254307713,-0.04727452479359174,0.2818134560801967,-2.2182815526322686,-2.218655309529079,-0.007045205653421563
6.542014837265015,1.156244915858537,-0.7076232344969212,-2.737543609472997,0.007617835188539227,0.047528895674175245,-0.20835353541824012,-0.4671989292657491,-0.047265641185589895,0.2817709335869973,-2.218256552424715,-2.218685551378291,-0.007070232970502561
6.550015926361084,1.0276713627871685,-0.7217959575752779,-2.713333425950307,0.00684106648572183,0.04233642885915588,-0.21754558851220981,-0.46718648350391107,-0.04728402883397694,0.2817299471234437,-2.218222935037237,-2.2187388895387006,-0.00710989080392479
6.558096647262573,1.1241639335772808,-0.6963829946703846,-2.6836978743089746,0.0065058695234636804,0.045614872471956246,-0.2138866156307869,-0.467200427936246,-0.04725811426660735,0.281707792346757,-2.218201060857294,-2.2186884631482546,-0.007091371091966946
6.566190242767334,0.8028315271806411,-0.4937664191372453,-2.6437872360516486,0.00021064326865558437,0.03959726694870806,-0.2201447682027691,-0.46718143758880726,-0.04725582740261317,0.28167584785241084,-2.2182491517633998,-2.2186386133394476,-0.007034608378186402
6.576068878173828,0.5727269327747584,-0.5638897303309587,-2.8564106776577853,0.0051455419630806075,0.03319875459578144,-0.21100316120417156,-0.46718296600060966,-0.047272073399655806,0.28163498845514506,-2.218216596380427,-2.218659392833038,-0.007024648121674552
6.583933115005493,0.8942538987156521,-0.863308165637177,-2.665390953507918,0.010558112716660161,0.03895785114591416,-0.2191683024452176,-0.4671788064267402,-0.04729262016638248,0.28162208861775173,-2.218161579892434,-2.218708422029528,-0.00705159443152644
6.591960191726685,0.5746075460807021,-0.7975173704876097,-2.3714661007616455,0.010004542559835594,0.038818134508936925,-0.21781800796673054,-0.46721393258903965,-0.047272660014427155,0.2815395558411079,-2.218179206689548,-2.218644566059704,-0.006982593072330444
6.599960565567017,1.3407349362021803,-1.002277946899598,-2.4420783843066616,0.013401781892081539,0.05190293857710504,-0.2267067986625781,-0.4671801334355506,-0.04727938395244338,0.28145374584275085,-2.2181508588014998,-2.218687948173713,-0.007033106041594233
6.607960939407349,1.0334803388315208,-0.532648855104403,-2.7366279579173898,0.0031996931101785776,0.04419101193054406,-0.2191251855146124,-0.4671751637405237,-0.047277653181850114,0.28137442172647903,-2.218138617968609,-2.2187301004788025,-0.00706797895328326
6.615990161895752,0.9811330147413913,-0.2391618799733984,-2.8725406399486944,8.403972929680743e-07,0.04296118599687539,-0.2118111121037516,-0.46719621218972496,-0.0472874492974863,0.28127888685140023,-2.2180990840195713,-2.218770952231286,-0.0070760599782653255
6.624016761779785,1.0289261071755331,-0.4379814889817111,-2.740361840589167,-0.0007773495524310192,0.04676444728014477,-0.21766688387195385,-0.46718716223835854,-0.04726401022914444,0.28113732022847693,-2.2183159443009313,-2.2187505446941342,-0.007159882312794557
6.632089376449585,0.6806219891075203,-0.6342296045334045,-3.0799709008753653,0.005580106066199022,0.04015201847718888,-0.21228830262465342,-0.46718674307673264,-0.04727379432374173,0.28105498759788705,-2.2181822467513896,-2.218850433300587,-0.007173164217457911
6.6400744915008545,1.2936610042176206,-0.7838255942951575,-2.928519765885901,0.009701932426485567,0.05013045481574138,-0.21118587907551642,-0.4671809386457702,-0.04727615020188798,0.28097513950567166,-2.2183514237852755,-2.2187185571236903,-0.007205331261415692
6.64807391166687,1.1648069266463772,-0.847878570373112,-3.1347271463235744,0.012797053477343771,0.04869297134513512,-0.21876257037678645,-0.4671802987063121,-0.047273503538295306,0.280873558230355,-2.2183655675747,-2.21882657367643,-0.007250442600222441
6.656130075454712,0.9551791684473724,-0.2790627235702954,-2.8769492826620087,-0.0004981198547787071,0.04603380794812934,-0.2175018482771239,-0.46719808156167425,-0.04726340005245206,0.280835529009043,-2.2183204584337,-2.218711777460889,-0.007156092945634373
6.664047956466675,0.7869166829349032,-0.4338309636165811,-3.001232308447953,-0.001156843226919443,0.04158391932874442,-0.21574621330950036,-0.4671942446105165,-0.04725986819894809,0.28075685653675464,-2.2183345048318697,-2.218727571214656,-0.007122630983000429
6.672051906585693,1.3863379167988217,-0.6100138359489378,-2.7586997238388955,0.006888677053226578,0.053719272924008785,-0.22200091828840446,-0.46717516711792956,-0.047250559344859194,0.2806597091594725,-2.218354334031866,-2.2188135686153934,-0.007227162305281665
6.680142164230347,0.9492651968938134,-0.26732883637220906,-2.896961252277598,0.0014967047147404775,0.0418588191840822,-0.2145341643573533,-0.46716450826867373,-0.04725290778238999,0.2806105126530736,-2.218317493970626,-2.2187628150995202,-0.007276257292705147
6.68817400932312,0.8708123264085436,-0.6917663448313431,-2.9687134171479332,0.006280316839246775,0.041356902435533645,-0.21334538624424726,-0.46718389915813313,-0.04726164511454224,0.28055164966823126,-2.2183483207457244,-2.218757519887493,-0.007240860933934769
6.696242094039917,0.7736509608642681,-0.6485260880083273,-2.7715875132492953,0.00918585573732172,0.038744693380088346,-0.21999147660430368,-0.46719160179457564,-0.04724546489341199,0.2805188508897432,-2.2183163020893337,-2.2187282715895322,-0.007153143217196567
6.704248428344727,0.9613283143041025,-0.3889806220080927,-2.8464317103099543,-0.0008272684253661817,0.04328638435402352,-0.21734576440440423,-0.46718605430490073,-0.047280400616442265,0.2804531402145237,-2.2182575815378933,-2.218780877175667,-0.007146924129362997
6.712158918380737,1.2469579300257612,-0.6854180556749156,-2.8098551015778614,0.00515362144193064,0.05164435782307695,-0.21088663111179107,-0.4671779650584512,-0.04726283963525772,0.28039802790078705,-2.218295132260088,-2.2187685154551646,-0.007141368026140715
6.720043420791626,0.8285568812029283,-0.31387731049637263,-2.834662460472468,0.0013443932147236752,0.038245312282740175,-0.21730933620358697,-0.46717516691612765,-0.047272035718167404,0.2803399758633326,-2.2183130211301507,-2.218742049008241,-0.007114330266440311
6.7281670570373535,1.1867585959697384,-0.7772953968890771,-2.7811149782664666,0.01147533483250542,0.04761409285542205,-0.21679498699456465,-0.4671756933738849,-0.047251889530946764,0.2802719065378732,-2.218319892182396,-2.218797287315872,-0.007195151325051396
6.736165523529053,0.9569267381336812,-0.36317048274704883,-2.8400514577857114,1.0356876926365223e-05,0.04678449331514642,-0.2155346253848294,-0.46717862359071044,-0.04727647804906641,0.2802540112327001,-2.218269532254831,-2.218767007846497,-0.007163781341214109
6.744153022766113,1.179255108188747,-0.3139961993719717,-2.945659272046448,0.0027271133184165307,0.05016531276478807,-0.21498525551703992,-0.4671756155540573,-0.04728314415664425,0.28019187419473746,-2.218197089659333,-2.2188225538091584,-0.007203178478126033
6.751964569091797,0.6470442056156913,-0.4760436153878356,-3.1763741088243567,0.0057501492638239735,0.040824735700577736,-0.2112310344686339,-0.46718349336470116,-0.04724910968712067,0.2801709016168964,-2.2183229198086876,-2.2186588228497794,-0.007081694378295911
6.76028847694397,0.8869517131208031,-0.8143072821473956,-3.0101114991605655,0.008956827774047788,0.04029854132510743,-0.21458128000070537,-0.467178123424033,-0.047267419860830585,0.2801330915082596,-2.218239942303832,-2.2186819375653566,-0.007135939331956096
6.768229007720947,0.8547142233300603,-0.8500840742670233,-2.905466081163779,0.008603361378132366,0.04302769676789709,-0.2147712134496873,-0.4671760456410743,-0.04726052327855077,0.28010467910907205,-2.2182593773422816,-2.218661295997626,-0.007097060481920624
6.776066541671753,0.9900454455582165,-0.6550668661521281,-2.7444093762120993,0.005311925160890779,0.043479049225719,-0.21201353129783598,-0.4672031088335688,-0.04727929876858909,0.28007887040080875,-2.2181096136395015,-2.2187414251965536,-0.006994953899087571
6.7841362953186035,0.6967634022231791,-0.4296089123496355,-2.9711129077863476,-0.0007655108891843223,0.036109535296744405,-0.2101339800530132,-0.46720388599199025,-0.04728306915699477,0.2800508471511576,-2.218128294460152,-2.21870501351768,-0.007011636885965997
6.792032241821289,0.9431124537798484,-0.7588952024084147,-2.9764306013468036,0.0113979332943353,0.04440513466028171,-0.21830321028072525,-0.4671977922172679,-0.04725323734698018,0.28003183972925794,-2.218162068755235,-2.2186295758317893,-0.007033900410944788
6.800037384033203,1.1220745909061238,-0.6388004021679778,-2.8510189038975593,0.006212541884420136,0.04761179150284067,-0.21374616387353004,-0.4671916611647721,-0.04725962633806224,0.27996762586761925,-2.2181980362021636,-2.218614760410322,-0.007056828648832238
6.80794358253479,0.9699642093725355,-0.4496047388763169,-2.922277709658649,0.0029440485597389556,0.04464349482048463,-0.21592221026365224,-0.4672050698614581,-0.04723480497307527,0.27998767028101373,-2.2181508374702323,-2.2185212517174815,-0.00694671305364355
6.815951824188232,1.026451365590056,-0.611559156593885,-2.9068068652921357,0.007192777591606168,0.04549762346596167,-0.21055914822254895,-0.4671988656139841,-0.04724932491252696,0.27992570079857154,-2.218159750009848,-2.2186406995818344,-0.00697552493300486
6.82398533821106,0.852464558169126,-0.44466791307482334,-2.9577845909244664,0.0012235496400572268,0.043915199534539796,-0.2075129501798224,-0.46719830263994333,-0.047250173209423436,0.2799248334051247,-2.2181357865517186,-2.2185658454846036,-0.006851434914207778
6.831983327865601,0.5723776488130721,-0.4633367710665352,-3.179952309006635,0.0010693572530888092,0.034979554033141784,-0.2132122006100624,-0.4672085929810108,-0.0472131114141367,0.2799051868841499,-2.2181375156011343,-2.218464432039667,-0.006972160155172679
6.840087652206421,1.044021476158322,-0.4559981688265766,-2.950885279267101,0.002063230849349859,0.04489652015427011,-0.2134727065102954,-0.46718703084161634,-0.0472704629774746,0.27982680147049854,-2.218156418642731,-2.218640044327189,-0.006930108909944044
6.848004341125488,0.6730626632256329,-0.5267743946590526,-2.9196141083461264,0.001925415294210074,0.03761018907039308,-0.21220060436478105,-0.4672156705342569,-0.04725339661434745,0.27986447875689746,-2.2181336354655494,-2.218529011982097,-0.0068047406032510326
6.855966091156006,1.2163441735532803,-0.749910118870686,-3.173360706700855,0.005391940495130849,0.05513969595354477,-0.21462817386751779,-0.46719515342180556,-0.04725962581178582,0.2797847810574612,-2.2181828525843863,-2.2185992115482356,-0.006927264785877797
6.8640758991241455,1.0788138290789546,-0.6747365045925727,-2.669094714139942,0.007052184466628667,0.046092562317437746,-0.20938658237716912,-0.46721400250932166,-0.047238270492554156,0.27979667657537216,-2.218096033027277,-2.2185098755321797,-0.006808933159312578
6.871885061264038,1.433589854217996,-0.9678255414356738,-2.64207533089882,0.014546658612617459,0.05614504272715049,-0.21869735849932065,-0.4672185003239081,-0.04724044260265441,0.2797660096863489,-2.2181049738701684,-2.2185038746180994,-0.00683325388095148
6.879983901977539,1.0399168359585726,-0.6264664988893069,-2.714389863169088,0.0016508242342832085,0.04816160707106769,-0.21981259520825247,-0.46721018574246775,-0.047263500949583225,0.27974284595603266,-2.2180657927920797,-2.2185648919697463,-0.006833038240683711
6.887984037399292,1.0668347846210418,-0.4781716419014121,-2.7910853249957497,0.002887276252237461,0.04599531961819054,-0.21745833226291475,-0.46722690436800235,-0.04724716294085731,0.2797442190285653,-2.2180430859947844,-2.218535100500169,-0.00677016981947242
6.895998477935791,0.9626715843373117,-0.4849374602089739,-2.8563357782620757,0.003894290775453618,0.041363493041569124,-0.2156596355622521,-0.4672320341350313,-0.0472230429717754,0.2796966107922262,-2.218170321040454,-2.2184162428195653,-0.006814653618337688
6.904037237167358,0.8410419742629021,-0.514817515621845,-2.92866877800844,0.005457262062457438,0.04029844837837675,-0.20677975569007342,-0.46721559675701724,-0.04723474218804662,0.27967357224895123,-2.21815451984833,-2.2184730607489094,-0.006829160852312901
6.9120259284973145,1.1714837941985776,-0.5732540329558856,-2.832411864117832,0.0029024796254526384,0.04770244090308314,-0.21394230079473806,-0.46722779843603446,-0.04724193300442159,0.27966177323885233,-2.2181064307036187,-2.2184459305644046,-0.006771218416619673
6.920145511627197,0.9008286404661919,-0.33575750553820544,-2.811286856997022,-0.0003175483833895571,0.04385900313861367,-0.21302641652662788,-0.46721888721573696,-0.047231760218879384,0.27966502463705134,-2.218123888651477,-2.218417124344763,-0.006707071378477192
6.9280946254730225,1.2659964679015892,-0.7932029633751843,-2.8030499903426893,0.007537588776422529,0.05350674114952697,-0.21803996859768643,-0.4672105110543987,-0.047239102049702525,0.27958551456053393,-2.218185599890259,-2.218526850007057,-0.006869531320037501
6.936136484146118,0.920672389334734,-0.5499160034136322,-2.830169262156981,0.003380280325477578,0.04380735491351962,-0.21615440739079692,-0.4672226320870063,-0.0472372142203736,0.27958051502931114,-2.218141101078414,-2.218436296421074,-0.006899627519812402
6.944105863571167,0.9552826060827596,-0.34114506096960845,-2.9550687080994686,-0.00157690378775896,0.04385645215840822,-0.21161939771111357,-0.4672339376912741,-0.04723865985008238,0.27954111554900973,-2.2181739659181,-2.2184700973928213,-0.006924438687630649
6.952061414718628,0.9894150196838539,-0.3098563911002309,-2.88733923401412,-0.0034107165783116783,0.043817032033864126,-0.21228118666807885,-0.4672200636949674,-0.0472282729579608,0.279512155989033,-2.218152923719892,-2.2185462014132518,-0.006928772138135083
6.960028171539307,0.978121527347998,-0.27594380779272143,-2.8477556086644618,-0.0029580611167950494,0.04366472938758842,-0.2143846273614066,-0.46721208956155735,-0.04723249440396049,0.27952055715066115,-2.2181344643955496,-2.218489108517763,-0.006821798885834551
6.968044757843018,1.0482903582374061,-0.46240485004713866,-2.8054322600201034,0.0026319537876246016,0.045923807289538696,-0.2157249316536784,-0.46720262511560856,-0.047234270254292055,0.2794421177250535,-2.2182308813477962,-2.2186069062350775,-0.006985259016624371
6.976009130477905,0.9760654961388194,-0.2536275091809401,-2.850092029140366,-0.004258174690620911,0.044579656735366104,-0.21495820671971275,-0.4671884186656225,-0.047257755146201695,0.2794601843617047,-2.2181386765028934,-2.218633060898367,-0.006943109464005726
6.984058141708374,1.0150918547351295,-0.3321668778094925,-2.7276954130729436,-0.0019986365635725925,0.03946281771864428,-0.21333140207159312,-0.4672085951219678,-0.0472288971240543,0.27942159025919416,-2.2182002782750727,-2.218576296409438,-0.00695426827267328
6.992004632949829,1.2794242546837642,-0.6877216454235043,-2.6756248421325464,0.006405419284162769,0.0492367227104665,-0.21561592151548525,-0.46720180019631724,-0.04723386795043189,0.2794193043629241,-2.218158174305274,-2.218588641630103,-0.006892242695557136
6.999943494796753,1.1122820360917463,-0.6849160492028461,-2.7189473630698875,0.007439145767401898,0.04844297162903048,-0.21507808368159204,-0.4672013767103378,-0.04721964325849206,0.2793902809367109,-2.218289571757298,-2.218521644854024,-0.006963705773014506
7.008142948150635,0.8150105264907516,-0.6989936327902752,-2.7257543891607745,0.009178183530023244,0.040979075575658004,-0.2218775330863508,-0.4671845945197117,-0.04724515392940298,0.2793817002882128,-2.2181650271456603,-2.2186231134481793,-0.006913920319930501
7.016136407852173,1.110670847542221,-0.605643876617713,-2.6885047393691837,0.004280196578213634,0.04748831876541555,-0.21436806600112684,-0.4671968995008877,-0.04722663072342053,0.27935875949759625,-2.218247665362561,-2.2185327939863284,-0.006970341272686965
7.023974895477295,0.67361292744385,-0.29007141882450727,-2.928781582072297,-0.0038925912694927757,0.03834120310062006,-0.20931806240811596,-0.46720023214310913,-0.047223383871228757,0.2793187537407099,-2.218245131532114,-2.218516598610746,-0.007043387624925795
7.031874179840088,0.7270915223719133,-0.5684392609745997,-2.962882242199076,0.003744179572289753,0.03907894573764298,-0.214749926965488,-0.46718265224712474,-0.04722518844101804,0.2792622120656288,-2.21833853863454,-2.2186271465840495,-0.007047446605876135
7.040036201477051,0.8743567154315557,-0.5077160261064128,-3.003493146971848,-0.0001414451814068832,0.042186234958517,-0.21582268876676713,-0.46719094674068706,-0.04723419567891343,0.2792747097761549,-2.2183092287048525,-2.218558693886965,-0.007020943636162476
7.047939300537109,0.9010537448006124,-0.3664211079060126,-2.8824839671853497,-0.002496010241562949,0.04403292703812914,-0.21024244756589233,-0.4671795574161912,-0.047241211025888685,0.27929108129154334,-2.2182548833672824,-2.2185435538366267,-0.006951573401019794
7.056112051010132,0.693543691619786,-0.47338676208167685,-2.942235624660737,0.005987233826090337,0.037120148053603995,-0.2174050535703894,-0.4671772361536277,-0.04723512113833301,0.27925458826562266,-2.218280426546617,-2.218604652819942,-0.007025453988698788
7.06393027305603,0.8753424828937577,-1.1447558579707182,-2.8793003835126285,0.016000651131114228,0.04185984580326445,-0.22137009864488552,-0.4671803367254919,-0.047242311368670964,0.2791982317405818,-2.2183078180964557,-2.2186533516755063,-0.007130817063285602
7.07193922996521,1.089708525411326,-0.6753436118425233,-2.9224808371458844,0.00749437506632109,0.04515716704517649,-0.21262478158264383,-0.4671676649028302,-0.04724322987985339,0.2791859319444717,-2.2183061225480625,-2.218640837679971,-0.007071347643964809
7.079934358596802,1.0055710973464236,-0.666216111697278,-2.753009185518101,0.00609386663509755,0.046469520152855694,-0.21661422106325248,-0.4671922504949031,-0.04723106927967976,0.279211715723488,-2.2182676182198096,-2.218631230445512,-0.007035144200228034
7.087996244430542,0.9977575778169151,-0.4469909645070486,-2.821417131253159,0.0009609445996956054,0.04516460255021664,-0.217311338533278,-0.4671835537820405,-0.047237078634909606,0.2792222081516895,-2.218314739174549,-2.2184946764222144,-0.006952068894828499
7.09616231918335,0.7703384976314689,-0.48022536216130984,-2.7629149994923643,-0.0012494202801165495,0.03688596716952493,-0.21687143235887069,-0.4671910735259084,-0.047243370539270614,0.27921089224516893,-2.218253542091726,-2.2185511382176513,-0.0069800968586611455
7.104014158248901,0.9919050764347981,-0.6935762031480325,-2.771309971725937,0.004112274209959752,0.045121159193984614,-0.21860102537526704,-0.4671954088341292,-0.04722221710337192,0.2792023681986379,-2.218246659224874,-2.218604776509579,-0.006950364649973551
7.112098693847656,0.8698956877895192,-0.5589220508426892,-2.8178404792755725,0.0038679782019024234,0.04101972262283568,-0.21765747479392095,-0.4671819410075454,-0.04725021827459209,0.2792097621803365,-2.2181929198941144,-2.2185955267649757,-0.00695032189889428
7.119989395141602,0.9687673843445975,-0.6377288255467979,-2.6770309502180805,0.004228620315630315,0.04426784827871754,-0.21634033011589768,-0.46719809870324996,-0.047214757742212406,0.2792093719332197,-2.218269278353419,-2.218477603415704,-0.006887577368992748
7.128016471862793,0.9889281351939837,-0.5808882228720197,-2.6981255277595695,0.003468337296839513,0.04382689731409128,-0.21804482992571372,-0.4672024550953376,-0.04724023475643292,0.27918866069348836,-2.218228997012867,-2.218572874396938,-0.006960224277904288
7.136113405227661,0.8842131145511473,-0.3559699779206341,-2.806964830694647,-0.0007830153859967605,0.04234364918249329,-0.2176411041173695,-0.4671999502099391,-0.04723921452201075,0.2791934646332097,-2.218210308959417,-2.2185543364469438,-0.006923578640751198
7.146203279495239,0.9673323327180237,-0.9012654663336745,-2.7932122255923852,0.009356854677532202,0.043815247002832125,-0.21458212232073984,-0.4671958222969047,-0.04722606807729509,0.2791643821764647,-2.2181920021321178,-2.218613946629227,-0.006971076305119054
7.154133081436157,1.0712692985198558,-0.636057868209849,-2.835192919542668,0.005987227947074737,0.04502694970391057,-0.21493352677308392,-0.4672044743965012,-0.04720869214476902,0.2791728343490635,-2.218229994956602,-2.218469126973264,-0.006943932078741611
7.162008762359619,0.3893924928590439,-0.17413295356941452,-2.4754704853662854,-0.005121023704870172,0.044316991485199055,-0.21268538614511956,-0.4671913294994941,-0.04724679445230394,0.27907948752597356,-2.2181595528177582,-2.218566937095834,-0.006939986374861746
7.1700119972229,1.1286376958790023,-0.54884271205528,-2.2509797922524024,0.006126579313808424,0.048778277985084974,-0.21413928662157228,-0.4671852964939942,-0.04723329207755112,0.2789829862679329,-2.2182198647812443,-2.2185858602093,-0.006958587012670051
7.177992343902588,1.4999650052239055,-0.7334337787839447,-2.7528581808225194,0.0061699225372628085,0.051581497487094966,-0.20711910677215872,-0.46716936693269606,-0.047233319583326404,0.2788910031577113,-2.218295092112301,-2.2185579477644035,-0.007078296351662875
7.185983180999756,1.330320793658221,-0.6171478060602075,-2.691904665251226,0.0039256069332726014,0.052437659042558926,-0.22206317279303442,-0.4671606034805026,-0.04723963547289517,0.2787726646898569,-2.2182745206964007,-2.2186606969025724,-0.007098662257228405
7.193963527679443,0.8711355450519302,-0.5377818781520396,-2.6016673705713345,0.0033911724333324563,0.04372451840062109,-0.22422197087883575,-0.4671675291571597,-0.047214592749888935,0.2786237572582264,-2.21845226953773,-2.218679471128312,-0.007208834126626377
7.201981782913208,0.5939725061677422,-0.23208634522116234,-2.925583909149976,-0.0005548740488918337,0.039116901474244986,-0.21373196511568013,-0.46716926880805615,-0.047227840193729796,0.278507531629993,-2.218478195595741,-2.2187424828999016,-0.007319992361112624
7.209933042526245,0.8306668104780767,-0.6733840853133599,-3.09125618668167,0.0029283523663482533,0.03709824856772639,-0.21473450709054753,-0.467159895395725,-0.04725244896564114,0.27842211523007176,-2.218354413225336,-2.2188817853170693,-0.007353670450968616
7.218082427978516,0.7155389122135198,-0.7054127561935475,-3.174648356302601,0.007080054854265402,0.036747429045663096,-0.21869702954479864,-0.46715926131742913,-0.04724186246421819,0.2783304891959767,-2.2185081010099275,-2.218809903394108,-0.007336958756593507
7.226051330566406,0.9834649980174601,-0.5094719215519056,-2.7643690517451835,0.002718094914843787,0.044369709457497734,-0.21610757275526896,-0.4671408942663095,-0.047226336342147616,0.2782316637640262,-2.218580953849578,-2.2188043932674426,-0.007391838521095976
7.236094951629639,0.8017455882657855,-0.6171683146693223,-2.7389188931260953,0.005405392320363607,0.04455647348476348,-0.2154585732621004,-0.4671510367021126,-0.047226197004608596,0.2781966968110928,-2.218502925358554,-2.218783052147989,-0.007363108150169785
7.24630331993103,0.8279824285035501,-0.5554577095979051,-2.9204698425874875,0.002805566491510838,0.042138790388299985,-0.21565871316103533,-0.4671307540792279,-0.04722010406081128,0.2781118824214964,-2.21850749186807,-2.2187631459100006,-0.007398541274077623
7.254152059555054,1.1870772019741231,-0.504500272865201,-2.7186358408469258,0.002477786829231496,0.05187290036226438,-0.2179860568663749,-0.4671353579328212,-0.04723223951672685,0.27797967419614455,-2.2185554787628883,-2.21877101134708,-0.00740656191581965
7.262065887451172,0.7189724331311891,-0.31177130274216663,-3.057998861276729,-0.004325987000594987,0.041233008663423346,-0.21449883336108758,-0.46714047108279566,-0.047229454694658835,0.27791686085350314,-2.2185114959394254,-2.218756004205673,-0.007374484978323903
7.270246744155884,0.9366586634728585,-0.6231403632852257,-2.882282822575517,0.004788656540335151,0.043100693810677736,-0.21144174654301723,-0.46713466313956314,-0.04723644171782696,0.2777743970406401,-2.218521164580193,-2.2189608179281843,-0.007495861007918959
7.278061866760254,0.8451723178821275,-0.7161665532943109,-2.9006944860106327,0.006849864687677645,0.0392576112643137,-0.22151677227313923,-0.4671440577892556,-0.04725773224903159,0.2777436077964555,-2.21845967189048,-2.2188783403719183,-0.007313649750360192
7.286251544952393,0.7042505831399054,-0.8793059343040622,-2.8374509828615544,0.009348003028183368,0.034738260268851996,-0.21413698666905082,-0.4671501469733179,-0.04722179948280664,0.2776564645724785,-2.218558643476511,-2.2188004324878885,-0.007305139990671928
7.294183969497681,0.9761631863534171,-0.5693488196494673,-2.916710533968586,0.003641044164545889,0.046406667953885566,-0.2166068885238459,-0.46714253306597525,-0.0472347313618933,0.27757110201538965,-2.218437708450832,-2.2188692648377426,-0.007491785832830576
7.302042722702026,0.7479751882287621,-0.4140209518306008,-2.7534035029339456,0.0016042064075083194,0.03971928210461504,-0.2141267696354442,-0.4671540358914026,-0.04724281543494472,0.27753939948906636,-2.2184222772546813,-2.218788319717842,-0.007290556078962635
7.310206890106201,1.058769534146592,-0.46230451183394705,-2.8835176562517715,0.0031494605030094494,0.046328722437391646,-0.2184731635346431,-0.4671566292071467,-0.04725987550574759,0.2774447703335606,-2.2183854711941366,-2.2188812516721512,-0.0073551963614189066
7.318193674087524,0.969337026733474,-0.7357570409227521,-2.7642309722460388,0.009220638105870971,0.04512103047410392,-0.21604084911895108,-0.4671685942345094,-0.04721723345071113,0.27741812234092667,-2.218450570548764,-2.2187015830302514,-0.0072576297978828325
7.326106309890747,0.9135086700168863,-0.5131644886543199,-2.739421939944375,0.004485235536984532,0.04414166699870906,-0.21294622247306452,-0.4671586599065131,-0.0472184335887765,0.2773603253136098,-2.218413334487287,-2.2187141484574675,-0.007254681094652216
7.3341522216796875,0.8869636722437068,-0.35534804704269213,-2.7551018704925814,-0.0007521793283642082,0.04017721497601379,-0.21769770573287855,-0.4671450829587301,-0.047241765998585226,0.27727448768560314,-2.218466175225559,-2.2187388372269794,-0.007312136050535044
7.342092752456665,1.1669544767831987,-0.8797133288703594,-2.715983775202562,0.006798770090738973,0.05039095046064198,-0.21371514920509038,-0.467138083560374,-0.047241182472404324,0.27722944557793083,-2.218425468879739,-2.2187656930651483,-0.00723767582936056
7.35005784034729,0.8494511776198248,-0.5937470806602223,-2.8827438266726464,0.0021471962496014364,0.041949758550271526,-0.20699025248327232,-0.46714154865134705,-0.047241969605344256,0.2771549950654992,-2.2183831771553773,-2.2187829644103907,-0.007296953888085031
7.35817289352417,0.8273076231426897,-0.41790873723204713,-2.871764890068061,-0.0004032240270722341,0.04199573955400323,-0.21619356829805658,-0.4671580177579776,-0.047229259912648036,0.27712085358081595,-2.218452214899099,-2.2187085437149343,-0.007203783896512481
7.366055727005005,0.8796015654798242,-0.5158581563941138,-3.136421809631016,0.0015607929805521194,0.04253268640900471,-0.21419077708633757,-0.4671848048719538,-0.04724245554026883,0.2770789667666595,-2.2182835435613453,-2.2187510429019457,-0.0072181404362561055
7.374254465103149,0.8625132213555129,-0.4760668537450859,-2.7437612663975375,0.004258848418349827,0.043892969094511194,-0.21247727979612147,-0.4671732013817881,-0.04722027053467142,0.27705771857057426,-2.218357984906294,-2.218618592332736,-0.007109370997590528
7.382098436355591,0.8946443537559408,-0.5723177520241758,-2.715009241809733,0.003010466593496571,0.0422935198459039,-0.21774011833769172,-0.4671769073668235,-0.04723481450122102,0.27698298006176064,-2.2182479179128647,-2.218763531406213,-0.007171847674484411
7.390122413635254,1.0083990027928562,-0.5888407737613678,-2.6574753226109786,0.005128521963587127,0.0422518348301688,-0.21446127772916157,-0.46717020450017854,-0.04722953735520184,0.27692236584545316,-2.2183984044097076,-2.2187127375750375,-0.007154943234025995
7.398256778717041,0.9942780566738568,-0.7980272569041467,-2.7211576377756566,0.010636413971597043,0.04451532648325849,-0.2183790412735416,-0.4671570864563545,-0.04725003043162353,0.2768723590665812,-2.2183290688997697,-2.2187584953258845,-0.007158429766531377
7.406084299087524,0.8736776862242946,-0.7349256864182903,-2.683172450163497,0.005671240309081905,0.041861293721136714,-0.21191515779947326,-0.46716079694045676,-0.04724930295885975,0.2767999840239499,-2.2183273425117678,-2.2188031226570915,-0.007258946218882452
7.414021253585815,0.8247021938727391,-0.5137523854226017,-2.9888919970524515,0.00463132025050042,0.03897150804005717,-0.21460811081250342,-0.4671769915826317,-0.04724713350299626,0.27678328865872165,-2.2182295112733774,-2.218794533641132,-0.007122389412584721
7.42215895652771,0.958832644180246,-1.051678834291586,-2.728177131115995,0.013482752808461422,0.044486583375302424,-0.21160673285633505,-0.46717805916707794,-0.04721938886903257,0.27675108388004993,-2.218327924622596,-2.218681267082088,-0.007182179889073797
7.430141925811768,1.2684056382383988,-0.6768329974757166,-2.9000236437950235,0.004399256735505385,0.04957765430708533,-0.21597113678561966,-0.4671606007400661,-0.04722874923927917,0.2766515743703589,-2.218393749753191,-2.218801242943242,-0.0073142545416441
7.43818736076355,0.6327826785015408,-0.30159635724867095,-2.984627243309176,-0.0010995318721265888,0.037640176524231954,-0.2052625098139747,-0.4671740597625155,-0.04722181768800488,0.2766609232799846,-2.2183601878326775,-2.218658555670725,-0.007161948065756104
7.44826340675354,0.6759224584801355,-0.3339869662645444,-3.08519640601287,-0.0002564467255455427,0.0381809400848623,-0.21185805565947377,-0.4671626421813307,-0.04721019010927326,0.2766008635985484,-2.2184039781740683,-2.2186764314842367,-0.00724795342602771
7.456149101257324,0.8585710688856147,-0.31182165094525516,-3.013106509079121,-0.0022790966092461726,0.041735693150738704,-0.2035122061917013,-0.4671767431388021,-0.0472452314000565,0.2765706657632816,-2.2182386803261744,-2.218757152407351,-0.007150562354510406
7.464197874069214,0.7475851838610167,-0.5878971415596672,-2.4624392097632914,0.0020311080700553385,0.044626541249614064,-0.21920856139189246,-0.4671819066387377,-0.04722485302359157,0.27653977391322704,-2.2182542338655407,-2.218588423902069,-0.007089688414873741
7.4722185134887695,0.8905109150020978,-0.47420791275733587,-2.6645160806573993,0.0014552535350505706,0.03982726114495275,-0.21493389355460632,-0.4671547430765209,-0.047228495820106235,0.2764535385721389,-2.2183312168625537,-2.218622767522396,-0.007066538460784485
7.480137586593628,1.0109218910637965,-0.5955576537171022,-2.825697491235748,0.003265154008015714,0.045279492858672735,-0.21715419343636524,-0.46716274027348664,-0.04722608632297835,0.2763386619554268,-2.2183295061129096,-2.2187036019147146,-0.007171155431547234
7.488235950469971,0.6560623885250398,-0.4634272310949322,-2.958128131459875,0.003629334194782171,0.03296911781175745,-0.21388136519680218,-0.46718019647650827,-0.047234487787997374,0.2762258381770552,-2.218332196087157,-2.2187656965510096,-0.007221115016044463
7.496308088302612,0.7320436051986127,-0.09559823439971507,-2.991245224388118,-0.006430676100246695,0.0400029330497593,-0.20948379390767866,-0.4671907845009792,-0.04723336982148151,0.2761690580529576,-2.2183227836647643,-2.218738544211626,-0.007142650206269479
7.504138946533203,0.5854673872180013,-0.3621051771061207,-3.0691282676660587,-0.0012186599427883875,0.035111351261991636,-0.21375778738348833,-0.4671784519936999,-0.0472248273183756,0.27605361743443624,-2.2184295544304553,-2.218752152404806,-0.007273332051256694
7.512248754501343,0.9402569904345071,-0.7413048615505264,-3.0050757653929394,0.0065202337719482625,0.04216005323446673,-0.2160167727449762,-0.46716892644997193,-0.04723103457899078,0.2759789518336749,-2.2183982539266345,-2.2188134237301833,-0.007245467371157477
7.520321607589722,0.7463044877777458,-0.5353263545429382,-3.0245026863126148,0.00020839029264957864,0.036484448472907265,-0.21292674363224634,-0.46715649719651864,-0.04722982644098377,0.2758918610958846,-2.2184176869890084,-2.2187861889005918,-0.0072693219965997485
7.5281760692596436,0.6661779422212916,-0.6633474555397867,-2.906841164062267,0.006670511007246528,0.03650924578449603,-0.21045142573683545,-0.46716993844948246,-0.0472357758040849,0.27583551135632556,-2.2183726692012757,-2.218761409377051,-0.0072400198175497634
7.536180019378662,0.8315106484728072,-0.7163763410456676,-2.876734275030688,0.007728053548370335,0.04247361786091443,-0.21622634791239548,-0.4671494328390977,-0.04723593817218022,0.2757555308507724,-2.2184269209675778,-2.218749496135935,-0.0072797119394972685
7.544244050979614,0.7125396062967834,-0.578202532614361,-2.8375047275330023,0.005225905950349368,0.03861700304334556,-0.21452141104042155,-0.4671807811600342,-0.04720614582615277,0.27572872987152147,-2.2183665501208782,-2.218671837564372,-0.007161537505026797
7.552221775054932,0.6314485894995465,-0.32736936393821403,-2.9517937756841097,-0.001692556872399241,0.03386827113506422,-0.20901537329446326,-0.46717182820179465,-0.04722588141872465,0.27561856762413806,-2.21838026061903,-2.2187723867364255,-0.0072002393556849205
7.560152530670166,0.5600971886425472,-0.08917582938480936,-2.9596591231650247,-0.007245768120206716,0.03418043266586272,-0.21317036709546897,-0.4671761547622065,-0.047211094855679356,0.27558108778465007,-2.218421227189896,-2.2186572133383633,-0.007223470661633787
7.5681257247924805,0.8782287143291994,-0.5360351619375219,-2.815242960241088,0.0014159613365125987,0.043353882155635064,-0.2144617747701379,-0.46715882291321026,-0.047219877741354555,0.2754819750938983,-2.218360933897973,-2.2187828663408844,-0.007316889608795844
7.580066680908203,0.4727844768576633,-0.47735341970933415,-2.890380259621739,-0.0009517437852089997,0.0342342774401975,-0.21349314449373452,-0.46719858226777894,-0.04722251631441054,0.2754344096309981,-2.218390512506467,-2.218756841768676,-0.007273133717540785
7.588302850723267,1.066282717630146,-0.8146007730676651,-2.917258072127827,0.012505612219322188,0.04677004983771498,-0.21618373948574593,-0.46718406049713607,-0.047238289780632825,0.27535050576733333,-2.2183152406325437,-2.2188246690873483,-0.0071671616249340125
7.5962324142456055,0.8843446352943698,-0.4153942086773675,-2.3821783237585934,-9.794809084594274e-05,0.04261579991496475,-0.21929631685596013,-0.4671691396934602,-0.04722975249246096,0.27527291931618075,-2.218341533231694,-2.2188065688380862,-0.007323682871434434
7.6041905879974365,0.8995260288913511,-0.6946652687500616,-2.874616399666173,0.007790477803734327,0.042106811225125655,-0.21597510316288826,-0.46717740986865536,-0.04723609175088414,0.27519295997654425,-2.2183104002049423,-2.2188409509482994,-0.007222437001234605
7.612245321273804,1.0717634949532335,-0.5156074845073073,-2.84688040514104,0.005444719108721523,0.04869189709551604,-0.2184878710713336,-0.4671781437363352,-0.047225585320796154,0.2751019282193331,-2.2184067109227494,-2.2187668479678897,-0.007220082744898891
7.620156288146973,1.1110163084350937,-0.6892686231817957,-2.7473013366815002,0.007358506948075841,0.04944955526240962,-0.2173889318647722,-0.46718125268254834,-0.047210811146380094,0.27505082116170987,-2.2183343043379407,-2.218708515467096,-0.007181476334643059
7.6282501220703125,0.8938170498448436,-0.7172874209700209,-2.7379808733477446,0.0082975194485858,0.04495104195944525,-0.21942047271103826,-0.46719393617631405,-0.047224835024179276,0.2749848029842742,-2.218256263963788,-2.218779057602182,-0.0070878119672796135
7.636168956756592,0.9481054858492475,-0.8921893043412117,-2.8164980750307795,0.006392215764244276,0.04419976435007367,-0.2165452947101586,-0.4671687412450941,-0.04723167671174805,0.2748605590286865,-2.2183891019476514,-2.2188061775485406,-0.007239445581714678
7.644256353378296,1.0499194930007938,-0.6449578599587645,-2.604104844669906,0.003699257365617597,0.04600944032225916,-0.2150853334559703,-0.4671756120751571,-0.047246184077312764,0.27479763589647677,-2.2183089161119254,-2.218838352250623,-0.007233070728943031
7.652137756347656,0.859492948306649,-0.3403588081923689,-2.9018195559836095,-0.002453502409294679,0.04189805830023806,-0.21660854997322287,-0.4671787017774937,-0.04720387556565671,0.2747341464452032,-2.2183389605597004,-2.218764884957422,-0.0072602970962179075
7.660160541534424,1.0340402300237004,-0.5293561796786271,-2.926440392091962,0.0021351561843051575,0.04630772766011016,-0.2139794886263049,-0.46714996135346903,-0.04723376449542893,0.27461174611226313,-2.2184288050946837,-2.21883171405521,-0.007354806010259567
7.668072700500488,1.0332745469988902,-0.5989664434247398,-2.773942559604658,0.003119378813040565,0.04695701563397038,-0.21432596045132293,-0.4671816341621596,-0.04723114022731927,0.27462718459908886,-2.218322874462752,-2.2186853099991484,-0.00721623464429483
7.6760923862457275,0.9369682573928917,-0.715478415585255,-2.699356131147082,0.0077366857316454605,0.042721339931174045,-0.2171098469781313,-0.46715495221759423,-0.04721712456231994,0.2744893714647147,-2.2184074322106375,-2.2187737547603223,-0.007320321313683053
7.6840856075286865,0.8593976728470704,-0.4864455528172575,-2.524041133436899,0.0025995887220973137,0.043048645784254956,-0.21819401247415304,-0.467156870603258,-0.047222966092641504,0.2744525407684509,-2.2183435771362645,-2.218862208266702,-0.0073547981135990495
7.69213604927063,1.0415791093730171,-0.6391531058009988,-2.7966139423792553,0.0052082669715887734,0.04685672077995632,-0.21574715892694465,-0.46717931416066877,-0.047232157700439405,0.2743823560671421,-2.218359712818289,-2.218794278103563,-0.007299826170847118
7.70018458366394,0.7786110066133102,-0.3081743706483406,-2.796516474157214,-0.0018935365237716189,0.04060476982134933,-0.21842512155487684,-0.4671541166854461,-0.04723564545666232,0.2743158491525184,-2.2183086265462815,-2.2188375632896973,-0.007345980634273883
7.708262920379639,1.4247060472444035,-0.8828423499218695,-2.8030511029259806,0.011205567044457548,0.05219907327412744,-0.22179016669767251,-0.46715828279349714,-0.04722092097654528,0.27425719375229074,-2.2184170622485593,-2.2187820469000434,-0.007260516431668768
7.716111660003662,0.8499055063761277,-0.17160140432141616,-3.0013753255427615,-0.0049433800251863945,0.041232663007305416,-0.21215750841112016,-0.46716010521433715,-0.047239494223419956,0.27418716736658144,-2.2184704311144343,-2.21882746387027,-0.00737112280170552
7.724226474761963,1.022449417798592,-0.8587276103009197,-2.9161341965964698,0.011679495364851545,0.046114205027614284,-0.21656692255951215,-0.46715537693784576,-0.04721392674320855,0.2741684550855499,-2.2184038848662824,-2.218708527254642,-0.007340352604658666
7.732235431671143,1.3627865362712237,-0.7178342988903145,-2.7819916171653483,0.006100582905216624,0.05423588149293674,-0.21750671528850402,-0.46716452353176735,-0.047218037350618344,0.27410659120387965,-2.2184023327961717,-2.218745991454471,-0.0073255719604159225
7.7402002811431885,0.8425219519976711,-0.5489580643713676,-2.96962176575192,0.0032711134279598073,0.04115272195117936,-0.21853383885963193,-0.46715563965263673,-0.047194561386176254,0.2740565307203172,-2.218486925306852,-2.218701157140702,-0.0073012074087921396
7.748325347900391,0.8943059865256603,-0.7346016148066936,-2.839459219364675,0.009445564546848795,0.042563177401408026,-0.21842585730337785,-0.4671576782359322,-0.047215161944883746,0.27402461086237706,-2.218345548066189,-2.2187454677079326,-0.007262431816477021
7.7563090324401855,0.6315855560140657,-0.6731418441773291,-2.8818430424098054,0.009240048360004197,0.038466041794633206,-0.2193382795414793,-0.46716566465443554,-0.047218743735138076,0.2739766200385092,-2.2183827166028203,-2.2187311518720056,-0.007287980466164139
7.764237403869629,0.8062065947384022,-0.7626582781451825,-2.731313837502475,0.007747826890216698,0.039642609014997464,-0.21347382020169542,-0.4671903181460885,-0.047212006237635135,0.27397134013347074,-2.218357364711445,-2.218679255124857,-0.007125803476020669
7.7721107006073,0.9406497363720343,-0.5698130432948265,-2.744778152713905,0.0025558157598439112,0.043958807173529284,-0.2134793100808845,-0.4671750511408121,-0.04721575135757693,0.27395260363914165,-2.218246656900863,-2.2186861328422522,-0.0071112370104852475
7.780122995376587,1.2111783663881905,-0.6722207156454713,-2.719234524961705,0.006063547060846358,0.04831639115164953,-0.21844604054455022,-0.467159273787588,-0.047216899324636984,0.27386752560771715,-2.218368117406523,-2.218699551769972,-0.007250016955110964
7.7881293296813965,0.9317625373550111,-0.4967088087740143,-2.8471060319315002,0.0022316292009321383,0.04369996105832244,-0.21646760813296856,-0.46716521602019295,-0.047214600932333387,0.27380632130876265,-2.2184194176686076,-2.2187324591837805,-0.007259550037339855
7.796173810958862,1.2875019428310146,-0.40878828873004225,-2.8065218827367375,-0.002082990244116405,0.05211643448092672,-0.21469525317354607,-0.4671774123913802,-0.047209572136637075,0.27380951006200627,-2.21831813919687,-2.21866894955611,-0.007186953140138932
7.804222583770752,1.049493486207981,-0.6350132526588603,-2.6051540275079135,0.006925934208599172,0.047578077522875926,-0.21507000897302322,-0.46718519092223604,-0.04720659875385032,0.2737734100784356,-2.2182945622123653,-2.2186392490808315,-0.007217199518625618
7.812142848968506,0.7917017173769471,-0.41860127807999314,-2.7460716069290583,0.002279263591317207,0.03866742673669317,-0.21389055993198772,-0.467192961222663,-0.04722719749491939,0.27378329898498804,-2.2181600223159235,-2.2187092644378383,-0.007078757699899013
7.820096492767334,1.0506409257016025,-0.5132785743328767,-2.71029768885578,0.004651941572881403,0.04665960583174878,-0.2197549428759316,-0.4671837873207977,-0.04721030706003494,0.2737410291720635,-2.21829479527676,-2.21864101221031,-0.00711510998020328
7.8281049728393555,1.19405177795437,-0.7024941002827796,-2.803038427270296,0.006383610978836446,0.05027783430648173,-0.2150538322551125,-0.4671822988581327,-0.047206051051642835,0.27368871128611205,-2.2182700241888162,-2.218659116938882,-0.007172551449574068
7.83612060546875,0.8684751807711192,-0.5696690356574722,-2.8120793368948154,0.0033411817516271723,0.04450161004352158,-0.21179296412755116,-0.46718868966205357,-0.047236076209122214,0.27367358337930514,-2.218224344292922,-2.21867357136744,-0.007092668030727554
7.844235897064209,0.9671269933768261,-0.3119756915669141,-2.7922488387217923,-0.002505101878306848,0.04313712199923453,-0.21934881894092456,-0.4671932261942155,-0.047195846556998024,0.27364011632502716,-2.2183246878076797,-2.218591813555748,-0.007137184453357187
7.8522047996521,0.8618864975427403,-0.4348026608783969,-2.9974959973319693,0.004208872500490457,0.04196206275927252,-0.21590339890892746,-0.4671853761705195,-0.04722369544542981,0.27360046364449997,-2.218342061640418,-2.2186568525948207,-0.007128416865281707
7.862133741378784,0.7295347443205044,-0.4177612729429092,-2.8306662729839767,-0.00234666154735303,0.0411257398269706,-0.21501588961136664,-0.4671942206108876,-0.047214710006860734,0.27359674693513336,-2.218232587115468,-2.218624290233841,-0.007097723815001129
7.870084762573242,1.2455546651326481,-0.5608817340777575,-2.939659932410191,0.005044716981015361,0.04902524838937867,-0.216150277181798,-0.46720181009860434,-0.047219129658493765,0.2736089381268227,-2.218125597930296,-2.2186077826731556,-0.006956883239053635
7.878129482269287,0.7197306869898203,-0.5346003701927435,-2.9321490159865506,-0.002742419026409608,0.04653108273063507,-0.21645384456003536,-0.46719928974320774,-0.04718233943518899,0.27348460738676444,-2.2182796754444665,-2.218556796431995,-0.007110535426488075
7.886110305786133,1.4217205773142327,-0.3810017644783869,-2.611008667278652,0.0019020690807627137,0.05609162442386296,-0.21780758764765898,-0.4671692252254152,-0.04721582807015651,0.27337022174648684,-2.2183191191618294,-2.218667334297855,-0.007153636992080524
7.894207954406738,1.2287467127062421,-0.7038083179094504,-2.7718506496285817,0.004727604135266322,0.04716523387618195,-0.21958674174279008,-0.46716146496158234,-0.047191486975763496,0.27327785914344127,-2.2184045780315134,-2.218595059734618,-0.007192579064495113
7.902210712432861,0.9432072218976155,-0.35732734110121195,-2.799460585154889,-0.0025002146480302668,0.042864162558040264,-0.21201910877395574,-0.46717031860878316,-0.04721994746863335,0.2731711919112063,-2.2183016958560544,-2.2187852312237126,-0.0072089407634008725
7.910209894180298,0.8481271151403551,-0.511712244999872,-2.854781529794872,0.004313845870959103,0.0447896938829328,-0.21235649101472484,-0.46717728124474284,-0.047189650546313924,0.27307948586215647,-2.2183868757577376,-2.218645893548459,-0.007317342134130102
7.918144226074219,0.7419370678280564,-0.38125677044739853,-2.897321562394981,0.0005854566252193329,0.0413228854437877,-0.21544361037503892,-0.4671616254413245,-0.047215655390229504,0.27294964398211885,-2.2183549678885806,-2.2188241123240156,-0.0073610592949384405
7.9262306690216064,1.0415428775918627,-0.9173907428957041,-3.0704493953797596,0.011343033237105844,0.04452210072392562,-0.21710961826493633,-0.4671504711566974,-0.04720705147465122,0.2728646234080451,-2.2184814931117605,-2.2187862043031172,-0.0073496548309917266
7.936359405517578,0.9978264279245461,-0.7775079843599988,-2.9732500427688286,0.010723617696331064,0.04450974636065788,-0.2176527062860406,-0.4671801260760905,-0.047200438129078474,0.2728065501658369,-2.218427725470472,-2.2187221759226285,-0.007306299317981327
7.944172382354736,0.8622541528400488,-0.40447805955616584,-2.7306428546919945,-0.0003919077393699713,0.04288593496156712,-0.21630505547053303,-0.467157147822131,-0.047234486423534124,0.2727144937172529,-2.2183597980108325,-2.218860551738536,-0.007269850409850769
7.9522364139556885,0.9519205557588749,-0.9450773405173735,-2.5494613406067965,0.012797478583861531,0.045572727734528994,-0.2199666572686269,-0.4671421731278972,-0.047228069135049525,0.27262162095769216,-2.218384502296269,-2.218826236176603,-0.00726028501935596
7.960233211517334,1.028513477371106,-0.4821956595511865,-2.635411652645408,0.004053202526383842,0.04740861565453081,-0.21697562203311935,-0.46714769926478217,-0.04721132135256301,0.2725459700432486,-2.2183754370460593,-2.218792488377617,-0.007243046989365247
7.968096494674683,1.056940807629963,-0.5715956339861401,-2.7968552652947425,0.0031491744944709063,0.046877791311584524,-0.21085571726630106,-0.46716068481024736,-0.04720534442306144,0.2724695859834278,-2.218392122994717,-2.218775884828088,-0.007209545419021849
7.976217031478882,0.9940255233987639,-0.37499979974393993,-2.860822003145595,-0.00043690185139486125,0.04339102487847534,-0.21322552807902004,-0.46714674218437213,-0.04722329175488578,0.2723754929267479,-2.2184063901186573,-2.218828850162973,-0.007296230749349858
7.98413610458374,0.861063345572077,-0.2444654603172588,-2.885485896893075,-0.003130489447619142,0.04409099802976071,-0.211329154271235,-0.4671552044445033,-0.047207379216219036,0.27229402219962084,-2.2184558740965046,-2.2187520088157724,-0.007329840947147515
7.9920971393585205,0.5248538597996,-0.5751719320490596,-2.893791202496923,0.0050365247939729895,0.0338953734199474,-0.21213841461333968,-0.4671514051330459,-0.04722309290447464,0.27217718960612736,-2.218414146018506,-2.218879902670993,-0.0073760009041068456
8.000180721282959,0.945749743775622,-0.9529041189142429,-2.8954602303199257,0.010001966138454658,0.04392968811278075,-0.21996176792293132,-0.4671488015423484,-0.04721442921063067,0.2721103100018488,-2.2184377426938275,-2.218829475785331,-0.007452194941940235
8.008296728134155,0.7706076930062921,-0.8432223664493622,-2.912802953673056,0.009534388165350443,0.03835344549782489,-0.21351194076132532,-0.46712073572426477,-0.047215921409786615,0.27200117515960676,-2.2185273797879552,-2.2189127692826247,-0.007478505341657969
8.018137454986572,0.9731876808580129,-0.4105162929688701,-2.890219302701809,0.0019140699087809244,0.044815913206884425,-0.215170478553509,-0.4671600122537384,-0.047235390950513975,0.2719548784167003,-2.218357042402299,-2.21889390898839,-0.007410692632202361
8.026196002960205,1.0260506845572104,-0.5681470534494674,-2.7625537675578093,0.0018885808259796358,0.047103173806745294,-0.21720404473034718,-0.4671601709151844,-0.047211542486248106,0.27189010236807276,-2.2183859035139744,-2.2188449506469077,-0.00734554549856303
8.034088611602783,0.7115547675965396,-0.5740069289486528,-2.647201503752882,0.0043644847979026884,0.03976474853829939,-0.21148179717514642,-0.46715941642736414,-0.04721031965584759,0.27183850171584073,-2.2183248790556114,-2.218808485005141,-0.007300506225839805
8.04210114479065,0.9537856867600032,-0.8207574214539616,-2.5073735145103058,0.010995324215157852,0.04424205298738955,-0.2136933112638802,-0.46716216986663933,-0.04720445200899786,0.27172463720912754,-2.2183840598088995,-2.218822265167132,-0.007393950854864638
8.050109624862671,0.9919498829048679,-0.7912800608577282,-2.836854784767018,0.008721693189873378,0.044937147821248045,-0.21793292587362875,-0.467143379654622,-0.047230075714936454,0.27167451623873945,-2.2183702722635217,-2.2188372570059784,-0.007267045503079481
8.058081865310669,0.9525550387127525,-0.8565007542805188,-2.907776990953622,0.008982646904431393,0.04086496969816836,-0.21386161913172252,-0.46715577066849184,-0.047223846449818925,0.27157963442427246,-2.218335855112463,-2.218858713913522,-0.007333299032184927
8.066143274307251,0.8491822121927995,-1.083366647741609,-2.86893851166471,0.015237833911432254,0.04102157205334946,-0.21734998770630856,-0.46717118411163383,-0.0471978970087799,0.2715092342716995,-2.2184281557981773,-2.2187716055610656,-0.007271984391776619
8.076083421707153,1.146052421106861,-0.6585851803361908,-2.744821820413639,0.008442073333809166,0.04846119596692013,-0.2170837565220967,-0.4671629666069937,-0.04720109376654455,0.27142616538700154,-2.2184502591149746,-2.218743435520607,-0.007354587466528717
8.084080934524536,1.1602209046515104,-0.5159187946755157,-3.033417544703392,0.00018098513916600746,0.04749175919946248,-0.212822348510908,-0.46716822111976064,-0.04721919685658845,0.2713056826053414,-2.218389266317058,-2.218849315778729,-0.007346238119645808
8.09209156036377,0.7356468392733022,-0.7809866997370152,-2.8341296086888836,0.010108311165716604,0.039785245606674555,-0.21661019764412098,-0.46716044509970467,-0.0472207868094877,0.27123520622670194,-2.2183682260099995,-2.2189216401071388,-0.007320238411331998
8.100130081176758,0.9344156560535885,-0.6083787776567392,-2.6993128610204016,0.0060861807058551235,0.04490080391062651,-0.21738101728592102,-0.4671485693711329,-0.04720572291845864,0.27116901941462734,-2.2184678450329187,-2.218822453507233,-0.007365399892072879
8.108078479766846,0.9005906994040247,-0.5373798482352297,-2.7099502037408985,0.002003284516444416,0.04310182955263567,-0.21779636006321226,-0.4671646699705353,-0.04717731143067591,0.27110697105899123,-2.2184555097924203,-2.2187754821880032,-0.007335863474659014
8.116106033325195,0.7650638794600914,-0.313521360365712,-2.9766177145079777,-0.002534882604095396,0.0405293002941368,-0.21401521996230083,-0.4671661191606517,-0.04722345482543793,0.2710833215886018,-2.2183374611980553,-2.218824701781566,-0.007299751862150915
8.124062538146973,0.7265213384370145,-0.29216613221517773,-2.8663698736449397,-0.0021636381323952496,0.03586642144221909,-0.21141582738162973,-0.4671532333480169,-0.047206367423923895,0.2710080691969757,-2.2183753510584254,-2.21878300307255,-0.007244981325489048
8.132165670394897,0.8624604661602319,-0.47883245164479354,-2.7676434109100962,0.0030365942339098243,0.042322560793756486,-0.21576596386091187,-0.46715497635857284,-0.047216909718817486,0.27092246415750476,-2.2184249238045597,-2.2188715217054282,-0.007364462788574787
8.140235424041748,0.9648021004647566,-0.648708306489015,-2.7515645563555653,0.004054012208436494,0.043947287641967314,-0.21615996324653675,-0.4671582149922898,-0.04719281129371964,0.2708489480866108,-2.2185216473326355,-2.2187815698808526,-0.007313334127641579
8.148315668106079,0.8286014275060269,-0.3337400018010426,-2.8030911682729855,0.0016778866711430601,0.04028313593534064,-0.21268855377998752,-0.4671316918662197,-0.04721965142190464,0.2707773476125629,-2.218466884010713,-2.2188814151715635,-0.007363474150947502
8.158167123794556,0.9478535570663116,-0.5962807602661123,-2.831678320515852,0.0027549778639613517,0.04442066510712344,-0.21923299314856812,-0.4671565049540571,-0.047218919813560786,0.2707790089073746,-2.218373881777853,-2.2188652245423586,-0.007247962613913321
8.16630244255066,1.0133067010344563,-0.8004997502703268,-2.800029013681234,0.008766284528904076,0.041809748592155374,-0.2204933514244996,-0.46714099133601045,-0.04720431091220602,0.27066422989952454,-2.2184321998230576,-2.2188874765037787,-0.007424562112354382
8.174148797988892,0.7528409348240338,-0.23897659560192183,-2.680934662468624,-0.0016586191397824602,0.04293571797126376,-0.2113483697993919,-0.4671453538274047,-0.04720628933354241,0.27064355541051155,-2.2184024511809115,-2.218786496503161,-0.007275483092680292
8.182200193405151,0.822455021284963,-0.4075440540801921,-2.841119665887125,0.0028590584236547305,0.0425411373512508,-0.217704856975889,-0.4671389363263548,-0.047205234448639374,0.2705213299269266,-2.218370219407079,-2.218884695243071,-0.0074088961864516596
8.190115451812744,0.9956285041787,-0.3344263570765365,-2.974883140436991,7.317365703014755e-05,0.045757855592170556,-0.21053409594853734,-0.4671689966656696,-0.047191352311541895,0.2704596695358883,-2.2183866919410864,-2.2188127106131685,-0.007305799664677548
8.198065996170044,0.8534444839164029,-0.31314214501553284,-2.902716178683698,0.002960288634651862,0.04158201451893245,-0.216520974962836,-0.4671476740100062,-0.047232913289232875,0.27039210050383633,-2.218295883291896,-2.2188538283489505,-0.007248671099403454
8.20616364479065,1.1472487403937794,-0.2813367551908907,-2.8510583413388257,-0.0008048130729591497,0.05020451362229998,-0.2147317209276335,-0.46715279852904573,-0.047197209365166,0.2703113543940138,-2.2183923520183693,-2.2187331412271023,-0.0072418996357326414
8.214181423187256,0.71901925837146,-0.6861905130172163,-2.8358595766378967,0.006669335909956526,0.038862045827349236,-0.2130195508958583,-0.4671348665795279,-0.04719370279798702,0.27021510748825134,-2.218392975428236,-2.218810219778429,-0.007433112933093324
8.222095489501953,1.0799019280899298,-0.40498551235104124,-2.9471961226309604,0.0007360752605574799,0.04534271267675344,-0.20926326571062806,-0.4671254568126443,-0.04722647462528235,0.27012995931124817,-2.2183832553571823,-2.2189187072068086,-0.0073520934504612044
8.23015832901001,0.8639774211114393,-0.5738756102986835,-2.8375454080206044,0.0019998904239196193,0.04360344384706896,-0.21449820771770947,-0.4671211215960928,-0.0472234780435879,0.27004245420488987,-2.2184600833722894,-2.2188577094516737,-0.007377640264205061
8.23802900314331,1.064423800520143,-0.5898989111499822,-2.7255259422397975,0.004350728510905691,0.0467766015010627,-0.2141527157855426,-0.46711935018363065,-0.04722763919052853,0.26995791070254305,-2.2183844741661245,-2.2189298011786267,-0.007421274381842215
8.246142625808716,1.0852369804014166,-0.5459847317217885,-2.8871966626106014,0.005274628985893128,0.049071865342755996,-0.21355940329990075,-0.46712124232312263,-0.0472032240542752,0.2699125205719268,-2.2184532578594336,-2.2188093334022247,-0.007299509370041448
8.2561354637146,0.7771427483117965,-0.3911604310247018,-2.971446642209899,-0.0004012359265871981,0.03906236596013259,-0.20845567285153627,-0.46711630667290305,-0.04721393891113841,0.2698559014966933,-2.2184657545967226,-2.2188193256111597,-0.0073399985774166236
8.264067888259888,0.7040865021758941,-0.2887682749080551,-2.7180324264544575,-0.0024800478320711186,0.03798177320903063,-0.2154069287050995,-0.467123781294335,-0.04721718290449618,0.26977525038887457,-2.218463628183666,-2.218838875828952,-0.0073424259204735885
8.272148847579956,0.8548243545432815,-0.41191788537499907,-2.9225918348270836,0.0008034658442007243,0.04274154376232567,-0.21423333912264106,-0.46712804628053495,-0.047209732427952844,0.2697026327453027,-2.2184543549008544,-2.2188531009397714,-0.0073709869665577795
8.280094861984253,1.244665561689567,-0.6254679269392305,-2.803755887401064,0.0073892184006045525,0.05094232789987669,-0.21548810549184833,-0.46714036836646367,-0.04722243799072753,0.26965914673678326,-2.218399880085488,-2.2188639237171954,-0.0073037376920063015
8.288039207458496,0.897568829849653,-0.4822077530967602,-3.1004279798447887,-0.00040264406108392136,0.04337479418011925,-0.21439729191534332,-0.46713635041190044,-0.047232233761736665,0.2696043775422532,-2.2183253059928094,-2.218884272954951,-0.007378301419735567
8.296168327331543,1.2620924720775526,-0.6534162126835609,-2.5767985252292136,0.0024279189719349356,0.04565555395026034,-0.2167844414469312,-0.46714030739703316,-0.04720411481229622,0.2695426645850537,-2.2183930576467956,-2.218869632538511,-0.007291118143429422
8.304176092147827,0.7905582632135698,-0.4480855137610069,-2.9957319161676113,0.002522403791094757,0.04184321351546732,-0.21504460838505765,-0.46712933683129415,-0.047203428282643616,0.2694466462757237,-2.218485301268108,-2.218892318972742,-0.00743257763209891
8.31237244606018,0.9562730179117699,-0.4190694785486488,-2.9453311183768194,-0.0016693942966346106,0.041710893143851284,-0.21821971503756968,-0.46711628727661586,-0.04723374845939281,0.26939819778491264,-2.2183901329010594,-2.218990569894416,-0.007378228500181793
8.320093393325806,1.148453798177264,-0.7190934755662863,-2.778809306574853,0.007653817475860478,0.04693953162804438,-0.21531906506281748,-0.46713842719966336,-0.04720709991698071,0.2693889197421066,-2.218418212294409,-2.2188744879377174,-0.0073114690938513305
8.328200578689575,0.8149764212639878,-0.4360394798699962,-2.8428846528764082,-0.0027472909142471254,0.04114243798010141,-0.21538734642057505,-0.4671259307684052,-0.04722498022657088,0.2693242028648983,-2.218432123765282,-2.218923104456833,-0.007348778925825784
8.336361408233643,0.934808663534708,-0.6727452801952086,-2.851426030142826,0.00873603459019088,0.042763199757802524,-0.2170095092011787,-0.4671456949934148,-0.04719886873258329,0.2693126994746451,-2.2183925129500444,-2.218842118438667,-0.0072970427809245205
8.34434199333191,0.7969944799892658,-0.6615959821801521,-2.760794019418579,0.0029271719461785107,0.04182581040997605,-0.21058924088345976,-0.4671369072775649,-0.04718488965595196,0.26923837394660666,-2.218516855977174,-2.2187697888026503,-0.007349734087995224
8.352125883102417,1.0063995318368866,-0.7938060440826308,-2.602997877456324,0.0050774303793410325,0.04535538378034311,-0.21541343243817715,-0.4671383159573036,-0.04719927678408511,0.26920398875650614,-2.218477414787516,-2.2188571942701696,-0.007353895261557569
8.362261772155762,1.002537293250239,-0.5926693974947261,-2.8669760271702365,0.002653432383920779,0.046360572140156785,-0.21754857990468804,-0.46715086161836095,-0.04720814048945749,0.2691749514896794,-2.21841800658057,-2.21885199079855,-0.0073127834944463335
8.370123624801636,1.107147797212336,-0.5552634799469108,-2.761088079844403,0.0031558406427200105,0.049732762963789486,-0.22201544073444018,-0.4671331242456456,-0.047217195496004324,0.26913648611244795,-2.218393088633231,-2.218820444611537,-0.007268460053793563
8.378162622451782,0.7161494862990728,-0.9308162607177802,-2.907277641699807,0.010320014997220232,0.03725628993928566,-0.22435467421579325,-0.46713925439758497,-0.047235156683490945,0.2691046348698828,-2.2183457217935727,-2.218857883552842,-0.007227334337813571
8.386156797409058,1.0898356681203034,-0.8179278903418253,-2.9357154414590227,0.0072072600127502905,0.04688630131427058,-0.21431459317943483,-0.467158408345933,-0.04720625470588318,0.26908724785387794,-2.2183729985348273,-2.2187536241721295,-0.0072462416006693715
8.394174098968506,0.9524920147104549,-0.5295376025387744,-2.8344427437750386,0.00018995859308523845,0.04339715284485778,-0.20914247842381709,-0.46714865283418233,-0.04721499010115071,0.2690362020738716,-2.218399851151877,-2.2187852741710183,-0.007237089804050651
8.402282238006592,0.7294974842521372,-0.3258042409052641,-2.934642159576841,-0.00032799044611504053,0.039178947116618644,-0.2087398272437498,-0.46713822575475733,-0.04721796516881872,0.26901901189818156,-2.218338033293591,-2.2188532137174635,-0.007224090522720582
8.410217046737671,0.934503978140721,-0.5384550288326623,-2.8182622162498907,0.0038440830262314193,0.0445492315053627,-0.2172423151781951,-0.4671672442118523,-0.04721846649854216,0.26900255567555553,-2.218284494490089,-2.218783666109085,-0.007199450704652721
8.418116092681885,0.9769501482886627,-0.5038311257051178,-2.775878147657826,0.00042362872321399743,0.04163561064283917,-0.209746885259833,-0.4671569118348764,-0.047214610504726855,0.2689783385147355,-2.2183350362133636,-2.2187863678382644,-0.007169597889665007
8.426183462142944,0.8625608426817962,-0.35539878751468174,-2.804877596943789,-0.00235245882778664,0.04137788887428762,-0.2162302093982982,-0.4671576320175579,-0.04722003395694943,0.26891935762702024,-2.2183416124633424,-2.2188136070838835,-0.007236054775805391
8.434197902679443,0.8967568818643071,-0.36166152515865757,-2.7604570170110825,-0.004130192861324654,0.04276209295845311,-0.2152060976048871,-0.4671762191027358,-0.04720868787460708,0.2689325576951636,-2.218181772682659,-2.218809791737807,-0.007116402207868023
8.442208051681519,0.8231274787398661,-0.6867944141214467,-2.9873590159462458,0.006818982629447498,0.04056959508483138,-0.21379007164448066,-0.4671573438807782,-0.04719911809472984,0.26891059008831214,-2.2183106846612795,-2.2187284845057853,-0.007223295332151934
8.450149774551392,0.5172838093451876,-0.612192171785918,-3.0093595668393913,0.005002574264213256,0.03266416545087593,-0.21063706173210528,-0.4671684775662147,-0.047191187044632654,0.2688570018649622,-2.2183976264456127,-2.2186795307098466,-0.007219347707310694
8.46015977859497,0.8405052020801673,-0.6286153300610852,-2.604499727252114,0.0048287549888249865,0.04188024077642412,-0.21535504371592487,-0.46715971624544117,-0.04717670480692878,0.2688376254807712,-2.218378870570037,-2.2186417175715696,-0.007198243809527925
8.468075513839722,0.9978844687219393,-0.4106809845546068,-2.756920512767024,0.0012411982950588825,0.04331622853138714,-0.22028268465830447,-0.4671727322434066,-0.04720382939526439,0.26879232407411846,-2.218342846953835,-2.2187360035752235,-0.007188211046626541
8.476083040237427,0.6411385271066266,-0.2154521432496007,-2.1615928413293424,-0.001554490899663666,0.0430267231686026,-0.2127958047357274,-0.46716361896004766,-0.04718873148784372,0.2687448484711627,-2.2183687102654113,-2.21868126172682,-0.007164918479408876
8.48403263092041,1.0949080365432355,-0.38329802495492016,-2.529620771908238,0.0011512113571607106,0.04828473817998249,-0.21478088244112464,-0.4671478226966399,-0.04721386791809321,0.26863612943860626,-2.2183513356461844,-2.2187517740887164,-0.007256786471839806
8.492054462432861,0.7975776659436646,-0.3937234107822134,-3.2178432092600184,-0.004498281131602943,0.04005267222776135,-0.21327725765670183,-0.4671222922956313,-0.04721137667689755,0.2684962882286722,-2.218415180447772,-2.2188648965339306,-0.007389280679483946
8.50014352798462,1.093043137300899,-0.6164876149416876,-2.7020894216055877,0.0031567668314180985,0.041134728305542705,-0.2199621396443511,-0.46712354513740534,-0.04719974242125193,0.26836843341479155,-2.2185082168039214,-2.218909628554554,-0.007469294836650345
8.508251667022705,0.8533305955666285,-0.6734948590919935,-2.797195545359676,0.006872946537663062,0.042890614105537024,-0.21636768552318797,-0.46713043799683185,-0.047201957168474154,0.2682855028244496,-2.218493807401322,-2.2189002263760176,-0.007466408873810339
8.51611876487732,0.9375511534805802,-0.5427663182446432,-2.7371651847160843,0.0031516899694942944,0.04460951590827188,-0.22266696790888293,-0.4671282718168908,-0.04721901162838567,0.2681635226523516,-2.2184527779442926,-2.2190751288488126,-0.007566356740803822
8.524250507354736,0.7520659193384001,-0.5622616784245832,-3.0699266558631026,0.0028233386480588448,0.038896467985406406,-0.21743548855925418,-0.4671414288133269,-0.04721878706018448,0.26810580525818883,-2.218561897124226,-2.218943331797227,-0.007443772615759804
8.53212308883667,1.3370877426924823,-0.7863021279692886,-3.007167711079131,0.007710193513951084,0.053354552489619546,-0.21615790258647186,-0.46711821533226683,-0.04722374073711088,0.26799314469197266,-2.218529919103776,-2.2190584813568135,-0.007565943502229009
8.540102481842041,0.8299834732140009,-0.8108616271636867,-2.780624668731731,0.008640023639138081,0.04019735655738048,-0.21885732913216377,-0.46712335874626487,-0.04722874851399911,0.267942343540895,-2.218473464041588,-2.2190298679640135,-0.007453936758728093
8.548247575759888,1.0085629781003467,-0.43774023407664875,-2.7660844563520905,-0.0030466750004137337,0.04624163785722686,-0.22211647908027157,-0.46713724480206725,-0.04721192446757141,0.2678773103263596,-2.2184920892707507,-2.218989450480632,-0.0074275557156722695
8.558150291442871,1.050967258456665,-0.7556284230552038,-2.6555303285653045,0.005616696810297023,0.045005919461054124,-0.20997181167213613,-0.4671342283824752,-0.04721124025113951,0.2678313627060173,-2.218479634569802,-2.2189037662103965,-0.007453104403532436
8.566183805465698,1.1160376214612344,-0.5232423165811624,-2.721194552724197,0.0026948290968140517,0.046579581676863956,-0.2157041470989109,-0.46712139852670037,-0.04718391428037638,0.2677767249756364,-2.218524110236685,-2.2188247220594493,-0.0073860949673420825
8.574142456054688,0.9825043300776984,-0.3213992723682379,-2.764049477290372,-0.0012391241182506416,0.045000060049205405,-0.21102257294203566,-0.4671249409742926,-0.04719713623575011,0.2676939087256693,-2.2184569190700176,-2.218900831701559,-0.007430190755906425
8.584213495254517,0.7773929910601215,-0.5165781022022823,-2.859019332273688,0.0005300126796086901,0.039197275561504555,-0.21068433366565223,-0.4671347669641366,-0.04718607457644539,0.26765231181429977,-2.2184856794578245,-2.2188171319832133,-0.007370683017232587
8.592165231704712,0.7426443676391371,-0.509729681197809,-3.058418952874007,0.0025249222258768816,0.03479434399823745,-0.2180308533131249,-0.46711470981495923,-0.047203147993522855,0.26754165183249434,-2.2185177327408163,-2.218919987001949,-0.007448791457320274
8.600207567214966,0.8910887174131816,-0.39380468579904837,-2.7859673875233333,-0.00272119623677057,0.04575423291972522,-0.21531093539298193,-0.46713196113570965,-0.047192020958882204,0.2674686299563028,-2.2184590752258893,-2.2189229219330935,-0.007515509156419421
8.60828161239624,0.7613625676064661,-0.6632988166245234,-2.7496673005026357,0.005118493132924743,0.03843141497684434,-0.21684590217919877,-0.46713062271258077,-0.047214347259992906,0.2674019382418418,-2.2184740508863294,-2.2189268589763778,-0.007377256791749725
8.616262435913086,0.9468193652332155,-0.3136260948863508,-2.8924440168586294,-0.0025880210126931658,0.04132394387394954,-0.21513896635002833,-0.46711675844890677,-0.047221844130309956,0.26733107534795997,-2.218391887460253,-2.218963702837209,-0.007394501355424719
8.624254703521729,0.7596375555089577,-0.23091457809849486,-2.8826151324071296,-0.0034385313042911126,0.03809569447682705,-0.209556713766918,-0.46713093008530737,-0.04720024113738099,0.2672214734966842,-2.218534508305033,-2.218916777358818,-0.007468159976084834
8.632235050201416,0.6906095709886175,-0.3833513424294887,-2.923145301985788,-0.002828504467648692,0.03810545042144092,-0.21268590359976153,-0.46713749753450134,-0.04719596863774346,0.2671468218262185,-2.218508067741105,-2.218877437486469,-0.0074132114591881565
8.6403067111969,0.9912682037396529,-0.41353567410460607,-2.7647153582788713,0.00041284623162665744,0.045948311876875134,-0.211304075960363,-0.46713332591178686,-0.04721402745438352,0.2670720049908352,-2.2184378996058025,-2.2189757563045367,-0.00743306845323152
8.650206089019775,0.8181719931258186,-0.5718565659161877,-2.814658233526979,0.0006815124217455942,0.03853539378041259,-0.21632390279018301,-0.46713743564255805,-0.04719796164480816,0.2669917549061419,-2.218529728433024,-2.2188777722603383,-0.007435554191777911
8.65822458267212,0.7201252295349213,-0.5164172733361567,-3.0185319393101655,-0.0008776418853827377,0.03698750014938582,-0.21453498483705485,-0.467145525157253,-0.04719865190310941,0.26692677040300444,-2.218486392124281,-2.218879525584611,-0.0073165576085281675
8.666225910186768,0.7239036098615361,-0.3398589234863223,-2.844323088579639,-0.002554734953973385,0.03863086783424692,-0.21060243048113425,-0.4671215386702468,-0.04720655211171184,0.2668161723372515,-2.2184751857915255,-2.2189949969674205,-0.007487714082050374
8.674057245254517,0.9957111006508151,-0.4487642956951597,-2.744685520817478,0.00022377091326141905,0.04296731770812814,-0.2167229603581113,-0.46714569484253315,-0.047209064294562654,0.26673813906347815,-2.218416306913011,-2.218971668466064,-0.007500285731137752
8.682135343551636,0.7742931821097911,-0.5798950745587222,-3.046146391574884,0.0023052427999865153,0.04140655929513647,-0.2144162576177456,-0.46714568319321714,-0.047206904399415085,0.2667024161267495,-2.2183492638956284,-2.218861607430898,-0.007348915967952259
8.690098285675049,1.0583738996676781,-0.16758356033538493,-3.0100388804631084,-0.005780246675165239,0.047766110028628475,-0.21428148501852518,-0.4671361066317683,-0.04720503194502517,0.2665933318722359,-2.218392316155447,-2.2189393568161417,-0.007447251259944426
8.698127746582031,0.7372031645505159,-0.1447159700382682,-3.1422225477222083,-0.00958177827433635,0.04007053375606024,-0.2096893984370584,-0.4671299743091561,-0.04719557210625142,0.2665202336976563,-2.2185064506376713,-2.218886837592287,-0.007364374332602167
8.706109046936035,0.9988877885809089,-0.8014598189073447,-3.0438722540569843,0.009690482759051293,0.048216273442781614,-0.2148426064753948,-0.4671368675855294,-0.04720673131492025,0.2664376098661401,-2.2184477005589054,-2.2188872212111734,-0.007344061358163584
8.714084386825562,1.04713535606908,-0.570480439674795,-3.0011915230924644,0.0033627811501808582,0.04530251167943235,-0.20966165400627457,-0.4671316883123191,-0.04718161470195849,0.26635374911775916,-2.218504158905989,-2.2188742528862155,-0.007406433667097433
8.72217607498169,0.8285311681347748,-0.2821158634563431,-2.8287479774714614,-0.0056225665165233205,0.04066079157422164,-0.20901733652568777,-0.46713870953974046,-0.04721337012951916,0.26627626650915026,-2.2184310485680165,-2.2189664528679627,-0.00743385866965316
8.730081558227539,0.857626035107768,-0.5515981455565787,-2.909512866661489,0.003178497036885986,0.04256969084075094,-0.21783182148524172,-0.46712239172300657,-0.04720111131766269,0.2661900168955305,-2.218525087836655,-2.218936238473735,-0.007466168803279749
8.738135576248169,0.7373142710123448,-0.2506004852145736,-2.91784291056514,-0.0033352461792499825,0.03857582423423586,-0.2109032959355556,-0.46713740520969793,-0.047188547701237496,0.2661544790963765,-2.2184835301042596,-2.2188880555646233,-0.007365563541996708
8.746161937713623,1.0353399785386794,-0.3379139758329923,-2.8486896883407558,-0.0012219498838036233,0.04470988555756439,-0.20948306524863777,-0.4671333976265286,-0.047194634224524454,0.26608611079349037,-2.2184510532153463,-2.218914120863129,-0.00734172100990789
8.754311561584473,1.1767437616770473,-0.5824490231728988,-2.8559549571923486,0.003726388454665383,0.046756263618516286,-0.21258829440590402,-0.46713682258862027,-0.0471865665250121,0.26601275793472146,-2.21847763964291,-2.218896200876857,-0.0074486457744846165
8.764122486114502,0.8305166032488165,-0.31155220393377164,-2.9270408961380507,-0.0030561994607360963,0.039625766061951576,-0.2117105156415913,-0.4671306551932554,-0.04720252972596651,0.2659668211538081,-2.2184741287462364,-2.2188648709448175,-0.007429862166740705
8.772229671478271,0.7684307180797082,-0.6915666091970605,-2.749513474593819,0.005090830174500394,0.03642558687331952,-0.21142072657441885,-0.4671431772012989,-0.047190797446425584,0.2658850250932123,-2.2184232021816954,-2.218918200366041,-0.0074298825776938264
8.780112266540527,0.8853788806833655,-0.44586805029364257,-2.6344567551942766,-0.002265721208251922,0.04241780519647982,-0.21531627415218435,-0.46714277805998417,-0.047204868296641424,0.26581141723833024,-2.218416030972859,-2.2189409353826695,-0.0074400770299493995
8.78824782371521,0.9874128048104502,-0.822995137154464,-2.9580047713644713,0.010618584378448906,0.043130678612120645,-0.214624636559987,-0.4671289884060752,-0.047221165229335046,0.2657304090390372,-2.2183430875384644,-2.2189998935969193,-0.007459259226505288
8.796154260635376,0.8483198421642285,-0.6480302289838373,-2.773078777904945,0.001647717145754967,0.03814065680926791,-0.21435232076143892,-0.4671082296035217,-0.047209046605959835,0.26563002391993856,-2.2184595335606505,-2.218973396120409,-0.007508527418719671
8.80419635772705,0.5671657929178319,-0.45167562810937073,-2.8407690804482866,0.0034300951182360804,0.03344509095417859,-0.2193820258162063,-0.46713311625867265,-0.047189070693666756,0.26554511559255367,-2.2184780463089697,-2.2189926157455386,-0.007440914007000612
8.812187671661377,1.034325207352715,-0.43911176799786045,-2.952742567958448,-0.0012763319021563586,0.04634568086237538,-0.21162559096602412,-0.4671298655768354,-0.04719387478471375,0.2654994630456011,-2.218451936554403,-2.2188609735768368,-0.007389716645695517
8.820313930511475,0.7048637402497895,-0.38951489408162376,-2.8530714281539895,-0.0009932863075819583,0.03505750170154976,-0.20749311035490656,-0.46712844451326546,-0.04718774802360041,0.26536108709141576,-2.2185720881049082,-2.218891535577686,-0.007557677767186364
8.828190803527832,0.7059965821450879,-0.4247637178823354,-2.8408722187995146,-0.0008591924003280672,0.03716397067096468,-0.21510601087644168,-0.4671405389771665,-0.047196591316348416,0.26530479152775377,-2.218512290684595,-2.2189273235570703,-0.007403198211592011
8.836147785186768,0.874387426101489,-0.7371453058465594,-3.0675317487446327,0.0072304135504867185,0.040129647334778154,-0.2169562893094763,-0.46714199882362534,-0.047209469568269824,0.26521677167101115,-2.21841650908945,-2.219079444088925,-0.00748449495226084
8.844051599502563,0.8523694234484535,-0.5992490922025797,-3.0422123379799926,0.00016040927526623147,0.038854466624367895,-0.21298684306565016,-0.46713454216471684,-0.04719537779944848,0.2651777440008586,-2.2185433754401473,-2.218934932515552,-0.007452634687387823
8.85224175453186,1.310936308176686,-0.5049822889529295,-2.810814402508129,0.003123080010399221,0.049738693026354606,-0.21631219551053946,-0.4671316431102356,-0.047212221536115026,0.26506520274076234,-2.2185261652123414,-2.21901512426471,-0.007546584620542896
8.860304117202759,1.045312182545958,-0.6858668427814594,-2.8715222514213403,0.00742756623710185,0.044851381816906434,-0.21127554100994103,-0.4671613460664122,-0.04718976296571798,0.2650526353737111,-2.218469539286321,-2.2188838141320444,-0.007402142339291892
8.870234966278076,0.7872687741236666,-0.38669660068398765,-2.706573535975467,0.0015709138028414437,0.038218721155093734,-0.21480142810757863,-0.467123788931023,-0.047207637334237225,0.2649670447526816,-2.2184439839720915,-2.21898679268232,-0.007467598778331827
8.87825059890747,0.9645017717115292,-0.38443335289769875,-2.8003510546058066,0.0015428155247898814,0.04030657317115856,-0.21163199145467054,-0.46713512922537914,-0.04720685222222379,0.2648885289580291,-2.2184824181844487,-2.2189631234492007,-0.007492588122976784
8.886159896850586,0.7417488728246282,-0.4023127031802699,-2.5729359078877123,-0.0019053314696445864,0.03791318132274987,-0.21184645904986593,-0.467147416330071,-0.04718597360224122,0.26485959990860936,-2.218418668613594,-2.2188296512683237,-0.007346032024715343
8.89419674873352,0.8770755052804062,-0.217912673133476,-2.9063697613066357,-0.005284930602316632,0.03883405852436383,-0.21376405375171667,-0.4671307394837788,-0.0471918820654987,0.2647506277895068,-2.2184504245987924,-2.218893992331449,-0.00747724749935834
8.902225017547607,0.7519977312247507,-0.48047004688495437,-3.176720122855221,-0.0031345733241071702,0.0386976693565835,-0.20842209813844403,-0.46714246203026083,-0.04720299024883596,0.26464855730066916,-2.2185035203645675,-2.21894185421414,-0.007409391646332097
8.91017770767212,0.9191277668163492,-0.12834292815315032,-2.6936891719065166,-0.009217748079238423,0.040709938752864154,-0.2127480088689981,-0.467135793551029,-0.047178536449851635,0.2645597764273402,-2.218519364244135,-2.218923550978208,-0.007467321691306487
8.918170928955078,1.1567459568110543,-0.31584847189516413,-2.9277605795360846,-0.0028526234255522222,0.04928515506268678,-0.2134428060100581,-0.46712062696146256,-0.04719766245729171,0.26448623554399675,-2.2185298713995554,-2.2189269584185154,-0.007499843289528784
8.926260948181152,0.9899647156247298,-0.44261423002537953,-2.9595384573842227,0.0041228334741722755,0.046413215750822585,-0.2129724217790473,-0.46712381931608216,-0.047199473066046375,0.26438611521648725,-2.218492061747067,-2.218991810100073,-0.007515535132202928
8.934155225753784,0.9523555904943467,-0.4409318125015144,-2.809954066353843,0.0024662622612845906,0.041835427746636844,-0.21243366734823166,-0.4671400278016134,-0.047197401810937276,0.2642965640715215,-2.218587425429108,-2.2189712896793203,-0.0075190043281771245
8.942257642745972,1.078033526211871,-0.37551915692213034,-2.938148683012518,0.00037055079575217757,0.045624290715402825,-0.21170135321116534,-0.46715146942645164,-0.04718787900405603,0.26427277249956194,-2.2184563727344573,-2.218907876952381,-0.007369227600043657
8.950148820877075,0.9515066543104151,-0.5201318563270811,-2.8587011033744014,0.0002277125352278748,0.04115415494782512,-0.2109063075140799,-0.46712605034465693,-0.04719229142288008,0.26416823859266597,-2.2185371043054594,-2.218959439039584,-0.007545589077482458
8.958256721496582,0.7181798406161959,-0.5682108946214457,-2.646344175366194,0.0016835274242589337,0.03830214566869512,-0.2091004155207237,-0.4671231010401221,-0.04719170888162513,0.26412416570499275,-2.21852097505167,-2.218893687202549,-0.007442494260432983
8.96609878540039,1.0893172364914498,-0.5830014370434157,-2.7367525944373132,0.002275356122337048,0.04804589558116635,-0.21939868250019182,-0.46713929983727026,-0.04719226375758885,0.2640313290027583,-2.218512692330116,-2.2189502416383338,-0.007556664676919044
8.974179983139038,1.050281021797818,-0.44176781426102346,-2.616574616001595,0.0020324485151581415,0.044916746702871525,-0.2150971404474982,-0.46714383777857527,-0.047184679483300095,0.26395923106209335,-2.2185199533183133,-2.2190000377459644,-0.007519564256656654
8.982187986373901,1.0501164935886316,-0.21198914073087563,-2.959054835417107,-0.005135181054115447,0.04668871070679913,-0.2105733463036963,-0.4671373915182362,-0.047182479561385035,0.26390209551935917,-2.2185630106147807,-2.2189595451246604,-0.007473682742714626
8.990211725234985,0.8763871812226306,-0.4086590328214115,-2.8268936297680938,-0.002619684906041264,0.04349824287720185,-0.21337013523705364,-0.46712664908368423,-0.04718760920955365,0.26387639042529176,-2.2185121558181877,-2.218918263998857,-0.007527960726400542
8.998176097869873,0.8286470104824184,-0.2964260366928564,-2.857492889879687,-0.0023545214211997292,0.039366741034623294,-0.20806600626427788,-0.4671654693271044,-0.04719268978616082,0.2638281477404801,-2.2184643532208423,-2.218909528302988,-0.0073970643761188375
9.006148099899292,1.0633844784499813,-0.6741776453391984,-2.8524587199498375,0.005125223673437033,0.0482360197758533,-0.21366823915330282,-0.4671499766260945,-0.047181078390070116,0.26376620297665043,-2.218501619755837,-2.218902314265451,-0.0074085844033522025
9.014140129089355,1.0187002799842126,-0.7492218990891618,-2.876314541529915,0.008381263549569041,0.044214969653503446,-0.21614220870022183,-0.4671454501783463,-0.047187312671563855,0.26371480763093796,-2.21842868694223,-2.2189728771116033,-0.007422857229115752
9.022130966186523,1.076626105685115,-0.7366188145569992,-2.775362608557903,0.005012204477454238,0.04687674796975883,-0.21395136839702683,-0.46714131514943286,-0.04722260358439718,0.26365821161277214,-2.2184001896324013,-2.2190349828031715,-0.0074381599360623515
9.030142307281494,1.1140033305074102,-0.47336295297291403,-2.834954533348129,0.0020697156834597204,0.047117434680097506,-0.21855543112361878,-0.46715849511971547,-0.04718290004274147,0.2636069763054821,-2.2184194098261996,-2.218954542025106,-0.007430115495903151
9.038109064102173,1.1032641297983323,-0.5758693385630628,-2.8054445200831863,0.0040873809383573274,0.04912058092897889,-0.2144540198150388,-0.4671786879327297,-0.04719119630675231,0.2635965259162324,-2.2184975689586977,-2.2188704276174507,-0.007313310720998562
9.046152591705322,1.0808449669643894,-0.27871311356132955,-2.721130521953485,-0.001689334024927135,0.048845332919963486,-0.21649510140010708,-0.46716152443632913,-0.0471977919027731,0.263529203191469,-2.2184051500432704,-2.2189641635665867,-0.007401932462812387
9.054100275039673,1.0077413881425292,-0.2726764273709984,-2.8088145737792134,-0.0013783447567467194,0.04444499159070087,-0.21576373344118605,-0.467152149330163,-0.04719495523305536,0.2634938411112191,-2.2184877535034087,-2.2188820048493483,-0.007384043113125235
9.06220293045044,0.9927634593815784,-0.2642078542387607,-2.932088766835756,-0.00328934912003451,0.044349770409258776,-0.20904217552841836,-0.46717429545983113,-0.0471770223511061,0.2634532389986169,-2.2184685056736693,-2.2189231682830908,-0.007376367695961141
9.070091962814331,0.9101308985097206,-0.5338179411110884,-2.972256050075378,-0.0011186665210482863,0.04407755129672763,-0.22249723389226828,-0.46717366985649267,-0.04717575651055576,0.2634297334131522,-2.218463796386499,-2.2188299324015084,-0.0073178951809176615
9.078179597854614,1.0297677026707523,-0.7220509380170738,-2.8461705279854077,0.0073195648695442185,0.04362089635524557,-0.22120825610449116,-0.4671692355586462,-0.04716911782219303,0.2634097654420691,-2.2183882913573365,-2.2188315203689104,-0.007338098851532594
9.086204290390015,0.6359638391457182,-0.6412436093579574,-2.684832506000271,0.005615129507061853,0.03694283441319742,-0.21429946775026004,-0.4671662663612291,-0.04719634516825928,0.26336097164821387,-2.218328745044767,-2.218904452719568,-0.007419123479948065
9.094165325164795,1.0737415335702096,-0.5295387080412156,-2.853870211556479,0.0012950000062720817,0.048096460942588626,-0.21785545133373377,-0.4671718768217131,-0.04719015534200855,0.2633695610324324,-2.2183163573488858,-2.218817456206641,-0.007297517965294443
9.102141618728638,0.7056797039117032,-0.4566859817918817,-2.92741338315826,0.0001852115780403629,0.038604495697302774,-0.21793531810570177,-0.467161217283613,-0.047194843966705556,0.2632650321018201,-2.218405979101679,-2.218910963257221,-0.007323548393969173
9.11019515991211,1.1927991188780602,-0.7763667783875101,-3.102258819465976,0.006796284151827938,0.048708921333558156,-0.21520294337158422,-0.4671638904723545,-0.04717707702187954,0.2633075146002225,-2.2183642449699312,-2.2187208151767646,-0.007254918323915353
9.11802864074707,1.0202738833759353,-0.14861501902677204,-2.781267787878766,-0.00462393736313961,0.04525056834658202,-0.21559188354581602,-0.46719695962778385,-0.04718505533996607,0.26330231805349613,-2.2182195170797785,-2.218741789764752,-0.007177288154351706
9.126238107681274,0.9264951826266015,-0.41855007910859565,-2.851762517481033,-0.001878194685174757,0.04176612130399775,-0.2141500782051402,-0.46719610615926144,-0.04718352521500696,0.26324953794946426,-2.2182804391435007,-2.218755507520312,-0.0071932389048007545
9.134125232696533,0.9454192238981921,-0.49215430099507096,-2.796010593508128,0.0010071392217876854,0.041924359219559046,-0.21621096311337598,-0.46718776667168355,-0.04716938486932442,0.2632435044531649,-2.2183760769571066,-2.218697249278591,-0.007086983437485473
9.142249345779419,1.0495690874077628,-0.25134118617927165,-2.8538833732805866,-0.005589749492603475,0.04655984213469221,-0.21052576866039768,-0.4671938601039243,-0.0471629048498929,0.26323221528755175,-2.2183048349391687,-2.21863645466686,-0.007063724707744477
9.150050401687622,0.8359261679964558,-0.5455228943869852,-2.7007896219870493,0.00232527054981645,0.04100847497244424,-0.2104079331465139,-0.46717484601604314,-0.047199882159494215,0.26317005420112316,-2.2183005291041082,-2.2187382582822415,-0.0071851799824990585
9.158030271530151,1.168503587753141,-0.5726734561177181,-2.9509496094527283,0.0034858176035200976,0.045784638881011246,-0.21881644296476754,-0.4672091744897033,-0.04717380982018768,0.26316849737493525,-2.2182712713643253,-2.2187411164467514,-0.0070649655729394705
9.165935039520264,0.6542211926753655,-0.10675553004716155,-2.8390443663715397,-0.00795407967031586,0.03596734462370121,-0.20770707357404258,-0.4671824756561421,-0.04719510905078822,0.2631216482198354,-2.218274194551467,-2.218749580076907,-0.007172562402319845
9.174062013626099,0.8366192823459496,-0.42325103550075294,-2.9036284268480395,0.0018920366550790504,0.04208696935299572,-0.21347085140738964,-0.46721233182733274,-0.04716479694853335,0.2631102166995476,-2.218303255170919,-2.218675454694156,-0.0071378687330120915
9.182022333145142,0.9353391033472553,-0.3299422443873189,-2.7082104280163932,-0.0036046993560529847,0.044651822801418294,-0.2191740780941973,-0.4672062834832651,-0.04714764721177124,0.26306242764569854,-2.2183156066349645,-2.218716536979151,-0.007203266778169486
9.189980030059814,1.1392532708576604,-0.2738775969920202,-2.852438555363112,-0.0017883377188243046,0.047893808259492146,-0.21244789700432173,-0.4671841280086609,-0.04718162542926355,0.26303831844522946,-2.218318587711791,-2.2187766458903595,-0.0071162055372182885
9.198085308074951,1.0926969860090645,-0.8473598356853791,-2.902808924559029,0.007442792426652989,0.0468954485003788,-0.21623794929720072,-0.46717689140476426,-0.047171013650902295,0.26301904227782236,-2.218271400519017,-2.2187459872089783,-0.007205316984581848
9.205958366394043,0.8208356024849441,-0.213008662143079,-2.7265537672876916,-0.0011710147976996556,0.039716378132887545,-0.21302911515805267,-0.467202340115491,-0.04717219805746802,0.26299633508372566,-2.218271198766457,-2.2187664569512284,-0.007185843878656081
9.214003801345825,0.9358519862032566,-0.7939051214329051,-2.7116851481056616,0.008736499508822325,0.043961005164768585,-0.21282560698422046,-0.46718844486374345,-0.04717439391520852,0.26297840324521116,-2.218287161266376,-2.2187828818829227,-0.007219314828815905
9.222206592559814,0.7175468223179325,-0.39545097613999747,-2.9376891915481473,-0.0013706164759676681,0.03899514450789467,-0.211447247932598,-0.4671789899970499,-0.047190085142034786,0.26293097243951263,-2.218262928396849,-2.218797310341823,-0.007236084419826189
9.230030298233032,0.626125843030581,-0.7350488366840715,-2.843414882369035,0.008467199839964527,0.034157324654780066,-0.21093344877138015,-0.4671921534831353,-0.04719221401753249,0.2629560775069575,-2.2181894804960436,-2.2187901244555976,-0.007165767041538412
9.237996816635132,1.010245924049484,-0.757962193311596,-2.874186900134118,0.00951886610738613,0.04362175914004826,-0.21038846898446106,-0.4671679277763425,-0.04718644108540169,0.2629065576851094,-2.21827682492752,-2.2188185113804506,-0.007191391387653142
9.245924472808838,0.8173789816910407,-0.3594923195617734,-2.7974094583455824,-0.001022094905831254,0.040837396466969114,-0.2093888875362444,-0.4671804390981004,-0.047214627936649926,0.2628751893705287,-2.218170964031785,-2.218982039320195,-0.00720313261662183
9.253942728042603,0.8900730989227396,-0.6338957911792675,-2.7933957062015873,0.003211800001773377,0.04008891351109124,-0.22029266725577615,-0.46717274795590213,-0.047184574374354415,0.26285800511870105,-2.2183295196562263,-2.218822750239824,-0.007224830689135693
9.262032270431519,0.9941530345823255,-0.5527203680071661,-2.8772795910600006,0.0037309623193016025,0.04602842584334953,-0.20970106677815897,-0.467176170165287,-0.04718498473030098,0.26283649258015523,-2.2183190526987846,-2.2187624941091286,-0.00721828102593865
9.270193099975586,1.0718077315153356,-0.6068186954275206,-3.0997217264565933,0.004980630320535608,0.045565797079820045,-0.21474300949625594,-0.46715805827239293,-0.04717263443216912,0.26277771683940354,-2.218441837234538,-2.2188080966721544,-0.007323292938773227
9.278122425079346,0.918905475723906,-0.481345058234258,-2.8104309079996663,0.0018069113670281503,0.043103873003095594,-0.2177516052469866,-0.46718076440010237,-0.0471829456623242,0.2628102270987074,-2.2183157848672446,-2.2187894586556762,-0.007258641365005881
9.286193609237671,1.0094337594060143,-0.4101959163137974,-2.8380388925328,0.0016036982524633792,0.04780188847310577,-0.2149493125851711,-0.46715629862112706,-0.04719186873137082,0.26273557628637273,-2.218351325923117,-2.2188944836490676,-0.007364661538656651
9.294060230255127,1.288382375536052,-0.583287222707514,-2.7375751726288557,0.00027100511574795934,0.05125302853605103,-0.21451421037353097,-0.4671603823789744,-0.04718346801009697,0.2627383807676393,-2.2183583381663805,-2.218845722458888,-0.007296273939513015
9.302197456359863,0.8391649007384064,-0.6104719136437129,-2.8128480262264617,0.0037521715872794407,0.041757586472837,-0.22118618209458957,-0.46716848648333703,-0.04716354228843886,0.2627102690069236,-2.2183837617541444,-2.21888972668729,-0.007308913952631561
9.31009292602539,0.8548536061280644,-0.5760258552707572,-2.8213784569257303,0.004168950219536804,0.04004646085667087,-0.21311519956709124,-0.46717297472832464,-0.04718131916665924,0.26272888307092596,-2.2183577009454716,-2.218805537209561,-0.0072246926823861515
9.318185091018677,1.2412627901823456,-0.2996641509268692,-2.7279921331442543,-0.0019604412857239075,0.05290629872767766,-0.213883130996825,-0.4671752378589581,-0.04718294424938592,0.26269205292121567,-2.2183622318107052,-2.218886093826925,-0.0072226896346077795
9.326037406921387,0.8640129019373779,-0.33769075763468837,-2.8782681192253534,-0.001912004801566442,0.04236382342124883,-0.2133144128215983,-0.4671484403093496,-0.047210560660815984,0.26267044964050335,-2.2183120149635407,-2.218922153473053,-0.007323160400284494
9.334153175354004,0.8135563892915282,-0.4754769876990238,-2.739486886606053,0.0017005577739341504,0.04003339783190896,-0.21519268544946035,-0.4671675908576359,-0.04717051780955347,0.2626299810103077,-2.218416697935316,-2.2188730853956122,-0.007413256394849008
9.342336893081665,1.1095967812100531,-0.6694589001440565,-2.8108740988764525,0.007225660075818858,0.04571616111985957,-0.2206723088987868,-0.46714991998049343,-0.04716500048053496,0.2626356536858493,-2.2184444951252975,-2.2188311973238544,-0.007376991219328958
9.350211143493652,1.0000421014417211,-0.49242046528135514,-2.8603169030378894,0.0026585919723993534,0.04670276941038512,-0.2129692229851899,-0.46715563199455024,-0.04718746100119829,0.26258523434782677,-2.218412774582169,-2.2189307128736404,-0.007450619981329479
9.358115911483765,0.941232470780398,-0.34528673650183644,-2.88115511183222,-0.0001981498110101426,0.04193762251068603,-0.2171825285611813,-0.4671664424878316,-0.047193208104300374,0.2625703545574532,-2.218440360337104,-2.2189407322431105,-0.007410867453373792
9.366316080093384,0.866083304833496,-0.7114702849347041,-2.8489838188047267,0.004541287777846636,0.04107240467051684,-0.21945832382534095,-0.4671672540697905,-0.04716804065233637,0.262570130551674,-2.218482204365585,-2.218916999778403,-0.00739383009299609
9.376262664794922,0.8156003685147304,-0.29908326270844465,-2.8636856827504897,0.00030383793379797953,0.04025311210015359,-0.21075519771103027,-0.46717346460595005,-0.04720441567132767,0.2625800123669562,-2.2183167338402288,-2.2189190431144223,-0.00735330910344578
9.38612985610962,1.1840822770807515,-0.5046446922405559,-2.8928660994881112,0.0031325737031848684,0.04551423964181329,-0.21796694489868043,-0.46715590324683137,-0.04719435756824274,0.26252270657557386,-2.2184906461707237,-2.2189469277404696,-0.007430263236025395
9.394184827804565,0.5656728418041564,-0.5291040457108132,-2.190486378009928,0.002022954933528699,0.04011059732694014,-0.20828911086763238,-0.46716919885872416,-0.04717901463554789,0.2624922683402084,-2.218353972312504,-2.2188487187277928,-0.007254788017952071
9.402147054672241,1.2877423250060214,-0.6941113306180643,-2.5055989250852737,0.0071481010527502,0.05207590825600598,-0.2156173339883315,-0.4671577601940533,-0.04717151008220568,0.26239071356426563,-2.218474635303543,-2.2188422982542426,-0.0072680394021107635
9.410170078277588,1.0950061460985812,-0.3562101180013262,-2.7271702066482164,-0.0007287417645698305,0.04146300743675276,-0.20973631929221107,-0.46714033198259075,-0.047194976797722915,0.2622733220785669,-2.2183912843773066,-2.2189588274899816,-0.0074964434079601225
9.418094635009766,1.0313611162472045,-0.4896132597722394,-2.8275408491268315,0.001655899507108133,0.04429932162125764,-0.2136891489696438,-0.467144373648076,-0.04717050555712506,0.26217877524859523,-2.218470108457005,-2.218874810133919,-0.007482004414124557
9.426035642623901,0.7985948933571942,-0.3613143256208801,-2.7396491803489873,-0.0010456923306005736,0.03855346068303646,-0.21403380335887398,-0.4671515083092725,-0.04717919293229065,0.26205175267627195,-2.2185210218692912,-2.2189661628266073,-0.007556343040223374
9.434089183807373,0.6587665902462476,-0.6368577857936907,-2.8389322041839002,0.0023560901687416087,0.035937761029532556,-0.2151216889467537,-0.467147558910492,-0.04718971228935255,0.26192437997894624,-2.2185345783127612,-2.2191014689473376,-0.00769400694138226
9.442110061645508,1.0997847467989499,-0.716341945641922,-3.0045233430683456,0.005797032684832454,0.04500211644321015,-0.2126502220897236,-0.46713011949112015,-0.047194003067197114,0.2618119729545178,-2.2186530813944785,-2.2191502467577853,-0.007691240606437272
9.450145244598389,0.9409926609846595,-0.7361060985409812,-2.851757673413673,0.005755343514648126,0.043558435445983736,-0.21488602772892915,-0.4671264361446761,-0.04719124057719324,0.2617143475296969,-2.2186349514838355,-2.2191627506434313,-0.007755616641923617
9.45827341079712,0.7361549710483853,-0.528528391764216,-2.680147896909684,0.0010658152259089967,0.04136146608382191,-0.21077795050107268,-0.4671327067057927,-0.04717974795589489,0.261657132964673,-2.2185948064613843,-2.2190784350481296,-0.007755245268030144
9.466097593307495,0.8541780164541393,-0.18339513844879476,-2.7783977208303154,-0.0024155530151066204,0.0429555551982492,-0.2086272651213383,-0.46712953421158204,-0.04718914941801519,0.26160464410381956,-2.218562968333098,-2.219051187534164,-0.007626618419935593
9.474082946777344,1.0219052407198137,-0.7052632428610924,-2.6879048795827076,0.005418361673803604,0.043888377123229294,-0.2211287456023557,-0.46713729778345403,-0.047157984033160044,0.26150410898536075,-2.218735688842343,-2.219032819143823,-0.007688096784658556
9.482179880142212,0.7606384104895652,-0.4320080944710194,-2.7771343952005774,0.0012542291773853106,0.03983324813988181,-0.21107945974637182,-0.46713988656333716,-0.047186998635350495,0.2614636387548236,-2.2185774706504287,-2.2190594778894996,-0.007689056046623553
9.490190505981445,0.9179699600856226,-0.32597349620457144,-2.831178575118156,-0.0026086601115849787,0.04235341346894331,-0.21024291033911174,-0.467131867006349,-0.04719845904362506,0.26140401714558165,-2.218572933396754,-2.219094125966846,-0.0076305557548352184
9.498150825500488,0.9718549281412713,-0.22664601189782158,-2.894849081605281,-0.00549699820471997,0.04611563174648666,-0.20985574776348412,-0.46714250903609594,-0.04717119007672676,0.26135070456913906,-2.2186523163382272,-2.2190008520021163,-0.007595871171041237
9.506342887878418,0.9116188390045427,-0.6727399746818881,-2.9619597049856052,0.0013483305356769997,0.04271598390206236,-0.2143624499958498,-0.4671374770007819,-0.04717155117134031,0.2612987536283473,-2.2186559826284005,-2.2190263029949406,-0.007594190597395548
9.514165878295898,0.836970792951904,-0.5848319861226119,-2.8828420374988504,0.0006790664548863425,0.03975689344904316,-0.2124974869146657,-0.4671498441205338,-0.04718769765706473,0.26121786870496677,-2.218577845740593,-2.219084875619416,-0.0076938828095383886
9.522212982177734,0.8543970440025671,-0.16877609992535195,-2.9025848799019163,-0.006801124169293051,0.04078820847696152,-0.21366213427022016,-0.46716044429876763,-0.047194182138103856,0.26119267397079504,-2.218500440713181,-2.219089317955392,-0.007583572920952811
9.530113697052002,0.7947698314225771,-0.2797202831434127,-2.909517780877271,-0.0021580668786334496,0.03865176589752986,-0.21268833593881892,-0.46715905778399275,-0.047193952109988266,0.2611501075216876,-2.2185358292947925,-2.219007771558525,-0.007600808274827745
9.538137674331665,0.8984054865804184,-0.6501486593437591,-2.7923053380051006,0.007234267187716906,0.042125565808066145,-0.21998706242706528,-0.46719601002295263,-0.04716572533961771,0.26115101907428406,-2.2184847406600863,-2.2189512120068655,-0.007393609419495636
9.546111345291138,0.9421466074036808,-0.0919321453047268,-2.718450935948116,-0.007814519405463767,0.04300714035336558,-0.2071604792750823,-0.46717105808205506,-0.04716561562536251,0.2611085766510556,-2.218503760471032,-2.2189072920842587,-0.007427072405217702
9.554170846939087,0.9231774403039206,-0.5255280304121561,-2.699689938559863,0.003670968041723086,0.040564543073376626,-0.21525987939079236,-0.46716235722125965,-0.04719206381811917,0.2610725417361921,-2.218366364589518,-2.218990285461332,-0.007447260617628125
9.562130212783813,0.9754924243504136,-0.5481251605450581,-2.8452001203946162,0.0037624253796501275,0.043888447376692424,-0.21306121541611656,-0.46717703230206287,-0.04717522350457419,0.26103194604869534,-2.218455278810856,-2.2189555658341407,-0.0074087166356947174
9.57022762298584,0.7746324476010474,-0.3624294359790646,-2.8378900025507736,-0.002234215089645643,0.039868992685787676,-0.20500671480000832,-0.46717101584392345,-0.04715631493498867,0.26101085618277015,-2.2184532727097435,-2.2188615157131335,-0.007430971992006266
9.579258441925049,1.0438974308334845,-0.6662996678309947,-2.8563551840751678,0.007202631324998905,0.041634314710247235,-0.21080425090936347,-0.46717222965506544,-0.04716774425026075,0.2609696541017231,-2.2184035617990676,-2.2188494404825643,-0.007413504055698738
9.588256359100342,1.0448467496172935,-0.509528838877498,-2.812692629245645,0.0024845112856214943,0.04655475394579477,-0.2163983889387379,-0.46717527051471375,-0.04718426953741224,0.260942447678372,-2.2183429918032993,-2.2188999917686387,-0.007365109506637758
9.596100330352783,0.798984704717624,-0.31635347372549133,-2.899901563328516,-0.0015894875896245093,0.03475456539179906,-0.21133915038705386,-0.4671993364188806,-0.04716326188543144,0.2609100233352477,-2.2183321750746625,-2.2188335139695363,-0.007296928836895479
9.604123592376709,0.7244356011275769,-0.3819701403391775,-2.4164667658234538,0.0008627550152877523,0.04230637100223511,-0.2140518977150946,-0.46718332840475923,-0.04717154380835328,0.26085235494713255,-2.218266262319699,-2.218827325062883,-0.007225562991387213
9.612346410751343,0.7840352834909031,-0.3697320665840941,-2.678115313839343,-0.0013028406760761827,0.039085676497355615,-0.2145792942058521,-0.4671746752452989,-0.04715099394728036,0.26077575339282727,-2.2183539646257273,-2.218788227260944,-0.00728375125660337
9.62218689918518,1.4399789098950726,-0.544645558782798,-2.894071668102064,0.001345535981073181,0.05244689746076334,-0.2099660687635602,-0.46716564770195224,-0.0471899705776342,0.2606811439503223,-2.2183439736159842,-2.218826969901483,-0.007249705568557374
9.630182027816772,0.7046655988424755,-0.35066603717640144,-2.7210883933971632,-0.0006162821802084413,0.03792768385190142,-0.2083186987664416,-0.4671843067198569,-0.04717659302206889,0.2605941721266652,-2.218328632314527,-2.218779877112882,-0.007214351622498715
9.638205289840698,0.9270250252217179,-0.8145197667497114,-2.7204456909930395,0.007782535083945175,0.041846196711270336,-0.2144736037559172,-0.4671700888344199,-0.0471530938820557,0.26046121875461825,-2.218467803553108,-2.2188115693190973,-0.007310389569918681
9.646240472793579,0.7873338789295729,-0.6887915788489852,-3.0417798775932616,0.005457048950290859,0.04053781626828586,-0.2167905716863355,-0.4671889170138031,-0.04717582378922959,0.26034873142517634,-2.2184674919008787,-2.2188777733168408,-0.007398388243364373
9.656115293502808,0.9196186937192096,-0.748215895341402,-3.2011371152809067,0.008045798424977536,0.04228444349387864,-0.22056095387571262,-0.4671489108325478,-0.04717584464062926,0.26022534234339845,-2.2184760399280474,-2.2189174383883836,-0.007581612176783855
9.664213180541992,1.0449914848566804,-0.5086338277701017,-2.9945462151121665,0.002758474415569286,0.04583953392272623,-0.21336271679265656,-0.4671698715050565,-0.04719136880912833,0.2601219541005365,-2.218418343332055,-2.2189753381992454,-0.007539304345890527
9.674230575561523,0.8107486442170896,-0.24625135544999474,-2.781059229899364,-0.0032883611780787263,0.043775515261191895,-0.218164778808348,-0.46718787746795204,-0.04717558061553257,0.2600748185256824,-2.218380972316069,-2.218959235146889,-0.007385208568788067
9.682212829589844,0.7575841967058669,-0.7299838115587481,-2.76377319409845,0.005146022444119294,0.039116796529062206,-0.21927737914736617,-0.4671502484852465,-0.047191062034760665,0.25999092881455405,-2.2183195739785897,-2.218944611879875,-0.007381097407640118
9.690210342407227,1.065330338612616,-0.5202588622058137,-2.74554023267946,0.004662044372807403,0.046078069275135566,-0.21169253985967953,-0.4671840369655758,-0.04716838619158336,0.2598936534029238,-2.218349525663974,-2.218849889058227,-0.007361952981138581
9.698235273361206,0.8954965522969013,-0.32861573391842364,-2.790101643185591,-0.0033091906031098963,0.04277744144224757,-0.21313363218660628,-0.4671590843213289,-0.04720529679463671,0.2597898084179393,-2.218292166268858,-2.2190135519846073,-0.007408166961081272
9.706278800964355,0.7120874862839062,-0.4130605194689742,-2.8928841799099607,-0.0005703423707672803,0.0381164526221952,-0.21406533501739794,-0.4671651982066523,-0.04718387217764805,0.25967906737231655,-2.2183850084480254,-2.2190362545205162,-0.00751791632247927
9.714138746261597,0.9751927138455608,-0.9339245101760978,-3.007397018748925,0.010465208538956664,0.04510030965732041,-0.21548665622824326,-0.4671609964471101,-0.04715800633954642,0.2595888732507773,-2.2184960233858093,-2.218941636785341,-0.0075829235233248835
9.722135543823242,0.9324497096832339,-0.503791718860047,-3.266968495901857,0.001887393534290897,0.04186895965559507,-0.21999029290911057,-0.46714383085916966,-0.04718050156328038,0.25948873073374423,-2.218528227707569,-2.218993042880811,-0.007535306899368551
9.730150938034058,0.8465718673289568,-0.5235490936756801,-2.9745402947511774,0.004786856603355919,0.04169429026077449,-0.2210638544161969,-0.4671581091571513,-0.047175586828627596,0.25945066531809247,-2.218413215434908,-2.218957259428781,-0.00746514284056754
9.738266706466675,0.8065573942553163,-0.45595768515808605,-2.8935629372662075,0.004033030137277151,0.041064335501103805,-0.21681906760604885,-0.4671715651679792,-0.04718499378208379,0.2593622863866163,-2.2184910960573863,-2.2189531737843544,-0.0074386316906496245
9.746070861816406,0.7727196508546602,-0.8074815746541736,-2.889013920743554,0.009349977796869495,0.03853866187312764,-0.21525040015560046,-0.4671698045009547,-0.04716589723836901,0.2593023832804507,-2.2184192088230312,-2.2189478216771947,-0.007530002459618166
9.754237413406372,0.9000678639783051,-0.35715089603989997,-2.966676657085701,-0.0025553650805910898,0.04372432248621079,-0.21224438714159966,-0.46716283353368715,-0.04719592691476228,0.2592518804708507,-2.218348845938238,-2.218991732349342,-0.007445587229857877
9.762189388275146,0.8603577948859282,-0.40023870842122816,-2.7517939604189667,-0.003261520157993443,0.041491358670532205,-0.21764172079027977,-0.4671692011605193,-0.047168011134966915,0.2591815877779431,-2.218438406694311,-2.2189249074213144,-0.007429490685628829
9.770194053649902,1.1716719949276109,-0.6022520377482716,-2.971022033358244,0.0037018305402251477,0.048110367745353703,-0.21590160200923275,-0.4671706905826957,-0.047183917508357466,0.2591286310495992,-2.2183588865807606,-2.218908810995777,-0.007441306031547254
9.778253078460693,1.0699180197098495,-0.6177581895803196,-2.746454949198331,0.006748546058148859,0.0464721811232556,-0.21899239076307242,-0.4671693005477494,-0.04718556227404374,0.2590512191216777,-2.21839488242293,-2.2189777399590453,-0.007431655329067692
9.7861487865448,0.8377845583769746,-0.7622792423300474,-2.762439264476609,0.009525017085227173,0.039679972040970415,-0.2256335952089926,-0.46716483437435335,-0.04717708832976446,0.2589736650566745,-2.2184954222609177,-2.2189325910267077,-0.00743400236536464
9.794258832931519,0.9832685361861417,-0.5326367832493293,-2.8565143989030815,0.001785326480761408,0.04551031416098902,-0.21213808869019918,-0.4671613633639858,-0.04719011153669986,0.2588932730979861,-2.218487506013513,-2.2190199100158754,-0.007510316547705707
9.802274703979492,0.7814264570006514,-0.4048935257093445,-2.797943624488733,0.0004058290029384608,0.03844243722769976,-0.21216454661988465,-0.46717918914989937,-0.04717993429134231,0.2588574267649586,-2.2184371998598134,-2.2189818378767097,-0.007441685116253961
9.810181617736816,1.2471297269217194,-0.8355231172383294,-2.7698740809952933,0.0064907240606711155,0.04874872640020549,-0.22465161617736035,-0.4671715891051673,-0.04717471804562697,0.25884504177927126,-2.2183849628297625,-2.21891164074504,-0.007401990848155107
9.818237543106079,0.7588335011875663,-0.5403850025073884,-2.77653831578151,0.004879043376760484,0.03576570171515335,-0.2075967591188686,-0.4671654361264466,-0.0471872203018755,0.2587856571836862,-2.218399096843999,-2.218916847743064,-0.0074845566592871195
9.82621169090271,0.9973115558842791,-0.5883453207269654,-2.751846716195707,0.003398662386515702,0.04281705535836141,-0.21656276816164577,-0.4671723199323203,-0.047177066751052904,0.2587352614805307,-2.218429367117011,-2.2188951570784274,-0.00738067119849769
9.834174633026123,0.8723103869733007,-0.5102538271241267,-2.6662719340716055,-0.0009550877146774016,0.04096891661912446,-0.22086251217584024,-0.4671837929395113,-0.047188323537073786,0.2587001714979895,-2.2182654978085883,-2.2189432492715064,-0.007399398869606748
9.842292308807373,1.061306241962451,-0.33423755966296037,-2.8355842433987437,-0.005997340501677052,0.04678205836014738,-0.2090214216970647,-0.46716874635037764,-0.047183351182885816,0.25863129350110753,-2.2184180885152065,-2.218935439468336,-0.007517882600321786
9.850123643875122,0.9663668091109576,-0.5286937858045885,-2.715276617619791,0.002207420948390074,0.042321130322505514,-0.2128235826697655,-0.4672024875326811,-0.04716838758974687,0.2586361628355573,-2.218311939917471,-2.218873406997092,-0.007371764553216908
9.858160734176636,0.8150818559790091,-0.5507025258224382,-2.820223762705765,0.0012352438042110207,0.037508478884590045,-0.2199600755274567,-0.46717230273523574,-0.04719019952153039,0.25853182601253455,-2.2183620800774095,-2.219055176493,-0.007453351886621896
9.866122484207153,1.0711002243850711,-0.8504684865869137,-2.677624155102133,0.007475171704200046,0.04609791818507228,-0.216953561988739,-0.4672122952842224,-0.047138377817465944,0.2585606412553632,-2.2184138977629626,-2.218791694568732,-0.0073399853417364935
9.874143600463867,0.8343660151932389,0.003118624397813484,-2.898343482565473,-0.009315728742675439,0.04163706589001508,-0.21711182041631266,-0.4672033496117901,-0.04717562298369037,0.2585273031309384,-2.2183502590564994,-2.218805889657661,-0.007252859698283925
9.88631820678711,0.8726338198445791,-0.536653511871152,-2.7168359845134193,0.002643295395407027,0.03772902936075676,-0.21490888745072073,-0.4672129273622241,-0.04716842618990264,0.25849187664663875,-2.2182853823000115,-2.218872000810652,-0.0073186167310839234
9.894134044647217,1.0681045344250841,-0.3156249601690895,-2.77333966549161,-0.0012586760404341539,0.045507429517387954,-0.21754448055037862,-0.46720864770907095,-0.04717884985741699,0.2584385424975957,-2.2182521809365765,-2.218884157004153,-0.007292942850670997
9.90214490890503,0.7631635896923955,-0.5852596844457167,-2.9030025123226917,0.0020346901715596975,0.03860778034177505,-0.20580508521528237,-0.46720883519343465,-0.047172420933753345,0.2584312329365902,-2.218274523981464,-2.2187908781599606,-0.0072291730883489525
9.91018795967102,0.47958052842089127,-0.4894291275292553,-3.0115258731551195,0.005038557825129189,0.03143626433572363,-0.21384790951916538,-0.46719538185321385,-0.04716146847074538,0.258380938924202,-2.218285905376769,-2.218759319631285,-0.007329870219388405
9.918293714523315,0.877602783037257,-0.6569287081854545,-2.743015847536818,0.0044732000294848695,0.04076070392282272,-0.21891241777971235,-0.46720090166786643,-0.04717064845772745,0.258362197721705,-2.2183164292817383,-2.2187778814792605,-0.007241438552389874
9.926239490509033,1.0513206370694173,-0.7291425072861941,-2.889298843710713,0.0037046336732182413,0.050078040037016616,-0.21486415007512802,-0.467215915942411,-0.04718062510942365,0.2583709651003496,-2.218159631570152,-2.218829599804329,-0.007200267543248409
9.934259414672852,0.8983191745438539,-0.4124474650603402,-2.9359335488115694,-0.0001923700317250541,0.04148972998684511,-0.2116136289021829,-0.4671941365537646,-0.04718987823678396,0.2583101329596435,-2.2181449951700913,-2.2188938351386587,-0.0072996020564736796
9.94228720664978,0.943137531183943,-0.8996338934234835,-2.918141519317053,0.010784598048113795,0.043499372595682775,-0.21719509795501668,-0.46721271972787526,-0.047157797150072095,0.25826744012714353,-2.218321066080698,-2.218756775421165,-0.0073285445675075455
9.950128316879272,0.9387083254533243,-0.6735438106258158,-2.845721615624042,0.006255446983706551,0.04305645056848008,-0.20984398693826298,-0.46720439942602937,-0.047164425189277444,0.25822406066574544,-2.2182820568377943,-2.2188394257933406,-0.0074074266953171415
9.958186388015747,0.9616252669258071,-0.6248303792291123,-3.0454938981111197,0.0014992977162360734,0.0412431541481818,-0.20731219101016324,-0.46721339001650153,-0.047149191073004616,0.2582134751424269,-2.21828697199762,-2.218771234811281,-0.007294901545078717
9.96614670753479,0.8388427280525743,-0.31526238664877887,-2.9252298845269933,-0.002937029862334786,0.040254421855077355,-0.21748734740119655,-0.46721084217703157,-0.04715601699269617,0.25820568000451277,-2.218223190065532,-2.218784374119598,-0.0072166892161913705
9.974106788635254,0.7972325527426928,-0.3703985389558357,-3.068867964514729,-0.001967990212603358,0.04203415144155118,-0.2138915418739575,-0.46720767988979395,-0.04717427414369271,0.258174825104588,-2.2182677286151047,-2.2187895205345676,-0.007231233803298385
9.982131958007812,0.8532770757910708,-0.337179396272322,-2.8295007964370327,-0.004111573565856764,0.03997075738456483,-0.21513446812951828,-0.4672107586906361,-0.04718058300253215,0.2581352977160457,-2.218288404125297,-2.2188503096876806,-0.007238192410138179
9.990229368209839,0.835095805242546,-0.1970221238026094,-2.8836738167334492,-0.0031946570006171895,0.037564914858221624,-0.21316036888139062,-0.4672085248960918,-0.047166614687807466,0.25813522748638523,-2.2182253127657554,-2.218820444463963,-0.007221503844216568
9.998401641845703,0.9877510014791803,-0.6093505849775503,-2.8566395030321408,0.002629218359698333,0.04583409918218418,-0.21587559015477717,-0.467204269184655,-0.047161349630657615,0.2580899849670125,-2.2182808392080084,-2.21878754614396,-0.007214967093763519
10.006386995315552,0.7232118219610602,-0.49589768316984767,-2.8642467950190738,-0.0007977976722241743,0.03757701587664656,-0.21172027764238882,-0.4671982957696377,-0.04717460667830486,0.25808065432748767,-2.218282779852004,-2.218774077250626,-0.007196716273657723
10.014195680618286,0.9483871332399804,-0.659479974768681,-2.92808810336519,0.0056958166226953495,0.04222018185610418,-0.21251878376721767,-0.4672000203434453,-0.047161090909230714,0.25805234557846635,-2.2183039015507333,-2.2187492094238452,-0.007302438438629995
10.022196769714355,0.8606069525565512,-0.3037489516573575,-3.0059166176778893,-0.0037694363063421705,0.04215527237091072,-0.21019708530525621,-0.46718008336112343,-0.047186802224354674,0.25800762049837295,-2.218252363146138,-2.218917643483039,-0.007361891041562233
10.030155897140503,0.7953380894716341,-0.35513412581215326,-2.9715419659006996,-0.001794771755942676,0.03881878394586213,-0.21058982091975428,-0.4671958841572396,-0.04718089177011163,0.258007980314809,-2.2182358315895048,-2.2188657219987804,-0.007238394086707008
10.038129091262817,0.7924118115016732,-0.6066420044878217,-2.915978156728083,0.004431935050532658,0.0384899133988506,-0.21753345205837557,-0.46718416034225085,-0.047153264278240514,0.2579653182673066,-2.218337985327165,-2.2188028448554076,-0.0073293727481755725
10.046164751052856,0.9718346290280369,-0.3899887189257645,-2.837120605080174,-0.003161413516224504,0.043571753259648606,-0.21511598555122532,-0.46719765931078927,-0.047164332813577854,0.2579543143355923,-2.2182801619085657,-2.2188017562440123,-0.007275739063879492
10.05423641204834,1.1932586628817705,-0.7843502604207544,-2.7770125039690496,0.007471597074924669,0.050660544221579146,-0.21561703303437874,-0.4671813592932684,-0.047177177251112035,0.2579316895543775,-2.2182552951717427,-2.218862950471139,-0.00737494141092643
10.062210321426392,0.7588829973894601,-0.5530445535670023,-2.8887347670827186,0.002008375035898482,0.039825216333394794,-0.21528129907723234,-0.46717494858011077,-0.04717114744469195,0.25790135982223167,-2.218248355556037,-2.2189362977279004,-0.007345070008795528
10.070117473602295,0.6209004302134693,-0.7097915455793159,-2.860950356921205,0.004890391342959956,0.03423916015347263,-0.21603299486220495,-0.46719186720688033,-0.04717131519115186,0.25790206274677063,-2.218184489757332,-2.218918143048324,-0.00732228184681036
10.078197240829468,0.9758998338551267,-0.6921759311284577,-2.7531540736069426,0.005337455845384255,0.0423345434336737,-0.2185340969239654,-0.4671773143382895,-0.04717660940036839,0.2578643018163673,-2.218283360253438,-2.218872992537425,-0.007394336173994985
10.086162328720093,0.9344099144390147,-0.7320889775970905,-2.831351688594356,0.005701007104346943,0.044570716820149583,-0.21253406098157646,-0.4671775696066906,-0.047174869929884226,0.2578166635660523,-2.2183533676794656,-2.2188762063141394,-0.00750674617752761
10.0941162109375,1.0311589169659396,-0.2277846350199569,-2.9164980196319323,-0.004922830426643,0.044129582792638115,-0.21199929970453263,-0.4671661376945921,-0.04717146641761941,0.2578127319128669,-2.218288624930213,-2.218939979166697,-0.007431231668684342
10.102187871932983,0.8203003494201816,-0.6256118453590047,-2.94445083105222,0.006407597194176987,0.03948377088329311,-0.21641531502824277,-0.4671801211982924,-0.04719402194361142,0.25777318309266617,-2.218319051733069,-2.2189576739763908,-0.007429893319028609
10.11024785041809,0.9781449746217904,-0.7171211844603472,-2.8127939887919653,0.007451212288323182,0.04339180804497645,-0.21134916648780042,-0.4671875675997555,-0.0471686245131202,0.2577536703078294,-2.218384418632116,-2.218940857607974,-0.007457640406951731
10.118141174316406,0.9077372170944868,-0.44986595063814844,-2.739327392984119,0.0025085217547632086,0.042598359760053044,-0.210632588744662,-0.4671874493170414,-0.047160525550395016,0.2577557547361034,-2.2184041218499293,-2.2188424679998966,-0.007411822340880312
10.126210451126099,0.8517829742055855,-0.9636490199047405,-2.778715879289846,0.013193985567216685,0.040395929443253376,-0.21806690515125038,-0.4671696796920034,-0.04716158467783732,0.2577082768437706,-2.218374329661536,-2.218992305897645,-0.007534682499254251
10.134146928787231,0.7446701921901088,-0.5109527499804034,-2.8753566329230424,0.001435996836360991,0.03808690779190049,-0.2113847605946597,-0.46716463441021544,-0.047177697973470524,0.2576865564738474,-2.2184268452252276,-2.218984268449104,-0.007473523772999742
10.14215087890625,1.2099221892079572,-0.9143893082469489,-2.8045334143636893,0.011753387350356276,0.04774871953636704,-0.2136590338040032,-0.46718314673133693,-0.047157203481432264,0.25769839293727465,-2.21837122192047,-2.218883268897023,-0.007456569081135064
10.150355815887451,1.0829705110686811,-0.80034794778073,-2.6767618292353834,0.010012040505627895,0.04700549177591926,-0.22040128395823685,-0.4671953741360242,-0.04716656948825543,0.25769554993936444,-2.218362121293896,-2.2188964017949946,-0.007445070838097429
10.158311605453491,1.0407309781750502,-0.6101383646884332,-2.529265824791641,0.007147242833797629,0.04309464270567996,-0.2188885828999177,-0.4671918749381319,-0.047177117159029024,0.2576524909652388,-2.2183983111404473,-2.21892975808278,-0.007391744592939065
10.166128158569336,0.7739051934133618,-0.5921565037764485,-2.6543831397087234,0.0013401336577069946,0.037703414315195555,-0.2110324124424333,-0.467186917503956,-0.04716719347525678,0.25764391529374103,-2.2184645500668694,-2.218921811426503,-0.007459031478311322
10.17417049407959,0.7684363119925189,-0.39292393538525805,-2.9950209658429428,9.340989052719199e-05,0.03941622872722773,-0.21198155920720824,-0.4671693085827686,-0.04720387361027093,0.2576436611473765,-2.218337739247427,-2.218996634977066,-0.007373495174231669
10.184198379516602,1.0062000413298098,-0.8296993111482516,-2.9012926911894033,0.010219883949939303,0.04174354028860258,-0.21773032256092625,-0.4671804797047279,-0.047155692733543884,0.2576527010364256,-2.218342717543433,-2.2189364162620726,-0.00751446150489418
10.192267179489136,1.2444301722821234,-0.8379958967965205,-2.6988771207619746,0.007281907035746735,0.043482588247615764,-0.21539895556415764,-0.46718088798675106,-0.047173379536931154,0.2576471164110403,-2.2183015874775,-2.2189066677543803,-0.0074116143481690235
10.200309991836548,0.613030530583296,-0.7779350067245971,-2.0776470911359537,0.006360766321617077,0.03616966523703288,-0.21479070908228862,-0.4671901434570983,-0.04715731860173564,0.25755281460312557,-2.218371131706075,-2.218886069894501,-0.007400491826543503
10.208153009414673,1.0624197403783266,-0.6564234054806342,-2.657808715518451,0.003732355356725702,0.04438035710844248,-0.20970117642127623,-0.46716465895952386,-0.047189036983758745,0.25744667233160873,-2.2183700979732444,-2.218917955586957,-0.0074851709417575905
10.216221570968628,1.2992337584109355,-0.43394342608873626,-3.152072975931485,-0.0021416966135446936,0.04868251977730745,-0.21416252663630195,-0.46715621039602223,-0.04715783046256163,0.2573356425990162,-2.2185135511838463,-2.21893645307343,-0.0075257334275432965
10.224286079406738,1.2093937675330757,-0.6348054960921011,-2.8668995215662227,0.006557757478100978,0.04821073789049408,-0.21666297607004348,-0.46716217227985857,-0.04720813433355611,0.2572441199080802,-2.218316846039035,-2.2191183986326597,-0.007512236441873572
10.232107162475586,0.8289845916210243,-0.29304701595012655,-3.144150334824114,-0.0017390946758321273,0.04217858183347099,-0.2121395691450757,-0.46714541110921004,-0.04719158441478536,0.2570806328317055,-2.2185750402741657,-2.2191678745256347,-0.00765604415033418
10.240235090255737,1.0553898205401402,-0.5923591905041486,-3.2074262682210306,0.0032454243619489216,0.04651484570484311,-0.20928375623135356,-0.46714333334366653,-0.04718745500548945,0.25698985512767836,-2.2185281365725706,-2.219149428960366,-0.007723871392511161
10.248186111450195,1.0659002102025523,-0.9169413603827448,-3.0437330263680806,0.005838185374859351,0.044681809809127386,-0.215850015362538,-0.46712315825073136,-0.04718942083235491,0.2568760209543116,-2.2185836632741145,-2.2192567592984536,-0.0077832218856844345
10.256220817565918,1.0118085197050877,-0.405492335446385,-3.025236643724524,0.0005066393163339498,0.04251619011429684,-0.2108286744567936,-0.467125846107494,-0.04719218992184131,0.2567724988879806,-2.2186356843534023,-2.219265214797175,-0.00784445560994076
10.264223575592041,1.044308371649316,-0.7478504956040805,-2.762928140750684,0.006880237073782835,0.04670434139491504,-0.21809601409730975,-0.46713025393124136,-0.04718888085279235,0.25672135157597953,-2.2185297572330085,-2.219234455584059,-0.007855766011644193
10.272199392318726,0.945725915503467,-0.6109976719771145,-2.5894748038942756,0.004949748825333858,0.04168637219618362,-0.2149475435373744,-0.4671159203493553,-0.04718810023792949,0.25666495646422793,-2.2185413148067967,-2.2191953983354673,-0.007801298546340299
10.280282020568848,1.2263194023718569,-0.34130346588581195,-2.6974071004878155,-0.004484824973877401,0.04713357900728877,-0.21050309550988594,-0.46709932818934713,-0.04719849179902092,0.2565712307427271,-2.2186261483712273,-2.219235395674219,-0.007800051239936692
10.290096044540405,1.0826005603910855,-0.7149562528081447,-2.7491330482001892,0.00845910827334524,0.04425171441651348,-0.2147141902789306,-0.4671235761895606,-0.047167329876144456,0.2565848603083089,-2.2185401802837905,-2.219050824474534,-0.007672873611008689
10.298181533813477,1.1045388306918997,-0.6519623143236284,-2.686006349596082,0.005339144345469829,0.04658816151523357,-0.2181782137698058,-0.4671286160930025,-0.047186570261051775,0.2564577143608976,-2.2185054048593185,-2.219219436200703,-0.007747094992263451
10.306141138076782,0.8712280908708161,-0.6602808676127412,-2.8201866276301937,0.0031782895761005513,0.042788710176538104,-0.21695397267363692,-0.4671237073105358,-0.047171919047104244,0.2563737834200317,-2.218633112378394,-2.219112027846519,-0.007697709553055551
10.314127206802368,0.905317897554137,-0.5667623787667214,-2.9530578324247467,0.001903701254389646,0.040725481160071735,-0.21103658382574056,-0.4671307250772563,-0.04719047682754916,0.2563131970476853,-2.218534404348475,-2.2191349927884105,-0.0077328354287437215
10.322248220443726,0.5809335842834249,-0.4701898227714195,-2.9551031836682626,-0.0013459394612541742,0.031209223709072805,-0.21130308566996478,-0.4671096954530156,-0.047194033136550434,0.2562079924054871,-2.218601717271199,-2.2191778215250615,-0.007799257637180012
10.330245971679688,0.6759383786448874,-0.3042147671196965,-2.9653450769543683,-0.003365933199219353,0.036204124671474366,-0.21183266823481772,-0.4671249733647094,-0.04718148093684648,0.256138402436574,-2.218559113807776,-2.2191748646708764,-0.0077316683244153354
10.340218544006348,0.9427416627704274,-0.34056415383300015,-2.869803583047375,-0.00035221602221929447,0.04328187944779076,-0.20988752929679758,-0.46712746280476136,-0.047215794365273525,0.2560670772057785,-2.218470502921828,-2.2192358600405004,-0.007700539956329979
10.348209857940674,0.7957321611047546,-0.449901639106045,-2.943990964778781,0.002431091979833093,0.03961268522181975,-0.20839617997866786,-0.46712310345924796,-0.047196370235859215,0.25597828921545107,-2.2184903366155173,-2.2191785236540644,-0.007674990840978366
10.356229543685913,0.764290307977329,-0.8149057851230213,-2.8796037630993374,0.008627329586651888,0.03974995793343432,-0.2164820487989823,-0.46713792113924335,-0.047199862727447923,0.25587985686686404,-2.2185122118707055,-2.2192094835168352,-0.007738732217731902
10.36413288116455,0.8440298499528407,-0.5281742243493083,-2.788527496811577,0.001717275159765864,0.03951407367819251,-0.21415204458428133,-0.46715108998272264,-0.04718894656546361,0.25586055771193583,-2.2184578740383496,-2.2190765504395915,-0.007577174384350922
10.372137069702148,0.821046279996843,-0.4621679412219674,-2.9068830679587756,0.000249429905377468,0.04096577977366561,-0.21720878444738953,-0.46713069139140384,-0.04716775822793285,0.25574921931342304,-2.2185186510000245,-2.2190390859144262,-0.007712468760943825
10.3801908493042,1.0742799699292087,-0.636023036112818,-2.7190438811753626,0.00037209532693580245,0.04737731669151678,-0.21606716932922274,-0.46713378722613863,-0.047182873919266635,0.25566204573289786,-2.2185413184213116,-2.219145647842338,-0.007698471735912748
10.390146255493164,0.791745328704581,-0.3138336360030355,-2.9589440903671385,-0.0028052521729549796,0.03891261362552424,-0.21179300870834217,-0.4671298149105039,-0.04721464998386667,0.255578475883856,-2.2184697578673105,-2.2191974043224802,-0.00774405162685008
10.398215532302856,0.9081200729622596,-0.6889603707950439,-3.055169667887889,0.008458315415193162,0.040073630686516835,-0.2111541634481321,-0.4671526661575447,-0.0471973067189796,0.25551633072839536,-2.218446963852808,-2.219095034717583,-0.007577264689254104
10.406203269958496,1.0277613045518077,-0.8234331562435645,-2.9139954216618587,0.010031030462628225,0.04422135009644204,-0.21850588134852325,-0.4671510675884974,-0.0471936473182488,0.25542520609816255,-2.21839964510786,-2.2192237188137534,-0.007650303864924493
10.414273977279663,0.7619679282412387,-0.5072478183309069,-2.872188854884421,0.0005802806436270205,0.04041873309866976,-0.21974257828926377,-0.46716249920854475,-0.047192337792435896,0.25539679632160656,-2.218454296760779,-2.2190569243249927,-0.007502452665615902
10.422136068344116,0.7547083972808395,-0.7053224417993533,-2.833338356459049,0.007432640611049416,0.04067196336782197,-0.2165145040971895,-0.4671265739619802,-0.04720712223474898,0.25528787837764005,-2.2184189472550373,-2.2191561021382475,-0.007594177890360928
10.430099725723267,1.0144782558585719,-0.5962867323540798,-2.84199592946261,0.0043661109461266764,0.04301708999444477,-0.21484177887089848,-0.46712575268037815,-0.04719282345331425,0.2552149055148695,-2.218513223362963,-2.2191518992763153,-0.007615995981205057
10.4380784034729,0.7295554709899791,-0.8825598179015182,-3.218147109008592,0.007392609631711034,0.03799318195544367,-0.2179738073938684,-0.467138054992102,-0.04721129526634295,0.2551531688808059,-2.218446774702111,-2.21922166137171,-0.007639873867886256
10.446181297302246,1.1126842300599296,-0.4820413379401665,-2.9093138661074467,0.00048603292584233266,0.04906971787550454,-0.2202054433056782,-0.4671364616820831,-0.047198423037806594,0.25507733096371116,-2.218528756880082,-2.219189460026071,-0.007685321079864372
10.454137802124023,0.8616988012053861,-0.5907668794190902,-3.0129796445759505,0.0043707494088198445,0.04012492184783135,-0.21730371724200953,-0.4671433715051819,-0.047180624774917516,0.2550239229059602,-2.2185369422625887,-2.219107560678452,-0.0076993733429266305
10.462181091308594,0.7991743773903893,-0.7124308820885875,-3.0413826061111813,0.006660119958424627,0.039894090821196354,-0.2166343269730904,-0.46713635727518155,-0.04721354689361707,0.2549842761496075,-2.218435522180134,-2.2191540705411703,-0.0075924361602764
10.470067977905273,0.9365883519907945,-0.3778702961250703,-3.173573608636247,0.0007587953936571334,0.040905507700140925,-0.21444452610208004,-0.46712803636482997,-0.04719345626583854,0.2548876101865898,-2.218537184718107,-2.219194643663006,-0.007699254224661594
10.478025436401367,1.1760556469441044,-0.7187068799943918,-2.974938767781485,0.0060855238232858586,0.04926619535597722,-0.21592912221818733,-0.4671489454453116,-0.04719036803159053,0.2548472144473043,-2.2185040723805813,-2.2191513949769828,-0.007687989291038059
10.486152410507202,0.7880849197845801,-0.40818495350712203,-2.8371259379700176,-0.0018802933193406224,0.03936843520281673,-0.21555170375987323,-0.4671393024743902,-0.04718220199697804,0.2547916974458127,-2.2185179833473394,-2.2191313952922966,-0.00765638656758287
10.49406886100769,0.8053283997952384,-0.3617146197353454,-2.878778310201331,-0.0005007334381965107,0.03874336735666416,-0.20772298548561852,-0.4671500140063009,-0.047196587520065336,0.2547628270248056,-2.218393699354995,-2.2192167326867276,-0.007603086512169765
10.50211477279663,0.8575845481309092,-0.6211231160245335,-2.870223810396975,0.005042907172254144,0.04102915801631108,-0.21416516492970825,-0.4671356967401458,-0.04719289706072221,0.25469080535816363,-2.2185016483027717,-2.219170970856874,-0.0077354990992594685
10.510048627853394,0.7371260946740879,-0.7365991335584472,-2.878774670981984,0.006725616219238353,0.037138198809341355,-0.21247880544686196,-0.4671363062573408,-0.04719525919205873,0.2546522646387224,-2.2184862306569055,-2.2191698807679567,-0.007649910425460911
10.518258810043335,0.9189330928921301,-0.8680089734398785,-2.818820604726191,0.010359085950052636,0.03905927231044671,-0.2171665879054087,-0.4671291546218914,-0.047178943323012555,0.25458835875378966,-2.2185842156159317,-2.2191425968711984,-0.007717155509086754
10.526141166687012,0.9463329875642806,-0.4564795081623266,-3.00779813350394,0.0014799436870500781,0.03887453494472566,-0.21566923288586057,-0.4671317696734177,-0.047193355365466705,0.254558938816171,-2.2184641210145424,-2.2192045960592788,-0.0077146661547439115
10.534276008605957,0.7980377843224226,-0.5038152274295539,-2.8555819143334777,0.0034456789654895926,0.0390896976727437,-0.21370245292948167,-0.467150496134196,-0.047170021645156573,0.25452040311725466,-2.218540105164673,-2.2191293989733984,-0.0077061922729832685
10.54215121269226,0.8259256091394466,-0.546183579199925,-3.0792139145667083,0.004497258437327742,0.040953014902601094,-0.21120948409380272,-0.4671497833546877,-0.047182894362129565,0.25449850523490075,-2.2184349277483517,-2.219178965411045,-0.007591007156971087
10.55015778541565,0.8103178960640919,-0.35851676319289516,-3.0696982176185523,-0.0034973201716371285,0.04209231493915076,-0.21260069360826933,-0.46714860839966194,-0.04718935703250297,0.2544779518116274,-2.2183951215049436,-2.219159823645839,-0.007688226774283626
10.558237552642822,1.0896505741798745,-0.7446190782218403,-2.8163156061679357,0.006228829404160647,0.046823672514984295,-0.21961053571067504,-0.46715085309461,-0.04716581456489553,0.2544496847963339,-2.2184682962639624,-2.2190261231105697,-0.007578174665629847
10.56619930267334,0.9907928684651769,-0.4097897268122816,-2.7702577691600685,0.0012455509708004396,0.046991756383123355,-0.21681867707108937,-0.4671554643333628,-0.04718872544607396,0.2544186196804693,-2.2184215394886535,-2.219069184729824,-0.0075891639904039085
10.57407832145691,0.9402815564175481,-0.4868580029833074,-3.0678432504983975,-0.0005057097921212517,0.04493535470027667,-0.2144096298713743,-0.4671680253932987,-0.04718071256228505,0.25440070434883416,-2.2184266201046032,-2.219021197269172,-0.007523946307400691
10.58223843574524,0.9705193537985419,-0.7908825102414314,-2.817431667652001,0.00897800069874382,0.04420451419235114,-0.215252046619688,-0.46715041503093335,-0.047201482297667643,0.2543496568773532,-2.2184256431478535,-2.2190839553170636,-0.007601919861493162
10.590124368667603,1.148492953689877,-0.49405114691993607,-2.8038586781176473,0.003366300708377481,0.049616088986549754,-0.21849076290714012,-0.4671751396699131,-0.04717500549438547,0.25435996968863284,-2.218348641504124,-2.2190159966815397,-0.007442736119545952
10.598201513290405,0.8118669389301646,-0.39441863716493475,-2.7066598482840116,-0.00022405540119711827,0.04226227836812002,-0.21092524293167839,-0.4671738635358144,-0.04715879225086423,0.25433591081411455,-2.218396839295931,-2.2189582601809184,-0.007425695310222221
10.606315851211548,1.058864123422964,-0.7480460918798874,-2.74416229535989,0.008148521078420288,0.044992336952721916,-0.21790450256867,-0.46716835273383833,-0.047170702063578755,0.2543016047057901,-2.2184231543327706,-2.2189651469765437,-0.00753043631866567
10.614140033721924,0.8370563044350505,-0.7067612978888839,-2.9423661208217693,0.00735254421681034,0.04247116087932029,-0.21437090732088293,-0.4671709767879859,-0.04718940383769131,0.25430769578846757,-2.2183328361107058,-2.218959159687794,-0.00735281837189647
10.622335195541382,0.8283077192257522,-0.981376417795291,-2.9811330728728254,0.01671033867937023,0.03884337888722303,-0.21274447295853993,-0.46716202207691465,-0.04718116880054807,0.2542458879447646,-2.2183495700379523,-2.219023878182792,-0.0074630021887562275
10.630286931991577,0.5741919221230379,-0.307389896700853,-3.011147400785468,-0.0016100690611991209,0.03442585577519214,-0.20635886811364493,-0.4671547701734326,-0.04717133305201274,0.2542275317396135,-2.2183309427546494,-2.218985938544726,-0.007488300359344308
10.638307332992554,0.7308019387375471,-0.428620809107283,-2.917097667743828,0.003089566772368161,0.03917198617339346,-0.21794578749376417,-0.4671693171365882,-0.047167605516645644,0.2542164149211063,-2.2182921033665934,-2.2190037570966363,-0.007417339124138445
10.646196126937866,0.8935196426620482,-0.4995154438077284,-2.919126255546427,0.002753751588909246,0.04498414314096111,-0.2157917197495252,-0.467175225127942,-0.047165759939799934,0.2541831702169657,-2.218387755777344,-2.2189731516895694,-0.007451879597897577
10.654145240783691,0.9148810108565468,-0.5240973190345062,-2.907793661926772,0.0014846338751687777,0.04031070486309347,-0.2158403773506121,-0.4671742495187341,-0.047152691351268795,0.2541680965122676,-2.218427270781407,-2.2188856000124604,-0.007382723752963149
10.66219186782837,0.8920203802603716,-0.6548746543332442,-2.9336907352103125,0.007349159074217644,0.04198681595671182,-0.21008272046409954,-0.4671640924946115,-0.04718830907083214,0.2541411478173827,-2.218315338190292,-2.2190493485271836,-0.00742182636232584
10.67018437385559,0.802885658722014,-0.337033142160468,-2.8450121744439065,-0.005253593763555233,0.03823855882730689,-0.21624629052253083,-0.4671668362085973,-0.047157774029916874,0.25409984159978405,-2.2183804100457394,-2.218977103903263,-0.007456294925540125
10.680181741714478,0.5970723019882087,-0.28161553505116815,-2.9946558720694267,-0.0006710674345670781,0.035582881915024,-0.21198125916240718,-0.46717598641809105,-0.047165163960061936,0.2540958608138128,-2.218349953572735,-2.2189828075624907,-0.0074426979215919745
10.688198566436768,1.1695293553232973,-0.5636821581615243,-2.9038730221451448,0.002354621187469619,0.04381198083516672,-0.21004046115692646,-0.4671547011466872,-0.04717817901348816,0.2540512995089165,-2.218355956572083,-2.219055772005497,-0.0074383798858742465
10.696236848831177,0.6640914281891909,-0.5038549903376732,-1.9826930817949544,0.000187546253284583,0.04138325196047577,-0.21620210668468956,-0.4671750723592622,-0.04715062555514694,0.25399272673863377,-2.2183694911054626,-2.2189257753490854,-0.00737128109350795
10.704282760620117,1.2173119257939211,-0.4367320754447611,-2.419775749327259,-0.002713868047011883,0.04757021439906715,-0.21065279957264252,-0.4671510842619963,-0.04717091191765379,0.25386854289250693,-2.218397593867285,-2.2190112832268203,-0.007489916936440912
10.714208841323853,1.167275219662185,-0.5515625324439705,-2.693403248898869,0.002993658373718497,0.04596414953792144,-0.21496707643718257,-0.4671195740029142,-0.047195809997449545,0.25371695964899005,-2.2184753856967268,-2.219211217857706,-0.007656493311793353
10.722229480743408,1.0756668212959752,-0.12291571655349065,-2.6228957237601125,-0.007213523056240695,0.048550057203300946,-0.2170225800344358,-0.46712859706302223,-0.0471724971930285,0.25358773581220406,-2.2185169949617127,-2.2192386333211633,-0.00770817682154767
10.73009705543518,1.067335520411139,-0.5467426352826276,-2.913357019828083,0.003123162342683565,0.04865057101838815,-0.2100877075080835,-0.4671425941271005,-0.047159940983302326,0.25348556323310056,-2.218559982064877,-2.219157919863199,-0.0077541470639008216
10.738109111785889,1.1380308865552278,-0.3694972685052552,-2.9448515752944844,0.0005314726918431218,0.046805075425172454,-0.21599585881734013,-0.4671316689513898,-0.04715997326657125,0.253389946550638,-2.2186188259805597,-2.219193053535779,-0.007801123236941954
10.746247053146362,0.9908866098396414,-0.5846817442382144,-3.154308183584087,0.0007553329801751246,0.04174670776659041,-0.2115116492444742,-0.4671204376262486,-0.047172162282526346,0.2532742230102658,-2.2186727195714746,-2.219224005595751,-0.007824190356046264
10.754236936569214,1.0699055394082972,-0.9495671335840679,-2.922490326446531,0.01284295627054539,0.04521974407624822,-0.20943153605173434,-0.4671145295126259,-0.04717449837948921,0.2532041483398248,-2.218636257954928,-2.21921228109949,-0.007833692919972653
10.764179944992065,0.8830835748068953,-0.8220003023154978,-2.8196515183010056,0.010102311013143144,0.04248487702271096,-0.21653850653344722,-0.46713034550163246,-0.047177962976056524,0.253144394999919,-2.2185620662626775,-2.219214386101265,-0.007799704058949759
10.772292613983154,0.9561998693467063,-0.3901860353136617,-2.5863335400638836,-0.0013649757944482522,0.045866942883096805,-0.21652918998047693,-0.46712625262799556,-0.04717482280857461,0.25305952913986396,-2.218551896179651,-2.2191724329780995,-0.007772107025467985
10.780229568481445,1.1207334657646937,-0.5836305004308281,-2.4740751967713397,0.0046696392872056895,0.04797345538121603,-0.2140055945257904,-0.46713113140605206,-0.047159311821687755,0.25300921296334233,-2.21853736622968,-2.219145352571572,-0.007635991106167469
10.788269758224487,1.345376064057685,-0.45375409744505946,-2.632333729541209,0.0020859365415203824,0.05426911978314354,-0.21313760880579738,-0.4671353623150052,-0.047171456331264246,0.2529173127090687,-2.21850566195795,-2.2191199416113006,-0.007660905680984016
10.798189401626587,1.0354819326453875,-0.9077771515121406,-2.7093731429029897,0.012000079002787717,0.0444369250877103,-0.21602891357902892,-0.46711916693541,-0.04717496218876565,0.252792989440972,-2.218575920103784,-2.2191701653749116,-0.007821323141886318
10.806303262710571,1.0070867851926388,-0.6876055293376323,-2.786661073617772,0.005571814848887663,0.043306821961621514,-0.21678139141115552,-0.4671257609074663,-0.047172006261305424,0.2526936029582859,-2.2186321326477567,-2.2191735098309473,-0.007762593244611003
10.814112186431885,1.0532592637522555,-0.8955866831697559,-2.7680623425338085,0.012915806049636186,0.04572789481501839,-0.21858224098794896,-0.46713206371220856,-0.04717417065569526,0.2526102183993277,-2.2185719047142607,-2.219206074938012,-0.007747515869869301
10.82207703590393,1.145522843082709,-0.6877813068892495,-2.7469810329504583,0.005139768026850989,0.04970216247906077,-0.21678396902221317,-0.4671045484618319,-0.047177955923660475,0.25246609290428085,-2.2186487657908325,-2.219289932966512,-0.007912797316969457
10.83016848564148,1.222334674064283,-0.5205389465559592,-2.772568696919182,0.0029591148999864553,0.05137743517135454,-0.21492302799153581,-0.4671126873999792,-0.04718492023806867,0.2524148284180511,-2.2186353134641936,-2.219265958963595,-0.007788972856345011
10.838141918182373,1.2883514873379058,-0.6419561395204031,-2.790591284051315,0.005538460190545971,0.04948748857894803,-0.21435326238951613,-0.4671252673352911,-0.047181187766577946,0.2523292863519254,-2.2186314522621426,-2.219230063378222,-0.0077873368810291495
10.84627366065979,1.0872403321491564,-0.30602073718504524,-2.760597090193918,-0.002516835314029337,0.045189951405615804,-0.21152094449620534,-0.46713416734912994,-0.04716497613772363,0.252274304129376,-2.21857131624584,-2.2192187186729537,-0.007725648223828266
10.856192350387573,1.0397031050957293,-0.7223562361022405,-2.6845871860762425,0.008252257382887903,0.04445201530337244,-0.2138441228169547,-0.4671237634179719,-0.047168093333713156,0.2522102062569808,-2.2185945909004823,-2.219214509078947,-0.007721326050676643
10.864224433898926,0.7847396900343463,-0.49197316891264525,-2.7711759148814257,0.001191709513026256,0.03605556883662098,-0.2107127447642116,-0.46711282706932805,-0.04717948880494396,0.2520959523178335,-2.218625562048901,-2.2191867121604587,-0.007774596174386544
10.872221231460571,1.0826916721603155,-0.6457720788421666,-2.7385017697974896,0.0006847270433745732,0.04602132668393815,-0.21522025380715426,-0.4671145588950336,-0.04717505545548443,0.2520163928655827,-2.2185612877587753,-2.2192434728452795,-0.007807864082635638
10.88005256652832,0.9584613169267701,-0.6944295423357305,-2.6131838236479945,0.005180140912899005,0.042273924094447676,-0.21634508684046722,-0.46711616284763835,-0.04718035202471289,0.25193404089353777,-2.2185735856123525,-2.2192827282740817,-0.007773452877656341
10.888211250305176,1.0823996897855124,-0.5299867497338341,-2.835673372241242,-0.0012533067196871146,0.04415997579342188,-0.21084632569474,-0.4671296645237412,-0.04717378826854638,0.25188596027308036,-2.21844730913161,-2.2192825776635714,-0.007661579870627696
10.896257877349854,0.991700962416128,-0.7490847845600834,-2.909514808126707,0.006421280046611563,0.04771320711484796,-0.2126996071947048,-0.4671077252964606,-0.0471854615291041,0.25176233781707696,-2.2185980939223495,-2.2192736287888453,-0.007811928136600523
10.906183242797852,0.8904823485913449,-0.19440782251712194,-2.9137238212595045,-0.0030079583390718798,0.04238677156497713,-0.21511890811702186,-0.4671327060092163,-0.04713314559783267,0.25171087364493494,-2.21862267451124,-2.2190973033826333,-0.007772528271509048
10.914254665374756,1.2304124562555712,-0.7600212642965883,-2.943435141060327,0.007319919872529275,0.05066201960911199,-0.2178747927530759,-0.46711948612902704,-0.047149910385405516,0.2516327233675034,-2.2185413564266456,-2.2191468267469636,-0.007763412492693768
10.922307968139648,1.118613082976673,-0.8499270026294256,-2.785019607575734,0.011211333134482637,0.04837205257154979,-0.21672805906613948,-0.46712282865151805,-0.04714359687608609,0.2515221746602374,-2.2185882527623066,-2.21916121024824,-0.0077439632633097034
10.930166006088257,0.7272347778383725,-0.2693696687271155,-2.8218064063128585,-0.005878064427729119,0.04152946665060066,-0.2162424152447463,-0.4671191130559602,-0.04717317441446297,0.2514651402484488,-2.2185379135699463,-2.2191659774102934,-0.007699317602541684
10.938152551651001,1.0143700970906955,-0.7173154181963812,-2.832934480123982,0.007485145695867181,0.044330311504189895,-0.21788288807642173,-0.46712510083996567,-0.04718935299379755,0.251369847894982,-2.2185271590745064,-2.2192057346977294,-0.007719248510433986
10.94627857208252,1.0210818895303215,-0.5909956442963846,-2.8334772350831456,0.008607589531506813,0.046610219991822854,-0.2134230608827391,-0.4671499190224626,-0.047167764351343185,0.25129156778338857,-2.218474139769224,-2.219197688375331,-0.007709701881457637
10.954354286193848,0.945008900770888,-0.38772903566007216,-3.0077712684981717,-0.0008753551365353029,0.041799159917155784,-0.20752594612757821,-0.46713097522033487,-0.047167325518317614,0.25120086064695246,-2.2185125115569537,-2.2192146157631996,-0.007724296824875765
10.962350845336914,1.0607362562572122,-0.7674376938376458,-2.8626030148544763,0.005229947508366601,0.047186196973154515,-0.22066951100539292,-0.46713206809548896,-0.04716598066347422,0.25112166402153535,-2.218531148868872,-2.2191863664811824,-0.007663914854817383
10.970381498336792,0.7145201595503095,-0.1954601130428825,-2.8607278837680843,-0.004821069494745409,0.036218238748029104,-0.21440770922431085,-0.4671290656916365,-0.04714326533120595,0.2510380087558884,-2.218580348580599,-2.2192102004886975,-0.007777111815412287
10.978321313858032,1.0227812816460193,-0.6282010877906533,-2.8822298136807416,0.0051058664360332275,0.04445979902039928,-0.21416050782052182,-0.4671287876479901,-0.047173531000756073,0.2509669404422461,-2.2185668611902116,-2.219174866498296,-0.00777881557830561
10.986147403717041,0.8995880278810541,-0.40474799257393385,-2.9062188197323593,0.0019149348957222035,0.042012271565729634,-0.20789319159342376,-0.467114681378901,-0.0471786183136817,0.25086742500303505,-2.218556505832052,-2.219269059707804,-0.0078087832746901835
10.99426555633545,1.0560366828708247,-0.9970617298536576,-2.88224377729187,0.013420053457858674,0.044409389471310595,-0.21555027265307403,-0.4671148506694347,-0.047184759087006374,0.25081599267982146,-2.2185567346815853,-2.2192595812406433,-0.007745726526632051
11.002250909805298,0.9480420694791013,-0.6617894308758665,-2.9749058393783407,0.00739341137846424,0.041916644306093584,-0.21644948348116472,-0.46709952195979015,-0.04715655838739078,0.25075029543665706,-2.2185355176187382,-2.219223554963407,-0.007866738531868847
11.010209560394287,0.9174902205871033,-0.6104947836602709,-2.9861712784375993,0.00795417920080375,0.04545330608731766,-0.2106549506271813,-0.4671091717890398,-0.04718914264130072,0.25068744758938466,-2.218511229399568,-2.2193239665191697,-0.0077806831290454055
11.018245220184326,0.9905099509078087,-0.519334424576218,-2.82460483883363,0.002507652005047523,0.039137383192230014,-0.21424425789282062,-0.467104460464403,-0.04717856084897509,0.2506618852900021,-2.2185430173094263,-2.219177365660316,-0.007730960557956749
11.026225328445435,0.9762492146391937,-0.8062201900522725,-2.883937688634129,0.009362129840628633,0.045713893502766924,-0.2187524006330447,-0.46712045726141666,-0.047163937817215805,0.2505980453656018,-2.218610134470893,-2.2191584205143733,-0.007744571510422194
11.034303903579712,1.0562836161986215,-0.5561322530525843,-2.9464896657971846,0.005166069690360414,0.046234672199058496,-0.21399673664604207,-0.46709940256517146,-0.04718244094982809,0.2505356265080326,-2.2185210096544625,-2.219245105463052,-0.007723739835907462
11.042195558547974,1.0106056319603796,-0.6712537459798745,-2.9624099191483597,0.005595815052257694,0.04240906912577842,-0.21357071649619178,-0.46712791057861835,-0.04715652097796074,0.25050027125026286,-2.2186026305490167,-2.219089977604641,-0.007697474258907971
11.050206184387207,0.8402559830540541,-0.4230923760719595,-3.035288283265606,0.0006364825224588605,0.04124615992797829,-0.21853088488794611,-0.46712509202642083,-0.04716179161019591,0.25042629510376135,-2.2185781407791225,-2.2191766933395036,-0.007695137783626338
11.058265686035156,1.1446049195070023,-0.7532337303839856,-2.8689952463874246,0.008200903691081726,0.049292611291506055,-0.2225434437799756,-0.4671258550005268,-0.047166530762319574,0.2504137150425852,-2.2185493560347553,-2.219129687831313,-0.0076539128897452685
11.066225051879883,1.1044924663088527,-0.3554246950541373,-2.7971744432392747,-0.0016255947358454603,0.046459131182024764,-0.2131621205098338,-0.467130302520211,-0.047164924505428925,0.2503556375508418,-2.2184772185897947,-2.2191915599649272,-0.007699279104688376
11.074270963668823,1.259161528281404,-0.9851521155720394,-2.8269043925048307,0.013040973616384031,0.04822450240024872,-0.219712487285204,-0.4671244283863154,-0.047158442146580624,0.25031178968010726,-2.218531350671328,-2.219151899029626,-0.007702867950284066
11.082215547561646,0.9829513991699957,-0.23769036570864943,-2.9003848340186673,-0.0035162201269161985,0.04194696844941206,-0.21503337371644654,-0.46711424747939445,-0.04718059528377321,0.2502638071306798,-2.218469953461234,-2.2192329067546126,-0.007668413926256211
11.09017539024353,0.9691802730227866,-0.2792766661934591,-2.7962047339195983,-0.0024863116186157742,0.042895578424266265,-0.2130513185644279,-0.4671447053006377,-0.047169763284702536,0.25022184558279265,-2.218444116427681,-2.2192148921929804,-0.007616538485606384
11.100135087966919,1.1987199648246325,-0.3833772666365894,-2.8473380005688713,-0.0008388716201347821,0.050426821842913215,-0.21259290272227382,-0.4671504917580708,-0.04715728497856132,0.25021205009132763,-2.218448219558439,-2.219125376867249,-0.007630864928813481
11.108176469802856,0.970304938178053,-0.47488619650226205,-2.882300870042766,0.00016233976914898913,0.04226994510214418,-0.215951668565553,-0.4671258530829763,-0.04717817126538869,0.2501444341689151,-2.2184830994807396,-2.2191457206640517,-0.007576700590951116
11.1161527633667,0.8650986823254312,-0.40721707770270293,-2.496118881724195,-0.00018601278121339288,0.04316446503091341,-0.21804635537266237,-0.4671303316630313,-0.04718352080442656,0.2500721264478265,-2.218441991883013,-2.219163037121304,-0.0075967226343253745
11.124155759811401,1.1016261846876927,-0.3654991983773926,-2.820214468086012,0.00010166839417523206,0.044998465386690494,-0.21377502288690564,-0.4671256727848723,-0.04715738503170184,0.2499856498905042,-2.218557087397173,-2.2190978749054486,-0.007579108848783381
11.132136344909668,1.1161793922413363,-0.2730846534386254,-3.0401382718339853,-0.0010855832894405418,0.047135233352631714,-0.21242748833804342,-0.46712735213437795,-0.04718258854828803,0.24988646588416055,-2.2184776886804882,-2.2191968955365557,-0.00768372314729288
11.140277862548828,1.2878956556897194,-0.3041786207256423,-2.9152981475713973,0.0010408977552207376,0.049005892057453156,-0.20946934677563234,-0.467102618816929,-0.04718861794455616,0.24979072798725724,-2.2185362752389475,-2.219258507831285,-0.00764688748167758
11.148158550262451,0.9564665758072186,-0.030032573635640058,-2.897912813426018,-0.0066175661982296186,0.0421027590013145,-0.21446926179649925,-0.467109372808872,-0.04717228908447821,0.24969899940149404,-2.2185101225198656,-2.2192056123115274,-0.00775788856531272
11.15612530708313,1.2409966887206918,-0.2928282951440823,-3.09985394512117,-0.0016265753845979972,0.05309253580621274,-0.21269993209973392,-0.46709918563316466,-0.0471663347217952,0.24960158710838815,-2.218550866677211,-2.2192205530641447,-0.00785281430687703
11.164121866226196,0.9826406381674089,-0.5166199633261421,-3.1171551779100484,0.00036700101959624123,0.04369140949058142,-0.2085315372342189,-0.46711085401414665,-0.04717420712395085,0.24950455332032406,-2.21853899245097,-2.219352234802674,-0.007793995105779081
11.172197103500366,1.0614693819460967,-0.3649225859588102,-3.0780701632488867,3.892588103007893e-05,0.0452569331120218,-0.20997275062581458,-0.4671070295861269,-0.047175975350083825,0.24944469065138913,-2.2185397778311673,-2.219243255899994,-0.007794058964005399
11.180245161056519,0.6268378474038147,-0.25248730637323047,-2.9762110532857453,-0.003738344593984112,0.03407998976388486,-0.20914294348451162,-0.4671106656079224,-0.04717133285390737,0.24935703375885104,-2.2185787803462804,-2.2192859737219788,-0.007760810934823262
11.188300132751465,1.2708554706144073,-0.5718030804783989,-2.9669491836008253,0.004130488784955415,0.05033709492625305,-0.2117140377985759,-0.46710368014223064,-0.047175587924350185,0.24932789253274865,-2.2185073803660225,-2.2192226162815922,-0.0077048068199572365
11.196131706237793,1.3817625030502252,-0.6209507071189759,-2.724651396260212,0.008880680900666132,0.05361360601392645,-0.2121552660666619,-0.46712739234474493,-0.047170260645211216,0.24927991745648725,-2.2185012629356384,-2.219186676044958,-0.007592161896519202
11.20428991317749,1.2203015899131826,-0.696913426408479,-2.8551054825811875,0.008508337493553782,0.05013210020123935,-0.2198448898801167,-0.46710196404537,-0.047170304862573495,0.24920577339631117,-2.2184747957647875,-2.2191879549767934,-0.007702900540172688
11.212114334106445,0.8125026495488259,-0.49489490546509196,-2.6687299429873708,0.005584829077499333,0.037673012972896026,-0.21364203990113423,-0.46712641930500054,-0.04718115104526428,0.24913476779552546,-2.218460044818824,-2.219231374080367,-0.00767772148830815
11.220211744308472,1.1098353050208856,-0.8690579153233173,-2.660785877202736,0.009424544156750567,0.046770022204459485,-0.21411634939388208,-0.46712520885010045,-0.04714480271599584,0.2490716992880493,-2.218606722379487,-2.2191302359148506,-0.007695579474185044
11.228270292282104,0.9455141569165691,-0.5425221709116699,-2.8755026348518054,0.002773307205997371,0.04446889188959686,-0.21258050191041752,-0.46712073882116306,-0.047164098697007786,0.24900011711177236,-2.2185078616337255,-2.2192810803051533,-0.007710947781351648
11.236125946044922,1.126570215895702,-0.5267666407386441,-2.9524431508069804,0.002567513297597797,0.04554852621037015,-0.2189582521522057,-0.4671282679643071,-0.04718119262352876,0.2489752862251411,-2.218446417544858,-2.219231602689891,-0.007637910591827062
11.244181156158447,1.115943312275533,-0.362211664594957,-2.9044031727119832,0.003034852611899089,0.04585081457068271,-0.21250320420062505,-0.467133966498252,-0.04715925661383715,0.24890202611845808,-2.218507558416418,-2.219253351996561,-0.007696115893732418
11.252247333526611,0.7816188510169265,-0.26062273740725667,-2.82521548807213,-5.0858289104834615e-05,0.037584129851990014,-0.21317484876177922,-0.46711778045170327,-0.0471622011786368,0.24884185695240268,-2.2185237999633207,-2.219221073448682,-0.007664871642048212
11.260187149047852,1.0053026187640677,-0.8237984584884868,-2.8766407610218767,0.00942385093648024,0.04349733182985819,-0.2128695863123013,-0.4671490365644242,-0.04715684706277882,0.24882685774453142,-2.2184996787076527,-2.219161769647247,-0.007591467584769918
11.268357515335083,1.0737248861596778,-0.5288608022119363,-2.820265126113556,0.003445629672220451,0.044862398921888834,-0.21801938311451252,-0.46713701290322684,-0.04717885729889099,0.2487543521623945,-2.2184832111108994,-2.2192297750785577,-0.00768473426739928
11.276224136352539,1.062126655370796,-0.6529812668921964,-2.737845469626256,0.007633720106082772,0.0443679004128565,-0.21554211607287735,-0.4671344101776547,-0.047177058330059994,0.24871631893120172,-2.21852498960334,-2.219206027645991,-0.007705795677903899
11.284180164337158,0.9053852248643562,-0.6475201558904667,-3.0852572229466984,0.008044809312025083,0.04293575060212569,-0.21426043767747704,-0.4671529613899766,-0.0471693391215071,0.2486955732956822,-2.218450633675604,-2.2192123074091583,-0.007558363623871156
11.292062759399414,0.971831441478616,-0.42543918288724814,-2.9670346510605796,0.00025103430478315176,0.045862026986629285,-0.21111847210845236,-0.46713779272014616,-0.047186351450588825,0.24864082377321092,-2.2184484980319286,-2.219261455283185,-0.007609408085926018
11.30213975906372,1.0044555828494957,-0.6605160718875653,-2.879651288299036,0.003730209656243701,0.044061619222981636,-0.21974069852811326,-0.46715172842263414,-0.0471785199257893,0.24860961177009003,-2.2183739054121845,-2.2192493389566725,-0.00764231370367393
11.310168266296387,0.9317527878294263,-0.7099974130691588,-2.881999940514626,0.008637391316934164,0.042646925028469826,-0.2195993833550699,-0.46715915844123646,-0.04716600713851965,0.2485917223291884,-2.2184332942394462,-2.219083615796768,-0.007530114909968688
11.318184852600098,0.6370554385586318,-0.5272977352881704,-2.50831420852558,0.005880133099791535,0.04111001825153774,-0.21596453248189176,-0.46714030569476805,-0.047164973027689745,0.24849296457348452,-2.218431434944933,-2.219187058301442,-0.007631075854463016
11.326423406600952,0.9385752723827925,-0.5254254155641362,-2.5607899134431973,0.002714232130236736,0.04119141760588031,-0.2174719620325069,-0.4671461872956477,-0.04713959154640353,0.24841740553793734,-2.2184451326518473,-2.21912968055204,-0.007520048132730071
11.334187269210815,1.004721829648498,-0.8022646144323505,-2.9889521229993727,0.007564182894970668,0.04389737840101548,-0.2161785463716295,-0.4671309473528284,-0.04718082379535767,0.2483140216666912,-2.2184557027406013,-2.2192235309672865,-0.007583875992609145
11.34221076965332,0.9422297165376071,-0.6555238422027521,-2.8735558081315955,0.005104364024839787,0.04173607733587125,-0.21509252466684617,-0.46714771442303876,-0.04717118312541013,0.24823648959208072,-2.2183931168637074,-2.2192353098022046,-0.00763227311983813
11.350171327590942,0.662618799791344,-0.2139157122542591,-2.8875512676754003,-0.0022874938368722592,0.040663349161543356,-0.21243166237858452,-0.4671457211436674,-0.04718215159136688,0.2481672635816381,-2.21838296638312,-2.2191856257267375,-0.007543540826477519
11.358124732971191,1.0713743685713777,-1.0561346497616293,-3.0600658634833113,0.014790864539073023,0.04826171738008508,-0.218972651431103,-0.4671203875101817,-0.047144900316612226,0.2480453005315449,-2.218619829372641,-2.2191777963483754,-0.007693429107416296
11.366143226623535,1.1818034464385376,-0.7739780426718067,-3.1559354028961075,0.006197335153524197,0.05008634474470608,-0.21940723596591372,-0.4671241376724514,-0.04716619689876342,0.24795695649982197,-2.2185004058401074,-2.219298165499134,-0.007706555474347177
11.37410306930542,0.8028827893540038,-0.6887201623346261,-3.1904660661106505,0.008725072794012835,0.04165616813790301,-0.21434790073348967,-0.4671360465151219,-0.04716134168163379,0.24790287796594634,-2.2184335729798312,-2.2192609811334845,-0.0076791064256386925
11.382097482681274,0.8323385644766745,-0.4716464987995777,-2.798288793599222,0.0019675069904018655,0.041259491919328,-0.21461333584527265,-0.4671233921948855,-0.04717344745280246,0.24780805561875108,-2.2184826758931195,-2.2192600698690335,-0.007717279634135955
11.390297651290894,0.827050439175807,-0.23307790013201207,-2.7852423124065964,-0.0015692900525793938,0.0378772873186306,-0.21464451691806033,-0.4671145568048823,-0.04716788950289063,0.2477434309159952,-2.2184960492901107,-2.2192649563665645,-0.007725974448250682
11.398293495178223,0.9122953653669823,-0.4956190584898846,-2.7324412458606164,0.004471161392466491,0.043191462972693294,-0.21950654294265867,-0.46711287594438466,-0.047162792264412,0.2476680106075881,-2.2185402796809583,-2.2192841033939588,-0.007673432983289204
11.406252384185791,1.2591622216314766,-0.4459446969665888,-2.8116154424165765,0.006053125283742163,0.04969982162625323,-0.22101197508918222,-0.46712248026813097,-0.04718758577039506,0.24759554844132992,-2.218491553412244,-2.219299940929519,-0.007745692680751375
11.414117336273193,0.7480193996766311,-0.18229701632534245,-3.001951544598699,-0.0009861883964340115,0.03886540722864192,-0.21916486778733765,-0.46713289606217345,-0.04718536985089411,0.2475882169804774,-2.218413109363254,-2.2192162781500646,-0.0076292296230126636
11.42216682434082,1.2066987603578367,-0.11875134141335697,-3.013409789785014,-0.005947449467021845,0.05034592712075433,-0.21438700413374084,-0.46713432424058554,-0.047169521796338945,0.24749817712351702,-2.2184451570060273,-2.2193153207673486,-0.0076338438769078
11.430157899856567,1.0447793156783924,-0.20704695248240945,-2.953431979222669,-0.003680880145649625,0.04531317813199732,-0.21912682343394405,-0.46712846392393365,-0.047176097329846636,0.24740245357996987,-2.2185442701722646,-2.219269118490991,-0.0076811007905973625
11.438141345977783,0.8513823090479629,-0.25701957340135073,-2.9749796584139125,-0.005341244002592229,0.04185360677251539,-0.21893672891811317,-0.46712439596995653,-0.047174541033018276,0.24735170933362943,-2.218466708469561,-2.219362289967959,-0.007738277545505996
11.446163177490234,0.8165437999347991,-0.6891602849462818,-2.790268122593238,0.008081760350945977,0.04000710719197561,-0.2269833586822073,-0.46713413943118703,-0.04716166062704018,0.24728752205135612,-2.2183987711034847,-2.219434832600659,-0.007778531360171308
11.454303741455078,0.978383283220298,-0.614177480112925,-2.9139538555275544,0.00576877976522898,0.044496647534635315,-0.22330618069042565,-0.46714405568190603,-0.0471850980216196,0.24727988006494273,-2.218235175242295,-2.2194427340127745,-0.007642450757414608
11.462094068527222,1.0465731882261855,-0.6274072455957148,-3.001594700519074,0.0017167738739496258,0.04556596829041667,-0.22367966307167655,-0.46714001438491193,-0.047156133391057314,0.24721792996001446,-2.218406286936093,-2.2193234873822685,-0.0077125020728901665
11.47010326385498,0.8067485843899661,-0.567447403817451,-2.847640417125628,0.0018436785236154757,0.0375585349127748,-0.21861222191852753,-0.4671255668094455,-0.047171320253217394,0.24716919346513727,-2.2184320514678477,-2.2193161042244323,-0.007671543870726372
11.478188753128052,0.909241141317974,-0.43184795845394885,-2.798170185437426,0.0007225878729596066,0.041425829947643586,-0.2093022337380544,-0.4671389580586498,-0.04716440123074135,0.24715471660902777,-2.218380448169773,-2.2192811115706994,-0.00765210991050196
11.486252784729004,0.6931378989140801,-0.12546412238243673,-2.913054794372906,-0.006434969233283069,0.03909520917777446,-0.21682547840976021,-0.46713269802590185,-0.0471842143636306,0.2471064397975366,-2.218323504256538,-2.2193675354089413,-0.007626153486239564
11.494054555892944,0.629024722048473,-0.374696138537551,-3.1064701463969246,-0.0005784879426673925,0.037078240719028696,-0.21857014890438367,-0.46713713146361685,-0.0471628137487153,0.24702217217837233,-2.2184410813957847,-2.219374040993154,-0.007669217125894265
11.502125024795532,1.1098994885839313,-0.6281129475498622,-2.914887280976314,0.005701083944170868,0.047896960759032506,-0.22650595315159247,-0.4671656196128615,-0.04717096490204536,0.24703114896695316,-2.218246294492734,-2.219365931720862,-0.007585778038752816
11.510087013244629,1.241709681371281,-0.6307823696698919,-2.7942330472736043,0.001845801738583057,0.04890553999888639,-0.22272604426070108,-0.46715863975785227,-0.04716424567800151,0.24698262845090585,-2.2183988860282766,-2.2192861355211186,-0.00757203327413084
11.518194437026978,1.0413192859117777,-0.181308220369597,-2.934899198395658,-0.004868765334680135,0.04686315557050711,-0.22024201786034112,-0.4671690403984199,-0.047140178011550876,0.2469695943509196,-2.2184296288508087,-2.21919162281324,-0.007553732843721463
11.526158332824707,1.0018312607568265,-0.26507312094133867,-2.7314792065738307,-0.002434148537073596,0.042247837352262244,-0.22097237288355204,-0.4671689040290341,-0.047164219236330525,0.24691564969545132,-2.21836176599381,-2.2192081572021665,-0.007566682200003734
11.534184217453003,1.3813061751905356,-0.4608590230036353,-2.735232308115799,-5.9690972892413407e-05,0.05496112157741127,-0.2199499558027868,-0.46716221092003113,-0.04715754714876637,0.24692834827985446,-2.218306720758961,-2.219190343947336,-0.007480973207470851
11.542315006256104,1.2433705190967477,-0.337456716304561,-2.676154363798007,-0.0014331899821983449,0.052227064273215905,-0.21987129981929052,-0.46715616354416334,-0.04716900972612886,0.24687396558097174,-2.2183317413953185,-2.219167164313931,-0.007561095427241798
11.550228834152222,0.9364695289756899,-0.6953632779535115,-2.8824225883130934,0.004734068636693918,0.0435739915869097,-0.21693687130509498,-0.4671590511613844,-0.04714917041145239,0.2468592386735715,-2.2183645585805944,-2.2191698625828122,-0.007499673498788491
11.558172941207886,0.9565611803048601,-0.8007981759175145,-2.7714999097433317,0.01089408847233548,0.04121710687292737,-0.21780264516452522,-0.46716220772775224,-0.047181763945261364,0.24679458480816824,-2.2183201036357554,-2.21926369820363,-0.0075186751722884
11.566160678863525,1.0742318847691663,-0.787548720935741,-2.877362179576395,0.008760305760911354,0.0450275959043424,-0.22363451029510764,-0.46716884148847876,-0.0471792023269535,0.24681644783625117,-2.2182346165483366,-2.2192236217503947,-0.007448351799974697
11.57428765296936,1.1585649179267683,-0.5561671380556592,-3.1431720772754628,0.004185419174470867,0.04604557189213926,-0.21394084119681553,-0.4671582762453515,-0.047143972868251754,0.24674327346056935,-2.2183758255232373,-2.219129840843979,-0.0075456676582810875
11.582280158996582,0.8627466544841261,-0.22262433887908156,-2.9180890548347302,-0.0012707340846145258,0.04357686720911894,-0.2119996394362783,-0.4671675065743101,-0.0471687516870994,0.24675793917951871,-2.218377558653199,-2.219068134532723,-0.0074289339313065115
11.59032917022705,1.0961843043833963,-0.6435819483665068,-2.6844119936778914,0.006298561692714665,0.045958952667846574,-0.21952779513914764,-0.4671540642383827,-0.04718233149796386,0.24672650772685115,-2.218357378175582,-2.2191081753115895,-0.007451514851984919
11.598199129104614,1.4046983400032944,-0.7682661235478172,-2.7087171569139143,0.010504767153777414,0.0552144427192061,-0.21519371901691367,-0.46717588628498824,-0.047141180330109146,0.2467145880003519,-2.218391115805922,-2.218993286207584,-0.007445478727112295
11.606184959411621,1.3460881075813194,-0.6969944022654018,-2.7388082195371912,0.00971297081248328,0.053737949913065165,-0.21689185793599933,-0.46717746547562367,-0.047161899034202315,0.24667894674489,-2.218401538144114,-2.2190260738967935,-0.007380287473619688
11.614300012588501,1.3957402009448907,-0.7093320853396615,-2.8294700555067234,0.006535060650422375,0.05372184477769747,-0.2132659233639119,-0.4671502784916766,-0.04717905890715782,0.2466437182734339,-2.218312120247557,-2.2191240852887266,-0.007409564502402962
11.62235403060913,1.110524712058147,-0.5875099213573997,-2.7420032344729486,0.004327668274432617,0.04821044269975644,-0.21514348726336058,-0.4671680086860482,-0.04717247061513928,0.24663727708608696,-2.2182980429165844,-2.2191577555086446,-0.007369921248110131
11.630135774612427,1.0155113738431718,-0.19624538402073405,-2.9495728055164125,-0.004290202819152756,0.0452592288248535,-0.2117764916458816,-0.46715068179821956,-0.04717776675908032,0.24658468850594167,-2.218325942886828,-2.2191543383440555,-0.007451029932584161
11.638216733932495,1.0897597196240663,-0.600675500477224,-2.9179832303818043,0.004798454753022571,0.0472372214589981,-0.21879663129757873,-0.46714690905964146,-0.047190949548369866,0.2465744324114349,-2.218271462927248,-2.2191838574513003,-0.007457091854564967
11.646044254302979,0.9789389694493001,-0.3109875103604891,-2.6950533026842316,-0.0010417144730603665,0.04346098688777863,-0.2078243263899066,-0.4671719346163207,-0.04715383732176907,0.24656889570352086,-2.218322636764327,-2.219043160465422,-0.007353706671180001
11.654234409332275,0.9243390384463859,-0.5899662394417643,-2.759538329338263,0.005566282383712726,0.0401224607997529,-0.21576594600740245,-0.4671694891256008,-0.04716859804799008,0.2465507408424719,-2.2182823452184306,-2.2190836703878345,-0.007409870205054293
11.662325143814087,1.0503956910871008,-0.9097888644094767,-2.809355139042829,0.012221787351285584,0.043769139142865364,-0.21741099994797458,-0.4671589890738182,-0.047174842832765455,0.24650208327266174,-2.21837072088494,-2.2191095926640076,-0.007479025978308319
11.670443773269653,1.0516567578504095,-0.7119354187639473,-2.9101962501183443,0.004811102116917334,0.04675180751441978,-0.21506681890580423,-0.4671550019326785,-0.047171701613822205,0.24648224824631307,-2.218398679567144,-2.219149639012865,-0.007477000178048463
11.678228616714478,1.046919270911042,-0.46898568563523807,-2.8126303023621477,-0.0015559601361906051,0.04516207463575452,-0.21560508114030236,-0.46713813004795757,-0.047170603203552236,0.24643389258500142,-2.2184503191390395,-2.2191730191157855,-0.00750141066373417
11.686149835586548,0.9899813873423984,-0.28979133147652636,-2.8527591821823433,-0.0016012953992138963,0.04285505953106207,-0.20643865725276614,-0.46716082942129394,-0.047184475771169576,0.246442740513513,-2.2183157854262303,-2.2191594635613927,-0.00740534304389448
11.694148778915405,1.0890128335652751,-0.7490158047109443,-2.7917662995354773,0.00915999343767418,0.04858540231353125,-0.21524405334227392,-0.4671491062382212,-0.04714519598381145,0.24637613413527165,-2.218479426070248,-2.219132929714648,-0.007547128838296834
11.702149868011475,1.2683031596989682,-0.576158290143579,-2.9281256896120107,0.005148790041662867,0.04971341605890524,-0.21829629990593089,-0.4671478526189671,-0.047154310348246395,0.24640563839635754,-2.218412410575156,-2.219044493062703,-0.007504972405003635
11.710308074951172,0.8099124797623957,-0.7022845223914354,-2.9536203790325293,0.006670759326321835,0.037323191080139886,-0.21314857962048414,-0.467148556184269,-0.0471757258758491,0.24634045406755548,-2.2183775253335636,-2.2192141430964933,-0.007568608462114435
11.718223333358765,1.254103917230233,-0.3143918101322369,-2.9618459463353917,0.0004642705399933461,0.052676633562498354,-0.21278105663884797,-0.4671444599628982,-0.04716864923586672,0.24634172768430063,-2.218443210770998,-2.2191433761239465,-0.007564683259622529
11.72624135017395,0.9988783774720656,-0.3146614722371801,-3.028055174091662,-0.0012997905577729321,0.044000180533270455,-0.21025550504352827,-0.46715035871733657,-0.04718139661579102,0.24632308018230775,-2.218394728546411,-2.219181389109136,-0.00750246772691175
11.734251737594604,0.7118823931543795,-0.9253086221822646,-2.8765534062208844,0.011123382136462896,0.03658542953116236,-0.21600563966392344,-0.4671589410739135,-0.04716472107163921,0.24628754938558028,-2.2184468769014876,-2.2191833776385934,-0.0075841832068478015
11.742258548736572,1.0193837531240446,-0.7312609696089137,-2.9258965827843006,0.005828215721692266,0.04548923613878395,-0.2093555006326678,-0.4671428341109434,-0.04718076622312971,0.24628428459472954,-2.218367753814422,-2.219214810383835,-0.007547397631569424
11.750218868255615,1.084789050719144,-0.9627318557947703,-2.6845055717501065,0.01206674574424704,0.04393547386089374,-0.21796344399303516,-0.46712826238578153,-0.04717160478219882,0.2462533921668046,-2.2184915602210715,-2.219174249275302,-0.007593130251392349
11.758227348327637,1.107213179732216,-0.7834285850645963,-2.7344595207339624,0.004754700898707149,0.045875269512770926,-0.21833828619617957,-0.4671516612762216,-0.04719011034734866,0.24623456818752343,-2.218364052005735,-2.219229322604329,-0.007608223267104301
11.766196489334106,0.9581144645774539,-0.8620326444845948,-2.9462552250726564,0.011400259836867977,0.043907636019848095,-0.20781140247343607,-0.4671440881156955,-0.047157507174254674,0.24621597865998143,-2.218488012845842,-2.219150705388257,-0.0076015168683124
11.774165630340576,0.836176544284171,-0.4262431169894634,-2.9993258117841273,0.0010503350498809972,0.038298162263111855,-0.212966777473889,-0.4671273114668714,-0.04715391465035293,0.2461987054517426,-2.2184875816002037,-2.2191445850124794,-0.007622369641174645
11.782233953475952,1.0127276346070673,-0.5652985101110904,-2.959414813955284,0.003229239842400373,0.04164362294727072,-0.2157614453824925,-0.4671524640207155,-0.04717974770876627,0.24622385003638375,-2.218374671578018,-2.2191666352314936,-0.0075442606990661
11.790144205093384,0.9754715831195816,-0.7666435681469201,-2.7073878076736952,0.00991381495700886,0.04427662874071372,-0.21486278662185235,-0.46712733097277187,-0.047165750374126104,0.24615094803341442,-2.218549501869596,-2.219271824410864,-0.007646218999043769
11.79816484451294,1.1182637642956235,-0.7518163540272296,-2.728804459350142,0.006298340753926942,0.04751592441441639,-0.2169666316242486,-0.4671609430819722,-0.04716313412456932,0.2461751692067043,-2.2184101056957797,-2.2191978989485253,-0.007594311054985817
11.808195352554321,0.8566501154603432,-0.34701213430233663,-3.1484395196416144,0.002317872583356467,0.04227530048973818,-0.2090307336056348,-0.46715912688397193,-0.04716750654549757,0.24619028576709073,-2.2183257458707897,-2.219154988782733,-0.007529729759089495
11.816332817077637,1.2123935824007879,-0.49841201203885727,-3.0975394735039647,-0.0008507064583140899,0.049361704165151156,-0.22011320624277464,-0.4671581628347596,-0.04713674603782065,0.2461733245190438,-2.218452006677749,-2.219138637521795,-0.007525344815965313
11.824172019958496,0.269086187956243,-0.06566002326548945,-2.1452848522706356,-0.0036992760054738636,0.03673455281518678,-0.21633935213307753,-0.46716377439767226,-0.04715712615138312,0.24612325806215807,-2.21835795863441,-2.2190690791391687,-0.007485864872435111
11.832238674163818,0.9698585321929208,-0.452561001698192,-2.3371235748886248,0.000759563491045379,0.04923817202937851,-0.21787383324209067,-0.46714290041578016,-0.047165212762927775,0.2460301476922695,-2.218393363413308,-2.219137837274954,-0.007531502348384706
11.840319633483887,0.9571392604164292,-0.6469579449013133,-2.7475242899680614,0.004443170645979113,0.04329918127372249,-0.21000525291177047,-0.4671132238369159,-0.047173286773142274,0.2458941913600481,-2.2184892142016737,-2.2192469767042677,-0.007579657765871797
11.848253726959229,1.0111063295539813,-0.5412147740548214,-2.8923617876178507,0.005875894986023689,0.04513212878359053,-0.21928255201615918,-0.46709376759297244,-0.04719607790924581,0.24575223722317746,-2.218540164561598,-2.219380583142804,-0.007815204187106422
11.85619854927063,0.9359727908676125,-0.3598891145536535,-2.968445670326731,-0.00010014252354073407,0.04567392291917452,-0.21962129353513885,-0.4670846251933292,-0.04719136430597116,0.24564059281893735,-2.2185857901177406,-2.2193967448515886,-0.007859766336716622
11.86420488357544,0.6977378643107797,-0.4419871558229644,-3.1148128546095726,0.0017477277855522284,0.04014775893859723,-0.2153705729480034,-0.4670667739709355,-0.04715528997791287,0.24548506814203724,-2.2186792054365707,-2.219444481466759,-0.008067984919118235
11.872304677963257,0.7438062767797959,-0.8218493842806205,-3.4098682709287154,0.006536065132971037,0.037088309475878,-0.2147787035715489,-0.4670771849855827,-0.047173520554553344,0.24541184165817898,-2.2187767778727308,-2.2195036571674964,-0.008026262995903598
11.88018012046814,0.9753004239197587,-0.5582359488960779,-3.3398900693644586,0.0029093613340251795,0.04570911527215786,-0.21305156817424942,-0.46708373592208274,-0.04719165873101592,0.2453321363043759,-2.2187252338952193,-2.219525858397779,-0.007955266586788948
11.888410806655884,0.9942925424662576,-0.852163705979331,-3.089928311978319,0.009801077094403525,0.04290810966623271,-0.21892324323222392,-0.46705737898124583,-0.04719438613535868,0.24522593597143655,-2.2187450100419763,-2.2195582456166876,-0.008078146815683671
11.896201372146606,0.9646033736198675,-0.6750646111498054,-2.7993982635726855,0.00869313019639787,0.04464602654303809,-0.21249533524996717,-0.46707757644937264,-0.04717131463576245,0.24516334117448352,-2.2187183641377617,-2.2194703256255095,-0.008108874394251295
11.904229402542114,1.0266813107549333,-0.6907491428776072,-2.932578905969568,0.005619430347558814,0.04555159376202925,-0.21053337919612147,-0.4670766277654629,-0.0471607655621649,0.24510841847488757,-2.2187195162522797,-2.219456782536284,-0.007984015433980883
11.912152290344238,0.7928907650783069,-0.5980582769692494,-3.088955946711525,0.0049093383541530386,0.03708296676073163,-0.21256093138351204,-0.4670662526360687,-0.04717147240232393,0.24505597809724228,-2.2187491098239,-2.219441654572285,-0.007948174404376387
11.920146226882935,1.214720700699804,-0.9839331188377665,-3.0073505130767617,0.01587901558039187,0.04836492421527148,-0.21463740812835785,-0.4670812166250397,-0.04719208063036184,0.24496885286474396,-2.2186811136542666,-2.2195875412229586,-0.007991344751590551
11.928212404251099,0.9238133494448886,-0.661852350269881,-3.1037007015946894,0.006770527357044665,0.040894747524149726,-0.21368997749931629,-0.4670928416393397,-0.04718446473504741,0.24494138173478558,-2.2185997253234118,-2.2195487699045975,-0.007958511962211822
11.93610405921936,1.2404085213070324,-0.9196029592847936,-2.9855339769988776,0.010661426116763635,0.048349368964531333,-0.2159318706866912,-0.4670626661284043,-0.047196882948208146,0.24486306870543245,-2.2187175027267085,-2.2195059422372982,-0.008007545261753797
11.944306135177612,0.9580196686763921,-0.9200544406992023,-3.191600691053018,0.011981622914398048,0.041072403472378595,-0.2241264419238194,-0.46709716032243725,-0.04718421938044317,0.24481912788151539,-2.218610707670486,-2.219500204281993,-0.007997592845859575
11.952280759811401,0.9742356792968142,-0.5388646815231959,-2.953970671475589,0.0024082287107527337,0.04319408540770167,-0.21529184927397166,-0.4670824809953804,-0.047188724724028845,0.2447648239506814,-2.218667610922335,-2.2194487585548752,-0.008049511733476235
11.96028470993042,0.8415858288304522,-0.6248242223864291,-3.049722672249535,0.006345367727572256,0.041001091537937476,-0.21433409640290302,-0.4671082789334015,-0.047178092843287424,0.24476486704968822,-2.2185169551043615,-2.2194389730119486,-0.007791530166994291
11.96822190284729,1.3399512413487442,-0.4141153715394845,-2.958125868725168,0.001089113623112905,0.05273771736840455,-0.21263293518535817,-0.4671055962281274,-0.047195111320752846,0.2447107558512449,-2.218551347973161,-2.219454718678952,-0.0078286548151693
11.97633171081543,1.0238409024065973,-0.34396827942010083,-3.0440614104658823,0.003776803146045408,0.044453451243569427,-0.21245496979531087,-0.4671194979141181,-0.04716302764436248,0.24469065695807707,-2.218550833116342,-2.219392958338756,-0.007708372181446504
11.984351873397827,0.849795190809933,-0.5920162982025263,-2.9039710457015504,0.003959184846114048,0.03651503623645073,-0.21411314612731075,-0.4671285780708668,-0.047169186604270275,0.24462337265595183,-2.218565182175314,-2.2194046204047893,-0.007847859626931027
11.992205619812012,0.8756602410143841,-0.40396582457746355,-3.0089755450820497,0.0010005295737638329,0.04339378655664546,-0.21180232047386485,-0.46715852820756876,-0.04715717680491196,0.24464208664288523,-2.2185318556528957,-2.2192384892431543,-0.00765242478058859
12.000231504440308,0.8854987265278546,-0.7916277454929584,-2.9554968725154853,0.007995628742227328,0.04188994153558434,-0.21567004587773372,-0.467158242706873,-0.04717330941056773,0.24459857254390685,-2.2184641589450096,-2.2193066569270923,-0.007623452946611684
12.010244846343994,0.9684546227714824,-0.9777600180325343,-2.7797071182677096,0.006540823888243561,0.04314678944142422,-0.21817651775140967,-0.46716047797121846,-0.047185681643486854,0.24459929950826398,-2.2183772247626594,-2.2192489399077573,-0.007566109467110814
12.018190860748291,1.072120901359732,-0.5263842708293075,-2.841746416796085,0.0031962709590569343,0.04252976326596238,-0.21986782244751607,-0.46714563644577667,-0.047169875033977494,0.2445419305262617,-2.2183674809233414,-2.219307529428966,-0.0076103042162917415
12.02614426612854,0.5401164345193139,-0.476381231748101,-2.4814567041340188,0.0021167624463693958,0.034077617975051724,-0.21918536813518694,-0.4671508002040183,-0.047157848179172825,0.24448108585769399,-2.2183987912248146,-2.2192119855688,-0.0075912846721627346
12.0342538356781,1.011132141395971,-0.3979025342191589,-2.5492099270619804,0.003467348303796535,0.04573243079072952,-0.2151699504899654,-0.46714837396900993,-0.047151415548416745,0.24439111383877524,-2.218491507161597,-2.219205953250916,-0.0075352815376954155
12.042210340499878,1.10252241869711,-0.504540226289253,-2.797524942879309,0.005240961399546464,0.04569991964119483,-0.21759336703980156,-0.46714761850896963,-0.047179258211088856,0.24429611169590587,-2.2183573511972825,-2.219339074429878,-0.007620458361784755
12.050101280212402,1.1347672042812507,-0.6305054825451942,-2.7490037792572615,0.0036344930809706034,0.04657794104718462,-0.21077569368594493,-0.4671337728222945,-0.04716082774131801,0.244212113130795,-2.218406526157214,-2.219336814749776,-0.00766882939416733
12.058255434036255,0.895156906008353,-0.5399357143309494,-2.8819016604142207,0.0050391999173123835,0.04185038665713379,-0.21490049146254583,-0.4671541565458909,-0.047162066057934854,0.24413314488508972,-2.218378634038046,-2.219300827364455,-0.00770347279669837
12.06621766090393,0.9009649756385698,-0.5790193669285297,-3.1716601920628675,0.00556886147277885,0.03922317249908269,-0.2115266563414477,-0.46713166744614437,-0.04714584650322471,0.24401494320345324,-2.218544863646038,-2.2192535795639,-0.0077597810173027654
12.074173212051392,1.1091615123387468,-0.7534595493227356,-3.0957796476927144,0.007642791221398938,0.045701926003659646,-0.217501516945231,-0.46714516160186453,-0.04717444884196338,0.2438953380246834,-2.2185075785653927,-2.2194087794018347,-0.00782463926882592
12.08218240737915,1.1199674417324457,-0.6613166369016478,-2.9699845845887203,0.002711247837247306,0.04597007860744624,-0.21667192963600646,-0.4671343083531955,-0.0471723977348059,0.2438386722221719,-2.218500523903967,-2.2194133684381767,-0.007767469428633502
12.090156316757202,1.0896217446784309,-0.5147580589845839,-2.768908960696379,0.0011103459562984553,0.047980723404582835,-0.22043463203624933,-0.4671259374564477,-0.04714980499118358,0.2437706797356885,-2.2185872703478333,-2.219297321036228,-0.007743117830196981
12.098239660263062,1.3416938536550014,-0.7754694159441043,-2.6831628522571873,0.006819512647379255,0.053915126766575866,-0.2222892428253414,-0.4671228110343141,-0.04717650111401695,0.24371211074265003,-2.2185091075359984,-2.2193198824041276,-0.007673384876898948
12.10614824295044,0.9808599197247443,-0.808908736423782,-2.7534141507909937,0.009785713836773234,0.04669879044283845,-0.21945243928860556,-0.46713122563821374,-0.047176006604553254,0.24367012583764325,-2.218470948600787,-2.219300133398145,-0.007676151293795441
12.114159107208252,1.1203698500630783,-0.8376387110234903,-2.572309601231335,0.008093207904614557,0.04631545788702021,-0.22528240860401882,-0.4671285790912,-0.04717493435669525,0.24358969574118292,-2.2184299941581074,-2.219349339702955,-0.007751485772421967
12.122158527374268,1.1875006136446682,-0.7278453877950729,-2.8442331538804244,0.009529907616339208,0.04931937945355187,-0.2180854978398529,-0.46713646740397086,-0.04716138556809283,0.24355058754178105,-2.2184105451219813,-2.2192883692455116,-0.007640451195382739
12.13015365600586,1.0188077107188556,-0.7790021513618701,-2.7317309769212157,0.006949097289280137,0.048752790674106906,-0.2147791347592835,-0.46714666156882445,-0.04714911468562746,0.24350411519530235,-2.218423093184136,-2.2192211507512445,-0.007614608504751095
12.138102769851685,0.9413072347598036,-0.5774847165665826,-2.8668218176785913,0.0031371980724936074,0.04353923098791392,-0.20984266471993798,-0.4671592519648547,-0.04717055178876144,0.2434606938795878,-2.2183567596080067,-2.219299986042351,-0.007600417153931111
12.146267175674438,1.0674132573725925,-0.655795273654408,-2.8862454219015055,0.007489406865254388,0.04299062519523179,-0.21732606155698989,-0.46713978437869075,-0.04717170647982218,0.24335160401331518,-2.218466016855233,-2.219327549694426,-0.007677073898730871
12.154117822647095,1.3272740869366533,-0.6162591777641949,-3.0172122372832115,0.007571624700008635,0.05036578279416739,-0.21819466385101244,-0.4671262692500735,-0.04715717421895446,0.24329043231725334,-2.218547724261539,-2.2192766535386323,-0.007744616286821062
12.162238121032715,0.8989760451584968,-0.6799177496472418,-3.0265918062865365,0.007702673569961383,0.04219509379966299,-0.21749880193073756,-0.46715815726119553,-0.047147177235806914,0.24326674574916288,-2.2184960624447188,-2.2192452267219682,-0.007625699881131589
12.170190811157227,0.6083314834559017,-0.5946616890680058,-2.851925044628735,0.004190737479024617,0.034834597381472966,-0.21838143156279777,-0.46716235801491474,-0.04716200625485173,0.24321706562371043,-2.2184552998825384,-2.219323522071839,-0.007567665667654787
12.17819619178772,1.0511959418788612,-0.45213349388783863,-3.1230727679886225,0.003204018095075558,0.04506168151402899,-0.2147473981913833,-0.4671704229777199,-0.0471755035456515,0.24319505561750954,-2.218436525077855,-2.219168392057872,-0.007581990547389305
12.186219215393066,1.0463004191268448,-0.4478558355915522,-2.989382281202783,0.00281679190506297,0.0475461941797755,-0.2132670779098822,-0.46715965741824267,-0.047162530607583505,0.24311547700448782,-2.218426194003155,-2.219332520286105,-0.007621558966345734
12.194272756576538,1.1574525387360388,-0.6825981466327857,-2.9427988969299252,0.005730733027010558,0.04840311237813223,-0.2128847158195103,-0.4671687923990277,-0.047155390196895346,0.24309064788372428,-2.2183997800938693,-2.219257593536152,-0.007582283845316155
12.202154636383057,0.8053501922987271,-0.4444156225892553,-3.0691086584880027,-0.0004989299014466601,0.039068472035554254,-0.21072710382143797,-0.4671519739485449,-0.04718028681625807,0.24301832075603957,-2.2184159319874133,-2.219330472689238,-0.007711581014156616
12.210105895996094,0.5630150594898552,-0.9023554511857418,-3.002341863857402,0.013378969099427944,0.033366368226363095,-0.20983969325214236,-0.46716053343161773,-0.04717236036155997,0.2430058323329393,-2.218374287655987,-2.2192614787757328,-0.007563445854951506
12.218245029449463,1.2162051171510084,-0.32925428987430094,-2.913685061704191,-0.002724434771076411,0.047470262777559585,-0.21012090070809258,-0.4671734282958635,-0.04716374002432677,0.2429798558547394,-2.218403774509076,-2.2192556626238624,-0.0075582542532034135
12.226321458816528,0.9981762303388906,-0.4988061234660757,-2.920408985635726,0.0011979158990057053,0.04458034686874615,-0.21312161439015143,-0.46717825351156583,-0.047159492555570066,0.2429033993971238,-2.218436670788432,-2.2192937338084002,-0.007610828420556337
12.234268188476562,1.1886879509442108,-0.901831061263553,-2.7233164729629245,0.011664219619618759,0.04954190263092146,-0.22152614682550012,-0.46717953556015646,-0.04717608123218735,0.24289169064087254,-2.2183055455005336,-2.2193443505318555,-0.007555105892378401
12.242104291915894,1.1825613217394217,-0.6844550528308163,-2.848821809467582,0.005932228037463765,0.04726009958464433,-0.21279947995627427,-0.4671666754155539,-0.047166059625854496,0.24286848926871582,-2.2183455432192276,-2.2192571952337303,-0.007602893561393145
12.250241041183472,0.881732900905298,-0.3374762481862687,-2.783503828378756,-0.001367054161055711,0.041613950037631166,-0.2169525773139792,-0.4671786149019357,-0.04716317968429121,0.24284156451524702,-2.21839578750288,-2.2192617688688143,-0.007513190022237333
12.258208274841309,0.9243273639815067,-0.4474063580216628,-2.9031254016610366,0.0017710994515134058,0.04273794317125684,-0.21568919060871233,-0.4671845827936356,-0.04716799262723893,0.24281886454859175,-2.218380302414854,-2.2191836792024717,-0.007549132060149194
12.266252756118774,0.9437327496564983,-0.7398983801254816,-2.8136967285640018,0.006761771697672646,0.046991994691132,-0.21719922518009127,-0.4671810205014917,-0.047151344194209015,0.24278301926462675,-2.218341005319781,-2.219237727323153,-0.007505816887384846
12.274209976196289,0.913592062319019,-0.43071850895115177,-2.94473555522362,0.00021001300607496892,0.04232212732941796,-0.2171259426264081,-0.4671955567804748,-0.047165909439272014,0.24278844755884602,-2.218312745671863,-2.21917376917699,-0.007426979277459582
12.282264471054077,0.9480235945851003,-0.7350085731199101,-2.991805125515589,0.008793727360236873,0.042237836893545044,-0.21650096720866668,-0.46718191376187024,-0.0471624599097655,0.24271496707836965,-2.2183421282069253,-2.219228141773294,-0.0075685997748791475
12.29012417793274,0.8443761258793955,-0.3842401161181404,-2.9113627812843847,-0.002703188356154971,0.040302556791011655,-0.21004172796921888,-0.4672077511928789,-0.04713897756429125,0.24269526625023266,-2.2183644561607943,-2.219152936883439,-0.007496640879907274
12.298153638839722,1.1188595376481805,-0.39560517589227684,-2.841930507212606,-0.0014913531185684408,0.04679120581871648,-0.21314271288529663,-0.4672048499351822,-0.04712788421636757,0.24270133649268263,-2.2183732778356813,-2.2190351634554677,-0.007453146627521065
12.306126356124878,1.0485005737563542,-0.3226335740323708,-2.853157768381189,-0.0004870193368068955,0.046251666683325386,-0.21574991270324834,-0.4671953758688473,-0.0471621538406533,0.24266843395299373,-2.21829896525143,-2.2191935664299547,-0.007396634741194441
12.316160678863525,1.242167435005845,-0.45619299331368296,-2.8849242777388633,0.0007202071051162803,0.05000157524309392,-0.2143534250684448,-0.4671732891175262,-0.04715874559951333,0.24260537221033035,-2.2183351361716093,-2.2192123129289874,-0.00751721692563282
12.324056625366211,0.9821749725941247,-0.6953238679799744,-2.9228301701104336,0.007281053564903978,0.04326438852052375,-0.21240874598242512,-0.46719689924823316,-0.047154126135944864,0.24260533775840898,-2.2183503958844684,-2.2191695957893773,-0.00742519645519256
12.332132816314697,0.6862936370961121,-0.7554169751102353,-2.2340947989351534,0.00992185091207111,0.044120435445681554,-0.21944428095363808,-0.46718624636387956,-0.04715109286423376,0.2425435300411302,-2.2182942069884257,-2.2191832201558355,-0.00746191769304704
12.340124130249023,1.1943615496206255,-0.6029874525964607,-2.4243167467644855,0.004263150689313435,0.05019353116115387,-0.2167568346445113,-0.46717022678620085,-0.04716308002160024,0.24243331211327085,-2.2183576133274094,-2.219221112599705,-0.0075422316462183635
12.348224639892578,1.4070180611386804,-0.7483539027285764,-2.7878620544953345,0.006874892896682562,0.05142017643880269,-0.21913218600749085,-0.4671465045282592,-0.047168465623288004,0.24234136466803802,-2.2183906669520987,-2.2192561220116716,-0.0075154803402399184
12.356207609176636,1.0932085568380812,-0.5272437428887613,-2.750499058939737,0.0007988799835506686,0.04329681592421614,-0.22071285497916804,-0.4671415758969085,-0.04714673587052816,0.2422167835741792,-2.2184223839520723,-2.2192794507777793,-0.007703009540090297
12.364106893539429,1.196709596189825,-0.7245043982854336,-2.7973377670645863,0.0073592642125665814,0.05046604666228422,-0.2163383088951555,-0.4671490362848274,-0.04715783400386101,0.2421261091597079,-2.218476524549925,-2.2193227260407804,-0.007586047506166426
12.372219800949097,1.0141524448368278,-0.3374444502932484,-2.827449943262787,0.0009253304337949875,0.04670969396865918,-0.21771797891341216,-0.46715386547838433,-0.04716371573846159,0.24200307646218544,-2.2185209103450556,-2.2193206461964845,-0.007735637680917272
12.380154371261597,0.8835580197345609,-0.7280229754483669,-3.075464212840257,0.007163687586207366,0.03945989311708201,-0.2144205889839458,-0.4671319402583645,-0.04718565663807067,0.24190097323295173,-2.2184418595951896,-2.21947213238364,-0.007780368801420825
12.388210773468018,1.1888651405962412,-0.8159104387587407,-2.89637685967998,0.007680266731133632,0.04770366950554913,-0.21760979461138336,-0.46713397763865666,-0.047162729170803414,0.24183253188081988,-2.218512320849135,-2.2194296196584404,-0.007702562524544676
12.39628005027771,1.1858042908335016,-0.8163855892988365,-2.754648803634218,0.009169061826357319,0.048638792259382294,-0.21688927042533931,-0.4671069999959578,-0.047197349959389075,0.24172804127502823,-2.218553120295584,-2.219442587288049,-0.007861287771648148
12.404264688491821,1.100401873180342,-0.5084052614816776,-2.758547577177557,0.003057452593493362,0.047273009058119715,-0.21617195842785827,-0.4671378123082162,-0.047173005419131296,0.24169834547294772,-2.218480184741272,-2.219352331298887,-0.007726176615150124
12.414363384246826,1.306019000924822,-0.8272513569037103,-2.6893807167270705,0.010252077400419116,0.05229523820051524,-0.2169563160905469,-0.46712613543283554,-0.04715816603655395,0.2416160849468283,-2.218460765789091,-2.2194115625162274,-0.007771887155872128
12.422422647476196,1.3039519824303967,-0.8372883241530722,-2.7311325285201096,0.008475269421980383,0.04926280158502624,-0.2149419265626504,-0.4671348782664273,-0.047124348556850375,0.24153263521651286,-2.218645907096081,-2.2192322586076556,-0.007743210278054663
12.430406332015991,1.1663888823675002,-0.33310702677905285,-2.632989851867989,0.0005609048713061672,0.048959809388777475,-0.20839593708208862,-0.467126290122447,-0.047151437442852405,0.2414539624998564,-2.218429640575027,-2.2193690988685475,-0.007733916289761227
12.438437223434448,1.1897664292733174,-0.49260938041805064,-2.983109617482633,0.0001886804620608395,0.04680862456172366,-0.2151917062375286,-0.4671263962914823,-0.047178593504603954,0.2413689777603953,-2.2185238590959355,-2.2194092965502503,-0.007786691421532516
12.446245193481445,1.4155516160344859,-0.66909884352812,-2.7323101075742877,0.00485220982323094,0.05141953477086338,-0.2168621381694798,-0.46711866393542795,-0.047198272239928035,0.24129303826592946,-2.218479670391497,-2.2194325476388834,-0.0076829560609653
12.454142808914185,0.9585943163663706,-0.5692063016066126,-2.864425167707828,0.0026646410810669974,0.04077053705550025,-0.21540115050017572,-0.46712491543735746,-0.04716228970067449,0.24121254317965707,-2.2184914545432926,-2.2193462890033855,-0.007790384392364928
12.462088823318481,1.0466106187405246,-0.7107345933156941,-2.9580187182786353,0.003953033296235659,0.044822219657726335,-0.2104695228596939,-0.4671379504328415,-0.047174421532852416,0.24112352359643735,-2.2184396145080014,-2.2194518868097477,-0.007662757451162504
12.470223903656006,1.04886857670253,-0.6706593999199264,-2.9829028308658057,0.007143457673164227,0.04346790064635289,-0.22111757828691192,-0.46713829405061313,-0.047154200106810984,0.24105165353822916,-2.2185161152763495,-2.2193686629545053,-0.007718553076096843
12.478266477584839,1.2208650951676068,-0.5827508272612936,-2.7890338314069463,0.0030728459646512385,0.046768280359284535,-0.2145481966810257,-0.4671254227150471,-0.047176470329839675,0.2409634898984963,-2.218493273564515,-2.219412006712134,-0.007762930812861457
12.486134767532349,1.3153635449907148,-0.8138915613005463,-2.9780139193284687,0.005677767332599826,0.054680772445977736,-0.22105998102066243,-0.4671348949471165,-0.04715178694825051,0.2409071135754974,-2.218499895233785,-2.219325634233116,-0.0077002227486730026
12.494385480880737,0.9969283495652133,-0.5658159204763439,-2.7995288032581356,0.004621885164306005,0.0449550031408774,-0.21798996888435757,-0.46712905381201675,-0.047183947531252865,0.24083717497549073,-2.218453147704086,-2.2194470547414316,-0.007684714597395847
12.502098798751831,1.0845898444143436,-1.0105281422939145,-2.811892014582341,0.010835344199316685,0.04531374848802924,-0.21564094214249835,-0.4671572280606923,-0.04715409230468441,0.2408012326078795,-2.2184670104981263,-2.219262674139339,-0.007623955185558472
12.510100603103638,1.199382135577375,-0.88642951366216,-2.9706632843449667,0.010717623503796835,0.050920362624264075,-0.2204692264023164,-0.467147711140932,-0.047180933745570815,0.24071958970268467,-2.218406636464464,-2.21942986310466,-0.00765560360345356
12.518128871917725,1.3500332633365573,-0.26992186579775534,-3.04992255107059,-0.0010982251162878556,0.05255972342410268,-0.21695971437239048,-0.4671624213828057,-0.047178267376195376,0.24067196165976262,-2.218414800619312,-2.219305489535017,-0.007645302545842164
12.526087284088135,1.2084084152172334,-0.7760552977703272,-2.961256755117758,0.0063738208277321394,0.04936234478479012,-0.2179513294463102,-0.4671449216010053,-0.04716126704079521,0.24060046691831957,-2.2184568999174377,-2.2193667291867305,-0.007611595791548725
12.534164667129517,1.1111975169872357,-0.6196855975122366,-2.946343176114303,0.00513599498744984,0.047092846764966806,-0.2119604862819953,-0.4671724130504993,-0.04716018603134635,0.24054318460862295,-2.2184171612014,-2.219346627186388,-0.007658133162047573
12.54217004776001,1.2884457708395254,-0.4588525753347909,-3.0044687630801965,0.0043779477960677665,0.05181038716011656,-0.21012183045644173,-0.46715011846535737,-0.047177249390178734,0.24051267260922043,-2.218384193145165,-2.2193701761910196,-0.007564343986796799
12.55014681816101,1.1348822336042663,-0.5699191910474727,-2.791478765712151,0.002028145546857821,0.04714805497432391,-0.2125360835847143,-0.4671797689554878,-0.047156408529933594,0.24047176928214847,-2.218365422926005,-2.2193274388300686,-0.007521670251502901
12.558192491531372,0.9956635439523248,-0.6959783288466748,-2.688924775348352,0.004369050220747531,0.044584151922319196,-0.2179190269565489,-0.4671724291037459,-0.04715965806530265,0.24040797960268084,-2.218373960068163,-2.2193009186856556,-0.007578103750319963
12.566173315048218,1.0225210376302665,-0.773131824392975,-2.773076581521784,0.008925318901728098,0.047345426883004006,-0.22169535953091402,-0.46718601240653895,-0.04717606656307397,0.24037990581449659,-2.218274996755095,-2.2193205008911385,-0.007556574386966935
12.574239253997803,1.3201056162303029,-0.8786879167608892,-2.887105938048721,0.009618897753958997,0.05058988130278646,-0.22118363425517595,-0.46717559470150993,-0.04714915823875075,0.24029413775586617,-2.2184334037888718,-2.2193074889302853,-0.007636792473198837
12.582189798355103,0.9402125515799351,-0.709445321540133,-3.0384791305368264,0.009320035750700702,0.0430316948069918,-0.2195764967183063,-0.4671807509983055,-0.047170878407587644,0.24026111481861842,-2.218351930023919,-2.21935531772854,-0.007584631015363312
12.590556383132935,1.1152411506490214,-0.6673641820345186,-2.8758983342689617,0.0052364748333095556,0.048522260102031464,-0.21834546852913064,-0.46718269389949957,-0.04714716636668702,0.240212414508373,-2.2184552763224876,-2.2192866079939497,-0.00757897258875291
12.598218202590942,1.0895839666750087,-0.6892984511017021,-2.920570754850686,0.008145839674985349,0.04556498302976389,-0.2178906597167007,-0.467183717391534,-0.0471375997353424,0.24015468017232916,-2.218435311054104,-2.2192684656891704,-0.007625635436962193
12.606271982192993,1.1204876799781778,-0.3739232312143924,-2.926657389742977,0.001823884019248948,0.0477830654457428,-0.21528115290641311,-0.46719710205312753,-0.04716570683142685,0.24013384783458955,-2.218366957674094,-2.2193194986276903,-0.007534448656644159
12.614202499389648,1.471325014331175,-0.9142557194253385,-2.7533034654851036,0.011276739874131149,0.05569640241031095,-0.2189471909338242,-0.4671850230238988,-0.04714781453703481,0.24008196106978374,-2.218400462915301,-2.21930684650015,-0.007610987250299764
12.622200727462769,1.10363903538888,-0.4782641812442302,-2.705753844541053,0.0024701966261773426,0.046682657040591616,-0.21432811881166208,-0.46718522815764213,-0.04713314507058403,0.2400497956412097,-2.2184373529834875,-2.2192378981934917,-0.0076492690561827306
12.630300283432007,1.1174681329838536,-0.5477503614571809,-2.9139687466936945,0.003537071803690938,0.048632448336058974,-0.22323556145060197,-0.46719294804023204,-0.04714567489747628,0.2400512939239084,-2.2183625241763023,-2.2192219173922614,-0.007507633263885253
12.638243198394775,0.9481887085836463,-0.945693935616067,-2.764124838874174,0.013927485991043601,0.04397565496383308,-0.21842065452321174,-0.4671931968146666,-0.04714752698695297,0.2400232137923105,-2.218387390776927,-2.219151701647327,-0.007463835584195614
12.64618992805481,1.0864073047133787,-0.895941077767759,-2.775032507588632,0.009894194932908544,0.043221840054522724,-0.21649548083751344,-0.4671882602122709,-0.04717092047550477,0.2400125109275343,-2.2182028650917878,-2.2192609156636434,-0.007445826694462151
12.654248714447021,0.9230390336613132,-0.6331244969820065,-2.789523781901622,0.007060443257135333,0.04054509997996387,-0.21422582253611638,-0.46717864730666875,-0.04716381294617459,0.23995140783457425,-2.218339480633509,-2.219228865361398,-0.007452489779261789
12.662323951721191,1.0705896802264896,-0.6476224916810279,-2.683234483419325,0.0042260975904424534,0.04627596294903497,-0.2171136146777987,-0.4671848050695817,-0.047153800703483045,0.23993558617979194,-2.2182787019239263,-2.2191857743006893,-0.007467070824781013
12.670189142227173,0.915197866347689,-0.6705066228280201,-2.799361954291068,0.006417999455303096,0.04267602271908718,-0.22099538528062823,-0.4671873308220629,-0.04716858451742476,0.23989910828759548,-2.2182942673954495,-2.219219213637896,-0.007472796582795886
12.678253173828125,0.8613327407387247,-0.5501621746680273,-2.972830828688362,0.001595236623088481,0.039723652530029206,-0.21772046795388378,-0.46718209807152833,-0.04714822039910547,0.23987516855457283,-2.218307861500661,-2.2191606642578257,-0.007508655112680565
12.68620777130127,0.8261418776413098,-0.9085105044360352,-2.6771488367345664,0.011620962127968877,0.03768294092997513,-0.21617621865398712,-0.46719414151505123,-0.04714949500697033,0.23985857747572303,-2.2182981775334754,-2.2191886777124266,-0.00741945391798726
12.694109201431274,1.0727348476584841,-0.5293135882860801,-2.8193134978269607,0.0036392038828564127,0.04614477275337371,-0.2156035575785227,-0.46719235125870134,-0.04715059850540101,0.2398396443475615,-2.2181902619549625,-2.2192169239463437,-0.007460726938433912
12.70224404335022,1.0369552654360183,-0.8178993625451265,-2.666991791055761,0.008888658528103591,0.04444449579921461,-0.21259018754700162,-0.4672018747825201,-0.04715722941062806,0.2398246688283553,-2.218239539482106,-2.2191707141529156,-0.007342471528477468
12.710163116455078,1.2264452122753164,-0.8968462032041948,-2.6163912577611863,0.011450539397912896,0.04897473498361613,-0.21838444669982068,-0.4671844952051035,-0.04716408771489458,0.23976921286165542,-2.2182669859963102,-2.219215264364818,-0.007470913457428099
12.718149423599243,1.0498034308294875,-0.5985039698282227,-2.6355265798995733,0.005086400596415767,0.04348265517224819,-0.21831615856503142,-0.46719638802102725,-0.04717246413809634,0.2397807265775599,-2.218147213655092,-2.2191592338563266,-0.007421865823248181
12.726114749908447,0.8032299464393562,-0.6723943573004224,-2.631255718250542,0.003156560263346734,0.03998396697999,-0.2201986702149662,-0.4671893128886467,-0.047165105581774655,0.23974331831284193,-2.2182473676995778,-2.219161098648999,-0.0073561878429605826
12.734212636947632,1.1338969046789633,-0.9151951149020188,-2.789543766485939,0.013677264824601389,0.04515531819112906,-0.21746423228729325,-0.4671804601058042,-0.04715374731738202,0.2397162417683781,-2.218293210497865,-2.2191916020400204,-0.007404975820015956
12.742212533950806,0.8092696933959487,-0.620706502137818,-2.7342779190994446,0.005373190374536145,0.03834626441252089,-0.22054895448677256,-0.4671978724311653,-0.047138016868244335,0.2396923788441792,-2.2182881089618296,-2.2191671427354747,-0.007399066377680619
12.750202417373657,0.8675348402897034,-0.8570159322365755,-2.717635828160308,0.010992033439511717,0.04226726764058373,-0.22211582087706236,-0.4671772112393423,-0.04716009957015535,0.23966241421529444,-2.218298428971475,-2.219223840160042,-0.007401354424330755
12.758188247680664,0.8206049742571855,-0.5004311172313817,-2.6523656540801688,0.0005532800692160667,0.03828472548884182,-0.22282914133541662,-0.4671788380448358,-0.04712888621934502,0.23962509281700548,-2.2184200989544025,-2.2191358116070816,-0.007474474075636237
12.766227960586548,1.2410448052377183,-0.6397844116667883,-2.7104453128183326,0.005388156495083097,0.04762857018680379,-0.22256314376926176,-0.4671759970794095,-0.047163808426215016,0.2396180247612401,-2.218287633571324,-2.2192239211653537,-0.00743203431914427
12.774126768112183,0.9287278329201207,-0.5438815925830021,-2.707648904479636,0.004451178664546143,0.04232099933572861,-0.21585962078798432,-0.46716048966157325,-0.0471465616243295,0.23959719661132706,-2.2183567483501374,-2.2191528493679553,-0.007519137185646446
12.782180786132812,1.2057276169302287,-0.885938209722797,-2.618245849030672,0.010611145868488775,0.04716326250011619,-0.21945098141522798,-0.4671737801438206,-0.04715755597721875,0.2395701693738865,-2.2182872713544004,-2.2192059943060136,-0.007471375140771632
12.790194272994995,0.7834847998922013,-0.23306677799411277,-2.642180930091368,-0.0019803959930029267,0.041030086502298446,-0.21884202870963382,-0.46714833631349995,-0.04716520052832787,0.2395354521075487,-2.2182642187702846,-2.2192662723935848,-0.00758729510336852
12.798224925994873,1.3582535451104143,-0.9427147956682401,-2.7930855853919203,0.01250279705776518,0.051828646823646574,-0.21857268828768583,-0.46716945017656153,-0.04716747637917427,0.2395548941097445,-2.218271988696288,-2.2191980414632027,-0.007358362120091223
12.806124687194824,1.1567046675235149,-0.6002719060551345,-2.623456874107627,0.001996648493898671,0.04514933372604538,-0.21480841924264615,-0.46715852665647656,-0.04715869106569111,0.23951985046393542,-2.218309875624194,-2.219177449484747,-0.007473586499024527
12.8141508102417,1.3811924490244483,-0.730366772497703,-2.595251032714846,0.0051366464671384745,0.05212784040041784,-0.21422448115955428,-0.4671634357557165,-0.0471606567486906,0.2395089525674335,-2.2182826644647715,-2.2191664707950056,-0.007493183408209287
12.822172164916992,1.4352107729617842,-0.6782636023128055,-2.7049799969157307,0.0064949774437838914,0.05367233405338675,-0.22053710835271323,-0.4671479992317445,-0.047142719070260436,0.23941995819067033,-2.21846592035409,-2.219260434937159,-0.00759987656423407
12.830153703689575,1.0130321459073843,-0.5540099227741858,-2.8291028195037304,0.0023053476585513104,0.04345638812706494,-0.21373414072302904,-0.467138487381349,-0.04717741054024452,0.23944601189009437,-2.2182941589378786,-2.219309669736363,-0.007530097559172526
12.838292360305786,1.1789717415219294,-0.44489000484275687,-2.5941793150786814,-0.0017490339578450172,0.047007567566773316,-0.21757288256828186,-0.46717016831792324,-0.047155568468497194,0.23942777402747328,-2.218311666266847,-2.2192693993069756,-0.007526894034013787
12.846226930618286,1.2833784844916927,-0.780823476403819,-2.7636249169717115,0.007974725891275602,0.04948751859003705,-0.22499944266347927,-0.46714728781443876,-0.04716047195292601,0.23939203983297908,-2.2184654052665755,-2.219224019646296,-0.007562552429956742
12.854179620742798,1.002640511992503,-0.5944170169006038,-2.7151181119808556,0.0053310044050872,0.04448387988820098,-0.2167219597880972,-0.4671324616968321,-0.047186319005346,0.23936816048142334,-2.2183529827185557,-2.2193027970466987,-0.007630771727414724
12.862332105636597,0.9497405353760006,-0.6822354105016644,-2.812812913311571,0.006800327333844457,0.04265977714248804,-0.21673468271069954,-0.46713224830925193,-0.04717287075762281,0.23933620966482405,-2.218377488363589,-2.21936832484969,-0.00760438038652637
12.870222806930542,0.8809681704260559,-0.4767591883022535,-2.761876164413411,0.0007738180293834257,0.041615989078888804,-0.2181661210892857,-0.46713662687831903,-0.047158457256047816,0.23930127838928353,-2.2184801857206193,-2.2193142495842237,-0.007618037676652083
12.878122568130493,1.1625519379410232,-0.6265265310039896,-2.7801432639505244,0.004983773263713253,0.045655047391600576,-0.21748404569315125,-0.4671382152359738,-0.047162729533104124,0.23929974695911244,-2.2184116317883897,-2.2193210372821275,-0.007625230831535822
12.886190414428711,1.1540190506504353,-0.823204778664707,-2.721021932895901,0.009964281697642444,0.0472764431359508,-0.22036182230112158,-0.4671527175006942,-0.04716572802358166,0.2392902810966348,-2.218407408101452,-2.219340073034544,-0.0076674306277990005
12.894191980361938,1.0321774105994177,-0.7298307803011321,-2.963269959365632,0.008318615373762037,0.04467478820309184,-0.21007263911811325,-0.4671278471963388,-0.047172543848342324,0.2392530871089943,-2.2184378407353016,-2.2193483996416106,-0.007696082183088797
12.902165412902832,1.2851932843235896,-0.4271888719927586,-2.8309456003208684,-0.0031393880649377066,0.048003834723223684,-0.21700612271771855,-0.4671605019916522,-0.047144607115011214,0.23929146703001183,-2.2184174520229476,-2.219225622416279,-0.007641928323840765
12.910099029541016,0.976919420433749,-0.6592312835382178,-2.8372086543175743,0.006307951043651882,0.043859663852655925,-0.21879992766630776,-0.46716978759529704,-0.04717718473947906,0.23928133120400644,-2.2183328170416483,-2.219335040393716,-0.007549652909655507
12.918327569961548,1.160240089146726,-0.6654152066078686,-2.693780719546367,0.004159691093871386,0.046762277895175584,-0.2194206013955328,-0.46716461402435644,-0.047166939730379644,0.2392571703303625,-2.2183981668271264,-2.2193088330489377,-0.007610016715959686
12.926209449768066,1.1893054871352564,-0.5510528207852832,-2.7715259415324254,0.004804353525274626,0.048220429989814025,-0.21913839915544908,-0.4671740011234665,-0.04714473429926618,0.23926640105670466,-2.2184254853112915,-2.2191911563256026,-0.007609189701727793
12.934155941009521,1.372113997067833,-1.1779135514870829,-2.4964175656147494,0.01424585778988234,0.051547337346468,-0.220604659544091,-0.4671639396264222,-0.04716246131556369,0.23922929392747752,-2.2184188369586484,-2.21926604204919,-0.007578607103179516
12.942283153533936,1.0807478287489545,-0.838029277055835,-2.7580647287174034,0.008783734343883723,0.04618920121856916,-0.21115507238316789,-0.467166118201661,-0.047158263393590714,0.23923523386225587,-2.2183074622003858,-2.219337502073968,-0.007619221486129455
12.95012354850769,1.2868003445647593,-0.5760302593014645,-2.790886035815383,0.0037735317786669986,0.053361899398292015,-0.21917567504462088,-0.4671739050924302,-0.04716904373097682,0.2392639050342233,-2.2183028020401863,-2.2192701406733435,-0.00747811940875898
12.95819878578186,1.1537139436943227,-0.582361314395765,-2.6834028513420343,0.0046435548212164475,0.04804180245879311,-0.2076449269582737,-0.46714196455942053,-0.04715524206671138,0.2392112989491546,-2.2183826278018053,-2.21930557891836,-0.0076197589850603925
12.966253280639648,1.1807432634882398,-0.5478309547483018,-2.6791745860273792,0.0032843823673805532,0.045906671108986045,-0.21288298943668157,-0.46716225596547184,-0.04716335603387915,0.23921918057757857,-2.2183664634288394,-2.2192798917071648,-0.007531444367749841
12.974310874938965,1.2384110763885199,-0.9081090541955377,-2.8623002434482783,0.010004888087730177,0.0518689286056789,-0.21773375869963307,-0.467143305199256,-0.04716733308667011,0.23921416633701936,-2.218366569718749,-2.219247391683859,-0.007602864983457917
12.982288122177124,0.9831107445047862,-0.33725357583165533,-2.787273186082675,-0.0030521254227366874,0.04210001166127131,-0.2109894012644437,-0.46716683815819376,-0.04714895707724488,0.2392265284148054,-2.2182827086664374,-2.2192133033349624,-0.007532783766750233
12.990280628204346,1.0517465234534076,-0.5352637764474115,-2.9345752152636817,0.005887880685424989,0.04507765207201318,-0.21902600095570157,-0.4671686296199678,-0.04715161419019602,0.23917669261374663,-2.21836242016275,-2.219275706969972,-0.007657970489626053
12.998262643814087,0.9369963446577106,-0.5460500558540187,-3.0401695331098133,0.0003750430665612894,0.04191129500038101,-0.2185893751635683,-0.467160450654095,-0.04716831551928608,0.23918059323442514,-2.2183504728966676,-2.2193357117151127,-0.007586548581550697
13.006267786026001,1.2260389518836716,-0.6392472465997832,-2.7562296024977986,0.0030563778700393035,0.05044721173223389,-0.21547367328993816,-0.4671628891388188,-0.047150690661637025,0.239162690008571,-2.218389753003293,-2.219231899888731,-0.007582035062383773
13.014219999313354,1.1989274661404123,-0.8572431780409315,-2.7424799808390197,0.007091130953931163,0.04915941888943868,-0.21889972388814696,-0.4671635530975139,-0.04713730209500053,0.2391830582262227,-2.2183459395076786,-2.2192383453385576,-0.007584861586663308
13.022302150726318,1.2223799331859484,-0.9389075777744921,-2.8397233547089695,0.009497717025113274,0.051956465198772235,-0.21741223656287476,-0.46716221378718203,-0.04716088550776399,0.23916850117354824,-2.218359875379936,-2.219273995568825,-0.007505042020345304
13.030157089233398,1.149883952993455,-0.635552122236617,-2.778929126390633,0.006135875239479363,0.04714523453536927,-0.21859939992000593,-0.4671680824468101,-0.047151836574423,0.23915842295411308,-2.218358596579733,-2.219263170566987,-0.007607566246588704
13.038243055343628,0.9760290455980527,-0.7583971533281452,-2.844707463641615,0.009563103100869287,0.042924053298038486,-0.21563955507482335,-0.46715637951439,-0.047176068506412816,0.2391525439449591,-2.218316353187845,-2.219329293957117,-0.007529142113870284
13.046185731887817,1.098546275381652,-0.7879928652252896,-2.861802828015745,0.008775364066010257,0.04603006846823808,-0.21682364095904996,-0.4671408747611122,-0.04716965021552723,0.23911285008326252,-2.2184538510974177,-2.219302489278005,-0.007613014058553565
13.054193019866943,1.0217561537731046,-0.36586512741621485,-2.9670926575221617,0.0013537471990572609,0.046625107716823065,-0.21035228000443035,-0.4671434442128035,-0.04718028918883982,0.23912470291708363,-2.2182828065976086,-2.2194454133650825,-0.007600016558402998
13.062159538269043,0.9625819045808874,-0.7151098546840982,-2.7899173516798665,0.006116815259796322,0.04231991984935887,-0.21809887764431288,-0.467145101193086,-0.047169878500368245,0.23911259348871916,-2.2183309812825285,-2.2193448042987387,-0.007647752865766026
13.070971488952637,1.2973159093065343,-0.4213151103869156,-2.7547591297116076,-0.0013601176031683864,0.05148196399855606,-0.2145704804239864,-0.46714254911710607,-0.04716843419584714,0.2390978023538418,-2.2184225460061677,-2.2193487434221972,-0.007641445311407089
13.080254554748535,1.2989983008676866,-0.32773994297973963,-2.5552723302338998,-0.003524844553162311,0.049874961120451686,-0.2151755752012855,-0.46715311127358067,-0.04717332415014237,0.23909306527382168,-2.2183650210014436,-2.2193275540302753,-0.007629198192384519
13.08817720413208,1.4791306156314818,-0.7189467035756177,-2.9084810168636093,0.00616854745423161,0.04844039005236584,-0.21874085437430743,-0.46714703243445105,-0.047146256201593496,0.2390887441553357,-2.218444743645262,-2.219276261249342,-0.007610783663431295
13.096175909042358,0.6209563388282475,-0.5169824271977513,-2.1062417415511105,0.0024794972869305975,0.041175989753579285,-0.21999200095862562,-0.46716249895028306,-0.04717111190620489,0.23903694117143542,-2.2182161585241857,-2.219247038909941,-0.00754540741134211
13.104236841201782,0.9034972830983815,-0.22378687103632156,-2.2823094881283343,-0.002132546705988491,0.04058576352617286,-0.21825072063751752,-0.4671346983085082,-0.047155462353893014,0.2388970038998079,-2.2184667956851345,-2.2192663037530473,-0.007637742385843605
13.112210988998413,1.1824816580972515,-0.6792438550598231,-2.767932778614488,0.0010867265611917269,0.04545894526279395,-0.21619172707266518,-0.4671229768600895,-0.04715228702671824,0.23878887856108333,-2.2184047530077633,-2.219386114504582,-0.007733017687734829
13.120183944702148,1.115562992777561,-0.3894458218073413,-2.9283926985094,0.0003561041097884397,0.04641481176055071,-0.2117012709522439,-0.46711488659271566,-0.047164238823918084,0.23866039386818924,-2.2185913936294854,-2.2194204706596934,-0.00777364695558656
13.128078937530518,0.9425102650568679,-0.5997500453070472,-2.9623398857024728,0.006878432120237331,0.04550052877730324,-0.21617101642819994,-0.46710696560670384,-0.04715054155189528,0.2385160505432405,-2.218679576131728,-2.2194933092368028,-0.007901738018772019
13.136168956756592,0.8147598145864878,-0.7433125360011082,-2.9625887068413697,0.00818105168254364,0.041335930991699354,-0.21506542566081782,-0.467093425959978,-0.047149595696282666,0.23843503942382155,-2.218665170697644,-2.2194752326337444,-0.007946552534301637
13.1441969871521,1.0362891978172124,-0.5247329308874731,-3.0995373881117905,0.0021404119522578364,0.04414168603257807,-0.21331026083068466,-0.4670765122320848,-0.047185967526558625,0.2382771665331262,-2.2186063006994536,-2.2197471616249693,-0.008128916562407001
13.152128458023071,1.3145572473914329,-1.0309686414925276,-3.120315270995658,0.01126113034456346,0.05089564729780033,-0.21740839503974083,-0.4670932819446299,-0.04719298646858243,0.23822239771582485,-2.2186535114904817,-2.219698873835064,-0.008041092821134391
13.160124778747559,1.0669034840380607,-0.7708768480597908,-2.8180145907984566,0.009385045111563685,0.04633041707597052,-0.21836766375265917,-0.46709323957587007,-0.047163703494454284,0.23816149991107705,-2.2186640499198007,-2.219561691528701,-0.008002244509235848
13.168291330337524,1.0089033820972124,-0.7952597265990924,-2.6715226706851496,0.009852343320805418,0.045453629684892166,-0.21569959530372723,-0.46707759867490606,-0.04714335411734577,0.23810799637363386,-2.2187815955014702,-2.219429250598347,-0.008021144932032735
13.176232099533081,1.2784433873956262,-0.5790493457069124,-2.551680667912272,0.0019139878745231583,0.049638609045559196,-0.21829000236034976,-0.46708181541622207,-0.047141579458600855,0.2380409554614262,-2.218681626087267,-2.2194586342102722,-0.008013463132925709
13.184192895889282,1.0687195537113423,-0.582806436580745,-2.791841226150248,0.00582149835019095,0.04556149065635092,-0.21438020739134334,-0.4670909524308544,-0.04718924271245514,0.23799531411516828,-2.218529120237808,-2.2195903211812857,-0.007925324342176937
13.192196369171143,0.9966529403114056,-0.3879057351715317,-2.7936970657193387,0.0015471248291149204,0.04449039530606066,-0.2157279559509792,-0.46709209499318505,-0.047169413462019874,0.237913863747491,-2.2186594497088103,-2.2195745089592966,-0.007988381974739051
13.200225353240967,0.9322838687873471,-0.8688218693268291,-2.953122660525969,0.010565877652767305,0.040219676131853975,-0.2195237710314709,-0.4670782941160035,-0.047188419317296025,0.23786996824144502,-2.218600174047857,-2.2195899579467007,-0.007969890343882161
13.20816421508789,1.0208714328795645,-0.7835784358620241,-3.0338272525147723,0.008758385383714451,0.04424393871085491,-0.21264338675588002,-0.4671002583629383,-0.047177541608409784,0.23778792986545205,-2.2186507210915054,-2.219576011279417,-0.008010565365300901
13.216372013092041,1.007695259181827,-0.44087387425146873,-3.0844624736094803,-0.0010921749103718543,0.045732176925153245,-0.21180987449706024,-0.4670982677815478,-0.04715731451783372,0.23774884988432593,-2.218659215480978,-2.219518329320434,-0.007980798783526189
13.224242448806763,1.0692714996384427,-0.467685599126246,-2.9850741488945314,0.004854452863572471,0.046736782975701295,-0.2171924256940297,-0.4670989555443346,-0.04716887820797093,0.23770498367762927,-2.218656943476232,-2.2195144225596586,-0.007934816185690063
13.232314825057983,1.140618410095465,-0.46205927217451026,-2.828516069297433,0.0016579208777390904,0.047495113526165235,-0.2124858085812018,-0.4670994377706511,-0.04717126050332418,0.23766636071481428,-2.218567193675253,-2.2195265804992097,-0.007970778122372025
13.240299701690674,0.8941946495397798,-0.5389135911494425,-2.9110442460147805,0.008154749534755736,0.03998821531425886,-0.21078776044101288,-0.4671073694870611,-0.047146888635742235,0.2376339056071347,-2.2186026643391905,-2.2194555934160407,-0.007854250906784004
13.24823260307312,1.0529889330659854,-0.5762484157449934,-2.93868699172253,0.0018971344076049632,0.04523948258505243,-0.21068969049805664,-0.46713284424820206,-0.04716855960231647,0.2376348662195482,-2.218558710796532,-2.2193719496236115,-0.007744540652873033
13.256328821182251,1.080037527198897,-0.5619502629963541,-2.7997986922468283,0.0036888555243611695,0.044290386053701655,-0.2199640154170319,-0.46714212365661933,-0.04716358096712644,0.23755871609516602,-2.2185437358921773,-2.219445628360405,-0.007822344978012511
13.26423454284668,1.087564866549687,-0.7414797006006597,-2.778462520866157,0.006924089392114201,0.04393907747687709,-0.21262083078972124,-0.46713223201130816,-0.047165451125012886,0.23757536358682174,-2.2184877125936135,-2.2193763757486273,-0.007655381922330183
13.272201299667358,0.8164556543241627,-0.689780218430734,-2.7962426451408025,0.004863302100241481,0.03843073202300411,-0.2198335403285677,-0.46714733822712357,-0.0471534094688074,0.23752709428461172,-2.2184884093070574,-2.2193783971094923,-0.007679069515151321
13.280293226242065,1.0609607624986048,-0.3051636533547055,-2.9421453955882293,-0.002878949658252053,0.045037363681332626,-0.21752370649050382,-0.4671193023705411,-0.04716715880155992,0.2374579918110703,-2.2185021548394928,-2.2194236525561895,-0.007785290714473516
13.288239002227783,1.1324653416816757,-0.8120096337763439,-2.9262533930098136,0.008556461302798727,0.045327827559875786,-0.2151150521495117,-0.467139085490605,-0.0471802276519134,0.23745507881095065,-2.218394446291533,-2.2194276308939282,-0.007682873673214782
13.296255350112915,1.245981036752398,-0.8822925518474821,-2.791389529316724,0.008697519371327017,0.04798405204727858,-0.22108441115813496,-0.4671352236273864,-0.047153166718480945,0.23741947157941057,-2.218449542347955,-2.219365251180924,-0.00774097582094687
13.304096460342407,0.872372787655264,-0.33045222765487964,-2.952805218746642,-0.0023940697204040597,0.04162411779376486,-0.21310757376614686,-0.4671451574954877,-0.04714792857395912,0.23739641379830523,-2.218341852923345,-2.2193750769273604,-0.007694418901443941
13.312301874160767,0.9289072339776108,-0.32116329893059703,-2.806096272073172,-0.0012150523197248673,0.042764370595919234,-0.21302031562819687,-0.46714853962818603,-0.04716242781124354,0.2373405174611363,-2.2183732463936385,-2.2194069072700495,-0.007701454908690839
13.320298194885254,1.1786638267872507,-0.78765313853935,-2.6397361751110626,0.00819482398286727,0.044308460606701495,-0.22055471046054503,-0.4671468891748112,-0.04718290782971697,0.23732982174557962,-2.218340831845507,-2.2193688349293477,-0.007664305305662302
13.328186511993408,1.3282633212149655,-0.9396553475334813,-2.7770562403206527,0.010872292719485891,0.050502041938386914,-0.21244251866625036,-0.46716299298355995,-0.04714956454997598,0.23733167023660334,-2.2183610104068845,-2.2192233450826158,-0.007605488453008193
13.336143016815186,0.9670933859302792,-0.6150025060497863,-2.851696261788362,0.0035455149689550903,0.04395653966854483,-0.21271908971193207,-0.46716558267788183,-0.04715387280146045,0.23729467794365008,-2.2183419363570196,-2.2192994217272877,-0.007596423338310328
13.344197750091553,1.0256990998184865,-0.6029880578789433,-2.9688067400318556,0.0017072834169636253,0.04349477104762218,-0.21168811002368637,-0.46717757149694517,-0.04714722732658627,0.23725940781528973,-2.2183442403774483,-2.219239661761499,-0.007534100463295282
13.35219120979309,1.0355603590311457,-0.7857805787716677,-2.9380357060719438,0.008371200332300145,0.045673532592031774,-0.21678218281693318,-0.4671761839456564,-0.04715020315472361,0.23724657381801992,-2.218377103282227,-2.219244080464611,-0.007585161136113913
13.360099792480469,0.8080468663961464,-0.5805576214966375,-3.0491300616650947,0.0033472755280659723,0.039023158974196066,-0.2140307296615668,-0.46717337548789334,-0.04716466114066952,0.2371985690125184,-2.218373754938043,-2.2192856017114604,-0.007559462320395018
13.368138074874878,0.7496347182862018,-0.2835315502206115,-2.9144684428140093,-0.0024797863218837704,0.03963509444335055,-0.21621582819807045,-0.4671676573993316,-0.04715038709926548,0.2371685151582636,-2.2184046429789754,-2.2193005193696216,-0.0075309729004166765
13.376099348068237,0.7921268122423617,-0.4071255369520451,-2.8701688324453527,0.0013388127861068725,0.04069998176709189,-0.2167051512325597,-0.46718297816936327,-0.04716303064240432,0.23716592157769156,-2.218253359804489,-2.219322182552639,-0.0074943158080198
13.384223937988281,0.8630364108338475,-0.6732591402363959,-2.804910577421173,0.005370831888875446,0.037610892165147014,-0.21939988465653146,-0.46717039575037067,-0.04715540329070319,0.2371461285827128,-2.2182541647066887,-2.2192498247310906,-0.007518892009527485
13.392218351364136,0.9530008784936123,-0.32173546402342806,-2.905609581036426,-0.0028038027818417933,0.042955852263395565,-0.21743433744781462,-0.4671743610551481,-0.047143642136988725,0.2371241760322145,-2.2183380673006146,-2.2191999529370197,-0.00750983329851627
13.40031623840332,0.6971614877881828,-0.7530516372960381,-2.8148642172509435,0.009809400550320542,0.03658390714040369,-0.2163228420632772,-0.46717993231272487,-0.047150366969610884,0.23710082742409916,-2.218289369378987,-2.219223130963871,-0.00744411613384956
13.408296823501587,1.3136871889580537,-0.8709123577207554,-2.839448420410749,0.011193541153183523,0.05081703013143723,-0.21476698493263052,-0.4671773154211862,-0.04715405587833851,0.23705753396194418,-2.2183448152720766,-2.2192267821192,-0.007471030542361827
13.416351079940796,1.1814370894151707,-0.6637403966852558,-2.8980428058816354,0.008295985748024492,0.04710270229599988,-0.21950194782604582,-0.46717240988683073,-0.047165040849035916,0.23706864860671678,-2.218275769791587,-2.2192223013916665,-0.007440322815218031
13.424303770065308,0.8747374785410653,-0.4483482413432463,-2.7483363732822683,-0.0011697372906671168,0.04057687594944473,-0.21513915959911514,-0.4671749295937384,-0.04716325720415822,0.23701752720266142,-2.218342559546786,-2.219261666065007,-0.007472257682373993
13.432243585586548,0.8930777116171038,-0.44096304930510977,-2.9020180583891837,0.0013115414849329558,0.04176424413679259,-0.2145809726671258,-0.46717497265705465,-0.04715100895892163,0.2370311613166471,-2.2183002469646436,-2.2191846337249452,-0.0074073494242593305
13.440201997756958,1.1357206907394841,-0.6935987641644703,-2.6890335592362504,0.006409413818571245,0.046726522353401564,-0.21527832841374778,-0.4671709514023026,-0.047169891651961116,0.23699826387366807,-2.218288864164857,-2.219242788424358,-0.007447856785175626
13.448206424713135,0.9867032435212821,-0.9029925434059073,-2.686851302136492,0.010513660373514635,0.04125949674834042,-0.2199425173504362,-0.46716993845998706,-0.047164770369000096,0.23696792394628158,-2.218250928819473,-2.219245185946843,-0.007419768172559811
13.456398963928223,0.8528743612261659,-0.4785246408446053,-2.9016942102051964,0.0014753900528857284,0.040025641610231484,-0.2175806732530438,-0.4671563055749573,-0.047159673156716195,0.23693068634680792,-2.2183234484748073,-2.219253761382516,-0.007552042851198565
13.4642014503479,1.0754973174390274,-0.8713142838010798,-2.7185607253310273,0.011837912082214849,0.045784993123326005,-0.21645771593429658,-0.46716584559320845,-0.047138121773594034,0.23693426486023084,-2.218320116024973,-2.2191806578564552,-0.007557234346190099
13.472365856170654,0.9613707480640287,-0.5310121302672877,-2.7593102337900675,0.004803158775266616,0.04435238493086104,-0.21681953332351836,-0.4671589930380769,-0.04714943099337404,0.2369003157835753,-2.2183099271412363,-2.219281503913578,-0.007504814491082001
13.48021149635315,1.020263161486237,-0.6216328034410612,-3.010183304841705,0.004088463674983934,0.04426951840864578,-0.21980996376754494,-0.4671543461334033,-0.0471586035116415,0.2368663355436479,-2.2183186985336523,-2.2192671314583254,-0.00748590666191681
13.488219976425171,1.0633040614973528,-0.7944528217248134,-2.907265513227609,0.010145365307800865,0.0466882172602629,-0.2203258088861757,-0.46716664147289916,-0.04713153226133345,0.23687883497927603,-2.2183575731854845,-2.219135467935836,-0.007494249304767641
13.49622106552124,0.8784643876973753,-0.6091945449100642,-2.896570176843926,0.005089090838497009,0.03939165219921619,-0.2097257814502054,-0.46714867436917495,-0.047153486902689015,0.23683736965916818,-2.218406401446514,-2.219259135504065,-0.007523545699326141
13.504141807556152,0.6986648966618133,-0.5135233924671633,-2.8976214518181687,0.003584841810318671,0.03677593979860201,-0.2111528517663244,-0.46715795589127923,-0.047151907683330704,0.2368045817064693,-2.218408159232573,-2.2192668914489087,-0.007589263922028748
13.51199722290039,0.9414496198157055,-0.5580326115204537,-3.028033897814187,0.0018697777756360998,0.0453305754330804,-0.21471424931339034,-0.4671641535518395,-0.04718682838391899,0.23680128010256857,-2.2183282294910267,-2.219290060780334,-0.007509168464198217
13.520195245742798,0.8563658300561473,-0.4316355862749669,-2.969841566898437,0.00317235094344219,0.04295425409849617,-0.21082244966587196,-0.46713753326445195,-0.04715565645984131,0.23676037277850137,-2.218457224758869,-2.219286516412247,-0.007620698462299342
13.528082609176636,0.9528692391692938,-0.524779132280201,-3.034890791493837,0.005819521829369867,0.04502876028172784,-0.21032689957832504,-0.46715414842705166,-0.04715825741218431,0.23676207923841372,-2.2183245750577716,-2.219291805220186,-0.007568575493103984
13.536164283752441,0.9446226449653885,-0.6703812042596481,-2.9773717443809855,0.00557042182355402,0.04464943361310578,-0.21711633573694258,-0.4671503792058325,-0.04714831596588738,0.23673122227304963,-2.2183924888701565,-2.2192651166439576,-0.007648585798043835
13.54409646987915,0.9216630421067916,-0.4222618362538642,-3.0228510545480636,0.0009011377512414559,0.040736235849059055,-0.214562262289379,-0.4671434782720162,-0.0471542596582979,0.23672735268180808,-2.218331497527978,-2.219312584101846,-0.00755244368574377
13.552101373672485,0.8979453271280275,-0.49280500683674766,-2.964439407877126,0.0025507428229727216,0.041604032252391523,-0.21297907707844194,-0.46714508500077906,-0.04715294192000437,0.2366902205950605,-2.2183560934847937,-2.219337986863051,-0.007609929205778744
13.560152769088745,0.8262743927827597,-0.1966381485994452,-3.160140141569042,-0.004500427858346331,0.03813772933219116,-0.20776929735655586,-0.46715107862181693,-0.047146799980946535,0.23666946339928202,-2.218485683691972,-2.219271172318142,-0.007612050728091572
13.568076372146606,1.0721021034462639,-0.6062830603117825,-2.890396173939482,0.008094562335809121,0.04483555260199185,-0.21854435020513768,-0.46713409393463035,-0.04714963538724909,0.23666349521908644,-2.2184511660551207,-2.219309946070568,-0.0076232746843184485
13.57604455947876,0.9367907547842034,-0.5580897592129164,-2.9640092730721075,0.004805167133318626,0.04100106665070229,-0.2158674361637451,-0.467153514356062,-0.04715781731220718,0.23667086759176204,-2.218297330730899,-2.2193454701482227,-0.007626570451413658
13.584133386611938,0.872565339244695,-0.5557970153389848,-2.946217285305077,0.0013489368051458497,0.04119137315185217,-0.21428706571791484,-0.4671591075219593,-0.047155874153971815,0.23665384078554907,-2.218353458153019,-2.219308003120735,-0.0075839826704485695
13.592122793197632,1.110981189998619,-0.33472684208175363,-2.9705732140522865,-0.0027165169307828405,0.04479776908828522,-0.21590263096082968,-0.4671622923658026,-0.04718126369987955,0.23666042773323476,-2.218327588617132,-2.21933801882731,-0.007558211142860543
13.600135087966919,0.8374693876946053,-0.6085043676949856,-2.9621929141408048,0.0023998483457415773,0.03982523528920698,-0.21658108140215207,-0.46714989822837055,-0.04717124519834196,0.236620893564711,-2.2183441108334545,-2.219359029820544,-0.0075376525591258755
13.60810899734497,1.1037474417579016,-0.534349951727938,-3.0245510295347002,0.0036694713375376624,0.0467358419296919,-0.20984391892787208,-0.46714063212922147,-0.04716751439232082,0.2365988495483522,-2.2183823962878972,-2.2194218416520926,-0.007614697923432191
13.61613655090332,0.7157212970645082,-0.716961059982917,-3.0545751262228085,0.006458113924967009,0.0375769140641348,-0.21768258476890892,-0.46714051052944827,-0.04714953490113622,0.2365949196874938,-2.2184665345688703,-2.219317831409286,-0.007622057610731049
13.624260902404785,1.053452116165323,-0.3733582935466232,-2.991284934979104,-0.0011905166563520799,0.04526891743190349,-0.2131377639540729,-0.46716070534682447,-0.04716316565292231,0.23659132402892244,-2.2183590748935225,-2.2193650662474376,-0.007593158920571914
13.632414817810059,1.0808898398769833,-0.30050971064015874,-2.942019239832525,-0.0011345081688522982,0.045633255181441346,-0.21077528260623044,-0.46715961906044556,-0.04715811338778956,0.2365732305518663,-2.218393002912943,-2.219317958344396,-0.007653588645342072
13.640154123306274,1.2480356505858714,-0.5864243967388248,-3.013451855188446,0.00333865485617859,0.04679056799225425,-0.21443315787776726,-0.46714665359292534,-0.04714711886859412,0.236545159688764,-2.218517333192277,-2.2192683712708283,-0.00768465183971301
13.648030996322632,0.8197660159561995,-0.40542230285744746,-3.0727384084435077,0.0011395577497896742,0.040312162308518175,-0.20634568263043626,-0.46716839039086394,-0.04714632180629166,0.23656948706697484,-2.218362433599351,-2.219351198309847,-0.007567247750597982
13.656071662902832,1.1328169677197661,-0.6826346643232953,-2.9123843710646993,0.006711658085615355,0.04963712135166406,-0.21444007535318718,-0.46715840519536095,-0.0471830797301783,0.23657417042262202,-2.2183284799415093,-2.2193260181171977,-0.007504549117773636
13.66405963897705,1.0556948770069952,-0.2610956898910311,-2.8840688031586152,-0.0022753845765751163,0.04436865883859652,-0.2171761432267266,-0.46716405350982265,-0.04716114695269356,0.23657119124055165,-2.218304080650834,-2.2193627693351305,-0.007576887172383622
13.672180652618408,0.9841952348292897,-0.7086422285936474,-2.8975769441593933,0.00803390684786812,0.043306848866278606,-0.21716361112117702,-0.46715748061135054,-0.047173616820562404,0.23654901085498883,-2.2183377599717176,-2.2194002837966673,-0.007531654629005762
13.680073738098145,0.6630865037682705,-0.3975813063445608,-2.894030265453042,0.0015349405889185498,0.034106052317250016,-0.210939598528883,-0.4671496345510622,-0.047157476934540456,0.2365256666632305,-2.218417476145144,-2.219375623144796,-0.00761335250393351
13.688132524490356,0.9603649339024094,-0.4642785467838091,-2.948581344982767,0.0021167800667232866,0.04327066968050745,-0.2127881533771373,-0.46715380747663415,-0.04715883415999948,0.2365477375319151,-2.218330776633404,-2.2193122151270495,-0.007537810320735497
13.696220874786377,0.952823988094829,-0.4959266022093124,-2.9523631163327373,0.006012593823081479,0.04448894270336281,-0.21139009992924634,-0.4671715221422716,-0.04718281142408189,0.23657303006375544,-2.218212685949054,-2.219299419134829,-0.007523669976513785
13.704188823699951,0.9942951407247929,-0.8143871995260564,-2.995097417700086,0.00979169882584437,0.041570752440387784,-0.21256970684025295,-0.46714785715648455,-0.04716966914557185,0.23650536681633527,-2.21832337655094,-2.2194018967890594,-0.007631781855089942
13.712157964706421,0.6722594456784474,-0.39669785428935544,-3.073021330262052,0.0010934621703552962,0.034502240386694666,-0.21401947487534034,-0.4671699464656159,-0.047140043470340814,0.23655448052028843,-2.2183571454492945,-2.2192108289364634,-0.007432149971678719
13.720350980758667,0.9549067761142882,-0.3493387063820267,-2.944352915833565,0.0009705227930030353,0.038992339807437874,-0.21632809013158716,-0.4671468720911998,-0.04715713273027953,0.2365392425727449,-2.2183793568719867,-2.2192680235467552,-0.007532689937438042
13.730154514312744,0.8789856469729067,-0.4170997990975485,-2.9720351436564783,0.003189566555963522,0.04313620742019957,-0.21099961565248382,-0.46715080387826396,-0.047168876147044916,0.2365229046891779,-2.2183283520557495,-2.219300315596747,-0.007461441136302299
13.738136768341064,1.2970459945301802,-0.706180059984032,-3.084937934996336,0.006978221966006256,0.04897586109497394,-0.21751962138923647,-0.4671521173424489,-0.04718420960264275,0.2365080159574409,-2.218318480333382,-2.2193139548599774,-0.00752042655458745
13.746222496032715,0.8324887766737037,-0.470367212510492,-2.2581773864685752,0.003523357171825936,0.0471728455669066,-0.22027702439861915,-0.4671481705890419,-0.04717270826717417,0.23640465629040175,-2.2183985520321463,-2.2193355483476904,-0.007547491226775955
13.754172086715698,0.6537559984401823,-0.46925273641805765,-2.5318710167146237,0.0009920400152075544,0.036174123309412755,-0.21511233352600292,-0.46714614437818225,-0.047155555843503415,0.2363809901962396,-2.2183484986519444,-2.2191709760115685,-0.007438411639169071
13.7621328830719,0.8820714644711117,-0.5258822084841636,-2.8955722273491187,-0.00012579161269980318,0.03682763635400604,-0.21184204750863908,-0.46711860616705,-0.04717086112512241,0.23621237770119696,-2.218353472437415,-2.2193717451803336,-0.007614680893510919
13.770115852355957,1.3584771542894762,-0.4492555325434394,-3.0518961683321226,0.0010896683475420943,0.050988387057330886,-0.21548629492326632,-0.46710638588183007,-0.04717388649083021,0.23608584539148803,-2.218418028512799,-2.2194585801181095,-0.007727590140793372
13.778199434280396,1.0225521121066483,-0.7232910430109806,-2.8826726243090026,0.007711627508616403,0.043696911660344874,-0.21434394053290418,-0.46709190298398423,-0.04717463839968354,0.2359408552748973,-2.218539931851557,-2.2195090555082513,-0.007862497218260552
13.786265134811401,0.8605710395020933,-0.5412870273648877,-3.1808720063762435,0.004248878486046637,0.04087668622765684,-0.21120357367958656,-0.4671059269792587,-0.047160705394609,0.23584014001800052,-2.2186022020321103,-2.2195581907058832,-0.007845285863863098
13.794314622879028,1.0392231544002777,-0.4292929128048409,-3.2786390014658906,-0.0010538182131552565,0.041877488443296966,-0.21625919838762508,-0.4670680627883887,-0.04720928027653044,0.23573113205342805,-2.218601056719274,-2.2196562760824112,-0.007994197622523139
13.802175998687744,1.2672100482763107,-0.5600264316425567,-3.2819338425779705,0.005191403455193299,0.04791909367087237,-0.2142115271376078,-0.4670674371474405,-0.04718429092847973,0.23564129522827099,-2.2186814390428014,-2.219638616411528,-0.00804818374075914
13.810082912445068,0.8946785497526409,-0.41697577804392305,-2.938930121304401,-0.001097356716586674,0.04226400952059286,-0.21384087300751373,-0.4670701370554738,-0.04718432136012529,0.23556908132012433,-2.2186465556235495,-2.219681294235152,-0.007981193380293765
13.81821608543396,0.682912117170586,-0.4437524589564117,-3.0200893325802296,0.0026392401858467618,0.03601907585057711,-0.20848968896693804,-0.46706922956725255,-0.047184151378382486,0.23548952691029162,-2.2186544843063984,-2.219665198464749,-0.008021101430792557
13.826293706893921,1.1224908150828603,-0.7011014763549548,-2.7494271476011436,0.0063779660424318945,0.04714684365442864,-0.21171428176767584,-0.46707138013279764,-0.047168094377862756,0.23543626563085418,-2.2186296373094088,-2.21960648452931,-0.00797549535440825
13.836424350738525,1.1888141431907178,-0.3658304296939177,-2.919600599279338,0.0021638055169793083,0.050538127300840244,-0.21292564378480977,-0.46708569256489196,-0.04715462703037015,0.23539679555467485,-2.2185879960811774,-2.2195757245737044,-0.00798449303112422
13.844242095947266,1.1367533352674668,-0.30063989124301826,-2.9231941904505723,-0.0012257481277201526,0.04687332476183349,-0.2150561755048254,-0.46706544537525657,-0.047191162021987115,0.23528124717391277,-2.218615171123993,-2.219643214040631,-0.008044999744921618
13.852229833602905,0.7880074564550053,-0.5050885506610185,-2.9523599640537115,0.0032292325785675,0.042473818973153034,-0.21745482406937686,-0.46707573719772616,-0.04716844845158929,0.2352203834568871,-2.218645775159599,-2.2195943013319717,-0.0080293361815422
13.86018419265747,1.0676748802379026,-0.766710118970458,-3.0303210408659123,0.0067146853874579405,0.04499062479115074,-0.2157052712878802,-0.46706558170063833,-0.047164248346186204,0.23513059733317915,-2.2186483141568782,-2.2196449164186336,-0.008085055643119789
13.868125438690186,1.237846003956804,-0.589299612788794,-3.1771259075541516,0.002162384193552194,0.04579890299520188,-0.2136505528549212,-0.46706974021015124,-0.04716446231874946,0.23507085045794973,-2.218646880316175,-2.2195992859157805,-0.00796802716430357
13.876259088516235,1.2593557473646702,-0.6549871195586917,-2.957312534857124,0.007919217500733095,0.04830420970895451,-0.21797715197712353,-0.46709566711326195,-0.047161802554416835,0.23500239163019174,-2.218613735313902,-2.219575841169099,-0.007913767603693242
13.884154319763184,0.7347904687881252,-0.4187249413486161,-2.94537830598911,0.00039317792867166114,0.03783441711471009,-0.21280873871632786,-0.4670968644386174,-0.04717315298168305,0.23489947538413425,-2.2186361270444617,-2.2196558900422216,-0.007989800235103683
13.892087697982788,0.9324927578821409,-0.15700163998895428,-2.9090742607501725,-0.002681623476902085,0.043231373928286826,-0.21497595542345246,-0.467097576034563,-0.047167351137792475,0.23487340740735296,-2.2186033908438736,-2.2194798853053856,-0.007940735039804653
13.900197267532349,0.9974902620663099,-0.43464177876808796,-3.1020757784519444,0.0018301311513660582,0.04417756530979905,-0.20857588590855286,-0.4670980253898264,-0.047162063936721954,0.23478609623404353,-2.2185715293811548,-2.219588211755848,-0.007894222099397448
13.908184289932251,1.2364562205316356,-0.6355745225450921,-2.913572872099837,0.0065427129679856335,0.0487461487589477,-0.21962527132509418,-0.46709160719992737,-0.04715261738754149,0.23474720753859174,-2.2185572461799525,-2.219465682157117,-0.007882745662858093
13.916188716888428,0.7686862611453597,-0.6274328318941214,-3.0247238969444847,0.002146619163943849,0.03707474852951163,-0.21275444946389985,-0.46710558617951226,-0.04716633232726927,0.2346647681318333,-2.218562710115094,-2.219508639271112,-0.007791210200644871
13.924162864685059,0.7777969445201565,-0.6118309247967039,-3.005877272643344,0.001668936929469717,0.038490101998407314,-0.21746248191485468,-0.4671269240336691,-0.04715167646754184,0.23463182164967678,-2.2185009049166045,-2.2194682014478655,-0.007774764936821525
13.934072971343994,1.1712296337960708,-0.7363347459793806,-2.996225238876852,0.006151866949484992,0.04538526445335546,-0.21914592405183825,-0.4671128984009177,-0.04715600779931143,0.234547797694199,-2.2185952460164566,-2.2194462670983093,-0.007866341379348543
13.942169427871704,0.8991178571726381,-0.30272877523253966,-2.9778157271853,-0.0012538668058170437,0.04061814339901278,-0.2147160867417146,-0.4671369346799128,-0.04716253029082629,0.2344722546052252,-2.2185406905354714,-2.219457898060046,-0.00773947551242379
13.950218439102173,0.9551485641314117,-0.5450228765284603,-2.8141417648883693,0.0034454009662059906,0.04600213698577473,-0.21573652677086133,-0.46713020841283437,-0.047140107053393165,0.23439406475510155,-2.218476220419127,-2.219477418415646,-0.007796663731044854
13.958202600479126,0.8872911608787899,-0.3590891008523877,-3.112247247798062,3.638922533395842e-05,0.0422997945391556,-0.2148952959745352,-0.4671260279777799,-0.047148349625213415,0.23433206910914336,-2.2185184432742715,-2.219413798598002,-0.007786727049538406
13.966130018234253,1.0025091609795949,-0.31441987141149425,-3.3215136057468717,-0.002237042136280181,0.04225706422258176,-0.21004724608941597,-0.4671322151025323,-0.047149738530102785,0.23427402376873457,-2.2184458749500253,-2.2194155008392813,-0.007687953051655967
13.974246501922607,0.8539987205930357,-0.5029067992155867,-2.992891145569451,0.0008519699391084795,0.040828923627818245,-0.21081749104843955,-0.46712363115526084,-0.04716955769483407,0.23416708069701728,-2.2184069974384184,-2.2194812874428465,-0.007764067740330905
13.982355833053589,1.0955306611435722,-0.8340978617599019,-2.953135240815223,0.00592901838511532,0.04770073717169153,-0.21047541961692948,-0.4671375495330608,-0.047157239697145276,0.2341097610763258,-2.2184460901563248,-2.2194596498219563,-0.007743224771095707
13.990398645401001,0.9496523098591966,-0.5998051605813075,-3.1964369309559353,0.005641664450302152,0.04519833745028064,-0.20914075645163713,-0.467118844766637,-0.04717558212811415,0.23396798667758767,-2.2184734354336375,-2.2195933733405098,-0.007845827273659086
13.998315334320068,1.0340221210100478,-0.6867691819635503,-3.099785139257945,0.009552601915526836,0.044256125244442536,-0.21510123448705623,-0.4671303317329542,-0.04715289557421514,0.23390428645451838,-2.218520483595879,-2.219493357063797,-0.007836256685833261
14.00616979598999,1.124480601002453,-0.9252435038626888,-3.0194306451932516,0.011328719909974527,0.04677645842311947,-0.2174561236545893,-0.46713040462167943,-0.04716788805234013,0.23383370603439274,-2.2184563123326932,-2.2195659493598447,-0.007768893729562676
14.014355421066284,1.0284841697124814,-0.26629344501966357,-3.052705807839503,-0.0024955584792426574,0.045329099390651155,-0.21822759687542861,-0.46713017873091406,-0.04716272368400947,0.2337572047751339,-2.218443154939538,-2.2195360893232556,-0.007836752082839085
14.022140502929688,1.058629007581916,-0.5146886541373037,-3.0931472513222356,0.003685272421409772,0.04539420579349939,-0.20797972958528493,-0.4671375698272309,-0.04716804313003101,0.23370493181477187,-2.218457636389089,-2.2195164662700417,-0.007745795432678474
14.03016996383667,1.3877959309847137,-0.95981449504871,-2.8411088936813953,0.01254273599698765,0.054154628024619345,-0.22081430564095045,-0.4671087926897833,-0.04715905028811187,0.233603940915529,-2.2185082030128633,-2.2195230569478195,-0.007960875372999872
14.038192749023438,0.8975755101136322,-0.6546398700891126,-2.8475069000565134,0.00469642977385273,0.04289311605535132,-0.2150032006406126,-0.46713220961871443,-0.047166491801719224,0.23357887137710037,-2.218482987332423,-2.2195191235521374,-0.007794896216140442
14.046226263046265,1.026099602624142,-0.5820093941570634,-2.961134261381882,0.0035711389486161906,0.04647297557169232,-0.20799518228288427,-0.46714457494906375,-0.04716312271358982,0.23350327680655253,-2.218528920549711,-2.219457543040758,-0.007727148538476753
14.054249048233032,1.1542127399879274,-0.5798310338409034,-2.980814463350104,0.005460534817765948,0.046363588022641525,-0.2142009612450522,-0.4671242123410952,-0.04718898897948375,0.23342691857617293,-2.218514618846738,-2.2195248095567655,-0.007779381565501245
14.062153339385986,1.1228031851094642,-0.5140908788744057,-2.9912344593995592,0.0031208869092876988,0.044739184446653264,-0.2178274236044898,-0.4671253746959054,-0.04715149144926427,0.23336250259107832,-2.2185023179299934,-2.219502995220315,-0.007791516520447214
14.070198059082031,0.8824958837514275,-0.5063901023649524,-2.9910492974948237,-0.0011970117321296909,0.040703406079934196,-0.21486481757523304,-0.4671397479826158,-0.047158615239997446,0.2333279630174409,-2.218467841136382,-2.2195130368091958,-0.00775734161063561
14.078253746032715,1.332664245742662,-0.576251410672626,-3.0009317379561216,0.00434906437946498,0.04747335685355596,-0.2183875925702717,-0.46713940435515905,-0.04714708169045455,0.2332985942457704,-2.218491132686636,-2.2193988090525965,-0.00780509133587152
14.086217641830444,0.9167027518843694,-0.5844622579686103,-2.8468018078526494,0.003856708737562028,0.0439030636285182,-0.21564996249869153,-0.46714464228880354,-0.04713758969846324,0.23323391956446587,-2.2185683711741397,-2.2194153246288164,-0.007795249733136875
14.094192266464233,1.1221299625930619,-0.5950436341044377,-2.9164658988607965,0.004596374748556131,0.04689848500545021,-0.21183097346653323,-0.46715287694236196,-0.047151564733490046,0.23320664779884087,-2.2184053893265085,-2.219507609873497,-0.007693830061700237
14.102107524871826,1.0873487950428062,-0.9148343075200027,-2.7902462691905336,0.013261439969288392,0.04710146025096016,-0.21420723167165392,-0.4671622762045113,-0.047130633555665206,0.23315379634809075,-2.218485944193175,-2.2194331122199165,-0.007702559923002126
14.110239267349243,1.0528668923731148,-0.8169158453349644,-2.835360011536194,0.0070387199695151155,0.04833360772810545,-0.2102004004454547,-0.4671618522336662,-0.047137273302937696,0.23310290288050875,-2.2184769769615986,-2.2194605688374383,-0.007709946513553423
14.118213415145874,1.0402829299247167,-0.6900481103314868,-2.9728433853666294,0.006293497945790309,0.04593207396019702,-0.21664560937851962,-0.46716176441223484,-0.047153641563791544,0.2330807689083053,-2.218425494619331,-2.219449151905523,-0.007701121142911116
14.12626314163208,1.1958241681627764,-0.5453123107002064,-2.9514672394223793,0.004613643530185105,0.044329949739555966,-0.2170195989643342,-0.4671526012685829,-0.047148048647583304,0.23302423441527476,-2.2185161266879714,-2.2194237077310364,-0.0077869805164363275
14.136160850524902,0.9794871949873979,-0.5196702120834369,-2.9234432012139027,-2.3050543995842856e-05,0.042506211536923154,-0.21592282347479977,-0.46717821720688996,-0.047120306667493894,0.23300401738923326,-2.218522713888207,-2.2193953032515155,-0.007634973186902578
14.144234895706177,1.2050188256193672,-0.660396406024946,-3.1418958368504146,0.004778409660345109,0.0461940260186128,-0.21565874466201915,-0.46716045342769624,-0.04714019312435834,0.23295328144425867,-2.2184706499396483,-2.2194379664562356,-0.00768096735195364
14.152116060256958,0.6183745885557387,-0.6387146049212755,-2.608258119931643,0.0050910185989707195,0.038402540424071756,-0.21871184932305418,-0.4671588166069555,-0.047146665286062914,0.23288873733901072,-2.218373176965142,-2.2194854755893862,-0.007698271106471695
14.160144567489624,0.8621358504368031,-0.8060102159502389,-2.7690261766904953,0.007388509922455044,0.04015600794908567,-0.21339955562307236,-0.4671357966524499,-0.04715527351280309,0.23280153692376404,-2.2184741492429536,-2.219373598148801,-0.007688268724839045
14.16815185546875,1.108268551728291,-0.6129149120765416,-2.8963713361968657,0.003678329003142534,0.042093090150789894,-0.21633430506015752,-0.4671279589209798,-0.04714956792893809,0.23271439140427008,-2.2184597894433464,-2.219451620765427,-0.007734827656696117
14.176108837127686,0.8583509920395892,-0.6734189488893388,-2.915692803938073,0.007696198180950846,0.0406961095891822,-0.21564302361975793,-0.4671433703533106,-0.04715071987046019,0.232626775653417,-2.218448713516954,-2.219467570907232,-0.007701708824900555
14.184190034866333,0.9747442181910917,-0.5993248705471016,-2.915302528888216,0.005308525082478958,0.0428678967926052,-0.21917516203215068,-0.46714569313976884,-0.047128513081118484,0.2325396631323675,-2.218470569136319,-2.2194222554016654,-0.007746944661873145
14.192243099212646,1.066762233273367,-0.5702283904254727,-3.121018051364091,0.002121846238548319,0.045827360324880745,-0.2122750802824162,-0.4671192256198181,-0.04716050930448415,0.23246349805316469,-2.21846039423908,-2.219497821383769,-0.007817793042121771
14.200346231460571,1.1366513330719634,-0.8422834338416542,-3.260876511824746,0.00987742636724225,0.04738795808891484,-0.21777040933676067,-0.46712609539510436,-0.04712668762190393,0.23233339225104005,-2.218587175427917,-2.219453551893024,-0.007891384110304399
14.208175659179688,1.23521216760977,-0.8749715583390845,-3.2586393523311945,0.013025027411863592,0.051499078452745026,-0.2163069920791187,-0.4671202259444829,-0.0471442507692672,0.23228054620850064,-2.2184678258109582,-2.219528889256934,-0.007802383168452155
14.216222763061523,1.0413985453448011,-0.41800271158039065,-3.0996057641811947,0.0015425569867422559,0.04646622441011311,-0.21616267381918697,-0.4671297132972158,-0.047142862790107994,0.23222602944088033,-2.2183917399853637,-2.2195003011921903,-0.007791624199951687
14.224122524261475,0.6657888046431869,-0.6107574325388235,-2.8838776246828437,0.0038621595041798307,0.03494520626898343,-0.22056715527282286,-0.46712721949101604,-0.047152482036599754,0.23215160434532328,-2.2184896016037836,-2.219462929703519,-0.007734019888004508
14.232228755950928,1.1572241411408515,-0.34947807997321767,-3.013476686756815,-0.00026592083896616943,0.05081406552403346,-0.21091793026528366,-0.46712926980647596,-0.04714184195750755,0.2320776847621251,-2.2184060914811132,-2.2195088346158056,-0.007728686922439224
14.240392684936523,1.0950028389917066,-0.7492335527259679,-3.156450396003801,0.010327281713961044,0.0451078952215914,-0.221903624918949,-0.46711249778153685,-0.04715122460828234,0.23199466126511886,-2.2184587370659377,-2.219509743126958,-0.007835835981375572
14.248250961303711,1.0662279506006738,-1.0248775603727165,-2.938269817430372,0.014268899817840427,0.045124174633694406,-0.21926172529245633,-0.4671484373429257,-0.04714958316024528,0.23196662689281383,-2.2184276406113757,-2.2194725049879755,-0.0076798378928993214
14.256215333938599,1.006469997367522,-1.1430782286473695,-3.0436765444906824,0.014766139468317147,0.044546835445151284,-0.21507541116830806,-0.46710367150713733,-0.04715826716689217,0.2318806501777348,-2.2185142981582837,-2.2195075626959935,-0.007779878096991236
14.264257431030273,1.04821857446693,-0.5115246080287674,-3.103155491598164,0.002273424236486186,0.04324462380117459,-0.21990293242910794,-0.46712891307854604,-0.047138015085749524,0.23183189703921564,-2.218518383312007,-2.2194444056485905,-0.007772495752737697
14.272328615188599,0.933991944273389,-0.7315387277163121,-3.005240833023787,0.009818316691329211,0.04295902905018566,-0.21802589354333243,-0.4671419021836833,-0.047138536163263724,0.23180268501370166,-2.2184421560474927,-2.21946141912445,-0.007709908717621926
14.280180215835571,1.1737882430234476,-0.5018171757209678,-2.927606160569378,0.003648729026296238,0.05007420039821599,-0.21637904228399898,-0.46712363481910124,-0.04714727811996436,0.2317157608506094,-2.2185110585132324,-2.219487010761651,-0.007828361749061371
14.288209676742554,0.8591579813965255,-0.41543385145158895,-2.974539903825118,0.0021067825452420353,0.03925117455559874,-0.22071805080674078,-0.46713567162697184,-0.047140972773264816,0.23166952829425771,-2.2184741566538544,-2.2194623678341148,-0.0077853643754972335
14.296077966690063,0.7913682110740196,-0.4960047136540859,-3.0525015421133475,0.0019429232511040825,0.039837590759817895,-0.21298412673849834,-0.467143073484922,-0.047138950642134594,0.23163916994799671,-2.2184073957635073,-2.2194330684515156,-0.007693470491773698
14.304201602935791,0.8329587456272186,-0.6685660150372421,-2.8884216064822463,0.008260170061042436,0.0410713332125172,-0.21923094584806624,-0.46713736499285324,-0.047144211229881855,0.23157362499082984,-2.218434571645233,-2.219535905611926,-0.007715062211090892
14.312186002731323,0.9529772573917699,-0.5099850159804424,-2.9234300679868768,0.0041035402583389155,0.040747389784550656,-0.21401170596116736,-0.46714704340407076,-0.04712869585526833,0.23154421152332724,-2.218468687524614,-2.2194163856244353,-0.0078053882467586004
14.3201904296875,0.7350357771477605,-0.7016670118721273,-3.1020552332748945,0.0063215831392121405,0.04036845604645866,-0.2191095563749857,-0.46715761574861775,-0.0471297724365041,0.23149801640057274,-2.2184320927724643,-2.2194353711401025,-0.007736024604488968
14.328181743621826,0.9449838485004732,-0.5311133689198232,-3.1829501096688744,-0.0006621197861908616,0.043483640119744836,-0.20972273355822582,-0.4671619381603621,-0.047132997799179295,0.23143870867944644,-2.21851399641914,-2.219418224560092,-0.0077760051597850575
14.336315393447876,0.79917493856231,-0.905227250899342,-3.018647375024103,0.014266077618457157,0.040431098839071145,-0.21598957890561257,-0.4671702747381812,-0.04712954208740636,0.23143330451761107,-2.218431446064726,-2.2193946981831103,-0.007654315384728392
14.344290733337402,0.8033533819814277,-0.48999239297261066,-2.9143349310076525,0.003368687812560185,0.040090185594884156,-0.2130393030246018,-0.46715892170777296,-0.04714292758961261,0.23137898738185905,-2.2184290052205777,-2.2194899922074147,-0.007663110768545612
14.352298736572266,1.0698240627555466,-0.5218698074993431,-2.9443113822033316,0.0033587020587535093,0.04440142100940789,-0.21777033698125806,-0.4671760315656498,-0.04712354496542839,0.2313324534397485,-2.218454303911193,-2.2194235576011314,-0.0076859160597452835
14.36031198501587,1.2099511760930397,-0.6357282821947586,-2.774762305689408,0.005082416922259601,0.047941780591846186,-0.21499076347699891,-0.4671630692280959,-0.04713843668121618,0.23131751198646672,-2.218398930012545,-2.2194545256584775,-0.007689473759511081
14.36826229095459,1.0234623365517947,-0.4837042416635036,-2.899252032062485,0.00028794389666637356,0.043664174185685044,-0.21756130761539239,-0.46717082226205026,-0.047157396014767546,0.23130424019556445,-2.2183811425888846,-2.2193743198269407,-0.007557355286242933
14.3763108253479,0.9172369773845592,-0.6880153888619581,-2.9160476328333345,0.009440253874858818,0.0400675265045199,-0.21572358975371403,-0.46717313564552176,-0.047139897223764556,0.2312436499153837,-2.2184355584606985,-2.219373905014481,-0.007702007164945329
14.384257316589355,0.8873335433245488,-0.41791767913503175,-2.9487807556142194,0.0018761137288658984,0.042674498571911655,-0.2148703099587178,-0.4671761971734117,-0.04712360681314258,0.23121446129524714,-2.2183934588889986,-2.219372057787206,-0.00768205767683438
14.392247676849365,0.9005356503353151,-0.3271352141812916,-3.21763037440076,-0.0018061575405518067,0.038544030531601985,-0.21331673541432897,-0.4671890518538388,-0.04714635652858406,0.23118892589225054,-2.218330158734273,-2.2194292833071723,-0.007591171770225691
14.400218963623047,0.8617430847663539,-0.3019602579992703,-3.05932943636854,-0.0017714510207904426,0.03947270096596718,-0.21177160432992218,-0.4671748347922114,-0.04714018877675554,0.23115798049761255,-2.218369817193841,-2.2194285844382122,-0.007611973293335826
14.40848445892334,0.9573395946834227,-0.4234170743154537,-3.0860769571120663,-0.0009402042912842776,0.043605810692480956,-0.21751745249804333,-0.46718633186237907,-0.047123031974768664,0.23115972595318907,-2.2183694515026953,-2.219256280163996,-0.0075786770161937345
14.416365385055542,0.7186285253142952,-0.47151736284918344,-3.0200492938809282,0.0033098340812575005,0.03737845276726942,-0.2134471106576294,-0.467172284943784,-0.047141502615934146,0.2311229859091311,-2.2183299847209192,-2.2193922442105163,-0.00760623552802905
14.42422890663147,1.049120314820874,-0.8183439075632513,-3.066773531529975,0.011425549244804926,0.04614883615242131,-0.2129366831951779,-0.4671957025132661,-0.04711038780981334,0.2310832182118734,-2.218495183787793,-2.219284321356234,-0.007592781397059024
14.432242631912231,0.8926248430051785,-0.5885399879555179,-3.18341722824637,0.006003219744368707,0.04232349795206199,-0.20560471729426957,-0.467189894136657,-0.04713920570025378,0.23108049279585452,-2.2183592747443326,-2.21929277801949,-0.0076086404685267945
14.440265893936157,0.5741559143296553,-0.38544692062336433,-2.9494022565958242,0.00023021711183796294,0.03342379158721287,-0.21674733873457283,-0.46717551608963864,-0.04713860928838891,0.2310162338996707,-2.218391522831978,-2.2193838371024603,-0.0076268802233770095
14.448144674301147,0.8454450041016175,-0.8048730549294053,-2.957448921919102,0.01122996424704984,0.039646071346115745,-0.2178016936566019,-0.4671724968557491,-0.04714595786289877,0.23100962055897598,-2.2183021810377412,-2.2193605446799687,-0.007669517879977537
14.456340312957764,0.8012522332798911,-0.5740471113871601,-2.9720497642807793,0.006687499147514628,0.03775467635363398,-0.2152995735218067,-0.4671928228180411,-0.047133594128520015,0.23098929170318622,-2.2183625381531367,-2.219321139037201,-0.007558540451967107
14.464271306991577,0.7833759471473365,-0.6718381612773838,-3.258962243790249,0.008240652998653043,0.038231898213517225,-0.214605772299179,-0.46718089609258817,-0.04714880102480131,0.23097816123740056,-2.2183279540758765,-2.2193314242029323,-0.007585048774155586
14.472301006317139,0.847491604520596,-0.8737330395676416,-3.185893775891781,0.012333084391128062,0.04320532638241103,-0.2118729961532216,-0.4671770783184552,-0.04714708027622764,0.230954420238747,-2.218307826898515,-2.2193575155954757,-0.007595359669386372
14.480221271514893,0.76313163345214,-0.4571121711320161,-3.0323976413568925,0.0020610845685877185,0.04035411467897702,-0.20620412768513935,-0.4671760731121699,-0.047122865941833104,0.2309218072132589,-2.218372278012436,-2.219362410514563,-0.007618599881672079
14.488186836242676,1.1044822897727382,-0.6802013386218538,-3.03580440536969,0.005778688909087193,0.046118693775652086,-0.21576335926129134,-0.46715707110948324,-0.04714071036088896,0.230868959291466,-2.2183661365190055,-2.219398695050097,-0.007789646933028541
14.496224164962769,0.7933298742111892,-0.5020107744720326,-3.116742021870714,0.0047704050791339235,0.04213738942591147,-0.21520318423500898,-0.46716623176188204,-0.0471385260357608,0.2308910791364899,-2.218372043180191,-2.2193243234254227,-0.007574577588579257
14.50406265258789,0.7641367400303469,-0.41414908960000163,-3.1991663879976966,-0.0018631470676835065,0.03853836633737175,-0.21565486370045978,-0.46717284543997184,-0.04711762647629305,0.2308528846956118,-2.2183722294905666,-2.219341390646214,-0.007600528278700437
14.512270212173462,0.8524759871021187,-0.5614212660595342,-3.146140162488778,0.004733358734524376,0.040380632186789195,-0.20831704524487837,-0.46716808934254694,-0.04714672027961835,0.23084953614620624,-2.2183477500804942,-2.2193445399795766,-0.007621366662276951
14.520220756530762,0.5575346753214787,-0.516750762449127,-3.0417643042566165,0.005837065468717076,0.033869939909083074,-0.21273579378602134,-0.4671555218119567,-0.0471382542600995,0.23080523771271425,-2.218304362057888,-2.2193861417105722,-0.007653366196616427
14.528372049331665,0.6667920414265774,-0.5215737907636755,-3.004765614120071,0.0034322014889081776,0.03643789704682816,-0.20954578274255,-0.4671766505068955,-0.04710810851156061,0.23079502269539115,-2.218483287971583,-2.2192530972452444,-0.007608238740700145
14.53629994392395,0.8280667673462033,-0.6357015364677732,-3.16748379968651,0.004671513249988367,0.038360377919958645,-0.21095015318283558,-0.46716121733684957,-0.047130427813807586,0.23076080579609595,-2.218406099413704,-2.2193882761809856,-0.007682801730063655
14.546168565750122,0.9196565707736135,-0.27484384891438696,-3.0228751656334123,-0.0025285762766257616,0.04110068951114723,-0.21214416086918225,-0.4671509879118594,-0.047131012765838684,0.2307320834213356,-2.218400209516234,-2.2194158775989994,-0.007754232090001079
14.554180383682251,0.8214751942816791,-0.47032845159241243,-3.0094198156842937,0.0014140218179972933,0.03707227058680331,-0.21906994552163428,-0.46715286486519636,-0.04714139282135994,0.23072916805998497,-2.2183411565511686,-2.2194079969684926,-0.007720051775601429
14.562226295471191,0.7502616700894535,-0.35899758822045025,-2.342097245906888,0.0026597989957999075,0.046918002377468356,-0.21445111152279683,-0.46714803284434747,-0.047133497318822895,0.23063049025830729,-2.218462928220051,-2.219359317479968,-0.007661418341068924
14.570166826248169,0.9031925895330328,-0.16293113282576058,-2.6188608989236095,-0.0025064645567372647,0.04400337775051415,-0.22120492654948012,-0.46713830980270116,-0.0471570129810509,0.23057184262944197,-2.2183653127813274,-2.219383378080215,-0.007665228398406507
14.578245639801025,1.148650746924097,-0.6770309620989872,-2.926635320412337,0.00632507404446224,0.044912775018421926,-0.21510735585946208,-0.4671357410605301,-0.04715802525721345,0.23046403582146807,-2.2183702905842115,-2.219461247406708,-0.007680433851732762
14.586230039596558,1.1440112002401606,-0.510573961047089,-2.9401503918154237,0.004130322557606594,0.0487780004199682,-0.2147648038540034,-0.467105321130864,-0.04713672571759586,0.23032665475070113,-2.2185572059881578,-2.2194169944950497,-0.007800690035651259
14.594267845153809,0.9531096480376192,-0.25226247475683594,-2.9107970342908724,0.0008868865925525111,0.044283508557229845,-0.21830512898063326,-0.46712925373529457,-0.04714868301514548,0.23023597125888365,-2.218455417634994,-2.2195123324152943,-0.007857274222907088
14.602298021316528,0.4916956518568735,-0.3963674846875988,-3.170195516367198,0.0011244698372120784,0.03436621759735442,-0.21483005514485914,-0.4671087530749474,-0.04712698072927563,0.23012241759411245,-2.2185882706623303,-2.2194750036787307,-0.007880969831685894
14.61021876335144,0.740334846199784,0.019421453715541208,-3.5301730267569686,-0.009398683872166542,0.03585887588373016,-0.21090836151835932,-0.4671143628182556,-0.04714844982366202,0.22999704535300097,-2.2185451535009513,-2.2196149422376115,-0.00798945474906449
14.618138074874878,1.1394988885643618,-0.8168101131917135,-3.1978435711058495,0.009260400977001582,0.04622131781519545,-0.2135690441972125,-0.4671081587256566,-0.047137361865654925,0.22990930489659478,-2.218612748761421,-2.2196519703720394,-0.008059243754386207
14.626169204711914,0.7689118212440049,-0.6355431275397321,-3.0466827542894124,0.004328413295861892,0.03981736948100197,-0.21430939976151794,-0.4671160899745243,-0.04714373761823778,0.22985801283104623,-2.2185889658610227,-2.2195614925874745,-0.007995597757779326
14.63414716720581,0.9874019686838662,-0.6900104458631797,-2.7574475397057894,0.006792584853600898,0.04300350386635616,-0.21893696040920385,-0.4671112426265054,-0.04716338479637746,0.22978604340851458,-2.218611760025223,-2.219586653664907,-0.007904737597866755
14.644243717193604,0.9244984802185721,-0.32106168428484505,-2.8558828905204354,-0.005042043914530541,0.04240457832860349,-0.21313365021379643,-0.46711951108789307,-0.047148502986457654,0.22973509228597142,-2.218510482010617,-2.219593115198655,-0.007876095590679621
14.652292251586914,0.9166410572513548,-0.691864696814529,-2.9983899031042607,0.007065902070175353,0.03759932686951203,-0.21676039088118765,-0.4671294545357139,-0.04715378474291819,0.2296891624261868,-2.21853254915431,-2.219529955065685,-0.007851527882858103
14.660271406173706,0.5890391996937825,-0.37540715933908,-2.7479119900748095,0.0005850931466446687,0.03363156274699238,-0.21594794947923343,-0.46711075698320587,-0.047147930885186366,0.22957640869165022,-2.218544892629725,-2.219601693253805,-0.007878350858363513
14.668251514434814,0.7372436951876995,-0.5772707860090023,-2.9949833627783757,0.0005491181329725333,0.03958929100977437,-0.21877260611537325,-0.46711739841225886,-0.0471251290772466,0.22950834882932095,-2.2185796189279703,-2.2194779672487597,-0.007873714673559466
14.676218032836914,1.0366139021240424,-0.6911180278275403,-3.1049860931688755,0.00518337193649155,0.04290906345427986,-0.21879053385685288,-0.46710807536150745,-0.0471677583899258,0.22939272621946794,-2.2184738420354906,-2.219655688780991,-0.00797238477172163
14.684175968170166,0.8851702370729561,-0.7433784197301258,-3.1096721050939147,0.00748515648209616,0.040914815984298,-0.21282387376376477,-0.467120507153944,-0.047133550251487626,0.22930575680097826,-2.2185706930451863,-2.2195636125008753,-0.007973718403025468
14.692187309265137,0.7381328058060427,-0.4509588578003596,-2.967649844654619,0.002719395270629174,0.0379853852378458,-0.21230577961353572,-0.46710961795303463,-0.04713180138981099,0.22926051006041098,-2.2185209120053195,-2.219512609745847,-0.00793504263374615
14.700263261795044,0.925935749136915,-0.6315469842863491,-2.94558795833095,0.006547241663220744,0.03954185153623782,-0.21344862116196076,-0.4671335826274273,-0.047116189468869314,0.2291995091296556,-2.2185460534266452,-2.2194771631522614,-0.00789462688381679
14.708296775817871,0.8092474272230914,-0.35909875316322165,-3.173024955212097,-0.003527281469006749,0.03747807299862919,-0.21366045220214952,-0.46713649477547015,-0.047121724511156565,0.22911199398213639,-2.218572353082982,-2.219422622312751,-0.007901543663707272
14.71612000465393,1.2200509142483178,-0.8840869469527507,-2.8496544703028084,0.01236405540298458,0.04597230938900715,-0.21370331887208813,-0.46713612030550494,-0.047105327160588725,0.22905100415544155,-2.218603910259134,-2.219420283733752,-0.007812975419471378
14.724227666854858,1.1068234877165462,-0.32273786626507656,-2.7703270033332994,0.0011184684324799397,0.04679763798031581,-0.21084041275147397,-0.4671405687425034,-0.047134645041658055,0.22899178833469902,-2.21855856521355,-2.219425606098752,-0.0077806646323617685
14.73213791847229,1.0845200720889658,-1.067146247893413,-2.81009871320329,0.015227699230035526,0.043575470745960784,-0.21731112586839904,-0.4671541375568569,-0.04713695007644514,0.22894841647538508,-2.2184517275993736,-2.21944934702866,-0.007779522815442401
14.740291357040405,0.7623296752166381,-0.781329586814748,-3.0683545684322944,0.00626100193074239,0.03628083389543053,-0.21366166162613212,-0.4671736675785447,-0.04711521840616564,0.22892387430616004,-2.2184845366709283,-2.2193144506485143,-0.007571107315344354
14.748256206512451,1.0450866373563028,-0.6869986705796624,-2.9259267702631564,0.0043973708373021584,0.04687291130769158,-0.21867158605915657,-0.46715054577684595,-0.04713792554113549,0.2288010310394415,-2.2184770270265517,-2.2195055901803196,-0.00772609780538883
14.756188154220581,1.1288003511574494,-0.6033540495293952,-3.0173178874025997,0.00539182368254314,0.048524492100154186,-0.21993991410213432,-0.467143095347065,-0.04713039882482219,0.22872990068126015,-2.2185517491885482,-2.2194806368051356,-0.0077942388760725585
14.764146089553833,0.9832271767576263,-0.6864917422011011,-3.048204522829133,0.007326906960021093,0.04523126303260569,-0.21766381050177375,-0.46717663155281286,-0.04711253234520849,0.22870647471885208,-2.21848751649048,-2.2193636519722215,-0.00773472103957921
14.772176027297974,0.9728916502655098,-0.5985642437738438,-2.8290530582021303,0.0041241709006666575,0.04290696737967579,-0.22087229811700335,-0.4671405875890701,-0.04712730026835692,0.2286406360889971,-2.218517625047764,-2.2194421955085284,-0.00777338182752179
14.780179500579834,1.087724039694348,-0.7721959393158091,-2.802364470037754,0.009872246403020628,0.04659187613545919,-0.2187968238728883,-0.4671460133976068,-0.047124759194746124,0.2285708533803153,-2.2185328054847964,-2.2194002130378934,-0.007808320192560633
14.78832197189331,0.9800184260540694,-0.6353372806506755,-2.8936905054208077,0.007745175650143818,0.04229327744951496,-0.2100551488265125,-0.46716552492689717,-0.04714564325338364,0.22853724750057397,-2.21839833336149,-2.2195041567106033,-0.00765747515637437
14.796393632888794,0.8893908842064988,-0.5282501662672974,-2.937381826953869,0.001948441455736263,0.04084197702491911,-0.2156366065756044,-0.46715061053130535,-0.047136602033787375,0.22849059417535922,-2.2184546616842358,-2.2194446197085314,-0.007662722795833051
14.804363012313843,0.7511459851858018,-0.3680975567803788,-2.953306111729928,0.00017537776640681643,0.03868594961798573,-0.21188285827622813,-0.4671611737172666,-0.04714864025613311,0.22843459513040104,-2.2184154075267815,-2.219533515891373,-0.007753220494008201
14.81222939491272,0.8822578963742463,-0.22024263366260743,-2.767672273045284,-0.0027930025755539423,0.04072964965521124,-0.2109434302888298,-0.46714962368097634,-0.04713129918561467,0.2283785998238349,-2.218491817548243,-2.219484605699005,-0.007790035124055215
14.82042932510376,1.036441196892388,-0.6591135942910001,-2.772314435545879,0.00568724108828571,0.044510548202732536,-0.21530965008271238,-0.46713990313164666,-0.047155285349740304,0.22831743563451481,-2.2184913017383776,-2.219532177595064,-0.007879178448929174
14.828185796737671,1.2605686404423713,-0.7338031839100656,-2.876084638484055,0.00880135249020988,0.0475617593910036,-0.21790483452589973,-0.4671611034245464,-0.04711933876656486,0.22825833757230002,-2.2185602258776025,-2.219465111358249,-0.00791099248063218
14.836347579956055,1.0787110734752783,-0.470136109815279,-2.831097549061015,-0.0007474114879095707,0.04852287858350229,-0.216841596299558,-0.4671769703050991,-0.04713164227622407,0.22822484417046796,-2.218559717237406,-2.2194944170380997,-0.007757373036331685
14.844279050827026,0.788060579312331,-0.8152940792440139,-2.883389633172258,0.0068372759684102715,0.03855128525983302,-0.21163578625060125,-0.46716430668166453,-0.04713316483702032,0.22819853619233865,-2.2185477248207186,-2.219455981329565,-0.007766102357142836
14.854605674743652,0.9536624461900232,-0.6208807949101506,-2.848596198219441,0.003300175163422592,0.04442885161270954,-0.21491858987678786,-0.467157529304254,-0.04712836751682313,0.22816563431791234,-2.2185436899752493,-2.2194626107979523,-0.007744372446760155
14.862167835235596,1.049167263911184,-0.794347565078304,-2.7791530831334863,0.01265651157109624,0.046605794842113746,-0.21335241176151598,-0.46718225244561945,-0.04712229367408831,0.228139835823679,-2.218465934729652,-2.2194567091240067,-0.0077078029062714395
14.870404720306396,0.7691307352634905,-0.7251822687375973,-2.3906444887367,0.005396900589597329,0.042699962955788304,-0.21421195964583697,-0.4671790843835365,-0.04711509737265802,0.22805931254583606,-2.2184451202820856,-2.219411869068026,-0.007807294131160269
14.878063917160034,0.8456014688106596,-0.2743995140015264,-2.764532907685145,-0.0014319075278581568,0.042085707971722855,-0.21433771981900415,-0.4671668298957426,-0.04712621130584548,0.2279613324182022,-2.218492642365569,-2.219498243407228,-0.0077470919689666875
14.8862464427948,0.970060300224427,-0.4267705718645345,-2.992850825204828,0.0018659091110097637,0.04100761853850165,-0.2140862930013347,-0.4671483420416816,-0.04711663810586522,0.22785677590443745,-2.218579277414014,-2.2194459736422605,-0.007882588429278397
14.894260168075562,0.9521526239271804,-0.2613294625118295,-2.9639096628863357,0.004345197990548236,0.04254732840420092,-0.21747204087383698,-0.4671550890898542,-0.04711934372298044,0.22779867462661924,-2.2184593665733625,-2.2194575849109035,-0.00776594092842659
14.902130842208862,0.7429042708485645,-0.4600843383683028,-2.816780142309567,0.004419815373714041,0.037971619144233866,-0.21433797914055033,-0.4671505669333633,-0.04712231525371283,0.2276938710753189,-2.218590219698552,-2.2194420965159942,-0.00777971290543454
14.910240173339844,1.2655940771669372,-0.9610098272428393,-2.9151819063997055,0.013764047696993124,0.05132216786675264,-0.21345604417841116,-0.46713229567782466,-0.04715813937978763,0.22762163124579504,-2.218435677522303,-2.2195377426669256,-0.007767041415791088
14.918236255645752,0.8064381732766202,-0.43977137590420806,-3.0623946810541134,0.000399056027608035,0.039440642169766074,-0.2101993854025148,-0.46713808789467126,-0.04713698341973576,0.22751487445883878,-2.218510803806499,-2.219568914573436,-0.007869550865037917
14.926142692565918,1.0754544225984903,-0.641391701535851,-3.142263357455351,0.006083088234214398,0.04293173040688791,-0.21350077887072288,-0.46713132406183083,-0.047142499073879886,0.22742116758128444,-2.2185436319910434,-2.219560119169286,-0.007885421804191347
14.934311389923096,1.066512392861255,-0.5456307745695133,-2.929693478537351,0.006371999607434918,0.046432763103651006,-0.213938660055882,-0.4671414406766855,-0.04714399278522635,0.22739179045184438,-2.2185208017594205,-2.21949843557359,-0.0077960259334482595
14.942286252975464,1.0137801412991079,-0.6224324900216783,-2.886270084912275,0.0066603280518502984,0.04345750969039679,-0.21692055884275058,-0.4671263205090944,-0.04714318553709601,0.22729182679456833,-2.218628947429283,-2.2194844222507166,-0.00786553781770505
14.950329065322876,0.9833393590028084,-0.5902892757938294,-2.838507492897362,0.007916229819817952,0.04725632412966257,-0.21771152382948963,-0.4671200112834344,-0.047143866165037955,0.2272051449292127,-2.218576716281282,-2.219570136124964,-0.007903467676798503
14.958110570907593,1.0052239223523252,-0.33419728197391074,-2.9270906334263516,0.0019906418675381854,0.04535375541801639,-0.2131375132158346,-0.46714120945705045,-0.04713188823989143,0.22716295908362155,-2.2185806608543475,-2.2195047176026574,-0.007831493136913245
14.96630334854126,1.0540528194381138,-0.787693561510097,-2.944567035145413,0.009927933490544156,0.04496441727487911,-0.2144200653038008,-0.46711382526477213,-0.047132939849788204,0.22709531327981225,-2.2186594478186996,-2.219518640364355,-0.00790800632062742
14.976123571395874,1.1096447966844643,-0.6784644644286393,-2.853572443482492,0.006877261731351661,0.049554421853295755,-0.21604639860037886,-0.4671402802590184,-0.04712739186100259,0.22704748551160553,-2.2186137036932903,-2.219505196612099,-0.007845892592301337
14.984177827835083,1.1239703136144317,-0.8533349827601253,-2.9557611943112274,0.008937246112797224,0.04510075767682654,-0.21209315861276326,-0.4671258308095915,-0.04712661608594344,0.2269394531773118,-2.218594831230591,-2.2196173964505106,-0.00788360950492893
14.992284297943115,0.6049976235758973,-0.44005653555615043,-2.722063531466865,0.002013959442943338,0.036612061254283144,-0.21197268951500267,-0.4671330239747469,-0.047147198198711014,0.22687129976985757,-2.2185349835125843,-2.2195852418530166,-0.007888568934875244
15.000327825546265,1.1811201391798727,-0.7122781491359296,-2.9053852737811345,0.00841876782906127,0.04849263349992897,-0.21656936935752666,-0.46715649473790966,-0.04711445246700116,0.22681888238385203,-2.218549132372209,-2.2195112821796634,-0.007818499520478207
15.008300304412842,1.2024080948091063,-0.660776768196552,-2.8853179114893823,0.008432952798373024,0.04928055224520828,-0.21739644502013875,-0.4671322544086227,-0.04713509279938904,0.22672516785078178,-2.218526293776024,-2.219579086243484,-0.007858564903046612
15.016403913497925,1.1462583782015734,-0.6913132463822311,-2.832370602515114,0.009180778004586953,0.04855471258895208,-0.21671889257649615,-0.4671270547016913,-0.04714817869811267,0.22662968635031944,-2.21857344472872,-2.2196035205422677,-0.007877238657433812
15.024266958236694,1.054891289807967,-0.4526534133984907,-2.808751254699615,0.0041468380288865285,0.04718229972963817,-0.22263097662091405,-0.4671214829769718,-0.04713451998689495,0.2265600165877479,-2.218592688174527,-2.2195170002338442,-0.007965719634943044
15.032297134399414,0.8657158935027567,-0.7544013794176974,-3.126045639313039,0.009546349833615908,0.04180106792806285,-0.21262349744698716,-0.4671357160093101,-0.04713756335464938,0.22647331331371062,-2.218629237542276,-2.2195360840434772,-0.007865868700578697
15.040316343307495,0.9663099043096592,-0.6563958310317295,-2.936897308771742,0.004112479304861047,0.04420375297621104,-0.210662402939813,-0.4671094386618344,-0.04714418756800382,0.22638740963306647,-2.21861947437028,-2.2195627426091815,-0.007953800092982374
15.050333261489868,0.7922647146380901,-0.6321741896664571,-3.043042272211796,0.005804720178271626,0.040547081414566935,-0.21148039927103765,-0.4671105838850803,-0.047159807376623564,0.22629867019372368,-2.218623946552857,-2.2196806887928946,-0.007927957743982215
15.058208465576172,1.0280761588326448,-0.8151896885751408,-3.112352132441206,0.01028993633459328,0.04354546423247325,-0.21333301614708258,-0.46710511329990234,-0.04714944010219319,0.22622874841901391,-2.2185918265912816,-2.2196244773721348,-0.007975649926942949
15.066339254379272,0.6645035344419651,-0.1371754141932724,-2.813520939405219,-0.0038207688024784903,0.03827405882883712,-0.2071420583712927,-0.4671289916957303,-0.0471529536087989,0.22615711147618028,-2.218551561898041,-2.2195689677972426,-0.007820940650001272
15.074178457260132,1.0126055920053274,-0.5520624446769974,-2.9378626551386664,0.0017075357786080173,0.04196051325325033,-0.21333600347396925,-0.46710455529774014,-0.0471352778681181,0.22605642173346763,-2.2187063339682425,-2.2195528399290856,-0.007900858210722141
15.082178592681885,0.9824168798776234,-0.5135120373511,-2.885104693654797,0.0014696830387748087,0.04525704626310146,-0.21592075743480846,-0.4671122641303723,-0.0471291003223876,0.22601125428062405,-2.218542330369612,-2.219529567393069,-0.007842296640638102
15.090270042419434,0.9664308809905285,-0.7719837047846384,-2.874570165819112,0.008782253082450437,0.04444198487093193,-0.22293389600275665,-0.4671259661419105,-0.04713063080000462,0.2259462461437463,-2.2185866543448394,-2.21947424164178,-0.007832142889276247
15.098124504089355,0.8094853791262363,-0.6646083689901281,-2.9991484554614343,0.005633341367071081,0.04159090545595566,-0.21084387817829608,-0.46711410013582344,-0.047163798578444084,0.2258284284956021,-2.218570955998126,-2.219634079304542,-0.007885017092943708
15.106247663497925,0.9506431682739022,-0.34955193227875536,-3.035771530736671,-0.0009542499391034472,0.042650344744267175,-0.2099292293528666,-0.467132227087578,-0.04713123286201092,0.2257531737204062,-2.2185983342707343,-2.219584415457951,-0.00785952246838364
15.114189863204956,1.025372721904585,-0.6006613878354949,-2.89672102521071,-0.0005729255132551076,0.04460994866523892,-0.21559779749597088,-0.4671015843214656,-0.047158848595406484,0.22567121193524858,-2.218623371475473,-2.2196110330916037,-0.00784576141113679
15.12227177619934,1.3246672889301292,-0.3134882213375954,-2.881084138016361,-0.0005197680271892513,0.05027820742540138,-0.21056008708410828,-0.4671039272500382,-0.0471498177811565,0.22556676142513546,-2.2186185891698997,-2.2196817204639276,-0.00802209068525305
15.130136013031006,0.8731755334346577,-0.5140419848645366,-2.9755290228589657,0.005870220654902198,0.039882801846169616,-0.20998202897025353,-0.46711652045620494,-0.04714141270859924,0.22553744486890837,-2.218622422377341,-2.219548398418151,-0.007936377673017424
15.13832712173462,1.1847027769953893,-0.6207398460899037,-2.943473748378058,0.00697840852842552,0.04910123455910829,-0.21528540847625335,-0.4671017144132952,-0.04715566518497556,0.2254428266707512,-2.2186429901032643,-2.219564361809913,-0.0079699833360698
15.14614462852478,0.9259093396787297,-0.6787331615927327,-3.0073517374639094,0.0050938832598442785,0.04116171799183377,-0.21832888486366755,-0.4671182773983886,-0.04715261325507992,0.22542333767283473,-2.218478705015706,-2.2195999773982047,-0.007933548372528559
15.154248714447021,0.6159892937773689,-0.7677665261897493,-2.948802358457694,0.007055215514701317,0.03011875431595426,-0.2195446886717014,-0.4671249186805609,-0.04713105208659583,0.22532773597219855,-2.2186690102155806,-2.2195492430670303,-0.007967133031378647
15.16217851638794,1.0209502034447533,-0.706197671639161,-2.9078774503969624,0.007375555844558677,0.04264919051872717,-0.21547566309876673,-0.4671215448488318,-0.04713861625210617,0.2252938778648388,-2.2185558287467075,-2.219562605323097,-0.007866675041819109
15.17022180557251,1.096911840579795,-0.5038478216874012,-3.0788305461074144,0.005033472069093718,0.04572927321668057,-0.21493538431303147,-0.46711981237974803,-0.04714656718753077,0.2252135057562903,-2.218563807557684,-2.219618207050541,-0.007913350701756356
15.17832064628601,1.0362571596881023,-0.6100796999121193,-3.0178644296222696,0.00680139315432024,0.04403179654686679,-0.21607212484915356,-0.4671124827399989,-0.04713983660904335,0.22515362518348958,-2.2186121168835418,-2.2195573413498235,-0.007919294395877859
15.18614149093628,1.0360517793313768,-0.15376983548140463,-2.9554680468410126,-0.003729523918429936,0.04751180088683039,-0.2117305107690458,-0.46711782783497097,-0.04712539136699111,0.2251062215171643,-2.218531929115626,-2.2195559234343203,-0.00797194279691619
15.194171667098999,1.2523887996221594,-0.5949242804521986,-2.988394917117516,0.003844480099275571,0.04961486329299593,-0.2155014919722745,-0.46712365061080585,-0.047135114964817176,0.22502901588736904,-2.2186145455039465,-2.219605356994513,-0.008017622892321516
15.20223355293274,0.7983701757183191,-0.13248250304740894,-2.97030827710175,-0.0044964659968172995,0.03870236780552777,-0.21151514490893647,-0.4671150673313911,-0.0471404399582135,0.22500037773889175,-2.2185843320997063,-2.219575263521042,-0.008006870363379739
15.210208892822266,1.015614712226576,-0.7508351866251564,-2.963133705901521,0.008237122528508271,0.04436418350126081,-0.21814223750452663,-0.4671330868146776,-0.047128408059285413,0.22495279896420434,-2.218617578215342,-2.2195562089305603,-0.007865289250795863
15.218294620513916,0.8348454571363672,-1.0119643896462478,-2.9421940956238273,0.010947005707355883,0.03830866601239886,-0.21451388179043385,-0.4671361551666615,-0.04712416119680073,0.2249369653897667,-2.2185809706526887,-2.2195014199674556,-0.007829239498727915
15.226203680038452,0.9537515123624158,-0.6464811613209697,-2.951657887677433,0.006343530134456353,0.0451710257570441,-0.21500004453451085,-0.4671221753966355,-0.0471388152203927,0.22488249196676408,-2.2186142691033277,-2.2195648689427165,-0.007789937713867091
15.234245777130127,0.6393688056966019,-0.23878599225080696,-2.9207551378786647,-0.0016916862945518646,0.035386455879243085,-0.22067859848700272,-0.46714844522681753,-0.04714923557885544,0.22484698684842533,-2.2185274519441913,-2.219559530447734,-0.007813108362181102
15.242263078689575,1.2752445870354585,-0.8919468899453894,-2.9114596781425233,0.01015350347043685,0.04785091986654711,-0.22068769202889746,-0.46713361576175516,-0.047134934576995496,0.22476037303513563,-2.218605853511132,-2.219582714771857,-0.007999888066532557
15.250276565551758,0.9545752605746408,-0.3062737063262862,-3.125589511622039,-0.0007304878923789584,0.04581695935745374,-0.21274852850368836,-0.46715747622690906,-0.04711271568966181,0.2247568893241465,-2.218579808361273,-2.219503556641665,-0.007794196119886001
15.258207321166992,0.9495962866848645,-0.7475678354919963,-2.842567256472954,0.006797619267300514,0.04198641942483116,-0.2183140987437978,-0.4671497135145991,-0.04714513575824553,0.22470970967026094,-2.218574574926265,-2.2195745974993435,-0.007834360333351706
15.266388893127441,0.8472498463256611,-0.6474149025429898,-2.796359344663505,0.0026246711750346676,0.042934113633603666,-0.2167342788153505,-0.4671457634256055,-0.047149828728396355,0.22466456264905926,-2.2185117379642687,-2.2196116303980493,-0.00784516920300024
15.274188041687012,0.9480046729116295,-0.6133382188512726,-2.903554548238243,0.007798102545483846,0.04081426806103488,-0.219515199916094,-0.46714929745051625,-0.047134683481455074,0.22463641756503394,-2.218574312374424,-2.2195595624032,-0.007883451771356569
15.282236576080322,0.8119224483151061,-0.4622718239330208,-2.9233974612428306,-0.00023101128213558143,0.0387968500615957,-0.217323851283917,-0.46716378632030825,-0.047125872522981435,0.22462083731991037,-2.218530353138274,-2.21949517556162,-0.007870907253288545
15.290306091308594,0.9277341296385917,-0.6565222627768084,-2.7334666558966543,0.005463687488730768,0.04114506497402507,-0.22051369625983427,-0.46716785723674203,-0.0471279307096279,0.2246063549768444,-2.218391207222389,-2.2195683456451474,-0.0078426434970495
15.29828405380249,1.1006912297947844,-0.8428319681262888,-2.768605273874002,0.008913467802199251,0.04585838502225973,-0.2164168636322167,-0.46714248577224465,-0.047124583874773356,0.22455192074929875,-2.218546124651432,-2.2194995786270217,-0.007821480910848838
15.306155443191528,0.6454772696629772,-0.5051260582169748,-2.8419450434910747,0.0021677409227517787,0.03472896791723055,-0.20957824801122038,-0.46717067771717086,-0.04711968537327049,0.22456058456953554,-2.218442345795784,-2.2194857717933334,-0.007760708928103407
15.314212799072266,0.8648449941690458,-0.48434941981721846,-2.8563139892049314,0.002880744098548921,0.04183666252154391,-0.21234962845599312,-0.4671502412813199,-0.047127551543975854,0.2245145272415589,-2.2184725289330567,-2.2194972355965974,-0.0077849290479973885
15.322344064712524,1.0162051764787383,-0.3335183611870964,-3.0528281846079377,-0.0019776508863053694,0.04296631883016053,-0.21367645764594373,-0.46715159393315264,-0.04715377414457812,0.2244979033051284,-2.2184490311506218,-2.2195305413316113,-0.007689982655365977
15.330196619033813,1.2026489552682211,-0.7138087406202612,-3.041437535742929,0.009164344415061977,0.049073359003790125,-0.21714270760508267,-0.4671578382557781,-0.047129454558251675,0.224461449560276,-2.2184708345858537,-2.219470749759003,-0.0077764366844731
15.338164329528809,0.955713478327826,-0.5344933473730067,-2.989015989696204,0.007986794070084366,0.04124193835218597,-0.21086761062018589,-0.4671691085729181,-0.04710820830165975,0.22444488088315317,-2.218475727272399,-2.2194136786578484,-0.007817032884422407
15.346199989318848,1.1974959950330362,-0.38270724391329375,-2.9500759556491327,0.0003401319963601874,0.050406641792180844,-0.21327925635114614,-0.46716559555737475,-0.04713150482307034,0.22445294774717078,-2.218398850218765,-2.2193785644816613,-0.007690152031460965
15.354169130325317,1.0639786813111043,-0.4733245094330262,-3.051639466531502,-0.0007009340267466113,0.04660800884636814,-0.21403101476708625,-0.4671539977691312,-0.04714168377108303,0.22440104039576608,-2.218419520286014,-2.219477844590787,-0.007669693823419671
15.362159252166748,0.7542983013021977,-0.3407555175097568,-3.020532546544816,-0.0003189271272839112,0.0395191867447136,-0.20967378770878267,-0.4671386374682467,-0.047109228409733105,0.22435530748061389,-2.218542434120624,-2.2194187182387948,-0.007788384287861571
15.370184421539307,0.9179323058260526,-0.733530285029701,-3.1726583506668025,0.012033950885180897,0.04208251272884671,-0.20948554053302473,-0.467151014170583,-0.04712590493270509,0.2243510652955158,-2.218439496782245,-2.2194622419618706,-0.007702627634391378
15.378161430358887,0.9506672831406711,-0.5625483813880021,-3.0079370438511255,0.0035471772863547063,0.0432769986047116,-0.20960281071204065,-0.4671491638576894,-0.04711817952801393,0.2243416272192624,-2.218455280743668,-2.2193676305026964,-0.007656318196291561
15.386228084564209,0.931984740938597,-0.4267615883248942,-3.017584377762706,-0.0015717577170207215,0.04387477334842157,-0.21484050561124196,-0.46716102433893364,-0.047119228228853616,0.22434544217520652,-2.218462047354033,-2.219367772900093,-0.007664550109671745
15.394331216812134,0.9844381406719379,-0.4284967759923721,-3.0872357131824235,6.312159452432302e-05,0.044741056973804684,-0.21200608062696627,-0.46714499434607115,-0.047135121093865244,0.22426845960208425,-2.2185475914909536,-2.219451886056368,-0.007729857247997226
15.402227640151978,1.166840248817659,-0.6044217975210844,-3.0786014803268684,0.005000532897069775,0.05082284978966532,-0.21298935851606443,-0.4671361161347703,-0.04712417343594108,0.22426045067209183,-2.2185041748697603,-2.219428035941658,-0.007740740074627941
15.410360336303711,1.2742711121186598,-1.0738816579573212,-2.8421503799031855,0.015436947780903874,0.050683144098423005,-0.221123289582576,-0.4671482522341941,-0.047137094108628444,0.22426315597069946,-2.218384909200667,-2.219463405303801,-0.007707431925419433
15.41823697090149,1.2559198601716017,-0.5525728392176038,-2.9509104902190293,0.003619183370655073,0.049237217827645854,-0.21554288716118133,-0.46712080850258125,-0.04714088158737062,0.22420248027727963,-2.2184877766030033,-2.2194925613993592,-0.007798835116592818
15.426403045654297,0.9040759366281745,-0.3918183738932092,-2.934304786407225,0.000594621702708669,0.04360419528639873,-0.21428583186493647,-0.46714428907393896,-0.047149805772326574,0.2241971899748976,-2.218430605959361,-2.2195031741440117,-0.007803182509101194
15.434185981750488,1.0517464646265777,-0.2762121350670362,-2.9679171757979317,-0.002303452423275118,0.04556396367367288,-0.20880342799212143,-0.46716057738393524,-0.04712190529209812,0.22419096369114108,-2.2184559617397137,-2.219434972989354,-0.00766718939642034
15.442253351211548,1.027276697350207,-0.4062012388807059,-2.9714831334104237,0.0043377995727920705,0.04297673456748423,-0.2095902533315249,-0.4671227311761734,-0.04715944680610266,0.2241430958940996,-2.218464918497644,-2.219592104454378,-0.007716769017195036
15.450319766998291,0.977619895718559,-0.5526090605101455,-2.984863482671058,-0.0010262347877347203,0.04515961427387349,-0.21749400578921776,-0.4671249852924422,-0.04713209917370971,0.2241333831098632,-2.2184441130259756,-2.219479589279899,-0.007842730698802754
15.45836091041565,1.1748171390000584,-0.6102270660680494,-3.0298606779501767,0.007476880410750219,0.049361384194314184,-0.2172336031493803,-0.4671359689617313,-0.04713868571957293,0.22412391134036652,-2.2185574958586116,-2.2194112050931807,-0.007779603173563523
15.466285228729248,1.1758213069309655,-0.3951116248875636,-2.901681307812434,0.001077469795646446,0.04882549918785223,-0.21568690055579745,-0.4671386270341212,-0.04711785565464427,0.22408877131464278,-2.218524090614786,-2.2194359377297914,-0.0078111703985304926
15.474222183227539,0.937997304140328,-0.5323209919047004,-2.909659447898115,0.00369078200617055,0.04158359249642501,-0.2104735693913312,-0.46711365746471556,-0.04714677996943771,0.22407152694520915,-2.218437385777472,-2.219505357586177,-0.007878380095075497
15.482170104980469,0.8622896964202578,-0.2198354295789125,-2.9349275874802347,-0.0018314805132568822,0.0412883902072229,-0.2134599373097111,-0.46711068403379635,-0.047123273641233664,0.22401773767738037,-2.2185970259263303,-2.2195178603664236,-0.007928064955727317
15.49011754989624,0.8616196757589574,-0.2919520303637816,-2.884660587179267,0.00022380730270664062,0.04134763687578711,-0.2103952816851654,-0.46711579858691865,-0.04715488481507106,0.22405641558064512,-2.218446096442517,-2.219555848439129,-0.007788629365186151
15.498177528381348,1.0373659500408474,-0.6148301534303253,-3.0822371407475595,0.0077356653226040755,0.042438039935998886,-0.21761335126039413,-0.467109035056193,-0.047142475937580884,0.2240115533672924,-2.218485122630164,-2.219563108350505,-0.007876679931554295
15.506231784820557,0.8731865757869366,-0.2070488016333951,-3.018617818789912,-0.002478492355878794,0.04044715654839165,-0.2144229939020585,-0.4671114676119282,-0.04713760350769037,0.22397210163053788,-2.218630719688204,-2.219561241870529,-0.007892213610963575
15.514268159866333,0.7505004016099961,-0.6071110668337604,-3.0931736680228985,0.0036211243943779863,0.038254647735277904,-0.20697322824937714,-0.4670986188220735,-0.04714135640117402,0.2239614828176003,-2.218562281979468,-2.2195590046537363,-0.007917704988903125
15.522306203842163,0.8108434704309941,-0.6062403404494999,-3.0849663235234748,0.00722132788492741,0.041208485145709496,-0.2103450795281745,-0.46713127711341385,-0.04713868789079703,0.2239770489336165,-2.2185148997064004,-2.2195200854682806,-0.007749041411688721
15.530206441879272,0.8933876284161706,-0.5025932084271787,-3.183813024085033,0.003686053882111615,0.04125947524301462,-0.2154276441226504,-0.4671303663465286,-0.04712598440378045,0.22395802411104732,-2.2185293157239294,-2.2195211517502123,-0.007797763742733289
15.538111686706543,0.9304190315355826,-0.2681626218577504,-2.9747032289069764,0.0006565233472655642,0.04493360633667213,-0.21036437860554846,-0.46713316120995063,-0.04712202867291299,0.2239671432081054,-2.2185230461586385,-2.219482056592427,-0.007754041971309702
15.546205043792725,0.9626610550926706,-0.5760322583781001,-3.0661276115664733,0.005405973667345787,0.044805460343229936,-0.21961418936932262,-0.4671119202660598,-0.047125342729089616,0.2239139464962681,-2.2185557844672235,-2.219564398033846,-0.007929296535816774
15.55419635772705,1.1271783966382112,-0.4118668436740279,-2.8310993082690206,0.0010387891824165316,0.048067056384074894,-0.21552619427064545,-0.4671267750411104,-0.047135880613700415,0.22392298106717384,-2.218578389080644,-2.219492803831167,-0.00784642051806803
15.562276840209961,0.5444494240524377,-0.3570252214334256,-2.906790009172771,0.0018859866700632851,0.033813912720630446,-0.21392040713059055,-0.46713161047382445,-0.047122401661035034,0.22389931020258208,-2.218562863239567,-2.219507507258524,-0.007877059857510933
15.570269107818604,0.8528296353832931,-0.5561916166973838,-3.0131991696942766,0.00496433855503126,0.041094476834074925,-0.21192435104958515,-0.4671277836898007,-0.04711753958791544,0.2238689999966676,-2.21865698560468,-2.219520656088516,-0.007915816109358534
15.578239679336548,1.0076520798107984,-0.49884954898272416,-2.968830087339306,0.00408928184440089,0.04444549756499176,-0.22088157014554613,-0.4671290651062537,-0.04713272927856188,0.22385837955587057,-2.2185508727747782,-2.219598924882448,-0.007957963776532656
15.58629584312439,1.183303156328048,-0.8013553754868112,-3.091869320824522,0.012660443933399783,0.049128465511720544,-0.21735676727564468,-0.4671174468227909,-0.04713041727748778,0.22384388293878232,-2.2186428081245566,-2.2195053440131955,-0.007903327153013603
15.59426736831665,0.6367946672512277,-0.35741683472744895,-3.026662803174502,-0.001407367060903726,0.03464363087789611,-0.21445094464430378,-0.467127469567649,-0.04711829952515475,0.2238666394758163,-2.2185698378608167,-2.2195312775490743,-0.007882446516547115
15.602296113967896,0.9259848368107623,-0.9717820461933466,-3.0844845894852733,0.016260281991765692,0.042032558231907415,-0.21772669662877964,-0.4671225593586305,-0.04715019874253479,0.2238390972021329,-2.2185299495297177,-2.2195926066874896,-0.007912765761471348
15.610332489013672,1.1070385128525297,-0.8479009163205691,-2.9627551269656833,0.008733000374876971,0.046887388138553296,-0.2194936722260008,-0.4671325382579619,-0.04714480376820822,0.22383684047151034,-2.2185718811815196,-2.2195731330903676,-0.007892661561598407
15.618317127227783,0.9096222070867832,-0.7611923550933481,-3.1745588156075226,0.009500368503974684,0.04280768059604926,-0.21485119191228635,-0.46715950207993345,-0.04708670662422793,0.22388134767172774,-2.2185453407580047,-2.219372403401424,-0.007836855349124686
15.626126527786255,0.848867586137224,-0.6581338359757253,-2.947655202491328,0.007768668285690882,0.042255196672982304,-0.20834931096024253,-0.46713478641991213,-0.04711777124599821,0.22385445787471372,-2.218498441365972,-2.219497844185308,-0.007784268902601453
15.634081840515137,0.6729504816671437,-0.6013364346612394,-2.8322701824111816,0.006313064948774124,0.03717602487332459,-0.21493242291210624,-0.46712144514288595,-0.04711622564743653,0.22383062345694654,-2.218577829425016,-2.2194685868388713,-0.007903141126295844
15.642262697219849,0.6647878325193582,-0.5661755229278443,-3.0705964419292506,0.003923760515895993,0.0357733343560114,-0.21187599102433793,-0.46712422967757483,-0.047125467498117614,0.2238388302592299,-2.2185343922286105,-2.2195014299333495,-0.007785902482413469
15.650264978408813,0.9094730099543201,-0.4924890540271526,-3.2947070957332696,0.0015751319328572173,0.04289805605865278,-0.210670061006006,-0.46713184907468197,-0.047105958940967786,0.22381636082075582,-2.2185754571051044,-2.219449818058895,-0.00786286456461633
15.660065174102783,0.8781531858268712,-0.4081026036787781,-3.0192295023422377,-0.0014263362093175122,0.04276951752930418,-0.21311565018867554,-0.46711714289980055,-0.04713628262037045,0.2238327478388636,-2.218494446390369,-2.2195199548061724,-0.007797484854754595
15.668105840682983,1.5011274605138567,-0.5515050572851578,-3.10748905999129,0.0037129707371864173,0.0509102406200257,-0.20485813138974232,-0.4671222017631828,-0.04713854376635255,0.2237912187603952,-2.2185251923544045,-2.2195653254984444,-0.00783211199052088
15.676194429397583,0.6089719891256472,-0.5976800679464985,-2.229409589977932,0.005589310483021493,0.04108849107487869,-0.20353080769493578,-0.4671252080345788,-0.047119933971782116,0.22370297182914364,-2.2185287949613213,-2.2195452499304893,-0.00781701429616632
15.684105396270752,0.9951005256879875,-0.43992657028898896,-2.589935702551106,-0.0007067972615695454,0.04563152854668754,-0.21479437180410765,-0.4671060837697904,-0.04712689718248456,0.22360112571098661,-2.2186020430118902,-2.2194722519327423,-0.007926338272265994
15.692012548446655,0.8412199374895962,-0.3611780158104621,-2.9749270383376047,-0.0032745036131167733,0.036072236113691265,-0.20989344877769836,-0.46709094977471993,-0.04714461723133826,0.22346761034866294,-2.218613204661557,-2.2196496321136916,-0.008035646719317264
15.700126886367798,0.9646550615709789,-0.5049760114971364,-2.9512799677003345,0.003733940160467055,0.04195246795991477,-0.20780367328726324,-0.4670835877873725,-0.04710206881278697,0.2233650631664303,-2.218779788744211,-2.2195206670616567,-0.00812540137745741
15.708235263824463,0.9615759806230436,-0.33622235133879114,-3.0690379095220526,7.355217252844753e-05,0.046420764648160064,-0.21029230005146643,-0.46704856336202927,-0.047122800871594935,0.2232116404045465,-2.2188226594542826,-2.219671283115705,-0.008229618964617515
15.716073513031006,0.7848010140626004,-0.6294467881278454,-3.2214038594411862,0.007058056711397854,0.041256796897915136,-0.2082348287671132,-0.46704038650563556,-0.04713583419880585,0.22307047689937223,-2.2189281185523284,-2.2198064410416163,-0.008338720421346873
15.724305629730225,1.1787147071602884,-0.6457463864538444,-3.393801802347675,0.005972177700621291,0.046452072574630264,-0.21667773433118445,-0.46703226686178934,-0.04716085075488731,0.22296069654129122,-2.2188704365103256,-2.2199570022621713,-0.008389799686693459
15.732161521911621,0.8571283509596191,-0.8663615042616627,-3.1826544301168176,0.008512289565000117,0.03729960314784931,-0.21403166485221625,-0.46704035705503494,-0.04714842926608813,0.22288072472394324,-2.2189218879232637,-2.2199322630943668,-0.008448282417810496
15.74015736579895,1.001535304352548,-0.7398893623780072,-3.102378422453806,0.011244559910608078,0.046064774831777705,-0.20834330285139563,-0.4670293831536678,-0.04715223185645437,0.22281179430299464,-2.2188633417910673,-2.2198932756503744,-0.008411395440340886
15.748114824295044,1.0970026907383608,-0.8013963927590441,-2.8278858014498582,0.00809412165016893,0.0459473375894957,-0.22023116541415294,-0.46703599205184765,-0.047125238816758806,0.22275547072860524,-2.2189369336592955,-2.2197887249284283,-0.00841791564454858
15.756249189376831,0.8303039641184942,-0.5427896058631637,-2.9619991021057164,0.0036813735506151025,0.03830210435245686,-0.2136102372665918,-0.46704123485327437,-0.04715254453276947,0.22268201989261183,-2.218931292834947,-2.219819159063774,-0.00836304998693803
15.764352083206177,0.8037114274224342,-0.3546075306746218,-3.052156426241401,0.0016860160175372232,0.04200237041665453,-0.2074579091381565,-0.4670490722098462,-0.047148293509773176,0.22267738693369135,-2.2188067030755003,-2.219742328470312,-0.008198923840678527
15.77229118347168,0.8032176854179616,-0.2808226761443552,-2.8756349836155177,-0.0053834176813898635,0.04031806561867182,-0.20854630759879159,-0.46703486181527565,-0.047155687640791484,0.22255444540839203,-2.2187979575600614,-2.2198919319241774,-0.008425022508654826
15.780147314071655,1.0606948871192412,-0.3021385060962276,-2.983365111995135,-0.00042022196094676354,0.04710886663725826,-0.2107528242850681,-0.4670367053095093,-0.04711976624890361,0.222494303203359,-2.2189140248119066,-2.219815077129289,-0.008390517398619825
15.788169860839844,0.8854486038173378,-0.5886813267708565,-2.9710834012513585,0.0020695961956363963,0.03810010095089859,-0.2136541284342073,-0.4670499043000547,-0.04714609090394052,0.22248235806378555,-2.218791124026561,-2.219805306856246,-0.008279204624461758
15.796234130859375,1.3763952603559417,-0.9777075845720865,-2.971605743388888,0.015677627078636,0.051121547834657236,-0.21407970936182327,-0.4670760625066734,-0.04713965049405,0.22244629633073548,-2.21878257242556,-2.219761075177869,-0.008157569961380607
15.80434274673462,1.262025084465627,-0.6321578007308101,-2.8989128416151995,0.006092003167142212,0.05051473926712777,-0.21334339604184113,-0.46707468203143687,-0.047158115314493584,0.2223929016117333,-2.218720106005603,-2.2197890869956787,-0.008209852973705406
15.812366962432861,1.2691575903409213,-0.34079736425906576,-2.775101563013356,0.0022307705786941447,0.04931784176060939,-0.213673347747599,-0.46707793040163226,-0.047127201547102454,0.2223485706725154,-2.2187677670220416,-2.2197038659748496,-0.008194272947200881
15.820431232452393,1.022734991244604,-0.3240642360646978,-2.667240754972787,9.413306732325338e-05,0.04182253030956689,-0.2131346180141281,-0.46710034652647336,-0.047118553106477876,0.2223603287755564,-2.218709948758118,-2.219554412801382,-0.008083670798945829
15.82831072807312,1.4521821153164052,-0.6884176926529592,-2.629183186658703,0.004923242045710431,0.05490551249009101,-0.21008336437458774,-0.4670975080647532,-0.047141597189677635,0.22232691532487128,-2.218629638366617,-2.219650116747498,-0.007925071494886178
15.836233377456665,1.0625000062232102,-0.4054161029985733,-2.7343513429097586,-0.0011124520445997524,0.047625265228594955,-0.21533671761448372,-0.46710495291878423,-0.0471211869209073,0.2222969100537539,-2.218641689250864,-2.219525683066903,-0.00797638455611704
15.8443763256073,0.8376884229235103,-0.7381108115980004,-2.7893877914714937,0.009863651611470944,0.04330205373759078,-0.22247579377558538,-0.46710422041502153,-0.04712707509778805,0.22222304186058245,-2.21858925989857,-2.2196612475614694,-0.008051951464260937
15.852263689041138,0.9102666962464624,-0.804985832935179,-2.823810919810528,0.00664121411599812,0.04241492034620069,-0.21486434902448032,-0.4671253243790708,-0.04713015921454562,0.2222178506750706,-2.218518106323081,-2.2195938588197857,-0.007982816800230311
15.860343217849731,1.0798075282407755,-0.6297612209556255,-2.919283370387102,0.0021999464074351173,0.04398525111686181,-0.21710817160911625,-0.46711570138733427,-0.04713411624416008,0.2221816700125041,-2.218573025973214,-2.2195982012540907,-0.007886944949238965
15.86817193031311,0.9378598147964892,-0.5479885770105772,-2.942473828639345,0.005030894981072018,0.042621520638453744,-0.21486052535670416,-0.46710883589660174,-0.04712397796057369,0.2221333230224069,-2.218560797304289,-2.219634882858773,-0.007945359224217354
15.876272916793823,1.2819291601185405,-0.5010460638486982,-2.8863461661280696,0.0015104286283759423,0.05030231625840888,-0.2073874849739386,-0.46712893813748724,-0.04711730397692804,0.22208960386583487,-2.218623380175866,-2.2195316677941723,-0.007903915881343405
15.88438630104065,1.162620136197944,-0.7787147924677651,-2.635736356470926,0.00819408363209303,0.04741304035679086,-0.2146082475198311,-0.4671406994218267,-0.04709570283088919,0.2220618496076076,-2.2186202203238277,-2.219487168575933,-0.00787567738070247
15.89242148399353,0.9241683855720677,-0.4797439745823709,-2.6501050101221373,0.0014237329099542344,0.04401342738297799,-0.21776391592465208,-0.46714958416587177,-0.04710056669860598,0.2220684715711519,-2.218534543271673,-2.219431504887349,-0.007798264419252239
15.900238513946533,1.0745634755595483,-0.498219395256633,-2.9164930027491303,-0.0002848739830668555,0.046844894919294104,-0.2164306168949438,-0.467150903039709,-0.047115744974257696,0.22201662073711242,-2.218485645728108,-2.219508879529773,-0.007810557335381653
15.908395290374756,0.9992853704658076,-0.551139490691815,-2.836854403674198,-0.0004511640784287174,0.04292948400908955,-0.21309738630175032,-0.46714851497292603,-0.047111931820236715,0.22197598182961736,-2.2185048529555904,-2.219519637910493,-0.007840645687410238
15.916125059127808,0.7903644236538679,-0.5025887936272694,-3.131611088391774,0.004757571124563548,0.04162477000828934,-0.21219529267121248,-0.4671452110905159,-0.04712797159692371,0.22194666924055712,-2.2184625692293403,-2.2195502969135683,-0.007822694451460522
15.924169063568115,0.8939352217549005,-0.466384640001205,-3.118981222804507,0.0022106022168300195,0.04163005742231335,-0.21590721665668167,-0.46714102023846676,-0.04711864253438621,0.22191270261243426,-2.2185206524938756,-2.2194253576656577,-0.007889668282291044
15.932199954986572,1.1411735681323825,-0.6336433898145176,-3.017761359868425,0.009311816379010292,0.049588825982279934,-0.21365104919421454,-0.4671490246345956,-0.047081275215938086,0.22187382318214313,-2.218651959033666,-2.219393571861425,-0.007859391961903254
15.940216302871704,1.2240352588250296,-0.7253126933709626,-2.9194182145148493,0.005966150431726528,0.05221698303627242,-0.21227393751254495,-0.4671530523755503,-0.047104066549868095,0.221878267432886,-2.218486334807142,-2.2194028949391584,-0.007836939149096283
15.948306560516357,1.1063622306890377,-0.2010284850197126,-3.0522837642853524,-0.002257754916502258,0.04741260586507599,-0.21149197766519806,-0.4671709474371038,-0.047084672230984254,0.22188940258435158,-2.2185160570750875,-2.21932274006746,-0.0076728312905515
15.956281185150146,0.9121963599109328,-0.4456707189753521,-2.8983833352758084,0.0051853440975556005,0.042561044504394636,-0.20794400246237763,-0.4671544514840212,-0.04711719312495529,0.22182315490116572,-2.218560367951996,-2.2194077755931705,-0.007721110008630306
15.964270830154419,0.9539052435899974,-0.4729455896682656,-2.9121918269431304,0.002887589982468551,0.04060153056271839,-0.21010456466900151,-0.4671661739496422,-0.04712279973398583,0.22182460332500345,-2.218443784588945,-2.2193889294252807,-0.007677290237367698
15.97228455543518,1.0074061094898277,-0.5465126977688219,-2.7789242618997787,0.0008286665885199354,0.046450725953183815,-0.21774091888335415,-0.4671498304299136,-0.047114760179929015,0.22182695025215013,-2.2183915780209293,-2.219376183560762,-0.007670144274553454
15.980333089828491,0.950402003607963,-0.3483153302333104,-2.9224764894416673,-0.001712737138476919,0.041807040239122684,-0.21379099938814994,-0.46715172637856495,-0.04712721272191695,0.22177436340784043,-2.218424788849154,-2.219444485237782,-0.007675663260747119
15.988199949264526,1.0400311152513548,-0.30534110649225815,-2.949467464502565,-0.0016973740762500137,0.0468950157038894,-0.21627718748699692,-0.4671782358684221,-0.047115717579653764,0.22178385159895236,-2.2184212441996287,-2.2193415848334106,-0.007576960513157859
15.99618124961853,1.1141790927662267,-0.7616198425016821,-2.7503555275287064,0.008197136869427578,0.048295271398072916,-0.21737300601164727,-0.46714840557138193,-0.04709696215854475,0.22174890480068793,-2.2184810948596705,-2.219305197570808,-0.007636613087565068
16.004229307174683,0.7976682833237887,-0.6113233935401697,-2.9780734680721768,0.006185732147107639,0.039552236116290544,-0.2167632220935313,-0.4671390161534024,-0.04711259887981735,0.22169336117118238,-2.2184260935806166,-2.219458850552018,-0.007694477505057843
16.01232147216797,0.9554384762783308,-0.4075877643763931,-2.9187208724584175,0.0005428771480598176,0.042198759606373565,-0.2115841689858612,-0.46713172553091137,-0.047112664421708986,0.22168284994086368,-2.218475727294622,-2.219392275793302,-0.007780411014635491
16.020305156707764,1.045788598997424,-0.5569362646931356,-3.018173888513692,0.004158355859775629,0.04356702021809833,-0.21844587103955143,-0.4671619917358743,-0.047096970593153924,0.22170074001679216,-2.2183798799334338,-2.219285968993733,-0.007674936396102696
16.02817463874817,0.9617730164042866,-0.5150753765476517,-3.0245887202432318,0.0012540947362343045,0.04269693312643271,-0.211208745941668,-0.46713400089930235,-0.04712044222614764,0.22165088294107554,-2.2184346895170606,-2.2193717856068784,-0.007655702743793874
16.03632688522339,0.7140052839426693,-0.5348336918823391,-3.1895456903578356,0.0035836847416292404,0.037372433341149994,-0.2115744701388762,-0.4671316722717083,-0.047117740291163286,0.22163525503665765,-2.2183648048172318,-2.219406951740149,-0.007754337777347001
16.04428720474243,0.8773462023135872,-0.37389405555378313,-3.0548022043280465,0.0006394993563177931,0.04136734679649942,-0.20912048883993561,-0.46715536446787426,-0.047123772049434784,0.22161941817979436,-2.2183445538985693,-2.2194041749846884,-0.007678967061114941
16.052218198776245,1.2276636458678958,-0.6489822329570177,-3.0692310238151186,0.006809689759768973,0.05116657059391529,-0.20980862536835246,-0.467127789959394,-0.047092372763845064,0.22156816613364344,-2.2185097670265015,-2.2193642766698862,-0.00776177192796696
16.062390089035034,0.5171163873104634,-0.435830470557633,-3.0303485653941125,0.00333225778187994,0.03504232312016823,-0.2102781268291205,-0.46714563546751564,-0.0471176771589513,0.22158091037767508,-2.2184341959831344,-2.2193870493503063,-0.0076424202913982255
16.070380210876465,0.7094530968713803,-0.5578167559353707,-3.1406630242554656,0.005136142087110928,0.04189869823202537,-0.2108177102425087,-0.46714236821556815,-0.047089026897282775,0.2215690430979405,-2.218458055786656,-2.2192790213289375,-0.007743178163114095
16.07832407951355,0.6895321688623395,-0.5589574996426998,-2.251633112788584,0.004557231011275435,0.043818085376703876,-0.2173558240291113,-0.4671544628071343,-0.047101189965121235,0.22149854728281032,-2.2184355191682985,-2.219319196743756,-0.007594509420544148
16.08621835708618,0.9312004884098107,-0.7254306380716006,-2.552645200328846,0.009864144823371512,0.047881074143127936,-0.21374873338517278,-0.4671227905414008,-0.047117226947988484,0.22140872911956108,-2.2184452583591625,-2.219348563310683,-0.007652823320575664
16.09428596496582,1.13280363483052,-0.3959599316552984,-2.8038607810112124,0.0006268620844859772,0.04358279757990423,-0.2113677775546114,-0.4670960898823055,-0.047145981842710814,0.22124979937890188,-2.218545932519522,-2.219519519610093,-0.007839742839323607
16.102172136306763,0.9946365607926877,-0.36386044600943995,-2.931459601841127,-0.0007823796331755736,0.04223133727309494,-0.20477237083231964,-0.46710018911007983,-0.047100770565034596,0.22116340183708516,-2.2185304254801355,-2.2194980853523956,-0.007906442322806562
16.110307931900024,0.7735778988757958,-0.5332220180161323,-2.9895389400169017,0.0038206769415908537,0.03966135364982324,-0.21407212224516164,-0.46708352309652007,-0.04711584090300373,0.2210022578990162,-2.218692993615812,-2.2195376135950884,-0.008057224613654743
16.118355751037598,0.5780803399522861,-0.449162729943257,-3.231046381044918,0.0024967270324088094,0.03627772320015549,-0.2122171941501149,-0.4670836894618361,-0.04711824169234402,0.22090712616631797,-2.2186885788914847,-2.219599471282857,-0.00802127738558965
16.126346349716187,0.9486909752113977,-0.45784431817335425,-3.32929057019106,0.0005884502634734435,0.04324412433507732,-0.20761034615976018,-0.4670632873518572,-0.047100618569815914,0.22078431690259986,-2.2186952691114636,-2.219672802376463,-0.0082059038777964
16.13427186012268,0.958806538819216,-0.7895915162273007,-3.045619264336693,0.005846949879240883,0.04268633073871671,-0.21427669948463499,-0.4670525619315792,-0.047125471918090196,0.2207040554194113,-2.2187262329245216,-2.2197051557937177,-0.008148409195672442
16.142191410064697,0.9876705353125619,-0.5690943309220946,-2.9738115828364116,0.0031917534601334585,0.043806231587766545,-0.2172734478123199,-0.46706373320948663,-0.04709890754490324,0.22064833104115228,-2.2188094402975898,-2.2196091758368404,-0.008103332944505229
16.15014100074768,0.7978834087168548,-0.3685327481938224,-2.9262506574802734,0.0009902253472750962,0.03984804961093688,-0.2137451161525528,-0.4670509196773048,-0.047116800194943874,0.22058521267410253,-2.2187375362844515,-2.219618999251188,-0.008048304962019229
16.15818452835083,1.053427002936605,-0.27013134023569146,-2.942840727965341,-0.0005051923189327578,0.044450679218799034,-0.21452024626811128,-0.46706261395906906,-0.047113036916679264,0.2205215218829145,-2.218650321408507,-2.219629237129562,-0.007992898020422492
16.166253566741943,1.038257498154149,-0.611158669993898,-2.8977848879204533,0.004374175354870722,0.04540270550064585,-0.21478954982978085,-0.4670679980797925,-0.04710355037384115,0.22047148161085978,-2.2186842909666717,-2.2195545969361605,-0.008048663408527652
16.174257040023804,0.9437475421493674,-0.5410928661931543,-3.1071111845516715,0.0046692851537018,0.043165129982730074,-0.2158200777285002,-0.46706357487717837,-0.04710102303636681,0.2203972118287621,-2.2186088894648908,-2.2195895422657115,-0.00804735686637541
16.18223547935486,0.7470929538327278,-0.47348929880688995,-3.0296547145343307,0.0011276651950443582,0.03864508549028385,-0.2108241058491802,-0.4670759784031368,-0.04710692407571762,0.22033383337858464,-2.218632256222045,-2.2196153283862703,-0.008143648071901544
16.190179109573364,0.8651664086567565,-0.6084225924539557,-3.1167056675608777,0.003528539476524125,0.041781068760069394,-0.2156476653160705,-0.46706423217180315,-0.047110019615272676,0.22028018992179355,-2.2186588136812824,-2.2195888268308983,-0.008056422883724608
16.198286533355713,0.9937826257911884,-0.48031216432555446,-3.25784733506024,2.0314521148974245e-05,0.04400308082800019,-0.20927217634312248,-0.4670670595298857,-0.04711881861098252,0.2201932292131994,-2.218700574749585,-2.2196423600344506,-0.008066239148098172
16.206251621246338,0.753411512043535,-0.5150527444162584,-3.30016697112691,0.0024959070047291722,0.036918158488895375,-0.20909961142645633,-0.467100063112869,-0.04709214083363232,0.22017190023706484,-2.2187267340981105,-2.2195147321510205,-0.00805709547504791
16.214319705963135,0.7291205329459778,-0.2951464998455339,-3.1534610153216778,0.0015418259536201277,0.03973750135610237,-0.21861872976276536,-0.4670914071512129,-0.04712326903362194,0.2201310843938703,-2.2186199184935465,-2.219584133574188,-0.007977960430466498
16.22219491004944,0.8477034610269057,-0.2809221843585176,-3.1265005422001937,-0.00022901669545172444,0.03776728153322624,-0.20838885181028852,-0.46709850379920514,-0.0470856976513259,0.22010240334038653,-2.2186045516165525,-2.2194769099096403,-0.007964015705679603
16.230193853378296,0.7521987740085291,-0.6111520619371165,-2.982901251962212,0.009844932772542963,0.03700355092566773,-0.2237026823132222,-0.46713728676300376,-0.04709543646247566,0.2200933575720455,-2.2185186968982027,-2.2194288102354087,-0.007820986979026315
16.238223552703857,0.6612819553771713,-0.3721803463055761,-3.0988042891907304,0.0034306230402663816,0.038956046755412525,-0.21081039140056862,-0.46711674584706786,-0.04711698511883476,0.22001944384711603,-2.2185481750601954,-2.219482303539627,-0.007939996913254047
16.246248722076416,0.7625771641556451,-0.28450344964876745,-3.0457703373783547,-0.003801969836496922,0.03885603843806725,-0.21241364715225886,-0.4671445338177337,-0.0470967498507617,0.22000470391676397,-2.218490401141949,-2.219495020385143,-0.007830415883521045
16.254287242889404,1.1495722560886148,-0.573779768885786,-2.884125160584412,0.0031513558903434446,0.047288356407242875,-0.2188150364337118,-0.4671408593195785,-0.047113289933129285,0.2199700542983818,-2.2184665939189525,-2.2195264263933936,-0.007757821749702407
16.264209747314453,1.0172233477614787,-0.5144938209156812,-2.999604179567517,0.004405706333639189,0.04488628194699462,-0.2166361061113976,-0.46714129313890235,-0.04710139651176414,0.21991155125171097,-2.218490437173793,-2.2195049141652645,-0.007949348471815082
16.27227544784546,1.0326236038125358,-0.34309654315544913,-3.03029604947517,0.002986335724449498,0.044643277527405045,-0.21443655750881493,-0.4671586707500217,-0.047065964237744284,0.21988739850788036,-2.218530457458417,-2.2193833185732483,-0.007783060653138357
16.280356645584106,0.6935874307134583,-0.19113409772673332,-2.844890935265011,-0.0027253010301304184,0.04183128871459607,-0.21285689667408456,-0.46713578999729144,-0.04712049014246713,0.21980228043987934,-2.2184159709748292,-2.2195085649962607,-0.007771540793547471
16.288172245025635,0.7999571758919094,-0.2042267288293394,-2.9703373895854237,0.00021298179891643382,0.042059297007131624,-0.21454792670494668,-0.46712417327605726,-0.04707885419623155,0.219732989255977,-2.2185775676985218,-2.21936223139998,-0.0078048645353160934
16.296317100524902,1.0944081596782387,-0.5143960335998269,-3.1210929090470576,0.002175777848789515,0.045147987148026286,-0.21054680919568064,-0.46713075317516006,-0.047081807813698674,0.2196567124104703,-2.218495270002179,-2.2194198724355547,-0.007775651809712529
16.304363489151,1.4433111846083992,-0.829535094804929,-2.722120994048168,0.00911555065260508,0.05351893764245552,-0.21836852085976038,-0.4671173477059773,-0.04710997750705864,0.21956777107766925,-2.2184587728334533,-2.2194854102203925,-0.007811826113526205
16.312203407287598,0.9774037674737038,-0.5724995282196181,-3.11176579961668,0.00253369001981705,0.0427196819697463,-0.21145409611453939,-0.46710725592352276,-0.047109046738847346,0.21947075177902442,-2.218490040567087,-2.21948992225189,-0.00782195588129438
16.32029938697815,0.9996679483107445,-0.6718557508885481,-3.024075720397632,0.004498106925798606,0.04588828536557415,-0.21118987036970507,-0.46710401899766707,-0.04709868111254149,0.21937451527143012,-2.2184891591041773,-2.2195309212716423,-0.007848256621941854
16.32829976081848,1.0790279576082702,-0.5486292848214235,-3.3764823516112563,0.005101214578041378,0.043319265465325656,-0.215128563222397,-0.4671056705769596,-0.04711213193042283,0.21927881572784225,-2.2185287063482173,-2.2195180563970975,-0.007899828713776997
16.336292505264282,1.00735563284823,-0.6975304947796299,-3.416804812224878,0.0066268564510540305,0.043710434833154094,-0.21526284750936048,-0.4670956283051286,-0.04709552406580234,0.21920860020160127,-2.2185863324197475,-2.2195111917186146,-0.007862053471354052
16.344161987304688,1.1383073768672205,-0.7888334543470581,-3.135943372189956,0.01129589783238778,0.048274078538027135,-0.21396894794631874,-0.4671150278374703,-0.04708376918145542,0.21914081200946406,-2.218560853014048,-2.2194520017211854,-0.007812512350339957
16.3523371219635,0.7983981686844972,-0.28580640565554943,-3.145988233500419,0.0039041596100447096,0.04281536557585654,-0.2157896474084243,-0.46711808144784706,-0.04708718072006845,0.2190865229161158,-2.218531527349295,-2.219424460405642,-0.007807399091242718
16.36043930053711,0.9221631469604744,-0.34331658752323985,-3.035889873338379,0.0008384825074854211,0.04286834903468634,-0.21249336448166312,-0.4671107166748801,-0.04709893760849405,0.21902204587541463,-2.2185122019691366,-2.2194525164841634,-0.007835047691189707
16.368260860443115,0.9994962310574333,-0.42186601222381465,-2.989525156572655,-0.0005618644530136106,0.04551476383781689,-0.218902271956399,-0.4671200588013183,-0.04709308664297338,0.21897275661723276,-2.2185310673508902,-2.2194189844122416,-0.007791464536979314
16.376209020614624,1.0181539500262433,-0.5155545709781572,-3.1165198934567164,0.002285201824618665,0.04441168772193532,-0.21284455079287748,-0.4671253779696737,-0.047077268416323335,0.21893386965620762,-2.2184696167391804,-2.2193897146330044,-0.00776077096168766
16.384220123291016,1.0816946198159898,-0.6180387074364648,-2.966490752063775,0.004872744236092495,0.04851611476217511,-0.2119968693701145,-0.46712457259248674,-0.04709793492324701,0.21885451940772727,-2.218506720686683,-2.2194066818549243,-0.007800112513662672
16.39224648475647,0.7719498076463905,-0.4419127538566102,-3.046889792129739,0.0019143894712470573,0.040671159209369784,-0.2124166062854945,-0.46712889935318835,-0.04709667611143073,0.21877891370197988,-2.2184343099441395,-2.2194959343894927,-0.007896668663402301
16.400347232818604,0.8938526170571638,-0.7049027510375384,-3.075463080792296,0.008527519620832112,0.041235546146567416,-0.2203603203647458,-0.4671165173587349,-0.047094413374180945,0.21870549555916896,-2.2184831756803596,-2.2195173786356803,-0.007862896195710619
16.4082453250885,0.8868392362366813,-0.8920980465621733,-2.936382202176921,0.0084921535627369,0.0414164060703799,-0.22299388635496,-0.46712631446227837,-0.04708152146853129,0.21865078016504366,-2.2185544547787184,-2.219398850889598,-0.007859702350428214
16.41629719734192,0.9160879885330155,-0.4781578594168446,-2.9157250804293766,0.0010328507198006207,0.04288472805770237,-0.21878069027819708,-0.4671321831198296,-0.0470916460182517,0.2186076767101504,-2.218478944864045,-2.2195256226367546,-0.007799565240014068
16.42421007156372,0.5866334948022037,-0.4982620847459397,-3.062181936294069,0.0031060266157208693,0.035298377123011274,-0.21722116094402505,-0.4671558784795112,-0.04708411123002121,0.21860566401892847,-2.218478310346833,-2.219313961142629,-0.007762198647897705
16.43235731124878,0.7001876569709149,-0.22272100839005707,-3.1566232754088523,-0.0016052924041390177,0.03810068628613423,-0.2093835830472541,-0.46715646464235866,-0.0470825378254423,0.2185502461750931,-2.2185398651400874,-2.21935684482274,-0.007730668987205334
16.440271615982056,0.8342682381624268,-0.5899799983908485,-2.9787549240151354,0.005005078213277785,0.03896364563317652,-0.217199821535055,-0.46717788124888016,-0.04707425390487665,0.21854204481003697,-2.2183955308011862,-2.219352961193109,-0.007633099382133442
16.44817614555359,0.9655096301551707,-0.6679712890056876,-2.9332296015445545,0.009872526446350656,0.043519361830861726,-0.21416310494049637,-0.4671642149283826,-0.04708795219686196,0.21844095573270483,-2.2184937757963676,-2.2194090990704387,-0.007748824782015743
16.456233501434326,0.9439306091401023,-0.5273933061172128,-3.008363607584788,0.003545495957540307,0.04482826966702373,-0.21080775880263353,-0.467162094593889,-0.04708651690376235,0.21840479391129078,-2.21848788917443,-2.219412794920842,-0.007746110908418654
16.46622061729431,0.9015661926914214,-0.6322339496818478,-3.125301106345761,0.007575337728234935,0.041828165844229825,-0.20768449686925639,-0.467155436271569,-0.047100314584390374,0.2183686858426938,-2.2184548525719334,-2.2194453849409275,-0.00776203691502935
16.474122762680054,0.9096633082492177,-0.4967956391643044,-2.957020682432168,0.006637568269764008,0.039144504799721695,-0.21288720434970498,-0.4671833254468973,-0.047062606828885044,0.2183136668024478,-2.218534964692364,-2.219334567827524,-0.007717001308471282
16.48231029510498,0.8360737060684661,-0.26524049545751793,-2.673378006909536,-0.0025572794355453775,0.04316425545116963,-0.21443629203464812,-0.46716805584367627,-0.047083389239514474,0.21825736589802047,-2.21841351669143,-2.2193622358187,-0.0077316406977458625
16.490241765975952,1.063087980648417,-0.654942817112276,-2.8940821716658243,0.005736130415898513,0.0456992985990342,-0.21934728124608696,-0.4671586238203478,-0.04707226911653598,0.21817585206833554,-2.2184459704950092,-2.2193686663577883,-0.007690821091223748
16.498204231262207,1.1758386389338134,-0.5202241514448693,-3.156483814456792,0.006533140286394802,0.04631951287843235,-0.21382181486041527,-0.46714421058535927,-0.047110305546778704,0.21805769443126174,-2.218453977607929,-2.219470800930373,-0.007746577724074839
16.50611138343811,1.0642399527001578,-0.5054574827632428,-3.0648831987894103,0.0027920081774231945,0.04956866403553024,-0.21717750580200704,-0.4671447136817701,-0.04711694612542913,0.21799110982562744,-2.218415747856413,-2.219433823253498,-0.0077096758488486876
16.51408052444458,0.789154378724587,-0.1109062017106848,-3.0284714972127067,-0.004241693705331689,0.041677835113677335,-0.2160248198693429,-0.46715150738025735,-0.04705318564091242,0.21791284757669233,-2.218568677721192,-2.2194065099717784,-0.007781250940755495
16.52217173576355,0.9182494769635825,-0.4756797780517963,-3.1900307579118086,0.0022186347471328544,0.04293200198110032,-0.2121687865951987,-0.4671525942562866,-0.04709532243740952,0.2177990287065023,-2.2184983895928325,-2.2194201304656755,-0.007788301484924124
16.53024649620056,1.0960496001300934,-0.5663777225031277,-3.168142702367527,0.004426371169130716,0.047556870429154685,-0.21291338944588092,-0.4671275551940279,-0.04710165724699262,0.21768412796337222,-2.2185328611184874,-2.2195135422801306,-0.007932430545765142
16.538172721862793,0.9315647093516779,-0.33732275724441424,-3.095554396784544,-0.0014001785760229773,0.04248200392741879,-0.21622590723365992,-0.4671170098535558,-0.047090222751667694,0.21759927634566387,-2.2186376771574365,-2.2194401759588547,-0.007859321068297056
16.54623532295227,0.8002898181124459,-0.18364521364730585,-3.0583428502141627,-0.006032292622817942,0.040353480227900265,-0.2118783748489826,-0.46713118150848326,-0.04708518146491859,0.21754722792932885,-2.2184820425406846,-2.219485226765823,-0.007858639269411273
16.55424475669861,0.7989827331477483,-0.555287508324824,-2.8620149736648517,0.008329065956086222,0.03829492466069811,-0.21592114698713194,-0.46712372604504065,-0.047098616683913824,0.21748043671001885,-2.2184830451044797,-2.2194988124082293,-0.00785972757429009
16.562316179275513,1.0575148418913103,-0.4402420100092045,-2.7590373946854756,0.003973091848288606,0.04945386337077085,-0.21817021828275468,-0.46711433528399193,-0.04711337652550508,0.21739388974196305,-2.2185223157401133,-2.2195394729613453,-0.007847599546242576
16.570192337036133,0.9340767783082427,-0.21871933485923828,-2.7228237618501208,-0.003231156600627122,0.04448765656441456,-0.21640270148704718,-0.4671276600250685,-0.04707992223212582,0.21736115183824076,-2.218555175607182,-2.2194656212221777,-0.007775120553286137
16.57831883430481,1.2219511830715144,-0.5279439031013131,-2.8259417496721437,0.002188374505038461,0.04952223113743813,-0.2160484786951347,-0.4671266739072248,-0.04711445939888144,0.2172960444825063,-2.2184623147321005,-2.2195365209669284,-0.007812953455767636
16.586187601089478,0.9210581484143571,-0.4192439809087865,-2.9204598861822766,0.0031372066336577934,0.04148992755128487,-0.2156889562003036,-0.46713753719882073,-0.0470844152370813,0.21724048797795503,-2.218588255761,-2.2194080832751313,-0.007780325166555834
16.594303131103516,0.940168483436041,-0.4809482184849466,-2.9445001868259086,0.0012156890312290856,0.04148374105566999,-0.21951094899389875,-0.4671276428204397,-0.04708868586557261,0.2171754184329348,-2.2185413244505616,-2.219485589976246,-0.007863006100017753
16.602301120758057,1.091561417166702,-0.7210410613613615,-3.0290356824779177,0.009715172218201633,0.0458170451856819,-0.21807834626154052,-0.4671565160794612,-0.04708657873238607,0.21711174874841171,-2.2185481566427905,-2.2195005605333114,-0.007780683729979003
16.610323429107666,0.6462181446488053,-0.5255405730447312,-3.0873257104329346,0.005467590252232266,0.03844944925231353,-0.2153508553875149,-0.4671469085756306,-0.047077520300598835,0.21704064086157832,-2.2186167203048957,-2.2194927187799456,-0.00782800346233789
16.618304014205933,0.669850027695714,-0.4430179899917821,-2.984792679980533,0.0016462778841329097,0.03734330569721575,-0.21181163109708845,-0.46714474711346565,-0.04708503035263672,0.21702722551353798,-2.218525423274349,-2.219462654527345,-0.00778079919695785
16.62651252746582,1.089185026218142,-0.6308327917457697,-2.940359445012325,0.00711401578864934,0.04711372522481305,-0.22194018898075885,-0.46715926870411845,-0.04707195578752393,0.2169798711247798,-2.218563264368665,-2.2194319592127627,-0.007767735527652483
16.63433575630188,0.9491407073271007,-0.5745646322551652,-2.9991919735530774,0.004171508901016066,0.04246935143580615,-0.21180530073751508,-0.46715588218498794,-0.04706145138394832,0.2169225820131395,-2.2185940001249995,-2.219371278451907,-0.007816869234472753
16.642242431640625,0.9296912618997599,-0.3734170785805633,-3.0080042914511207,0.0009773859586885382,0.04369945038069065,-0.21528601002681932,-0.46716564517245296,-0.047098690758213414,0.21689130177152832,-2.218484457378115,-2.2194627110526692,-0.007767566084463523
16.650363206863403,0.8297632678029935,-0.6742701592996776,-2.978782205444206,0.005144005987788623,0.04093579022524993,-0.21450081636205076,-0.46717791410000337,-0.04708103766149098,0.21685992395206433,-2.2184270932036663,-2.2194161037312026,-0.007736048682349963
16.658260345458984,0.9223536704862338,-0.6493905853249677,-3.001713449651749,0.009160765134981867,0.040515523017472535,-0.21391612027928347,-0.467175607689319,-0.047093415504477966,0.21680036723958118,-2.2184350580367123,-2.219489050661765,-0.007751008530147149
16.666378021240234,1.1533548674705076,-0.44398636864723084,-2.932078644075675,0.003635789834911731,0.04544650935967176,-0.21692232918760793,-0.4671802195048213,-0.047073230513126146,0.21676630918783243,-2.218558452242423,-2.2193869676401627,-0.007740897412330073
16.67427110671997,1.2431104289804304,-0.7880620538177585,-2.934049162687473,0.009052419460863746,0.051241271781804446,-0.21838679868368951,-0.46719766884475344,-0.04709234352903081,0.21674584674440656,-2.2183854050469414,-2.2194613680808244,-0.007672879134030729
16.68218469619751,1.0730667475814426,-0.30367933717324824,-2.8648710838435596,-0.0007939981579856029,0.04495206482189955,-0.21978826666813192,-0.4671740529149707,-0.04709275973330294,0.21668903354207536,-2.218463958859508,-2.2194546896085674,-0.007731797510808169
16.690152406692505,0.7828752980536915,-0.5198165689554402,-2.8815162016302587,0.0017461025869708554,0.038874833566057095,-0.21422006109010566,-0.4671935493221301,-0.04706294295091173,0.2166643295650979,-2.2184519472350877,-2.2193547426818667,-0.007719878772117788
16.698323965072632,1.136377596590107,-0.776381658885524,-2.980766273831457,0.009301661516785577,0.047916807487259835,-0.2173630961420939,-0.46716044285769337,-0.04708259818692557,0.216611181854741,-2.218467876399484,-2.219425135537503,-0.007741670379885145
16.706141710281372,1.1246929562305277,-0.7145469999461838,-3.12490423180593,0.007331215942599647,0.04737858017478101,-0.21688105856301979,-0.4671754187980563,-0.04708763252948287,0.21660536655304413,-2.218409241105493,-2.2194416727950124,-0.00777488935204837
16.71419596672058,0.999192950255167,-0.703277604710615,-3.039502746062203,0.0055334487244027425,0.04293591350941937,-0.2138931930132531,-0.4671862640969263,-0.04707122720033711,0.21658059336867047,-2.2184436773206544,-2.2193334596770833,-0.007645532773678411
16.722291469573975,0.6119202251121632,-0.6710232199161495,-2.831622951513902,0.006300467456220181,0.033500441044758175,-0.20977712306956384,-0.4671993546729609,-0.04706666164172601,0.2165729951590211,-2.21842852147581,-2.2193356192012543,-0.0075643604784396455
16.73015570640564,0.7701053876050636,-0.5482323720840261,-3.009596752168609,0.005380382940615762,0.03824364662484858,-0.22068574689504927,-0.467189165476584,-0.047091194250039325,0.21650739903245525,-2.218334117338852,-2.219395148827132,-0.007747061859715833
16.738314390182495,1.1981746938915574,-0.4040166839972642,-2.9468876997454974,0.001361991576506826,0.04999109659394615,-0.21486873041677554,-0.4671808820875921,-0.04706663672978958,0.21645003883546082,-2.218449579703517,-2.2194600609208424,-0.007743689666854513
16.746231079101562,0.8805880741462806,-0.541086577500162,-3.003872431402674,0.0044363084747988885,0.04105601006925342,-0.21687977336364636,-0.46718129069851394,-0.04709288413460091,0.21648252425913084,-2.218322200165247,-2.2194066875808853,-0.007605686323170795
16.754199504852295,0.785631215824024,-0.3500781353102712,-2.91227490187539,0.0010996210297674076,0.036424879575577974,-0.21988346640971282,-0.4671924379010973,-0.047077509655675746,0.21646377210969173,-2.2183107802295825,-2.219349509265288,-0.007561616665081398
16.762166023254395,1.160404981049186,-0.7834044652093307,-3.075932338076264,0.007754859783233058,0.049548737088167524,-0.22002856456515454,-0.4671643992844339,-0.047086569769161694,0.21641117241503877,-2.2183670565144227,-2.2194143989625346,-0.007650319205986008
16.770222663879395,0.7429771045886296,-0.34901887908574386,-3.066879409066051,-0.0007305331233292212,0.03956347991950727,-0.2176735822782517,-0.46718232942125615,-0.047061898146492503,0.21640222769630962,-2.218448766940756,-2.2192797690521804,-0.0075548029433444965
16.778245449066162,0.7844648041550646,-0.6175272121697211,-2.928123372657972,0.005878741192258757,0.03922698197110548,-0.21497011985535272,-0.46719554607193964,-0.047061046822727444,0.2164039622985477,-2.2183176680124683,-2.219332753972969,-0.007575145831499611
16.786293983459473,1.1192685372939963,-0.5688759779328806,-3.000191047343558,0.0023022952665701056,0.05132674905844435,-0.21628636709407084,-0.46718323461280303,-0.04708386487457573,0.2163552442899544,-2.2182922469717314,-2.2193807076330834,-0.007591008126521193
16.794379949569702,1.019976007901006,-0.5600881892167857,-2.9024857425984116,0.003744245624389887,0.047159381839415246,-0.2196901129041066,-0.4671631363547508,-0.04708334702214195,0.21630627889938553,-2.2184487133218767,-2.2193836941210123,-0.007654593496648815
16.80236029624939,0.8872315370553202,-0.7497937867586674,-2.982615839859093,0.00870404929898558,0.04271873161427276,-0.2142071363489372,-0.46718182951655696,-0.04708346393403794,0.21635615780464545,-2.2183744605234317,-2.2192347763657754,-0.007519198400624107
16.810287475585938,1.0385187951081591,-0.7837588995990072,-2.979854530591498,0.009513388526733084,0.04625409648464649,-0.21498613139060885,-0.46718667088202614,-0.04707259411298234,0.2163099602682209,-2.2183639200291907,-2.2193257198577716,-0.007562456075019636
16.81835103034973,0.8474465717025931,-0.4909455495528903,-3.071005669234733,0.004149890259692924,0.03994035530534542,-0.218056137542317,-0.4671749083670812,-0.047060936539349014,0.21628075079700382,-2.2184082551581925,-2.219268228182077,-0.007637964714291646
16.8263099193573,0.6009950185542875,-0.40065046101086854,-3.072599753811058,-0.0014344478204444922,0.034985912858688344,-0.21525042055589313,-0.467169119038529,-0.047085735008859535,0.21623570811804316,-2.218335341518823,-2.21940095761132,-0.007556023111184699
16.834318161010742,0.7757060589795823,-0.45561140470581735,-3.1301998675375056,0.00020972630956278844,0.03526965252988644,-0.21417345838357302,-0.4671677531073289,-0.04708022275334436,0.21623088463983525,-2.218308589176531,-2.2194007412636885,-0.0076071384423450775
16.842456102371216,1.0477892228170842,-0.7014134796598088,-2.946689588564453,0.007999532018238513,0.0474444285694831,-0.21993295213463915,-0.46715740562993113,-0.047081371436221764,0.2161995455752324,-2.2183700608686765,-2.219323500730865,-0.007648683596041498
16.852444648742676,1.180670311977742,-0.5168732563477266,-2.9277750696147744,0.003451978655984355,0.05145293350690237,-0.21902558773834854,-0.46719880606396225,-0.04707903193346109,0.21620546716593997,-2.2182847945472224,-2.2193483227002013,-0.007498869318926658
16.860235929489136,0.9205095678479517,-0.8130086337357822,-3.119726520517068,0.009069545118836585,0.04312396010080524,-0.21435627814394093,-0.46715424235500064,-0.04707177372334244,0.2161628270278318,-2.218351946433704,-2.2193476995327766,-0.007669624894434009
16.86826801300049,0.4042731881171108,-0.21169308255125419,-2.5480923613896427,-0.0024506100807395043,0.03992159769122865,-0.21185109591714718,-0.46716523244031927,-0.04708680380609829,0.21608393638126758,-2.2183779089224953,-2.2193284387527785,-0.007606098316914201
16.87618660926819,0.7727650659471484,-0.5704409428789265,-2.643096252211944,0.004420438834106612,0.04549387845007155,-0.21409301866124153,-0.4671634450664162,-0.04707142097249121,0.2160152677383538,-2.21841514304094,-2.219285104878633,-0.007648641383034
16.884279012680054,1.1970016784049353,-0.6704009565439156,-2.9571771066600565,0.008250355167308376,0.04710344874782658,-0.22132589592871532,-0.4671313036885785,-0.04709384811850105,0.21590511314499417,-2.2184346263216828,-2.2194039996724446,-0.007655998528503885
16.892176866531372,0.9207834788497562,-0.501299751066108,-3.1208405196257956,0.00599431920215821,0.04053556868744665,-0.2118808916197709,-0.4671141229655964,-0.04705726465058303,0.21577665935244109,-2.21858593715443,-2.2193894803384766,-0.007703575983620099
16.900288105010986,0.8329815617280237,-0.4327069317562692,-3.1459287966288763,0.0024700222264724112,0.04302467972811396,-0.21489055712856747,-0.46710103803920167,-0.047079804075757986,0.2156493971324201,-2.2184652577531057,-2.2195828106491886,-0.007959022658191735
16.90818190574646,0.8952612114854935,-0.4123304289666377,-3.4321668706441755,0.0012496154078659812,0.04399069612421851,-0.21670058401340697,-0.4671042108626932,-0.047083827839454334,0.21553587335029667,-2.2185953820344397,-2.219578218445576,-0.007998567658124161
16.91614603996277,0.8105966593728456,-0.6730155966698159,-3.417048764117775,0.006454451673068635,0.038630765270686686,-0.2183870747173139,-0.4670842195827996,-0.04709781267303069,0.21543137457677533,-2.218628215057558,-2.2196161102363785,-0.008040740383483687
16.924281358718872,0.9911292116875317,-0.7307860892443001,-3.284709163169371,0.009148554863452585,0.04428877275108035,-0.21886722507783724,-0.4670811972229195,-0.04708759510211499,0.21534574880773802,-2.2186918428368108,-2.219626051356528,-0.008022831655506662
16.9322829246521,0.8309911533930895,-0.4140114802921114,-3.14069356611041,0.004003224570701096,0.04281111727149477,-0.21862498441584752,-0.4670810993946689,-0.047102129405717647,0.21527772068788115,-2.2185256464056984,-2.219742402297678,-0.008030934458076459
16.940260648727417,0.8822823191222658,-0.2611113456298717,-2.998744754820872,-0.0013048273058968835,0.04217129875873948,-0.21940516054179987,-0.46707126785987263,-0.047103468071111806,0.21520915543706803,-2.218589202836455,-2.2196368373845,-0.008012088655721705
16.948264360427856,0.9510625633301464,-0.5318340962745183,-2.9606170907696248,0.0029260301084563386,0.04505032559058417,-0.21381038952925316,-0.4670935953733737,-0.04707799647515103,0.21517898141144923,-2.2185730800583374,-2.2195142472232106,-0.007889211265315828
16.95632791519165,0.7798925266300077,-0.5485194624220543,-2.9728108729127234,0.004909219989222178,0.04080423676585819,-0.21716449394519072,-0.4670864101947083,-0.04708500274073657,0.21508344640941984,-2.2186162276087233,-2.2195966753069665,-0.00798301435608491
16.964195013046265,1.159345093062092,-0.637439148317694,-2.993182370893378,0.006877375052632047,0.048802315047156535,-0.22166157625683758,-0.46708822853586773,-0.047074102886087495,0.2150404858490979,-2.2186499470715333,-2.2194861454887067,-0.007883528272498462
16.972206592559814,1.2985571219968586,-0.342660760982901,-3.0677141944846915,0.0034211614087282407,0.05210359299553546,-0.20924825251518883,-0.4670998427476394,-0.04710983120386996,0.2149699256723605,-2.2185885093915965,-2.219607417104925,-0.007878476262638892
16.98026180267334,1.0394890462855686,-0.9057600983935338,-3.122261554367022,0.009999408765591777,0.0469906526791915,-0.21830799446553456,-0.46710971577353533,-0.04708473882942589,0.21495922467315826,-2.218527796159922,-2.2195094367903105,-0.007842783117871188
16.988235235214233,0.8679770126141517,-0.6964987447215754,-3.0751958149834615,0.008003937078279509,0.042562164187451054,-0.21824890625886406,-0.4671095565894335,-0.04707743994527261,0.21490223464673902,-2.2185768892533,-2.219473575168587,-0.007787522428106213
16.996224880218506,0.6669196272306552,-0.6188944199885734,-3.0951161813315773,0.007828040585323074,0.03669242897150562,-0.2117899408295017,-0.46711517021253823,-0.04707876822426235,0.21482613227280828,-2.2185490597462194,-2.219508893431737,-0.007926062923802336
17.004197359085083,0.7468338948513803,-0.3489096189955473,-3.0389995474343534,0.0021095683322325627,0.0405801196290103,-0.21812030182430714,-0.4671239597531065,-0.04709683489065238,0.21479453678512306,-2.2185063657379573,-2.219529927326609,-0.0077828366942985895
17.01232099533081,0.9939064655452013,-0.6075975479251005,-2.9483064568870128,0.006636382271009857,0.04436673754710108,-0.21619957436749457,-0.4671405000107052,-0.0470677623596682,0.21475663452219856,-2.218468651789177,-2.219469169915077,-0.007778157938115492
17.020275831222534,0.9524116667781881,-0.7132702561546017,-2.859623592998108,0.0070494281056259584,0.04379206258101065,-0.2193901596438201,-0.46714647441886165,-0.04708285089768228,0.214728529213836,-2.2184766950584294,-2.2194136323746614,-0.007754558251065106
17.028241395950317,1.0334919616104077,-0.7804213435894586,-3.066078225639531,0.009239034989401138,0.046418461118938374,-0.22161141465743078,-0.467166268516063,-0.0470787899481516,0.21469388798703387,-2.2183564623311245,-2.2194764952565493,-0.007717868096258392
17.03644108772278,0.8242985084520934,-0.4838420996788505,-2.941427731995903,0.0035124997663113647,0.040459713240763105,-0.21049931803773836,-0.467162613942186,-0.04707489981298658,0.214659236291697,-2.2183166519741913,-2.219471789908635,-0.007698135353810697
17.04621934890747,0.8175681848285884,-0.3987685980323894,-2.9715436165483795,0.002035658928872479,0.04090802690409853,-0.2108622316297011,-0.46718037902962434,-0.04708384495898506,0.21461793037168855,-2.2183746244356697,-2.219431603227261,-0.0075922887298165475
17.05425763130188,0.7959262394241259,-0.45825686698975077,-3.0372659725692674,0.0015439270989523518,0.04043936553997467,-0.21085492881813694,-0.46714119479403743,-0.04706828959035901,0.2145309598341969,-2.2184594324961737,-2.2194402519254655,-0.007781620106118647
17.06239342689514,0.4014782817922236,-0.25812116239622535,-2.6997684785617615,-0.002150838807771349,0.0332367892829573,-0.21525504393065217,-0.46714843947459456,-0.04708878491354051,0.21446920667774055,-2.218437212965076,-2.21950772750155,-0.00768625077340837
17.070364236831665,1.0430439796030513,-0.6969042724716391,-2.7514971702877276,0.008833944914463963,0.04717836315591163,-0.21801750515864143,-0.4671542777797684,-0.047066991016214386,0.214409868812192,-2.2183870589154915,-2.2194140907488737,-0.007726237325790179
17.078336477279663,1.1507673544659207,-0.6171847752916002,-2.898106235874947,0.0051998351802660285,0.05035595007435499,-0.22144530002110424,-0.46715316959225534,-0.04707769330949072,0.21432561476560902,-2.2184037674422536,-2.219380432686935,-0.007724462563809406
17.08614158630371,1.2495611841152372,-0.7587726342615908,-2.8542150364815093,0.01083543738999467,0.04855182368412416,-0.21646260471245388,-0.46712072019483986,-0.04708211932170772,0.21422243918508377,-2.2185123173845476,-2.21943572187491,-0.00774515889010173
17.094164609909058,0.9867314300191113,-1.0026259540963478,-3.053539110037356,0.018297449276761496,0.04739781348408212,-0.22049242493315607,-0.4671260912306051,-0.04708144486408509,0.21412878863180757,-2.2184279184985587,-2.219473546921795,-0.007808824750896018
17.102275371551514,0.8699519596628195,-0.7855449419254591,-2.954243527060731,0.009353382169314525,0.0436133780026276,-0.21627671129029147,-0.46713597300672066,-0.04705894598225368,0.21404486590281568,-2.2185288788139705,-2.219402241769022,-0.007806487883787017
17.11028289794922,0.9079580695754002,-0.904993361241644,-3.053615174479971,0.008874017142282921,0.041582470549937696,-0.21917617084754715,-0.4671321840055088,-0.047064110772585946,0.2139596787007773,-2.2185082332517734,-2.2194222610601138,-0.007795361190951198
17.118267059326172,0.9887679009382337,-0.8126447583546003,-3.052830526311399,0.011819188499095213,0.04118045978611665,-0.21952287822524105,-0.4671291604320702,-0.047082576558170025,0.21388716091751672,-2.2184271377699676,-2.2194798902408865,-0.0077889397274298
17.126234531402588,0.9688679949201414,-0.7735809806495308,-3.2127618989390085,0.006408545149400307,0.04494980264792515,-0.21254918707439133,-0.46713211191130455,-0.04707717821692381,0.21380110916100517,-2.2184605337329923,-2.2195047388318563,-0.007896909268715759
17.134235620498657,0.7661060816045934,-0.48993993438356065,-2.98010857802629,0.005634316859822631,0.0416146341387925,-0.21853921831175158,-0.46712914361290375,-0.047086602282047696,0.21373989842355076,-2.218484011519948,-2.219448691736461,-0.007884675232505875
17.14231514930725,1.0699972205318833,-0.7668125798248735,-2.918548104695569,0.009454968060318923,0.045257943168778646,-0.2180759196818049,-0.4671363411192698,-0.047060629406117584,0.21367414983338315,-2.218462532943811,-2.2194694990433743,-0.007819451223869572
17.15019965171814,1.1057421456817762,-0.6922147486034852,-2.864444772022022,0.005820479798373988,0.04877133146957964,-0.20967683986858568,-0.46712754775695814,-0.047092171003152244,0.21363588462902683,-2.2183449875466144,-2.2195798965170686,-0.007710796988054083
17.158218383789062,0.9698652751596522,-0.9432687276074954,-2.9006405124548866,0.011353606380900024,0.04376051295827409,-0.216789263404902,-0.4671285828091044,-0.04708372390508363,0.2135686041792801,-2.2183869775033602,-2.2194936773969474,-0.00776871580434938
17.16621494293213,1.1735650846394343,-1.0576780268131878,-2.8433633126386852,0.014462690545912706,0.04790366833072891,-0.2235677901192299,-0.46713830093092007,-0.04708100578560554,0.21351401807449977,-2.218423713982138,-2.2194801241115667,-0.007730371131245487
17.17423176765442,1.2423687120939906,-0.736229533094793,-2.9763319613851085,0.010395958789009542,0.05078289897520277,-0.21771960055012207,-0.4671500745280264,-0.0470731926858378,0.21345205670411135,-2.2184694612219102,-2.2194240404406216,-0.007689744223090146
17.182265996932983,0.8079056813878868,-0.37151997132013204,-2.9414253979013183,-0.004298526590133723,0.03981435140311054,-0.21763868163381625,-0.46716495000381175,-0.04708204255073916,0.21340233303882988,-2.218361752755424,-2.2194340447163103,-0.007779215472773202
17.190312385559082,0.8834195658728277,-0.5266827427204582,-2.9841488758825654,0.002495426193405705,0.04038323091384935,-0.21684041857924435,-0.4671737275963145,-0.04705633758823963,0.213345419936593,-2.2184426208703067,-2.219365464753381,-0.007684095856777592
17.198248147964478,0.8602516138260616,-0.6452628358121694,-2.883333519531939,0.004640871334419504,0.04336501280500496,-0.21317080343555814,-0.4671659772734991,-0.04706851943333552,0.21331302502146288,-2.2184121711951454,-2.2193910338074834,-0.007693953625863335
17.206358671188354,1.0236551866463655,-0.570597058138947,-2.9137279121489548,0.004804320739117175,0.04687008211664178,-0.21495627050981017,-0.46717977208972367,-0.047054724758984236,0.21326080903295985,-2.2183754413622645,-2.21939082437236,-0.007664186645508397
17.21425986289978,1.0022407863660807,-0.4326919927578412,-2.968652495057262,0.0030087621535633317,0.04460180371009032,-0.21477726048683535,-0.4671427203366905,-0.04707552608898753,0.21318503987496823,-2.218441901194235,-2.2193863554454856,-0.007771340735980592
17.222280263900757,0.96889939906317,-0.8181737962871302,-2.7947791698195017,0.011679352198760793,0.04456160973331901,-0.21578700757244082,-0.4671578506555895,-0.04708257703976689,0.21318342259573755,-2.2183338525911656,-2.2193759697177113,-0.0077377936194347715
17.23033118247986,0.8600666111904278,-0.939367138491196,-2.8040283567704276,0.013075106115830095,0.040750044144353355,-0.2202679639925315,-0.4671781589603612,-0.04706944475279432,0.21315341768602702,-2.2183054968447804,-2.219396266713218,-0.007627949794172834
17.23836874961853,0.8379568284362005,-0.6061810510164876,-2.8346307221625464,0.0037038851354608622,0.04172528157752972,-0.2190903751711609,-0.46718349851662266,-0.04707721223693262,0.21309569505346393,-2.2183309756014435,-2.2193673892704826,-0.007601846637480025
17.24637794494629,1.1004066795188086,-0.6576162425808528,-3.0612986617014557,0.009548411749955472,0.04782331500713521,-0.2178227633055254,-0.46720318275093226,-0.04705401071130726,0.21305790954358822,-2.2182768416948906,-2.219436788162643,-0.007634569920269608
17.254343271255493,0.8618031310729934,-0.47853664147023245,-2.9944779879867807,0.005002629630518881,0.03905393600840368,-0.21805504575616153,-0.4671967530760629,-0.0470742693041655,0.21302252071035102,-2.2183199812976766,-2.2194069961541865,-0.0076045627698805
17.26225471496582,1.0963284992257982,-0.5224343594221866,-3.0034121891564562,0.005482263384808412,0.046423073917557296,-0.21636944705126415,-0.46721630896420596,-0.04709294346471002,0.21300228063611337,-2.218226150172968,-2.2194313414078453,-0.0075507559189117324
17.270280838012695,1.0671142070621036,-0.8331941459587607,-2.9860174937456216,0.010753651616567736,0.04571258789489906,-0.22172574426033148,-0.4671962964306563,-0.04705605113039099,0.21294042666884666,-2.218395358542606,-2.219319827937962,-0.007589466594703359
17.28028416633606,0.8748452106332418,-0.5599067873710718,-2.976269070170117,0.0025552284872043347,0.04219480605650674,-0.2144641239716224,-0.46719233187443293,-0.04709873518210204,0.21291122917394306,-2.2182507229563613,-2.219439360476333,-0.0076577593154081285
17.28823471069336,0.817436597620418,-0.24394769365621277,-3.1683862426321596,-0.006148472184098718,0.038290938376889495,-0.20908090981569474,-0.46721157487247705,-0.04705760196365358,0.21289512731883733,-2.2182925449614737,-2.2192820976091014,-0.007577771912770598
17.296155214309692,0.5380898812515472,-0.3232648401318815,-2.7389116253711587,-0.00019038860941297545,0.039321033450578274,-0.22365026313622688,-0.4672062719787562,-0.047069984333884866,0.21282860181232388,-2.2182876656506574,-2.219364732374718,-0.007564552912070113
17.304248809814453,0.6715417239832941,-0.5305008237662098,-2.9800913251877237,0.005123173507593909,0.039994940129251214,-0.21471598665675617,-0.4672041084931046,-0.04707699645367722,0.21274167607938974,-2.2182715367581354,-2.2193841980784943,-0.007483534868391393
17.312368392944336,0.8256134022485139,-0.4582435820751051,-3.0079901174777564,0.0032256352213188184,0.04033235904636262,-0.21372495083703907,-0.467180399069679,-0.047071384052181656,0.21266104639682942,-2.2182812841627126,-2.2193823710779235,-0.0076165173816836965
17.32036018371582,0.9847558497283568,-0.35619845590338767,-2.947544184085719,0.0008046944235487656,0.04118209032721574,-0.21758167251002197,-0.467183780738798,-0.04705104063517589,0.2125578523554501,-2.2183321054345653,-2.219324149323966,-0.007590569981824951
17.328333139419556,0.7305528312732934,-0.8694936848389359,-2.8811706313160865,0.012046727659227707,0.03812059254739864,-0.22783673138690766,-0.4671697000613075,-0.047062579940546426,0.21244734734516374,-2.218341315870377,-2.21938701007203,-0.007691009426387248
17.336230278015137,0.825012117146387,-0.2695083840379075,-2.9625952225533094,-0.0037121046220895634,0.04020330015566186,-0.21207067730689771,-0.4671667226680345,-0.04707469834246708,0.2123305410304333,-2.218343455232991,-2.219556029786829,-0.007717212469603719
17.344367265701294,1.0468192579459366,-0.5827785149081607,-3.113445178564229,0.003544697223346721,0.043884165967468816,-0.2145546736905949,-0.4671471482074288,-0.0470676854960432,0.21223714755015186,-2.2184780419955565,-2.2194593358347157,-0.007810899447048862
17.352263689041138,1.0921255679474677,-0.599585356153114,-3.1464464632453453,0.001524047437384468,0.045566412274653426,-0.2185202107630964,-0.4671370258931683,-0.04707955857614265,0.21215032115323237,-2.2184801523646556,-2.2194977734364914,-0.007825855480833073
17.360326766967773,0.6462524367449767,-0.7529664499054528,-2.9452276418697685,0.006626959380043777,0.03747260940140123,-0.21646173645167202,-0.46715395009137267,-0.047082904041884296,0.21208527823075426,-2.21838167112369,-2.2195567911070784,-0.007785622787723731
17.368325233459473,0.9958356000241454,-0.806941138338982,-2.949145814675544,0.01087355090695107,0.04391066892992879,-0.21341226781750955,-0.46715335735878877,-0.04707748122514069,0.2120307872258003,-2.218420760479439,-2.2195171682126533,-0.0077517312996700566
17.378268718719482,0.7911295741236212,-0.4669156349529399,-2.895345082560393,0.0044522620583650335,0.042650433314355446,-0.2159755514723795,-0.467157398008601,-0.04706741617593367,0.21197579228474941,-2.2183631568427185,-2.2194879215561487,-0.007723519224484733
17.38627576828003,1.0521840805255984,-0.4027392256492258,-2.8779888384193266,0.0034033640637121582,0.044840679295101965,-0.2223365663729984,-0.4671834537215225,-0.04707121628530122,0.21191310225405735,-2.218293753706197,-2.219455387457799,-0.00768914303510655
17.394088745117188,1.3184986567212091,-0.6255626516678675,-2.598078026005702,0.004941348902256699,0.053208437264121444,-0.22526806728128698,-0.46717433765672867,-0.047069744143553895,0.21182179859742908,-2.2184061875614534,-2.2193990101189427,-0.007692145567069085
17.402345418930054,1.1070230986776846,-0.5313913990424626,-3.0153935702465904,0.0039005336151704756,0.04591379426671033,-0.22095013200570626,-0.4671555277902828,-0.047081457666963505,0.21171772706118475,-2.218415591744685,-2.2194841899708333,-0.007753553571925031
17.410298585891724,1.0412782588817517,-0.6224637739528088,-3.023828581775922,0.005948700146728202,0.04533354083500448,-0.21713027658769618,-0.4671651006092912,-0.04705784407519018,0.21165650336488123,-2.2183928381711224,-2.219437082675167,-0.00768995235942575
17.41828966140747,0.9555767440546673,-0.2700069911738136,-3.0215454350569875,-0.0035686224508880947,0.044574505766326294,-0.21952803926435785,-0.46713377318329324,-0.04704322420701311,0.21152083923588777,-2.2184688255356373,-2.21953437211392,-0.007858205557767872
17.426342010498047,0.967529193942428,-0.6214838493790715,-2.9225723152944085,0.0062554964772151625,0.04599208968165683,-0.21654065593670388,-0.46715975442179236,-0.0470678143258111,0.21147569729946528,-2.2183541875241337,-2.2194669314868993,-0.007803740277668471
17.434319019317627,0.9654794273409699,-0.3606909487468877,-3.2260528811654487,0.0012392995154617617,0.041498760067016985,-0.21341656238610854,-0.4671741008295186,-0.04706837631507168,0.21138241081196715,-2.2183711018266563,-2.2195317922002604,-0.007769290400363242
17.442363739013672,0.9100333033095829,-0.6379011612513369,-3.0596720013712706,0.007090471269683977,0.04321597401429651,-0.21509850428285646,-0.4671572198167101,-0.047063297540893334,0.2113203778860821,-2.218413265520313,-2.2195020594901913,-0.007691248482877145
17.45032525062561,0.8776792336166989,-0.262772854648898,-2.969589501371039,-0.0005723504436704682,0.042418491884614475,-0.2144319609374018,-0.46716268054554533,-0.04705782477534444,0.2112460916455396,-2.218364106854148,-2.219464619612967,-0.00774834674956625
17.458162546157837,0.913399749803381,-0.36525970672775765,-2.8915168792744756,0.004362623662942239,0.045349871653693724,-0.2161792282023874,-0.46714489766892686,-0.04703838030944975,0.21118242381229424,-2.2185151379197974,-2.2193551632971533,-0.007755492022100178
17.46625518798828,1.0379832231346406,-0.6998035379967038,-2.9139484575662307,0.006121861681546436,0.0464425069763597,-0.21847810100382173,-0.46715081014561205,-0.047084235060710466,0.21110733595372788,-2.218318639546245,-2.2195226505907226,-0.00776854474524035
17.4744074344635,0.9925069655433564,-0.6820471605669932,-2.9327782244180356,0.007689243982944629,0.04659279287136924,-0.2171837693155707,-0.46715476639002335,-0.047061717283463936,0.21102386609109824,-2.2184075384914426,-2.2195131028221438,-0.007812576856188393
17.48434543609619,0.7530002047136106,-0.6879521465653073,-3.0179826393017053,0.006837198546042059,0.039451160659638204,-0.21577157422739823,-0.46715973039225456,-0.04706730232336823,0.21098619871210372,-2.218390673347764,-2.219463974744161,-0.007683332311106904
17.492162942886353,1.1769154814907812,-0.6981650043960063,-2.8971918469045246,0.0070199587883998955,0.046720242780571186,-0.2146505452311339,-0.46716508344499413,-0.04707798676084765,0.21090891867936568,-2.218359368923949,-2.21945496964268,-0.007718522326839089
17.500386476516724,0.5206459841948965,-0.6214070289499543,-2.848937295175743,0.008929205415406984,0.034727758260996125,-0.21916417100277485,-0.46717106979642803,-0.04706005537297673,0.21083674289323553,-2.218406010944683,-2.2193916069158597,-0.0077036132746368625
17.508501291275024,0.8944403961125351,-0.6260466215144189,-2.8126092099827993,0.007059200357171557,0.04156022743326005,-0.2190068333187968,-0.4671742056679555,-0.04705515458434332,0.21076793907958585,-2.218324378655899,-2.219458223538403,-0.007628193014381917
17.516185760498047,0.9875757890723745,-0.6708088837358925,-2.8437480205447363,0.008229770278606706,0.04241102007755883,-0.2170007466089442,-0.4671843636935957,-0.04706699754927481,0.21067910909785253,-2.21828393600835,-2.2194549832855306,-0.007732486271682966
17.52427363395691,1.032701606916251,-0.5628554656648441,-2.8844594449088725,0.0053955758269242865,0.045256224930239175,-0.2209530893962963,-0.4671468426069806,-0.04706593607264472,0.2105815376102189,-2.218369398312654,-2.219479884409484,-0.007727636307791987
17.532262563705444,1.1040628270582755,-0.5815825843546905,-2.9137639789193717,0.005479493463638095,0.046791964177373094,-0.21820943962430212,-0.46717698910894545,-0.04706189979311732,0.2105141307131378,-2.2183700553416568,-2.2194570093842123,-0.007680609290393617
17.540191411972046,0.627273540557519,-0.4704907738548142,-2.9055301270788108,0.0036737615271753106,0.034918321831132144,-0.21973402571422115,-0.4671738067194697,-0.047042288799544626,0.2104162242816221,-2.2184541536149713,-2.2193956888408577,-0.007723491717895576
17.548253536224365,1.027277529879284,-0.6451526434641035,-3.0007673179479357,0.004916445101306191,0.04554932120993974,-0.21646822374359678,-0.4671695041469583,-0.04705450483731531,0.21030636244388562,-2.218445589487946,-2.219486093355553,-0.007832460081610726
17.55616283416748,0.8079506518206101,-0.35678269835454823,-3.147217208260339,-0.0009799218788923314,0.04193631484507802,-0.2175966233043164,-0.46717218179438535,-0.04704893969918883,0.21024132723691435,-2.2184633276141317,-2.2194993405060917,-0.007805217766215712
17.564171314239502,0.7850162151355546,-1.0194984605162256,-3.0997463582353344,0.01465773212035782,0.04324681487258598,-0.21579159780953208,-0.4671560837003958,-0.04706984858238401,0.21016667039866993,-2.21840920103484,-2.219513260588113,-0.007795745479660386
17.572389602661133,0.9871604217505929,-0.46428210642666384,-3.075510655988126,0.004421731702323685,0.04418251780876115,-0.21794233997290313,-0.4671779215872406,-0.047046888265838145,0.2101226756813082,-2.2184112404575353,-2.219498571657035,-0.007746643526064958
17.582156658172607,0.7156453732506115,-0.36745338088356344,-2.9258905954305674,0.001456777316630169,0.03718653873382006,-0.21889174783798035,-0.46719251107379406,-0.04705369302273051,0.210074560523676,-2.218373134538972,-2.219417755950672,-0.007692218168422165
17.5902898311615,0.7353001973442486,-0.6781317934695874,-3.1963239851569436,0.008157290506892524,0.040169164964057376,-0.21639086645272376,-0.4671712520686956,-0.0470675840882539,0.21001418874608807,-2.2183123129245073,-2.2194868719726375,-0.007696718926678021
17.59821844100952,0.8703252166638862,-0.2530239210294902,-2.847767488814044,0.001385164093422089,0.042547336894201114,-0.2228523018808937,-0.4671957716046669,-0.04705842115734832,0.20994303749004217,-2.2183279937750195,-2.2194422644557656,-0.007617941998533814
17.60616374015808,0.9021045262046107,-0.4275547059840071,-3.196305858599583,0.000772597905813613,0.04484819173339972,-0.21754057740077412,-0.4671767219996329,-0.04703948109164008,0.2098435008457105,-2.2183561823907874,-2.219408794536606,-0.007696499702777045
17.614396572113037,0.7469077075326516,-0.40961919752499987,-3.1189245926010702,-0.00018425918898007227,0.039016559299770284,-0.22161589625196523,-0.4671803946093252,-0.04705756494480915,0.20977969071842062,-2.218356855260351,-2.2194452379402057,-0.007620265666300836
17.622215032577515,0.9083410560427909,-0.35883558720797687,-3.0451377945331424,0.004371140506571954,0.04245419143684298,-0.21296159936900586,-0.467167509410499,-0.0470585912334255,0.209684136797126,-2.218310440241234,-2.219459979957371,-0.007626791708715464
17.63016390800476,1.0293342659222329,-0.4410243857460724,-2.935159089703996,0.0012018457831392232,0.04502669935072416,-0.21671431952683642,-0.4671831658841106,-0.047055463893093945,0.20958839248721323,-2.218377359917716,-2.219389681575985,-0.007690783461091612
17.638220071792603,1.0753261509366365,-0.6779225667530939,-3.0205835949512596,0.005742784272714596,0.04643374247942412,-0.22166242655889565,-0.46719226679900394,-0.04704528838177224,0.20952569638143442,-2.2183340366233795,-2.2193768515913517,-0.007677783085475567
17.64633297920227,0.9901016855772771,-0.5870404772013387,-2.946718899839772,0.00312259007087175,0.04347209295092663,-0.2210353906239555,-0.467167843520743,-0.04705193231427448,0.20940813068094458,-2.218384027009838,-2.2194836822376582,-0.007794775915773791
17.654319524765015,1.0386567869001315,-0.8030145912259656,-3.008500956812496,0.0094029906935616,0.043789972936588005,-0.2187622231716742,-0.46717544397566235,-0.047064084682033755,0.20935198378923298,-2.218278490353391,-2.219544131654818,-0.007680231566358496
17.662230014801025,1.1199846334783314,-0.8843813430660976,-2.9669806340882032,0.013809199206959158,0.04930726952064381,-0.22242254077182178,-0.46718349257464853,-0.047049073258069854,0.20927223778426235,-2.2183886830533535,-2.21943959824158,-0.007697781357236701
17.67033815383911,0.7792520090469572,-0.9338087189874306,-2.9198243637590133,0.012202099587055051,0.041490182418018585,-0.22182313998097056,-0.4671898987157856,-0.04705196590823563,0.2092337333007118,-2.2183148679311597,-2.2194591522547924,-0.007655033617708607
17.678122520446777,0.9400335248149073,-0.7009179568518533,-2.717311522956067,0.007630206009263644,0.04161727899469604,-0.2229404857260434,-0.4671701817879584,-0.047065314769133566,0.20917020930456598,-2.2183133570369638,-2.2194681861406456,-0.007626930790518253
17.686160564422607,0.9850831088469857,-0.38848581938863375,-2.918150928799947,0.0006361587467874712,0.04545900119788311,-0.21830879357222785,-0.46720749810606316,-0.04704223336621879,0.20911006793416315,-2.218344663490976,-2.219426924249885,-0.007600518415941042
17.694313287734985,1.072309844924618,-0.8800183536876723,-2.9165397818018266,0.011268917341549398,0.04645056440393304,-0.21823826621733383,-0.4671852111030813,-0.04704686658422126,0.20901129178426708,-2.218340769267665,-2.2194785943920823,-0.0076980144869169854
17.702147483825684,0.9765380458225736,-0.6523680824158831,-2.9292807468932467,0.005625509542792658,0.04548165569270115,-0.2222688632715156,-0.467192895541747,-0.04705532924318588,0.2089772064542071,-2.2182620904437975,-2.219509932714728,-0.007694449233301781
17.710238456726074,0.6064289616427975,-0.5925858654974185,-3.066108977350741,0.004402350367661435,0.034578627745361204,-0.22153999078241898,-0.46719507864024173,-0.04706482740905,0.2089294852996331,-2.218208118070998,-2.219560168242808,-0.007618261743716129
17.71829628944397,0.9148809319040108,-0.7191050415086122,-2.9763747927504713,0.009239305563720848,0.042975928069284554,-0.21783815780735352,-0.4671961469912079,-0.047054606054218504,0.20887670570680422,-2.2182773464236347,-2.219445753534384,-0.007663052886521819
17.726206064224243,0.9019225963338381,-0.4996702392658241,-3.079239852422508,0.002525683540155061,0.042701969060911865,-0.2191088804566737,-0.4671951048544462,-0.04705800264795565,0.20881288264961595,-2.218285819459292,-2.21951195899403,-0.007661221368019148
17.734298706054688,0.5064474461893992,-0.6022111788271834,-3.0991959099871385,0.008116193605010664,0.032222735329812825,-0.2219763966498149,-0.4672081257932776,-0.0470511977819915,0.208798545641111,-2.2181705851173485,-2.219505489425718,-0.007581973673873513
17.74222159385681,0.9633468923761221,-0.4257223641626169,-2.98552106133722,0.002041717796782221,0.046160528566748744,-0.21704032849378985,-0.4672006298584681,-0.04705000789293303,0.20869763658209267,-2.218199456265938,-2.2195749231553377,-0.007670978864669758
17.750205278396606,0.632030281029919,-0.2164384700322809,-3.1145638908652056,-0.0003859147389742951,0.036771243623143705,-0.21343719954665133,-0.46719884966381886,-0.04704638415224759,0.20865020977859272,-2.218271758277812,-2.2195088115651793,-0.007714405491984576
17.75813364982605,0.691522341893972,-0.7406778139738912,-3.134079295812456,0.007652466481863056,0.04009067053914584,-0.22671761135634916,-0.46722561005049246,-0.04705526722518737,0.20864800473396267,-2.218229033873138,-2.2194866336613734,-0.007547128731662141
17.76621675491333,0.8286731919333238,-1.0175349199819084,-2.9903235110452875,0.01695516939853612,0.04286561155168842,-0.221048754400275,-0.4672027557008342,-0.04706046188484252,0.2085756013879471,-2.218220679029566,-2.219532008992198,-0.007659888549374255
17.7742862701416,0.9534506813913306,-0.8405044681464728,-2.896213574522207,0.010949146043520402,0.04574501489290956,-0.2199002319645082,-0.4671988373963032,-0.04706670305619479,0.2085171191275398,-2.2182008063191394,-2.219625839372135,-0.007651270576485571
17.784271478652954,0.6610788516602552,-0.4105561420618276,-3.01518370963695,0.0014370011557099198,0.03543776451756789,-0.21910624277375199,-0.46722097088719444,-0.047021064131306745,0.20850616501025243,-2.2182905027183804,-2.219388272512637,-0.007583841810945203
17.792187690734863,0.9202971048500248,-0.7443513512412506,-2.825998649073909,0.007413325766201419,0.0425531108193154,-0.2227220111206541,-0.4672078811458831,-0.047037500994203334,0.20844204655014054,-2.218304657276451,-2.2194653641517132,-0.007634724399121266
17.800267696380615,0.7069597684685569,-0.5640575400061432,-2.5569320882759894,0.003787762967281059,0.04030185054577284,-0.22159804830451826,-0.4672372929595454,-0.04703403410601777,0.2084127763986054,-2.218203355958993,-2.2194171669611467,-0.007528334583100358
17.80822730064392,0.9110946260570658,-0.7495378712458641,-2.4592919533005713,0.011491827568192557,0.046466242983064426,-0.2226216113729794,-0.46722268557213176,-0.04702623166518299,0.208321019198432,-2.2182686722249483,-2.2193707660132427,-0.007596558619337957
17.816301107406616,1.1580193140142019,-0.513383757183506,-2.7421989553194797,0.003204861078562006,0.04868802410383217,-0.22236299391108383,-0.46721596335057514,-0.0470350050901682,0.20822835129283795,-2.2182907798191764,-2.2194238835398425,-0.007626143835993651
17.824296951293945,1.0291386496825723,-0.6740698717136716,-2.7270307401321663,0.006884143820825331,0.045785455963462215,-0.21907919038679902,-0.46718627206360086,-0.04705755212621335,0.20811490883755335,-2.2182740703247816,-2.219556370842954,-0.007642408250035912
17.832214832305908,0.9140495042966528,-0.39464918625272705,-2.980517932652195,0.0010440840301987081,0.04158821943778552,-0.21725572715284736,-0.467170185564551,-0.04703652045582991,0.20797236109686815,-2.2183564890823257,-2.219580982325398,-0.007797867231472906
17.840185165405273,1.1187620131291658,-0.6820151783198024,-2.989925661650014,0.004490631249284359,0.046997158557062345,-0.2213613272310356,-0.4671707078609416,-0.04703736618915894,0.2079035911576398,-2.21844323868487,-2.219546778879838,-0.007813471455360259
17.848244428634644,1.3725377401427994,-0.9035341244974558,-2.910866486225945,0.011643168258121539,0.05324727534919154,-0.22211182026160387,-0.46717124033297447,-0.04704954751759807,0.20782254377696333,-2.21835574108237,-2.2195559793397264,-0.007813842662820508
17.856252908706665,0.9014469771583992,-0.8116939500272564,-3.039015563215848,0.007975486034561828,0.041222857640567954,-0.22482014619856788,-0.46718326326262466,-0.047060602713832465,0.20773835800540658,-2.2183415015082923,-2.2196318685838348,-0.007747750874316104
17.864163160324097,0.8787480781929089,-0.5043410938208949,-2.9496581288446917,0.00414077858053644,0.04417439982461166,-0.22308778192768638,-0.46715013374670156,-0.047055708068384466,0.20765676429543617,-2.2183710686720106,-2.2196288592175097,-0.007845713107397272
17.872318506240845,0.8117464606262706,-0.33531713507564487,-2.780109182989094,-0.0009549290106310341,0.040707147707712055,-0.22251424296859482,-0.46717181873485586,-0.04703467403807691,0.20763810454691334,-2.2183873226294812,-2.2194557465786677,-0.007730167363431613
17.880233764648438,1.1674434415243866,-0.8872196128284727,-2.8461571288014182,0.01070452088298927,0.049832126839662504,-0.2236183179432893,-0.46718166124227334,-0.047039679219287665,0.20755628594982944,-2.218371069944093,-2.219514612457104,-0.007737879852666668
17.888296604156494,1.0915666174586145,-0.9556056323555512,-2.7606637801196263,0.013346119107588927,0.04752278147999384,-0.2190995099693971,-0.4671835841692091,-0.04704892594652896,0.20748920510322416,-2.2183779802376904,-2.2195054505698235,-0.00773422131813413
17.89628005027771,0.7385556956479877,-0.9370012766743657,-2.781367598756638,0.011278733844566445,0.04034426431403554,-0.21619285740023406,-0.4671946965420015,-0.04703170235509597,0.20743126998237504,-2.2183610389640065,-2.219507066630857,-0.007729053549035555
17.904550790786743,1.1023575577773073,-0.6425272243388013,-2.932255510609708,0.006276185018302916,0.04529393668864681,-0.2197066633518339,-0.46719333500484034,-0.04703552962505412,0.2073937709915013,-2.2183167733066425,-2.21944524688823,-0.00768648925644785
17.91223406791687,1.0484915991286126,-0.493115021140444,-2.917078077120325,0.0010654730335597795,0.04590474224589851,-0.22183836031440085,-0.46719488536309023,-0.0470351088097946,0.20732544397225985,-2.218317571111045,-2.2194764748973435,-0.0076863692673333085
17.920234203338623,0.8769894057882851,-0.5658418593609664,-3.0138323436163996,0.004364863707649872,0.03989628423507675,-0.2206715725419453,-0.46720481532577246,-0.04701930731360481,0.20726006791838897,-2.2183924542995648,-2.2193997070952247,-0.007697647227456154
17.928216457366943,1.3902465931847297,-0.5378682201167662,-2.6944598514172644,0.003290852291402945,0.054574872932157625,-0.22182737897917987,-0.46721462190832463,-0.04700841897219164,0.20720133145802683,-2.2183892154224365,-2.219460245210946,-0.007730978129701524
17.93618106842041,1.1995912849560568,-0.7731160037526628,-2.783838057862332,0.012984972703652958,0.05221886677399187,-0.22423591454542466,-0.46720535134979224,-0.047049356806077726,0.20716403353132265,-2.218317115895673,-2.219519537346362,-0.007697234532259009
17.944225072860718,1.0144131081708176,-0.455823770767261,-2.906682022680437,0.0020674992367927794,0.04266316414922516,-0.22001783310185763,-0.46721917788085676,-0.04703834032983666,0.20712344669179134,-2.218289028313495,-2.219526497721627,-0.007663536341755233
17.952289581298828,1.1485292237897455,-0.9566234880195131,-2.6921098248599544,0.009766302013941462,0.04633560859112739,-0.22408637561593742,-0.4672278221155423,-0.047019293417612754,0.20706820636864462,-2.2183589804408936,-2.2194541529797753,-0.007637344284673324
17.960326194763184,0.9142555024569063,-0.5388597023322413,-2.8140650662019038,0.0016812239946626243,0.0406095871179639,-0.21946985844852207,-0.467216332791821,-0.047067036282219456,0.20702546153552223,-2.2182374326917884,-2.2196172595877526,-0.007668046415932599
17.968238353729248,0.9443296408980678,-0.5227925473382429,-3.0686321629473667,0.00492004685608682,0.04447746144469823,-0.21889213269031071,-0.46723535503415436,-0.047053882963213015,0.20700254614346972,-2.21822101904344,-2.219489779081274,-0.007587863676621676
17.97630500793457,0.93032845604079,-0.7738533023879152,-2.9364262766599176,0.010284873496196098,0.04404585200893642,-0.2155654918394697,-0.46724029618672314,-0.047041423489325225,0.20696715007903113,-2.218293353060413,-2.2194528632907544,-0.007622276053840576
17.986305236816406,0.7296340396525894,-0.8460537863669708,-2.7909580656283848,0.010895463139599305,0.03870259806765223,-0.2214851380791013,-0.46723606768419024,-0.0470071156985379,0.20691008958645207,-2.2182818787468435,-2.2194377519601405,-0.007668489981404844
17.99425745010376,1.277261779621662,-0.9790888743624275,-2.973327105862413,0.012600809247705604,0.04917897584043688,-0.22352828229068292,-0.46723902307801457,-0.047045342690833346,0.20684149937924734,-2.2182257706018045,-2.219569768826361,-0.007594628782726668
18.00224757194519,1.1127173099211884,-0.7285945737181222,-2.7539567548405697,0.00801478670358574,0.051591427728641934,-0.21646726770948935,-0.46723651681994555,-0.04704848172758906,0.2067897208501715,-2.2181834504471247,-2.2195396179651206,-0.007631252977085944
18.01030707359314,0.9457087035865246,-0.5370396268340798,-2.872730289544019,0.003350823763392055,0.04325868886459112,-0.21587586121004046,-0.4672106888566438,-0.04709045068520415,0.20668362050912456,-2.218188751508843,-2.2195914534544174,-0.007614484181308062
18.018253564834595,1.0525446933633946,-0.8746395052021438,-2.894148683490848,0.014549516914303397,0.04575836459328251,-0.21921329863349454,-0.46720586587166685,-0.047026927004905544,0.2066254996775137,-2.2183073371114403,-2.219408404337013,-0.007588620181996892
18.026183366775513,0.7728068764483185,-0.44761822940485596,-2.9447126271760795,0.0036367334893263464,0.038388188219341146,-0.21990264713115068,-0.46720844464099354,-0.04705517470150234,0.2065276433916765,-2.218181137393443,-2.219590399709469,-0.007651568010457093
18.034277200698853,0.8771277640000276,-0.5866636951531518,-2.8672382292637586,0.0072966241738026795,0.04051530377801663,-0.21661110491253177,-0.46719835448885294,-0.0470360162399009,0.20641898553722973,-2.2182365890364206,-2.219602082442105,-0.00774821534436318
18.04220223426819,1.0876601938766999,-0.873792611631039,-3.040938803083052,0.012115285835437611,0.04743137805891111,-0.21985226709157427,-0.4671648621396128,-0.04704945884635493,0.20630177322864768,-2.2183708103297937,-2.219603951853157,-0.007832721845508931
18.050265789031982,1.073209452939301,-0.9754996925449991,-2.9945908299940243,0.012072832247927115,0.04263193414661476,-0.22490923972771953,-0.4671886467585715,-0.0470312001585712,0.20624219129979696,-2.2183683921959254,-2.21954814800714,-0.007834706262188774
18.058294773101807,0.7929202200064043,-0.5472341125314515,-3.089245875950652,0.006372668906702597,0.04188114122836108,-0.21754850349979873,-0.467209936228973,-0.04703240596091454,0.20618578108105462,-2.2183131898091775,-2.2195413586461754,-0.007728184721344217
18.068340063095093,0.7717549384763573,-0.5031563976519696,-2.887602395229255,0.0030830472515211895,0.03973513958111895,-0.21585973523726787,-0.467202071348761,-0.04704260511416832,0.20611394704519181,-2.218321123663969,-2.21955367768169,-0.007656851679862701
18.07833766937256,1.0310033968840902,-0.8816712029408968,-2.7538754450319662,0.009452180127913051,0.046021788469071775,-0.21780693915462765,-0.4671981902399986,-0.04704727525238484,0.2060265100064224,-2.2183482648238737,-2.219561085573802,-0.007640735114733253
18.08618927001953,0.6935945766709156,-0.7095720146039723,-2.8706195527140492,0.006513170030724625,0.038925419599239654,-0.22064701858663782,-0.46720564794545505,-0.04704895783176415,0.2059622948195854,-2.21822976810376,-2.2195295531681545,-0.007582847725960074
18.094282150268555,0.7506490321507737,-0.6215441930259462,-2.815844909526277,0.005822711058883917,0.03918453837342058,-0.2206466934669085,-0.46720035231803486,-0.04705324979016229,0.2058736085217229,-2.2182364336380047,-2.2195735613570675,-0.007590940390749358
18.102267503738403,0.9485433638285914,-0.6233923798824417,-2.8576110698481396,0.004223013633449131,0.04326574476521207,-0.21549017300457043,-0.4671905792909486,-0.047073630184193416,0.20578347261031954,-2.218160996492693,-2.219589720335843,-0.007620146423566226
18.11020040512085,1.0067310142755272,-0.6875825816322958,-3.0000639211135587,0.006060506097256099,0.046742352046820534,-0.21629645193908573,-0.4671945954698823,-0.04705871807548392,0.20569206776039187,-2.2182421479469894,-2.2195559008546044,-0.007616508783976523
18.118276119232178,0.5451594080364621,-0.34571867655727373,-3.048224209113066,-0.0025006824277591633,0.03531936357785351,-0.21474030545837072,-0.4671965620230906,-0.0470640213254264,0.2055864156628051,-2.2182262532652928,-2.2196462341597623,-0.0077080759726031196
18.126305103302002,1.2723845126250846,-0.46562820745369693,-2.9278316251862697,0.0021982919988895082,0.053795534785120426,-0.22613360381618028,-0.4671760308368882,-0.04703548116645585,0.20549969405172475,-2.218323143155002,-2.219581531608979,-0.007786563077729195
18.13433003425598,1.2246770996562886,-0.47882124393103953,-3.019783724032206,0.003871860196617445,0.05033686875903002,-0.21825526407585927,-0.46718821065906774,-0.04703382000044762,0.20543496380358284,-2.2182681367801647,-2.2196109296020725,-0.0077569131657867245
18.144176483154297,0.8183778190559654,-0.4042828521975055,-2.770419314808872,0.0008065081064506021,0.04123107494471937,-0.22432700315247503,-0.4671933376033048,-0.04705499066340676,0.2053735556870525,-2.2182264299517254,-2.219559681788208,-0.00769190660709556
18.15226435661316,0.8971433869164485,-0.48497092185540686,-2.6660015167328748,0.002478959356759929,0.03980353593185416,-0.22448922240065633,-0.46719708973386526,-0.04705965444739944,0.20530309177520745,-2.218171015560419,-2.2196629837233495,-0.007592795292611709
18.160119771957397,0.9644899272251631,-0.598798368767107,-2.7079880855578606,0.004202958808641464,0.04316066251447928,-0.22291345668467266,-0.4671829494157278,-0.0470361673252697,0.2051652381680161,-2.218357175048656,-2.219585894517285,-0.007743502420706951
18.1681387424469,0.9255101382618759,-0.7811825878629091,-2.623169766462716,0.007146477681083826,0.04321511213605666,-0.22036921855788585,-0.4671922406613552,-0.04703706991812957,0.20511465332621143,-2.218328304936569,-2.21951441504613,-0.007664943836561725
18.176185846328735,0.9493986587533156,-0.46972327196619046,-2.8570119827867693,-0.00034382679949637436,0.041089878977367725,-0.22071715083610632,-0.4671915939883293,-0.047062542243258794,0.20503608874220108,-2.2181472830625233,-2.219601190990559,-0.007747925283034014
18.184330224990845,0.5749265502404202,-0.603713323203514,-3.0023459810163042,0.0054560737820023445,0.03581785847131135,-0.21874728067946914,-0.46718119157836835,-0.04704594777124918,0.2049384391660089,-2.218304301234236,-2.2195683677547056,-0.007697336588963073
18.19428539276123,0.8943749079740106,-0.68928384457056,-3.0509227245685406,0.0054043848122657875,0.04415865258330883,-0.21935718351671457,-0.46719751230366996,-0.047025298834239164,0.2048556376524916,-2.2183463801803893,-2.2195681617843586,-0.007678935955030146
18.2021541595459,0.9534579951958712,-0.7290657789293897,-2.8753874736918026,0.0091042876917116,0.04164590238630839,-0.21918535488349636,-0.4671736406228125,-0.04706644852303252,0.20473748995259378,-2.218245450600614,-2.219713799823527,-0.007763508998022328
18.210156440734863,0.9641851485884292,-0.8215250549012043,-2.70787986926951,0.009467010157683977,0.04505839290279406,-0.22131412837345724,-0.467183225153093,-0.04705343385352413,0.20466604626087534,-2.218286707113727,-2.2196100224775828,-0.0077890302998313305
18.21829056739807,0.9898305412262631,-0.35604802293525856,-2.738408436481281,-0.0015985390128365328,0.04427935149876274,-0.2172756748675919,-0.46720262982152744,-0.04704616361803176,0.20461397845673293,-2.2182807926680463,-2.219527710570186,-0.007652379754153762
18.226314067840576,0.9739881445927404,-0.5067378895876428,-2.687257959920072,0.0022815764744110126,0.043773367170260036,-0.22513217859298984,-0.46718898984638063,-0.04704071790424226,0.2044881353705273,-2.218393305536319,-2.219520666897544,-0.0077469605998425565
18.234237909317017,1.0531638713118667,-0.46241470767792353,-2.8782749520947544,0.00027249872127602245,0.04618248535415639,-0.21972792480784326,-0.4671835211442549,-0.047054595350816845,0.20441107831451816,-2.2183199677148844,-2.2196009013885063,-0.007727224251337499
18.242203950881958,0.8009622332841201,-0.48221415788901206,-2.8338325156974973,-0.0001431506030202065,0.04000458999985213,-0.21588121793130627,-0.46719640699665793,-0.04702962068241785,0.20433750653016014,-2.2183245985148616,-2.2195399674457246,-0.007720143817459105
18.250320434570312,0.8254534908903086,-0.40000707199296215,-2.880814275492246,4.341845385641275e-05,0.040836899348914345,-0.21747431635196945,-0.467190430912835,-0.047031596387776584,0.20427128481317747,-2.218323492436884,-2.2195333644919777,-0.00773774450217146
18.258186101913452,1.1077838214040139,-0.46723239631208946,-2.8896616507939195,0.00193531216776626,0.04593620471237304,-0.21714805440179588,-0.46717601990967117,-0.04705655918524899,0.20417523460972167,-2.218352205054788,-2.2196460016983,-0.007746012563974115
18.26618242263794,0.9871781338633211,-0.6308409878121423,-2.804586482050049,0.0026114448967323426,0.04601668753053756,-0.22225972476166775,-0.46718636304686795,-0.047046375581067196,0.2041267682032165,-2.218253271491913,-2.2196323196154975,-0.007714617350481546
18.274263858795166,1.07354907923643,-0.443165525365779,-2.976699343687273,0.0035448497340141638,0.04476787717588476,-0.21823579698693957,-0.4671935245314472,-0.0470384807554691,0.20403501698772097,-2.218256816815853,-2.219659360876928,-0.007760121695010285
18.282183170318604,0.9830713789136986,-0.5137571777402149,-2.9545045667463175,0.006680815858652797,0.04445076724808629,-0.2202250169682731,-0.4671891686239926,-0.04704301861291235,0.20398589807891332,-2.218313348301748,-2.2195672478926327,-0.007731250333485912
18.290311574935913,1.2696807951586975,-0.5859881201422027,-3.0333824899076847,0.006294653613740816,0.05106206872668349,-0.21639508329571655,-0.46720473609548824,-0.047035734834089495,0.2039039374402279,-2.218284924136791,-2.2196139726139084,-0.007725761312445285
18.298274278640747,0.7776554980206828,-0.22180871054049586,-2.9986988938713854,-0.004166341367711539,0.04014125774071597,-0.21440081931373084,-0.4672040378247291,-0.047026715828304616,0.2038566192741904,-2.2183559418687113,-2.21954256067589,-0.007685749459230108
18.306176900863647,0.9849055971980758,-0.5509085761275846,-3.0445061038903067,0.007346964112846481,0.04440736208008593,-0.22092678623905138,-0.46720844609527784,-0.047041873492185346,0.20380995742454658,-2.218263425260762,-2.219577541234003,-0.0076229116111286
18.31413245201111,1.0809756798643353,-0.5315132719745577,-2.972883571073431,0.001988578608184545,0.04690499425951608,-0.22038194544548811,-0.46720381084536916,-0.04702767061545681,0.20374974772545512,-2.2182563667611093,-2.2196036820348257,-0.007716890089419205
18.322260856628418,1.039875392347975,-0.799234164951702,-3.0334555156970686,0.007356364320356708,0.048579203840085836,-0.2228689519043721,-0.467235770529188,-0.04703011807063357,0.20370353565911703,-2.2182407229647163,-2.2195428749170967,-0.007639713971629411
18.33014178276062,0.9279011442492467,-0.3961694992231472,-2.8596083806391417,0.0020967733510902846,0.04190396034041385,-0.22030895867052538,-0.4672120810787384,-0.0470277724216688,0.20364594597191377,-2.2182666793721397,-2.219524140074534,-0.007636978601810868
18.338303089141846,0.9988816601996771,-0.7006316842758982,-2.8832606014710955,0.007120486289182925,0.04569457902300685,-0.22653800343372896,-0.46721946656198643,-0.04702613967713315,0.20360427376786105,-2.21820342769996,-2.2195920992359484,-0.007645861502370893
18.346271276474,1.098598199423846,-0.7934275995312259,-2.922103975269516,0.010071986273492014,0.04767278083499334,-0.21635011567822632,-0.467227065963921,-0.04704929094550677,0.203544797123678,-2.2181837588022604,-2.219662769333832,-0.007642421497086196
18.3541522026062,0.9864766559658322,-0.8230353790913376,-2.8635969768887413,0.009362355533212572,0.04212383687003744,-0.2250286483494125,-0.4672405669956895,-0.04702993268544586,0.20351979200542653,-2.218227000637808,-2.219514523789143,-0.007563750967982438
18.362210750579834,0.9228757042528389,-0.19300282335204957,-3.0060219532221075,-0.0015267691419774895,0.04354247219000991,-0.22187468524966983,-0.4672375994538177,-0.04704913019336657,0.20347816924581066,-2.2181828920419875,-2.2195636164349506,-0.00757183367933815
18.370142698287964,0.7491453730241407,-0.386141313924894,-2.996987930969959,-0.0009614923003450661,0.040369663320167455,-0.2175057791288293,-0.4672335452322617,-0.04703883135676635,0.20343002343750882,-2.218251290814468,-2.2194842026530566,-0.007596498670337659
18.3782377243042,1.1217639023949213,-0.8583923587537271,-2.9025012896501257,0.010832772657961296,0.046103473214657256,-0.22410305624936058,-0.46723322159909336,-0.0470336853018553,0.20337720769159517,-2.2182243387142337,-2.2195253529017056,-0.007604063593368051
18.38632345199585,1.3069785185756992,-0.9805561209973556,-2.85626335543786,0.012170177999865642,0.05063846556495712,-0.22285747420268023,-0.4672321703232257,-0.0469899413343519,0.20333540947511788,-2.218332834427736,-2.2194528967012572,-0.007645060450276265
18.394243717193604,1.1872555229803787,-0.6720292882087182,-3.06598296697062,0.0032856438917675296,0.04926068296787199,-0.22110752243850512,-0.4672344787706969,-0.04702997109672245,0.20328969356167434,-2.2182943572252882,-2.219502512780345,-0.007596745377591981
18.402347087860107,0.9075961479221297,-0.8734546841156808,-3.0108731012750996,0.013664560843738814,0.04117292152127098,-0.22353126679326812,-0.4672295975192976,-0.04703187650215757,0.20326654714572845,-2.2182271595796617,-2.2195017736914626,-0.0076021339973951696
18.410215616226196,0.8204979482023098,-0.712078038628412,-3.016191240076886,0.006306534325429077,0.03910988786591692,-0.21496627536619636,-0.4672188249606162,-0.04703544653506657,0.20320781382049552,-2.2181922042910824,-2.219589034026551,-0.007615054077076772
18.418386697769165,1.0280840559220832,-0.40477177531593106,-2.917439346153301,0.001303899172761414,0.043883400714139494,-0.22609937570280003,-0.4672524302987031,-0.04702536724184647,0.20321365863768123,-2.2181389370189293,-2.2194628997322243,-0.007548653621486743
18.42613935470581,1.0119092873981728,-0.7388098713466246,-3.165917611271235,0.0063355648717926824,0.04651605120792427,-0.2194363747306711,-0.46722428641308217,-0.04703162465346429,0.20315034152938474,-2.2181355083512106,-2.2195594449644336,-0.007640950143241617
18.434250354766846,1.1454945531605694,-1.1056092453275153,-3.063433538176699,0.018977557023070777,0.04688526265455487,-0.21887209533937332,-0.46725900617587235,-0.047019345070139475,0.20314482519691976,-2.2182241547762116,-2.219383896292629,-0.0075423018860793795
18.442267417907715,0.8594155734817402,-0.5522658659409878,-3.0991731394075335,0.0007553924094157402,0.04429325176073084,-0.21773528869744083,-0.4672450654023337,-0.04704178076206776,0.20311252892305903,-2.2181117323973463,-2.2195464774210385,-0.0075179223040412885
18.45010495185852,0.8033161118836788,-0.30230263192557866,-2.9754379327973304,0.0017459746528286045,0.039284694457071646,-0.21754271860766106,-0.46723478077545083,-0.047036784187495864,0.20308266258788754,-2.2181368580097556,-2.219481665664568,-0.007517396130838293
18.45832920074463,1.1220330607582771,-0.8457145631594163,-2.844440695088119,0.012360377108071141,0.04966064359143437,-0.22481029512016037,-0.4672330744093163,-0.04702506046700404,0.20305007908343103,-2.21820514121187,-2.219414452268338,-0.007503536300402803
18.466362476348877,0.5399466414497529,-0.6997975814263497,-2.903559421125083,0.008648359014823685,0.03457768972367255,-0.2175004265328997,-0.4672272576476134,-0.04703727300730407,0.2030304435496657,-2.218123103876555,-2.2195077329016235,-0.007444185401588296
18.474372148513794,0.8515716508908786,-0.8067653130386486,-2.8900873508318163,0.009610199402061832,0.038739503146359745,-0.2188685702684617,-0.4672247412836012,-0.04703297299716117,0.20297151811951197,-2.218161001846034,-2.21947922289257,-0.007570815216627513
18.48232936859131,1.1539677063305251,-0.49932188057279747,-2.826461641625071,0.004049348127624889,0.047695328928490204,-0.2150498945957314,-0.46721952805886346,-0.047036636320566205,0.20293705415563604,-2.218194459354245,-2.219564347274933,-0.0075169650762322345
18.49028778076172,1.215352340495448,-0.6430800525048045,-2.8463674350639185,0.006774222859764947,0.04971635099667845,-0.22381808221445154,-0.4672328307697802,-0.047019421528402036,0.20296437355679475,-2.2181751116705777,-2.219407212817094,-0.007445958442769461
18.498234272003174,0.8406140965946926,-0.469683499563882,-3.048604126387264,0.003621867337026917,0.04180203457064652,-0.22147942075029697,-0.4672284600055709,-0.04704742484694056,0.2029212810738409,-2.2181053908690416,-2.219500559611414,-0.007439172384703225
18.506301641464233,0.7670605479274242,-0.7568780876211031,-2.796886336207972,0.007505284940717643,0.038875142148383016,-0.21850654941674202,-0.4672250500656448,-0.04702835619125335,0.20290290411928236,-2.2181604737648986,-2.219430201067412,-0.0074906047040028045
18.514205932617188,0.9897292344484475,-0.932187530677185,-2.8765524447371704,0.010877180028926573,0.04466356111534247,-0.21598471078377837,-0.46722376264202053,-0.04703537790835041,0.2028805880689494,-2.218116198726181,-2.2195463546761456,-0.007418599191660445
18.522322177886963,1.0907890089398244,-0.7470484999835737,-2.757070993710024,0.008542891120988026,0.046630379939429846,-0.22061669501025694,-0.4672073956703089,-0.04703172823839287,0.2028525231900218,-2.21811755022491,-2.2194807756026553,-0.007534978401890829
18.53026294708252,0.9003295697872739,-0.6671455009722868,-2.989367751644796,0.006798151442329629,0.041215070649871795,-0.22081318889887944,-0.46720095113994353,-0.047032755182325005,0.20281405530500402,-2.2181611170319795,-2.219505168725035,-0.007554137086243813
18.538289070129395,0.8350400497437052,-0.8591782806963408,-2.8148486947336377,0.010663968354048007,0.03655483168071055,-0.22117132395662095,-0.46719604602434983,-0.04703553404500038,0.2027868679374124,-2.218198663971236,-2.2195180000279464,-0.007558300330593391
18.546162843704224,1.1396565710454165,-0.465578062498807,-2.8836532958002854,0.004684859467408706,0.048048670848942175,-0.21744739818361108,-0.4672037719592036,-0.047040658550686634,0.2027640514224379,-2.218169705279713,-2.2195161479003045,-0.007551333235106492
18.55420446395874,0.9145959951667321,-0.3611916050635396,-2.851076782004607,-0.0012549673139320198,0.043880602927099235,-0.21266808746086804,-0.46720550436176456,-0.047028399805200245,0.20276747367232617,-2.2181729622119732,-2.219457002743419,-0.007556759625375613
18.562321662902832,1.039542972417334,-0.7515092307501386,-2.887193263875429,0.011661396944571844,0.04835196379902051,-0.22493519907280043,-0.4671944789396532,-0.047036268323653166,0.2027264978795871,-2.2182116881272154,-2.219552642702882,-0.007587699010397522
18.57027578353882,0.9211280541323462,-0.5707845592680938,-2.9381336663315505,0.0019118471260013271,0.04317510818858954,-0.22153078455715913,-0.46718958054402704,-0.047038658012356835,0.2027138359538953,-2.2182308011672047,-2.2195425682671672,-0.007567796823470277
18.578406810760498,0.8502060574227625,-0.7430414786368652,-2.78374159192165,0.006113253252348735,0.04088454086886521,-0.21453821917462487,-0.4671894093096739,-0.047043438652488875,0.20269513770093198,-2.218208749361646,-2.219529523719819,-0.007592207911665001
18.5862135887146,1.2321381526020894,-0.6773587892416837,-2.774996087624665,0.006349209012569984,0.04954416309836009,-0.22441587032916027,-0.4671817467302363,-0.04704084006772756,0.20268229638999052,-2.2182133819032637,-2.219522197150003,-0.00749127566580307
18.594329118728638,0.8960446595813623,-0.6997804449192249,-2.9402694528550244,0.00823923557505574,0.04390240976787972,-0.2244736869338154,-0.46718001024706807,-0.047033287600151505,0.20265640754992442,-2.2182555583208834,-2.219496149980021,-0.0075493503791108025
18.6021249294281,0.9003272390315339,-0.2798628407029364,-3.0523858544403484,-0.003044277850036801,0.03847442727964062,-0.21789916226067046,-0.4671752570455424,-0.047037897578858845,0.20261896104919397,-2.218195802844469,-2.2195832819943595,-0.007603929962769164
18.610241174697876,0.9028426375705925,-0.6154678491076421,-2.918864752847846,0.004919881452521496,0.04312296741418723,-0.21896392538831477,-0.4671751507055314,-0.047052679863897676,0.20261025877161964,-2.2182182510538673,-2.2195202329279713,-0.007648977264783801
18.618200063705444,1.1431310286806529,-0.8318714980389796,-2.877473322187063,0.012447292435785235,0.04599673474853651,-0.211339831629011,-0.4671908697956721,-0.04704852085514591,0.20261036473491167,-2.2181812515835313,-2.219561681156763,-0.0075350135012719095
18.626177549362183,1.024269004616204,-0.4215277417622126,-2.8704195732378777,0.0016254434479446422,0.04663240791785206,-0.2151018545932365,-0.4671789973045621,-0.047029735784191284,0.20256493105473053,-2.2183005754105447,-2.219495634788489,-0.007692030527016745
18.63420009613037,1.0590885951928684,-0.34704911542678013,-2.899605141644956,-0.0012561679266400705,0.04755431295916411,-0.21985579012165543,-0.4672000022099512,-0.04703285155546618,0.2025741176991343,-2.218202335554266,-2.2195379849081123,-0.007618575694398087
18.64232110977173,0.7970919125368197,-0.4847013839036369,-2.911490214200224,0.0029770248304673455,0.03843340470570566,-0.2212085196069976,-0.4671926249482528,-0.04703329799895619,0.20256042591619794,-2.2182352589444183,-2.219478538784405,-0.007543923849489286
18.65026831626892,0.8724205173980912,-0.6811488178943199,-2.719082951452402,0.005315108187416043,0.039029523923082385,-0.21852415033588093,-0.46718923001896484,-0.04703355374482421,0.20252718189936217,-2.218295240493225,-2.2194736135078426,-0.00759342597127774
18.658262252807617,1.0641626675006477,-0.45459808718694544,-2.7955280236774485,0.0023305629449948944,0.047042558435909085,-0.22190553194658788,-0.4671941107833475,-0.04701597638942185,0.2025166362128842,-2.2182363986651183,-2.219481629105518,-0.00766254441980534
18.66617465019226,0.9013767415535865,-0.5679005479499214,-2.8275366984513037,0.003924890556197468,0.041497910719102804,-0.21910530174361545,-0.46718094840994495,-0.04702293693237072,0.2025110659070285,-2.2182511151805366,-2.219496724082864,-0.007602258972468818
18.67418360710144,1.1185165057297004,-0.7007515757263746,-2.7965891213078113,0.008224517944446764,0.049303992772871855,-0.2142188552856253,-0.46719199194848277,-0.04703496768039006,0.2024838936237313,-2.2181672868047273,-2.2195848801687292,-0.007619521482658916
18.68218684196472,1.1341449837428015,-0.5697977713626102,-3.0349445040222216,0.007868240738436923,0.04943104212990423,-0.2178443892051097,-0.46719816855849444,-0.04703442172497183,0.20246961484951678,-2.2182706322096952,-2.2195023881101608,-0.007586831776745461
18.690292835235596,0.9247182930761388,-0.6699085836952324,-2.9419529790873105,0.005292469507769454,0.044460691790232584,-0.2148058226644933,-0.467214628296567,-0.047035234430013506,0.20247393187454896,-2.2181521398932627,-2.21957943412186,-0.007591755047342366
18.698220252990723,1.136434302331313,-0.5458291030928377,-3.0058377166303973,0.005861390191393594,0.047095099374685666,-0.21541225180832674,-0.4672236010905282,-0.04702203559990601,0.2024599329123854,-2.2182703742088505,-2.219469403045318,-0.007600389231575713
18.70616388320923,0.8406333812442895,-0.6425625082288754,-2.940583926089524,0.005384123016107711,0.040252730796295266,-0.2195616197905541,-0.4672042182986964,-0.04703367480852432,0.20244379143675062,-2.218265805490052,-2.2194844946526517,-0.007599637550764115
18.714332580566406,0.8216691518899858,-0.3582513669583256,-2.863229393000605,-0.0013993435702897143,0.04023710875607255,-0.21605258603572955,-0.4672111904512822,-0.047018246166567614,0.20242781052878295,-2.218282115525634,-2.219491506325511,-0.007639939288863322
18.722211122512817,0.9565553500389905,-0.5404300670320653,-2.961195551326314,0.0015664728859851116,0.044080923927576655,-0.22205823720574758,-0.4672090597883241,-0.04703515932770799,0.20243117207373157,-2.218268100605889,-2.2195071045513903,-0.007610262674382279
18.730222940444946,0.8968637992335096,-0.5062858584253302,-2.9554096409675066,0.0002493750459986315,0.03960123241640294,-0.21029243553672794,-0.4671925417175984,-0.04704032355720491,0.20238951876114025,-2.2183072456092887,-2.2195442613860656,-0.0075946534785103865
18.738253355026245,1.0090426742740028,-0.800209283693421,-2.8104231986333854,0.006375667578639345,0.0433567682776869,-0.21983931786439465,-0.46721520948924355,-0.04703940880998851,0.20240331150292507,-2.218217448916386,-2.2195459939039837,-0.007639668392955283
18.74623727798462,1.1516626491825106,-0.6907591730449263,-2.887183031049786,0.007044600965938192,0.04928620885771844,-0.22292566319676788,-0.4672040533542966,-0.04703230970730068,0.20241443191059538,-2.2182144971796887,-2.219508234472548,-0.007569401173350736
18.754091501235962,1.0047734773300259,-0.7452196397353975,-2.9746570302812603,0.010668666322009473,0.0459708838694875,-0.21541037684258194,-0.4671964768459789,-0.047036981336956996,0.20238552870109966,-2.21822963952173,-2.219559889469462,-0.007633519962244074
18.762190341949463,0.892616716796787,-0.5140714861996776,-3.0881203176059966,0.0034345341508358112,0.0418271274673342,-0.21667295246658413,-0.4671987653361606,-0.04702782775613611,0.2023729615776585,-2.21818931530052,-2.219519919827348,-0.007699927960808287
18.7703595161438,1.0776330985078217,-0.5298775439540377,-2.972781783615393,0.004281174858064572,0.045741118589467195,-0.21921932305910904,-0.46719309590199465,-0.047036773531280184,0.20239182024840213,-2.21815137471092,-2.219517675172778,-0.007661345719554978
18.778154850006104,0.877111388071614,-0.47360934251654446,-2.866951958713235,0.002995140802589395,0.044902536938510935,-0.2202649012616485,-0.46717664153595523,-0.04703435234259657,0.2023475255358813,-2.218258890409377,-2.2195731593105346,-0.007713212213869141
18.78623390197754,0.5997153591442136,-0.3680322636811957,-3.2084995939818963,0.0006561829405188349,0.03718593588238104,-0.21312198855917186,-0.46720439070027187,-0.04704126556368702,0.20235952677406177,-2.2182296152076977,-2.219522793022476,-0.007535018675867726
18.794209957122803,1.1185335387431061,-0.35220846951943047,-3.01062145025056,0.001429137354224913,0.04964814722239709,-0.21394690355450163,-0.46719822310085013,-0.047042957803249,0.20237819637177756,-2.2181497649777153,-2.219562067216271,-0.007559944567122699
18.80235266685486,1.0802532442045687,-0.6299764699445644,-3.004165603821989,0.007308739520490475,0.04556243616826235,-0.21772168107723583,-0.46719202309015784,-0.04702573140717581,0.20234867749844315,-2.218268748688551,-2.219558897659412,-0.007575117795982412
18.810223817825317,0.8884587053817369,-0.5758493217836043,-3.124753141538982,0.0067942235938041095,0.039249894277664954,-0.21484709003700728,-0.46718522219329134,-0.047036851306748194,0.20234687621007552,-2.2182532029274964,-2.219510690302391,-0.007621664019247145
18.818095445632935,1.0112531992651912,-0.424582806086243,-3.074208494657295,0.0011456430576283066,0.04379525921068876,-0.22123167135064878,-0.4671747691702162,-0.04703903647435481,0.20231455756327818,-2.2182437197114346,-2.2195959461149486,-0.007712626834366352
18.826173305511475,1.022566256157078,-0.6270538352040761,-2.9158924836559357,0.006121926056271779,0.04763566417500922,-0.21826855869272666,-0.46720644509823867,-0.047018167986995804,0.20233692933973788,-2.2182269566369173,-2.219484700024572,-0.007606915910005921
18.834267377853394,0.9146783718614987,-0.5791509693632653,-3.289796225260571,0.00477957933898368,0.042430227853738005,-0.22349344577533714,-0.4671874558267913,-0.04703817328755363,0.20233931153912524,-2.2181769399112508,-2.2195723211611664,-0.007578363151628219
18.842166662216187,0.9401665470529346,-0.2220333720112811,-3.2160335343519284,-0.0010542218758590868,0.04190711984118026,-0.21068239987309434,-0.4671815731491119,-0.04704966359613596,0.2023032145249446,-2.218210595625379,-2.2196353148732513,-0.0075968880998693675
18.85025429725647,0.9007200180005691,-0.4339573658765806,-3.1745599376763827,0.0016506182553107436,0.04192705787391162,-0.21541183621533624,-0.4671923198021707,-0.04704019887624862,0.20230311303392814,-2.2182437518417344,-2.2195764428396454,-0.007577179546312377
18.85821509361267,1.1440607214538343,-0.6189340793430013,-3.0334838972583125,0.005978520784198769,0.047739109972327234,-0.2238787443395267,-0.46719673805514395,-0.047033583676959916,0.20231074397679122,-2.218222338693729,-2.219528446781553,-0.00759606174016882
18.86635971069336,0.9650518974169237,-0.7511083707072497,-3.0124015314228076,0.009559068962953355,0.04403683552152872,-0.2213851425299971,-0.46718306917466046,-0.04705427785847578,0.20230973270369512,-2.2182626162104486,-2.219530832333375,-0.00753939447843601
18.87424325942993,1.0553292476851144,-0.6292311191576471,-2.9850094295444323,0.00788191732613118,0.04584122260533837,-0.2156562243973816,-0.46718348861617287,-0.04704039388174818,0.2022886900795392,-2.2181932074589477,-2.219599243330424,-0.0076583447345073856
18.882302284240723,1.1594728876734686,-0.5383973421068878,-3.0172822946076296,0.003601484873174647,0.0494411513403587,-0.22046648652693038,-0.46719355363932585,-0.04703434470715433,0.2022873965526198,-2.218329517681355,-2.219470060661141,-0.007601827338344286
18.89038634300232,1.1459423758653422,-0.5983806975563475,-2.9663849158314504,0.004674122235000973,0.045478165240297214,-0.21934326915292318,-0.46717763547954533,-0.04704912229468784,0.20227505331702422,-2.2182215703927968,-2.2195741747664353,-0.007621223022694091
18.90027379989624,1.1208159909195383,-0.6558711927697922,-3.0757944484858575,0.007653435912026398,0.048610703599005246,-0.22288011256457704,-0.467183793671216,-0.04703429521701614,0.20228950228065923,-2.2182635483651034,-2.2194929248828132,-0.007670750986948395
18.90821671485901,0.966392046683706,-0.6059286492611669,-2.983095391459837,0.005433713074472714,0.04111062572952284,-0.22066062505422163,-0.4671791794521618,-0.04704783413065755,0.2022687775156431,-2.2181391335808116,-2.2196348879780565,-0.0075870848407273705
18.91628336906433,0.3989758232250696,-0.39479001350117954,-2.190292464912348,0.0029526723616607837,0.0402479228967553,-0.2124279346782435,-0.4671986756204888,-0.04703773462524254,0.20218468325221048,-2.218159368704222,-2.2195473343500853,-0.007621385108498907
18.924238443374634,0.9439289601184699,-0.5788072375637164,-2.4222010372314324,0.003240680678451999,0.046545439243956974,-0.21544327472900676,-0.4671952609187236,-0.04705272208180144,0.20210305829106823,-2.2181732047037066,-2.2195888783976856,-0.007573147991446766
18.93228816986084,1.0393527073113538,-0.5854806474219802,-2.8797322234364096,0.005363457205846809,0.04133312496401166,-0.22163098538223105,-0.4671654386509222,-0.04703883953820609,0.2019882261682649,-2.2182771848592155,-2.219608925474472,-0.007721334867815089
18.940357208251953,1.0006427808913705,-0.6896373623620954,-2.8407202662195052,0.009252819603864763,0.04325582662457651,-0.22015180141032134,-0.4671524678669315,-0.04703442565807152,0.20182951874827043,-2.2184270860744966,-2.219672427287947,-0.007912523315184963
18.948262214660645,0.9179966239801415,-0.4691129879628019,-3.1224276258687467,0.0018678276699391162,0.04231004534817427,-0.219334573008377,-0.46711741934979173,-0.047032739880857787,0.2017134601217136,-2.2185506410868934,-2.21973335796915,-0.007970437791425845
18.956233501434326,0.8715767533308265,-0.7214989655818166,-3.259514931964067,0.009902175327150342,0.04000159068407122,-0.21544580482948283,-0.4671255229174231,-0.04705181117717015,0.2015821378198659,-2.218520398975528,-2.219854435113078,-0.008036562967844371
18.964247703552246,1.1051449995211122,-0.8602291835253001,-3.375905712078183,0.010584679869706884,0.04860061544459245,-0.21955352831353836,-0.4671179142669825,-0.04702862647441857,0.2014998008446604,-2.2186458569069365,-2.219771416172111,-0.008114959233294566
18.972181797027588,1.0115534153448633,-0.7602541419470074,-3.2193785716745227,0.006465266343883568,0.04207829549048199,-0.21642977877205896,-0.4670926305262645,-0.047056326168012634,0.2013933493306394,-2.218565452137174,-2.219893967211716,-0.008175992855239548
18.980201482772827,0.9201487219129035,-0.7287147335210065,-2.9922854336388425,0.007548163739204542,0.0412246833750568,-0.2183840682892944,-0.4671123925647257,-0.047044543226536374,0.2013158414919507,-2.218622162268772,-2.219886886059524,-0.008189245464454015
18.98821783065796,0.8950480490790901,-0.8145201285306037,-3.1258648403319658,0.01168546869263429,0.042015774735175294,-0.2165617440909358,-0.4671055650995315,-0.047066005367497464,0.20125978786050205,-2.2185463752533083,-2.2199051958393734,-0.008085936523644144
18.998437643051147,0.8880631076931096,-0.4189213079733482,-2.9471445908346428,0.0032266535597140814,0.039832465253837525,-0.2187769691030131,-0.46711151868472295,-0.047024786095466786,0.2012035457694499,-2.2185055549534427,-2.2198491473180044,-0.008135538413426546
19.00631093978882,1.1061469407526046,-0.6342621975730461,-2.8799874229640623,0.003249044924604501,0.04684491550119367,-0.21264999895266387,-0.46711862067058607,-0.0470332345899036,0.20112681836278629,-2.21849259695578,-2.2198575040312107,-0.008061452311086802
19.01422882080078,0.7616629255008884,-0.4791018386185077,-2.7544416490927133,0.004478879867879098,0.04209943315315613,-0.21286794193785133,-0.4671078243063829,-0.04702759096038261,0.20106014873358125,-2.21854949395237,-2.2197239655566214,-0.008076982035264609
19.02216601371765,1.0808115545624295,-0.5801387580495702,-2.855224623907796,0.002569460533319791,0.04809746798135006,-0.21646401862647352,-0.4671207622762472,-0.04704834449419705,0.2009845934571296,-2.2185183399885906,-2.21981332045464,-0.008003006153296547
19.03026032447815,1.1874573543260507,-0.740392385764955,-3.0772186492422007,0.008998176111568763,0.04470666710389688,-0.2234437491067587,-0.46711236146567137,-0.04705168144095907,0.2008935241205182,-2.2186396952524436,-2.2197973087499823,-0.0080156248575516
19.03835439682007,1.3072905883125334,-0.7384956067726525,-2.8680055608160844,0.008264311746485887,0.05068098118644019,-0.2155599372206947,-0.46710973373261055,-0.04705460646482124,0.20081169351815215,-2.2185257769535953,-2.219841254631686,-0.008096130855294691
19.04623317718506,1.0538580195507379,-0.7449361433771352,-2.8284316835047516,0.0073291708095707675,0.046267457394625525,-0.2239700536267781,-0.46712646398023766,-0.047037295522472426,0.20072769503716792,-2.2185159580726803,-2.219821011821886,-0.008098908342830467
19.054234743118286,0.9608987407062073,-0.4545175954009876,-2.8655347543800236,0.004857744672159485,0.0446187586924322,-0.21440885200770196,-0.46713052874512145,-0.04703326563389709,0.20064501714178823,-2.2185675297931953,-2.219827349941191,-0.007993348997764766
19.064162015914917,0.9485838113975411,-0.4069264881790399,-2.9106425390183834,0.000784874707636157,0.04267674003944215,-0.2138281985626454,-0.4671406716359062,-0.04704169310129367,0.20060996578628262,-2.2184447955618953,-2.21974921985463,-0.008066751333866957
19.07225275039673,1.0106149737347327,-0.4436462130771904,-3.06279935812565,0.003695819332757882,0.0458455387081104,-0.22192747525065679,-0.46713830155869146,-0.04703316083721038,0.20053476747091153,-2.2183956565734295,-2.2197764732487504,-0.008016678790400777
19.08034038543701,0.5881176084760287,-0.6395234513299207,-3.1632249525831933,0.008340295717036619,0.03585973714445326,-0.22502968343074958,-0.4671532211557221,-0.04704604096064166,0.20049235662377396,-2.218402935731458,-2.219735323884812,-0.007939391634958007
19.08829092979431,0.819346690204453,-0.7482210057981815,-3.083808902074731,0.00670023221029926,0.04363778684626655,-0.2173098221642954,-0.46715259382752233,-0.04704156270883005,0.20041965363336556,-2.218407437237111,-2.2197188720150285,-0.007843266261022814
19.098323106765747,0.741047163839585,-0.2990473525063836,-3.1017538256587214,-0.0045988458087169014,0.038703940212449356,-0.21765287461098148,-0.4671542435614758,-0.04705052762000945,0.20039160799726669,-2.2183425620299513,-2.2197386409832576,-0.007775892171304256
19.10625386238098,0.9417301573761114,-0.5444169470212159,-2.941388026223401,0.004490570288712768,0.04563203142520566,-0.22349264701164148,-0.4671747591227857,-0.047042190364066004,0.2003114030793508,-2.2183655225810397,-2.219643121153826,-0.007806288058450952
19.114288091659546,0.7336175874230155,-0.526710210397638,-2.8787925323806514,0.006149262507350422,0.03886758285681647,-0.21973624280600412,-0.46715416432943785,-0.047031235983363485,0.20021160256350562,-2.218390556300432,-2.2196993579852182,-0.007871111255730305
19.122315883636475,1.1565409742460748,-0.8613774358823455,-2.718096071097438,0.008765355749770241,0.047253565558687274,-0.22071508163939885,-0.4671527605986486,-0.04705009434450333,0.20016101833590844,-2.2183255755264892,-2.219710374592385,-0.007726058298639413
19.130286693572998,1.0002757293875757,-0.6776940516233508,-2.6657340384718715,0.008266181411596761,0.04535838240349172,-0.21938618898803885,-0.46715860353072186,-0.04704850928460985,0.20009048708600902,-2.218241866140223,-2.2196996700072495,-0.007739850491295917
19.138258934020996,0.619814372006009,-0.6076240151409115,-2.6812203157612333,0.0038961772464704398,0.03311227548896155,-0.21627472713966636,-0.46714874697120795,-0.0470162347236289,0.19998642862721777,-2.2184018645325434,-2.2196624094691533,-0.007742577986473883
19.146196603775024,0.7771311459135515,-0.5421989233829558,-2.86593625609395,0.0002926706549989078,0.03873156557298912,-0.2174481055434355,-0.4671611180741928,-0.04703431184671467,0.1999185747141538,-2.2183975801460636,-2.2195787018755477,-0.007713122873298094
19.154221773147583,0.8638886276206261,-0.8065656993488542,-3.028436056676892,0.007139965839663775,0.040614516166815225,-0.21996583459951316,-0.4671450175620263,-0.047041783595096934,0.1998065827112653,-2.2183928172153258,-2.2196655681852904,-0.007834804200262608
19.16227912902832,0.8354363757320142,-0.6341085437492692,-3.10251296627695,0.005198675684695285,0.03703817324781949,-0.21424103056207133,-0.46714624779379244,-0.047058742842811856,0.19972557876268937,-2.2183226809950427,-2.219753232969603,-0.007806757906445391
19.17030358314514,0.931380871568373,-0.5165534460752566,-3.05905189728091,0.0034356827588306773,0.044024236535194654,-0.21576893489291185,-0.46710948306745226,-0.04704867606977234,0.19961128872469508,-2.2184334739811518,-2.2197662163345133,-0.008018517042555297
19.178220987319946,1.0539942030036478,-0.7501271204747667,-3.0073630717631445,0.006617178032076102,0.045260331266629795,-0.21932755778601692,-0.46713811277602646,-0.047038058685081284,0.1995781058302181,-2.2183980841536184,-2.2196878346886657,-0.007818159780864848
19.18620491027832,0.9057888672247524,-0.6170665075096579,-2.922878061259036,0.0024300982517726647,0.04088014634460123,-0.22011046706042495,-0.4671573685204972,-0.04703822067345878,0.1995376564592298,-2.218328108794661,-2.219665851751559,-0.007715447919958005
19.1943199634552,0.6932263271180965,-0.5218211286902834,-2.81805309368855,0.003196884251224096,0.03534015114764806,-0.22190785993683793,-0.4671335292233856,-0.04705444732705541,0.19947261309666842,-2.2182604699485844,-2.2196722145430514,-0.00776828909635141
19.202216148376465,0.9140484368678403,-1.0167350167515081,-2.781241554234432,0.012244094784673781,0.043734506584659424,-0.2207355742451841,-0.4671435936106565,-0.0470513498794113,0.19938979772486232,-2.2182869153386315,-2.219716551572028,-0.007772058017628641
19.212286710739136,1.2489639691011118,-0.45356189724389995,-2.716563759674338,0.003810709590051126,0.05215401902033441,-0.21694241844255724,-0.467166179924346,-0.047035175945448794,0.19934271277294013,-2.218359526940361,-2.2196485976361937,-0.007720632595856192
19.220320463180542,0.9634542792186277,-0.9717308438713465,-2.7755366266175447,0.010386390361016405,0.0445681722109861,-0.22045497664476682,-0.4671635643658369,-0.047040800329444285,0.19926023506394216,-2.218288019112113,-2.2196322151004892,-0.007839259013994846
19.22821807861328,1.1783352461706877,-0.5649969974935476,-3.070452756411411,0.005342111042286233,0.047654559356393934,-0.2286748895850762,-0.46717638268887224,-0.047041686779606955,0.1991798362035766,-2.2183483021236765,-2.2197365218803475,-0.007836892146473125
19.236160278320312,0.9959903851460649,-0.6949076875704413,-3.0073201483418117,0.008230158240219039,0.045421128799076775,-0.22119805266001707,-0.4671775345842955,-0.047031944957609505,0.1991540412228318,-2.218329765208404,-2.219724488604158,-0.007678640318862241
19.24438762664795,0.8475805230070405,-0.2844153705521547,-3.007950370261648,0.0005079281139789975,0.041568007923697595,-0.21158376969271517,-0.4671741074915932,-0.047037631697973495,0.19911135904077476,-2.2182443176306315,-2.2197227859070394,-0.007761649096635424
19.25230050086975,0.6068863727831648,-0.5251643093137754,-3.046632247826192,0.004369246822787604,0.03492621203537891,-0.22083320277834195,-0.46716134203123194,-0.04705402589887362,0.19902393941028862,-2.218275871600082,-2.2197840057291085,-0.007822100616780122
19.260422706604004,0.9768559855039068,-0.3718875768353068,-2.888441678838785,-0.0009588031991290609,0.042579574530487566,-0.2154322482751295,-0.46717753781767335,-0.04704230636655662,0.19897369384247615,-2.2183565058190653,-2.219651180709978,-0.007835250586778471
19.268632650375366,1.2644123301119978,-0.5426636193448892,-3.018449611096693,0.005569504330628394,0.05188589172174246,-0.22058861434730342,-0.4671929888990256,-0.04704176705064481,0.19897182386647555,-2.218255704149803,-2.2196714733593916,-0.0076932493862643106
19.276184558868408,1.1306445453973841,-0.8045298748403491,-2.836034423981896,0.009320491894193638,0.048779746807281206,-0.22148923113175487,-0.4671882654104064,-0.04702989190313113,0.19891164494709757,-2.218319252114078,-2.219681383824473,-0.007756088359907321
19.284247636795044,1.1465352213851345,-0.5137175784964206,-3.024941398168391,0.0015936823675922153,0.0482569628286445,-0.22006111414334253,-0.46719532121449925,-0.047039885577454935,0.198857028167717,-2.218334916705606,-2.2196994054658004,-0.007774980217042976
19.292180061340332,0.6314267624706497,-0.7656861816989211,-2.9463390323624474,0.007263960631309208,0.037413598127963306,-0.21853287609849986,-0.46720622137195317,-0.04704390642606459,0.19883042721881178,-2.2183234699459238,-2.2196423616019927,-0.007712498797691159
19.300336837768555,1.067121119403345,-0.6987346178992048,-3.1024428717401937,0.009335067571169387,0.04764669484747309,-0.2119416588185998,-0.4672003113252559,-0.047010182210520134,0.19878525200285266,-2.2183395431811936,-2.2195962744210984,-0.007750871900172721
19.308237552642822,1.0627529696547848,-0.9141283139375291,-2.98992003258371,0.0097841746576571,0.04629063142166422,-0.21790784958041798,-0.4671899982762123,-0.04703620324638725,0.19874283192851389,-2.218289082543753,-2.2196549442705527,-0.007762255186727252
19.316436529159546,0.7373852237699716,-0.8186833092291937,-2.9421386311645885,0.01180827085771019,0.03858211299770919,-0.22042638038550516,-0.46721175761649764,-0.047019235073715124,0.19872043023854175,-2.2183275791708037,-2.2196146090890037,-0.007722980134912665
19.3262357711792,0.6893746650011703,-0.552321179215218,-3.000039205243893,0.002619164860725141,0.03614808505176561,-0.21282473657135817,-0.4671844063872421,-0.047037825981156384,0.19865617210856304,-2.2183089549460395,-2.2196992330928365,-0.00780260018805499
19.334229230880737,1.0871600443548186,-0.6327415106311203,-2.9617645967300703,0.010844309721458811,0.04607705873332528,-0.21683897301458788,-0.467203089833354,-0.047027029253855934,0.19863369619649943,-2.2182414644179373,-2.2196391102141817,-0.007703968779732572
19.342244148254395,1.0645731517290502,-0.6247558879349964,-2.748533822032051,0.0033258675077060453,0.04930009158436144,-0.21816951096682952,-0.4671900496926075,-0.047050807169693336,0.19857507580307138,-2.2181585853841836,-2.219727355463379,-0.0076634632607029424
19.35015344619751,0.981932801082323,-0.7730211494031571,-3.0410752465292616,0.008033791115236798,0.04597432896363743,-0.21782621116123782,-0.46720513534543684,-0.047012375946668294,0.1985092813166155,-2.2182584183616205,-2.2195455997227493,-0.007639568855145839
19.358154773712158,0.9749720268366187,-0.7346668595000971,-2.961361805214981,0.0064557088740592235,0.043729701937532485,-0.21428249739717797,-0.46716260429632467,-0.04705454081798076,0.19837689885172288,-2.218297216862768,-2.2196775478455892,-0.007801223506096534
19.366352081298828,0.9481466839947096,-0.6454053710989323,-2.8919878475209964,0.005226500089780053,0.04194475434025742,-0.21215797925903088,-0.4671689008430525,-0.04703929769486323,0.19829758237856,-2.2183086640763294,-2.219662820133037,-0.007712532662413426
19.37423825263977,0.8754569729702265,-0.3958070037249987,-3.04689742246181,0.002009104676198181,0.043394218748339014,-0.2170995391304486,-0.4671593782701151,-0.04704349351608975,0.19818699770356277,-2.2183649625537636,-2.2197145691111513,-0.007723891594583902
19.382341384887695,0.654929686991248,-0.31888659787326423,-3.227993921969834,-0.004622807848142497,0.036996753102350434,-0.2099027309508903,-0.46712368101830076,-0.04707126280150698,0.19807602758950066,-2.2184033675193837,-2.219774809192104,-0.007867258968711174
19.390365600585938,1.021495946143041,-0.6909151816595759,-2.9747738791740703,0.006871754906040107,0.046644849010422436,-0.22030345686133715,-0.4671471417450369,-0.04702360090590777,0.19798704169681522,-2.2184973737158096,-2.219732425203972,-0.00783334671108506
19.398171424865723,0.8005685530202757,-0.8929464837798449,-2.951612017056925,0.009614346604037653,0.03905481223952569,-0.22010157588875723,-0.46714596979166967,-0.047060909788601786,0.1979344348265685,-2.2183179052487922,-2.2197632128200455,-0.007835098359092796
19.406224250793457,0.8793398546314105,-0.47075709016077844,-3.112763395740514,-0.0003722749775381953,0.04035379929084541,-0.21628036119328242,-0.4671370458213172,-0.04702487604615831,0.19784865478516694,-2.21842530352578,-2.2196740927590577,-0.00785463970238235
19.414155960083008,0.9567925759106457,-0.7500433927397372,-3.113014967437775,0.011600718775275777,0.043891775804694166,-0.2194022729360123,-0.46714610187238936,-0.047055765128741066,0.19778883556781396,-2.2183113752161034,-2.219817837615273,-0.0077957575359709035
19.422343015670776,1.0885633352873927,-0.6646688938244347,-2.9302347919389033,0.006527539415075349,0.04710550419849331,-0.2211622734337307,-0.46714186125634727,-0.04705052415195306,0.19773917309745892,-2.218380216601864,-2.219712412723353,-0.007846271540380584
19.430288314819336,1.1750798994982523,-0.8128085313383118,-2.938214826221032,0.00931641660492223,0.05100723722233358,-0.22402079403283373,-0.4671690805117349,-0.047024505817945636,0.19769878573314492,-2.218316396422043,-2.2196988133071134,-0.007659996368291364
19.438268899917603,1.044008013449806,-0.6999401279444155,-2.893539758324436,0.007144044533088248,0.04576295261362272,-0.22182254354478365,-0.46716755932850756,-0.04701586263644746,0.1976292028726894,-2.218331243298355,-2.2196582350803102,-0.007772992208920678
19.446319580078125,0.45682703655686596,-0.6760679959459858,-3.1593016592596133,0.006600765891479863,0.030782255082101886,-0.21731588129086019,-0.4671632223788926,-0.047035256387483515,0.19756501377273922,-2.218306759964251,-2.21968211347279,-0.007770603683919822
19.45464515686035,0.7716677831134259,-0.5171811008788452,-3.1064321356178275,0.0034473992453247578,0.038299678553972635,-0.21813689557394797,-0.46717632689064037,-0.047044716553864975,0.1975202852630996,-2.218360305744974,-2.219682839346506,-0.00769902066678915
19.462347269058228,0.7286856508274662,-0.7330670198759017,-3.065288844204624,0.010626223018836192,0.03624114586789014,-0.22138179760062926,-0.46715780234501014,-0.04704800061975831,0.197438226989069,-2.2183578103031,-2.219688844368085,-0.007811217338447233
19.470502614974976,0.811212345870406,-0.6714030122357846,-3.013655006599922,0.006614286902435493,0.042317399733463185,-0.2207826226269489,-0.4671873604979943,-0.047023888114217594,0.19740514562264688,-2.2183478621916004,-2.2196744367040857,-0.007758944496784105
19.478196382522583,0.9115546097065258,-0.6943558660747712,-3.2178256265917975,0.008127161613573762,0.04251705992363646,-0.22610781474490665,-0.4671927928943534,-0.04704054351410656,0.1973650732802388,-2.2182345827656142,-2.2197432647343884,-0.007747377267445615
19.48621892929077,0.8740315271981473,-0.5419500050958903,-3.0720917764749274,0.005803452356261212,0.041188596504382245,-0.21135117916528054,-0.46718506856504893,-0.047014880833547185,0.19731385726873088,-2.2182184499862685,-2.219723278924734,-0.007812770749966743
19.494322061538696,0.8391220497173093,-0.46044599469117214,-3.226252455768511,0.00312375399243463,0.04077863359283482,-0.21662677399918936,-0.46719697716045727,-0.047033909688210335,0.19727321933836328,-2.2182060897637026,-2.2196785266644223,-0.00767935331329223
19.502246141433716,0.8239942288140063,-0.5149723704132865,-2.9519785749513803,0.004521626773763992,0.042145816488843454,-0.21828961692806645,-0.46722777893149875,-0.04700770176379952,0.19724810462010878,-2.2182829190218336,-2.219524282210557,-0.007658476369551882
19.51020097732544,0.8171779396540455,-0.7566834848711127,-3.0763457980309963,0.006429984040897209,0.04099794018550044,-0.2208604047806116,-0.46719979663383776,-0.04702624601019133,0.19715307844790672,-2.2183304601874396,-2.2196903388444817,-0.0077504117586419405
19.51839303970337,0.9297149779760514,-0.7217375816707382,-2.9960683256763265,0.007892378900291534,0.04134288454947265,-0.21379653811532234,-0.46719831832822967,-0.04702133893751245,0.19709508406285997,-2.218330138738531,-2.2197042834109264,-0.007757322287815
19.526442289352417,1.000915234115321,-0.71958631583366,-3.034887236712631,0.008865174417258738,0.045613847141507236,-0.2236199250979324,-0.4672286405535573,-0.04699828564061937,0.1970955814610119,-2.218341991982331,-2.2195639521817014,-0.0076934063435527295
19.534210443496704,0.7590658503283717,-0.28695261217163964,-3.207930387139096,-0.001911232382181499,0.03985685313296779,-0.2159153551743344,-0.4671957830333237,-0.04701476077259085,0.19700845014248358,-2.2183506709157688,-2.2197216215664013,-0.007846723266271631
19.542377710342407,1.225996814409431,-0.8966562116658706,-3.0443181108755266,0.012072359969259459,0.050866962104981726,-0.21434845211846126,-0.4672072442397882,-0.04701751744420105,0.19698336761980706,-2.218316125175648,-2.219727066747207,-0.007769941882687377
19.55023431777954,0.7259275774507038,-0.5991642722471552,-3.0029055176966004,0.0036615511852810512,0.04041861931166271,-0.2155961256110157,-0.4672088016664484,-0.047007283456221974,0.19695750207406215,-2.218338849512216,-2.2196765362385666,-0.007755978847632855
19.558265209197998,1.0719296749667424,-0.47332588472282894,-2.904474298533183,0.005576993534798523,0.04711375710731291,-0.21530595663623642,-0.4672180582043765,-0.04701596117836259,0.1969153418499449,-2.2183251870192944,-2.219646164138972,-0.007712748050547494
19.566138982772827,0.5978353808826306,-0.22401184595804544,-2.9534167802713065,-0.005234276820652717,0.034380293769929474,-0.21577166748881885,-0.4672172778443794,-0.04702888196827379,0.19688786975707706,-2.218271889604236,-2.219659280328849,-0.007726618875873972
19.574175357818604,0.7122743889832905,-0.5588174569399262,-2.9928621294264537,0.003021742086082111,0.03853669249520434,-0.21768648787260916,-0.46722354958003376,-0.04702674248814015,0.19688594865115022,-2.2182330694511845,-2.2195985440852533,-0.007698357055660585
19.582178592681885,0.7939131432748511,-0.7277694710300456,-2.8992615094734284,0.006108198539067954,0.03861771549986755,-0.22467740062977948,-0.46723715480957123,-0.04700132200270745,0.19685109814623414,-2.218340116261041,-2.2195161546611204,-0.007613361031811772
19.59032917022705,0.950393367234468,-0.25493329475104765,-2.980550238656388,-0.003284581540994304,0.04241743171918441,-0.21968602805286228,-0.4672190745486046,-0.04702252384048433,0.19680879405717833,-2.2182862078911816,-2.2196177755967317,-0.007674187694253343
19.59816551208496,0.8496636905074539,-0.4377345429884358,-2.917074768269514,-0.0041781796518914225,0.03933956028126951,-0.21396226766704726,-0.46721746381687573,-0.0470167970055767,0.19678745063577002,-2.218275143835302,-2.219590260913196,-0.007758697218387989
19.606255769729614,1.1075380493814604,-0.6423000784252694,-2.9344981198730733,0.0005156588323149252,0.047327490669060536,-0.21699068190046056,-0.4672379670353653,-0.047016702294985564,0.19679787788469738,-2.218225121839506,-2.21949507315827,-0.007578260498352416
19.614208936691284,0.7824556755112614,-0.4573014340150663,-3.1199377018776664,0.004338825007677897,0.03952986351623464,-0.2200923978923034,-0.46722666677703584,-0.04702223253496512,0.1967474211730738,-2.2181869250710964,-2.219641112862717,-0.007597664322843405
19.622236251831055,0.8953425596564549,-0.47125796273462417,-3.03192117054514,0.0019427322794583156,0.04160511723332861,-0.2228664679361471,-0.4672342820064348,-0.04701828304892326,0.19672030056950424,-2.2182343649447964,-2.219579121463716,-0.007634002664237597
19.630237102508545,1.0830790268722057,-0.701648292017253,-3.095326595431579,0.006211700865700633,0.04464720276340938,-0.21500378226564495,-0.46724047812442343,-0.04698966856907218,0.1966903914833188,-2.2183287787796058,-2.2195186650519556,-0.00765011419086511
19.63817071914673,0.8438927285797886,-0.7844624320014576,-3.0639646707784416,0.009053692446376911,0.042705798232821626,-0.2174637284693999,-0.467231295728828,-0.047025994107435465,0.19668919515653066,-2.2182089841180463,-2.2195834399338548,-0.007559448284564852
19.646310329437256,0.7440563326294404,-0.4272705745605671,-3.090757436592776,0.002553764222972297,0.039504048973989604,-0.21485299985967424,-0.4672331791880242,-0.047015994232822114,0.19666834725567472,-2.2182042751811943,-2.219543304709678,-0.0076045454966744645
19.654194831848145,0.9649516554835095,-0.32133452842316057,-3.1134653410113113,-0.0012351699044024222,0.04374719402855095,-0.21679550757855048,-0.4672263613732994,-0.047034547774013814,0.19662340384880092,-2.2181043976089794,-2.219673063031788,-0.007648980227342796
19.662397623062134,1.2177112582491385,-0.6139996058607619,-2.944554190680752,0.004861832802311076,0.050861840376682295,-0.2186710183291335,-0.467219739647702,-0.04701353732537251,0.1965851543386464,-2.218331981594235,-2.219606265324599,-0.007627320368189602
19.670459032058716,0.7415779507937023,-0.7246711996653282,-3.204711979477137,0.01151661680542323,0.040503124274781754,-0.21275220006123727,-0.467223151412978,-0.046998459995486366,0.19660386797881843,-2.2182325435448305,-2.219553073998974,-0.007680067769431876
19.67842149734497,1.1670017423939738,-0.49409844514789875,-2.9283433571478166,0.0013118090702565254,0.047511768276221875,-0.2209108205802581,-0.46722193823193775,-0.04699780618175133,0.19656810856359874,-2.218238864486537,-2.2195182458895064,-0.0076397420399164865
19.686431407928467,0.8304050587241448,-0.6501188644313474,-3.019053429842357,0.00781689298262244,0.04086609373179136,-0.2182858778390519,-0.46722180844946903,-0.04702043749209479,0.19656140470450384,-2.2182244935541977,-2.2196006039794436,-0.007476782384098458
19.696231603622437,0.8143489326145911,-0.5875945646318848,-2.972299658410658,0.00543937982645616,0.04281524733606304,-0.21413660936383444,-0.4672194022827742,-0.04701498025465948,0.19653493527366514,-2.218226791088412,-2.219568470559759,-0.007602470147281433
19.70433497428894,1.063206644739826,-0.65482274986586,-3.1124145014646536,0.006224464739403938,0.04064169228041078,-0.22019791959195775,-0.4672026817179171,-0.04702468561764961,0.19649569564240632,-2.2182091887137823,-2.219553162295682,-0.007633250482889913
19.714266538619995,1.0399766369457055,-0.4556307325525852,-2.4955814723097642,0.00021634588312133848,0.048868517130397714,-0.21912249534973047,-0.4672246591329413,-0.047004265823408165,0.19643469957936904,-2.218245228569642,-2.219487231441088,-0.007568522035451285
19.722277641296387,0.8528253138794273,-0.31328037527532165,-2.9305777455279856,0.0005951123427473093,0.04056156111932084,-0.21756749265141623,-0.46718663134204763,-0.04703648943888863,0.19629263369273914,-2.2182904857714765,-2.2195994788663604,-0.007710584330285723
19.730252504348755,1.2531593548771114,-0.5986959249377437,-2.9631952814447953,0.004920930660679118,0.05194737582668832,-0.22054097968031308,-0.46716241793604596,-0.04702553516795949,0.1961715966970443,-2.2183651251271383,-2.219622309671331,-0.007764361693035383
19.738224983215332,1.0060146910060916,-0.5518225163118691,-3.023978901633717,0.007250301503034685,0.04787659962286669,-0.21458041992027163,-0.46716272870832437,-0.04701295001730718,0.1960920918711842,-2.218331302530959,-2.219649102037791,-0.007685497062126495
19.7463059425354,0.6435780343474677,-0.3772730767478564,-3.0905344928477003,0.00027351785330559,0.03898897731167272,-0.2116993811899614,-0.467155580397605,-0.04701881297118979,0.19593357491561603,-2.218448865664333,-2.219752064695091,-0.007873073363403326
19.754326820373535,1.1203858064857917,-0.5294022626707234,-3.3037294878129018,0.0019715290603243394,0.05040940124564856,-0.2121061386521379,-0.4671430131176619,-0.047023018174952975,0.1958172277938352,-2.218487150272032,-2.2197646050012363,-0.008019783735943394
19.76219367980957,0.9642320317976741,-0.5975676187958704,-3.15676317339477,0.00610225111787621,0.04204547932951599,-0.22106076477999928,-0.46710329951922214,-0.04702759067264847,0.1956743231626828,-2.2185698632742357,-2.219871026185836,-0.008120510238044911
19.77030110359192,0.7121010069667045,-0.887401240596569,-3.040498097045783,0.00796262713796492,0.03582169939674442,-0.2125800219702936,-0.46713465934813647,-0.047024820399392174,0.19564520562416315,-2.2184443431504945,-2.2198566296588798,-0.008021442185467843
19.77817940711975,0.7031386249575385,-0.16784593282015584,-3.0208968046966653,-0.006652960168610352,0.04014955278891311,-0.21135203115425552,-0.4671212061855724,-0.047005666772858674,0.19557552185613664,-2.218485409894151,-2.219821617126102,-0.007952728290670712
19.78638219833374,0.8862328749085404,-0.4359111489253499,-2.8273824265517282,0.0028086933257021507,0.041781615856496326,-0.2178487708729691,-0.467140071650562,-0.04702397833647368,0.19552809966321574,-2.218488494904942,-2.2197487539653036,-0.007937046432159891
19.794313669204712,0.728647633522913,-0.19986372890896995,-2.9511629930695937,-0.004739921888694042,0.04037904475539751,-0.21152863128094795,-0.46713068568685673,-0.04700477663264844,0.19545694122533352,-2.218518278148431,-2.2196885514747002,-0.007966078273743384
19.80230736732483,0.7835024538172765,-0.42775411042857825,-3.0198727126765914,0.0013029987285624526,0.040559202888504196,-0.21972925245498512,-0.46711257952115764,-0.04702773943098839,0.19537445951784338,-2.2184812471260065,-2.2197817819897363,-0.007989397092766463
19.81225085258484,0.9496992326448398,-0.26184597819203476,-2.9237878913100612,-0.0015295170267074346,0.04514811966138526,-0.2140548058742213,-0.46712562499694765,-0.04703519250511537,0.19531848005211228,-2.218404170042999,-2.219816159080145,-0.008026141268714261
19.820173978805542,0.7344023131083027,-0.6314780941137436,-3.2452309434997315,0.0038668148263478275,0.041016316805637464,-0.2176607248160524,-0.467139598612051,-0.04702070044668166,0.19523215579797387,-2.2185113150830214,-2.219768902801177,-0.00797581580971037
19.82830810546875,3.6818435493579513,-0.6423944432472629,7.288218965117333,-0.16960472506171845,-0.19437702775918939,-0.19767135195378055,-0.4671564450540926,-0.04700789554372853,0.1951536547535503,-2.2184471851653975,-2.2198179199841133,-0.007970203523877806
19.836292028427124,1.953418088440181,-0.6194717723721545,0.3262151129316852,-0.06825218390898667,-0.04512438521336059,-0.2072550797242391,-0.4671889313356208,-0.047019345262072604,0.19516128191858811,-2.218355913132707,-2.2196596845114094,-0.007694087154786372
19.844270706176758,2.591222450709097,-1.9525014157234974,7.7583948393954865,-0.20013891419236918,-0.19765265131012966,-0.24159713474725333,-0.4671678899868477,-0.0470027723126376,0.19507794276256077,-2.218358650798828,-2.2196237019483807,-0.0077141053137609284
19.85228705406189,3.8412205724211392,-1.4699925297035858,6.99375833275005,-0.17611641599098088,-0.17882920169586608,-0.20222854553814534,-0.46720544749546883,-0.04699298225973826,0.1950843033593303,-2.218224037223435,-2.219478269324036,-0.007451024523951182
19.86028480529785,5.232322799876388,-1.9803034183147552,12.791203989467762,-0.27169025288157983,-0.3143396848199009,-0.1874434086204967,-0.4672119542403526,-0.047007940122616984,0.19505403143879563,-2.21813928076518,-2.2193948779213395,-0.007366458855672086
