time,x_force,y_force,z_force,x_torque,y_torque,z_torque,x_pos,y_pos,z_pos,x_rot,y_rot,z_rot
0.3348531723022461,-0.2737374577441009,-0.18643730236544917,-25.33480669786624,-0.013013352573364105,0.036797013265817816,-0.0623008022621319,-0.6771951428257053,0.003126548541755521,0.2659655774911799,0.00011035734434198007,3.1414018749067827,-0.000109759902679547
0.34480881690979004,0.953558404325732,-0.2718172371807066,-26.0335603687446,0.0011887635969061944,-0.004569920414112334,-0.062052224694839696,-0.6771953020443869,0.0030854364777938696,0.2659540015798645,-0.00012868666291657968,3.141394817458137,-0.0001388799524182184
0.35484814643859863,-0.8063181941154349,0.4486539107255754,-26.133654125762266,0.0181916302146891,0.0776299026696821,-0.054463678097589105,-0.6771880812386548,0.0031053401935659977,0.26589737695019355,-7.418115197569508e-05,3.1413030153737793,-0.00012134131244199436
0.3648660182952881,-1.5560960125034522,-0.21476800333657697,-26.566279087007555,-0.00453137000872776,0.08228574904904176,-0.059034814149084604,-0.6772003910709007,0.003159410448960896,0.265856560465691,0.00018733831441498558,3.1412303210130177,-4.613837920198813e-05
0.37482213973999023,0.026663131115314563,-0.8413039151693616,-26.76060257705108,-0.02130620710310921,0.009247806538645242,-0.05921819394283451,-0.677218987432352,0.0031324109312838694,0.26583640005292775,2.1647657867366727e-05,3.141233368702465,-5.742615996396526e-05
0.3828699588775635,0.24971119584994778,-0.40251647566478727,-26.464193668045585,0.005292941246279273,0.012100390917108971,-0.061961265007472587,-0.6771982592377341,0.0031591874389026945,0.26581388757496155,5.883790368484176e-05,3.1412002916240596,-0.0001486575889047305
0.3928956985473633,-0.7325777554041245,-0.39723510275129814,-26.302376084601377,-0.0006134513563401455,0.030934849757424276,-0.050813644503545356,-0.6771975694994278,0.0031606469868092862,0.26583779068430924,0.0001347798868727917,3.1412752298535596,-0.00014447145339272223
0.4008345603942871,-0.3495595308271024,-0.9587623289059132,-26.273487359423395,-0.012539076192210254,0.04851024091335306,-0.05554839255023265,-0.6772087679559894,0.0031367247467385855,0.2658793000123343,-2.0309931715791248e-05,3.1414080062524707,1.0588528066486644e-05
0.4089038372039795,-0.17404680795950506,-0.22916172736580356,-26.10145080724533,-0.0015360630786964281,0.032949387152330804,-0.05935073751478096,-0.6771937056884137,0.003140481832026685,0.26587522155485427,5.067139759896456e-05,3.1413410388709315,-3.074351026239492e-05
0.4187619686126709,0.09394002091019125,-0.338266952199908,-25.81938374195268,0.0014731644669486578,0.020279277726655463,-0.051623528162013536,-0.67719785794259,0.0031576305910862123,0.26585707952423276,2.4608560330072142e-05,3.1413593679649403,8.535115122209685e-06
0.4287753105163574,-0.35555765101380554,-0.20417528414366867,-25.672543913423265,0.0033815443566860316,0.055803386284614204,-0.054285495166707144,-0.6772019741199257,0.0031280158526256073,0.2658746649936927,-1.574422490254024e-05,3.1414534672845043,-7.368784899079055e-05
0.43686628341674805,0.3170291320034306,-0.16697343381530608,-25.99111748174341,0.0053791607034254785,0.029624338886554708,-0.06044716151067772,-0.6772039945641112,0.0031661420939105393,0.26579121957143037,6.080194206312832e-05,3.1413637644772727,-8.31980573530189e-05
0.4468348026275635,-0.31605266492354367,-0.05957526961867537,-26.311096228961844,0.006459943227058674,0.026156269618901308,-0.05978106653290965,-0.677188471468065,0.0031621627967003286,0.2658384408567863,9.474646618586745e-05,3.141348079858903,-0.00010157722649672192
0.45690202713012695,-0.10967562278223339,-0.4281830335008029,-26.486045563431624,-0.006279972217747741,0.0267352739933544,-0.056006513741603765,-0.6771936702693593,0.003133152112774776,0.265806594272769,2.876291108646916e-05,3.1413606401215515,-4.5909702860995036e-05
0.4648594856262207,-0.8124254135789803,-0.5387700116082704,-26.32921727868172,-0.01017498374541769,0.030949311610674803,-0.05664188320858277,-0.677196266499285,0.0031337169939502237,0.26583986496746864,-2.1945045247878205e-06,3.14144139004869,-6.497536872055965e-05
0.47292041778564453,-0.1261652048269397,-0.5248228814782219,-26.25055679478309,-0.006506654608817773,0.03440870784076262,-0.05769673252646651,-0.6771930520292314,0.0031271717329331315,0.2658268733461798,0.00010063373271977938,3.1414613653536128,-0.00010465657627684105
0.4809150695800781,-0.7656100989935997,-0.4964701267385022,-26.185774654097845,-0.0012059080647797366,0.030018725093040783,-0.05627284428080487,-0.6772143827529352,0.0031075544787252693,0.26584040483057236,1.3442398602545048e-06,3.1415387503923844,-6.061122305042285e-05
0.48894619941711426,-0.1155862061409465,-0.7332408959529343,-26.046855476521387,-0.006699400162907753,0.023909844354499363,-0.0626069913830121,-0.6771956165263031,0.003132217821332093,0.2658425295580632,2.231800908517492e-05,3.1415201579433862,-5.981695485231057e-05
0.49887824058532715,-0.559197684963328,-0.0463254351387377,-26.076316791724093,0.008128401664740008,0.03203885232220315,-0.061950705515558986,-0.6772078885084378,0.00314742368245087,0.26582718267638256,6.627884525227222e-05,3.14152466341552,-3.167372285216073e-05
0.5088925361633301,-0.036096246113241894,0.1233142804262337,-26.00660559305733,0.003937476937584159,0.03386880973002341,-0.0629870443518012,-0.6772172360973113,0.003137021686474363,0.26583347995682105,1.845306019657858e-05,-3.1415767298533868,-2.1120706722360078e-05
0.5188302993774414,-0.2689913993732568,-0.43477238792002926,-25.918836550589912,-0.0028894644121074194,0.031024567848365218,-0.05626484327162639,-0.6771995235348535,0.0031182455223102493,0.2658267102685504,-2.59908283583651e-05,3.1415856445282784,-4.6038825129021094e-05
0.5268473625183105,-0.6496094602707831,-0.2536198144041512,-26.148708621392938,-0.0064452094571040425,0.01629566345797958,-0.05343077007906588,-0.6771960507231106,0.003134232254954611,0.2658163312567075,7.25730027084265e-05,3.141581326285992,3.803625066541171e-05
0.5368432998657227,-0.46516481208875743,-0.17606318267251983,-26.09256366615049,0.00098081554084016,0.036175321607845166,-0.058333915505238636,-0.6772200928732398,0.0031320829680365034,0.2658344183952485,-1.1763742878777156e-05,-3.141527083900702,4.9437640999396575e-05
0.5468695163726807,-0.14480924734309003,-0.6734689685266073,-26.173353955095575,-0.005630977508263597,0.03440997728623579,-0.06331436234334385,-0.6772169187295178,0.0031608752621690374,0.26578385381430314,7.225778008530371e-05,3.1415802314185273,-7.533304339712967e-06
0.5568671226501465,-0.11243776056020369,-0.5133789219464472,-26.15110795063916,-0.009127493871713587,0.03929015558024197,-0.0639514154732081,-0.6772131455736665,0.003155987694478007,0.2657380346608386,6.919680491636259e-05,3.1415608671973083,1.9400858479790938e-05
0.5647945404052734,0.12511473486559957,0.059312779526822124,-26.078996000788848,-0.005650987097826106,0.030115399242137565,-0.06240245609220382,-0.6772100052715898,0.0031301796197326223,0.26577039526204294,4.388802276245486e-05,-3.1415714571670463,2.3833471064782596e-05
0.5748090744018555,-0.1120385720734594,-0.18549113909232717,-26.08048855804997,0.0076924986064648565,0.035889854359909504,-0.05914681740481726,-0.6772148722721573,0.0031381987610807275,0.26576297721827385,-3.159423519794798e-05,-3.141578874138537,-0.0001457383984423286
0.5848045349121094,-0.2020701026423992,-0.3316570988434083,-25.990701059841914,0.0005931039879671976,0.029316053050682175,-0.06132651542318707,-0.6772168954592659,0.003113919683706415,0.26573959524189184,6.51802453344438e-05,-3.1415346758127356,-2.655330476009201e-05
0.5947973728179932,-0.06767172177926292,-0.3231961755323029,-26.047847662119175,-0.0006128087832659369,0.03602503188075199,-0.05887896620099413,-0.677212245553922,0.003124700532157669,0.26578905108499706,7.757019418344042e-06,-3.1414406194607194,-6.913113572591782e-05
0.60489821434021,-0.10971096071963904,-0.25291710596554395,-25.992324908999745,-0.0013313031627090726,0.03147526987874979,-0.0648146217444298,-0.6772154060583206,0.0031238962021282405,0.2657060681676715,-6.850839719976732e-06,-3.1415485056359675,-8.826647863689032e-05
0.6148269176483154,-0.5583802877593319,-0.6496332005211851,-25.982952860836118,0.004472674695096289,0.02983937287350115,-0.06835142447559492,-0.6772182390470385,0.0031095247132538087,0.26574012379288614,9.246579065310758e-05,-3.1414440098431395,1.6481525590238673e-05
0.6248042583465576,-0.3925949251798574,-0.7318246488029294,-25.9848463629686,-0.0024091783233460198,0.028035372678600203,-0.05884599950289577,-0.6772077028092623,0.0031430619006644635,0.265720307848912,1.5230572111892322e-05,-3.141494605951834,4.051218384151303e-05
0.6348185539245605,-0.20794720832454558,-0.4194764405403427,-26.11713581154221,-0.0033551155871738435,0.02973142662309186,-0.06676956630438136,-0.677211241469559,0.0031381970157383014,0.2656610825093192,-2.3753487174131522e-05,-3.141539274916174,-3.104809829680807e-05
0.6448495388031006,-0.09429692140855105,-0.1809434500977615,-26.203661150167715,-0.005537096655177823,0.028362021739460237,-0.06124214327845775,-0.6772046069532586,0.0031090758607752148,0.26566539275000733,7.448111988952922e-05,-3.141527901668644,5.1087155199052715e-06
0.6528561115264893,-0.0877701084422946,-0.09892197498738517,-25.935104808600872,-0.00044056862237848345,0.030648965629972685,-0.06238905380064558,-0.6772047824827311,0.0031649659095294223,0.26560839279058207,2.750202271613722e-06,3.1415549141271097,1.4702625171168296e-06
0.6628074645996094,-0.2458132152467641,-0.1396133085798206,-26.110210306350574,0.002805221546542099,0.031945195986845476,-0.05979487669838545,-0.6772091877772625,0.0031561591038825254,0.26564139452454105,-6.075858508082731e-05,-3.141477089333618,9.055950470838206e-06
0.6708016395568848,0.14809436774140847,-0.39376329538942073,-25.86870067929286,0.0015995241335428148,0.035057864758843774,-0.06735532382225132,-0.677200558921156,0.0031393029336166485,0.26561665395897827,2.3568548631831167e-05,-3.141553831488769,1.6893041315219933e-06
0.680793046951294,-0.41742355896781114,-0.5481103334750468,-25.79802385112071,0.00428323808736269,0.029499555737818827,-0.06019373218572558,-0.6772081730304017,0.003122330212952186,0.26557678577168686,-9.427017377476407e-06,3.141584881340285,-5.4288333056417216e-05
0.6908736228942871,-0.3673137894107258,-0.6913484571710226,-25.92232089887193,0.005686986192958247,0.03425931069828184,-0.06016828196243466,-0.6771978852577739,0.003132973437014949,0.26558683285741624,-2.676613476706231e-05,-3.1415564760988755,4.1864649678115265e-05
0.6987519264221191,-0.06885544566939973,-0.2435450377447638,-25.867703225328118,-0.004952142255059192,0.035704040768336665,-0.0625572811083044,-0.6771970652874909,0.003124829735821534,0.26556059118889264,1.0243778194509102e-05,-3.1415829393183548,-2.815380921878116e-05
0.7069106101989746,-0.3004663592956046,-0.823239471177745,-26.054448247583796,0.008549119113033223,0.03140357688066285,-0.061683654429400915,-0.677188557568306,0.003144202615411453,0.2655155809363881,5.439024103991899e-05,3.141560902596841,2.1751217386569516e-06
0.7149443626403809,-0.3823534674160024,-0.5445287618951333,-26.013289973285207,0.0007466502147714777,0.025942740688966008,-0.06111037458477504,-0.6772000050199294,0.0031416919829650334,0.26547409848489056,7.662273324373846e-06,3.141528460777896,-8.45801876166298e-06
0.7248208522796631,0.04591269384718921,-0.31965887959968975,-26.02684330847307,0.0006753314528184908,0.03293798487446304,-0.06636605623044196,-0.6771981226301708,0.0031447137941960734,0.2655035165684222,-3.28141343967606e-05,-3.1415859795522385,-7.466292598019638e-06
0.7348606586456299,-0.662630370224357,-0.302924842683068,-26.067840900721436,0.0016877716555405231,0.02455055566513087,-0.062062004891355584,-0.6771958924141513,0.0031184203933245012,0.26550435699255176,-4.139692507831869e-08,3.141588525629321,2.4655735658762928e-05
0.7428989410400391,0.3661119724350283,-0.10784157123230668,-26.0475843044675,-0.00372873906175709,0.030660124102612426,-0.06587759518169484,-0.6772065960382385,0.0031477651266550283,0.2654333629679255,7.91007295115704e-06,3.1415658968514903,3.049805930884774e-06
0.7528266906738281,-0.5511209704722098,-0.2796133718498824,-26.07549743712444,-0.00495512140598805,0.03288009583473275,-0.06792470464198051,-0.6772034663848703,0.0031142439148310708,0.2654343131801219,-0.00012406087085559966,3.1415743311023827,1.2581769350633955e-05
0.7609286308288574,-0.22680385945486653,-0.4144685530656127,-25.99212026528021,0.003507767121022668,0.031147923850990807,-0.0672575724358714,-0.6772135288976315,0.003138140345670007,0.2654441517801178,1.2555661230725189e-05,-3.1415787714264893,-6.123638496813889e-05
0.7687675952911377,-0.41693134783125796,-0.35495332051635714,-26.1812082799141,-0.002994704610102688,0.034919476281203315,-0.06526873583540661,-0.6772046539228014,0.0031350153522142184,0.26541781035158957,4.8373498956925946e-05,-3.1415831248685167,-4.036165691930696e-05
0.7768661975860596,-0.2946645216145719,-0.4895701516991758,-26.099356876133317,-0.007369592348493724,0.02419996589395421,-0.05926555094852566,-0.6772051832472165,0.0031403528785129706,0.26539221364377813,3.861396585389107e-05,3.141556704247886,-1.9442915435480886e-05
0.784832239151001,-0.27840185913028276,-0.2741081036203075,-25.860620931395054,-0.0016230617334291333,0.027859873268782524,-0.06297043949193065,-0.6772098668481222,0.00313565528720092,0.2654096600818744,-1.4057456947347818e-05,-3.1415487898951273,7.411057995872019e-07
0.7929575443267822,-0.2959055084462997,-0.573844178449441,-26.154420367138073,0.0014592219670993788,0.026788050813598457,-0.06141620255538859,-0.6772093276964136,0.0031350472419707526,0.26538121409175475,-4.6672566452345414e-05,3.14159090711649,2.2673103330126995e-05
0.8028051853179932,-0.3480808522272752,-0.2387652767766628,-25.930755681209487,-0.005656626412939401,0.03310237796666242,-0.0644867391017594,-0.6771954646781155,0.003134710271232122,0.26537008246793226,-3.943603120641041e-05,3.141573049381945,5.723611646468175e-05
0.8107919692993164,0.3272474002846976,-0.18356021768422529,-25.93484518255318,-0.004430108325072757,0.03488846847535717,-0.06730196646510749,-0.677215646966977,0.0031369933175881787,0.26535353705009407,1.0033824242310203e-05,-3.141564498942514,3.303229156272448e-05
0.8207967281341553,-0.6335598630131998,-0.3499069523912234,-25.754945351088335,-0.0024509437253646305,0.023572614600748384,-0.062486625359676584,-0.6772240109089167,0.0031677014480615277,0.2653921706155521,-3.928843316522742e-05,-3.141482558085038,1.3373284020343177e-05
0.8308470249176025,-0.36527172699728205,-0.1270588372823503,-25.75596841487237,-0.0030623131076294875,0.023802493364881862,-0.06468251642757858,-0.6772059931057463,0.0031654569424401507,0.2653336845589821,2.9569595324596705e-05,3.1415858700508577,-5.8203757009343365e-05
0.8388018608093262,-0.2882236995345131,-0.15263620649499893,-25.740617304962253,-0.005521884151140801,0.03286003216372808,-0.06131592729627884,-0.6772201998714462,0.003121794619679942,0.265341535378818,4.637436413773561e-05,-3.1414973947109472,-6.69010654719969e-05
0.8488664627075195,-0.43327508681617344,-0.29107681348197467,-25.99771347487292,-0.002829751894010791,0.023901041729932154,-0.05902531872005548,-0.6772137708048579,0.0031574935388892214,0.26534441115070095,-4.955052923979384e-05,-3.14150148318584,-3.27092736914917e-05
0.8588430881500244,-0.2893201642453871,-0.5548530299093444,-25.847261350711218,0.00122011906993053,0.03559904878883436,-0.059573142515072265,-0.6772114700740649,0.003110488082001804,0.26529248756791196,-2.9265261977854193e-05,-3.141586548859347,-3.1086953257850226e-05
0.8688547611236572,0.1509416984968191,-0.18629683441511025,-25.85667585475895,-0.004436975680640546,0.04241577801239667,-0.0634236350108136,-0.6772172874626334,0.0031341910268609125,0.26527197132523617,8.783868183255299e-05,-3.141538636375354,-8.664167645207098e-05
0.8768508434295654,0.18141317333768203,-0.1313647156987858,-25.836210601650937,-0.007331444548227971,0.03459970508411413,-0.06950662428292129,-0.6772220666462072,0.003102483470669448,0.26527371644510256,0.00015409282222208015,-3.1414986492109747,-3.291288583160228e-05
0.8849115371704102,-0.2532844143089958,-0.3819824243553044,-25.93106924077094,0.001052367050250672,0.02928406382524325,-0.06809869115325004,-0.6772153709968886,0.0031156833834534606,0.26527559633433984,-3.757496120914896e-06,-3.141492780310211,-8.668752270847609e-05
0.8928313255310059,-0.25356678812870226,-0.19844535573721903,-25.896493006194884,-0.00639298985719713,0.03297537872926366,-0.06512225161789993,-0.6772150899640726,0.003168399486045696,0.26524006949027645,-1.53938836226835e-05,-3.141578441702842,-1.402044491797432e-05
0.9027552604675293,0.18169855500441595,0.13208183951810953,-25.574373926519694,-0.009261433989154109,0.04297732188681435,-0.06831962174691546,-0.677208038065637,0.0031365399802641084,0.26522710871467414,5.222800209125876e-06,-3.1415709662739713,6.483919407445957e-05
0.9128468036651611,-0.3344964223303463,0.11633764349053938,-25.77424313272534,-0.007312722811608838,0.024476447412696608,-0.06131420286094478,-0.6772121581649716,0.0031536177746383596,0.2651845642104252,2.8825157911683545e-05,3.141571658969417,3.506086512079726e-05
0.9209249019622803,-0.31075844841260214,-0.4718144013331605,-25.948232427761614,-0.0016443463585371048,0.02725636505445935,-0.06254262085524923,-0.6772106518437985,0.0031092968882486037,0.2651923538902468,5.74768432378601e-05,-3.141587930500042,-1.730783834713499e-05
0.9308044910430908,-0.5824511275860117,-0.28574467125250375,-25.8625563066198,-0.003411382228033941,0.02389652166383882,-0.06055773830341968,-0.6772294306020978,0.0031277211235360264,0.26520883891467273,0.00011830727318653496,-3.1414731189848006,-0.00011145956629773995
0.9408483505249023,0.0550621445093282,-0.032272754064574326,-25.787177301981743,-0.008513777564715037,0.03490191319887486,-0.07224003315025361,-0.677209067211719,0.00314416249011999,0.2651670138880672,-1.0988278233663674e-05,-3.1415378106309544,-1.916841589515566e-05
0.9509024620056152,-0.3170285058067568,-0.4584560513438756,-25.90424214175438,0.0016121800213293046,0.027390088380161565,-0.06667704297849385,-0.6772164518851358,0.0031287440528527713,0.2651769204057964,4.307956329230866e-05,-3.141501434434806,-1.867617395449438e-05
0.958911657333374,-0.30552981743327673,-0.47160616405873323,-26.000349131772293,-0.0009902404595361868,0.01921222678358304,-0.06374112317430654,-0.677207856885488,0.003109388334643197,0.26510964945118376,-4.8292778790985205e-06,3.1415605067537697,-2.8199579815240144e-05
0.968900203704834,-0.36159523017203093,-0.5699081033023853,-25.922995841953714,0.0012783980188756333,0.03301285391284071,-0.06351524927407744,-0.6772020998291544,0.0031325624562588555,0.2651179852874297,-5.8938144278460615e-05,3.1415788499747097,1.0514938828119695e-05
0.9768478870391846,-0.18186342574175848,-0.36882569424225564,-25.88441832925419,-0.0016499660239978797,0.021197932338421984,-0.06347809306422834,-0.6772204458256526,0.003128588810097897,0.2650803811048471,-5.940208772948593e-05,-3.141585596557112,2.2820084422587527e-05
0.9867954254150391,-0.29497913914653706,-0.01570740071697551,-25.853622362669768,-0.006459392562755146,0.034644883405132804,-0.06726698274484633,-0.6772476230051437,0.0031397900518010473,0.2650936456782783,6.0135062210481984e-05,-3.1414988727915576,-1.2033466629879439e-05
0.9968619346618652,0.0064883418784284,-0.5293131477510209,-25.89335883379347,0.002627213149290141,0.03339795331131632,-0.06350561740552828,-0.6772192042473657,0.0031248794317740042,0.26506470476455174,6.711624559629005e-06,-3.1415388570567018,1.5047581260475772e-05
1.0048770904541016,0.28944301855972,0.0014035566859787092,-25.7616741577171,-0.012576653000079535,0.03896633027277138,-0.06979080157178204,-0.6772071246159713,0.0031337990969129335,0.26505192103036035,-3.750113769972967e-05,-3.141575725497003,2.0144530227967478e-05
1.0147695541381836,0.11851917800909909,-0.17575278639841524,-25.777210411864917,-0.0017754430800501597,0.03757686226323841,-0.06498623818444119,-0.6772151770036946,0.0031512914130909417,0.26506411495336857,3.4121177857483774e-05,-3.141512500514804,-2.6138060732996648e-05
1.024993896484375,-0.42101877727522763,-0.13655072550186495,-25.79208781613423,-0.010783164161512015,0.027074797261421778,-0.07155093737245037,-0.6772138425447745,0.003139557210816403,0.2649905265606354,-5.3029099668768745e-05,3.141569282169447,-6.02913067012976e-05
1.0328218936920166,-0.24199358161348763,-0.1850908608714333,-25.779569097343494,-0.006637098496799781,0.02713101648120518,-0.0684935639458624,-0.6772278984179648,0.0031245468368747125,0.2649890823498181,8.017728701172525e-05,-3.141587235691078,6.324406419699153e-05
1.040804386138916,-0.08704129845730774,-0.20693263812048324,-25.76468767722607,-0.0030696434132868543,0.033574320894622346,-0.0708139603193337,-0.6772275407313905,0.0031606078686234485,0.2650235018755592,-8.019622449672927e-05,-3.141483911686753,-1.579096181120206e-05
1.050792932510376,-0.3298791133021313,-0.06074243189048959,-25.952548672870762,-0.005857291551364144,0.02835285634602998,-0.06830646486612435,-0.6772177589159227,0.003152532498984859,0.2649906177602206,-1.0143049472235952e-05,-3.14152083449502,-3.646398940125609e-05
1.0608160495758057,-0.22564572477621064,-0.4377579583569913,-25.769536078483082,0.001686401348701096,0.02099676443697002,-0.06383869905485617,-0.6772100086971059,0.0031480137063812936,0.26499356932660467,-6.765387910031713e-05,-3.141512845522885,-4.4294751268438925e-05
1.0688626766204834,-0.28868153031358473,-0.07041538299547058,-25.764089774487683,-0.009981661906100246,0.0297868863728983,-0.06581823800984357,-0.6772033811492841,0.003139952216844467,0.26496096603106256,-7.97215159841435e-05,-3.1415716509893836,8.027120071887027e-05
1.0768070220947266,-0.3444171266856992,-0.11642530967341011,-25.89533722686093,-0.010467181803250802,0.027535737996431425,-0.0625974303151491,-0.6772145971385789,0.003128471569430487,0.26493269128562696,-3.2238276216717215e-05,-3.141532552360902,-3.206497957504283e-05
1.0868148803710938,-0.4584160224826474,-0.678332380754927,-26.007542098315398,0.008577652269349733,0.022399729627340347,-0.06013478275863495,-0.6772101941421717,0.0031183649852420856,0.26493624116578846,9.387854318555206e-05,-3.141568774180328,-3.2787556002697546e-05
1.0948586463928223,-0.3641306300982075,-0.19086492098411845,-25.95458383483177,-0.005940104024124598,0.03202520440951803,-0.0684056181724553,-0.6772051895176431,0.0031282467301976704,0.26490581844724254,-7.405695176093985e-05,-3.14157854132228,-2.9296564572594535e-05
1.1048028469085693,-0.1637917305432798,-0.12423449351924065,-25.725432381207547,-0.00853851888877551,0.027433268622427294,-0.06858801538298703,-0.6772157250152627,0.003120548248983854,0.26489801476888686,-2.4851506539059595e-05,-3.141541772171962,-7.462069884194974e-05
1.1148643493652344,0.20440195160988756,-0.41749491064893685,-25.919723339226223,0.00017127883389733857,0.03175141738974737,-0.06984876145194675,-0.677200477027618,0.0031195462689039694,0.2648194500812767,-6.210709135692796e-05,3.1415053107196407,2.964765402259426e-06
1.124819040298462,-0.5138528334122582,0.07206358542202425,-25.72606372449511,-0.0089898241175431,0.026745851269572914,-0.06212157617648953,-0.6772099837620359,0.003112627395472767,0.26487005518062023,7.883519632775215e-05,-3.1415606847561595,3.7217138917544676e-05
1.1348462104797363,-0.023894643143861312,-0.26093956833871573,-25.74809962588297,-0.004164530112290073,0.03522617016055533,-0.07292319626388116,-0.6772097193997009,0.0031548674373857383,0.264808463287129,9.158743468372283e-05,3.1415510320287177,-6.125793497137293e-05
1.1428279876708984,-0.5591018725355126,-0.315310499157302,-25.557832769771093,-0.004225842431277609,0.019715219621837365,-0.0601715909269302,-0.6772117414100013,0.003134177740636431,0.2648314524634918,-5.798219296610886e-05,-3.141542447850209,5.781861385960786e-05
1.1528043746948242,-0.17146319520937073,-0.32320963445253303,-25.78735275251954,-0.0047016404416830295,0.025221166822345355,-0.0654428599064836,-0.6772193003346284,0.003136967327215001,0.2648460316182741,6.4039271986523e-05,-3.1415201776936317,-1.4458347994040444e-05
1.1628341674804688,-0.4435698970228097,-0.1160614335527098,-25.594541329945894,-0.006806546803577572,0.03307733517393554,-0.06582652863548254,-0.6771993987602108,0.003137722679472084,0.26480360916304324,-1.7869529205286568e-05,-3.141581492394727,-7.22610307037881e-05
1.172804594039917,-0.09016868396933361,-0.11677408320774373,-25.65628266075917,-0.00413185630740734,0.03362727106192439,-0.06849578034651273,-0.6772201179242183,0.0031460273614797806,0.26477018780787875,-2.7178822713006617e-05,-3.141576629227144,-4.0798745986504826e-05
1.1828484535217285,-0.11699957574624756,-0.06046172947985425,-25.99033036029403,-0.009753065605524877,0.029306420254620522,-0.06491359689106814,-0.6772204365671313,0.0031057505521301376,0.2647660823753617,6.720839188956301e-05,-3.141524443711794,-5.960912957640061e-05
1.1928074359893799,-0.17774806437199264,-0.2204760199008103,-25.683571328875573,-0.002410892603076774,0.03737921998579885,-0.06979388925749704,-0.6772138941192545,0.003150549508242433,0.2647644035257299,-9.482159787531237e-06,-3.1414940235999294,-2.6966040862687876e-06
1.2028546333312988,-0.31811141200310644,-0.030368417279312745,-25.790489288141693,-0.006298416318642724,0.023810226433469823,-0.06315524228390272,-0.6772148223644816,0.0031250389686928674,0.26474533711730047,2.8444640727239034e-05,-3.1415510877684887,-5.7743452884593027e-05
1.210862398147583,0.013935279785506342,-0.12706996072721616,-25.80948718306155,-0.006191594211036814,0.035211544098710676,-0.07311344286174573,-0.6772073957722416,0.0031342273341431956,0.26468299762211095,-3.331594800397025e-05,3.1415611168207227,-6.634730216303406e-05
1.220799446105957,-0.35768092844051075,-0.22727961740211333,-25.580768781742687,-0.005830903313931513,0.028567679040922746,-0.0706947331580639,-0.6772137627256068,0.0031523285524556206,0.26473998795393966,-8.153559298623098e-05,-3.1414826443510875,6.121703667826656e-05
1.228869915008545,-0.03509230369038692,-0.16954834690387693,-25.760616393758184,-0.004338867226131,0.03803809112606459,-0.07200977383047148,-0.6772247220282288,0.0031363381568191005,0.2647571017329137,8.101828120255441e-05,-3.1414514926682293,-9.418474582104309e-05
1.2389085292816162,-0.49882915855233595,-0.25393300063697277,-25.814142738967114,-0.0007268730610600095,0.024283731249611848,-0.06893085702917445,-0.677216655918501,0.003153835871274638,0.2647078628759085,2.47343611318847e-05,-3.141489394233307,-4.866365853913495e-05
1.2488441467285156,-0.08845023296041626,-0.4908086529128085,-25.919957310775313,-0.004397258621055413,0.02954720070904037,-0.06810799648173632,-0.6772079114839034,0.003142360720707297,0.2646869714927238,-2.147427556140951e-05,-3.141514062587032,-1.6046665936105798e-05
1.258878231048584,-0.3016762811857299,-0.1356111026189265,-25.85252061059374,-0.006575334133376687,0.02672323137406275,-0.06482174137492865,-0.6772094888903166,0.003140161789455359,0.2646583264439305,-3.330999459061824e-05,-3.1415521763248617,-6.0965610057121515e-05
1.2688641548156738,-0.38661693613422554,-0.5053264423587157,-25.878871630497773,0.005518984697612209,0.0351467742380219,-0.06793380277983634,-0.6772121823553658,0.0031438709396472745,0.26466484677881646,3.036263818615278e-05,-3.1414798041201233,-8.404301010391912e-05
1.2788214683532715,-0.048021001873040384,-0.04424392917897089,-25.701944421701853,-0.011336038091169516,0.03242345479921323,-0.06816035758634537,-0.6772135159232379,0.0031612181100412248,0.26462219066517806,-8.837025983366981e-06,-3.141509603209338,-7.412974901464974e-05
1.2888870239257812,-0.3277913110563753,-0.29145234867576414,-25.681473357072623,-0.007418637940883686,0.02936122400703144,-0.06613910561709734,-0.6772167393376215,0.0031260624097343755,0.2646023722012204,5.466851475891107e-06,-3.141529758592557,-2.7800256802798307e-05
1.2968194484710693,-0.23474637700392934,-0.36807183052795006,-25.795749646317848,-0.0049925537068672,0.029893539470522597,-0.06532043814836233,-0.6772171713728276,0.0031562735011337485,0.2645885691615749,-3.841314369596723e-05,-3.1415277695278343,-2.9817011344771804e-05
1.3067903518676758,-0.32445896622432224,-0.4677804213619718,-25.714995308628698,0.005477879879602692,0.022097038373403172,-0.06283617388420416,-0.6772234321717638,0.0031587192140573516,0.2645886757766591,-7.135347116823737e-05,-3.14151662101824,-5.623646451713106e-07
1.3167920112609863,-0.3370158798204466,-0.15625606672126377,-25.93903668673079,-0.002604074611820769,0.02932996969426195,-0.06386730846662104,-0.6772261508751738,0.0031417096622785258,0.2645855425878931,1.932051978407953e-06,-3.141473329246126,-5.938764670252722e-05
1.3267738819122314,-0.4493406031477033,-0.09437064486276525,-25.7592371942865,-0.012435732657117157,0.02926121313143761,-0.07032971633821175,-0.6772274788121544,0.00314106575080084,0.26455477480110934,-3.077890892454041e-05,-3.1414981606055914,1.378048264050017e-05
1.3368463516235352,-0.40804692200322,-0.29517631795231536,-25.829336951842,-0.006893810402934569,0.02047030869576103,-0.06719355224794521,-0.6772172105645273,0.003156516474805642,0.26456694563878824,-1.202417619205115e-05,-3.1414921843001613,-4.62261744979672e-05
1.346855878829956,-0.33249953361929846,-0.28580310911542034,-25.920732228700178,0.00016444658463062023,0.03597385560487479,-0.0676479599579707,-0.6772162734867849,0.0031412301404581907,0.26455944459202674,1.8637511326225682e-05,-3.1414488254449293,-2.703300492305527e-05
1.3547894954681396,0.06610385351132522,-0.21917405070601226,-25.80719687476221,-0.0033741832256911773,0.03345969455044314,-0.07547195538192923,-0.6772247303642331,0.0031307240628356213,0.26454920805777904,3.130897274524614e-06,-3.1414422923948275,-7.569562807339894e-05
1.3647699356079102,-0.21745750311351594,-0.41743077684149044,-25.83658413255123,-0.003044062531341575,0.030112385058880153,-0.06726649919788273,-0.6772106727870617,0.0031439885179027254,0.26452016611788365,8.543238744159852e-05,-3.1414536112979303,-5.78856553881292e-05
1.374772071838379,-0.24863531662889587,-0.10227730200021416,-25.84664050063295,-0.006542092135732229,0.028933731519668215,-0.07513847191985161,-0.6772091866317939,0.0031587821895584247,0.26449551575565994,-8.948976630745458e-05,-3.1414703951265324,-6.678254767536564e-05
1.384911298751831,-0.10461381998187202,-0.03373487094747897,-25.846450841112045,-0.010498698662176904,0.027611471840309643,-0.06969090319293958,-0.6772034447441387,0.003138881143367351,0.26446258322186866,4.583739929999914e-05,-3.141546338511392,-1.7458564400322538e-06
1.3929247856140137,-0.29574925040843747,-0.13375464784055138,-25.71596473283498,-0.0033898510732000347,0.026830862735201372,-0.07546291099470838,-0.6772108992948673,0.0031496953324167826,0.2644469994363093,-5.373307007809438e-05,-3.141507318038521,-8.511322358640746e-05
1.400860071182251,-0.24179783591201892,-0.49915090723053807,-25.69274889390498,0.0021879897830125034,0.03030809766944188,-0.06870977526105243,-0.6772178794665581,0.0031436217583468806,0.26445455182188254,-4.647158318321662e-05,-3.1414447485907866,-7.914672496063583e-05
1.4087908267974854,-0.454640967176811,-0.35218815220683214,-25.858559170086018,-0.0028375651045106955,0.024689554514082713,-0.07147920930434054,-0.6772271088059839,0.0031486356916915646,0.264412608933294,4.305405886419379e-06,-3.1415084694083855,2.0153030528812122e-05
1.4188251495361328,-0.4856679609160244,-0.25190349800959766,-25.864786662709385,-0.00912341681892534,0.023599777856473245,-0.06698875021106752,-0.6772208140629755,0.0031428503322600133,0.2643957760298795,-2.1920833040288254e-05,-3.141483690880395,4.616969348830872e-05
1.4288215637207031,-0.39980217315145533,-0.3298206004708028,-25.71161731613478,-0.0012748797474306443,0.03265927519057445,-0.06790920238998958,-0.6772070528000036,0.003143192735357755,0.26443559834099833,-4.177843083462212e-05,-3.1414714789036546,-5.352385350534804e-05
1.436793565750122,-0.04159719752034519,-0.31666326551294305,-25.77324304819501,-0.0015835514830944946,0.0317608664042789,-0.07042503859464821,-0.677212618156748,0.0031555588677714026,0.26436627576611993,3.699509833877793e-06,-3.1415371055112056,-3.657638483208324e-05
1.444772481918335,0.15968090680948835,-0.18758999847687247,-25.671559662823668,-0.006610002452193495,0.04066724072242996,-0.0707296785384004,-0.6772169580615324,0.0031694158103925244,0.2643910566655132,-1.5692705579990686e-05,-3.141487212688844,-7.872309355411286e-05
1.4547860622406006,-0.005196437487326561,-0.12595131817640418,-25.776308666279363,-0.008277757402521978,0.027940351187330483,-0.06260724695592702,-0.6772089574225569,0.0031319409105698775,0.26435639258306043,1.7668858382489892e-05,-3.141515278780798,1.5494002300495384e-05
1.464794635772705,-0.5724543820986351,-0.25356002467649286,-25.819284562881023,-0.0038530324295710902,0.028383145942226844,-0.06805454604306031,-0.6772209311968789,0.0031409765443308076,0.2643582084978949,-1.9840409244881303e-05,-3.1415123845729176,-0.00010402983541488923
1.4727814197540283,0.06524412666849398,-0.29666905775287267,-25.91915738738899,-0.001311597348357304,0.03859867882525754,-0.0659073000612203,-0.6772038712376065,0.0031507687295491563,0.26432799110393435,2.385469143885301e-05,-3.1414981159488913,-3.467975556910462e-05
1.4827673435211182,-0.3794476679839006,-0.2472841389622786,-25.961721688268984,-0.005365422881891474,0.027315349818738323,-0.06952548551610904,-0.677221537955487,0.003117693338612629,0.26435062571911827,1.9151202018457654e-05,-3.141396435278475,-2.9173164928900415e-05
1.4930598735809326,-0.12641762376781612,-0.48409476582842037,-25.906353421530664,0.0007391078544436589,0.029440979219054347,-0.0679749862111271,-0.6772275745531546,0.003136589977804564,0.2642986982340383,-3.916061663896911e-05,-3.141469956429143,-5.959134133412289e-05
1.5028209686279297,-0.2973281450169006,-0.2740245135136877,-25.918052223586336,0.0003087235544965982,0.026669361649061248,-0.07004399570810958,-0.6772142419168148,0.003178399778731744,0.2642808696306876,-0.0001257913053488514,-3.1414899432225734,8.223981007562177e-06
1.5128247737884521,-0.22497446952803132,-0.1892596657941548,-25.80418995156939,-0.004286845481752451,0.03067685321531236,-0.06673884546536929,-0.6772073274252227,0.0031511368684437224,0.2643223836760426,-3.122023248054158e-05,-3.1414253434747597,-0.0001509838154147834
1.5228362083435059,-0.4568836363718108,-0.5718680101503607,-26.009370006114732,-2.5458093836277882e-05,0.02617893151959521,-0.06437539798826303,-0.6772136563816,0.0031456905149229476,0.26427598620296244,1.9843371595524875e-05,-3.1414792439229324,-7.306117474116389e-05
1.530874252319336,-0.3472108307612499,-0.3116484917794064,-25.791053435631607,-0.0073542383908081505,0.03321273283214913,-0.06367711459127866,-0.6772230552794322,0.0031379387636272815,0.26426387095941817,-1.923576526413987e-05,-3.1414421717889023,-0.00010618729407022354
1.5388009548187256,0.34340611928128284,0.08142010922117843,-25.78354926522304,-0.004618062961093388,0.039435882458613236,-0.07331558064859456,-0.6772068150487427,0.0031050010862967007,0.2642004924661759,9.79042722356166e-05,-3.141532829401513,3.7336083120802745e-05
1.5488145351409912,-0.04190925615327515,-0.5457957295515555,-25.800808601463007,0.003503567517954254,0.03599159652012212,-0.071186755936873,-0.6772231547546891,0.003139434830251898,0.26423878190458316,-3.7297856903368526e-05,-3.141430246308097,-8.829742472392729e-05
1.5567514896392822,-0.39929173952780794,-0.5196672995850866,-25.966417281362933,-0.005371407755264838,0.03227053408109087,-0.07257189328840839,-0.6772217596625153,0.0031395766419779446,0.26422267542770844,-4.320094556782549e-06,-3.141456960152141,-8.650634338310704e-05
1.5648152828216553,-0.07327879927157593,0.024577111817868265,-25.795679813839204,-0.003406803218100345,0.035114741644485685,-0.07133444197481852,-0.6772113853468,0.0031214794548217934,0.2642379469612756,0.00014017752154719701,-3.1413881832214217,-8.241451706084175e-05
1.5748789310455322,-0.3603644655196713,0.07245564436581453,-25.90280304648569,-0.00951532621055086,0.02568587174296964,-0.06736147814724895,-0.6772116101744013,0.0031408470625791094,0.26416660310650764,3.351665429254338e-05,-3.141521029910608,5.3777898058737994e-05
1.5848324298858643,0.004046907860022833,-0.4590720764629368,-25.937782279105488,0.0020940237040033647,0.03469619393167441,-0.06864537050038254,-0.6772170031961319,0.003130148780824741,0.26415339885382494,2.9167733590436122e-05,-3.1414701470939987,3.325146166053491e-06
1.5947825908660889,-0.07350572509359476,-0.2283754978064504,-25.82156919374249,-0.0050259195778193134,0.03695173127992849,-0.07607687861521444,-0.6772235484090039,0.0031490904080545296,0.26415263595123917,-3.480568239044177e-05,-3.1414343574587997,-6.694370763834397e-05
1.6048338413238525,-0.5020512308706456,-0.5868124266607174,-25.99153285745364,0.005032625407996917,0.030088283772575893,-0.07131201389079306,-0.6772190748696414,0.003142250703830697,0.2641571380663273,4.232346234295506e-05,-3.14142632507856,2.3733900054728327e-05
1.6147959232330322,-0.05804414045899523,-0.39538713282172894,-25.875658804237105,-0.0028478160244810634,0.036162188440995315,-0.06796794878933811,-0.6772017654359551,0.0031152087784078104,0.26408361981313855,4.924371619023036e-05,-3.1415583434015377,-7.479349548477191e-06
1.6228408813476562,-0.07428765958019694,-0.28201234802189795,-25.745511394736674,-0.002828081124373984,0.02635714577041604,-0.07144740762434434,-0.677206100913901,0.003167727213022515,0.26410238830679705,-7.852793351228843e-05,-3.1414459421765257,-0.0001099063450356398
1.6307711601257324,-0.09112026271142636,-0.3212224271502678,-25.725605617964913,-0.0030537209798776705,0.029451921499104496,-0.06729096020995982,-0.6772183338528294,0.003153868390612631,0.264072343121638,-5.989019023205897e-05,-3.141481625272411,-1.813457231393461e-05
1.640845775604248,-0.4082479731358989,-0.31421375784453826,-25.94319909631821,-0.003439681320162954,0.0287167916772512,-0.07401873739378237,-0.6772116364759706,0.0031297457904863675,0.2640513648962573,5.055772619377423e-05,-3.1415000258074404,-5.172717457541651e-05
1.6488211154937744,-0.24750706087229027,-0.05299839363779314,-25.82142551582173,-0.01029386894037799,0.03615687946579961,-0.07123043681701405,-0.6772137023758729,0.0031511804816824955,0.26407236650318966,-3.071159256304376e-05,-3.141429605021305,-8.615762899943332e-06
1.6587793827056885,0.39707367205207655,-0.40858229635719606,-25.77675323661551,-0.00369703081973819,0.04208486992344056,-0.07954101444634057,-0.677208098982751,0.003159098413133874,0.2640225546678696,3.228621930395036e-05,-3.1415180914823306,-7.238999210578933e-05
1.66878342628479,-0.3355506998767571,-0.5836972161827607,-25.971835679361824,0.004385251639008938,0.025654415018552836,-0.06672137221977754,-0.6772193412203108,0.0031674571346224077,0.2640184190622009,-4.992763780831736e-05,-3.1414946219826683,-3.253323171604181e-05
1.6787939071655273,-0.6343571666763222,-0.16120034780427195,-25.778285634693315,0.0004808504295742928,0.019156576377200328,-0.06823115956694513,-0.6772171148947731,0.0031323438677299006,0.2640085704350351,5.086992735870258e-05,-3.1414795677676266,-3.182421788815765e-05
1.6887497901916504,-0.2922433814350488,-0.29493681722527265,-25.81089415521036,-0.0040667776682619125,0.032269356945595476,-0.06924029353881428,-0.6772130259474125,0.0031367405287171203,0.26398398510410037,3.995597184721231e-05,-3.1415037307022677,-7.656972490694439e-05
1.6987988948822021,-0.3988545398161346,-0.5394426283668345,-25.86457853588491,-0.003175368260811081,0.027830031041046536,-0.06246322541169688,-0.6772140532394354,0.0031559879573747826,0.26404924512976136,-3.632437574493112e-05,-3.141327681013992,-0.00011866362152046496
1.7088894844055176,-0.1034981225023101,-0.217696674085222,-25.834859470077845,-0.003897233511482431,0.030432561560013626,-0.07358217860513949,-0.6772021618172729,0.003155113051559824,0.263964417419541,-6.185444786402253e-05,-3.1414904480342773,-0.0001370027719561184
1.7188568115234375,-0.06337376377826302,-0.2646689660697341,-25.771807769063884,-0.002017413741807969,0.027763140550839442,-0.0707290366089161,-0.6772237090077912,0.003101554788412589,0.26398869113542883,0.00012371614385737133,-3.1413753963285624,-9.071235907187138e-05
1.7268242835998535,-0.2529642068455969,-0.38582738567545555,-25.91089372860373,0.0019221543277178278,0.027821151819644924,-0.06913053574509279,-0.6772182205495099,0.003126677479254419,0.26394589199366136,7.424078624976735e-05,-3.141453640246635,-4.624957657641432e-05
1.7367889881134033,-0.468924951863486,-0.3582890975599028,-25.77629276113064,-0.005872992448381054,0.028426016190979012,-0.0766313758422187,-0.6772070040680154,0.003149881169585806,0.2639454097420907,-4.871190509075596e-05,-3.141415615563834,-1.8454363431833225e-05
1.7468628883361816,-0.17825335884678034,-0.05031114432043433,-25.922417278143893,-0.013572549842239955,0.03182696823311901,-0.07469969213746477,-0.6772128113527209,0.0031291967332799926,0.26388809005073655,8.622577632724782e-05,-3.1414997510853317,-7.447632598863448e-05
1.756929636001587,-0.36121053739506875,-0.15482422007440041,-25.899093806763098,-0.003980815804053166,0.026275056426048597,-0.07402965120007678,-0.67720026750276,0.0031301152601212728,0.2638758871171342,3.3056310350233e-05,-3.141524165241317,5.123761306676154e-05
1.7667427062988281,-0.10414893225356713,-0.26704479763622013,-25.692667758225245,-0.004562692059900318,0.030913931449241407,-0.07379682672387847,-0.6772208605866412,0.0031259712111562,0.26393626336356346,1.4960536508236221e-05,-3.1413636949352535,-0.00013890262020359092
1.7768499851226807,-0.44068592185908434,0.1401850955800541,-25.656373711681752,-0.010304158618945377,0.028237505577547513,-0.07105340581655223,-0.6772171928056723,0.0031543829019219116,0.26388960935110567,3.349963793383736e-06,-3.141413930711908,-0.0001040777619107251
1.7867515087127686,-0.32445057564876334,-0.39957428467310835,-25.823710805714036,-0.0034016692005105114,0.023547765283258228,-0.07316874981659684,-0.6772175530647846,0.0031385293726759224,0.26388314976506966,3.3692205163175804e-05,-3.1413876407797563,-1.9883591115420148e-05
1.7947800159454346,-0.3946030834350724,-0.6494169756067659,-25.886331422003426,0.002427792277753357,0.02590864584234258,-0.0653946414530422,-0.6772115807388702,0.0031523007148195775,0.26387109514602697,4.8798256584361684e-05,-3.1413544263221262,-0.0001410433558445473
1.8047926425933838,-0.5964449208110422,-0.5028483779770119,-26.128399901796072,0.0001147714770737491,0.026862999471041784,-0.07359336784180477,-0.677226168563762,0.003131901074416389,0.26384013581462384,-2.2133250219813695e-06,-3.141384134973991,1.3782236288121166e-05
1.8148348331451416,-0.21921232624635756,-0.3777143608487904,-26.002164699689676,-0.0015683368472019922,0.024533304166398075,-0.07655722507183374,-0.6772103980108186,0.0031290784265857047,0.2638184457985462,3.0268902860046934e-05,-3.1414202408940928,-2.784163243910826e-05
1.824845314025879,-0.861635466885821,-0.5828708270614652,-25.924670017865978,-0.003828818940051975,0.017835915276924234,-0.06829096004939825,-0.6772099529594059,0.0031369039647323564,0.2637995718818702,6.081041028583191e-05,-3.1414669502817505,-4.566743202252966e-05
1.8348040580749512,-0.5249251441371324,-0.6470800215571066,-25.98552858482722,0.0031226195060237868,0.023191152767917424,-0.061970569805426055,-0.6772228646337423,0.0031163705281720116,0.263773581715535,0.00011546765102155868,-3.1414440593690607,-0.00013149292582971506
1.844832181930542,-0.5929265401042776,-0.23449467654441947,-25.96383117227721,-0.0024923158111451785,0.02247459299505423,-0.07122841634963673,-0.6772095869766037,0.003141126673218572,0.26374631520214037,-2.2573313072404293e-05,-3.141459029517669,-6.668887247058964e-05
1.8528690338134766,-0.14510092425601567,-0.552461639264956,-26.020935728930777,0.003213464334635692,0.029249334158708548,-0.07130318176484814,-0.6772110797804202,0.0031325388992895567,0.26374597876299627,6.455239134380398e-05,-3.141429574194694,4.851097561890494e-05
1.8628358840942383,-0.4403843262140342,-0.6494601913633673,-25.92010166727944,0.004759070821505934,0.027233866019122595,-0.062146637792550655,-0.6772179931831821,0.003152711902528576,0.2637637332206966,-5.4448720683935e-05,-3.141397380005751,-0.00011481616781084743
1.8728477954864502,-0.332223524259946,-0.5984228874397987,-25.962548814044645,0.001558438833286239,0.026812556404282706,-0.06865549940664667,-0.6772319157189775,0.0031241071497434296,0.2636904805968673,0.00011661914795570784,-3.141474483889129,-4.2304602763825635e-05
1.882795810699463,-0.55199319690189,-0.44335035422682056,-25.906569704096643,-0.0011140180449698569,0.026399359609552312,-0.06538273483922555,-0.6772103832473205,0.003121635128057409,0.2637354920406816,9.875521566883827e-05,-3.1413612308550265,-0.00011137369906111414
1.8928744792938232,-0.852872632626936,-0.35483190946140786,-25.95844244123174,-0.006409741359130189,0.01758769252260489,-0.06855811851275904,-0.6772219066133655,0.0031109260525388404,0.26366853684873315,0.00011013838951766204,-3.141443768306255,-5.169680863318826e-05
1.9027695655822754,-0.22170053262831071,-0.4515489617197993,-26.0601838796186,-0.0008300931140773105,0.02552546955498763,-0.06752238292618742,-0.6772181721678678,0.0031365784579845393,0.26363821309834823,1.1950398174172272e-05,-3.141504523291765,-5.1145761178156515e-05
1.9128201007843018,-0.3581669431325551,-0.4947023232025537,-26.06617940608173,0.0032359959538459013,0.030788061176636582,-0.06692440251450232,-0.6772272186645631,0.003141535268090426,0.2636533094672068,4.812850589349072e-05,-3.141391467442628,-5.596802963048592e-05
1.920818567276001,0.05176108796675448,-0.03315991652780932,-25.73074388467491,-0.008944781168452766,0.03381161310109141,-0.07485349298251745,-0.6772223844685433,0.0031389829364609103,0.26363657815378727,1.7844925908804984e-06,-3.1414215251843123,-0.00010349831624771293
1.928802251815796,-0.15053441288708128,-0.49028174194252405,-25.901620336397773,-0.00012148365509963376,0.025376973657336127,-0.06753774877695871,-0.6772205590582528,0.0031327827080590257,0.263590952840398,5.3130504372238413e-05,-3.1414627094328433,-4.481556234692268e-05
1.936795949935913,-0.1991256911523022,-0.22995120895360865,-25.906581450509808,-0.0033775338264098566,0.03353863778582203,-0.06710674433778253,-0.6772235758949144,0.0031165644047379698,0.2636064297624175,1.437995440055547e-05,-3.1414218486451344,-9.847986728128623e-05
1.9448184967041016,-0.21371387198029612,-0.3555415302217579,-25.922598680788823,-0.002893442354580315,0.032645002791802505,-0.06977625359240347,-0.677219735643805,0.0031562036066554735,0.26358542841365007,-2.8185992722780423e-05,-3.141449574513259,-7.4900658833479e-05
1.9548280239105225,-0.3944355578899045,-0.4351558914591953,-25.92177021963054,-0.00020517777589476341,0.028456851254629045,-0.06668250332441997,-0.6772341891638562,0.0031236294176252588,0.2635863208916312,5.421753456107635e-05,-3.141366096500857,-1.596551377622447e-05
1.9649393558502197,-0.23582291535631725,-0.2539397103323525,-25.794802422718185,-0.008219061324279657,0.030237595091670785,-0.06817107920073386,-0.6772282925118797,0.0031465143209534977,0.26358053663334235,-2.963510639466858e-05,-3.1413822397304627,-4.434140589153292e-05
1.974829912185669,-0.674515504381798,-0.21898282831295823,-25.75212952756649,-0.007044570397782094,0.01713763388294651,-0.07248298653660597,-0.6772275712827435,0.003127548084477135,0.2635897545022492,4.336424910983581e-05,-3.141339175214156,-3.2119367429175364e-05
1.984821081161499,-0.18843789281328108,-0.2549432160723589,-25.87304897645518,-0.0012734689397009744,0.024560771679114652,-0.07334132317166313,-0.6772317427321712,0.0031216936794105574,0.26358556235269764,1.4857240268026603e-05,-3.1413486160912596,-8.107727284361735e-05
1.9928171634674072,-0.7339263011803796,-0.49497606058872745,-25.82075214845667,0.002396783983430032,0.018761799480831225,-0.06358615783905416,-0.6772132044851237,0.003122350861083022,0.263520443360379,6.019103570287341e-05,-3.1414477234390144,-7.469003628050168e-05
2.0007588863372803,-0.2682519659715447,-0.30213374601452625,-25.901118338630518,-0.003524754322480795,0.02731386365596811,-0.06507588387565824,-0.6772293139610995,0.003133737988180583,0.26349493996892226,9.749396594471249e-05,-3.1414191476178557,-1.793893163986676e-05
2.008953809738159,-0.22868818961996532,-0.3408417634999069,-25.89370698692863,0.0003826032791732922,0.03392315928550475,-0.06811910683206192,-0.6772333850909937,0.0031191949322601103,0.2635401802346424,5.156409871829717e-05,-3.141305654068811,-0.000113331850753364
2.0188992023468018,-0.6974880641882328,-0.3629886366928246,-25.988563862450814,0.0010999092962874228,0.023715617518347092,-0.06541137808587325,-0.6772357336942375,0.003148102877628334,0.26350016494926193,-9.041135956760753e-05,-3.141340119029905,-6.14769444919516e-05
2.0289621353149414,-0.5985723258087758,-0.37666234809598476,-25.810330640310365,-0.005455545701214813,0.024195207298678134,-0.06852413249159155,-0.6772134567379527,0.003096552931484291,0.26345046661916904,0.00014838106857604803,-3.141457772073304,-3.2513455339132615e-05
2.038806200027466,-0.29042796118663344,-0.3716865707775419,-26.026156622949877,-0.005585462070963576,0.029689692426975597,-0.07052997396539339,-0.6772263850484751,0.0031226522120690226,0.2634566878586825,8.292002586236646e-05,-3.1414025108684824,-0.00011445913032145625
2.048801898956299,-0.29880440822871146,-0.3166056032369753,-25.901498319398495,-0.0024066601323063795,0.028233570422984213,-0.07227836290631577,-0.6772223926637163,0.0031529687499760807,0.2633984725595318,-7.161436774001671e-05,-3.141460678598746,-6.245035985727797e-05
2.0588231086730957,-0.27193409538640706,-0.214901186177529,-25.908458692712916,-0.002058926049565273,0.027287532940953756,-0.07363766971130616,-0.6772144737112432,0.0031139297682258368,0.26341516233811835,9.721008726962902e-05,-3.141414322699509,-1.3066706614871372e-05
2.0667834281921387,-0.06653028405746725,-0.06357478285517194,-25.888566440653904,-0.0065005237376731684,0.03385118895833746,-0.07460602813963842,-0.6772212856957447,0.003120656284617293,0.263382923413796,7.623420404355246e-05,-3.141458476379478,1.4221556607125064e-05
2.076894760131836,-0.3593067267226995,-0.473148057743533,-25.99849947049291,-0.006209148613796212,0.024858988226762194,-0.06983054200165582,-0.6772184955415124,0.00316420629812881,0.26339328632848874,-3.7516327499205033e-07,-3.141403088481555,-1.9297053666616133e-06
2.0868325233459473,-0.1062233745000668,-0.5250908501541892,-26.026065350093848,0.0037992251633800476,0.02431495602687136,-0.07259688767226795,-0.6772222405368011,0.0031374642986453545,0.26338362203369237,3.820417577744482e-05,-3.1413885685327085,-5.2313361479312654e-05
2.0968339443206787,-0.5275358078750032,-0.5506929238316375,-25.98793686239346,0.005969602436790068,0.0240337136941316,-0.06417871264191427,-0.6772115555314648,0.003161673254673894,0.2633228227896037,-4.429825263729155e-05,-3.1415150629845443,-9.161826759527054e-05
2.1068553924560547,-0.19449543078744208,-0.39223794264402706,-25.872080643299608,-0.0022493531264480135,0.03149482761096787,-0.06934871373836893,-0.6772196983190011,0.0031497917979512713,0.2633393936742372,-1.3318351709297357e-05,-3.1413955342321636,-7.556784874991374e-05
2.11676025390625,-0.41762239980154514,-0.5912103563950912,-25.871125454731505,0.0008394404588460928,0.02340772890136187,-0.06814592568412779,-0.6772308181302967,0.003108588321726234,0.2633367792503035,0.00015117608775484461,-3.141349363125619,-7.273059366759692e-05
2.1268177032470703,-0.5570566390393537,-0.542494305214464,-25.901911665268806,0.00019094294668040788,0.026719646953118494,-0.0699823239545464,-0.6772148641165087,0.003132085281947714,0.26331060809950746,2.7609097578587652e-05,-3.141407971105229,-3.30347913849513e-05
2.134746551513672,0.2116388755889893,-0.621602613446522,-25.775488907394486,0.0038746553349762666,0.03805798364309232,-0.0724626813149372,-0.6772325307808733,0.0031727082062516605,0.2632913519504371,-5.610147615454747e-05,-3.141406335371239,-4.577068162047087e-05
2.144758939743042,-0.1944518186106515,-0.3406899105291158,-25.93347130175253,0.004353086166146311,0.02071259927509704,-0.06815085270869199,-0.6772204447707426,0.003134892547460642,0.26331282154730634,-2.3626608205240258e-05,-3.141362314184684,-2.850196833124007e-05
2.1548049449920654,-0.4311043230208688,-0.33384773351901054,-26.034949669579923,-0.0019967448685143455,0.0303508464755488,-0.06958720064496675,-0.6772146468881896,0.0031630650242998764,0.2632814234336276,-5.658834817129021e-05,-3.141428836645294,-0.00011855979088697656
2.164771318435669,-0.2564952752701572,-0.6005395152173695,-25.837190932165573,-0.0021791797424764985,0.03894017089459036,-0.07298664507113829,-0.6772094562005554,0.00313122177170363,0.2632664492276242,-3.7905596115528375e-06,-3.141366519362827,-5.251604810090037e-05
2.174821615219116,-0.39556939594475005,-0.7191131709608164,-25.82778092121639,0.009260248380671979,0.018886719764907287,-0.06584924867611053,-0.6772214307743931,0.003125444626787483,0.2632925170511345,3.582297906988341e-05,-3.1413173797656415,-8.0757019463906e-05
2.1847729682922363,-0.38334194165851443,-0.5884066202704257,-25.907133389734845,0.006900864741583883,0.02412139997130418,-0.07292287654838459,-0.6772248651062502,0.003125044847800638,0.26323135860977376,7.360175465674586e-05,-3.141388769058165,-7.121884810761067e-05
2.1947226524353027,0.0024257286081245787,-0.43284767477777775,-25.745287952055076,0.0037475080164240246,0.03272484419558537,-0.07172835818558408,-0.6772146847960558,0.0031448832058567056,0.2632495196171776,-1.4488622855569095e-05,-3.1413484691324722,-8.410192109931909e-05
2.204740285873413,-0.11665395981058735,-0.4742083007925223,-25.935835712356102,0.000992589815779104,0.024646066379398823,-0.07251898813750599,-0.6772255829590987,0.00314873315734207,0.2631878328976802,1.1436651845108467e-05,-3.1414029272706836,-9.223865808108166e-05
2.2147958278656006,-0.6815851209091821,-0.38532502063140445,-25.85571909641511,-0.00030000220094107704,0.024867993329642516,-0.07260324233193927,-0.6772321457942677,0.0031259546725534416,0.26318329101113186,3.758660804832202e-05,-3.1413474298207356,-7.700258489276876e-05
2.224764347076416,-0.794955869332062,-0.4029843993083667,-26.032810661814185,-0.004960501164932964,0.018055320713359073,-0.06540675735058087,-0.6772350649918251,0.0031401612995823115,0.26318868161407405,8.440052247947531e-05,-3.1413030061144753,-5.1472925634205526e-05
2.234819173812866,-0.19221882181713257,-0.36753977650561687,-25.81700477932609,-0.003935303265170902,0.03431742290975156,-0.07038124760197476,-0.6772208181076083,0.0031543944315453394,0.2631417909513799,-2.4964783502173764e-05,-3.1414009935705205,-7.165623946226048e-05
2.2447569370269775,-0.4319214134029823,-0.3259237164834499,-25.79810531271069,0.00040689469867579456,0.022644784454399058,-0.06898363652588715,-0.677238785676641,0.003112986700908554,0.2631465349808433,9.033442784363986e-05,-3.1413170075087358,-8.631852087021974e-05
2.254789113998413,-0.4296851616345777,0.27219122282206076,-25.948411748070683,-0.015032488856407717,0.026162199024645165,-0.06988595085023307,-0.6772269304346953,0.0031299261490789964,0.26310129302997354,-1.941205801016121e-05,-3.1413707060090688,2.2290846557878575e-05
2.2628047466278076,-0.4589456697172023,-0.36381561556259356,-25.932156311108187,-0.003097662406487292,0.02527683922000627,-0.07419867359708371,-0.6772387957983782,0.0031193378076557264,0.2631310816395237,0.00011655343963070002,-3.1412786669198263,-2.6493750756658174e-05
2.2728824615478516,-0.368666995116369,-0.5854967703820897,-25.940957478249654,0.0031330360309282596,0.02583593957239762,-0.07350540543507443,-0.6772284988159032,0.0031157876783459654,0.2630766859042144,0.00013720477371228384,-3.141411890867655,-8.818675471358558e-05
2.280787467956543,-0.15955305562146824,-0.33222336359524196,-25.878274807214034,-0.0015877036182194502,0.03260301419268718,-0.0726802982347172,-0.6772327661501938,0.0031567366842031536,0.2630817153831238,4.4350825195884904e-05,-3.1413361576417187,-7.26031245784882e-05
2.2887685298919678,-0.14716295026289392,-0.33175801489376433,-25.862158164224066,-0.004303482932863346,0.033894050899915665,-0.07026600686371705,-0.6772373123828205,0.0031661240747118584,0.26309468549321285,-3.7030866887869156e-05,-3.14128838783959,-6.350091948382926e-05
2.2987606525421143,0.2739905122269143,-0.2422759614757631,-25.907749355435033,-0.0038355827336004865,0.03847199351665233,-0.07694900373982387,-0.677220493184256,0.0031212208364548278,0.263025852638831,4.75478236977315e-05,-3.1414280968465715,-6.863249430267364e-05
2.3067688941955566,-0.1907596329658614,-0.36837351073497904,-25.883559531646497,-2.7811399436157092e-08,0.0363969188285154,-0.07230301692712232,-0.6772475946584052,0.0031593553511342592,0.2630071940285933,3.335596087776553e-05,-3.141363863201071,-5.779310438227276e-05
2.314774751663208,-0.3699473183773626,-0.365586144863274,-25.939795120986805,-0.005256865939330411,0.025974732171808665,-0.07172425765437168,-0.6772230737189704,0.003135499134727333,0.26303200618173267,3.892782492686063e-06,-3.1413152131985385,-9.920576717846939e-05
2.3228116035461426,-0.12684169944829637,-0.46920241611645996,-25.80069650376051,0.0009889234285834602,0.025633241246949146,-0.07063909299260435,-0.6772357923482983,0.003128650406614152,0.2630531372676978,1.0673394161307718e-05,-3.141262523109795,-0.00010941575712540308
2.3328466415405273,-0.5807877001749546,-0.5749379640521223,-26.143756429234923,0.0026226832963088995,0.01934042650068219,-0.06854296305129108,-0.6772312304887645,0.0031533278740334208,0.26296279199008554,-4.764359889199511e-05,-3.14140773135935,-6.916931306514847e-05
2.3408925533294678,-0.4293981439178307,-0.32364654045407254,-25.832304930897983,-0.005658446834599994,0.027609149956900742,-0.07071765681985802,-0.6772326880904528,0.003137582758291813,0.26299378410412355,0.00012001273802375734,-3.1412993357345367,-9.951861488027157e-06
2.350865125656128,-0.3506874079688833,-0.36385725902549165,-25.685685923614653,-0.0025558651903744996,0.026216432387614015,-0.06703169161619635,-0.6772350624465067,0.003154414114459995,0.26300036128393217,-3.471529343982794e-05,-3.141266194914957,-7.48130677076098e-05
2.360762596130371,0.15693483530739888,-0.3618837197861651,-25.737980818393076,-0.0016321710936417436,0.03267629568091816,-0.07496528963956064,-0.6772328115263131,0.003143718582546247,0.2629649714113909,7.021148814145228e-05,-3.1413216473551913,-6.903029308914591e-05
2.3707993030548096,-0.5053237861684982,-0.25655992257464744,-25.916735876110668,-0.0017007610969573734,0.027224413615886324,-0.0731819123156722,-0.6772373084236522,0.0031151940016875906,0.26297261425542634,0.000114772063614682,-3.141282614306613,-0.00018851482596565989
2.380981683731079,-0.37422226722378427,-0.12778664893650726,-25.78075173852456,-0.011552943812446028,0.027701938007316244,-0.07123113444603224,-0.6772273009822407,0.0031268984862808814,0.2629056774699702,0.00011356516785087196,-3.141368263316574,1.9085834853454703e-05
2.3888869285583496,-0.5656735738732458,-0.4733774703429319,-25.847616606564415,-0.0009027104194279859,0.02381057021907001,-0.06615835807674526,-0.6772362261906434,0.0031228682021971414,0.2629252915194304,5.109785625637528e-05,-3.1412977760766667,-8.99391090829084e-05
2.398805618286133,-0.09301980143343787,-0.20764139491081915,-25.98303692557668,-0.003863918349373803,0.03018189974488785,-0.07464682915660387,-0.6772244231859899,0.0031791674469814615,0.2629021722193546,-4.018660706685204e-05,-3.1413514086966,-0.0002039952228135505
2.406794548034668,-0.3028359076976417,-0.062175178319148754,-25.97496325320046,-0.0110478225990572,0.032602973337320915,-0.07458000309603491,-0.6772217298730804,0.0031445604970982218,0.2628774478704829,4.366674609839444e-08,-3.141343693322826,-6.781024177520659e-05
2.4168925285339355,0.0354673892060677,-0.1470888637841154,-25.91872739347956,-0.00604036313858995,0.03619052608215857,-0.06790605965642682,-0.677232896154397,0.0031414732633738805,0.2628676200976269,-3.2717883475930846e-05,-3.1413325141254598,-7.824057418790101e-05
2.424769401550293,-0.31977450202208263,-0.6503977718167189,-25.75784145996513,0.0006573710636316924,0.028560276695492073,-0.0705198787059317,-0.6772349946284671,0.0031307327330559907,0.2628504661445352,-5.087976812741893e-06,-3.1413586575220194,9.699860769264805e-06
2.4328677654266357,-0.271954108348231,-0.47981548333456386,-25.880425914894964,0.003555199767130357,0.024055227139065133,-0.06944119628397907,-0.6772260774552149,0.0031810881655945384,0.26287068610280484,-9.589109357602641e-05,-3.1412992851464727,-0.00011474644968474977
2.440758228302002,-0.5132665604154371,-0.3311579617639526,-25.804534096864277,-0.0028069173919338876,0.026872046369707935,-0.06491398917526996,-0.6772333837924713,0.003152185548826189,0.26284723774504365,3.0962307848747585e-05,-3.1413075016985137,-0.0001119549862905026
2.450768232345581,-0.44563726586341695,-0.3604441127384413,-25.784623400919937,-6.404761407397458e-05,0.026429422698170786,-0.0673362949577429,-0.6772379003207365,0.0031196858572227304,0.2628475581233357,8.532476574929656e-05,-3.141262525127686,-4.832180323520133e-05
2.4587905406951904,-0.33657927562136997,-0.4996665982367867,-25.817560958583968,0.003183849122609978,0.021191541071962448,-0.07349332927889621,-0.6772297944295028,0.003118755695733921,0.26279317958175286,9.070789560193103e-05,-3.1413506020739725,-3.190450447575018e-05
2.4688212871551514,-0.36974143278509,-0.34610485490832826,-25.92806542054498,-0.0016871314005446568,0.025069130058182183,-0.07063725979951734,-0.6772390808517016,0.003118475198691815,0.26276874045051724,0.0001310499704387088,-3.1413272356891944,-5.530953025571961e-06
2.478761911392212,-0.3066493504169712,-0.5599401893651696,-25.809001969745445,0.002309980035405788,0.033862107980305124,-0.06896987310713192,-0.6772349017071385,0.003172806212041282,0.2627653833975738,-3.7233143529857976e-05,-3.141324778517602,-8.189491276483718e-05
2.4888124465942383,-0.09951331313821794,0.08601707545287335,-25.64752246477359,-0.01096699345179939,0.035951238414688745,-0.07306029992928224,-0.6772220224075522,0.003120710513568323,0.26275057624528303,8.690206331493668e-05,-3.1413219791886644,-9.927146595196135e-05
2.4987876415252686,-0.21622751835758056,-0.37285313395554925,-25.795304221001217,-0.00413459309980959,0.032083113225943906,-0.0659561886358176,-0.6772417697725676,0.003143986034800648,0.2627683138175318,-1.0840152518991104e-05,-3.1412437391763612,-0.0001573694554631576
2.506761074066162,-0.5781639320586598,-0.3642565403823882,-25.906414100200884,-0.0034905809808195316,0.018863632304851687,-0.07350723255692167,-0.6772166077422055,0.003124158426212409,0.2626901109397466,4.729101784332598e-05,-3.1414221761829073,-8.813892998239253e-05
2.516791820526123,-0.5205855570488036,-0.4490468445443637,-25.999567925246122,0.0037836273820283256,0.01959804903254676,-0.07081581587720688,-0.6772365556084292,0.0031038457650349118,0.26268809809364235,6.660517760826321e-05,-3.1413510675690177,-3.217877356839963e-05
2.524808883666992,-0.5097763962347327,-0.5823059296422685,-25.83749624834396,-0.0010613857874570757,0.023161321318437116,-0.0636949595232662,-0.6772160949121286,0.0031470412347669695,0.26270382580829954,-1.0290181420753215e-05,-3.1413328334484345,-8.302200000882753e-05
2.534816026687622,-0.529148737826907,-0.2872907808057888,-25.836139814404504,-0.004242488400878583,0.01913391369276298,-0.07123771060570697,-0.6772306974747688,0.0031378360599751223,0.2626815299897488,4.855331079519521e-05,-3.141318551167335,-7.371174962623011e-05
2.5447990894317627,-0.139481654284494,-0.4847034240297056,-25.827271472573546,0.000978007605057971,0.03615730302635787,-0.07580410367799419,-0.677227831109261,0.0031171661995185638,0.26265057504296807,8.8967926465979e-05,-3.1413134810721477,-2.9851721889940003e-05
2.552755355834961,-0.35599366087736833,-0.407647744567985,-25.945362243847853,0.0013941629403278178,0.029660406959766756,-0.06926087005039569,-0.6772351202900679,0.0031250261392391826,0.2626607494533316,4.9985167078311284e-06,-3.141293317238576,-8.92716598771293e-06
2.5607495307922363,-0.33643601542685075,-0.41222449939522315,-25.849035074685922,-0.004507590763532396,0.02284767007341245,-0.06831252917261095,-0.6772226313537356,0.003133758383776733,0.2626476158049226,7.915166945276391e-05,-3.1413364635241785,-0.00010729999833601485
2.570763349533081,-0.3554010203715476,-0.8018449020937144,-25.881539397887252,0.009808173707311595,0.024301565908350854,-0.06928979568057735,-0.6772271544814071,0.0031516556425611525,0.2626582214269587,-2.6626920373575404e-06,-3.141328540796736,-0.0001222089282585371
2.5807552337646484,-0.000516343178765798,-0.24939139645108224,-25.900639609219382,-0.0020203355581787396,0.03705836818206297,-0.07313487477073176,-0.6772307612906027,0.0031274943634886383,0.2625999630412438,6.138273783184581e-05,-3.1413322992435995,-0.00012727696739037232
2.590766191482544,-0.09721511375980663,-0.12423407138032147,-25.757552137250467,-0.006459861034630261,0.0352426122767067,-0.07112601673796509,-0.6772262023902116,0.0031734056557259677,0.2626180542536042,-8.498053952660157e-05,-3.1412740852452083,-0.000141329520629495
2.6008286476135254,-0.24049961850922857,-0.21776840032725014,-25.90273997048491,-0.008420443103375771,0.02782306791748075,-0.06935486237786331,-0.6772111442692976,0.0031660074053284355,0.262582001117294,-4.527920138140659e-05,-3.1413481830764765,-9.585457475773161e-05
2.610818862915039,-0.37499203627637395,-0.2819175095588217,-25.753501084953136,-0.003166103333355692,0.031351932428692435,-0.07375702192264634,-0.6772329831255957,0.003139456157161559,0.26259127465019627,8.673404512166073e-05,-3.1412314383112045,-8.816127849648114e-05
2.6208813190460205,-0.23306736915014972,-0.4565583454709916,-25.726710055929697,-0.00046730006968273845,0.027149264040922872,-0.06959014231085284,-0.6772282314335865,0.0031425824394175927,0.2625423381211148,5.828480283750194e-05,-3.1413173449910783,-7.940270654919048e-05
2.6307923793792725,-0.43085021652498323,-0.7646678961663516,-26.12613266592847,0.007829585686106179,0.023984789531421306,-0.0682988975340005,-0.6772311793182967,0.003150208861849429,0.26252431208929183,3.335473333339668e-05,-3.141309755669762,-0.0001932096414834475
2.6408185958862305,-0.07079656983860971,-0.3659802685047939,-25.870549588026616,-0.0034637531869489936,0.03336150296729647,-0.07247508020523784,-0.677233915014038,0.0031510818362699717,0.2625403046574306,6.607496519263311e-05,-3.1412920922944676,-0.00010656735693831567
2.650808334350586,-0.046261172469044515,-0.3565294433713939,-25.708647007425476,-0.0005111121485663435,0.03348240041433652,-0.06928939137441874,-0.6772237829517266,0.0030999865697049285,0.2624676331126454,7.336375327930872e-05,-3.1413798068819516,-7.090374756985359e-05
2.6608591079711914,-0.18868047634993693,-0.29037276586062477,-25.90216590347696,0.0008355723458268594,0.02760008025520084,-0.06694487286823243,-0.677233688888046,0.0031272663946750397,0.2624755770285414,5.2737609632845745e-05,-3.1413274915677043,-7.319544715426927e-05
2.6708247661590576,-0.3984733445900926,-0.44095768807012536,-25.923081565800558,-0.004437572655184543,0.028003192710365648,-0.07051858032327545,-0.6772339915318911,0.0031407485478717277,0.2624990273866324,3.6674709168086974e-05,-3.141260423801306,-0.00014900364108838416
2.6808531284332275,-0.45991143298774095,-0.13732312287662596,-25.846707207839057,-0.004700313255028461,0.02847388615854282,-0.07118377452178237,-0.677217801486344,0.0031145475637647697,0.26242360154051764,6.76307655098401e-05,-3.141379000533557,-5.1508471171229476e-05
2.6908133029937744,-0.4607822370122631,-0.41655899621072917,-25.663723404441033,-0.002602796241896122,0.020965452499829583,-0.07505409438348488,-0.677225845044242,0.003143457928442951,0.26246277544273716,9.766341493278707e-06,-3.141265020466387,-0.00012107143797000184
2.7008252143859863,-0.31232668023325605,-0.3152652731973795,-25.811329373191512,-0.0028945961030944455,0.02848843617378517,-0.06639307307622179,-0.6772403949381003,0.003134967228062898,0.2624815042798677,-3.4380910216699e-05,-3.1411562407429954,-0.00014905738290084587
2.710780143737793,-0.32509464964413154,-0.20559469681303705,-25.81543995465959,-0.003015525425718776,0.02905130765152043,-0.07273166630176665,-0.6772219153548071,0.0031145698150471758,0.26242465793826786,0.00010840901836830759,-3.141291229860755,-0.00011915754130434469
2.720850706100464,-0.18558608524675213,-0.24156853478781237,-25.91189804611766,-0.006114547806133807,0.025197833711166358,-0.06668768407178229,-0.6772357414908989,0.003112064941904615,0.26241850048470533,0.00012044033437937199,-3.1412229051533966,-0.00013404072945190942
2.730776071548462,-0.29267179360120216,-0.5142052913386566,-25.85315241404136,-0.00042122663227893556,0.027469929435310358,-0.07342910466035606,-0.6772225157671408,0.003129616667348963,0.26240435188065564,6.175932226817421e-05,-3.1412763341041647,-3.885094550918407e-05
2.7408626079559326,-0.22881867914113982,-0.6777218180426203,-25.76722963832815,0.009364165147308345,0.028106274853865746,-0.06911002774506111,-0.6772166776112697,0.0031290854602801514,0.2623456122422967,7.632416973269838e-05,-3.141357045045455,-6.983253118808907e-05
2.7487499713897705,-0.5269666755642389,-0.4777884008158163,-25.824126481095288,0.0008147857698868873,0.021526484824521245,-0.07395779368861284,-0.6772354693911823,0.003140658398985346,0.2623258760278241,0.00010912461517291087,-3.1413209743125936,-7.592716540644864e-05
2.756894111633301,-0.5767613797163437,-0.4187495867026377,-25.772826062523528,-0.0030582634788026693,0.018419643518452287,-0.0724694011292737,-0.6772374266538066,0.0031538393784512494,0.26232966278539926,1.6332522275252714e-05,-3.141310597933468,-0.00013811963410851258
2.766737937927246,0.01946362976929369,-0.5108988109319014,-25.618340063839593,-0.0010183063146380735,0.036318660322373804,-0.07123010360076137,-0.6772240768983235,0.0031417391571201144,0.2623664704929417,9.429474813286413e-05,-3.1412007331879783,-0.00015491390582504584
2.7747178077697754,-0.11845969956455697,-0.0006197539903395966,-25.62080657313106,-0.00801924899594082,0.030590119985760934,-0.07246697121022312,-0.6772370470172769,0.0031299468235002877,0.2623421717450661,3.0653797037221744e-05,-3.1412184678814286,-6.35516598175725e-05
2.784747362136841,0.05711587102104067,-0.2308507678880023,-25.739862800647646,-0.004296423325823558,0.03306459930162299,-0.07002137919926353,-0.6772258019695228,0.0031405358349291803,0.26230064006398385,1.3117139754721682e-05,-3.141267278780275,-7.881411188487792e-05
2.7949209213256836,-0.3451003405693608,-0.5974813775603809,-25.690990624923224,0.00010060542472372344,0.027298608721992905,-0.06462523212283165,-0.6772433380511594,0.003157224052904516,0.2623173722183544,-3.350054132422029e-05,-3.141174934579789,-9.09258211200705e-05
2.802757740020752,-0.20571558578446383,-0.3393677329634112,-25.660210278849338,0.0009551014754259383,0.02338798285068795,-0.0674225044920095,-0.677227480195501,0.00314532334426011,0.2622995441499689,6.1223907656967095e-06,-3.141227067094345,-6.560378972051162e-05
2.8127710819244385,0.04030411844314679,-0.3376802638970734,-25.723845925404458,-0.002206963349533134,0.03863707799350378,-0.0736117374161945,-0.6772330233680732,0.0031326530851601905,0.26228349992772154,8.310038417524148e-05,-3.141263017183727,-0.00010603908521439199
2.8228659629821777,-0.34111533551645923,-0.5078014937191855,-25.875252657161557,-0.002406860960005326,0.022168726197772885,-0.06662762233804985,-0.6772112801113815,0.003115052084308215,0.2622408207277333,0.0001496628775892637,-3.141308419038322,-0.00011002044443007502
2.8308002948760986,-0.23532592074665648,-0.3877480461906673,-25.68564874202476,0.0034053872447804357,0.024917831829625793,-0.07395814092463221,-0.6772430622318565,0.003135039040002917,0.26228565900922535,-1.7816437429613527e-05,-3.1411119561900445,-7.003642667803876e-05
2.8407459259033203,-0.0803887700864343,-0.25149912564902305,-25.679464951525013,-0.005464891284162239,0.039773713968956015,-0.07781484254223232,-0.6772277146335667,0.003155773063309598,0.26223998629690537,-6.491244315368434e-06,-3.141256124411189,-4.808742414607618e-05
2.8508853912353516,-0.19348780629304957,-0.5309703889417974,-25.751150437937238,-0.0007532129514911042,0.026341624802376267,-0.07447415443771886,-0.6772350158842002,0.00312030843192081,0.2622328012166229,7.391451613916659e-05,-3.141183396959406,-0.00011164520929483509
2.858823299407959,0.029243276189095828,-0.4647495918838633,-25.875214893675125,-0.0004390783375296462,0.031756511256157055,-0.07190047234003182,-0.677232588386589,0.003132831200126705,0.26220616427397153,4.527834083718674e-05,-3.1412420357623394,-7.36194471059349e-05
2.8687500953674316,-0.5261451339204891,-0.3051613246275054,-26.00722871940843,-0.0037221266136399107,0.020483597828351,-0.07019977048909723,-0.6772429518600309,0.003155512686119925,0.2621510000141008,-9.826753595630497e-06,-3.141235706808224,-4.915592330593229e-05
2.8788001537323,-0.35262073701837343,-0.4343363189305089,-25.888432043869592,0.002996687442090338,0.022877692870886587,-0.06919779014277117,-0.6772315567009001,0.0031357058946174664,0.2621586560928794,6.718193503363463e-05,-3.1412518051066143,-0.0001204176971814625
2.8887579441070557,-0.6015599684054135,-0.37508697106706357,-25.751507902105107,-0.0031711221923640676,0.02260229633296091,-0.06815369662888837,-0.6772317593139852,0.003117946710522967,0.2621591409200968,0.0001213456656987119,-3.141286391401648,-5.2133770509672515e-05
2.8987603187561035,-0.19242839257144653,-0.5669054605815697,-25.84248022385217,-0.0017725770613478018,0.028150165688337874,-0.07639734644013745,-0.6772270801008123,0.003145405474738111,0.2621509119728094,4.1909713469198626e-05,-3.141254337741779,-0.00011413470241891839
2.906888484954834,-0.37908914997972776,-0.1844141540015011,-25.847919499189025,-0.0016717665139668223,0.019947613378029215,-0.07353767621773746,-0.6772376614450725,0.003140819267284783,0.2620765369756374,3.5599551652670494e-05,-3.1413317509605667,-0.00011024641868377737
2.9168853759765625,-0.20685094923773165,-0.3821992142726643,-26.077538668930348,-0.0009410315866658002,0.03193513762639473,-0.06903306296215538,-0.6772410118479517,0.0031554258933773737,0.26209892337074425,5.545543070590209e-06,-3.1412413705279985,-0.00015068085455893163
2.924872636795044,-0.18880176258641526,-0.403186383065755,-25.73728123029398,-0.00259461735449133,0.0270441302278411,-0.07424933434197974,-0.6772311266714429,0.003116161424091742,0.2620892935074688,7.375317068601546e-05,-3.1412658352562555,-0.0001625487140629349
2.93278431892395,-0.5103701250888871,-0.3489601203443409,-25.755118050402633,-0.0015166338713712012,0.018172349113257442,-0.06688447942904097,-0.6772311988492548,0.003155424216245406,0.26212466363145653,-2.929494615539059e-05,-3.141178609240204,-0.00010658548084013623
2.942720890045166,-0.404856165483584,-0.3702847278854908,-25.912140666552858,-9.917134350970877e-05,0.026293702976168416,-0.07163811830417115,-0.6772332015521042,0.0031415519462697243,0.26208298569275296,5.0627067963802976e-05,-3.141202742452339,-9.848714837639324e-05
2.9528024196624756,-0.5067087481814372,-0.6935864448049077,-25.905266499099945,0.004243816796337097,0.02177065981196293,-0.06701861534396915,-0.6772269436030314,0.003135435173573389,0.26204263634107283,0.00010211758152987593,-3.1412906276161476,-7.543170718868606e-05
2.9629130363464355,-0.7400065261137376,-0.5476550274232515,-26.00536438316878,-0.002504661701714853,0.017025226877108772,-0.06583952565884398,-0.6772330382219223,0.0031735974406596583,0.2620429782955817,-5.381799968434246e-05,-3.14123745202288,-9.926066911294754e-05
2.970756769180298,-0.1890579768189944,-0.46371060183904766,-25.88945366352541,0.0018859476134088036,0.03118139128903859,-0.06644755617587811,-0.6772411250507724,0.003127227912257685,0.2620127739869418,7.057690321172371e-05,-3.1412134869593293,-9.97198950266828e-05
2.9788615703582764,-0.3662994528580664,-0.5005575011014868,-26.16786419378877,0.001295493666921866,0.01869090494022794,-0.06995451883578387,-0.67724289071747,0.0031405215302509576,0.2619901275221588,9.857865528414542e-05,-3.141287012139815,-0.00012125463930398116
2.9887726306915283,-0.5256725107916868,-0.7718017624366437,-26.056650855504056,0.013645408622539197,0.02242366018131087,-0.06985054122552445,-0.6772382899263086,0.0031493353882297804,0.26199920712630176,-1.6863718393564637e-06,-3.1412095891001135,-0.00010765935804954149
2.9988322257995605,-0.07032996896111511,-0.6678990782248904,-25.924458553832487,0.005961703315993866,0.02917833656379195,-0.07752166575606276,-0.6772346837507065,0.0031290723334973414,0.2620028645312066,8.539943700167798e-05,-3.1411924272281846,-0.00012685801850064173
3.0087742805480957,-0.5102614922712537,-0.6027137385311967,-25.861217197987532,-0.001206162900628899,0.027120542062627987,-0.06924290197876819,-0.6772388727396882,0.00313282024459752,0.261977997807304,6.466098262140462e-05,-3.141213289627024,-0.0001658522675679094
3.016765832901001,-0.472649989419589,-0.5374966736295682,-25.93000861683907,0.0011505828121544503,0.019432633413854462,-0.06992565467093517,-0.6772219071562053,0.0031425572524239487,0.2619302397160991,3.549026560525631e-05,-3.141245754085772,-9.523864938525022e-05
3.026719808578491,-0.6505711655240286,-0.4034462340446047,-25.971850468372686,0.0007788755560373408,0.02106059586851807,-0.06734673262190827,-0.6772444714581352,0.0031454727307629647,0.26191265655075585,7.268127608326112e-05,-3.1412663149364626,-6.049764955526113e-05
3.03684401512146,-0.29407621006790885,-0.592227557532346,-25.84379515959925,0.006246587531680589,0.029861131776824288,-0.06801487413201088,-0.6772285385035052,0.003097885529165925,0.2619260804922612,0.0001173105980750087,-3.141225647826951,-2.8263004932954883e-05
3.0447661876678467,-0.24099720151352774,-0.7005854338089244,-25.785711835537974,0.008598086551546834,0.032650774266624,-0.0749449186794707,-0.6772319600058768,0.0031197929747414253,0.26187210835075686,9.899692434158136e-05,-3.1412834064877497,-8.962003060282027e-05
3.05478572845459,0.06507617644961194,-0.2865416937295,-25.80604475745293,-0.0013404916124445255,0.02947944159924293,-0.07205853043322583,-0.6772355700717604,0.0031485572862894164,0.2619203766329571,-1.1087057234469948e-05,-3.141199195387039,-0.00011004736823097536
3.064770460128784,-0.2276555725228694,-0.6181662086915577,-25.90448940960305,0.0021651922968375574,0.029895774527272077,-0.07141116538188451,-0.6772273128754155,0.0031418179056372612,0.2618564094309843,-4.101159875046329e-05,-3.141253701511122,-0.0001110414387015645
3.074780225753784,-0.5328445681446325,-0.41702895543616875,-25.75022630748497,-0.003582900450514881,0.0249802460719456,-0.07001411226506092,-0.6772261960577375,0.00314536439604744,0.2618545816266274,2.716815570684876e-05,-3.141256812010644,-0.00012379132972970764
3.082753896713257,-0.26809510892222765,-0.6440953335218222,-25.822610203314728,0.0008325245513554142,0.021644977167793292,-0.07598356430244409,-0.6772339513076407,0.0031346715465440673,0.2618469159560668,2.7643508605094295e-05,-3.1412191357555916,-7.002160056426184e-05
3.092808246612549,-0.5532139814211161,-0.3937454401503108,-25.967366030569337,0.0030040786911743602,0.02444915259899492,-0.07363055702705182,-0.6772311492559908,0.0031331982519442313,0.2618421281713577,7.467400157441349e-05,-3.141186053931942,-0.00011329980468091023
3.1029083728790283,-0.5412592833688247,-0.6343410529184805,-25.779464128331462,0.006134827599944858,0.018928552807312128,-0.0678829693061542,-0.6772291866307611,0.0031276113472701625,0.2618119975563463,0.00012356090751487828,-3.141276062125959,-3.24223411537564e-05
3.110785961151123,-0.7034147950463763,-0.5404375501092105,-25.952644890017922,0.0014963749296727385,0.016023183451549117,-0.07117127828157462,-0.6772360509671805,0.0031496670083136138,0.2618146309276279,3.03672121714175e-06,-3.1412033585479167,-8.157762366019656e-05
3.118837594985962,-0.27032553398402587,-0.6400344487328385,-25.850305698145895,0.0055010697644595685,0.02465986267944332,-0.0733858418696077,-0.677220019145423,0.003123912332157483,0.2617490798449027,0.00012901223080346924,-3.1413178289688317,-5.8099805400058204e-05
3.1287996768951416,-0.24180049037749174,-0.41810996886615,-25.893000760638635,-0.0018295811043660016,0.02391614864947924,-0.07553077043843606,-0.6772343002724062,0.0030986076211603473,0.2617768682519227,9.654514461256546e-05,-3.14121825812867,-8.860483659565989e-05
3.1368026733398438,-0.2851783645706989,-0.628142111488867,-25.90768990348568,-0.0020879621272547394,0.03063505180233837,-0.06974459555914017,-0.6772240921272822,0.003130293970029229,0.26174268830927533,3.1973186505607786e-05,-3.141242946904398,-0.00012003164082333269
3.144780397415161,-0.6885198288516167,-0.9550950509682448,-25.932709477196696,0.013451375193279175,0.015378261525857185,-0.06816477230360461,-0.6772409183535757,0.0031510466925166085,0.26176985582996093,3.7530991905977956e-05,-3.1411580508676384,-0.00020096154048990055
3.1529033184051514,-0.14516808280680935,-0.7382702115496234,-26.040789696752483,0.009176222779550188,0.026578678067041374,-0.06655987883203572,-0.677227170381788,0.003136451300158309,0.26173826998801875,8.327807483810171e-05,-3.1412145772966076,-8.929900757962618e-05
3.160759449005127,-0.5375983539632337,-0.6601809358388844,-26.025833503832295,-0.0007353655531985329,0.02889020166591255,-0.0684187653492205,-0.6772350431876802,0.003134072915266682,0.26175569148264005,-3.305732838651704e-05,-3.1411399825384936,-0.00013232185506099832
3.1708076000213623,-0.4546407863513545,-0.7928877839814032,-25.841212459318015,0.0062547236425408255,0.01822087359277887,-0.06963671766527242,-0.6772265754970779,0.0031399929603892628,0.2617142502332256,9.133864237435916e-05,-3.141214031752027,-0.00014803929485622931
3.1808559894561768,-0.08651196477469919,-0.36952173872702054,-25.847428834879093,0.002757253857658829,0.03028513228926191,-0.07674375213137224,-0.6772484127709343,0.003163816533802708,0.2617267945111578,-4.700118533809433e-05,-3.1411541450804936,-0.00020179621326806178
3.189323663711548,-0.2443059616011144,-0.38272568059399054,-25.87015843015928,0.0016593413914844605,0.025888791267348093,-0.07517127856904235,-0.6772285074088018,0.0031658999088549434,0.2616984274389286,3.1207399229468475e-05,-3.141198931956766,-0.000193950855032975
3.1968624591827393,-0.5012089577292098,-0.6022885470869719,-25.805889580337066,-0.0011424226877504,0.022465906530198868,-0.0701969473481549,-0.6772312310765087,0.003153397531053898,0.26167573530556865,0.00010570883792019338,-3.1411395407372877,-0.00010025614773766662
3.204726457595825,-0.18970280721082883,-0.40545037214934787,-25.752832463635798,0.001662649742371655,0.031150270527495142,-0.07824963035778867,-0.6772341483082424,0.0031350815345687604,0.26167095868674317,9.218465981212536e-05,-3.141209036354771,-0.00013011632828389434
3.212897777557373,-0.2643791805170132,-0.6755962957204792,-25.79050089499456,0.003953069221457299,0.02357562922815488,-0.07233247927547774,-0.6772270053622854,0.0031473266101670534,0.2616391119345731,5.7477003256800624e-05,-3.141230564340417,-0.00011598077050988776
3.222763776779175,-0.3671445752780237,-0.4941404669390462,-25.706433018769417,0.0005254516524186764,0.02436520453964353,-0.07646941515444236,-0.6772433705632618,0.0031441461916838433,0.2616145815529401,2.119187474623807e-05,-3.1412162622161626,-6.845324593204253e-05
3.2330269813537598,-0.3034870078861778,-0.564857740766852,-25.929966434566506,0.002983786762176202,0.028199479996682954,-0.07021502868880919,-0.6772388221999938,0.003127799392715201,0.2616171465226372,3.974168970361191e-05,-3.1411766597066904,-0.00013982162355089998
3.2408065795898438,-0.3991278724370496,-0.4242735265123846,-25.920488566420698,-0.0015246170652335473,0.02492783934155408,-0.07535452179207215,-0.6772356074765179,0.0031705801021259966,0.2615734100137046,-3.0626162421570837e-05,-3.1412543903772754,-0.0001933665403386794
3.250803232192993,-0.2267495716012715,-0.8686702623763717,-25.867442719812328,0.008391195132036906,0.02829667720428965,-0.06871886199661498,-0.6772155029403877,0.0031326537888083533,0.2615576276914459,2.3062561503122336e-05,-3.1413192292975736,-0.00013417107389834335
3.2607710361480713,-0.0845796738691419,-0.8595183520226397,-25.972497709067106,0.009358742931603676,0.029219094165834864,-0.06505496204390489,-0.6772350154835264,0.003136601890435062,0.26155378487451103,6.142452078740952e-05,-3.1412307671909336,-0.00014713503479955045
3.2708520889282227,0.0815025306703157,-0.439637988086739,-25.778569897777782,-0.0021941789003232294,0.03382138651532716,-0.07194854756021839,-0.6772272706756627,0.003170086808393801,0.26154366357619874,-8.060767814583556e-05,-3.1412288850980383,-4.896883592418783e-05
3.2808003425598145,-0.40990445589373414,-0.7021405256390933,-25.976110675840218,0.0070243118861617205,0.025353198245872132,-0.06326416807214505,-0.6772173379869214,0.0031138227483706264,0.2615686541575285,9.252343126416687e-05,-3.141193395175593,-0.0001131052049003591
3.2908008098602295,-0.32518026577740683,-0.38987752941758524,-26.122775792061766,-0.0006498099733700633,0.022368781994161476,-0.0680052064323024,-0.6772282072233142,0.003131374519294907,0.2615184595173722,0.00012802233316288824,-3.141241713512159,-0.00013021110369266332
3.3007559776306152,-0.3549443622871968,-0.5884513612684744,-26.070957883626384,0.002215411017774166,0.029822646133162357,-0.0641875075055381,-0.6772443296391046,0.0031548209391897633,0.2615019946388334,-1.651165815151205e-05,-3.1411911707885882,-0.00014852670942805526
3.310765266418457,-0.4403680663394988,-0.5578431604486898,-25.88000041279452,0.001772286296080091,0.026832023368303023,-0.06942580770697054,-0.677232249497141,0.003123543902924744,0.2614523790081471,0.00010836570910391817,-3.1412372888414373,-4.762246441788729e-05
3.318765878677368,0.0065244563810958,-0.5963742830328237,-26.03180780351392,0.002215558536733831,0.03193126543164327,-0.0667704298699726,-0.6772312370708261,0.003158612747325335,0.2614759251391017,3.0392534056353384e-05,-3.1412051724000087,-3.8217915711516397e-05
3.3287439346313477,-0.12762000754339214,-0.583979301820044,-25.978844965975185,0.00145763149242497,0.027384470949886223,-0.0686834739208284,-0.6772313687915473,0.003114782693033178,0.26147271760814217,5.14610315421695e-06,-3.1411975468972777,-9.862737792150516e-05
3.338798761367798,-0.4555003664644628,-0.7492150482295385,-25.990876182073034,0.005157676210198973,0.02568356954583836,-0.06468625388348616,-0.6772456610948474,0.0031099153984763235,0.2614833198219036,0.00012099854672963801,-3.141128915392364,-0.00020703257247601105
3.346809148788452,-0.5816735903206705,-0.9924462803190938,-25.94845032913476,0.014048532443225977,0.020404076401622614,-0.061761666851528244,-0.6772482955915907,0.003143362858209135,0.2614512499503956,5.3618701804714786e-05,-3.1411127713118923,-0.00012550933107638527
3.3547520637512207,-0.6051300785261192,-0.5110535835325394,-25.955656049324368,0.0035663929548387977,0.018876590057737702,-0.06780250887899039,-0.6772377960734703,0.003118353973782736,0.2614203429472688,9.756837767013217e-05,-3.1411897813668395,-4.0998507532603804e-05
3.3647358417510986,-0.6256228793551202,-0.3133011399827866,-25.846102094417176,-0.006000735575969111,0.022671874030864247,-0.06859158472815588,-0.6772334848443695,0.0031423747426492965,0.26142091986647686,9.100698903780907e-05,-3.141185910648347,-0.0001346659144209764
3.3728129863739014,-0.19585381784051484,-0.4592748702598245,-25.979765236628275,-0.00042944617830210387,0.027912918353029573,-0.07695942649770611,-0.677239958848275,0.0031282659827733287,0.26140076104587834,5.145200894295805e-05,-3.1411994644666343,-0.00011108553129612366
3.3808186054229736,-0.5112470965438523,-0.6286535539587581,-26.22058021442791,0.00496077790952799,0.020089688333198828,-0.06773705433522637,-0.6772322570779812,0.0031517159492142153,0.261379939939125,6.626652721133112e-05,-3.141196667741154,-0.0001101555732544128
3.3908004760742188,-0.8203229983959135,-0.8397131513642829,-26.10417750012948,0.010910704237574897,0.018794069690885793,-0.06925586033672478,-0.6772305420489448,0.0031761352575599075,0.26135510441514487,-3.667819579736797e-05,-3.1412101032654753,-0.0001453332113605749
3.4008021354675293,-0.5043458316894505,-0.7438856721798468,-25.94063184613738,0.00523179632480379,0.023090085247404833,-0.072681774156535,-0.6772287382924751,0.0031242287442073027,0.2613143349475708,0.00014189570973450195,-3.141248138500877,-5.483326008097947e-05
3.4087600708007812,-0.048157419568149715,-0.574037665140862,-25.977744291395915,-0.0007251516537750639,0.033743173293836595,-0.07134172793488718,-0.6772528742212011,0.003111568118408372,0.26132776970676025,8.62209179255986e-05,-3.141159604625908,-7.567309670254746e-05
3.4187216758728027,-0.6656224164796685,-0.4335074376939483,-25.91541950566965,-0.0024224441315898,0.015180889021019203,-0.0705608894063256,-0.6772375178280533,0.003136433859755584,0.26132234875189747,-2.938339182553255e-05,-3.1412109225597917,-0.00011876635113813873
3.4287688732147217,-0.14568170160300545,-0.7333124344185745,-26.037386979962427,0.006738775027871534,0.024431376600037767,-0.07087156221240358,-0.6772466374200391,0.0031254889374413715,0.26133144313273254,4.912681529572623e-05,-3.141140710388044,-0.000194731678943813
3.4367058277130127,-0.32963099528726636,-0.44226714237324316,-25.988330028084384,0.00026188868321364456,0.025970121958311106,-0.06784482081802456,-0.6772364167163808,0.0031128886472727687,0.2612627466465526,0.00010048362647222058,-3.1412265750535098,-9.402296057293081e-05
3.446755886077881,-0.36909759481167015,-0.34014639317681084,-26.018370301819953,-0.007269948283790491,0.026135669259114484,-0.06883932282258587,-0.6772319891553811,0.003121003263014764,0.26128126908223454,0.00016357383039688095,-3.14118733319162,-0.00010665294948293696
3.456770181655884,-0.03965036086894855,-0.33614331286222565,-25.934643612082837,-0.0037852008761752403,0.033314130835776105,-0.07688968540516002,-0.6772412760270768,0.003161930272979348,0.2612262552415619,5.472892833073619e-05,-3.1412305657626027,-0.00013752182913133912
3.4667513370513916,-0.6330223383628569,-0.8343919464399135,-26.06250397027494,0.009408084871365657,0.02138392673266438,-0.06892050739904446,-0.6772309869690856,0.0031320267921513788,0.26122595954518174,9.47508328585439e-05,-3.1412117849244696,-5.776563916399931e-05
3.476752281188965,-0.12142623552665169,-0.4073393386593105,-26.106825525285974,-0.0006302608263739965,0.0306913736888221,-0.06991684722105385,-0.6772424551164983,0.003144290972852427,0.26123386861707953,7.413163186037306e-05,-3.1411623197450282,-0.00013328270788987563
3.4847517013549805,-0.10153108066055133,-0.8493205396501026,-26.10417520103701,0.012430153376907782,0.028110793566248706,-0.07259207691202042,-0.6772435041703433,0.0031208231831342487,0.26122453511161126,3.5085564944870514e-05,-3.141125942926135,-0.00013934717844367545
3.494760513305664,-0.2941161650982953,-0.42407031883535456,-25.98200014715432,-0.0036117245095209512,0.03265490774101712,-0.07420920849614082,-0.6772577798021746,0.003127549189144305,0.2612200726763847,0.00012873509882082592,-3.141109555271177,-7.667831909826574e-05
3.5047924518585205,-0.3639052826520724,-0.6737464355617855,-26.09708507897188,0.002731035016501025,0.021806056582901173,-0.0740963782770777,-0.677232215133639,0.0031268576745231615,0.26120047031701366,7.06433385931531e-05,-3.1411506318632765,-0.00013648782828081795
3.5127992630004883,-0.2817691511889624,-0.6263632302370119,-26.090073726490115,0.005678587982067072,0.022261848562506622,-0.0730281666672237,-0.6772298430490724,0.0031443546489586666,0.26115661923782146,4.974995905011594e-05,-3.1412198188721003,-0.00012778767517583443
3.52083420753479,-0.3991209498269269,-0.7264071289521409,-26.133192761144723,0.005185188381442454,0.024256432828778235,-0.0710491263459875,-0.6772270538658013,0.003119745213633918,0.26117112332887626,0.00014065558039138721,-3.1411784470486945,-0.0001601421680738219
3.53079891204834,-0.3343733090361628,-0.4355542444499238,-25.913763873355187,-4.7531621320184026e-05,0.02656777877571581,-0.06725894682459192,-0.6772377428230203,0.0031411314862789196,0.2611206930386042,6.825610757841904e-05,-3.1412249825598284,-8.075133434083819e-05
3.540832042694092,-0.28862722587738787,-0.6707731225405841,-26.0258675348425,0.0037426818516602526,0.03171306315387786,-0.06582350520152161,-0.6772417289414235,0.0031361163148883667,0.26113956091687807,5.741049568981377e-05,-3.141159893562061,-0.000107000256656223
3.548840045928955,-0.4116572351450301,-0.5486080219505785,-26.022072683264806,0.003644562020869699,0.026209762349923532,-0.07675710203898939,-0.6772364313843178,0.003130798252437262,0.2611033553822209,9.674130112097166e-05,-3.1411967187074175,-0.00012083592494131467
3.5567731857299805,-0.31632242638261354,-1.0088502309107659,-25.960534234365007,0.011544585889895743,0.02494154199565273,-0.07431885897128244,-0.677230695203639,0.0031166855060547286,0.26112517053109086,0.0001047863546253281,-3.141123006215535,-0.00011994106233598328
3.566864013671875,-0.2122167459380046,-0.8931063310034139,-26.112040472018286,0.007567031589053138,0.030543656905849124,-0.07301554969598689,-0.6772442009005792,0.0031319647801468856,0.26107846528232176,5.8304988079612625e-05,-3.1411855023329576,-7.223571746857292e-05
3.576805591583252,-0.1733881743574093,-0.46386177056790845,-25.993667954958653,-0.0006544553692568248,0.02646300310458615,-0.07118948913516024,-0.6772440698383284,0.0031420120635636466,0.261049689559927,-4.426296790080385e-05,-3.141173948403005,-0.0001084234548753353
3.5867505073547363,-0.43392331766759806,-0.5670073822445976,-25.93164498569796,0.0019470305454838775,0.023096707861714312,-0.07313337687806801,-0.6772414587445564,0.003109438465365938,0.2610324057009229,0.00015042467717762094,-3.141205976272094,-7.206756545109204e-05
3.5949254035949707,-0.32807864200078474,-0.7873111878497797,-26.080251144149027,0.006017280608211753,0.022319533098624136,-0.07152896338879246,-0.6772407160751415,0.003161224575072813,0.2609869036079472,1.338108976051819e-06,-3.141231289042841,-0.0001346029189549865
3.6027443408966064,-0.5272004726895566,-0.551332938128734,-26.066500923094047,0.0019236604866167601,0.02429071058829351,-0.07377130518244943,-0.6772374236260923,0.003156053206948462,0.2609961566927582,-1.080615043286881e-05,-3.141227776329224,-6.471553112139287e-05
3.6128249168395996,-0.07017042753402766,-0.543595774582341,-25.976075984046535,-0.0006569348979748322,0.027711962724190468,-0.06990166488504256,-0.6772496100949889,0.0031410482387911366,0.26102339746864667,5.538387471796833e-05,-3.1411532523581096,-0.00017972387702857608
3.6208152770996094,-0.32088275290622936,-0.7570527867919278,-25.914759276366087,0.0066831599045309295,0.029944036622242154,-0.06957995090140282,-0.6772300964077145,0.0031393323244436537,0.2609878137064576,-2.409223834488381e-05,-3.1411759160469077,-6.722578355475073e-05
3.6307456493377686,-0.2132190010280027,-0.6903035969770672,-26.015941346768653,0.0036505463078099556,0.025830465656419426,-0.07225935566511282,-0.6772361220579352,0.003172732084135205,0.2609320236801188,-1.8219994313207128e-05,-3.1412116217311827,-6.912578805891886e-05
3.6408839225769043,-0.023770261720572984,-0.3945300066866966,-25.915481405245906,-0.0005601737393800248,0.030898845839777107,-0.0702179204453055,-0.677242371975659,0.003138109192538581,0.26094883850103745,8.852264984899303e-05,-3.1412059057109794,-9.028531003034171e-05
3.6487667560577393,0.09425263213507373,-0.3364933742755418,-25.872346439563945,-0.004112581406268054,0.03381927168054081,-0.07553105097762332,-0.6772328316281166,0.0031423037675085185,0.2609192456037809,5.475744501384904e-05,-3.141212375239887,-9.46730430970595e-05
3.6587555408477783,-0.41167760712044427,-0.518700303673229,-25.78527580484555,-0.0001800420969085888,0.027016680649347494,-0.07015039821973817,-0.6772467048588935,0.003117173209664151,0.2609037053905775,0.00014339833488655933,-3.1412031923045594,-0.0001304121246423606
3.668795108795166,-0.27106843050657026,-0.3593834691032415,-25.874253253579855,0.0006987515260718838,0.022423648382091373,-0.07689041183410371,-0.6772553023433715,0.0031537435710607092,0.26087301981954136,2.483912654701006e-05,-3.1411993347555063,-7.944055464980707e-05
3.6787264347076416,-0.3348322235453406,-0.2618478562737439,-25.81764013964826,-0.003611009479497476,0.020581677729839407,-0.07472877230559968,-0.6772385150771698,0.003154029689689184,0.26085716996044295,8.330995062546253e-05,-3.141247398649421,-0.00016928830279476875
3.688962936401367,-0.1146246432738987,-0.28583655932681296,-25.833589570831382,-0.003673923054776295,0.0317653302295241,-0.07252050943215564,-0.6772410318453148,0.00311861462548406,0.2608756764943993,9.600544400452909e-05,-3.1411532579671735,-0.00011301623886890633
3.6987555027008057,-0.5050348779526489,-0.4746780229268879,-25.816770722425186,-0.0009946076178455553,0.024430020844522733,-0.07085689112023219,-0.6772325327639948,0.003130680396454042,0.2608333540724962,0.0001072453103957944,-3.1412280535858756,-3.677373796965732e-05
3.706732988357544,-0.13713355375174086,-0.5776169403005207,-25.96258773510288,0.0012787794332815756,0.031181620318479614,-0.07506831018617813,-0.6772427678036987,0.003139919230814764,0.26082004229324063,7.734784289174581e-05,-3.1411803124045763,-0.00012982731798602618
3.7147536277770996,-0.4099433006520777,-0.5284849558435237,-25.812378073257936,0.002824225907725107,0.02410999125195963,-0.07054612260264133,-0.6772302847131884,0.0031320951088616316,0.26079234774593585,6.58739671766811e-05,-3.141203425263813,-0.00016788480203122394
3.722726583480835,-0.41839394079275916,-0.5920023762082813,-25.865100676157542,6.756728193145034e-05,0.022014205735900433,-0.0720476723298006,-0.6772300350971785,0.0031330036819407253,0.26079755984315434,0.00013593444854676946,-3.141219459579488,-0.0001315388638195976
3.732811689376831,-0.20756860331947666,-0.015362390424598027,-25.851714668979092,-0.01119885152895062,0.029603769789819084,-0.07339578595635247,-0.6772429255381475,0.0031376272816192033,0.26076604737480524,4.56349721572382e-05,-3.141230073864133,-0.00011342824675793148
3.7427432537078857,0.1492326567416179,-0.3424201164218374,-25.795013343605813,0.0008698433986271608,0.03606454757912988,-0.08272983534701604,-0.6772448647422818,0.0031279294041684563,0.26076745565958853,0.00013728368718047906,-3.1412047733242026,-0.0001360184131202731
3.750756025314331,-0.1919286058015012,-0.5060357580210421,-25.961062098662712,0.0028645095298520246,0.03251945009592961,-0.07938339023907683,-0.6772456399148807,0.0031416050631133657,0.2607606605036049,4.662218343433135e-05,-3.1411573162187354,-0.00011050735344596777
3.7608094215393066,-0.36815151963870607,-0.4694971565861766,-25.925336153832593,-0.00268228209904093,0.023636133810628204,-0.07329446899295824,-0.6772453234252989,0.0031020759607588927,0.26074447773197085,7.905377474008589e-05,-3.1411665204480608,-0.00010736723467063025
3.770796537399292,-0.44287815400174146,-0.6188143208197004,-25.573877960502305,0.004066141863589154,0.029839566728611374,-0.07266880212908175,-0.6772327463347045,0.0031191264248851902,0.26070949393278564,0.00010558362457689743,-3.1412160113623333,-0.00013165901437948147
3.780806064605713,-0.49239956409287133,-0.43333062860922555,-25.29182620421656,0.00022357792475672733,0.03418927299805,-0.07343648038566475,-0.6772293029093581,0.003151874849881229,0.2607068002436239,4.9938852280210736e-05,-3.1411803202193633,-9.556384448763124e-05
3.788816213607788,-0.23437301121171317,-0.48249626523013583,-25.167845632211474,-0.004410593616569663,0.041219210086020724,-0.07235158409443512,-0.6772426921995961,0.0031522926229980456,0.2607083852535802,5.444530758391886e-05,-3.1411621868830326,-0.00011523570546146681
3.798800230026245,-0.3885727512649024,-0.4214094710324446,-25.306574035277087,-0.003222849211468418,0.03755190541071169,-0.07707634696070803,-0.6772388101034139,0.0031297804850576177,0.2606472079372407,0.00010588108465896281,-3.141227318545491,-9.9178939329831e-05
3.8087546825408936,-0.5320887071090902,-0.6192808406130609,-25.23132697760606,0.0019009963509643826,0.03639428918537017,-0.0713056344507799,-0.6772476855829735,0.00314084160398437,0.26067278251812703,9.255728617208575e-05,-3.141154972089854,2.0217213995324676e-06
3.816751480102539,-0.43103846259505757,-0.7928884167796205,-25.054547714097108,0.0037489207695234356,0.04206178103166314,-0.07192650755153643,-0.6772352371843889,0.003140464307531567,0.26065836827176037,6.741318048850657e-05,-3.141173679011569,-7.808328068245795e-05
3.8247201442718506,-0.14667389295690836,-0.3583997185592039,-24.64668901477634,-0.007518801543837257,0.03543722505816402,-0.07396188295507133,-0.6772281610623947,0.0031202470047764492,0.26065443822376383,6.0833954701589884e-05,-3.1411731837375396,-3.760040523538856e-05
3.8327889442443848,-0.07011509970410358,-0.48622745875414397,-24.431863921503478,0.0030829167475889463,0.025260119634815715,-0.07193930403409086,-0.6772636085972243,0.0031638386668679224,0.2606849660361319,-9.392849233406871e-06,-3.1410751701531394,-0.00016190960309912168
3.8427064418792725,-0.07884079029354268,-0.3643961239559621,-24.404126855475752,-0.0006366904159874992,0.011723236164610264,-0.07448652940758957,-0.677233815477117,0.0031530408338490824,0.260630886135028,-4.14473534494966e-05,-3.1411234734880673,-7.457812365825646e-05
3.8507533073425293,-0.2510080835365377,-0.7267875792906846,-24.71661756022034,0.015188878404439094,0.025719834813666825,-0.06813833311296201,-0.6772465255752113,0.0031594479214355565,0.26061800922399886,-4.1365052362048665e-05,-3.14112714523408,-0.00013301173711890177
3.8608744144439697,-0.05700090728600539,-0.27234663492427186,-24.632444579882986,-0.005713959431944119,0.03298534734545266,-0.07397584885533992,-0.6772498060735601,0.0031465224023789935,0.2606245005235569,5.493485089052524e-05,-3.1410761443219264,-0.00010881447302379532
3.8687691688537598,-0.15745208124368348,-0.3094623101635821,-24.6996699793699,-0.009096255834138835,0.029273183288027835,-0.07526493736261132,-0.6772423476631285,0.0031619281631308426,0.2606261490191678,5.379440529997071e-06,-3.1410898340450792,-7.0796362112891e-05
3.878737211227417,-0.13611567110833503,-0.4992235897794481,-24.90678782466946,-0.0031240181313316974,0.028845574734774327,-0.07468289098334556,-0.6772469963059458,0.0031552503062886204,0.26060795025382966,6.373271523654454e-05,-3.1411221366381548,-0.00011311982281231097
3.888740301132202,0.09902818543153914,-0.3507468321592696,-24.611456482043362,-0.0060704461065046325,0.026730481541182356,-0.07300428209285043,-0.6772304051215029,0.0031172002783249244,0.2605977409017216,0.00011329314785925734,-3.141154674007265,-0.00020944116746069374
3.8967130184173584,-0.1291803772870718,-0.4912734688276171,-24.778858432780368,-0.0033432073813462275,0.02820083083472049,-0.07869144912033783,-0.6772448776779417,0.003143425481876251,0.26053721691699777,-7.6101736204655115e-06,-3.1411968756502646,-8.856260309880868e-05
3.9047560691833496,-0.10839069958054909,-0.23144030859171894,-24.69357914058879,-0.002035083019026272,0.028541027356213545,-0.07506809736968068,-0.6772406481068267,0.003151016899128031,0.26054924809732216,3.9274022554725195e-05,-3.141147557099394,-0.0001111945641543198
3.914793014526367,-0.3651461916982425,-0.21182911842211924,-24.679481132270254,-0.0025334995968924806,0.029192600351509983,-0.07421617742559125,-0.6772432364379265,0.0031056102926433024,0.2605533125318163,0.0001419856359068819,-3.141127854909532,-9.151199540219448e-05
3.922832489013672,-0.1289530127074089,-0.31782089782230105,-24.365516588870463,-0.008034704945632555,0.027277433293390795,-0.07102885455584157,-0.6772568112830597,0.00313478065349624,0.26053133014071933,8.194090820734915e-05,-3.1411011855932864,-0.00011899630020474092
3.9327731132507324,-0.3594021853936531,-0.4608155428719098,-24.135550166265663,-0.010864804819164253,0.03286620178278255,-0.07258476400957428,-0.6772400376608825,0.0031334220666522075,0.2605304034589992,4.040965909926605e-05,-3.141087500649394,-7.576281452764204e-05
3.94287109375,-0.2518950886497176,-0.855855091094991,-24.28802752776666,-0.0009932189489072756,0.030305687405597283,-0.07662260956925179,-0.6772473441708202,0.0031588386973717495,0.2605269257197654,7.159913896815529e-06,-3.1411143849449985,-0.00017350087852367814
3.95074725151062,-0.4226702042647299,-0.8207619167926871,-24.002207191519872,-0.010385012164281074,0.03265674321337064,-0.07066299492545523,-0.6772491472205987,0.003146067413501612,0.2605145826038384,7.115205410672759e-05,-3.141043392931607,-0.00011797335377124115
3.9607818126678467,-0.547209739360672,-0.8398448065096514,-23.908815417822105,-0.011381379074051038,0.02722417124107817,-0.06708773680106736,-0.6772529821109955,0.003136450230028762,0.2604863078582642,0.0001041296700056931,-3.141078813636406,-3.921802082209725e-05
3.9687349796295166,-0.5665064638204983,-0.9575350656920358,-23.648453364445146,-0.022544182533486383,0.029657559473592617,-0.06712343052328046,-0.677240626283823,0.0031174993744217537,0.26051773425601227,0.00013707243378482836,-3.1410483645514886,-0.00014229615518468081
3.978738307952881,0.008391097344123574,-1.0205912348048871,-23.587750926595277,-0.050228927176672045,0.04109386092395588,-0.07492541713994992,-0.6772475109368042,0.0031246652613357833,0.2604865931275152,9.267186123102632e-05,-3.141052198399552,-0.00018129751646820706
3.986753463745117,-0.39156739737355706,-1.2556540584739515,-23.376943843684018,-0.05465747782745162,0.028303169573446255,-0.07291289785280945,-0.6772450953533554,0.0031260665964127927,0.2604572727402382,9.373297137834915e-05,-3.141075726363844,-0.00012763873677685777
3.9967451095581055,-0.9172040620642633,-1.730597545571659,-23.26060001980025,-0.048391637850443044,0.018030846388338267,-0.07012502007746242,-0.6772395302351956,0.003126872129149901,0.2604806545521232,0.00013687041995074685,-3.1410659406927586,-0.00011032777180510639
4.0068535804748535,-0.5108383969409444,-1.1713262119210577,-22.988788851493517,-0.06065930997352162,0.02632262752181723,-0.07539940609896593,-0.6772562980490917,0.003142086165817794,0.2604864282248327,4.731571090583007e-05,-3.1410109644674704,-9.439426999996652e-05
4.016757965087891,-0.39154542323441494,-1.6799229588072107,-22.839044780104373,-0.054014324083114316,0.030095152675472504,-0.07472382354882455,-0.6772646533528144,0.003139145854209259,0.26047195016836505,6.632017286832278e-05,-3.1410061915008822,-0.000150083981738414
4.024744749069214,-0.4192772986539735,-1.4753593280845403,-22.554680462972012,-0.06785778065756622,0.02425920901115418,-0.06739609841579737,-0.6772624323408994,0.0031300060901600676,0.2604489389550804,2.1047965585384212e-05,-3.1410136762868683,-0.00013364909619844394
4.032780647277832,-0.3246209310870115,-1.592313422984511,-22.530548506405044,-0.07711458910875715,0.028592027392911373,-0.07219861180518602,-0.6772584912127495,0.0031109630260664533,0.26046944380719506,0.00015861060506176748,-3.1409493755090394,-0.00023981508959973791
4.042787075042725,-0.4638763224205556,-1.685260701472923,-22.359661562852185,-0.07672873002669511,0.02522915970827335,-0.07028125616332925,-0.6772574215483046,0.003110717368795086,0.2604723621928323,0.00016460356658696748,-3.1409355632014497,-6.544261107391968e-05
4.052732944488525,-0.3330584040177449,-1.6639077536285465,-22.263301577798018,-0.07459504363468915,0.030573903575782015,-0.07248016464105833,-0.6772555022269282,0.0031223756335754397,0.26045397648244994,0.00010615379589916047,-3.1409733280560386,-0.00010060371947292785
4.06073522567749,-0.5809570394193112,-1.4414136453836452,-22.13572284876373,-0.07661058987847269,0.02281686533623682,-0.0780485488960047,-0.6772500340610831,0.003136920660947078,0.26044812248772864,3.692351066979848e-05,-3.140956568011905,-9.892122692270407e-05
4.070744276046753,-0.32303611347469907,-1.5723043021598755,-22.0070368129052,-0.07468033536512848,0.03056479935737531,-0.0709192940789283,-0.6772513267619863,0.0031478804939728804,0.2604511549493344,7.366462975175447e-05,-3.1409505494880334,-0.00017272464183273027
4.080887317657471,-0.4225358869944915,-1.6756202096596116,-22.075201309605355,-0.07759582478032721,0.029695534229467913,-0.06993199731750047,-0.6772597193684949,0.0031638416318487297,0.26047828863515293,-4.262229213278179e-05,-3.140852857805061,-0.00015902145883788695
4.090747117996216,-0.3323956262107962,-1.5162945740209168,-21.90819966229868,-0.0886040548546556,0.02989232356581583,-0.0713566852253201,-0.6772539496641306,0.003132427297345439,0.2604482365786146,0.00011404245883053161,-3.140899872186872,-0.00020788512789110105
4.09868597984314,-0.3450676518216994,-1.721004936070115,-21.496633945409517,-0.09011327412665225,0.03190886868979701,-0.07521540634209266,-0.6772560389127066,0.0031544700874974723,0.26042592445449464,1.6073100163861976e-05,-3.140922148576274,-0.00017461843228801994
4.108790874481201,-0.36079369750108814,-1.8164282220016286,-21.71493045909865,-0.09149064534362768,0.026658799296541354,-0.07310918432767177,-0.6772546141748785,0.0031342222917490254,0.26045629405551485,4.2534300768442524e-05,-3.140855326453759,-0.00020299054632631674
4.116796016693115,-0.33173913702983837,-1.9044497322627647,-21.562086599636643,-0.08741032225816187,0.027446730378415492,-0.07469802768436433,-0.6772683327533148,0.003124249650521185,0.2604105555331889,8.957502246939606e-05,-3.1409187661159503,-7.707041457329387e-05
4.126769542694092,-0.36091005258224773,-1.6838911518666402,-21.489930441544374,-0.08808421834034026,0.02670517487959575,-0.06939140425448813,-0.677243650918608,0.0031262201101007825,0.2603961583804025,5.687658452777769e-05,-3.1409574495492096,-0.00017667411107467608
4.1347832679748535,-0.24633670126446292,-1.6880989661827124,-21.02440228813079,-0.08690923540096905,0.0310516066899161,-0.08158234998224657,-0.6772599689216692,0.003122656432590007,0.260431861985194,7.582842006821222e-05,-3.1408583473046154,-0.00012999426978737932
4.142742395401001,-0.5558107547123275,-1.7266635556066392,-21.000977003958997,-0.087921230188488,0.0269960599326239,-0.06963599858612388,-0.6772542928863279,0.003097717660098782,0.2604423247261303,0.0002065618667682836,-3.140878773714141,-0.00024275393997954481
4.152769327163696,-0.8294172965887273,-1.9350655683316713,-20.847394581050406,-0.08863935558141925,0.015745850624220813,-0.06455783218339155,-0.6772417393024667,0.0031445122013113486,0.26041704478324934,7.590132479589773e-05,-3.1408980121253314,-0.00012396385824692786
4.160741329193115,-0.317184509511445,-1.9104743126043917,-20.826102248902696,-0.09084844353971913,0.030115784831052525,-0.07230285023063739,-0.6772578848148201,0.003137478782825584,0.2603930499643499,6.912228417865182e-05,-3.140870847683008,-0.0002707510614402527
4.1707923412323,-0.5850965887023089,-2.1614192208437006,-20.661813333165274,-0.08533435622687809,0.01884195703823582,-0.07301557849977072,-0.6772646069368481,0.0031366650990792464,0.2603766251819416,6.97051592917379e-05,-3.140896754512238,-0.00015087926692560903
4.180722713470459,-0.31127770397607724,-1.852982389880791,-20.63846044956318,-0.09415092405388285,0.02609586299705039,-0.07104334807840441,-0.677258904907968,0.003099673118492501,0.2603826775982897,0.00016069058197914652,-3.1408648863518316,-0.00016783837377094314
4.190791368484497,-0.7284485998015954,-2.1160972679615324,-20.609424472259537,-0.08431467678563406,0.017963447058045593,-0.07387401684570663,-0.677260139778782,0.0031011387628422336,0.26041559971266703,0.00010233991459795213,-3.1408062540422734,-0.00020589564028727493
4.2007646560668945,-0.4483563387698915,-1.8219164045100043,-20.370448121681275,-0.09061190245537566,0.01739122638428576,-0.07324892465599181,-0.6772406531099552,0.003112539195712674,0.2603665883538132,9.590736743261286e-05,-3.1408832677027796,-0.00015475648841345484
4.208740472793579,-0.7008765778702336,-1.9808667545030991,-20.027706766976053,-0.0874870672203387,0.00997988989018826,-0.07811540320772774,-0.6772539745681035,0.0031016746179164624,0.2604038227796116,0.00012835928725677724,-3.140785661601009,-0.000145013408348971
4.21684455871582,-0.575573904018933,-2.019941321242356,-19.946647687206607,-0.08785286030061241,0.01415626041154555,-0.0755129579226877,-0.6772692247190895,0.0031102285705314568,0.2603791685928657,0.00017852298529021394,-3.140814179683126,-0.00024131560091371582
4.226761102676392,-0.31160829793085737,-2.154330993933398,-19.92684616645507,-0.09082924645003192,0.013793992640045518,-0.08049409417754566,-0.677262856617732,0.0031613420755066,0.26039558782003247,-3.305556513972637e-05,-3.140822602210249,-0.00016772634495960088
4.236839294433594,-0.13801653194877492,-2.1204149269098638,-20.02962460708692,-0.08772978113841903,0.01607569589296666,-0.07978974139278203,-0.6772584555432878,0.0031411310142856258,0.26039871798184105,7.624798025546778e-05,-3.1408271457194505,-0.00021364361231275133
4.244725227355957,-0.4446344410744407,-2.1742916728347224,-20.106081872740255,-0.09037545162654054,0.006948858753763542,-0.07520501007660699,-0.6772641427742995,0.0031244373279117324,0.2603859343149634,6.963319608281097e-05,-3.140830410181789,-0.00018575314841113544
4.254748821258545,-0.27482276800654026,-1.8160774039575436,-19.767523152972245,-0.10159735647587997,0.007493080735313335,-0.07296754988342476,-0.677251636603951,0.003106937798535923,0.26038791529956334,0.00012927583329400117,-3.140801931384286,-0.00015417544069092824
4.262785911560059,-0.3640484433902265,-2.0396413990871016,-19.66428619428001,-0.09168822354285144,0.005615399187698281,-0.0715213668754401,-0.6772511713750885,0.0031114079769631576,0.26034613736864404,0.00012386482597438083,-3.1408874550848416,-0.00019839448444050243
4.272788763046265,-0.9979845743631583,-2.330074254568806,-19.638250487499416,-0.08342471871610825,-0.00932161129687536,-0.07229101910742648,-0.6772514446825391,0.0031192557513163893,0.2603772503924907,0.00011042036805179827,-3.1408334128473245,-0.0002113125603099262
4.282726287841797,-0.5134190244043951,-2.22250245931959,-19.42755246004644,-0.08528127258446347,0.009059391367324237,-0.07660093906498754,-0.6772381914669793,0.0031386922234634494,0.26033844315589716,1.9962083781148953e-05,-3.1408974473649405,-0.00014305924729032576
4.292697191238403,-0.7467332137646672,-2.2442190931532933,-19.306785502456954,-0.0852819204663746,0.028026217019171497,-0.06164912799639866,-0.677245741019322,0.003109396140519771,0.26035564129298255,0.00020711588898616177,-3.140867404530388,-0.00019107726691449336
4.302713394165039,-0.9512365640483154,-2.0192907692977142,-19.282781380713587,-0.09100087409478516,0.04764291579583521,-0.07234640209889151,-0.677258073970349,0.003142828427198228,0.26037792749199723,6.646241189875653e-05,-3.1407490035970915,-0.00023819329934006886
4.312731742858887,-0.7680836536364753,-1.9579230165154622,-18.939052401351635,-0.09357986056727806,0.036331945566606974,-0.07380531959138152,-0.6772566660494909,0.0031253677411358146,0.26033320322701836,0.00011763587078976794,-3.140805435120123,-0.0002503215978393453
4.3208088874816895,-1.202158616930092,-2.237506327180089,-18.988456012592028,-0.08470174972454539,0.05640886367856785,-0.06892363098114318,-0.6772460150422855,0.0031375709188697595,0.26038174236899425,6.013215794468799e-05,-3.1407206799511016,-0.0001584631174817993
4.328799486160278,-0.8050953449441617,-1.8348825518799503,-18.69010750434749,-0.08917865330945135,0.05473317610914359,-0.0701439102353244,-0.6772573665008879,0.003118631059915484,0.2603462810516186,6.420157057243071e-05,-3.140800424484132,-0.00017869143265069362
4.338776350021362,-0.8028079565267757,-1.6678741035887306,-18.429829127756946,-0.10454636706161079,0.0532482441822003,-0.07697252731558525,-0.6772554475879294,0.003096897257784731,0.2603189220538133,0.00011391592054797422,-3.1408219811722664,-0.00012108451897906706
4.348751783370972,-0.3316547406531072,-2.0003760784156057,-18.03942019626415,-0.0883906877218054,0.04904615628181562,-0.07608378328286158,-0.6772384244300697,0.003130971185266483,0.2602646707553457,5.3190250241892106e-05,-3.1409378126717247,-0.00013630506088724916
4.356802463531494,-0.8168845947010028,-1.9795237582316803,-17.068326238543868,-0.09124824447048957,0.010265793676196563,-0.07403173898733222,-0.6772487526629078,0.0031322535372222543,0.26027135883117924,4.63601224815965e-05,-3.1409212861743705,-0.00012798120877758666
4.366831302642822,-0.4652273864882682,-2.099242666477118,-16.42946555093244,-0.10553502973621591,0.017738942555036694,-0.0654843502199433,-0.6772599434720166,0.003118391175630325,0.26026890940301606,0.00010422021127349788,-3.1408970502573257,-0.00013575847160293922
4.376860618591309,-0.20192936075322765,-2.5229809096987914,-15.927136435570118,-0.1178065691098563,-0.024868838108175292,-0.07603058771149457,-0.6772485308571551,0.0031349724002686266,0.26027695215645225,0.00013620519167221104,-3.140855274377917,-0.0001429081343282211
4.386749029159546,-0.35557164313205963,-2.231236341605706,-16.46896774398438,-0.09891869784986485,0.004245366464358709,-0.07471440168541002,-0.6772474179267147,0.0031182691064076764,0.26027312490536003,8.99217947457735e-05,-3.1409147680506537,-0.00021484892017924312
4.39472770690918,-0.5823251965531459,-1.9283593996012323,-16.93045990301882,-0.10318032580673334,0.0058135311471951435,-0.07357498094491066,-0.677260734254732,0.003105853187386896,0.26027447518865143,0.00014179222243278043,-3.1408781066006624,-0.00016092928332029244
4.402735710144043,-0.5638195347393199,-1.9801903632307538,-17.06427678327538,-0.09416276727450656,0.0023963079471725833,-0.07175081382565192,-0.6772678257657352,0.0031540721518474955,0.2602915141276519,4.368026824125732e-05,-3.140842390333905,-0.00016035281268962664
4.412728786468506,-0.7369722734728547,-2.3784793068966126,-16.728326330096472,-0.09389787599319227,-0.004415920969517036,-0.07380641827668523,-0.6772577182892298,0.003118782405361632,0.2602494616606792,0.00014181022665580174,-3.140920580768639,-0.00014181760564696547
4.420743227005005,-0.4269873596665271,-2.2627319329924935,-16.06664318660116,-0.11559243077016575,-0.007131497085155209,-0.07734615845497346,-0.6772637046015825,0.0031276449875249435,0.26027645807415956,0.00011615079759955352,-3.140887167406375,-0.00019098930022047914
4.4307286739349365,-0.6379163184912868,-2.212061364698711,-16.084131394907846,-0.11019087327804558,-0.012103457483760497,-0.07647070957272491,-0.6772574179848663,0.0030894628840462688,0.2602529839235227,0.00018975357071035733,-3.1409161561245758,-0.00018142412318516708
4.440775156021118,-0.7952822467991081,-2.2910781681112624,-16.63552026219524,-0.09495181584951749,-0.008021124309881856,-0.06922136753600927,-0.6772679862074701,0.003139866549168652,0.260304230183244,4.608516641986568e-05,-3.140809337719713,-0.00017095651171679968
4.450677156448364,-0.755608039308697,-2.177418350699439,-17.12111281755475,-0.09756985402140854,0.004726710319748079,-0.07629902730958427,-0.6772601788623624,0.003121164898450907,0.26023296975048527,3.4291629436145126e-05,-3.1409776637382034,-0.00011664480064929522
4.458780765533447,-0.3794811893607962,-1.995783341027376,-16.7159626845915,-0.10631557535150543,0.01029076874058546,-0.07559716124887315,-0.6772480657830015,0.0031004838988286706,0.26024106857093277,0.00017419611347662856,-3.140990078560067,-0.00013177886124858727
4.466694116592407,-0.31019283965258715,-2.5929020919963572,-16.26829994977631,-0.09846879772870604,-0.0028294743586580505,-0.07471388082641008,-0.6772529628970752,0.0031335600939135268,0.26024151036223797,2.0138988803021998e-05,-3.1409661574093524,-0.00012032727845711746
4.476744890213013,-0.5192642191303182,-2.362220144170634,-16.242632408655208,-0.10887519999116353,-0.007052092876215229,-0.07417986187426245,-0.6772715309374854,0.003138014657990489,0.26026660103545335,8.547640287207044e-05,-3.1408855424168043,-7.459529258151015e-05
4.484775066375732,-0.7185588422913967,-2.0598875192290196,-16.291801348041194,-0.10445955135948778,-0.007131603601217304,-0.07381065539716795,-0.6772684667913059,0.0031492752941315667,0.26028561501642744,7.137196509612287e-05,-3.1408534628476557,-0.0001758818456939604
4.492680072784424,-0.5415817668483959,-1.9564766477604676,-16.87344489668393,-0.09736537602069574,0.012296375544777355,-0.0803537084384619,-0.6772608933139002,0.003153496815074606,0.26027662189375056,2.0206504555693114e-05,-3.140898188414098,-0.00020657519653918604
4.500711917877197,-0.9245731236864371,-1.9280969270026482,-17.038398215148774,-0.09681779325681253,0.024728016571243547,-0.07534648809565142,-0.677257296098045,0.0031211142665974584,0.26024296675827113,0.0001305967731699351,-3.140932273771921,-0.00017623102327080393
4.510723352432251,-0.5035217655701474,-1.9539356663223821,-16.81078226097835,-0.10314704461173216,0.028527900227245627,-0.0791995200418387,-0.6772552553055342,0.0031031489334876726,0.2602375141300758,0.00013621729834574264,-3.1409690935349515,-0.00010637711643875111
4.520720958709717,-0.570144348010274,-2.18170599849114,-16.23434880890679,-0.10626880467252568,0.017438036557143242,-0.07754093808455416,-0.6772615195679341,0.00309732826576652,0.2602428129675768,0.00016876719533618387,-3.1409301865352734,-0.00019066209590545336
4.530636548995972,-0.630702737055017,-2.2693335777355865,-16.124928730274664,-0.1061979209648961,0.0114869633498929,-0.07024104755185683,-0.6772504565860809,0.0031362582703782942,0.26028428188461505,0.0001034481350623843,-3.140885062758926,-0.00014653826796905443
4.538812875747681,-0.9289360366317303,-2.3592609729054868,-16.633353244589458,-0.09365877805492993,0.021788579127748873,-0.0737889191951363,-0.6772499341555496,0.003095570156515907,0.26027287816784084,9.963923732422497e-05,-3.1409112672213024,-0.00017087346894623513
4.548708915710449,-0.8429322133395685,-2.3712905041153727,-16.881891061961646,-0.08449644433672412,0.030565862707201782,-0.07066128300015395,-0.6772549325669708,0.0031469235491924665,0.260297918909391,4.5756320260915254e-05,-3.140859015343793,-0.00013513692987760856
4.558812141418457,-0.6041257727708372,-2.298451718773288,-16.84422300020414,-0.08713207506518506,0.0373736919926113,-0.08091436513523725,-0.6772538136178078,0.0031676500687900667,0.26027036220478345,-1.15855173571548e-06,-3.140948506140122,-0.0002118747320607632
4.566759347915649,-0.6017936002448127,-2.1360822296674358,-16.52580686371714,-0.10379517724004234,0.03846953136937375,-0.07489641245844432,-0.6772557897976016,0.003127091043001194,0.26024393457473805,3.910571486294118e-05,-3.1409380522096346,-9.491604041995566e-05
4.576820611953735,-0.8621776999696376,-2.19283346051653,-16.189654886672177,-0.10598153698397221,0.023840033766436793,-0.07132878086538698,-0.6772521406609436,0.0031258299641321614,0.2602460635642322,0.0001766278492836337,-3.140959994009235,-9.485711799251145e-05
4.586764335632324,-1.163201830576425,-2.265132844545855,-16.371898432702753,-0.0972788044572202,0.024791223506598844,-0.06832927108329069,-0.6772647328668426,0.0031107612534815813,0.2602320973222507,0.00013046042966952893,-3.1409495068500224,-0.00012562965771904233
4.596883058547974,-0.9053269102355168,-2.1196673450931764,-16.709047772632232,-0.08833094042201085,0.04571746088606517,-0.07311266966031031,-0.6772682141117806,0.0030962343287088976,0.2602874066859423,0.00018290861551672295,-3.140849615677083,-9.073560046933944e-05
4.606732130050659,-1.0193800510269804,-2.2146418958375462,-16.963256235267522,-0.08467548259968456,0.051395676765229575,-0.07243857625797644,-0.6772503554370946,0.0031099044080548366,0.2602483180953495,0.00015106124863412294,-3.1409701278756543,-0.00015197305221554684
4.614730596542358,-0.8689638910328014,-2.2295908169915917,-16.63781678989096,-0.09628041613836365,0.04628090299403699,-0.0681173626954216,-0.677258563542125,0.0031181291357178873,0.26021876839225966,0.00012305555482125478,-3.140976712091731,-0.00020236254401361767
4.624801397323608,-1.2240060612890338,-2.3710683644566,-16.492010560395645,-0.09856991152023381,0.037705884990974735,-0.0768157004574253,-0.6772422399641034,0.003107438392831781,0.2602280152205977,7.246531901072465e-05,-3.141009116074581,-0.00012703965924009905
4.634863615036011,-1.1101897427304215,-2.4910862424345974,-16.412048360569603,-0.09370039588367032,0.042880536003744286,-0.07229694468860169,-0.6772454231514307,0.003120827879609249,0.26022972319779997,0.00014096594107522147,-3.141036813616182,-0.00017564769227302265
4.644775390625,-1.088361316315474,-1.800645620026221,-16.674680485462208,-0.09583742535412698,0.05346461710691897,-0.07603814668255064,-0.6772636896240636,0.003113815440735844,0.26031006932718764,0.00013620863158418168,-3.140842579492563,-0.0001604173135776862
4.654870510101318,-1.2843017867693067,-2.08112836126839,-16.88477879300198,-0.08404422243314036,0.05984556530996074,-0.07675634297424788,-0.6772545709495021,0.0031014057296999864,0.2602303201566086,0.00017677388077580385,-3.140976608220193,-0.00017573233086097304
4.662806987762451,-1.2697511993102102,-2.042144466573334,-16.6078636270617,-0.09276859544791019,0.06304156065374611,-0.08188720174493727,-0.6772576487814909,0.003126398502978416,0.2602804272301643,7.113293082269629e-05,-3.1408944671904115,-0.00018863535216230416
4.672717809677124,-0.9252634277229714,-2.2260059328347293,-16.301578174818847,-0.09786561749599788,0.06503611127372504,-0.06898175558235518,-0.6772671723773415,0.003121804421540333,0.26025615875925673,8.601024623450488e-05,-3.1409303986158843,-0.00017018987727751138
4.680816173553467,-1.3056927328143846,-2.242545346548314,-16.2471902656784,-0.09347981940658492,0.05613063199427423,-0.07233216139075584,-0.6772419107297815,0.0031589505727842243,0.26023529632750286,6.816294396141018e-06,-3.1410366498509044,-0.00013066109244356914
4.68889856338501,-0.9346244921731166,-1.847889784830325,-16.36375401312784,-0.09831466987832044,0.07368880208504469,-0.06839916522424279,-0.6772604229765978,0.0031253248759797554,0.26025018956885637,7.859977199119228e-05,-3.1409407438183017,-0.00014767237944355636
4.696735143661499,-1.4674546177075902,-2.050391982038556,-16.84662777422817,-0.08886078386712364,0.07782189709611109,-0.07226099651682195,-0.677257109770647,0.0031059997638996878,0.26026781389355846,0.00016700478936913877,-3.140913220607103,-0.00016343839074144396
4.7067389488220215,-1.1939865558639702,-2.057448230885176,-16.934299606765215,-0.08837364184281528,0.08776507402517733,-0.07465213660269855,-0.6772581545265322,0.0031473352306509474,0.26026025445982026,1.2416499294998388e-05,-3.1409507420765097,-0.00017745465323746787
4.71679425239563,-1.0949399949877905,-2.058373318121403,-16.576320103061068,-0.09338912746442159,0.0930076393314641,-0.07247399578601982,-0.6772596282832892,0.0031138649183461123,0.2602608192605738,6.482053462574338e-05,-3.140947393714706,-0.0001403027402533422
4.726747989654541,-1.1981593972476408,-1.799339030944868,-16.316227359369968,-0.10475284386888847,0.09636854506828778,-0.07828364470129345,-0.6772650679398943,0.0031133981832007916,0.26025976089581215,0.0001622637646838929,-3.140937190853472,-0.00016959242116543856
4.736834526062012,-1.6145901290120448,-1.9649012608489023,-16.507027315550815,-0.09267645966809175,0.10287733473767605,-0.07126422325120978,-0.6772518033277731,0.0031121973405033527,0.26028543319183917,0.00015423640739326526,-3.1409510236443685,-0.00013784087529695525
4.744696855545044,-1.7167343993657456,-1.8291358658118455,-16.683928536150866,-0.0915126236312682,0.1274012767431101,-0.07771931536551875,-0.677258848959094,0.003106708033375601,0.260265715308258,0.00016202877006464463,-3.1409481085388244,-8.054953743365677e-05
4.7527995109558105,-2.0672261235490024,-1.9930793125896122,-16.76235304974688,-0.085344331801511,0.12374335378146292,-0.06995786817966809,-0.6772537405814798,0.0031103523613756935,0.2602527879959554,0.0001562746062002638,-3.141021853605375,-0.00017614652611721202
4.7627599239349365,-1.677088691075558,-2.1920823749737157,-16.663302610248,-0.08325726878865304,0.13693530737496654,-0.0733833807262773,-0.6772518707335061,0.003137090587614388,0.26027978817427977,0.00014145247908729037,-3.140963850392979,-0.0001283957558730589
4.772789239883423,-1.6456374779579916,-1.970995408143465,-16.446786965064284,-0.0927851619811909,0.13102216323728866,-0.07839433950508283,-0.6772599599869594,0.003124560213624803,0.2603038586441344,0.00014210691432118175,-3.1409227038060603,-0.0001417868971055272
4.780761480331421,-1.8020994489656181,-2.0509067335090942,-16.171844021314193,-0.09286425905102902,0.12428275628875349,-0.07275509627919319,-0.6772461937464436,0.0031517005688955434,0.2602596381565458,-5.234610973996818e-05,-3.1410483170194294,-9.439762816201605e-05
4.790772438049316,-1.9230868102704868,-2.0608111882250464,-16.39452901840535,-0.09154165545067876,0.12586849115999701,-0.07242105562184412,-0.6772516225730457,0.0031613400877144194,0.26028228855407975,4.445339929614559e-05,-3.140994498688903,-0.00018517378702757992
4.8007800579071045,-1.5346493197528897,-2.007301769731017,-16.676815819369256,-0.08810196087925545,0.14446935450983145,-0.0680221806685455,-0.6772541785367454,0.003116041278049858,0.2603032560000743,0.00017966808998761072,-3.1409218762138567,-0.00015420301600256372
4.810788154602051,-1.7245864193269758,-1.8363733698765812,-16.73110721061084,-0.090261956755309,0.13824814607300254,-0.07374051152851081,-0.6772621716126747,0.0031067135944595724,0.2602420680289216,8.144843083066835e-05,-3.1410215916749924,-0.00012192796863641407
4.820742607116699,-1.7266942390045923,-1.8630549865679857,-16.683710651778348,-0.09473907628687979,0.1363172428816193,-0.06997518527605141,-0.6772706601112838,0.0031186630069915426,0.26026049891385455,8.321803910069432e-05,-3.1409599330733924,-0.00012957753546095926
4.828785419464111,-1.5935742413933394,-1.96168722749004,-16.37762502799847,-0.09283523605705181,0.13273237735299104,-0.07624498387736653,-0.6772643357725154,0.0031199006589436554,0.260266243743673,0.0001491766287107865,-3.1409509455726,-9.119114317480802e-05
4.838742733001709,-1.695599835521299,-1.903241470997749,-16.46675306261756,-0.09215611314508798,0.12943460097540324,-0.06974133638742473,-0.6772365512770624,0.0031330929883551873,0.2602396133090479,0.00011002484408575183,-3.141047338629407,-0.00013947842166796154
4.846752882003784,-1.93853223374347,-2.0758445819586173,-16.888260682917362,-0.08479364855552708,0.13055871982903067,-0.07045367898863528,-0.6772443273967408,0.0031195562314080758,0.26025624725964575,0.00014698920066809348,-3.1410445955475934,-7.41383538578066e-05
4.856777667999268,-1.5754773712914407,-1.8559933278067868,-16.89396346532293,-0.09074132259191402,0.13461207463628846,-0.0719122997300368,-0.6772618967841676,0.0031396480008834757,0.2602538655226633,6.990859890022325e-05,-3.1410260292395797,-0.00011534411831076899
4.864753007888794,-1.5301041508128328,-2.1055826658067445,-16.748714812217102,-0.08590213542373987,0.134133021765066,-0.07393833528864592,-0.6772471909846871,0.0031176213989176907,0.26029300204148265,7.08346696411471e-05,-3.1409686980583733,-0.00018649635014106764
4.8747429847717285,-1.612043043394585,-1.892413201502068,-16.61987388691597,-0.09199203467500312,0.13100810717837014,-0.07092601286906378,-0.6772533828162564,0.0031113791959218027,0.26024829050101783,0.00012944793936744135,-3.1410175735859807,-0.00014917482858893853
4.882736921310425,-1.6982543803049208,-2.0020286536500262,-16.395311788363053,-0.09075912194539384,0.1264115456055087,-0.06902646067812533,-0.6772638939422938,0.003122462872634263,0.2602623715631866,4.548861832271911e-05,-3.1409868603453592,-0.000120978350541939
4.8927741050720215,-1.3559301677216584,-1.9635128277204754,-16.50378389703705,-0.09093045627603359,0.138550467381593,-0.06885277338188196,-0.6772479229871893,0.003135856395172252,0.26025685417351496,0.00012860873904562675,-3.1410198931455713,-0.00020046493124379028
4.902772903442383,-1.807677040028926,-2.2319429272076237,-16.73411605274769,-0.07620771710075414,0.126511415462246,-0.07315086854325398,-0.6772596648831395,0.0031151842957380833,0.26027733604612635,4.521071012180374e-05,-3.140990512553823,-0.000145907655468521
4.91071081161499,-1.6391008514960252,-2.126502426241499,-16.964859116001932,-0.08412317506920503,0.13513246037476828,-0.0690582926677676,-0.6772512671171739,0.003114263876992754,0.2602858654549184,8.269816377945548e-05,-3.1409809952662124,-0.00011608908399330917
4.920888185501099,-1.737219115400569,-1.8037815581663836,-16.904713514893785,-0.09377817472267833,0.13622898258160238,-0.07620339278050928,-0.6772428473137903,0.0031152271819033053,0.2602768956548517,0.0001350187628070953,-3.1410107709083297,-6.75033005171631e-05
4.928877115249634,-1.6987250578419473,-2.064168850058174,-16.76223013713283,-0.09502286827621234,0.13169736935688012,-0.06707161943231466,-0.6772518412079799,0.003151951317955304,0.2602687678813404,-1.1885992163581794e-05,-3.141024565852755,-8.75911918139468e-05
4.936727285385132,-1.9807160327083424,-2.314639394442193,-16.747604791120274,-0.08466792044188849,0.12907639512692207,-0.06570432020864578,-0.6772563676942878,0.0031266917064520145,0.260269179819253,9.621607023948274e-05,-3.14100228001441,-0.0001611810558324088
4.944798946380615,-1.4267100513645796,-1.8667867153490545,-16.71106351967286,-0.09017478818789533,0.1460621937544388,-0.0701770885001696,-0.6772543695428908,0.0031403018481681137,0.26026301529298834,6.557391196143266e-05,-3.1410050682169186,-8.075765065688955e-05
4.954784631729126,-1.3809359423008543,-1.9354370052994105,-16.923639101724955,-0.0881414949197432,0.14725336599747382,-0.0716222688494791,-0.6772488147015616,0.0031120348717475614,0.2602782894424649,7.76473706809894e-05,-3.140982421260957,-0.00013462108543511883
4.964794635772705,-1.8203963193379065,-1.8268084125616901,-17.076073567993102,-0.08952945541006628,0.1392979871570533,-0.0705427203349868,-0.6772360061656483,0.003115861275382087,0.26024561004616703,8.520043064250119e-05,-3.1410469348349097,-0.00013963767815211323
4.974822521209717,-1.8982461185308848,-1.8715684200648057,-16.91593858432735,-0.09512177882218943,0.13670917106682,-0.07118800726306268,-0.6772427042163032,0.003126632145764864,0.2602671478851435,7.874773601592297e-05,-3.141038055378867,-0.00011145515192357358
4.982881784439087,-1.7341412949283774,-1.9586501520465391,-16.674622621225687,-0.09131114481659619,0.13876103086082767,-0.0724236735065764,-0.6772485274422138,0.00313319459372101,0.2602467852126756,7.073986776665323e-05,-3.14104617830509,-0.00010184316325788848
4.990830183029175,-2.2501775767599326,-2.2047333455065674,-16.87553305048787,-0.08272880470056548,0.12675675084265112,-0.06495661295696678,-0.6772477039859047,0.0031235752051876828,0.2602419391959459,6.408906991119394e-05,-3.141046839642609,-8.01621851452727e-05
4.998837947845459,-1.8189534701128558,-2.142784299918622,-16.88301337629274,-0.083664967731691,0.1413688969641273,-0.06895899147737646,-0.6772621817757618,0.0031507158056888734,0.26030669343328916,3.9093253414139153e-05,-3.140951002664216,-0.00018558944171452788
5.008784055709839,-1.9360783410677813,-1.8554420944632795,-17.01694866978476,-0.09005041530066261,0.1348314950372865,-0.0700524549244551,-0.6772531641190058,0.003116764743060177,0.26029112234468865,0.000146892973252002,-3.140988302707784,-0.00014672611645330828
5.018726825714111,-1.8978743603089947,-1.9684073354793616,-16.903414201004846,-0.0873391580137684,0.13976507392914128,-0.06903574494618515,-0.6772572051126173,0.0031305971907473343,0.26028672281793563,5.64349203478591e-05,-3.140977574909674,-0.00013101638575963972
5.02879786491394,-1.8696377637091566,-2.3287836557443145,-16.842713833795568,-0.08250534769796464,0.1365692608076573,-0.06834373281309417,-0.6772525491681524,0.003109124338639841,0.2603066618126424,0.00010317489651575074,-3.1409235399454976,-9.55954992569804e-05
5.0387279987335205,-1.6390915340846632,-1.8595321575112402,-16.82160630908594,-0.09193830383727147,0.13656006078630606,-0.0687064137931563,-0.677265212521865,0.0031273082390723015,0.2603161483778207,0.00014052810747340619,-3.1409043410637114,-0.00017378610620348507
5.04877233505249,-1.7201001901346729,-1.9703685230777943,-16.815127438853388,-0.09028620077605766,0.13695055562221173,-0.06958800451030409,-0.6772558272140681,0.0031261698000804583,0.26022817227100903,2.6277569107928348e-05,-3.1410919834392863,-0.00012536403872114696
5.056755304336548,-1.892437893873197,-1.9899003218679685,-17.028436522720128,-0.08673554307930394,0.13521444890509246,-0.07096659687789457,-0.6772555415762047,0.0031164864294070016,0.26025563401068774,0.00016027746662604524,-3.1410529055774377,-0.00015948056819703506
5.066771745681763,-1.1974146821696767,-1.9060350216397401,-16.92505665002549,-0.08887170895166141,0.1508410379326368,-0.06913136623585472,-0.6772356884509344,0.003113167429904658,0.2602407085794665,0.0001805861524851042,-3.141086220787413,-3.392145142460571e-05
5.076773643493652,-1.6183424515539757,-1.8600974281378122,-16.79746561488068,-0.09226167889915653,0.13684116464256904,-0.07032738024168303,-0.6772435552289772,0.003093303228234738,0.2602668507468895,0.00016848010670536046,-3.1409870211986246,-7.949509438084609e-05
5.086716175079346,-1.2825786813361457,-1.8334178206029326,-16.87865984933163,-0.09159347752888508,0.1439188439035733,-0.06950727365260291,-0.6772421253573843,0.0031181312212667247,0.2602687907188925,9.618840961831624e-05,-3.1410211515926485,-0.00014814832822475433
5.096695423126221,-1.3489480736394766,-1.810256359464012,-16.793272231355644,-0.09351603614945303,0.14405551551950627,-0.06878201360555655,-0.6772361768702913,0.0031386507351513437,0.260256836382266,-3.8284012606499084e-05,-3.1410744977456635,-4.009591054963079e-05
5.106713056564331,-1.5578092418736345,-1.9304017789908194,-17.127030442461074,-0.08720827185607849,0.14248791818974624,-0.06873732660037472,-0.6772458958643109,0.00309227752248937,0.26024813704484834,0.0001364531218249461,-3.1410659444738007,-0.00016199443440667897
5.116713762283325,-1.7128659433628393,-1.9048442244523422,-16.930799722854875,-0.09019065080492907,0.1344577944780508,-0.07322900121230301,-0.6772419996437878,0.0030860130365283614,0.26027577205957436,0.00012283427364315037,-3.1410309976690436,-8.69980012349439e-05
5.126707553863525,-1.8305729798856694,-1.831598623325075,-16.88520755410278,-0.08660291751142986,0.13774159401426994,-0.06873586143378524,-0.6772479648645502,0.003117376823743044,0.2602592562731308,7.051133073517815e-05,-3.1410475474479425,-0.00015423980758013183
5.134700775146484,-1.5233549578423569,-1.8703319401533576,-16.711088072576718,-0.09262125420941794,0.1396916260066661,-0.06643218459968493,-0.677250186385583,0.003100069124456608,0.2602717511011268,0.00016133459188050236,-3.1410099548757566,-0.0001923058848314036
5.144800186157227,-2.1459855871260203,-1.9985928819217227,-17.00872311885357,-0.08506188468924046,0.1311396415822399,-0.0645241618261921,-0.6772581494445018,0.003129982165649817,0.2603197574265587,7.025885046137773e-05,-3.1409588790558365,-0.00022060735813947597
5.152801036834717,-1.9679640883626828,-1.8688349479914983,-16.936875218815214,-0.08716933234447584,0.13588192133915045,-0.06799114791978665,-0.6772426086635592,0.003097006795622559,0.26024555520045867,0.0001153947189166376,-3.1410751481565438,-6.579760489898143e-05
5.1627161502838135,-1.667315394300517,-2.0755948108432563,-17.210145021882802,-0.08385522062169116,0.14396795276645075,-0.07207360651201399,-0.6772356485470922,0.003131091720987605,0.2602903400475545,6.372672431767689e-05,-3.1409509421225486,-9.114461946950292e-05
5.172672748565674,-1.6454713605077298,-1.8634228114865607,-17.07605963894045,-0.08813183606788931,0.147793966556368,-0.07293144450890288,-0.6772597527444129,0.003096468516541925,0.2602961924709603,0.00020747099855896944,-3.140977569817051,-0.00012961738489456967
5.182883977890015,-1.7597268966596378,-2.186772851636815,-17.00329689017893,-0.0819820697777003,0.14374835486302062,-0.0744643745834853,-0.6772586737230961,0.0031466022592603633,0.26028163576697333,3.898445053219188e-05,-3.141003880082819,-0.0001608498256130786
5.192769765853882,-1.5511466062262118,-1.9968075577024913,-17.062782051263994,-0.0917187330298094,0.1486944105535937,-0.06774935619266585,-0.6772633034628335,0.00313471508942552,0.26027271304810096,8.193609923798062e-05,-3.140992867578233,-0.0001711648831342295
5.202704191207886,-1.662335644186076,-1.7060134839888035,-17.10955566957718,-0.08834690349104425,0.14718393562592139,-0.07357470043802795,-0.6772463529264365,0.003140699549071973,0.260283980743669,5.816861242244135e-05,-3.1409753804253797,-0.00011782877916602276
5.210639238357544,-1.7429932165550324,-2.055337705630126,-17.170774342420245,-0.08538083802767037,0.14386152418374268,-0.06405941000306647,-0.6772500104581314,0.003116965487268056,0.2602625666709649,0.00011628907933542434,-3.1410342868614145,-0.00019137080515173007
5.218733549118042,-1.9585179306945297,-1.915481370681964,-17.148445788359123,-0.09068606332805983,0.1381532470472314,-0.07380619877311481,-0.6772447379001559,0.003115096459411544,0.26027840299175103,0.00018587111963291024,-3.1410084079898826,-1.4057377300149492e-05
5.2287163734436035,-1.7955660122902888,-1.9769515179045687,-17.135911726590983,-0.08899179203454213,0.14422274056851214,-0.06656203572293426,-0.6772562620145175,0.003150659933679686,0.2602877189435137,5.66601238126144e-05,-3.140960556039385,-0.0001555479144456658
5.236817121505737,-1.6985945192215515,-2.0945034014467825,-17.047308194536804,-0.08668509578910764,0.1436159276848157,-0.08239024778156906,-0.6772497754672264,0.00311205907360724,0.26024609907418184,9.659595018136747e-05,-3.141077189206928,-0.00015158586410210376
5.244779109954834,-1.5950868725744054,-2.110104862612856,-16.975201508577673,-0.08757785712650037,0.1493513713848613,-0.07031267197002325,-0.6772363245132595,0.0031391347090726027,0.260269113374279,4.8877212216340177e-05,-3.14103428044549,-9.122170337575848e-05
5.252835988998413,-1.8165972076078225,-1.7523398970534037,-17.121499596244107,-0.0923064104476068,0.1438111297429205,-0.07144907534834123,-0.6772493218848141,0.003092871758253119,0.2602935974448682,0.00011603014454589949,-3.1410034458386367,-0.00018006559467061782
5.262754440307617,-1.8973794791525196,-2.245379840215378,-17.111849684650494,-0.07964509774545796,0.14150877945595705,-0.07464663289464538,-0.6772515564325049,0.0030924977774763763,0.26029282861732367,0.00014106622724540226,-3.1409685154608367,-4.600412338439428e-05
5.272719860076904,-1.6067431429827517,-1.9381812804052687,-17.249773122407106,-0.08940771056675313,0.14776570529420505,-0.06559075675169969,-0.6772627243678045,0.0031024061862773107,0.2602674621732036,9.176936081742635e-05,-3.140991208358787,-0.00011275166423474234
5.2829084396362305,-2.0570306780001126,-2.2181177195710027,-17.16086093231731,-0.08283944463295917,0.1384049828713371,-0.070146183006724,-0.6772366110552781,0.003107795530814188,0.26028371777530696,0.00014740077368772161,-3.140977684050988,-0.0001093275723605093
5.292704343795776,-1.6067023137947771,-1.8751378204956368,-17.095382345226636,-0.08859602320491755,0.1497643824605395,-0.0726606887176306,-0.6772595896544437,0.0031163623145715304,0.26022854442681576,0.0001606353939926407,-3.141063688654138,-0.0001412831074179258
5.300689935684204,-1.7549890705440438,-2.049218312768241,-17.165738968161314,-0.08319877399047566,0.1458818589281957,-0.07028837242010107,-0.6772622540834401,0.0031114783007786316,0.26028561623800217,9.595796093002494e-05,-3.1409838037723463,-8.093243262681956e-05
5.3107616901397705,-1.8807918725571882,-1.8447725321487254,-17.251672211362525,-0.08489966309193735,0.1470424968880229,-0.06941466500153166,-0.6772431982312995,0.0031054138500237233,0.2602596406763279,0.0001534903738262699,-3.141063956616094,-0.00014899366335621616
5.318840265274048,-2.039059672878845,-2.040852232861137,-17.331040466179545,-0.08403264519899122,0.1409067265954627,-0.06860971376626687,-0.6772587218665008,0.0031563654298730546,0.26025567607767847,1.2244339433333642e-05,-3.141025098644446,-8.889088714887353e-05
5.328726530075073,-1.572954750564198,-1.8715183883349618,-17.096642287004947,-0.08929199785067797,0.14870431325519967,-0.07192690479766395,-0.6772637111037509,0.003128713079556482,0.2602651615967797,7.737184707428833e-05,-3.1410103037325685,-0.0001663073989063089
5.336690902709961,-1.9369910629373304,-2.131766703499474,-17.224467330859298,-0.07637001121257636,0.14062161415491142,-0.07450761919341543,-0.6772399584315698,0.0031227598032645652,0.2602536621236544,9.527820139336775e-05,-3.1410547935972017,-3.8727024728013965e-05
5.346688985824585,-1.8500792073792987,-1.802431536554732,-17.1435977981625,-0.0928439982429524,0.14287296854707365,-0.07012714514850867,-0.6772404048174356,0.0031034341122625347,0.26025716664241183,0.00016737550054723863,-3.1410356081937545,-9.069417554879247e-05
5.356689691543579,-1.6198185077310336,-1.841800246176373,-17.185121188650328,-0.09241691337862269,0.14924759365333498,-0.07270664182858924,-0.6772540131829653,0.0031079007015771595,0.26028627393781295,0.00012883500516258853,-3.140999189069243,-9.736762576204058e-05
5.364691495895386,-1.5048935511811112,-1.9352061052808385,-17.1818955663854,-0.08551827972006255,0.15232350718886192,-0.0717983173292529,-0.6772498037114425,0.003125299216128229,0.26028198622192167,5.9063833508155264e-05,-3.140966357294058,-0.0001726355665801865
5.374790906906128,-1.9731283533075816,-1.854696455976534,-17.065038346514573,-0.08792119093751265,0.1415865063858344,-0.06607316771915317,-0.6772539257697874,0.003128240009976437,0.26029542154394075,0.0001417685133409854,-3.140971507609542,-0.0001574746086438217
5.3828465938568115,-1.7337204922084042,-1.9934741408821322,-17.100058175991553,-0.08434190166263117,0.1463252985076037,-0.07158569605861859,-0.677261431891806,0.0031244725252937257,0.26028448142979294,9.601210399671556e-05,-3.1409843383231832,-0.00011514166973606957
5.390815734863281,-1.6846835843470966,-1.7305670638512773,-17.046948136998584,-0.09047827502349479,0.1474188301390873,-0.0715048795412655,-0.6772534682840733,0.0031035425024094625,0.2602994216183925,0.00018154242698494553,-3.1409523201526763,-4.5917452348010585e-05
5.398741245269775,-1.8475145566677225,-2.0179630548153913,-17.108240871964,-0.08142686124787923,0.14502581676008175,-0.07241570712136927,-0.6772489312541407,0.0031106798124974494,0.26025826216653425,0.00014222756420385148,-3.141061099786432,-0.00013772563196351207
5.408771514892578,-1.6902385367184687,-2.1702932757677162,-17.28317406359727,-0.07718312484342375,0.1480697911629244,-0.07195640889289523,-0.6772585673667323,0.00314717719592718,0.260304924018431,0.00010267167731022073,-3.1409642949900576,-0.0001882048363646413
5.416804313659668,-2.143785522225861,-2.025350602930095,-17.17865217354045,-0.0844887382338012,0.1355146620591874,-0.07671887297581012,-0.6772485091634267,0.0031104410941276885,0.26030504376851393,0.00012124509571665146,-3.140983236636115,-0.0001094569352317524
5.424768924713135,-1.643811431692206,-1.959642407922061,-17.306438923447484,-0.08317849888082943,0.14440253342288156,-0.07208888604271466,-0.6772474284364173,0.0031213042943469926,0.2602599140714328,0.00014900327026990672,-3.1410600455588535,-0.00018315691219417148
5.434733629226685,-1.8587058224824862,-1.8841590397622938,-17.251751674594967,-0.08274367035400497,0.14137930666970006,-0.06364089499047029,-0.6772501493780279,0.0030990164999864706,0.2602521178387876,9.886074405079951e-05,-3.140997866595247,-1.7118554478495424e-05
5.444868803024292,-1.8423156663695397,-1.6294496519214183,-17.229136162228293,-0.09195587989613391,0.13986248208583868,-0.07621065418791884,-0.6772570346497104,0.0031244250685171122,0.2602499967858169,0.00012149290429773447,-3.141044886157843,-0.00010925909102673696
5.454710245132446,-1.911698441164549,-2.0745742549829362,-17.239179839140046,-0.08233795098388468,0.1420820304920684,-0.07125966101010851,-0.6772451794087592,0.0031110173286213235,0.2603161788702934,0.00015339421654856752,-3.140974148833664,-0.00013230382204541938
5.462698698043823,-1.7857147468029033,-1.9366755774582753,-17.177396757255536,-0.08256528016040476,0.14457418970740224,-0.07157986531706953,-0.6772466757462494,0.0031076218246833564,0.2602733188405375,0.00011024265058250357,-3.1410198599444454,-0.00011044531424831968
5.4727160930633545,-1.5388475790227942,-1.8047980025795491,-17.04805482309605,-0.08553340042480412,0.14587662144771432,-0.06818342273144759,-0.6772566302479712,0.0031482049189164073,0.26026269301000515,3.2312747499743606e-05,-3.141030944608413,-0.00013827722490454113
5.480822563171387,-1.5627872136344503,-1.7779950156728945,-17.09564224791142,-0.0863295958719347,0.14765193172816343,-0.06767146151018408,-0.6772597199959866,0.0031115196195168012,0.2602536006743499,0.00017480315579664066,-3.1410258468090855,-0.00012759004279086603
5.488755941390991,-1.389564286886713,-1.8413632711664796,-17.18145010192025,-0.08688533952336078,0.15327164975716306,-0.06735443179769673,-0.6772454665190157,0.0031363073810345156,0.26026413326242115,6.255409218755072e-05,-3.141075973004388,-9.942982199929202e-05
5.4988696575164795,-1.5776087206189482,-1.9713365819660604,-17.040149201167107,-0.08210578131481655,0.1461781561255101,-0.07193515293813459,-0.6772433621670497,0.0030862170444638003,0.26025958886014244,0.00018705198026396493,-3.141070163053873,-7.289674960035633e-05
5.508748769760132,-1.739426634776197,-1.875073851048402,-17.09572895421294,-0.08205564722496975,0.14191412217644264,-0.07292083809821417,-0.677253718235229,0.0031275524387397347,0.2603051813053263,0.00010925522698391582,-3.140982141610434,-0.00018934183079470984
5.51871919631958,-2.104459954269946,-1.906533380643527,-17.31289642413087,-0.08537394201427974,0.1406372469999859,-0.0717429113115284,-0.6772654299741877,0.003127696635253977,0.26030260874269406,0.0001097906451997819,-3.1409265723740796,-0.00012608271290668767
5.526734828948975,-1.777633135029512,-2.0192979556005883,-17.112453423296394,-0.0812113832285217,0.14068201631102398,-0.07097203193635732,-0.6772568440442421,0.0031306152443290134,0.2602872396800626,0.00012803136150914198,-3.1410058003145314,-0.00021988058538696846
5.53671669960022,-1.758049126908953,-1.9193024537985235,-17.34113954524834,-0.08186008544496132,0.14354495988086913,-0.0685722360954217,-0.6772613398985828,0.00310642354607745,0.2602908024994718,4.6404705606434425e-05,-3.1409848446135586,-5.465134262722464e-05
5.5467848777771,-1.5660747386329275,-1.8818776769329189,-17.218836265966196,-0.08756570422146374,0.14248720988016303,-0.07551358098885334,-0.6772600935453066,0.003123226326331483,0.26025919458143326,8.410503678249954e-05,-3.141025166557061,-0.00016835732175049615
5.556764125823975,-1.7356765285017859,-1.6653453615755447,-17.1451954400492,-0.08532490736850992,0.14018579362758493,-0.07532208636113266,-0.6772557463194093,0.0031193532186567525,0.2602656085954955,0.00012125720943461773,-3.14103961100171,-0.00011643491961718601
5.564807891845703,-1.841378486192575,-1.818844188256254,-17.207368716531107,-0.08925880545032526,0.13579455414259328,-0.07279676135176891,-0.6772630602534979,0.0031402519683777063,0.2602647504769529,3.7510162677744314e-05,-3.141022562468297,-0.00012191820625240161
5.572728633880615,-1.8854478549300953,-1.8797543822017666,-17.046036296164708,-0.08596418393768594,0.13515550109229252,-0.07590114350940388,-0.6772396289106243,0.0031275537886766647,0.26027308515584724,0.00012105328334345159,-3.141065157994515,-0.00016249821975559476
5.580766677856445,-1.8967065186395442,-1.9158363481509557,-17.180663466741645,-0.08586025852049267,0.13808820781092104,-0.06950864830172021,-0.6772402328205948,0.0031249735522323303,0.2602390375799015,0.00012049693076384139,-3.141099208211173,-5.8101550240092515e-05
5.588701248168945,-1.2330906211065387,-1.8628479953740202,-17.16093862981312,-0.08547383906727005,0.14725218048110178,-0.07662641442814874,-0.6772589065934134,0.0031084609238332013,0.2602991454028783,0.00013576460561967875,-3.1409574614720244,-0.00010392835261393786
5.5967607498168945,-1.6302061397007481,-1.8174039687775645,-17.22579378573384,-0.0851363462430121,0.14029895261232905,-0.06669083239047445,-0.6772493859554568,0.0031214908558596086,0.26030126213045074,5.182768450137619e-05,-3.1409705999276487,-0.00011190007844008339
5.604686737060547,-1.851592879715104,-1.8173065291242176,-17.333814203027476,-0.08670378296167967,0.13287827635757013,-0.067582935733592,-0.6772531905702426,0.003107145210062339,0.26026932696575433,0.00020488965991218036,-3.141060647419769,-0.00019535375736488467
5.612719774246216,-1.7283108381736243,-1.7830845045054478,-17.23616281252672,-0.08839498318511499,0.13471489928674205,-0.071964553031564,-0.6772438791318531,0.0031115005523883214,0.2602727397612375,0.0001348341351994882,-3.1410318372263593,-7.98799645366351e-05
5.622748374938965,-1.7050479627103183,-1.5483909224752272,-17.27056981192369,-0.0925381619257408,0.13806542398957797,-0.07231722670904817,-0.6772445768836887,0.0031093765965559276,0.26025683902307883,0.0001351569097693413,-3.1410937723990244,-0.00012041790999055646
5.6328065395355225,-1.5543029183938544,-1.8493687077494605,-17.132778871309107,-0.08663302570888022,0.14000343017129396,-0.07301802572433724,-0.6772496084874601,0.003131971061781086,0.2602463075889753,6.306951513732722e-05,-3.1410552487782266,-2.4854920949713635e-05
5.642792701721191,-1.877074681249585,-2.1815679338243563,-17.215075783057507,-0.0768426904250212,0.1356183445057477,-0.0734453687132488,-0.6772584596709448,0.0031133155290428783,0.260239994570004,0.00011604411749405468,-3.1410752166307767,-9.264757740164075e-05
5.6527650356292725,-1.8013246930364375,-2.107806564420248,-17.239747551989158,-0.07960868707965502,0.13412090055763265,-0.07150787318525306,-0.6772308778854449,0.003096562866940184,0.260270856494978,0.0001561589484380027,-3.1410804821550133,-6.427163851777371e-05
5.660804271697998,-1.7518303139212326,-1.9167026356965358,-17.222357603400752,-0.08372184569641125,0.13608993173860673,-0.07578290566886678,-0.6772390469910733,0.003130678166929883,0.26027872856607953,0.00014461527589095777,-3.141026901103896,-0.00012962493079133862
5.67079758644104,-1.9464984734980664,-2.0286483300626013,-17.20634675583686,-0.07836056601929485,0.13427109965572376,-0.07286379047415509,-0.6772543185822529,0.0031206731358945114,0.26027265552366513,0.00016573278693917873,-3.1410086116366243,-0.00015232446146826655
5.680852174758911,-1.4624936389389713,-1.6591076914157852,-16.999113267626832,-0.0909167655541076,0.14137929417570608,-0.07680457092709772,-0.6772346839140353,0.0031214720368656365,0.26026657836452477,0.0001293963528566868,-3.1410740811447404,-0.00017176014062545716
5.690875768661499,-1.6183510790409392,-1.8811514572686003,-16.94306336564497,-0.08260327910457,0.13980100293834868,-0.07441906782958088,-0.67724580848043,0.0030976820998036008,0.26026629677997215,8.461511704482613e-05,-3.141043574079644,-7.60729129756879e-05
5.70065450668335,-1.6185706624993996,-2.0676170657020445,-16.944660862852334,-0.08044580278720222,0.14043278777828316,-0.07468674861331229,-0.6772549248526841,0.0031281394318915254,0.2602683871813083,0.00010250947333173059,-3.1410388127380973,-0.0001304700753966435
5.708771467208862,-1.9237430985095552,-1.8971285172261003,-17.116056800119985,-0.08681799156171975,0.1327032643725458,-0.07275873462622336,-0.677250313575681,0.003110720102195373,0.26027413049139997,0.00012120746606918788,-3.1410315235166344,-4.644173637199547e-05
5.716793060302734,-1.730643450801853,-1.846406983350758,-17.27815815621057,-0.08775833624171867,0.1356170913973532,-0.06639451489797726,-0.6772508534758779,0.0031262420818412863,0.26028983028453334,9.523867890587471e-05,-3.1409877097149215,-7.963953183430255e-05
5.726770639419556,-1.7771905436316666,-1.8965059795583825,-17.14524539286772,-0.08716063452672697,0.13288778369022147,-0.07130461088040242,-0.677261062923892,0.0031280370724842553,0.26024795613335877,0.00010744575514940705,-3.1410290194425547,-0.00010743829324021012
5.734767198562622,-1.4985882501602155,-1.4646832722223815,-16.92732654058827,-0.09533955740392916,0.13970880305634584,-0.07846612130799017,-0.6772478746573405,0.003090183437628089,0.26026476151867217,0.00017334454467957442,-3.1410771184571757,-0.00011816986769980982
5.742757320404053,-1.5940721707018197,-1.815890789622847,-17.09129218455128,-0.08677082248298308,0.13757844329313756,-0.07332865292591616,-0.6772586513979627,0.0031390150591865703,0.2602952896986429,7.633589314534629e-05,-3.140986645445446,-0.00012826903657548334
5.7506959438323975,-1.583406028166303,-1.9924083155558905,-17.196747189155918,-0.08305542687553898,0.14123712350881365,-0.07410522594760066,-0.6772480551738432,0.003130966333104948,0.26025964394540724,5.8319022928869756e-05,-3.1410577523474474,-6.392142724684966e-05
5.758680105209351,-1.5541822016097708,-1.8231069093621068,-17.303737587592334,-0.08371090690644173,0.1385210412650329,-0.08069666196941554,-0.6772654483845911,0.003114720805737301,0.26030279044668586,9.107212454501963e-05,-3.1409269153030297,-0.0001404647409363253
5.7687623500823975,-1.5945874234574624,-1.7577708520366322,-17.102695980942862,-0.08456214582178413,0.13831822386749332,-0.06787080650354083,-0.6772335145581901,0.003119813191904707,0.26025347849550307,0.0001078944740774337,-3.1410808540304345,-0.0001831974799493787
5.776775360107422,-1.4824226352746541,-1.8081630844905066,-17.374194510688056,-0.08696338743191723,0.1397431269492239,-0.07221481923628956,-0.6772586706168368,0.003129520152110803,0.2602844892114565,0.00010413615456641443,-3.1409966996424172,-0.00011807655831718811
5.784751892089844,-1.4441500655176966,-1.9101416013120054,-17.15518662229124,-0.0857912086838928,0.13914747311232148,-0.07241766930059189,-0.6772477805565309,0.0031399637033453073,0.2602671098864678,6.321369908823864e-05,-3.141017579318867,-0.0001233680743946043
5.792811393737793,-1.4113413361842726,-1.5916963665808985,-17.064525292185365,-0.09485994847137887,0.13941664708541723,-0.07540846039039795,-0.677280093891898,0.0031352267353315323,0.2603293566938889,1.8846738951356118e-05,-3.1408905284879305,-0.00011121508855084111
5.80269193649292,-1.42701922988392,-1.9326849697412496,-17.116523064128874,-0.08639519880321808,0.13925442595336598,-0.07972270738526903,-0.6772571886914346,0.0031388580342674058,0.2602780129249513,4.637671099225274e-05,-3.1410123407321873,-4.5787214187595286e-05
5.812779426574707,-1.3885049372037717,-1.651574749264171,-17.06231912942919,-0.08893703414795238,0.13673538133871652,-0.07675040806378938,-0.6772510123717596,0.0031204865790906604,0.26029458631532904,8.880242316353756e-05,-3.1410194833163425,-0.00015593952583649776
5.822742938995361,-1.546928634684374,-1.8066626831197665,-17.229015095883806,-0.08723352848443627,0.13285497537663393,-0.0760413254783263,-0.6772425677949746,0.0031297297953316494,0.26027877234335106,4.4095563462370394e-05,-3.1410371097503007,-0.00014549611366268376
5.832847833633423,-1.7736777007730145,-1.924658715345634,-17.121319401450013,-0.08622226345411775,0.1262363790485253,-0.06938374312327648,-0.6772540979237952,0.003124044739338671,0.2602840559784626,8.185891665396363e-05,-3.14098297651415,-3.602657673169884e-05
5.840784072875977,-1.492242531562004,-1.6843758215544558,-17.08151575794134,-0.09092060713546886,0.13448287013143154,-0.07621203037389486,-0.677253494407422,0.003117600118170338,0.26027139651949566,7.236098121494994e-05,-3.1410522454439245,-0.00015294593783921065
5.848761796951294,-1.525781965021931,-1.939592561377152,-17.278082345642577,-0.08415860509671251,0.13239927289362274,-0.07941492390374488,-0.6772517787942129,0.0031374482623501257,0.26028271872806846,5.833076419008291e-05,-3.141012821104302,-4.104644472572325e-05
5.858752727508545,-1.802439380358856,-1.9672967342455796,-17.232051291858397,-0.0829452753869881,0.1266543629174318,-0.07417094474691548,-0.677255195041646,0.003148802056316261,0.26029753373877473,-4.9166464537918716e-08,-3.1409891736141193,-0.00016564714554864513
5.868695974349976,-1.849380771940512,-2.106425229968858,-17.197754503997064,-0.0772495370512668,0.1259650959120429,-0.07043495302281409,-0.6772534378312951,0.0031484968879548006,0.2602932735407674,6.276811739505092e-05,-3.141002315607704,-0.00011635231638605532
5.878704786300659,-1.6814609893703307,-1.5908525968171345,-17.13589909382245,-0.09257892491610957,0.12642967752014414,-0.07650755016165105,-0.6772497823308582,0.0031250977472039843,0.26028418794915975,0.00010240271222876029,-3.1410281876483706,-0.00014847481567181186
5.886705636978149,-1.2605467963964136,-2.0246364400709695,-17.127320282864336,-0.08541094374609774,0.1400072269007963,-0.07040989149772074,-0.6772502438193103,0.00313403938665993,0.26025073742961957,3.806740043910545e-05,-3.1410746754813754,-9.97337897579472e-05
5.894683599472046,-1.9125349764333057,-1.6502961217807577,-17.244394886200727,-0.09205043592721113,0.12602076877242704,-0.06797886295226836,-0.6772395005104476,0.0030972902224228787,0.26028208465002345,0.00023026369147566495,-3.1410558085433977,-8.60907151487132e-05
5.904709577560425,-1.4195620698704625,-2.0551179113630273,-17.33077255575447,-0.08184476575032448,0.13434622641594315,-0.07342721660551416,-0.6772461043959894,0.0031014018489451418,0.26027246424879213,7.722695528551182e-05,-3.141025800951708,-8.866218060612601e-05
5.912672281265259,-1.9606692926730158,-1.682831760741232,-17.39588446363841,-0.09236176364421844,0.12141803796942323,-0.07599725030065324,-0.6772554950555991,0.0031212157085184016,0.260285417901924,0.00010264210234845882,-3.140999011258423,-0.0001241830802694675
5.922759294509888,-1.5736727091664544,-1.9781440825980063,-17.304256607111334,-0.08141570728314103,0.13009351240061579,-0.06867541017858339,-0.6772605132727372,0.003144007126432151,0.2602682492142132,6.281611701132106e-05,-3.14103317022575,-0.00013997011215897723
5.930751800537109,-1.784422427488466,-1.8656308704312723,-17.358352659394008,-0.08548169733315988,0.12802101562623433,-0.0670913592491421,-0.677239616892615,0.003109845067334662,0.260258397151499,1.8698753610392e-05,-3.1410638281142256,-5.726660792905809e-05
5.9407196044921875,-1.794027795948551,-1.903881265739844,-17.25689836913647,-0.08916608330126902,0.12604721567096908,-0.07113662715414461,-0.6772686499210324,0.003157353248446229,0.2603218754197693,2.1049976878761803e-05,-3.1409246619750144,-0.00020106568034399105
5.950767993927002,-1.6939076439281084,-1.8596526549709134,-17.438294314065015,-0.08610388072230575,0.12739791573174894,-0.06980364466050588,-0.6772571854094961,0.0031125885575739596,0.2603099756142062,0.00014035919707201957,-3.140932452026037,-8.599679689374504e-05
5.960751533508301,-1.7548706255902478,-1.779570281228047,-17.066286353883868,-0.09005573815196412,0.12726381804818476,-0.06650650594939969,-0.677261580946683,0.0031123780121864314,0.26030321622294383,0.00012885853370820912,-3.140963675141771,-0.0001547522111463254
5.970767974853516,-1.6438816151148097,-1.89507207216286,-17.19868781557668,-0.08495581826553146,0.1271485274594689,-0.07185063432992381,-0.6772388261862956,0.003083374511958276,0.26023966889407096,0.00018276715471986628,-3.1410930042831007,-8.676786693154328e-05
5.980674505233765,-1.7989619887069792,-1.9698148046709207,-17.19554293350919,-0.08464989782616505,0.12494285563692852,-0.06889015037365084,-0.6772577612832615,0.003126728459379385,0.2602995863906345,0.0001415901053607136,-3.1409747029758694,-0.00016571452180356305
5.990674734115601,-1.3628848609641575,-1.9058648023086249,-17.191388237345645,-0.08731271996129313,0.1348560570107018,-0.07640705536047543,-0.677251653199072,0.003097033158963667,0.260276927846824,0.00014963723949850395,-3.141033725975924,-0.00014663076201546394
6.000751733779907,-1.8885640117530853,-1.876979882980199,-17.44082396879872,-0.0881627088275339,0.12156838968136188,-0.07006741465680719,-0.6772627431548058,0.0031633314624186174,0.2602850584929564,3.0353929722383796e-05,-3.140962164771739,-0.00010924756706270451
6.008750677108765,-1.540149393729951,-1.7292240281589857,-17.409542413104884,-0.08643324381596881,0.1281217306591554,-0.07289366067999219,-0.6772562193176275,0.0031218539141242597,0.26029006325020465,9.019706624237601e-05,-3.141026982405384,-0.0001222430613460832
6.016745567321777,-1.2486542164231262,-1.6242801544896235,-17.148870167064672,-0.09202335017418235,0.13543446325209132,-0.07084439183637414,-0.6772421588799665,0.0031233946797772647,0.2602727770461026,3.821952855004792e-05,-3.141035592377153,-9.852521239016337e-05
6.024778842926025,-1.5187439429402805,-1.462386847818724,-17.34576447100144,-0.09217072849542678,0.13173998470198411,-0.07383042067105965,-0.677252163894307,0.003121358469780169,0.26026707280891137,0.00014908231495196257,-3.1410358220677113,-0.0001764560535054113
6.034610748291016,-1.7562174109415776,-1.7157602640478955,-17.44594229145167,-0.08920042471343366,0.1244830659947676,-0.06925180498782042,-0.6772581992548933,0.0031173810214703895,0.2602893018370752,0.00015882270771456415,-3.1409864254913593,-9.46422317480954e-05
6.04268741607666,-1.4620156925410737,-1.727359098907082,-17.237797718894456,-0.09052512614538788,0.13011424129308646,-0.07450005681023891,-0.677257908605804,0.0031327315614308026,0.26031182260756414,3.2810986725235725e-05,-3.140967678072576,-0.00013444034022922757
6.050753593444824,-1.439538462924158,-1.7790261622427976,-17.327156281642534,-0.08319109991988184,0.13407192709154434,-0.07103751073832656,-0.6772603850213096,0.003140856300538289,0.2603213840875819,8.225806392899346e-05,-3.1408882086833048,-0.00013842253009438424
6.060767889022827,-1.4937709443066052,-1.8674723414766563,-17.33276803538787,-0.08406015532388235,0.12796293353504232,-0.07408564211319739,-0.6772503408339605,0.003139158964289339,0.2602724663021876,0.00010109943802854408,-3.1410253887999735,-4.840341165612608e-05
6.068716049194336,-1.7540554606726477,-1.8328146014045663,-17.3246038860012,-0.08824335803402228,0.12301830822843415,-0.06840136544817134,-0.6772588918451923,0.0031182855711508017,0.2602857884529046,0.00012330709519365896,-3.1410176743235256,-0.00011142856151905996
6.078758716583252,-1.5482498686541286,-1.9417841191332292,-17.406244862525664,-0.08463641356726816,0.12909862383632667,-0.06981309664522409,-0.6772432152269725,0.0030945198308363923,0.2602861887482031,0.00016559443473719988,-3.141064181993607,-6.287090857924797e-05
6.086748838424683,-1.6538101406868377,-2.1201253899109287,-17.41995400243364,-0.08089941301806965,0.12571995801991714,-0.07189594414977483,-0.677234159048073,0.003112221764497169,0.2602716636619403,5.8982628663591615e-05,-3.1410621467540674,-8.235297788722069e-05
6.0967512130737305,-1.5348760798881667,-1.6305492468487237,-17.43723751153816,-0.09315196213359367,0.12847063187939567,-0.07063451982328586,-0.6772485900555315,0.003119239085901614,0.2602965708548826,0.00013989151003275285,-3.141005496303206,-0.0001489252784363145
6.106700658798218,-1.284993349497443,-2.0754012692131063,-17.35659409602892,-0.08240983848552391,0.13034181584853724,-0.07119618435047048,-0.6772482170165237,0.003123840920540548,0.2602908031547944,3.812854090514962e-05,-3.141005616247813,-9.53135844606518e-05
6.116771221160889,-1.5702929527394784,-1.872542804747244,-17.310302453900395,-0.08564632673908432,0.1272633293164471,-0.07032270302746149,-0.677249310237944,0.003112209769982275,0.26028374371640767,0.00010246372603885817,-3.141023092537456,-0.00012179374724742682
6.126773118972778,-1.4160976437015378,-1.5605565091542626,-17.22341863340613,-0.0925805750154703,0.12965540738692335,-0.07150458038081389,-0.6772634675600339,0.0031197698301180287,0.26026796399355473,0.00010305096112626257,-3.1409836650048755,-8.080629216252572e-05
6.134764909744263,-1.8726362602422537,-1.6605649733484535,-17.26319647573817,-0.08989188014955962,0.11923541680925227,-0.06610230733465235,-0.6772530911174605,0.0030999420097125546,0.2602928342214421,0.00012907350655313343,-3.1409714084584013,-0.0001115800528601062
6.144705295562744,-2.0226782375140786,-1.9595514232662492,-17.250229033776737,-0.08327640881895232,0.11776715884669783,-0.06659750949267709,-0.6772518521769958,0.003123399056799174,0.26028046282539286,6.34388554375864e-05,-3.141028821481715,-6.878110902418781e-05
6.154689073562622,-1.7223681328406877,-1.9810907104974491,-17.3392459527895,-0.08274409648734989,0.12039504522904203,-0.06710960562758904,-0.6772652551464855,0.003128634808689991,0.26030844341851567,8.909123686887964e-05,-3.1409553771548184,-0.000131519010784087
6.1647045612335205,-1.7134179587480625,-1.9346623502470566,-17.33998977005934,-0.08241328741979621,0.12221446512557883,-0.07009970872826593,-0.6772597090893021,0.0031319122887411093,0.26029980061361746,5.6269359213464705e-05,-3.1409669640044156,-0.00014678196290835962
6.172680139541626,-1.9149401173140321,-1.776046881040731,-17.328246989980933,-0.08938719535945192,0.12088787580129652,-0.06859591325640847,-0.6772462687429475,0.0031376519714432236,0.2602672470029216,1.1935975759910325e-05,-3.141047388361862,-0.00012763131447083347
6.180705308914185,-2.0098249842083153,-2.275006359610897,-17.451629259209035,-0.0790607536440631,0.11579792494219875,-0.07238380864722802,-0.6772643020767545,0.0030947715807140013,0.26029516883929693,0.00012798409417748554,-3.140984618373739,-0.00016712150259519805
6.188717603683472,-1.3853723978241206,-1.9143869056412945,-17.308062376896775,-0.08268745643836051,0.1298839096329409,-0.07386255055730975,-0.6772557442432093,0.003131416031420141,0.2602460510947159,9.707313710068898e-05,-3.1410872796992027,-8.200045743341188e-05
6.196721792221069,-1.7918951487314145,-1.7979487331179198,-17.206170825698763,-0.08819397567705782,0.11654849285790823,-0.07325806866385985,-0.6772583765940223,0.0030987405352426345,0.2603066232703062,0.00019366167602719402,-3.1409901175120476,-0.0001654673085508548
6.2046568393707275,-1.4679484201501476,-2.1057638692240936,-17.356024453870543,-0.08158736511719913,0.12085849691009291,-0.07440834542035894,-0.6772545015361414,0.0031343700854579884,0.2602638393646351,5.611150882129107e-05,-3.1410393617263965,-5.153957558528409e-05
6.212658166885376,-1.3857780325380198,-1.8965179360293316,-17.168808836652065,-0.08754723957306754,0.12458965583278812,-0.07082890494798098,-0.6772533466199843,0.0031434086773583984,0.2602746646346805,3.047101933410888e-05,-3.1410429412730334,-0.0001506076129206922
6.220723867416382,-1.4186637763634273,-1.917459553525879,-17.33154644626395,-0.0852339717196212,0.12055987529496966,-0.07277135108128399,-0.6772488047918122,0.0031161949810741027,0.26024329522029793,7.904318381847774e-05,-3.1411046544489585,-8.323575826267534e-05
6.228661298751831,-1.2978474656615304,-1.6549122835545897,-17.28718805917062,-0.09274247309063723,0.12362616759206939,-0.07588531429122318,-0.6772763633650067,0.0031223487174997285,0.2603210756842234,0.00010279539630736465,-3.140906699562626,-0.000185414982299149
6.238682508468628,-1.4260425831030934,-1.6908477579981376,-17.236255176079446,-0.08913328231368416,0.1207112865232204,-0.0719671025692906,-0.6772627841722617,0.0030825448357642195,0.2602539274723699,0.00021482007158964657,-3.1410536768379482,-9.966821186168356e-05
6.246690273284912,-1.4149946089249394,-1.8769176082188788,-17.045028583449934,-0.08961840870505289,0.11859161985798984,-0.07553001152071166,-0.6772499121158306,0.003113703618631513,0.2602552528773861,9.557618802899403e-05,-3.141081567777532,-0.00012432502361698033
6.256743907928467,-1.7530866755160346,-1.9015239990011743,-17.52560475831204,-0.08372169223607755,0.1130553975369862,-0.07044185751450273,-0.677266324611407,0.0031367719719463186,0.26031881878012403,1.8777205906561024e-05,-3.1409281195970835,-8.6803262751153e-05
6.2646636962890625,-1.391338837220967,-1.979677800445567,-17.317787858312425,-0.08646101623335209,0.11355487414274595,-0.0710887370299824,-0.6772519977382601,0.0031269728963505884,0.26030537533344006,-7.855066547121768e-06,-3.14100015526749,-8.272400261439698e-05
6.272659778594971,-1.1004120885825093,-1.8850688523640793,-17.40282682842144,-0.09236409404763642,0.11904145795632876,-0.07783676638414712,-0.6772402334706279,0.0031388126262384677,0.2602742995038637,6.969588362278592e-05,-3.141037709982558,-0.00016893541043530908
6.282728433609009,-1.5511593691518877,-1.7959802966466065,-17.58965876241,-0.08917285019855459,0.10975354255711357,-0.0688418969999673,-0.6772603157386462,0.0031413738734183978,0.2602693794652566,6.977615655393498e-05,-3.1410120693990553,-0.00010617959050686704
6.290778160095215,-1.4332746185174439,-1.5240586653408026,-17.37655909839222,-0.09940162660188008,0.11586808924589166,-0.07613743281577155,-0.6772482844489146,0.0031247712496825205,0.26029591909020555,8.831883183995322e-05,-3.141001328284242,-0.0001876670072132919
6.300745248794556,-1.426173974568869,-1.6681680759205597,-17.398241713741175,-0.09344131919753865,0.116562207226191,-0.0731838930685354,-0.6772507144878404,0.0031153222101927467,0.2602868740012044,8.440973886192719e-05,-3.1410234652198405,-0.00013547753121873976
6.310831069946289,-1.4952761310822136,-1.7871579927643872,-17.511889111119284,-0.08805104517276253,0.11473373022457596,-0.06865261671507769,-0.6772502697791297,0.003098769881065511,0.2602745118460434,9.79371404534387e-05,-3.1410402276542784,-0.00012541392584707346
6.3207502365112305,-1.8440208284496233,-2.024342651913035,-17.481390099287896,-0.08686590765023175,0.1056621251954614,-0.07156771148745669,-0.677256374397914,0.003126008562896888,0.2603009521482123,3.779144572413835e-05,-3.1410062626296806,-0.00010218921931085705
6.328701019287109,-1.6456337402121441,-2.164880082152251,-17.520323454942307,-0.08472339233452329,0.11356088212598689,-0.06927946279888832,-0.6772644809432469,0.003117465530770479,0.26028659136575116,9.55077431404147e-05,-3.141019665231202,-0.00015593489533906248
6.338727951049805,-1.3924411188208765,-1.9190705277900053,-17.2871972841931,-0.08898675711506418,0.11625604612437196,-0.07637895919030518,-0.6772414373669902,0.0031230542978134238,0.2602427624670794,6.497519353969826e-05,-3.141098593074286,-3.923403162798356e-05
6.348670244216919,-1.680790482332365,-1.8731468910388813,-17.376316218180982,-0.08720261396630236,0.10569465144095497,-0.0683820634137575,-0.6772440055530952,0.0031051516916409693,0.2602768351512734,0.00019093150446682073,-3.14102923135302,-6.16592505341871e-05
6.358746528625488,-1.470639486390263,-2.2505951781357623,-17.514367068809317,-0.07765314998146512,0.11012177706956847,-0.06698017468837314,-0.6772605298150866,0.0031328150942194592,0.26028023730580874,0.000109374138390519,-3.141001779521974,-0.00011644363760701701
6.368685483932495,-1.2852176331808844,-2.0918773785746514,-17.498278973301726,-0.08106325058168574,0.11551154137460325,-0.07369617164284831,-0.6772582876800212,0.0031018829605340636,0.26028471157051186,0.00012109411756275946,-3.14101444554689,-5.969215856253541e-05
6.378756761550903,-1.5969204818095954,-2.1265835890853,-17.652289842001466,-0.07942926548712509,0.11585534218283573,-0.06987599984666208,-0.6772499749322546,0.003107918417159225,0.2602780928334749,0.00016073725608615488,-3.141041215906766,-9.689732349817886e-05
6.38672399520874,-1.5700935376088785,-2.084953428716237,-17.60348435516596,-0.08559959196846759,0.11326850570805477,-0.07667739315112646,-0.6772535501965191,0.0031165938884316494,0.2603183225917802,8.355065952018754e-05,-3.1409725232684638,-6.568701620999551e-05
6.396749019622803,-1.1001795768344047,-1.960868226746068,-17.580639573575716,-0.08999392374274628,0.1230729247045982,-0.07380466495112453,-0.6772395217218917,0.0031324283722427887,0.26028965899793893,2.5404073731375737e-05,-3.141016067486773,-7.738350222416938e-05
6.40669059753418,-1.270094124586855,-1.854125106118822,-17.49237349047277,-0.08880778728498184,0.11562081408762882,-0.07756049413116847,-0.6772427046119828,0.0031321859490185348,0.26029095352800513,2.3846363325205847e-05,-3.1410216607681276,-0.00018873371857989444
6.414717435836792,-1.8236277386747237,-2.253476470229091,-17.68149647101943,-0.08134351118578831,0.10220180005927344,-0.07175456913008549,-0.6772510103380126,0.0031309537959912878,0.2603057024872306,5.608697431484991e-05,-3.140979643107196,-0.00010987814424666647
6.42474365234375,-1.3835429175165688,-2.129615748066326,-17.533773670040514,-0.0826595313107241,0.10937562321622414,-0.07070373525413695,-0.6772485648835932,0.0030894369012357957,0.2602939190621087,0.00020574161944586752,-3.1410127007003728,-0.00012519271644398475
6.432756662368774,-1.3611197894075817,-2.1020001509670667,-17.579278127441924,-0.08606006750681362,0.11707109755572996,-0.07157817082924363,-0.6772582416892474,0.003120756715285376,0.26029342951809653,7.059257912477855e-05,-3.1409647726505,-2.742679727386419e-05
6.442691802978516,-1.2364610311266786,-1.8983026961305731,-17.516828816197375,-0.0906603740958017,0.11659851068113176,-0.07914783044969573,-0.6772714630075707,0.0031227049946654143,0.260286210935033,0.00012806326690044097,-3.140985490145381,-0.00018138010461658303
6.452662706375122,-1.4331845922478992,-1.83417435914856,-17.365700450874957,-0.09038905079959621,0.11740657727643751,-0.08169097795645397,-0.6772730186141025,0.0031048768258552222,0.260290569830929,1.9076871516235635e-05,-3.1409432556781813,-8.247072773353117e-05
6.462727308273315,-1.4945600735323832,-1.922064578707788,-17.3646827477378,-0.08644133666940791,0.11422918945873817,-0.07129746500035491,-0.677247021661309,0.0030831181502233625,0.26027579618300645,0.00021771114915219422,-3.1410470790708476,-0.00014691589775553534
6.472671270370483,-1.4073529707972712,-1.9541264056642744,-17.458257294408476,-0.08992576505603718,0.11406530895105092,-0.0735036166787381,-0.6772651660057094,0.003125744882026898,0.26027796853023544,4.272261093364007e-05,-3.1409994511733066,-0.00010266026035441565
6.482684373855591,-1.292975531167374,-2.0189625656350456,-17.573115074289394,-0.08491968924292585,0.10909311746518555,-0.06825523343500078,-0.6772530799885622,0.0031243757601945696,0.2602865919364885,5.194978844343914e-05,-3.1409799904563616,-9.6576719031481e-05
6.492717266082764,-1.2613389737537222,-2.0033540929281717,-17.475126815620627,-0.08359654229336447,0.1203279595977089,-0.0791228740852941,-0.6772597923955824,0.0030938462253806316,0.26028695618680364,0.00012309576009931917,-3.1409730966918534,-0.0001255558662095845
6.502749681472778,-1.7579273993178954,-2.091838255324999,-17.3732166952126,-0.08414319601678642,0.09885451395781762,-0.07148532232060506,-0.677250785139887,0.003128207000867924,0.26031598737038397,4.485417868836498e-05,-3.140966302847063,-0.00016846002766798145
6.510644197463989,-1.324424277771589,-2.0216311767793886,-17.494309090276456,-0.08376186933590204,0.1164272954980561,-0.07052273612864184,-0.6772583777591096,0.003156066480877245,0.26028069183331726,6.902862862877522e-05,-3.1409992216892904,-0.00016997721492388522
6.520739793777466,-1.6606700996656847,-1.9539408737804966,-17.46394512660612,-0.09030929397348665,0.10554604607556257,-0.06634190523102731,-0.6772548732772607,0.003140280546906135,0.2602687281563491,5.042797103680087e-06,-3.141044953033637,-9.566100144781832e-05
6.530704736709595,-1.5838638133049103,-1.8258323564971919,-17.323532441380877,-0.09101683494259473,0.10923317126973481,-0.07100874270760979,-0.6772561645716944,0.003122555601805802,0.26028987698081424,0.0001484228837118573,-3.1409843330085856,-0.00014801292295463768
6.540686130523682,-1.5278715804141507,-2.085495853673698,-17.340778909032085,-0.08292194696590086,0.10816924857504812,-0.07284124146243028,-0.6772597317149205,0.00312387144863563,0.2603072825813499,0.00016455988500438154,-3.1409750600083286,-9.84774474093976e-05
6.550680875778198,-1.1392508813356557,-1.8094361625190412,-17.49209632028314,-0.09314934484391442,0.11077365119403726,-0.06871136949800279,-0.6772575593472585,0.003124095057813146,0.26027056527912995,5.191799112375457e-05,-3.1410021958644556,-7.030000427176946e-05
6.558737754821777,-1.4232895186143608,-1.8653141621843694,-17.468757504107135,-0.08827040267988663,0.10196147378658044,-0.06724208621184327,-0.6772440414637837,0.0031161643755195615,0.2602714595222292,4.998214409255826e-05,-3.1410530398385235,-9.986586320298032e-05
6.566745758056641,-1.3335004762536522,-1.7476434689029914,-17.56375425607407,-0.09552335598869592,0.1043605562152703,-0.06854133636700564,-0.6772436393935831,0.003139576917398774,0.26028127595140915,3.0243483928894202e-05,-3.1410620863441925,-0.00016130715700301694
6.576775312423706,-1.5707958889902913,-1.8757539691768865,-17.508889425540385,-0.09226674462121778,0.10113782736534863,-0.0639152719761394,-0.6772413854715413,0.003105260857951584,0.2602712759187067,5.934717469816951e-05,-3.141025910213799,-8.856370882002934e-05
6.5867345333099365,-1.3135298528677781,-1.7137853365413824,-17.456089737340367,-0.09222899316315511,0.10446249920341148,-0.06793885613413618,-0.6772624841485195,0.0031058670933898046,0.2602545047455539,0.00011017728058945332,-3.1410325265021313,-2.692425983641303e-05
6.5967535972595215,-1.1479414135368304,-2.0058515379622115,-17.471185467797838,-0.08142792991350144,0.10910589084521302,-0.07084404626254863,-0.6772462022623948,0.0031290117585715967,0.2602645016741532,0.00013005023997671514,-3.1410104752471026,-0.00014697225196013121
6.606747388839722,-1.2388220649661292,-1.8560162424815987,-17.5122006580984,-0.08786604843214098,0.10853774677156068,-0.0707287829897489,-0.6772512415822783,0.0031114220397656937,0.26026979320147176,0.00018012212616570812,-3.141059959907243,-9.088096566484145e-05
6.616848468780518,-1.5281284189585835,-2.1783115863701616,-17.53979650549716,-0.08340848823462124,0.09896526711732673,-0.06714952845924049,-0.6772561519633243,0.003110183666391674,0.2603076679311726,0.00015316212554576523,-3.140992598115002,-0.00011271991698644059
6.626671552658081,-1.4494743144542657,-1.537902694364034,-17.489846568166644,-0.10030851103739699,0.10246337053652745,-0.07024717708615821,-0.6772694851508203,0.003104742609904567,0.260303626521256,0.0001609047023159816,-3.140964873875911,-0.0001353592421191311
6.634711503982544,-1.5259197203163484,-1.783292429734092,-17.587995794111603,-0.0952919378793542,0.09608978567934871,-0.07303046649041763,-0.6772613634872894,0.003108518030461785,0.26028556202630104,0.00012347608017372583,-3.1410000806537157,-8.263870940973381e-05
6.6427154541015625,-1.4012354438740047,-1.6611514762098127,-17.53548160495962,-0.09530397863172602,0.10133395907546262,-0.066298079446168,-0.6772587111934721,0.003104582736104336,0.2602927065337449,0.00013548249393436273,-3.1409966534414866,-0.00020372636678386104
6.652695178985596,-1.3282522856377994,-1.8463771117092018,-17.528184136504986,-0.09396870010339795,0.10301336919565389,-0.07196625721850182,-0.6772574647290358,0.003120589843769453,0.26027651154113784,7.701655390978426e-05,-3.1410250966745075,-0.0001349219800924249
6.662674903869629,-1.176764085786183,-2.0600730218021885,-17.52453780977981,-0.08424022607221109,0.10252753880543117,-0.0710649004421776,-0.6772524488444639,0.0031267003413740224,0.26025092868284716,4.530298566001153e-05,-3.1410337451630235,-0.00011808492228545342
6.672696590423584,-1.0174589178288844,-1.7522223028294317,-17.528530509455642,-0.08947750921244663,0.10838254082068678,-0.07607654428822783,-0.6772567918310626,0.0030942988613708888,0.26029970352730236,9.17548826470174e-05,-3.1410041180541657,-9.595390218395606e-05
6.68270206451416,-1.217435041579322,-1.7358064202656236,-17.332712630273665,-0.09225357723150483,0.10077683151921449,-0.07757962424277415,-0.6772630152900957,0.0031319451068358684,0.26027475814927786,5.838160889537312e-05,-3.141016721363644,-0.00017124692037566634
6.693013668060303,-1.0819272959310997,-1.7411228015718656,-17.525167025976597,-0.09560461079434884,0.1049904027933452,-0.06851390290168938,-0.6772540450768962,0.0031165533785917137,0.26030165222648205,2.447970486724003e-05,-3.1409940331620736,-9.228117353218586e-05
6.702683448791504,-0.9401026579020165,-1.669970081831582,-17.3096003190528,-0.09443827006721439,0.10452538887345747,-0.07675707288880819,-0.6772678068998652,0.0031092517802558967,0.2603029102277882,0.0001540563670669474,-3.140919645378216,-0.00017642501297948572
6.71067214012146,-1.2096351128974423,-1.7677478593550395,-17.543423058208404,-0.09175540620375217,0.09580726479332059,-0.06706472855786563,-0.6772671293180361,0.003115443533470571,0.2602623329664985,0.00012098627965221611,-3.141049621815773,-5.985647768031374e-05
6.718710899353027,-1.4310572512107065,-2.0037691065616836,-17.405799489815184,-0.08771353194640846,0.09159705906953469,-0.06762357811008789,-0.677269047183239,0.003132767415147616,0.2603206815601108,7.710276935336339e-05,-3.14093455277114,-0.00019102160384104914
6.726675748825073,-1.5026560110431577,-1.759639454031443,-17.361693606085776,-0.09202055078256381,0.0960891318763891,-0.07332418109765412,-0.6772369506939419,0.003110876856792228,0.2602809869264999,0.0001412345757769536,-3.141053515221041,-8.524562825957204e-05
6.734854698181152,-1.1248008576897515,-1.8370210941906435,-17.454440600622803,-0.09514444568813113,0.10640160259052799,-0.07611617627877715,-0.677262521240777,0.0031436260084748754,0.2602603336612684,2.5109576216901447e-05,-3.1410661075725756,-0.00016229675392644732
6.744687795639038,-1.200461860020951,-2.0254758507856394,-17.477201038665516,-0.08854125921814393,0.09773583996859778,-0.06846262537156583,-0.6772569723241195,0.0031145875961343552,0.2602930318248905,0.0001023792999749997,-3.1410036873115907,-9.452209266971035e-05
6.7527759075164795,-1.1709819352936435,-1.6607824854566153,-17.492644489781508,-0.0940131502692155,0.0943547121537012,-0.06629930896002492,-0.677263165033839,0.0031381547489400764,0.26027512457390717,0.00010180922062268649,-3.1410116774435757,-9.188690156823944e-05
6.762679576873779,-1.1941295655247073,-1.8840280289725417,-17.385428483492678,-0.09203350043829459,0.09639443045489139,-0.0718230347627384,-0.6772272878671189,0.00311765558060286,0.2602836312673271,8.240999962719999e-05,-3.1410397403771007,-0.00018274726841097048
6.772629737854004,-1.1641488494838463,-1.9059455210573168,-17.37700198291002,-0.09104891079244595,0.09991737477099716,-0.07388526402220143,-0.677261883980567,0.0031286824358166057,0.2603294037671626,8.413066227628669e-05,-3.1409039890242663,-0.00016024170545277393
6.782729387283325,-1.635111652938537,-1.846251806866682,-17.390191794129,-0.09260757408554243,0.08753042759493493,-0.07609247469336489,-0.6772425217316024,0.0031102748571016077,0.2602687431296021,0.00010957868703258231,-3.1410230144059534,-6.809426508003121e-05
6.792753458023071,-1.071532881611619,-1.8631041913093334,-17.370868022979696,-0.08982311594256949,0.09901429317348659,-0.07373401870086418,-0.6772588598197631,0.0031066835226795132,0.26027100120618407,0.00011599924093149182,-3.1410290762063324,-0.00012902026092252407
6.800659656524658,-1.1953750194727377,-1.7749122840556895,-17.412792957515606,-0.09375009302863445,0.09528625795577289,-0.07106226442505208,-0.6772504701934494,0.0031039930819420115,0.26027213049397596,0.00015370745361479248,-3.1410155174106507,-0.0001187337887957164
6.808765411376953,-1.2106782823955586,-1.812958995902266,-17.48221800108698,-0.09563606297110538,0.09417989669242409,-0.07249354623479368,-0.677257523003,0.0031087352402906837,0.26025902892493424,0.00015341600594298213,-3.1410516962687254,-0.000112540654587254
6.818676471710205,-1.247716441714419,-1.7208384125711853,-17.426400256120125,-0.09276352256842636,0.09862837175675057,-0.0707180261503602,-0.6772563954582671,0.003138118173299352,0.2603052558404322,-1.0223934343856352e-07,-3.1409768026367213,-0.0001245777222481177
6.82874870300293,-1.1424223128873623,-1.553090878789077,-17.371450363312213,-0.09616839681650009,0.09360823010921043,-0.06548424256409487,-0.6772559599588995,0.0031181961622602675,0.26027732026177763,0.0001466439931835871,-3.141024982566997,-0.0001021136590217151
6.836733818054199,-1.0988152172594499,-1.665279011772882,-17.365017078201696,-0.09166756327441156,0.09352986506030568,-0.06671817453784157,-0.6772671328825051,0.00309247164213274,0.2603169948184695,0.00018069061648509903,-3.1409209148834276,-0.0001425381511896856
6.846723318099976,-1.107567427579347,-1.7411408455509876,-17.470706188593613,-0.09248806974002403,0.09717701161389877,-0.0741851855474653,-0.6772466348876773,0.0031018674697279717,0.2602841886545416,7.035455874634426e-05,-3.141016725875969,-9.702466151951606e-05
6.8566858768463135,-0.9791803080497825,-1.823838323562323,-17.250871395308256,-0.09307686007672156,0.09655593935504585,-0.07678176663612177,-0.6772599380976132,0.0031355540368187594,0.2603031873490623,7.089432390467685e-05,-3.1409293066608113,-0.00013967880955437814
6.866645336151123,-1.0362210334920876,-1.941360974744871,-17.33809926800115,-0.08870569783326654,0.0968768382576932,-0.07662952044500553,-0.6772518560839556,0.0031035730964345367,0.260282810794179,4.690972468922174e-05,-3.140971553433856,-9.152440939307588e-05
6.874651670455933,-1.2998506434465427,-1.9753768965588558,-17.319924662217993,-0.08875917929007265,0.08633412579456,-0.07290044914470402,-0.6772563430500843,0.0031199462035455855,0.26027615089246003,0.00017189596285320334,-3.1410443361491986,-0.00012195106342391834
6.884707689285278,-0.786271976794589,-1.8087433220845521,-17.423607695555418,-0.08866331342831296,0.09925615780523517,-0.07265353313913453,-0.6772663648903148,0.003131688882969598,0.2602658995019738,5.8647878408072425e-05,-3.1410057364113046,-0.00016015157807035269
6.894678592681885,-0.9619050027819248,-1.6712115530655332,-17.40258495779544,-0.09330482624292395,0.09848801367695091,-0.07446597180227085,-0.6772626312031855,0.0031199579412818554,0.26027531270803034,0.00012125376990189643,-3.1410180701871067,-0.00015630559619754115
6.904696702957153,-1.010249131224862,-1.9773376608260096,-17.384603936208947,-0.08440054280869201,0.0927094090213941,-0.07188838503778798,-0.6772580480396012,0.003123266261532636,0.2603042804939957,0.0001535514269775749,-3.1409698177004506,-0.0001932947440940707
6.912763595581055,-1.041925931404859,-1.701502345541328,-17.36574453750168,-0.09571441154835418,0.092450109822029,-0.06487404993833525,-0.6772632153858846,0.003140403930230983,0.26027639985354745,-1.3604953498705926e-05,-3.1410183857348044,-0.00012488861981379724
6.922688007354736,-1.1516303715934564,-1.670457076033972,-17.30479178276543,-0.0937086660074704,0.08794204867530377,-0.06769410623115772,-0.6772580985540748,0.0031367720954955346,0.26030743570171594,1.8655941939033184e-05,-3.14096693972695,-0.00010101255728534243
6.930734395980835,-0.9055287887970892,-1.7512426765139888,-17.488288328915882,-0.09071688719799298,0.09616097598787075,-0.07107565693345637,-0.6772554281126646,0.0031164771231357094,0.260284396671212,8.379940164413972e-05,-3.141013275095725,-0.00017235151931335448
6.940780162811279,-1.0802765307976632,-1.6740179692201176,-17.373746652736006,-0.09443282512041636,0.08865384927033501,-0.0757782285291424,-0.6772557391622597,0.0031092216630694944,0.2602858449587724,0.00013337209503217097,-3.1409971785294726,-0.0001438638910265813
6.950678825378418,-1.4398447282783942,-2.2207094666208786,-17.45130760069299,-0.08244145733712666,0.0803398787656385,-0.06786327388361185,-0.6772490796051884,0.003108933171562042,0.2602799157095416,0.0001555956210105601,-3.1410326088207605,-0.00011873969334943044
6.960691213607788,-1.3782265268235578,-2.0277058624951247,-17.478867947579193,-0.08721882700134648,0.08310764301653178,-0.07188327065702223,-0.6772656177823425,0.0031533129372897906,0.26029134625182226,-2.0871095558361988e-05,-3.140969758990553,-6.641454441325716e-05
6.968830108642578,-1.0843821981533976,-1.8781976881928948,-17.526616091085362,-0.0953019382245558,0.09065670918159278,-0.07647098985799163,-0.6772517853983783,0.003114363138267725,0.2602739582637643,8.425500942244862e-05,-3.140995176725232,-0.00011146335862004871
6.978687524795532,-1.1037432787321284,-1.8781429587476102,-17.33989364435077,-0.09127791234041951,0.08808734201543587,-0.0708727227283668,-0.6772728511513751,0.003114949164919997,0.26033782406993056,6.523675036719925e-05,-3.14088677287249,-8.642987243053164e-05
6.988690137863159,-1.395616659125493,-1.6385095815482889,-17.425290066869653,-0.09594645355061089,0.08019873456056295,-0.07246811308092624,-0.6772492478775779,0.003105934788516236,0.2602721613330337,0.00012093348816017464,-3.1410633974151767,-0.00013714399695391393
6.996823310852051,-1.1226900021507902,-1.7563818477099968,-17.43819383844392,-0.09410498035016411,0.08960048746835093,-0.07143511968038499,-0.6772689102613579,0.003123785184407789,0.2602872730932163,0.00012840293411788575,-3.140961725550823,-0.000214881022162921
7.004670858383179,-0.9169616977369733,-2.011847816838536,-17.417663877929336,-0.08404114244717617,0.09153267422253845,-0.07209897446877472,-0.6772447288086568,0.0031000447886763336,0.2602553812110853,0.00012369631805233178,-3.1410492716873257,-3.365077971698038e-05
7.014744281768799,-0.8888612939670378,-1.4645465855710287,-17.24734000461333,-0.09795451954383635,0.08833768732065495,-0.07508461499571599,-0.677251664111696,0.0031221022967740275,0.26027122287175086,0.00010949320419594833,-3.1410194882323763,-0.0001442311582490309
7.022701263427734,-0.8952927633433951,-1.8425260719569787,-17.475207725989257,-0.08972558766953619,0.09227272668636696,-0.07243440500844796,-0.6772647467365548,0.00310203924875163,0.26027667054608994,0.00012888856106629544,-3.140998313488626,-9.764480271857672e-05
7.030693769454956,-1.351709995685816,-1.7762708040488155,-17.493034129079525,-0.09350869981018099,0.07985380834958954,-0.07090389669718758,-0.6772637723056563,0.0031002236566621726,0.2602669182814869,0.00014728899409181017,-3.141038710731889,-5.8735466102392955e-05
7.040706396102905,-1.1786807155689794,-1.8956128479705259,-17.407950445545797,-0.09103320016811078,0.08487520534820096,-0.06591126112312523,-0.677249573400477,0.003130852500418401,0.2603134793172858,4.4504946033813203e-05,-3.1410015229831036,-0.00020232786675606043
7.048678636550903,-1.316702384578069,-1.99878178842704,-17.392754584399903,-0.09000290193658458,0.0838413661951926,-0.07168897289677491,-0.6772496848086154,0.0031207638093881966,0.260277370970196,1.2978812628092033e-05,-3.1410011804761386,-8.969790221448943e-05
7.056678056716919,-0.7796488852345355,-1.8926511628137936,-17.48682513634707,-0.08803743340250755,0.09067714815057243,-0.06806295935973843,-0.6772625601673284,0.0031179133302613143,0.2602816212615567,8.420979072676924e-05,-3.140974981464104,-0.0001387049620686291
7.066744804382324,-1.1388628898192168,-1.8544145022751075,-17.378093552435253,-0.0892124563880854,0.08184793224434762,-0.06661366876212357,-0.6772660146684172,0.003131090626223643,0.26026205271192027,-7.451781471075308e-06,-3.141024260553658,-9.461403930554379e-05
7.076690673828125,-1.0090634088115376,-1.5884904565525422,-17.378183113932888,-0.09435201133647103,0.0869718603891685,-0.07701311505410939,-0.6772660926762768,0.003129172525797077,0.26026638975953226,8.398956724685646e-05,-3.1410150045213987,-0.00016409417288963462
7.086694717407227,-1.4106140138835752,-1.934022762889133,-17.423978253021705,-0.08735225171654937,0.07830297554392507,-0.07325785305946095,-0.6772324831253399,0.003120548267238136,0.26027265687413964,6.89968441739375e-06,-3.1410358331264496,-8.534184337164824e-05
7.096729516983032,-1.0746054467453519,-1.9648077513925775,-17.424749805917276,-0.08793009276380455,0.08584480562660494,-0.06649552685522317,-0.67726314802113,0.003111589847910859,0.26029178429484773,0.00012135149026263165,-3.140980025484992,-0.00011659837794348576
7.106692552566528,-1.1477755146630106,-1.8970257135090172,-17.491994069512174,-0.0912859623730687,0.07894779912370863,-0.07037529275079409,-0.6772572567252402,0.0031283288856616995,0.2602964891201736,2.6195271618695477e-05,-3.140984592122674,-0.00014340383103251684
7.116731405258179,-1.4434443849122818,-1.9222544064504188,-17.514995426193025,-0.0877847806790307,0.0727586275014944,-0.06720567917865067,-0.6772584730164097,0.0031301790465724727,0.2602781199044353,7.743051985320341e-05,-3.140985580039422,-8.714273733690535e-05
7.1247336864471436,-1.514182144587277,-1.6832542854787789,-17.281391435670045,-0.09549305598390657,0.07263775171236116,-0.061850288692084324,-0.6772687749971246,0.0031206406002308442,0.26027965891314603,5.6538024052814787e-05,-3.1409639032769223,-6.815005886526104e-05
7.134623765945435,-0.9985123041258529,-1.4458379685952365,-17.49033944919317,-0.09782885203225103,0.08774438832302131,-0.07303707583529706,-0.6772614049053782,0.0031083033038103356,0.26030750692013765,0.00013349517836191903,-3.140943879581261,-0.00012822049877987376
7.144651174545288,-1.1737281371496935,-2.126587976011503,-17.536468241609388,-0.08427321838404539,0.07827200191154433,-0.07086562038759327,-0.677272474511828,0.00307846303312969,0.26032813586667924,0.00015048678200137627,-3.140917818500983,-0.00017499249278910405
7.154760122299194,-0.7523969953909374,-2.0513459231951754,-17.34247825800477,-0.08227869432742418,0.09043110857592249,-0.07299151556430876,-0.6772612584082679,0.0031097377864611714,0.260287678776519,2.585685907732529e-05,-3.1409576077432617,-6.554562470059148e-05
7.164710283279419,-1.305310128593191,-1.6660292366624214,-17.519171466585185,-0.09615030129040902,0.07908265272134957,-0.06335813034175944,-0.6772710884167883,0.003128540893911042,0.26030269666561456,0.0001097078110428286,-3.140926032039393,-0.00012096912046871186
7.174662113189697,-1.2804622589062804,-2.0744339778617626,-17.774756163466577,-0.08811239651604294,0.07851907390689145,-0.06704670533439108,-0.6772681855675294,0.0031249344341011272,0.2602672277876857,0.00016023921110080763,-3.141022267069619,-0.00016947815052871366
7.182884454727173,-0.9826853164551511,-1.556955773848181,-17.297299448967284,-0.09415081517490766,0.08015097315172387,-0.07312885843635956,-0.6772641975096967,0.0031242200215823076,0.26029856231324455,9.081363830623256e-05,-3.1409541186199856,-0.00011192563886548758
7.190760374069214,-0.9607389742609741,-1.796905009900409,-17.519610921545162,-0.09137836994376936,0.08112207047470688,-0.07720501180994133,-0.6772544642582338,0.0031153942470795236,0.26029333546505606,1.877462045124704e-05,-3.1409864798003317,-0.00012132563529196334
7.198628187179565,-0.928577075284476,-1.7574366828440489,-17.534517686130837,-0.09006638851266748,0.08262104783005415,-0.07028484762533009,-0.677246059455185,0.003120370452314091,0.2603024239189244,3.981125562159574e-05,-3.1409721626493985,-5.865894952977765e-05
7.206711292266846,-0.9091449270755335,-2.0072603115192105,-17.542600798499734,-0.08474225157160974,0.08202620815374023,-0.06793568402352106,-0.6772533568191439,0.0031271683778825643,0.2602579522571604,0.00012092299092563249,-3.14101978080803,-7.601914326018567e-05
7.214634418487549,-0.8247119942278571,-1.9163960946985683,-17.358562196406496,-0.08842720786009575,0.0795978744410194,-0.07050185379754156,-0.6772742276899708,0.0031156336200436198,0.26029014031794295,8.422983997462438e-05,-3.140941898648811,-7.530745312570062e-05
7.222678899765015,-0.9195501057168001,-1.4675781840298727,-17.35720448628661,-0.09812931734540312,0.07943056759430006,-0.07440334637234589,-0.6772626927677784,0.003125160240011425,0.26024928323217833,4.6629908076422003e-05,-3.141037144244902,-0.00010487225154201254
7.232873916625977,-0.8458942662177772,-1.7449289805739414,-17.468625801357717,-0.09408723382675652,0.08001979786530282,-0.07619375541096503,-0.6772692791744043,0.0030934743053356393,0.2603221744314963,0.00017610636921512805,-3.1409203872072347,-0.00020237786321271412
7.242717027664185,-1.055363884725366,-1.9757108719471783,-17.670426884730226,-0.08873521054730427,0.07376283217736458,-0.06853926477518106,-0.6772637826271216,0.0031461783452620806,0.26031446021418153,8.798841163834727e-05,-3.140916921612871,-0.000150674668410773
7.25270938873291,-0.7867092391837178,-1.9843378854916247,-17.563987556976258,-0.08380887288411613,0.07900153629690128,-0.06591644550899999,-0.6772507237491813,0.003097052368281503,0.26028828110743063,0.0001235880093420537,-3.1410009181115726,-0.0001097773650515474
7.260737657546997,-0.9107690841557213,-1.847332222870126,-17.50511495430639,-0.08796865534567964,0.06928603001736511,-0.07425686076665138,-0.6772580177576841,0.0031296676699017183,0.2603389697734406,4.524911901851091e-05,-3.1408898666729903,-0.00019304245965457673
7.268648624420166,-0.9948994095165851,-1.9260703311274145,-17.453291880628516,-0.08907663815351119,0.06648165456671314,-0.07166912699646993,-0.6772626272820723,0.00313370386689934,0.2602858480966979,3.956030550431495e-05,-3.1410064163863485,-0.00016775650309440356
7.276708602905273,-0.8556395789347521,-1.9589620005038098,-17.661705026767017,-0.09060620666291612,0.07367622156083736,-0.06800959413591906,-0.6772509270632872,0.0031031815059847897,0.26028371257069877,8.396603948436915e-05,-3.1410000261982005,-6.3403095583938e-05
7.284635543823242,-1.032508897673399,-1.8658991786906927,-17.64477737496213,-0.09163035770185207,0.07074999606752881,-0.07495709879250104,-0.6772456821147781,0.0031090346456540247,0.26024694358461953,9.848369794701069e-05,-3.1410481748561203,-0.00012713329295754538
7.292777061462402,-0.5640223661616335,-1.9195538206537823,-17.611748024917116,-0.08950820136728804,0.0796253220361232,-0.07182153199172571,-0.6772564096661621,0.00311665371741021,0.2603002398230886,0.00010278609995778584,-3.1409656823129137,-0.00018764151309909278
7.302663564682007,-0.688619387812871,-1.8836203146920945,-17.46532669937364,-0.09127502377924217,0.0761088521628972,-0.07465547783641474,-0.6772600647628451,0.003143358032686145,0.2602795299863684,1.4356430411998642e-05,-3.140998867803279,-0.00015783489931529693
7.310634136199951,-1.255943200161775,-2.126898570065416,-17.47846417445332,-0.08410709901808702,0.057776973487461865,-0.06795777168214862,-0.6772673748384419,0.0031236231864583235,0.2602989802806586,-4.652293875615947e-06,-3.1409212237380695,-0.00014910607108354623
7.320682048797607,-0.6223419415438662,-1.682822703063432,-17.452469970460537,-0.091832508378418,0.0710088954081687,-0.07680720645786002,-0.6772481924140341,0.0031111651922876384,0.2602980056943238,0.00016050189600869027,-3.14096862412617,-8.117051359760678e-05
7.330701112747192,-0.8451374509003237,-2.093771877820952,-17.592608463317422,-0.08485062181794328,0.06844756793494881,-0.06591309704630585,-0.677268829231147,0.003130231292575085,0.2603145397794387,5.362030676893671e-05,-3.140903362266723,-0.00012672494461040976
7.340652942657471,-0.8328532881949514,-1.6305868304142102,-17.503401597383053,-0.09799127076367245,0.06225825001587953,-0.07522698808636051,-0.6772593819876785,0.003138974175114043,0.2602557422368681,-1.9128177023274986e-05,-3.141016828658477,-7.009596353177144e-05
7.350669622421265,-0.777742314507572,-2.0377696753307664,-17.52268762920201,-0.08866149567350315,0.06797012554904196,-0.07307622441578852,-0.6772689506248675,0.003114753881985109,0.2602637584399393,5.083167165549323e-05,-3.1409750766893376,-0.00019582881485950165
7.360678195953369,-0.3818197533865594,-1.6679092934890725,-17.452734830986945,-0.09844698121159998,0.07638866278019156,-0.08024853423034861,-0.6772640272989814,0.003110359383181369,0.2602727398818369,6.683241384299431e-05,-3.140942676940453,-0.00016871449338497387
7.370718479156494,-0.7221614603894319,-1.756761011673295,-17.58050820982741,-0.09525528401542542,0.06824734526271661,-0.07026918983935905,-0.6772693087350067,0.0030979613090284254,0.2602914000262347,0.00011721413481807186,-3.14094336757713,-8.242550073189746e-05
7.378643989562988,-0.718434832302067,-1.7980698959378885,-17.550646284879008,-0.09378196801779377,0.061612882350748605,-0.07715906632197278,-0.6772722426958194,0.0031286684740769576,0.26027671221273274,8.959012928058316e-05,-3.140958992943354,-0.0001086995461104327
7.386760234832764,-0.8099680720564701,-1.6869383021911064,-17.53375061456082,-0.09440547417212714,0.0648633422457347,-0.07658235250917869,-0.677260213287494,0.0030958805622563483,0.2603064420578339,0.00016678807900218017,-3.1409196492836533,-0.0001228844964288858
7.396748304367065,-0.8712795628269736,-1.975492483143041,-17.537642322509218,-0.08914842057986185,0.06036265468035015,-0.07357022292003412,-0.6772632543569811,0.0030996273286597333,0.2603054676986973,0.00014931681401435392,-3.140935081752796,-8.5159275980169e-05
7.404661417007446,-0.4697495173059801,-1.9103445666532102,-17.478167222607766,-0.08986500774494063,0.06770807108110638,-0.07213750268979198,-0.6772575030790369,0.003118155048830797,0.26028287936583794,0.0001281116055986258,-3.1410018087905023,-0.00015003265221698813
7.4146647453308105,-0.7736342440702925,-1.9990467166257626,-17.43593214486745,-0.08786376501751961,0.05662750811234776,-0.0665092718675204,-0.6772493035675382,0.0031211632228955806,0.2602657382974627,7.069814455563075e-05,-3.141013882500195,-4.734989320850983e-05
7.4247026443481445,-0.9130830782882221,-1.790298703490146,-17.49913797633357,-0.09339414281933947,0.05280722687208799,-0.0727278201864032,-0.6772676452181157,0.003122413669326688,0.2602472967552527,5.89835559881334e-05,-3.1410050941561685,-0.0001020814781094342
7.432682514190674,-0.8240131294335228,-1.5988913568910557,-17.443378786354682,-0.09858808385202424,0.054142380693060516,-0.0675668185056716,-0.6772749356110477,0.0031113572142708015,0.26032165908019017,8.564866181529315e-05,-3.1408443868846563,-0.0002265350416912662
7.44077205657959,-0.4014901443407943,-1.6383709908872854,-17.51949257714333,-0.09576471292086156,0.06378732465708481,-0.08125597081381723,-0.6772611805556816,0.003135031856212108,0.2603115148983256,9.746891155498388e-05,-3.1409434206128113,-0.00012232750221465963
7.450678825378418,-0.5605824488447764,-1.7821320497009667,-17.43747608384738,-0.09375630911152064,0.05942744781632938,-0.07116800156403937,-0.6772603123942783,0.00310307213838532,0.26025730503242767,8.979050707071344e-05,-3.1409878443774795,-8.159057907304318e-05
7.460669279098511,-0.4643931065321287,-1.771036192864675,-17.517761624975233,-0.09737729068575249,0.05870456417276872,-0.068634152825606,-0.6772539848566723,0.0030668926828742427,0.2602532475369517,0.00023286669180149747,-3.140997819026216,-6.378500653019834e-05
7.470742464065552,-0.33809989166209486,-1.9233386573835343,-17.422120405182458,-0.09159775692567773,0.06376901612944644,-0.0760745589041864,-0.6772539090587033,0.0030854434334543364,0.26028638981280816,0.0002246991886480238,-3.1410005587665273,-0.00013054508064054871
7.4786107540130615,-0.8809468237176201,-1.9192666916358478,-17.612265441977325,-0.09263201442955374,0.05266471618076752,-0.07828771436197049,-0.6772648932619801,0.003109719438330567,0.2603004204813586,0.00011689708952081298,-3.1409598087349635,-0.00010325838727857616
7.488676071166992,-0.7421350391430461,-1.9011918546758333,-17.496645738732404,-0.09130451216288787,0.056197580271966585,-0.07488454716256866,-0.6772612640266589,0.003113409218718274,0.2602881599068647,7.76583025262586e-05,-3.140947443797394,-8.102156283233519e-05
7.4986279010772705,-0.8482850104888554,-1.9920773398291955,-17.393884070029202,-0.08623515849224507,0.04798709262819984,-0.07061962401560722,-0.6772544866854193,0.0031021718310114297,0.2602817615771288,0.00018055059434875643,-3.140945952013426,-0.0001409578039957456
7.50664758682251,-0.8496407307825214,-1.9431585572720176,-17.39303730740174,-0.09292952414098302,0.043086895492763164,-0.07274738370761082,-0.6772685960313826,0.00312273066107228,0.2603004114653134,0.0001651934455253477,-3.1409268045836316,-0.00011380435312133115
7.5146484375,-0.908877041094538,-1.70243469072532,-17.49610201954082,-0.0987232708192095,0.048597483004160474,-0.07495116369567481,-0.6772460527837908,0.003112342436825612,0.260280496119263,0.00012325430645777904,-3.140988570447077,-0.0001464321060203227
7.524611949920654,-1.016268576930702,-1.9664963576478505,-17.58703151622875,-0.0887079674291548,0.04048620840452429,-0.07342634883711853,-0.6772499720468701,0.003108320237040022,0.26029338192803597,0.00013379808449810916,-3.1409560987794105,-0.00011642352263390717
7.53260612487793,-0.8093528657538046,-1.8957318055399235,-17.425339009922745,-0.09068097672255304,0.03967896276772052,-0.0692087944089867,-0.6772627538920177,0.0031288148824839793,0.2603412310012291,4.477110815796139e-05,-3.1408554594958873,-0.00012457711264015893
7.54262113571167,-0.611239176522887,-1.6941340440236488,-17.463309881018773,-0.09452623043915792,0.04595025553625964,-0.07143136895731626,-0.6772649241630765,0.003149120450786742,0.26030536244153535,-3.1733287798376496e-05,-3.140921141924151,-0.0001155940596386189
7.550711154937744,-0.8714231019906525,-1.7716183452515057,-17.563764738077197,-0.0924722219523769,0.041236008699449545,-0.07236040669929493,-0.6772659768976923,0.0031343532154160447,0.26030232742277676,3.900570204710567e-09,-3.1409064263789177,-0.00018516489271738244
7.560667037963867,-0.8302838349515842,-1.944797708596953,-17.53199587482012,-0.09152583124890735,0.03991463563617782,-0.0677954563373415,-0.6772685361843856,0.003098964275280692,0.26030398424370754,7.154720097000905e-05,-3.140923813413916,-0.00010708304941033362
7.56878399848938,-0.49543730101053945,-1.963623662952962,-17.468191415299955,-0.08686703678674276,0.046116205872031316,-0.07524701791263641,-0.6772641065812988,0.003121879084424894,0.2603284121275167,0.00010056362932400341,-3.1409016606674407,-7.694803376127898e-05
7.576669216156006,-0.6038238356648147,-1.9166222843682024,-17.41007896311709,-0.08665327982296378,0.03911338978373302,-0.068901166557851,-0.6772696681224137,0.0031270237490633253,0.2602867449563379,8.430590924926198e-05,-3.1409505410143375,-0.0001397296001609776
7.586667060852051,-0.6190346748905321,-1.7906045173668703,-17.535381089227197,-0.09632421296457595,0.0368669064496181,-0.07163320466102979,-0.6772612947653797,0.0031224871711734137,0.26028116224502085,6.997362526429302e-05,-3.14097390100279,-7.25620175586452e-05
7.596656799316406,-0.6324447715692442,-1.9647073547135774,-17.544857429080764,-0.09338857319871433,0.032023147378772925,-0.07357793598167768,-0.6772639836879238,0.0031096671517533135,0.2602851388119307,6.423383147771241e-05,-3.1409457644224155,-9.529155690674188e-05
7.606693506240845,-0.7637019962635763,-2.056773848333628,-17.487649121982212,-0.09086426609823162,0.021229625046699247,-0.07398945746105115,-0.6772554645165886,0.0030926856504586053,0.2602830173709808,9.28793914294577e-05,-3.1409444629033123,-9.557160119604137e-05
7.616643190383911,-0.3385201820043909,-1.7087881693966658,-17.563516219698737,-0.1013409797810012,0.01684488899843421,-0.0755770447191475,-0.6772593616193975,0.0031386561434271687,0.26028731119377885,3.279829001589693e-05,-3.140945726659463,-8.843769698110622e-05
7.626654863357544,0.4711376408466659,-2.0265580203641744,-17.45793424953109,-0.0963008655843309,-0.021908140980507924,-0.07970226829462664,-0.6772705505946206,0.0031124110560975513,0.26028459256971315,0.00017259958394638298,-3.1408963344577185,-8.280856193727769e-05
7.634673595428467,0.42965606591350886,-2.050206164144752,-17.54033424290973,-0.09521255113493869,-0.035177882974915434,-0.07977798668390418,-0.677257076759583,0.003143872579708438,0.2602602268134834,1.5024957366686902e-05,-3.1409829253448174,-0.00018174532679752245
7.644659042358398,0.234369495577837,-1.9360970845273409,-17.566616814408267,-0.10233588905384892,-0.0454282424239195,-0.07509119117519826,-0.6772777449795256,0.0030945593110602806,0.2602627904581861,0.000144228960742724,-3.140918136734604,-9.70779875313751e-05
7.6546595096588135,0.15580192273524046,-1.959256148196586,-17.495246399325268,-0.10039129823833567,-0.04224930310718498,-0.08032561721795876,-0.6772698523456456,0.0030990543697123497,0.2602830833364489,0.00018775205693696972,-3.1408897327895717,-0.00015209178100605974
7.6646950244903564,0.23831475659041362,-1.915289833127926,-17.473195405234474,-0.09801298111100798,-0.039365744382698346,-0.07391115919142999,-0.6772737302851769,0.0031124190868433133,0.2603300666562346,0.00011560797739202122,-3.1408294905331857,-0.00019086441871963598
7.674656629562378,0.526093373651428,-1.973651662684862,-17.654530901045284,-0.10128147420197822,-0.034969220551351314,-0.07572887030500175,-0.6772746180384416,0.0031407614770634605,0.2603213172357815,8.318760959237781e-05,-3.1408039410280413,-0.0002462862447759815
7.6846232414245605,0.24013288474213892,-1.615971068825904,-17.508343667428925,-0.10305261025105407,-0.04440687893322362,-0.07836581178384515,-0.6772791380917189,0.003133772994513703,0.2603253239390909,8.974070916412179e-05,-3.140802661846597,-0.00016732329291939532
7.6948769092559814,0.36298293271843607,-2.0047594426995965,-17.73417060122738,-0.10497176152161153,-0.05077780187573744,-0.07657482804536542,-0.677275709069071,0.0030902870399651915,0.26032234603119725,0.00016959532268770832,-3.1408368260292923,-0.00023581684065245923
7.702593564987183,0.024827665709092554,-1.7254128220962097,-17.4595059636744,-0.10497795937965125,-0.05066699657404709,-0.0776685031440527,-0.6772801550338572,0.003131663810333561,0.26029771569495574,7.991337065170203e-05,-3.1408524300549594,-0.00012983880192838366
7.710708379745483,0.5413399539483157,-1.9500105083795025,-17.358958913745237,-0.10142678343646598,-0.03711001266004195,-0.08120323549649437,-0.6772818128985993,0.003104909470846045,0.26027536941785734,3.865294435094763e-05,-3.140890203378376,-7.248813391168769e-05
7.7206408977508545,0.2707935059525299,-2.082369283508016,-17.58207640362817,-0.09929149769782135,-0.036910238842583,-0.0804105427937234,-0.6772684738729762,0.0030901953501790446,0.26030589294819706,0.00013051067406277258,-3.140877673553048,-0.00011715922967966641
7.728682518005371,0.05328557348974122,-1.8503896995358966,-17.602368197394192,-0.10102235051269175,-0.046294570143149825,-0.07605881404687814,-0.6772653801116219,0.0031159831266241904,0.26029411178674544,2.6636349077283332e-05,-3.1408868537413888,-0.00017444461094377498
7.738720893859863,0.17508696867535473,-1.9423896196684693,-17.561173522021285,-0.09964595979917863,-0.04084628830437532,-0.07604881844200855,-0.6772555402786777,0.00310902380636638,0.26030575463613786,0.00011789364570812369,-3.140888237578228,-0.00019315071057557275
7.748669624328613,0.5216430601456062,-1.9753451224033414,-17.450185319759925,-0.0984700010501516,-0.03415826054478023,-0.08124581582669499,-0.6772550018706623,0.0030796482553353314,0.26031231316754966,0.00020881437932692798,-3.1409066224744655,-8.193779136503895e-05
7.756711483001709,0.2953405554714532,-1.8872553733323725,-17.309925212089247,-0.10481248300509674,-0.04253580760610215,-0.08026939412513796,-0.6772747338157753,0.0030854233348329373,0.26029931465823153,0.00018838180653477305,-3.1408665865572245,-0.00015276786236901433
7.76669454574585,0.4167924945449001,-2.1725294290634567,-17.426548275521725,-0.09240311594312199,-0.04148000742199751,-0.07162360368623781,-0.6772859961250384,0.0031205897213096804,0.26029676458443785,0.0001745667624445468,-3.1408854696595854,-0.00017977822850330882
7.776655197143555,0.27791895368214586,-1.8591654895941971,-17.53702929519348,-0.1029006952073447,-0.040918430706083385,-0.07473554428628258,-0.677265177081834,0.0031116782514320203,0.26028551349222534,0.00011048828367622466,-3.1408988733332164,-0.0001033253832949326
7.784740209579468,0.04593037080873956,-1.7892755941621394,-17.510679068170333,-0.10519124881955504,-0.042768931471354125,-0.07434058941474889,-0.6772619388917426,0.003102613506027136,0.26029626978446396,0.00011786441118018476,-3.1408964023813843,-0.00015002128656977599
7.794677019119263,0.03228311890036883,-1.6757195717366804,-17.535122173937904,-0.10577937364660615,-0.040631327279708904,-0.07692986565622763,-0.67726780522792,0.003102021783990251,0.26027754991715946,0.00018056231849243208,-3.140939101722639,-0.00018906625049353569
7.802702903747559,0.05636140734309553,-1.7786340656765205,-17.51776396461025,-0.10041336393035417,-0.04114588709696649,-0.06860135963024278,-0.6772659423381436,0.0031147409981509212,0.26032806742750103,8.513433694126765e-05,-3.140820586506975,-0.00012863932974657442
7.8126747608184814,0.29702294158427445,-1.7839508498001446,-17.488211534183275,-0.10083970177227153,-0.03381632986951685,-0.07726454093280298,-0.6772655320984285,0.0031343765347450823,0.2602346653860873,7.5818377065554e-05,-3.1410032536851986,-0.0001560053425604513
7.8207316398620605,0.2182727161553866,-1.678096600111931,-17.367697520071655,-0.10302008972556316,-0.04116741905167494,-0.07535399339093973,-0.6772628915054028,0.0031060520619814198,0.2602715039781953,0.00014246818691358398,-3.140944044143995,-0.0001346564172733896
7.828717470169067,0.4331914813880277,-1.736940954858524,-17.471266130715346,-0.10524350099266644,-0.03621235818187478,-0.07593705164140899,-0.6772637724009768,0.003139922178603669,0.26025223676395365,2.6766381619461747e-05,-3.140945754733344,-0.00014079995386438377
7.836683750152588,0.08438398636978346,-1.7099359829800094,-17.555663770212586,-0.10582295616272261,-0.03976894187711639,-0.07636100784021013,-0.6772635585974478,0.0031120902744799337,0.26027942415361993,0.00011702834965591862,-3.140926753768549,-0.00010585843640389446
7.846658945083618,0.3981503280994615,-2.0821376357274883,-17.439056735796115,-0.09447367253970464,-0.041090555952971126,-0.07739093904100403,-0.6772701736427913,0.003132279001084689,0.2603186824591154,7.078614250209221e-05,-3.1408397877803216,-0.00011487586872477628
7.854815244674683,-0.04223265005270948,-1.8993834202033513,-17.595820373007378,-0.09599057642579194,-0.04669484857756862,-0.06999423566790433,-0.6772655627840123,0.003126336917816268,0.2602403509669055,7.866183202586663e-05,-3.1409433556951307,-0.00010018611666413941
7.862666368484497,0.32511808561651323,-2.028707959301396,-17.48824518379895,-0.09810620119688285,-0.03218076485499541,-0.07795035758646393,-0.6772679905026013,0.003138052721097618,0.2602465745573304,3.377942659450949e-05,-3.1409873874181797,-0.00013445032511962338
7.872773170471191,0.37173339798685917,-1.6640799100904666,-17.420732645582657,-0.10509160360253769,-0.033208514474990465,-0.07922480951471149,-0.6772742940186687,0.003145966469249716,0.26025956411944595,8.9402329795246e-05,-3.140943320434865,-0.00015631346234280086
7.880691051483154,0.32661192401711947,-1.9411503063040554,-17.4212404660219,-0.09833172684654838,-0.03644163050793435,-0.07669918655584043,-0.677267980744291,0.0031258045886803456,0.2603152309629916,7.992941035508795e-05,-3.1408407124296582,-0.00020847982350414933
7.890729665756226,0.09554132199469957,-1.986735285294389,-17.554159736355338,-0.09723195747983623,-0.04246368717518726,-0.07777437512221118,-0.6772621564877563,0.0031043055017281004,0.26030681096931263,0.00013660303576815093,-3.140879022566767,-0.00018163888824262629
7.90075421333313,-0.30653990765497857,-1.9654472726448362,-17.705648785558054,-0.09989236412222714,-0.05139875533649888,-0.07103151200278161,-0.6772794592880562,0.0030993933331422445,0.26032582900569406,0.00011105148241390788,-3.1408323802871663,-0.00014409807228756718
7.910656213760376,0.1492139921911385,-2.068692816131671,-17.404815454115653,-0.09374949362568859,-0.042616963985816686,-0.07525806887001142,-0.6772673801576605,0.0031078879475759046,0.26028423244858134,0.00011042894789944728,-3.1409063780215476,-0.000161302813416354
7.92065691947937,0.29882658509696663,-1.8602292403638923,-17.594436139255514,-0.10282319653227061,-0.03437020584362505,-0.06847780937296773,-0.6772552866787896,0.003141053780776044,0.2602550573126726,1.7615937376971783e-06,-3.1409744266476856,-0.00014615491529090016
7.930736780166626,0.597756992344706,-1.5678773270615542,-17.339141246491828,-0.10343027288865445,-0.02915779404196526,-0.07804682879881344,-0.6772675708031262,0.0031132635398427515,0.2603250288275612,0.00010372539103165732,-3.140836485966337,-0.00017629721837986368
7.940654516220093,0.24633026977662703,-1.688516239043298,-17.426118718754385,-0.10373321381101935,-0.03874063370980647,-0.07360162890731527,-0.6772534619683888,0.003139489554101651,0.26029851768960743,2.6725005983493536e-05,-3.1408870822344603,-0.00018655853393986636
7.950648307800293,0.4598272912728961,-1.9112683593806854,-17.42892115168836,-0.10140701772955113,-0.029119881821859404,-0.07600985777555257,-0.6772535071689889,0.003114789253028156,0.26028490048704694,0.00014742844414844552,-3.14095460333495,-0.00012602339982460692
7.960651636123657,0.44163433257404305,-1.8168326144097087,-17.349589939370322,-0.10411517372510878,-0.035066807397451785,-0.07830445328571052,-0.6772642344107606,0.003119396548700073,0.26026368746255846,3.991803085134452e-05,-3.1409562145256946,-0.00020940325828665063
7.968638896942139,0.44430455090476695,-1.6731819134512038,-17.352502231475647,-0.10257209559699161,-0.034261388351531044,-0.07691717834463181,-0.6772712279915125,0.003125471836671565,0.26028353065678855,0.00010344486031199366,-3.1409244916195895,-0.00020069317788730986
7.978765487670898,0.2893415531732647,-1.7666624183548394,-17.36137633208596,-0.10131957424947913,-0.03792230487098056,-0.07135470375376553,-0.6772419222528825,0.0031000016800258336,0.2602701687901501,8.483719591340768e-05,-3.1409664545399827,-0.00010053991038157108
7.988637208938599,0.5087272209336102,-1.6922709253117711,-17.38517802528342,-0.10259897880327984,-0.027799607602889992,-0.08340573954970537,-0.6772549762943612,0.003108652907694213,0.26027016573312833,9.68795410282256e-05,-3.140944765760346,-7.396068510790125e-05
7.998717308044434,0.5628824338515492,-1.5745462305496758,-17.48396352855379,-0.10573586998821385,-0.03038856378512176,-0.07825986589621188,-0.6772691903886301,0.003129760546460925,0.260290964049292,8.497603913404714e-05,-3.14089218090688,-0.00015828946311971875
8.008659362792969,0.30428108274346366,-1.9954441323831857,-17.512287367479665,-0.09454332724400027,-0.036662814097678,-0.07005764143634148,-0.677269026292834,0.003116937105952409,0.26028982702387005,8.502933316874376e-05,-3.1408886043156072,-0.00013112003114814724
8.01872444152832,0.6797777639238005,-1.7077815751719947,-17.2745145141931,-0.10672782291166653,-0.026021020590209436,-0.07903142860826944,-0.6772644930173609,0.003146776180677637,0.26028299775393215,3.0593449671110586e-05,-3.1409469824525007,-0.00014841490663464432
8.026716947555542,0.35104004702043523,-1.8334836694448573,-17.353951296852493,-0.10363737981451536,-0.03461456057716834,-0.0746661660088349,-0.6772883435673139,0.0031366661811254313,0.2602946200128715,4.5823842747712264e-05,-3.140883070971806,-0.00020726180263567237
8.03674054145813,-0.2268175225322741,-2.000692852300918,-17.40772194730554,-0.09653832701359165,-0.04638733647201985,-0.07460097661860395,-0.6772659336297462,0.003109418404627176,0.2603097552008866,0.00010373102325935167,-3.140857934573517,-7.838592791503439e-05
8.046647071838379,0.45879746322171283,-1.8607409946502478,-17.230339547355925,-0.1015070294154624,-0.035559609478143725,-0.08097292603679293,-0.6772791469069815,0.0031216777935474953,0.2602851736222486,8.707158521815065e-05,-3.140840183148487,-0.00010758205098299143
8.054651498794556,0.17563101766010175,-1.980282080745632,-17.596878072665145,-0.09701878209464818,-0.03846279245637428,-0.07716357239297898,-0.67726616848041,0.0031026901156064896,0.2603009179739155,0.00011092558679245168,-3.140898714244099,-0.00013639535708505972
8.064642190933228,0.4588906169601567,-1.984230655107533,-17.388618317335187,-0.09513391884562575,-0.029605726650183743,-0.07936996217143216,-0.677267903464997,0.0030969549047342813,0.26027697026178115,0.0001113560383253723,-3.1409015305303742,-0.0001214912128497316
8.074726581573486,0.29033919233199956,-1.7301854033100645,-17.2421679181712,-0.1003020233789259,-0.034831071165203016,-0.07835265286047575,-0.6772725311690433,0.0031067005410890074,0.26031973279713916,4.5159992363796334e-05,-3.140847602800112,-9.862631358124447e-05
8.084606885910034,0.052321115203590444,-2.005351405296569,-17.484724524287913,-0.09841979762116795,-0.042502439062063496,-0.07929801372550944,-0.6772725540321164,0.003134827811893112,0.2602596204449096,6.12225744329009e-06,-3.140954997263204,-0.00010976192593150853
8.094723463058472,0.38066252406039786,-1.754402110086304,-17.478798378465346,-0.10149547278247988,-0.03243906151178931,-0.08049566643810546,-0.6772656003640012,0.003107807072214386,0.260280350687814,0.00022653706181426794,-3.140909650892204,-0.00011898519247308769
8.104619979858398,0.6431447253477225,-1.4955002991255226,-17.42088992294295,-0.1101554471087444,-0.03084162063034278,-0.08012297089167686,-0.6772744270677088,0.003108390235866991,0.2602969368187296,0.00010406217582515312,-3.1408478118307026,-0.00016557910221120354
8.114649057388306,0.2931430333106444,-1.979695817738983,-17.431172827350622,-0.0963118033275595,-0.03588971618032616,-0.08149601734305904,-0.6772694141065432,0.003104452544387789,0.2602847635940953,9.722153548475485e-05,-3.1408787795391815,-0.00010971912472084556
8.12468671798706,0.2605485219337355,-1.7285619161214227,-17.462304320280513,-0.1014992940306148,-0.03600366257490685,-0.07215677715036438,-0.6772503723285327,0.003133490402845113,0.26026288037816947,4.038946888959193e-05,-3.1409930912465924,-0.00016395415675770782
8.132729053497314,0.2380381402862009,-1.9527528114597261,-17.344098043266122,-0.09513184954546998,-0.03579441487754886,-0.07705663562679765,-0.6772742573716312,0.0031319378677424105,0.26031773388316565,-3.877246140481344e-05,-3.1408557339606706,-0.00013654756329908014
8.14074993133545,0.47516261385462316,-1.6070610365990798,-17.505426146628203,-0.10750828345213506,-0.03183809834967687,-0.08042269207370388,-0.6772713226526207,0.0031023366034105657,0.26030197250444576,0.00010347780666864411,-3.140883877988182,-6.782248874303175e-05
8.150767087936401,0.3796427566941764,-1.9453331481328389,-17.335352367088003,-0.09437042680851787,-0.033203290611266076,-0.08488118430903059,-0.6772605831612464,0.0031507555202962213,0.26027645128136034,-3.1044644903475534e-05,-3.140922019890112,-0.00015620403997993772
8.160735368728638,0.3297613264890158,-1.9018752983809626,-17.401214497654937,-0.09868866198513905,-0.033988651875042755,-0.0785008737772054,-0.6772774199679643,0.0031395524724945833,0.2602915503033828,-4.907803159343665e-06,-3.1408834288510574,-0.00016114498793607507
8.168645143508911,0.38927160529913335,-1.760447642307791,-17.468684577371224,-0.10029098267044828,-0.03568505448985211,-0.08097254735667327,-0.6772764826514815,0.003089305082026926,0.2602866765559741,0.00017601944898675836,-3.140910714551158,-6.607222878355121e-05
8.178653240203857,0.5316587828988519,-1.7555577675433094,-17.17818687228574,-0.10004811815967672,-0.031208122725419746,-0.0797145436255423,-0.6772489808539389,0.003106321268016803,0.260268536951899,6.079535799789775e-05,-3.1409696491994783,-0.00014542693454264828
8.188764095306396,0.20039599845683478,-1.9151578340822044,-17.29938914729787,-0.09904271833946277,-0.03985503227364966,-0.07521029653509555,-0.6772549310285764,0.0031141303708573714,0.2602991734025376,0.0001424905774392818,-3.1409078073299077,-0.00017236470678043048
8.198660612106323,0.26545750909344584,-1.5666828059072064,-17.41631831366982,-0.10512241667017216,-0.03903107730464176,-0.07882325771722733,-0.6772687237233783,0.003115734373988778,0.26030784927250616,0.00013618487365785846,-3.1408429494469967,-0.00017408376373653097
8.20871901512146,0.3609914727362505,-1.4877624747627467,-17.45984324997223,-0.10597016101868754,-0.03477672549545417,-0.08059998232866124,-0.6772646519113347,0.00314919742147082,0.26028897369199017,3.7651759581727936e-05,-3.1409144663039803,-0.00019700497998601681
8.216728210449219,0.3148635706987809,-1.5649866370630001,-17.404143631499373,-0.10495372789121264,-0.036459095698666136,-0.07488301215604129,-0.6772643079490878,0.00313466703293139,0.260311118755862,4.109301791993252e-05,-3.140840056482334,-0.00014137533723310603
8.2267484664917,0.07105958249588232,-1.7311300557373654,-17.440982156766907,-0.09883771270066932,-0.040273428045614866,-0.08073317029262997,-0.6772671235639987,0.0031231436308033667,0.2602712481365537,0.00010276417067584543,-3.14093979348344,-0.00012154580737173325
8.236698389053345,0.17688252898585258,-1.871141140998477,-17.359220039206875,-0.10042417966887891,-0.039064658194684763,-0.07956632083118258,-0.6772659291602342,0.0031245041533544686,0.26026795717191725,9.143457131757923e-05,-3.1409563317025158,-0.00015674066337507757
8.24671721458435,0.35460720665423484,-1.990019087329972,-17.51330109730914,-0.09477112772490179,-0.03863225797512109,-0.07888803359074475,-0.6772522998095071,0.0031200434075174897,0.26031218585936833,9.629729530912301e-05,-3.140869136185738,-0.0001442521674650689
8.256707906723022,0.6147078738804777,-1.6901480670798414,-17.354374040154863,-0.10355707140331633,-0.03377259968361606,-0.0815823734034534,-0.6772626580726525,0.0031166784836394947,0.2603239664367671,0.0001015623193386692,-3.1408383855131508,-0.00019473491977062396
8.266703367233276,0.3685386867464871,-1.7368849648732307,-17.566705655490274,-0.1015784241765625,-0.033734117830561884,-0.08068169119436061,-0.6772593794263172,0.003134513135243288,0.26026858362619,0.00013766483882077094,-3.1409178862325398,-0.00012994103542321998
8.27660584449768,0.41541228889386633,-1.6958412121475253,-17.47513119507833,-0.10383558044894915,-0.03180378896335504,-0.07700153174166685,-0.6772720228867833,0.003097081243595912,0.2603064048008866,7.23633931019449e-05,-3.1408480394209173,-4.561197013690357e-05
8.286648035049438,0.30260148349863464,-1.7990923162982726,-17.471571153918074,-0.10139318358322243,-0.039223974239364134,-0.07861323229818389,-0.677275344771878,0.0031128691313368323,0.26033043368904685,5.287591850319076e-05,-3.1408097415560263,-0.00011767467618105876
8.296690464019775,0.28014101999541996,-1.9147669217585623,-17.409387307808863,-0.09676027791203459,-0.03984850930865386,-0.08371490830495182,-0.6772840735747894,0.0031446188907347955,0.2603337767044842,9.802536079177361e-05,-3.1407808623287914,-0.00020191254038795617
8.306684017181396,0.6032475258118805,-1.8678966771988426,-17.324568074025876,-0.09992219502562767,-0.03302990823387846,-0.08102358517801062,-0.6772659164966398,0.0031017585010232425,0.2602655381793647,0.0001873275367186605,-3.140954384668174,-0.00010460884943943517
8.314679145812988,0.3376794629987229,-1.633434950681142,-17.50190300953201,-0.10236795481389503,-0.041700592769687767,-0.08243147878224803,-0.6772653763121024,0.003111510414395105,0.26030886207073956,0.00012950974421810604,-3.1408391324173537,-0.000155396757826704
8.324668169021606,0.606506315209965,-1.7077249676352901,-17.456521725376938,-0.10542550343077066,-0.03626364162834591,-0.07929158149175422,-0.6772727114208045,0.0031398297895389123,0.26031003601365116,5.238587718888771e-05,-3.140888336211952,-0.0001788657202787011
8.334645986557007,0.6903863153484147,-1.8975725912301755,-17.350754603813613,-0.09331943239922648,-0.035692040651031334,-0.07660392145985284,-0.6772720156559449,0.0031468329325822454,0.2602603896677898,3.374658818364051e-05,-3.140899300878884,-6.481461310928148e-05
8.344656229019165,0.6354282884164721,-1.8800498846083742,-17.44173835656875,-0.09561147938084404,-0.03397261278519057,-0.08734920754764827,-0.6772665373344409,0.0031410840032728734,0.2602651399534062,5.935919565671172e-05,-3.1409526600028683,-0.0001983885095371006
8.354681730270386,0.3849038865990804,-1.9574892910341692,-17.496782697160857,-0.0953543812982501,-0.04585378332820241,-0.07378411027998157,-0.6772846236668074,0.003144579322437322,0.26035471241039865,1.3098691295320118e-05,-3.1407678000484176,-0.00015736870806935482
8.364626407623291,0.47472489907647797,-1.983663713755468,-17.501260371630057,-0.09322737503622851,-0.03800480785011755,-0.079740064526359,-0.6772755130397273,0.003133077529047983,0.2603165489117816,2.6773889332625276e-05,-3.14082379790458,-0.0001153821470922935
8.374740839004517,0.4080571891048355,-1.8637030139321829,-17.394366255766347,-0.09880080500880009,-0.043302334137352134,-0.07743276640953779,-0.6772635007241253,0.0031230489567487603,0.2602841318207699,4.757207206376271e-05,-3.1409046189240306,-0.00011292671873466207
8.384684085845947,0.1735685855053885,-1.9574229798552587,-17.54831105819371,-0.09626143467808448,-0.04852844272280655,-0.07928304299904952,-0.677265152710798,0.0031397231813810197,0.26032157305530557,-5.978718924099588e-05,-3.140859709436839,-6.342463010961842e-05
8.39265751838684,0.6144564161595458,-1.5486118713870016,-17.522556066770935,-0.10965738882084805,-0.03779659491181977,-0.0806097866001001,-0.6772782071333923,0.0031234912068096904,0.26033732489179395,0.00011100712656839613,-3.140764278737638,-0.00024530965904927786
8.402658700942993,0.5931306965735578,-1.5041877809959503,-17.646876020449447,-0.10765761212543323,-0.04163541696635828,-0.07995990056438719,-0.6772736516400373,0.003125597292911146,0.26026955519163564,3.9723643695950904e-05,-3.1408843806479734,-8.109416130979422e-05
8.412649869918823,0.3427878468314279,-1.7662832054789317,-17.55860776525305,-0.09925212654176652,-0.04977081957824638,-0.08066084085114975,-0.6772700281610333,0.003101793332513406,0.26030090103855325,5.969004190414296e-05,-3.1408616349312592,-0.0001680397882357229
8.422645807266235,0.3778002869968914,-1.7732133546026345,-17.392173799882762,-0.09828079381792436,-0.04764550987710487,-0.07849902646487611,-0.6772766936801979,0.0031261157925146473,0.26031227063779455,0.00012943132610162482,-3.1408299709020775,-0.00022418953516366262
8.432657957077026,0.6310160629623572,-2.018746737311095,-17.485721832554052,-0.09442936697704732,-0.043772140025421666,-0.08394766850882111,-0.6772643443638781,0.003125826182991992,0.2603012681701775,0.00011212382058372754,-3.140866306063829,-0.0001665637820981352
8.442685842514038,0.29686263260611717,-1.6797271231635647,-17.512460825075912,-0.1034980784062172,-0.05246138185904444,-0.08050324791494944,-0.6772684560514727,0.0031262230366695246,0.2603312894974113,7.865071473153062e-05,-3.1407949212181614,-0.00018269965901133948
8.452746152877808,0.23256784830574057,-1.8836459438493838,-17.476355033599916,-0.09720419624377799,-0.05456470122801857,-0.08268858725722357,-0.6772531441397781,0.003125356939738557,0.26028996102506274,3.893206891797788e-05,-3.140878831567617,-9.508654737469664e-05
8.462802648544312,0.6088864114183858,-2.0957907341765476,-17.51527737621534,-0.09293697044248606,-0.043751901862238256,-0.07501663268076736,-0.6772760364560765,0.003114389142539458,0.26026209656962745,9.154031226127808e-05,-3.140942360900416,-9.625878544995357e-05
8.472668409347534,0.4678814982950023,-2.0806365548381547,-17.44328054488056,-0.09224817457160672,-0.051050533672447745,-0.07976279471179923,-0.6772731206992059,0.003123567012450205,0.260295175654144,7.625428078222427e-05,-3.1408585073169277,-0.0001354312011485284
8.482673168182373,0.43692880594364025,-1.462302577942638,-17.69041734439873,-0.10804846629883903,-0.05264191025691662,-0.08360707011338363,-0.6772573677285129,0.0031130082172561835,0.2602861801949381,0.00011685530160643397,-3.140935670746736,-9.158034510424993e-05
8.492695569992065,0.46404636740682337,-1.7294222960527246,-17.609636287405415,-0.10131116169375136,-0.051133846124262125,-0.07760234538004245,-0.6772741318230909,0.0031268626651987375,0.2603089148557271,1.3421687898021558e-05,-3.1408254899333703,-6.736263344498151e-05
8.502683877944946,0.47863981008459017,-2.1267878767428607,-17.514271279230044,-0.09166114146838626,-0.056542548549499666,-0.08446744247098888,-0.6772651063095895,0.003142910183879648,0.26027792931584093,2.142773741596879e-06,-3.1408937625165536,-0.0001239758190322273
8.512719631195068,0.48786337493033344,-1.7512136306888368,-17.468321439893078,-0.10032472878788493,-0.05547001206773602,-0.08497396145361359,-0.6772570681829918,0.0030985866144828894,0.26025248734242135,8.484141230897559e-05,-3.140973236868127,-2.653362048612865e-05
8.520719051361084,0.7095998778757499,-1.6522802313418374,-17.504905217701282,-0.10348273755568882,-0.05407552671581535,-0.0851994657018283,-0.6772624479345333,0.00310605025638414,0.26028986170885954,0.00012470306726211337,-3.1409014288664543,-0.00020108371346596885
8.52871036529541,1.0370432345243528,-1.355827874381822,-17.473587357324337,-0.11217606615056382,-0.04351767328023971,-0.07632184915556633,-0.6772670914883072,0.0031295719159965406,0.2602720250305041,7.817506609434609e-05,-3.140869567967636,-0.00011938656668849649
8.538715124130249,0.40182769662738943,-1.8804803647936288,-17.465756774974118,-0.09637952322173225,-0.05964998686009094,-0.08014809558391538,-0.6772675266692376,0.003091558715098959,0.2602848609849431,0.00016935726904984333,-3.140919034635519,-8.241813426800738e-05
8.548699378967285,0.8272212505113611,-1.6633481048413605,-17.375710057050036,-0.10617705898892658,-0.0526261781325342,-0.08146170224795647,-0.677266154608943,0.003106937309766666,0.26031082926991245,0.0001822000451371378,-3.1408757700850316,-0.00021104610053639054
8.55670976638794,0.44682298143789356,-1.8939449639656007,-17.475496487555116,-0.09812676259559186,-0.06409162767648988,-0.07491382441605181,-0.6772724316993654,0.0030897281764931516,0.2603073452188194,0.00021433166922067397,-3.1408153603376494,-0.00011791292797642737
8.566640377044678,0.5348776693322844,-1.9440898545903456,-17.556239967031157,-0.0992810068599119,-0.059305071747613264,-0.0792909007847731,-0.6772860691939246,0.003104710609985304,0.2603246515075503,0.00016210770743558687,-3.140815114710605,-0.00013056204207324712
8.576746702194214,0.08987620106006791,-1.9114943358046377,-17.491168778422654,-0.09801141695372215,-0.07139236751302575,-0.07821781530713419,-0.6772692150770584,0.0031180423145961843,0.2602505001232276,0.00019130077248542053,-3.1409602243111405,-0.00015536672529999892
8.58671259880066,0.31394610036361564,-2.0224326867490614,-17.506821999832823,-0.09119512141974569,-0.0663102633978205,-0.07877214859916941,-0.6772661896620296,0.003133456923863834,0.26031829500315673,4.7837015628961446e-05,-3.1408269757651173,-0.00016625246909107288
8.59667420387268,0.42158462687011966,-1.707460144424094,-17.48004472001752,-0.10362962778861175,-0.06365521316008775,-0.07717983555872787,-0.6772735021434575,0.0031172065275920603,0.26031934467653434,0.0001429739190755983,-3.140815235228079,-0.000190699287829442
8.604657173156738,0.8616622507845477,-1.7920555182141835,-17.415169481123183,-0.10107203839887781,-0.05464349381861541,-0.07973396174407997,-0.677274559434561,0.0031364715474110055,0.2602948799617303,2.74455548015949e-05,-3.1408673681962527,-0.00012728969375028272
8.612634658813477,0.47775990794025874,-1.8494711519501623,-17.534854606822197,-0.09909633946498511,-0.0635750438997614,-0.0750045402242821,-0.6772610471112452,0.0030899863529880995,0.2602667555001552,0.00020889164028504536,-3.1409077053015433,-4.755022053279349e-05
8.622643232345581,0.317364778722107,-1.6765175912152923,-17.477188578821064,-0.1035697287195536,-0.06875150131236353,-0.0742766212599026,-0.6772617061899994,0.003143619010535209,0.2602505619641611,7.764079287770949e-05,-3.1409556624639547,-0.0001567384915532839
8.630656242370605,0.5440295747780468,-1.8464891328267137,-17.508573964632735,-0.09783875066592672,-0.06236788334908926,-0.07658007441276674,-0.6772651213129688,0.003131695894289898,0.26029292323213377,6.566022058395818e-05,-3.1408813328729193,-0.00015482967173328357
8.638688564300537,0.6388803949530328,-1.8803510817840694,-17.29316513732015,-0.0972054345681112,-0.06914082814083387,-0.083369714985631,-0.6772603625855887,0.003120479989410107,0.26026298602293707,0.00012718337896219987,-3.1409219982755143,-6.208950422175178e-05
8.64873218536377,0.6758747001593546,-1.7056510967795062,-17.3156316146519,-0.10063142493203132,-0.06147304634707643,-0.07964283691623186,-0.6772608950166168,0.003105603657791246,0.26030889519889033,9.714676115745775e-05,-3.1408576249526106,-0.00016244843905960718
8.656664848327637,0.8997570821797821,-1.6310581383756133,-17.46417656495142,-0.10102806633890415,-0.056259563010980077,-0.08631176638505994,-0.6772689020722095,0.003146777107293992,0.26029408672408005,3.229992921075862e-05,-3.140851613738893,-0.00021703902682332677
8.666674613952637,0.29961686675731863,-1.8706697142414033,-17.584056145201224,-0.0955336870436346,-0.07337368158981801,-0.07521048003959775,-0.677268986466978,0.0031063243741872807,0.2602584989539143,0.000150163695800214,-3.140939503144493,-9.01792604032026e-05
8.676652193069458,0.6378475897214194,-1.6595922871011075,-17.364553214470753,-0.09883576908978853,-0.06460569640067994,-0.07543537747751987,-0.6772746994361294,0.0031353038184744205,0.2603138011589278,4.753720003206953e-05,-3.1408477584246928,-0.00016046794325699198
8.68681287765503,0.7031039003435818,-1.8147267174979038,-17.51305243848618,-0.09789078138664761,-0.066858790190723,-0.08016758801774776,-0.6772703864592051,0.0031075661274189512,0.26026049317378785,0.00013608541460151377,-3.1409255774217795,-0.0001404715999843059
8.696733713150024,0.6673914588717426,-1.8171555648135485,-17.39263770780454,-0.0929645495706787,-0.06835661339206732,-0.08024926343434818,-0.6772595501079679,0.003136143422234194,0.2602997304400467,5.899059451551877e-05,-3.1408691290539883,-0.00011976005051522123
8.704598188400269,0.8269479614626197,-1.667455024300517,-17.416880449553332,-0.10203775278317648,-0.06547650696334383,-0.0803915158145501,-0.6772671296796174,0.003102385085730465,0.26031767416628415,9.80889371067498e-05,-3.140820120801623,-0.0001546396092929787
8.714686155319214,0.6620242587478199,-1.8332409823608968,-17.496332883016777,-0.09643127874897746,-0.06764049342447963,-0.07759325267947614,-0.6772571787631572,0.0031394849769665265,0.2602934544089436,-5.475147331957547e-06,-3.140890350329195,-0.00017326960038629923
8.722684383392334,0.6819614516070753,-1.5860266019890026,-17.62328778793779,-0.10150999287994704,-0.06642701329777784,-0.07548383094446126,-0.6772658921891556,0.0030867429889984022,0.26030872867861127,0.00017446105458753582,-3.1408350876464097,-0.00011616468875691174
8.730710506439209,0.6879561410326411,-1.9254029637265462,-17.474800591638598,-0.09635205747670308,-0.07052010678646463,-0.07870248331910701,-0.6772742956499066,0.0031469586186658708,0.26028340503106906,3.56286393808972e-06,-3.1408821296495026,-0.00016144846470101252
8.740678787231445,0.8116204218866291,-1.5989782385614726,-17.372273496185567,-0.10072020275956357,-0.06578266891661341,-0.08202643123241822,-0.6772786910841307,0.0030919271229742865,0.26030109232147486,0.00013949457955775779,-3.1408136380612808,-9.704098651927044e-05
8.75066328048706,0.2887415132480482,-1.634431011711926,-17.587876379997205,-0.10022728487571168,-0.07881299703238874,-0.07905067712635534,-0.6772701271453875,0.0031326071636429164,0.26027545503996774,0.00010412016964301562,-3.140881357256444,-0.00012260783481544057
8.760676383972168,0.8768733589115406,-1.4519568803683058,-17.510817933490838,-0.10433307706660092,-0.06597631517813195,-0.08479194059125017,-0.6772757461127701,0.003137644337121176,0.2603008454870962,7.97961248083813e-05,-3.1408648340392915,-0.00018854848709153982
8.770684003829956,0.8016630522642447,-1.826685079819441,-17.314555903103805,-0.09279235463615929,-0.07407932104079462,-0.07459467915562604,-0.6772772902245099,0.0031136836956269075,0.26029178908871753,0.00011745039919936681,-3.1408570516363534,-0.00010915786670204252
8.778646469116211,0.5901681959406007,-1.5813494889407016,-17.479427057747664,-0.10123779827163032,-0.07373667915619249,-0.08390477205017295,-0.6772620767805554,0.00309389905933605,0.2602963906318087,0.00018151126223047323,-3.1408962028674803,-0.00014474643146478712
8.78865909576416,0.5525144723878814,-1.8248865968355443,-17.59166359829145,-0.09808160492799961,-0.07615499697739463,-0.07893344288774361,-0.6772698831670195,0.003119846324355626,0.2603021021841513,0.00013582314552562443,-3.1408773753596106,-0.00013179565989067193
8.798627614974976,0.6938879483548319,-1.9824904960963803,-17.549436939315925,-0.09242145856301505,-0.0761796667090167,-0.08050624122008747,-0.6772648330298777,0.0031561365028291437,0.26029696392409674,1.5079118033658264e-05,-3.1408464145120405,-0.0001247192944584756
8.806661367416382,0.5774753409996524,-1.5939953366959476,-17.551635638903388,-0.1043563042875113,-0.07235743949898954,-0.08349967230213777,-0.6772659915790649,0.003140397464646467,0.26031724034025716,7.766446628575426e-05,-3.1408369123515745,-0.00013026021044818095
8.816670179367065,0.5243146170220206,-1.5349126085493654,-17.531857387676833,-0.10062445358550827,-0.07788340770594948,-0.07146691991449117,-0.6772746135002585,0.0030956976180135662,0.2602912500802709,0.00013219775187755823,-3.140878895706372,-0.00010216786749207347
8.82669973373413,0.44269699469052415,-1.630822851347447,-17.488070602247248,-0.10303537402242828,-0.08158842489467003,-0.08032651869250591,-0.6772686056065401,0.003119827036272645,0.26027024474807064,0.0001481688529502362,-3.140902671549333,-0.0001279885051370757
8.836655378341675,0.7842536106177092,-1.769203275543751,-17.460823578117864,-0.09344145190714263,-0.0745002389394157,-0.0825854610477854,-0.6772627112623598,0.0031132083472520914,0.26027300348983495,0.0001685095949751235,-3.140895925950972,-0.00013696782697775653
8.844686508178711,0.5495490062693491,-1.8781160264491679,-17.47117219526053,-0.09601430523988479,-0.08190330740430384,-0.0843191879707098,-0.6772736683883516,0.003131133618683768,0.26022859564746154,0.00011072352355372456,-3.140966724380749,-0.000141642380785202
8.854697942733765,0.5925905584703537,-1.7325657150740823,-17.5036698660836,-0.09658244027275985,-0.08053960965560301,-0.08128062663272458,-0.677260810184153,0.003109625890809243,0.26030329145542563,0.0001179737691837486,-3.140877035808796,-0.00014325515368154168
8.864596605300903,0.8996754351997647,-1.5757318145689323,-17.48401210105967,-0.10137181282160937,-0.07568396706513993,-0.08076699666791433,-0.677265291625914,0.003112157505449254,0.2602600939612908,0.00013049690547060455,-3.1409567734992656,-9.155778707374988e-05
8.874640703201294,0.6597110574779129,-1.8492391405729018,-17.45706702550133,-0.0938398611924538,-0.08465019395759649,-0.07710244881100874,-0.6772796258601457,0.003130299392770519,0.2602531331160791,4.280315172023479e-05,-3.1408986602099547,-9.555327015284328e-05
8.882641553878784,0.8894089458848469,-1.982109274109865,-17.532721812134156,-0.09248259791953364,-0.07477453993462563,-0.08074061253550585,-0.6772676794924088,0.003124815195672752,0.26028263124262363,9.868664495662767e-05,-3.140888082554198,-0.0001327368766644445
8.892683029174805,0.527071516280113,-2.0113460687627844,-17.636968270069673,-0.09093038546524515,-0.08615844568969945,-0.07546367254005534,-0.6772553695074167,0.003112114902686067,0.26025387690989443,0.00012242095387354787,-3.140967635772307,-0.00012002175516927829
8.90264105796814,1.0960073505525922,-1.8206114729122274,-17.492521655174286,-0.09600827231592461,-0.07097299117204296,-0.08469884035534021,-0.6772651323188101,0.0031115891182650008,0.26028077552356443,0.00013709892538377264,-3.1408782607687313,-0.00016024240813756406
8.912636280059814,0.7187361576234683,-1.811769942998462,-17.506528464845218,-0.09641328889127908,-0.08414046745927567,-0.07578847863455071,-0.6772698799702009,0.0030933774945500502,0.2602911513502252,0.00011194058190824154,-3.14088828916259,-0.00011364129551767086
8.9206862449646,0.885956288922092,-1.8558620401773476,-17.592521978610883,-0.09407278538785545,-0.07595113694230438,-0.08694012973844764,-0.6772707911115524,0.0031097430536750296,0.2603339576883117,0.00016199027649269445,-3.140772520622247,-0.00022347386925627833
8.9306321144104,0.7424996004238636,-1.7444793782241763,-17.594108715999855,-0.09851004043210826,-0.08053725335862169,-0.08002960213588024,-0.6772723314821754,0.0031022747304954453,0.2602914094942443,0.00013003684772667392,-3.1408778673780167,-0.0001628363682090709
8.938642024993896,0.660476787090475,-1.6746222323554787,-17.544042464161233,-0.09801354751314569,-0.07947106731136433,-0.08610545152162336,-0.6772721531476198,0.003094307559747414,0.26030154407409023,0.00015634998369216862,-3.140853940252305,-0.00017817168566069098
8.94863224029541,0.9724276522270406,-1.7124920517813131,-17.59105919423405,-0.09661662216886946,-0.07658264589250936,-0.07901063088197408,-0.6772767867796677,0.0031233814620159335,0.26029209277326004,0.0001341445810025092,-3.1408406945245333,-0.00012659201124028615
8.958648920059204,0.9196902324284472,-1.7200099343356123,-17.43893492202998,-0.09695322401659687,-0.07762248999189023,-0.08373167336925812,-0.6772460763849275,0.0031145624931353433,0.26027892715623024,0.00014962018608202294,-3.140915625687582,-7.865044027823711e-05
8.966632604598999,0.7252780487390864,-1.5979265332955177,-17.606491450557975,-0.09977744691033041,-0.08530856170424579,-0.07633576077388396,-0.6772698507202999,0.0030862827456628866,0.2603078523544863,0.00015143693165785434,-3.140816995196298,-0.00011734229756220886
8.976548194885254,0.5965093867818623,-1.8370382566492407,-17.585825466971208,-0.09428274202258714,-0.08738949242127649,-0.07823119120909744,-0.6772711857509293,0.0031137143335660546,0.26029155083729927,5.358728475000484e-05,-3.1408240057500603,-0.00014093895224400412
8.98473310470581,0.822947702440005,-1.7704454635626237,-17.534262483553714,-0.09865056699763537,-0.0837538171981145,-0.08558746686654128,-0.6772768674622089,0.003120353519460279,0.26026444129080695,4.643693916858887e-05,-3.140888419135704,-3.2416276619228496e-05
8.99269151687622,1.0076839581627726,-1.6608835052772777,-17.512045180424483,-0.09905990740856059,-0.08161248993459015,-0.08406453229270332,-0.6772800172863805,0.00313285985829827,0.26031111492989484,0.00011107852994953563,-3.1407977452313465,-0.0002031176498558402
9.002636909484863,0.9664543260181464,-1.6577911465304669,-17.57535795090629,-0.10000503680812703,-0.08066504495418053,-0.07944138255018114,-0.6772749243055575,0.0030841538089650226,0.26034549566599696,0.00016869512836259593,-3.140746482729304,-0.00012566936239722154
9.01267957687378,0.8846123736071739,-1.630799961690289,-17.49646716343221,-0.10244079740777311,-0.08576695640709955,-0.08110214139663367,-0.6772754403291799,0.0031644992176523734,0.26032613358690976,-7.411912210997674e-06,-3.140793068199941,-0.0002238331872486594
9.022706031799316,1.0183059870043265,-1.727218430415203,-17.40303071101123,-0.0975610842797547,-0.07999514852000007,-0.0867755190900748,-0.6772666738597678,0.003122004108705953,0.2602960112360012,0.0001226285743665815,-3.1408737679841625,-0.00022374981404919868
9.030665159225464,0.6064244703787113,-1.680492743820297,-17.63501105660535,-0.10025835898178749,-0.09417428366049851,-0.07831989478722703,-0.6772673814085086,0.003135801108731297,0.26028479148735406,3.506734029783712e-05,-3.140826823845659,-0.00020031571196770014
9.04064154624939,0.7868932024522275,-2.0812702280577415,-17.542278821038128,-0.08970835368644842,-0.08618079287369516,-0.08171300250986094,-0.6772740528961868,0.003097166989751804,0.2603071273851577,0.0001689090536349026,-3.1408509141180083,-8.525578632304247e-05
9.050728797912598,0.37396622464395285,-2.172013148717511,-17.726549206592296,-0.08857180653443716,-0.10100693630138924,-0.07348105434417194,-0.6772843922409495,0.0031424839351590654,0.26032014447695145,1.3581023795940054e-05,-3.140787551520918,-0.00016522497937744945
9.060746431350708,0.7621035421257275,-1.9071085256453209,-17.508753740543188,-0.0932757209673476,-0.09157131261083702,-0.0840650429773685,-0.6772744148236768,0.0031250306056933783,0.26029518795307777,0.00013634479580019673,-3.1408396985400984,-8.413863490187737e-05
9.068670511245728,1.0932869733106385,-1.8624924452620804,-17.6398403032776,-0.09925194072714506,-0.08851921003704559,-0.07835154132257477,-0.6772679285824199,0.0030857724399660016,0.260282204839824,6.722506018863109e-05,-3.14088725032392,-9.242955318987511e-05
9.076745986938477,0.7389404295518576,-1.6799732023611764,-17.69372922117544,-0.09852727047639757,-0.0958983357223172,-0.07765404103946151,-0.6772666079890068,0.0031165080675915452,0.260302275172761,0.00012942438013085396,-3.14085711537019,-0.00018860345772407346
9.08460021018982,1.0171772326805655,-1.5082434666374953,-17.616027578070085,-0.10671905739223338,-0.09191444446776861,-0.08247876141641537,-0.6772786344541677,0.0031202558564960943,0.2602996511332102,8.3853663240486e-05,-3.1408352882612434,-0.00012380298332430155
9.092724800109863,0.7365865719015782,-2.0257862299511924,-17.526175238091906,-0.09364874675984662,-0.09688525083998076,-0.07377086718368976,-0.677276822224928,0.0031511813155686917,0.26030371945808584,0.0001085978625857407,-3.140831232756923,-0.00018553586577221726
9.102634906768799,1.1381851590146375,-1.7133519951793001,-17.50025974706796,-0.0983536251292997,-0.08900986130396535,-0.08243287687380635,-0.6772751119111963,0.003137163680407923,0.2602976548266659,8.330008090892128e-05,-3.1408325944482836,-0.00022470778229904758
9.110710620880127,0.9419508668895549,-1.7855793412978322,-17.53639088183101,-0.10326924645097656,-0.09687339362211067,-0.0806670094647384,-0.6772668813120053,0.0030862159371860183,0.26030618764901475,0.00016102896065501657,-3.1408338363248407,-0.00010507829540105796
9.118605613708496,1.2796835270988247,-1.729434136879945,-17.618726136063092,-0.09896952310816325,-0.08614876705400029,-0.08476759612570206,-0.6772706942605042,0.0030951348104370237,0.2602584602801198,0.00011767244547385229,-3.1409039193906443,-0.00013430698136811212
9.126636505126953,1.2600868073968794,-2.055904132667505,-17.513860769077873,-0.09540186687183054,-0.09107517332963701,-0.08261884241153097,-0.6772766431559063,0.0031303471864351806,0.26027807638964073,4.594522498756189e-05,-3.1408500374869495,-0.0001066421226157713
9.13466191291809,1.0946792256368858,-1.7734999330458527,-17.38185718383334,-0.10335769078351809,-0.0986684122395945,-0.08472148674398944,-0.6772796053464871,0.003150049083332095,0.2602632318271497,4.579137026092557e-05,-3.14088250674594,-9.624157994362973e-05
9.144601345062256,0.9724684149924544,-1.5564025829690544,-17.356697784390864,-0.104323742491317,-0.09781042457552643,-0.08849540986405752,-0.6772797530746371,0.0031046469874622708,0.2602804911419136,0.00014956285292231443,-3.140822847066155,-0.00014893342362058706
9.152602434158325,0.966857602296001,-1.8999864558598691,-17.35588959560621,-0.09607699305664714,-0.10089868454788237,-0.08005404975665863,-0.6772651013126404,0.0031226175734185495,0.2602561735311093,9.204964600719923e-05,-3.140924657751293,-9.482840142967503e-05
9.162736177444458,0.8523144556043085,-1.8669637420615843,-17.477192955356827,-0.09902237017398904,-0.10474403984327998,-0.08352547788513588,-0.6772652717434426,0.00312431801237515,0.2602712302991229,6.541123948557476e-05,-3.1408741626126777,-9.191144561625857e-05
9.172702550888062,1.1867147233213446,-1.594498160687901,-17.359104056753456,-0.10482975349777961,-0.09434525451940462,-0.08480072775960953,-0.6772692470285481,0.003114929031476207,0.26028509691300783,0.00010433394331808286,-3.140851550470873,-0.0001573416601074045
9.182662010192871,0.9976664573295452,-1.6544797762955192,-17.5912924634822,-0.10396808172171387,-0.09909560537247426,-0.08100305282276775,-0.6772699206939652,0.0031463340281014662,0.2602567711255227,1.662069647312493e-06,-3.140901100875628,-0.0001092442625377849
9.192665100097656,0.7328155682153467,-2.177570805248764,-17.576444029681397,-0.09379205753449897,-0.10498353114375636,-0.08165698302768103,-0.6772661935887034,0.00312830554371801,0.26026334651545185,0.00012962497176975565,-3.140906192014744,-0.00018713191785755208
9.202685356140137,1.035627186170921,-1.7623252208106377,-17.515651103137472,-0.10367728320577278,-0.09845582303709462,-0.08046526255910101,-0.6772502473419609,0.0031192495860037275,0.26024528867242425,0.00013799421520067153,-3.140934076386751,-5.999257295604416e-06
9.21069073677063,1.236098982813226,-1.784157485339086,-17.499972832955148,-0.1001038250932332,-0.09758086114725206,-0.08830735247274743,-0.6772616496698267,0.0031270839893990402,0.2602685867300423,5.272773903332175e-05,-3.1408792230171145,-9.48219503825425e-05
9.218673944473267,0.7552983168601886,-1.7934413398401183,-17.526362024940436,-0.10480115319878455,-0.10741173461289229,-0.08375918446097173,-0.6772565381466787,0.0031024507399705064,0.2602629709404769,0.00015762913778933566,-3.1408892092706164,-8.694679489757055e-05
9.226611137390137,0.7646602903844222,-1.8138742167891622,-17.455462298462045,-0.10082019905686147,-0.10727514852685732,-0.0891727253731984,-0.6772864290469284,0.0031420121964051886,0.2602695973654708,-1.8463339925618326e-05,-3.140851994709417,-8.463639199720203e-05
9.23660683631897,0.9581335477687505,-1.6886308682474744,-17.473206163790863,-0.10286837270820057,-0.1009156916397806,-0.07997316454609547,-0.6772746546400689,0.003133075085317868,0.26029036257980775,7.226385691747625e-05,-3.140824909378551,-0.00013384384698729017
9.2446448802948,0.9326027673450985,-1.72546845187141,-17.459564334278273,-0.10691079986995927,-0.10204369726799596,-0.07770815720110569,-0.6772712357646036,0.00312075859673025,0.2603057915574177,5.8811304486297026e-05,-3.140803147960192,-0.0001668286905395397
9.254682540893555,0.9343746886381261,-1.893543942809059,-17.438833316378492,-0.09497035598111915,-0.10579927575077344,-0.07618591981446271,-0.6772788031177243,0.0031012428212072772,0.260296418968268,0.0001462062628434561,-3.1408266141036587,-0.00015783064105475545
9.26267695426941,0.8484200062394394,-1.930294870987106,-17.430955533534185,-0.10201201510163661,-0.10972305085340169,-0.08280185928451322,-0.6772742755688503,0.0031027945530380553,0.2602798459918509,0.0001490336214004475,-3.14080994451344,-9.107602756740292e-05
9.272679090499878,1.1349626349165791,-1.2981201981463717,-17.486473832564975,-0.11375240531671914,-0.10151349197794998,-0.08521098792043673,-0.6772683713301227,0.0031036600914095564,0.2602880481000005,0.00010479665525496914,-3.1408094763273695,-0.00012408815604800978
9.280638456344604,0.8195686143030999,-1.750193768076237,-17.439924686381453,-0.10532551365007402,-0.10638710926622953,-0.08155377113544197,-0.6772813465015778,0.0031446047174863473,0.2602730219127881,4.6557942357324134e-05,-3.140866043412459,-0.00015277047227251958
9.290695190429688,0.9142117641442806,-1.626526571298239,-17.381146277370895,-0.10646480680808208,-0.10617164218750784,-0.08170718319590803,-0.6772802468609818,0.0031248121669998027,0.2602675395680767,9.766730354524983e-05,-3.140863236426779,-0.00018183817395341396
9.298625946044922,0.9364533744054777,-1.8703185693547044,-17.43124039105898,-0.09914945619404174,-0.10355487715877419,-0.08389359505806608,-0.6772811123151394,0.0031485751908357337,0.26032773157723665,5.342436691425835e-05,-3.140707948114129,-0.0001714572697355924
9.30862283706665,0.8392693614782101,-1.997179795380567,-17.567788011085025,-0.099835459720413,-0.10914794289582574,-0.08392293508413572,-0.6772841240565555,0.0031289280759908547,0.26029122725805776,0.00011138124902200065,-3.1407980538295033,-0.0001279659948816028
9.318613290786743,1.0022054288496716,-1.7826530762594215,-17.53818121005615,-0.10447416499556438,-0.1049961369105106,-0.08502747259799845,-0.677261991908741,0.0031098623336104367,0.2602822780537246,9.794261608290872e-05,-3.1408364469838754,-0.0001421484457306812
9.32668161392212,0.903187208172849,-1.9954252570439528,-17.708664893166244,-0.10062452147934707,-0.10960034884969311,-0.07720068787281749,-0.677278567378694,0.0031320495367644294,0.2603421066130368,0.0001045804615086314,-3.1407320155667593,-0.00026249014082251515
9.334676504135132,0.9910000452292014,-1.848137846420632,-17.65199813530401,-0.09901194623728506,-0.10605347292877836,-0.08817193883376548,-0.6772743899666431,0.0031295266453217896,0.2602886403299556,0.00011765555116022077,-3.140851680807418,-0.00015131457686556657
9.344633340835571,1.1249618862288864,-1.758022494417609,-17.768949694576925,-0.10264902952772513,-0.10049610629210418,-0.0832519202036054,-0.6772725497450542,0.003110798595824963,0.26026674664047045,0.00011881294482233705,-3.140859271394702,-0.0001761114798674645
9.354664325714111,1.2204345181778191,-1.8110011938971744,-17.69229662788268,-0.1035560727435397,-0.1035009683067755,-0.08496192658439504,-0.6772715179938739,0.003099918460100637,0.26030598462343246,0.00017626257705864254,-3.1408084136491397,-0.00010558116550482936
9.364607334136963,1.1687102169839783,-1.844581434977934,-17.596026246298067,-0.0982972814577464,-0.10340865948352324,-0.08513952722766266,-0.6772781153098099,0.0031038417923181043,0.2602740291110354,0.0001632759690507364,-3.1408190911582734,-0.0001890003266927735
9.372583150863647,0.6710495420735421,-1.8319522040686973,-17.552485061324408,-0.10371764639962029,-0.11662399351727482,-0.08332783388981554,-0.6772690878652644,0.0031354617000705844,0.2603016960939829,9.72841413531363e-05,-3.140786872964121,-0.00010550262590342924
9.382643699645996,1.0438278936582723,-1.8445653010830312,-17.424780045226182,-0.1029293923311561,-0.11159675418307313,-0.07848120204665772,-0.6772775002784003,0.003117865216352573,0.260295728349232,0.0001739222310323484,-3.140825023190267,-9.341813621271624e-05
9.392622709274292,1.2252143766322194,-1.646285943054212,-17.446455480315503,-0.10395748430289675,-0.1086177319607939,-0.08099697244050232,-0.6772667026270517,0.0031135265686530566,0.26033206917244306,7.715066545986322e-05,-3.1407966636300615,-0.00019662662523955098
9.402631998062134,1.0342514734929225,-2.125825212754643,-17.599018892956234,-0.09726197945981757,-0.11380961619648126,-0.08334724489579763,-0.6772508890319077,0.0031349162375482985,0.260295536318419,7.685548464587399e-05,-3.1408410157101194,-0.0002202197322043009
9.410640001296997,1.2974401238371758,-1.8364712902544675,-17.59628599162134,-0.09894498636419477,-0.10844513188278573,-0.07989062517624976,-0.6772866403989961,0.003134436591992545,0.26033015994882475,5.7741490677196284e-05,-3.140769945298276,-0.00016407249433503804
9.420766353607178,1.045010852707068,-1.8236452736524142,-17.3784597420026,-0.10053686596521647,-0.11349429354607307,-0.08835813414593524,-0.6772766558628188,0.0031078764231275945,0.26027167508733073,6.0697627221875524e-05,-3.1408760520062597,-6.466926796102697e-05
9.430714130401611,0.9757459317143898,-2.002953847974654,-17.55856570918359,-0.09589330318135518,-0.1189291601452914,-0.07214673555235734,-0.6772729774924101,0.0031434369626986334,0.260292428026177,4.5953475218416103e-05,-3.140832639614845,-0.0001573808254289115
9.438644886016846,1.1068482744312298,-1.61732789583404,-17.671488099945154,-0.10795858410271848,-0.11120414279020961,-0.07710038896359028,-0.6772729571070935,0.0031233067796122738,0.2602739714512887,0.00010948350313355296,-3.140869605004195,-9.806808843128547e-05
9.446652889251709,0.6439617182470302,-1.8709879496997888,-17.664305590756854,-0.09838556005646495,-0.119606716575135,-0.08235675166460792,-0.6772696191674016,0.0031043904007892146,0.26023425784192056,0.00019470345320397027,-3.1408923211133213,-0.00010489373753241287
9.456663131713867,0.9391090771170368,-1.9787630683989494,-17.785209135618842,-0.09573653996800738,-0.11260189364273698,-0.08428343007864354,-0.6772629086581493,0.0031161788052378827,0.260301619660115,0.00013616377745579347,-3.140860386205494,-0.00014855836971169092
9.466591358184814,1.21037928620313,-1.9606510093740879,-17.804882803737772,-0.09948676150494916,-0.10783637436863353,-0.07874078287912865,-0.6772775736328647,0.003100101108763355,0.26029495371933786,0.00013074686066960844,-3.1408101131489645,-0.00016990210280836776
9.474602460861206,0.6812677472048217,-1.7939134614251535,-17.814471899771764,-0.09792017267842737,-0.11626220492415638,-0.07954940198329423,-0.6772745689370873,0.0031416690125493957,0.2602907495011628,7.826433505802604e-05,-3.140825607708761,-0.00017260627297335646
9.484618663787842,0.8608254633214805,-2.0585783616942925,-17.913851631519062,-0.09348095153843759,-0.1116553024380966,-0.07603519708567635,-0.6772749580072469,0.0031262990798398517,0.2603296488091866,2.1577806778549705e-05,-3.1407414576584123,-0.00013474971786289433
9.494640111923218,0.9202313493699557,-1.9855362544852937,-17.678050408912167,-0.0938662415271524,-0.1130403694073718,-0.08070434419387967,-0.6772734373161793,0.003129773857955296,0.2603262283737472,5.366534854522304e-05,-3.140760311774675,-0.00018832269664353633
9.50471806526184,0.6348573609936619,-1.708675444963219,-17.6671101478179,-0.10407189627400207,-0.11902255176454458,-0.07731448171341496,-0.6772774158149669,0.003124142915150132,0.26033510067073473,9.129279248105503e-05,-3.1407302860449957,-0.00026980059494400324
9.514653444290161,1.124676696188023,-1.933523291214937,-17.610573062486417,-0.09871067355634816,-0.11064569172122417,-0.08726654177843907,-0.6772731709647698,0.003114117313589943,0.26030784306540383,0.00014354978076610742,-3.1407872233441587,-0.0001528455409167566
9.522692441940308,0.8378590984962907,-1.716813900712513,-17.597192183443234,-0.10177098432162425,-0.11629796305942237,-0.08122168148370064,-0.6772813922076081,0.003165360560428649,0.26032285091347745,6.587315970492715e-05,-3.14073688575496,-0.00015539070475236987
9.530662536621094,1.27628897484406,-1.7832340439693837,-17.644996709910235,-0.10492827634310305,-0.10990347334983906,-0.08063597442872238,-0.6772714733570083,0.0031113354223730647,0.260314322051229,8.63959916010148e-05,-3.1407981557944664,-0.00016162736283924773
9.538660526275635,0.7452930477345865,-2.026223497540522,-17.64815370021619,-0.09454339073142598,-0.12473127300380173,-0.07590969515173836,-0.6772589096453746,0.003101453165736249,0.2602983747868092,0.00014419459162549837,-3.1408285332326087,-0.0001646707492677659
9.548696994781494,1.1096131113567997,-1.4621565032967634,-17.544424294027795,-0.1095609613390822,-0.1134842514390559,-0.08495328897289366,-0.6772685482500279,0.003132595560302738,0.26028483437193295,9.23964725440541e-06,-3.1408510090262913,-0.0001376362124130245
9.55669355392456,1.0329475871697613,-1.5805697066953313,-17.64083758618363,-0.10697972361395551,-0.11845303428537118,-0.08414484641591745,-0.6772883021233533,0.00312901520695915,0.2602714811478328,0.00013683453394719005,-3.140827626450811,-0.0001520322991983371
9.566612720489502,1.211633023609044,-1.6283833256627658,-17.446642166598327,-0.10238809318375074,-0.11560043239708616,-0.08566795964120705,-0.6772669874959729,0.003125896969719825,0.2602869473217052,9.750538673792202e-05,-3.140858365818687,-0.00016206944507579554
9.576677322387695,1.26046218964386,-1.740046403371274,-17.489673817883023,-0.10060914542179793,-0.11644111443110985,-0.08560712873304427,-0.6772780205330031,0.0031310627585171805,0.2603509364622369,0.00013682818152796573,-3.1407115906280456,-0.00020948812368273273
9.584668636322021,1.1428599641604262,-1.7291750863757114,-17.58187594974997,-0.10041754825813147,-0.12184998982241177,-0.08242118886688272,-0.6772648174426674,0.003132161012528817,0.26029579849655565,0.00011600163663190986,-3.1408670701690995,-0.00021899214401231582
9.594635248184204,1.1691236726150394,-1.8575017778866616,-17.475012952254676,-0.0997686474753807,-0.11971279737761949,-0.08363583038483195,-0.6772744717481903,0.003090890413791914,0.2603024691400127,0.00016373219805906493,-3.1407966633415265,-0.0001360166144000667
9.602637767791748,1.213330491739684,-1.7298859669415978,-17.56203873805934,-0.10475590594367705,-0.11879042056937358,-0.07939521460361366,-0.6772760373287525,0.003134073710220365,0.2603229674871574,4.8922390594279275e-05,-3.1407228895971944,-0.00017880030430977045
9.612687587738037,1.017637609461463,-1.8675571118904064,-17.62315803975994,-0.1017775897524741,-0.12286048889368657,-0.07917538609082117,-0.6772603441584921,0.003100468665030634,0.2602720987360532,9.868456032053099e-05,-3.140855475886478,-0.0001359645050347011
9.622627258300781,1.1026143222277562,-1.815639298965105,-17.611378457489337,-0.09825841971272077,-0.12083133612606554,-0.08107330790753427,-0.6772666262097614,0.0031103777737687987,0.26029628041895814,0.00017441084925763167,-3.140803515217312,-0.00019179242012302527
9.632663488388062,0.8544877362134091,-1.6377989313595587,-17.714959722537106,-0.10522277576235518,-0.12660264832467666,-0.08496753372247684,-0.6772736945958459,0.0031491544727841225,0.26031149649528906,7.809803569553833e-05,-3.1408053844837305,-0.00017238339855220471
9.642721176147461,1.0606795622688192,-1.861313002405058,-17.75708896524865,-0.09988924161140515,-0.12014837274893324,-0.08418516363022958,-0.6772789739604157,0.0031119528562021277,0.26027275541424333,0.00016962764658107944,-3.140847716692761,-0.00013103911046121635
9.652667760848999,1.3178239389185613,-1.8066958697479714,-17.764256481802935,-0.10301077421315225,-0.11649606466169622,-0.08156735214313134,-0.6772827896663183,0.003160488528203734,0.26027640638302385,-2.0371476655296642e-07,-3.1408270026425478,-0.00017209557355147808
9.660653591156006,1.3915450700283243,-1.6321354557867103,-17.68194095575153,-0.10518100178995618,-0.11426660387736787,-0.08722639436045766,-0.6772677538642533,0.003103567939391339,0.2602918626186004,0.00010971738940474596,-3.1408288774779867,-0.00011797233770716283
9.670665264129639,1.3474640006554655,-1.6410025139781093,-17.62011729594317,-0.10324700609587018,-0.11772615998222637,-0.08472967420682341,-0.6772775188189204,0.00313230919459082,0.26028697021971925,6.601774251466115e-05,-3.140785503270957,-7.986893310193353e-05
9.680694818496704,1.4350267672781862,-1.7083939095832226,-17.74347019996392,-0.10373082705701994,-0.11600656474709346,-0.0787236832151088,-0.6772747712307584,0.0031231994973718157,0.2603096954537269,4.0429389846824556e-05,-3.1407678414783518,-0.0002056069370967381
9.688628911972046,1.403714917681483,-1.6736387694166355,-17.61724295763124,-0.10255112972672437,-0.12004805746902479,-0.08155965789214317,-0.6772712101948467,0.003109911554907003,0.26026405655826496,0.00015428515304724539,-3.1408399516925143,-0.00011192146322719685
9.698644876480103,1.3242897503860238,-1.9426329429820826,-17.45692586586857,-0.0997180004256256,-0.12201729085650734,-0.08569173817283068,-0.6772786836299363,0.003109170267815939,0.2603206265098894,9.828828231763711e-05,-3.140729364965993,-0.00020345462547894213
9.708727598190308,1.2389889535813445,-1.702347332077966,-17.604840940631803,-0.10643921380824298,-0.12746936631285008,-0.07826395410565734,-0.6772810085638383,0.0031106809934888452,0.2602504585541412,0.00011910095803290807,-3.14084965975956,-0.00010419897672103011
9.718602180480957,1.3405755471842233,-1.725323095075459,-17.681726288937963,-0.1028420920708036,-0.123714403471246,-0.08186696687577424,-0.6772827577258601,0.0031593178210559477,0.2603306245565738,7.860136912469441e-05,-3.1407288356049046,-0.00028255933043128226
9.726675987243652,1.2736807801372654,-1.6013241319344715,-17.62030368184898,-0.10668410722700568,-0.12662939826491604,-0.0781415216651386,-0.6772696571209538,0.0030927633213534995,0.26027329474177563,0.00014379197596630486,-3.140830476695231,-0.00017074741028127787
9.734610557556152,1.23475014134279,-1.7824588595190003,-17.778098453036716,-0.10031500189051783,-0.1287030898473197,-0.07626793439014483,-0.6772750768418583,0.0031391149801197004,0.2602649735536815,7.188235197874689e-05,-3.140837035279695,-0.00012743643297925787
9.744785785675049,1.200603804051009,-1.6660661847809162,-17.747286979224274,-0.10256931091771562,-0.1307962643330294,-0.08531495919828196,-0.6772944224311153,0.003149099054427012,0.2603315830300314,2.7724694482927164e-05,-3.1407071843950605,-0.00021770851378941287
9.754668235778809,1.1904004530898515,-1.7165179974538858,-17.749664810969982,-0.10006064761402521,-0.13136467646382538,-0.08031106867252957,-0.6772832458202037,0.003121855211833642,0.2603265897807075,0.00010487268777718234,-3.1407246988262503,-0.00017070300161832377
9.764676809310913,1.417894220926758,-1.6698177634232088,-17.562698362624726,-0.10235676755678529,-0.12811024348969513,-0.08244365635627386,-0.6772678433636493,0.0031093340075181645,0.26029818724624704,7.997060760516572e-05,-3.1408032324161126,-0.00014069268778157297
9.772686958312988,1.5939540419212332,-1.9119731103496116,-17.586129405125426,-0.0968051197914902,-0.12710460955072408,-0.07741255140596105,-0.6772664207085347,0.0031265887239868557,0.26031816970300314,2.1758838033651213e-05,-3.140757491748743,-0.00016229453583990595
9.78275752067566,1.4757031775476004,-1.625974773134224,-17.629273160601006,-0.10731968350112307,-0.1322573002257007,-0.08607827608885746,-0.6772802446359404,0.00312231590666155,0.26030252766224593,6.711073641758644e-05,-3.1407911693014077,-0.00013020460480595863
9.79077410697937,1.3858218149815433,-2.0172986208097825,-17.889184822386326,-0.09739278492747726,-0.13422984027620238,-0.0791281833280966,-0.6772644871651959,0.0031095831921608896,0.2603386448264431,0.00012217850729590664,-3.140720087044864,-0.00016749955178282477
9.800676822662354,1.5394014242290892,-1.8264159328460214,-17.652270755578503,-0.10239840572766164,-0.12968566618134417,-0.08692472375751378,-0.6772795172179602,0.0031149669985469034,0.2603026671088684,0.00022107221640492724,-3.1407598980189917,-0.00020586454909194508
9.810614824295044,1.3861738329361388,-1.813305775454457,-17.780573177548376,-0.10052539573843257,-0.13544349020255944,-0.0811596298946698,-0.6772745100807498,0.0030799935174630547,0.26026850504219773,0.00016465744833933527,-3.1408410273569216,-0.00017425931288692244
9.818629026412964,1.6674600239649155,-1.3740015656592763,-17.77086664267839,-0.11221309732030983,-0.13008503098414673,-0.08571771162702918,-0.6772733788991937,0.0031539993620886587,0.26025594707384747,5.330768484106647e-05,-3.140845791362786,-0.00019178906143961852
9.826647281646729,1.6159611031603505,-1.7190099678430766,-17.636624121818528,-0.10227509005559138,-0.13208779212701804,-0.08559377639694507,-0.6772668561567475,0.0031239800371358835,0.2602763039903967,0.00011001979681922562,-3.1408372111394787,-0.00022137383498011461
9.83460807800293,1.5755074628299008,-1.840676503822205,-17.61919488333846,-0.09723947696503193,-0.13364616466866114,-0.08062417905297103,-0.6772816539020514,0.003138790154774961,0.2603078391187164,0.00013486773529007855,-3.1407582659259887,-0.0002538400139702508
9.84259295463562,1.3480768666823337,-1.813851854937693,-17.93667863685097,-0.09781446135904642,-0.14150661310860563,-0.08477047701167918,-0.6772823086469552,0.0031103820566551555,0.2602737505561471,7.964973935501465e-05,-3.1407889429181277,-6.41286263697085e-05
9.850620031356812,1.6408947165775556,-1.9107370864134623,-17.770736878579097,-0.0961214681856583,-0.1333718581385988,-0.08243922775934463,-0.6772825890370178,0.0031492010011342116,0.2603027913454721,5.312977683761566e-05,-3.1407697727240174,-0.0001561658677894027
9.858611822128296,1.6303979426309148,-1.6087290195794985,-17.703512366662657,-0.10470035050375005,-0.13729650964070783,-0.08255583343474802,-0.6772710361746568,0.0031232825507147956,0.2603230487685669,6.0688226617493846e-05,-3.14074391997632,-0.00014532265601867336
9.868630647659302,1.451387700243157,-1.540065001329264,-17.703116646955923,-0.10472585874330094,-0.14180780254035352,-0.08538987690303755,-0.6772762888020833,0.0031248194107242255,0.2603148790026478,0.00011717897888387083,-3.14072593668309,-0.00015865799624130338
9.878601312637329,1.5038500741579708,-1.8863513789826847,-17.6704851005586,-0.09644435319628512,-0.13854795391142505,-0.08460457910521868,-0.6772724018294185,0.0031175865993343646,0.26028355100741085,0.00010508176434578902,-3.140791689319998,-0.00016336328789608338
9.888590812683105,1.4108178137629954,-1.7457712425792618,-17.57826950670985,-0.10334679430096358,-0.13948344694249754,-0.07940655773281995,-0.6772694544722457,0.0031145378306899857,0.26031770917206165,0.00018117946204087502,-3.1407617376636865,-0.0001801153269501717
9.898653745651245,1.2546032666490932,-2.012475545316299,-17.691159963132158,-0.09265627306752956,-0.14505955292459524,-0.08181495097102072,-0.6772599960450852,0.00312061628459334,0.2602517810983874,6.089458487489746e-05,-3.140858445315925,-0.0001485651209269732
9.906614303588867,1.0847126565497898,-2.0120149617214516,-17.875797668387246,-0.09094882700239802,-0.14724160737585312,-0.08236186203101765,-0.6772605841322692,0.003133304807122563,0.2602699703162572,3.524890256656827e-05,-3.140841381972319,-0.00013280986117174251
9.916645050048828,1.6176769585544692,-1.522564618012959,-17.662479089570752,-0.10195300435951095,-0.13685744964440852,-0.08588970227492801,-0.6772770603672091,0.003145935078485769,0.26031083164936886,0.00010448257486718812,-3.1407318625524945,-0.00021713030268865453
9.924623489379883,1.1662797848039113,-1.6985627703395265,-17.654940845914133,-0.10121148557211367,-0.14861277949711155,-0.08340566006942565,-0.6772793360891064,0.003109738236317932,0.2603045795343058,9.82977453366979e-05,-3.1407543280634047,-0.0002022415601013031
9.932677745819092,1.6724113106137977,-1.9088921907472183,-17.69129139766017,-0.0949429618460905,-0.13809238837652735,-0.08434883612029699,-0.6772662690196325,0.0031364953787743123,0.2602796196158269,4.6591638395371405e-05,-3.140809641217724,-0.00012395866926034652
9.942638635635376,1.2130986696169752,-1.7024122491314886,-17.98337670203655,-0.10037516962567064,-0.14258164681867894,-0.08011586187873682,-0.6772690360351894,0.00312289844927862,0.26024112928620013,0.00011163260314757108,-3.140879885362526,-0.00014787589341674505
9.952651977539062,1.0187215528323923,-1.9218649123426834,-17.629648224324363,-0.0963334882159555,-0.1458753618542135,-0.0810316219719935,-0.6772855627009196,0.0031279809769233667,0.2603216982233485,0.00011847589771594118,-3.1407184275277364,-0.00013448471312634013
9.962618112564087,1.5028222366633381,-1.4899896367548677,-17.671465790485264,-0.10596572625851661,-0.13644839271084305,-0.07720476069377726,-0.6772779834616627,0.0031285322945820834,0.2602658056710375,0.00013042466299053153,-3.1408245613514345,-0.00017956627027688684
9.972692251205444,0.939125639450148,-1.6860561339482647,-17.701782346616493,-0.10127770013006238,-0.15035414483820825,-0.07956063225473618,-0.6772838646258148,0.0030977376259652715,0.2602991126608146,0.00020875748283871284,-3.140727198983882,-0.0001909923046266899
9.980641841888428,1.344672710529026,-1.9303240852354535,-17.66581785475571,-0.09450006154821519,-0.14169144425050167,-0.07880353446896414,-0.6772663268236815,0.0031325446196363584,0.26025912711292465,0.00010274246278567836,-3.140844763665638,-0.00013170100416406432
9.99056625366211,1.5615753022152923,-1.6567088167109205,-17.6309791337761,-0.09911248969026142,-0.13653532930800732,-0.09077047593267867,-0.67727572357106,0.0031124071634006114,0.2603246158327554,0.00014901950251207548,-3.140741571221145,-0.00021413969853680372
10.000736713409424,1.5411933544174532,-1.6223868328241962,-17.62142303512592,-0.09940718574357763,-0.13885491290497143,-0.0857203722260653,-0.6772701242617147,0.0030714498200047034,0.26030835767445076,0.00020284423626748223,-3.1407172960168483,-9.472291736171536e-05
10.010613441467285,1.7606313506891118,-1.5753879879477957,-17.600569965702153,-0.10182996469503237,-0.12744718744903866,-0.0856284444291828,-0.6772995284953535,0.003132709985757646,0.260309980002257,0.00012867972243645897,-3.1406899770923373,-0.000249725264925628
10.020631313323975,1.418655895607979,-1.71032000247012,-17.620672066372798,-0.09692772178514482,-0.1388846341801007,-0.08298803970134616,-0.6772914834422274,0.003130064598785009,0.2602972942171036,0.00010509332392893795,-3.1407467275072225,-0.00018488236884528974
10.030616998672485,1.475170201498571,-1.6279272297409773,-17.46658851447857,-0.10037963801524374,-0.14194959721615197,-0.08381963437678842,-0.6772730574155625,0.003110889620468801,0.2602802306034324,0.0001309412922073723,-3.1408252874670675,-0.00018705148180816675
10.040678024291992,1.7337051592697272,-1.7740359067424256,-17.70686733901413,-0.09911736961416936,-0.13704897660653736,-0.08704268209725713,-0.6772779775476319,0.0031427193273265174,0.2602845145641547,2.668231737658374e-05,-3.140767332410846,-0.00019791482018436478
10.048593521118164,1.2400348203257399,-1.8171703246251636,-17.70951436457601,-0.08977939562971855,-0.1473638215535775,-0.07983801616157422,-0.6772748315548883,0.0031138362379864778,0.26026396124134893,0.0001477421091229765,-3.1408256927201355,-0.00021274613478094035
10.058598518371582,1.4626203630037433,-2.0513035517108227,-17.713550974567436,-0.08855864336550477,-0.1448314997373117,-0.07830962700574372,-0.6772766167844191,0.003121182312696965,0.26030047848359533,0.00012408666055214155,-3.1407353222465826,-0.00014329548574288915
10.06658673286438,1.6571030902847605,-1.704240370449756,-17.70466779133663,-0.09425937466531016,-0.13696392374285632,-0.08689124469990021,-0.6772743699020801,0.003140718263297689,0.260271348632757,2.2854367357585393e-05,-3.1407983751874258,-0.00016801434854501587
10.076661825180054,1.4555362708797426,-1.8927545168553657,-17.607756660034255,-0.09438936684960818,-0.14455630769901578,-0.08222403436638957,-0.67727441259394,0.003147473715612492,0.26030893035962066,4.7138297456178126e-05,-3.140709129566827,-0.00013030766336421238
10.08665132522583,1.591466933612422,-1.6783721440821968,-17.60504287811654,-0.1001316386253731,-0.14637217780404682,-0.08193858592981232,-0.6772726285157709,0.003156021861030602,0.26030087915865396,2.120854104726333e-05,-3.1407652034155036,-0.0002063805055582197
10.096697330474854,1.8937929088355459,-1.7017094155506425,-17.72739152203439,-0.1015517273890258,-0.13722230804503965,-0.08292156578758181,-0.677278888004514,0.0031291818487789447,0.26032718114004055,0.00011198885491313077,-3.1407017953060925,-0.00022683755210697353
10.10666537284851,1.7611449381676851,-1.6362034571080135,-17.66112447330683,-0.10127004186214862,-0.1440632972008599,-0.07821480937272972,-0.6772921034379938,0.003133026864646907,0.2602737849645278,0.00011248783231483094,-3.1407333760223177,-0.0001888700485497386
10.114588737487793,1.2666925496903272,-1.720198016174659,-17.628994830993822,-0.09660215940095519,-0.14992974466384779,-0.08181661917207401,-0.6772729557406335,0.003151769882760647,0.26031327421603434,6.023995848643378e-05,-3.1407341564890405,-0.0001483895866440052
10.124630212783813,1.5534795926892644,-1.8159387960766364,-17.662350985232898,-0.0988101926284581,-0.14759901008336196,-0.08495759697512664,-0.6772774961626723,0.0031156731653250247,0.2602771719609396,0.00015654713075156384,-3.140753827816085,-0.00017537263889339124
10.132662296295166,1.5679732496874481,-1.6309447998862947,-17.529697346320408,-0.1000511140138905,-0.14250805249598883,-0.08068343118353506,-0.6772796284482339,0.0030938732155147927,0.26030970337369697,0.00017641067560783893,-3.1407240653631248,-0.00014467472944995356
10.140621423721313,1.3007429581044532,-1.695077635028097,-17.693422587174435,-0.09962966022705923,-0.15216108938564285,-0.08613952426508596,-0.6772764859277142,0.0031226763439658645,0.2602924785862554,0.00011726304042316341,-3.140760220080962,-0.00024072978974042607
10.150595903396606,1.2165353015013485,-1.4615044006638094,-17.712197491528613,-0.1050294814997064,-0.15552707265676766,-0.08169460640733904,-0.6772769274159175,0.003096213900901413,0.26025774632419896,0.0002527733103945633,-3.1408154539954483,-0.00016094798676988988
10.160613059997559,1.9109260434945514,-1.9153614990507586,-17.693699008008636,-0.09691836915491348,-0.1389459962047692,-0.08462293759457792,-0.6772661520656476,0.003140380971733576,0.26028554617701416,6.107679556190274e-05,-3.1407859071405047,-0.00024463029714221455
10.170695066452026,1.6620746617538842,-1.6841452966313082,-17.684965503032906,-0.10311182519905379,-0.14617571929619505,-0.08229272763954382,-0.6772751655862604,0.0031464141128393847,0.26029157493610083,4.677127573605519e-05,-3.140772425311395,-0.0002635908535719219
10.180632591247559,1.275885654480754,-1.6620107968671025,-17.69187703901897,-0.10016339364284332,-0.15176339983456621,-0.08094184433982105,-0.6772577860637417,0.00310260360040514,0.2603065417432001,0.00022602659225863612,-3.140740523344791,-0.0001651994283715157
10.190609693527222,1.320090129783562,-1.7755758310373142,-17.6657617392091,-0.09708759377435917,-0.15426424005977932,-0.07935215347021714,-0.6772679208641651,0.003136625901283397,0.2602908900413722,3.4645138519227475e-06,-3.1407683184694406,-0.00018532133110190274
10.206614017486572,1.5366853268288616,-1.8431798486529636,-17.70478572405882,-0.09437613325959084,-0.14211718677351762,-0.08019279589026415,-0.677274136994285,0.0031129221286712713,0.26028701072878635,6.599904086624473e-05,-3.140793534063832,-0.00012919696366950573
10.21685266494751,1.256046961130924,-1.81078127273569,-17.60805687359749,-0.09455104136519732,-0.14898464410672213,-0.07414905123802293,-0.6772825310384386,0.003108328670157945,0.26033123596723384,0.00013174038207480065,-3.1406696312976954,-0.0002485436770456982
10.22474217414856,1.3951997597053827,-1.6160789918032878,-17.57709707325851,-0.10220576176370036,-0.15090522886750374,-0.08817387324035057,-0.6772910019903686,0.0031366726236279232,0.26030609235762736,0.00016292040455596636,-3.140718782347258,-0.00017248915535233682
10.23287296295166,1.6148209254207708,-1.6011399053084636,-17.387225679475556,-0.09991576948792409,-0.14676941947285807,-0.08500366562186991,-0.6772849606783253,0.0031307026558750795,0.26029061384631375,9.202021903268246e-05,-3.140732964641198,-0.00017534874148036626
10.242652893066406,1.3283628227147044,-1.7586114458579094,-17.553476981644213,-0.09630954602406684,-0.152614367895458,-0.08717571935786293,-0.6772681378899896,0.003102425030834881,0.26028348795038136,0.00016395069925988226,-3.1407632589826755,-0.00021816445569878274
10.25261902809143,1.3251903310940414,-1.8482155516398822,-17.66801295310743,-0.09854375426216613,-0.15303379955687424,-0.08423028354305043,-0.6772615729260767,0.003140845726493186,0.2602456154730966,9.122582276870722e-05,-3.1408371611327626,-0.00015378491732423701
10.262566328048706,1.279310495376126,-1.5604478089343599,-17.589250545271522,-0.10031254851523891,-0.1571924785984179,-0.08490492514044093,-0.6772820212098264,0.0031253856765273004,0.26028483930292823,0.0001239219988675369,-3.140771463577537,-0.00021575513605936566
10.272595405578613,1.4663107398650612,-1.288566880102546,-17.713427960642786,-0.10840866274257596,-0.15200111269228336,-0.08616208049844877,-0.6772744675064329,0.003136073241049936,0.2603007869521609,0.00011102734442683907,-3.1407676733316907,-0.00023158668588799214
10.280609846115112,1.388400826945168,-1.6237319508643782,-17.45463368123367,-0.09919438557943572,-0.15304117085542399,-0.08366373208806997,-0.6772784730295064,0.003125990701865809,0.2602772478955673,0.00010074824051549275,-3.14078024317081,-0.00012192996979798942
10.29058837890625,1.4636166420718173,-1.5747911520952242,-17.47241638777967,-0.10396115450609895,-0.15301330111839298,-0.08338612369203749,-0.6772779897964762,0.0030999071532034185,0.2603204818189843,0.00018334812527888105,-3.140697762323987,-0.00025397270511018886
10.300652265548706,1.7696780208266587,-1.601232849082859,-17.422482552467994,-0.10072661704421526,-0.1485242578159062,-0.08120121192288912,-0.6772728264140568,0.003101722694183243,0.26027209623118336,0.00013872952305628305,-3.140756573791533,-0.00019422144351325475
10.31063199043274,1.7347250101174532,-1.6870273925526498,-17.499010732900782,-0.10191168805772467,-0.14688730784676526,-0.08692531289589928,-0.6772790856267136,0.0031295939696566583,0.26026909721245517,0.00015133553223963472,-3.140760704824259,-0.00013265490765019798
10.320613384246826,1.95104275839301,-1.5892047034627013,-17.514959231727875,-0.10127944095280696,-0.13973518652350003,-0.08739284129723975,-0.6772733721135278,0.0031475990649395013,0.26030206616591184,0.0001485853730737826,-3.1407582708731345,-0.0002468341958419045
10.33066463470459,1.3396812721953058,-1.5361218634619975,-17.411096181545837,-0.10178439499281706,-0.15422582587626102,-0.07651272674638554,-0.6772834232225471,0.003104377341490298,0.26029222525686024,0.0001520528775019319,-3.14072393479951,-0.00021179742371977046
10.340604543685913,1.6414351085650756,-1.4414706742090972,-17.54104473168933,-0.11147774566165172,-0.15052727721404266,-0.08052998221869587,-0.6772806574300818,0.0031276712523856777,0.2603191171299809,7.340206160606977e-05,-3.140682136994047,-0.00015811724832860788
10.350614786148071,1.378878891202814,-1.5178955663023739,-17.66639552633482,-0.10211522762911655,-0.1556115893155953,-0.08552898064359678,-0.6772774155770181,0.0031063362224505084,0.26027852204323354,0.00015679935830903324,-3.140731238655984,-0.0001634344805732233
10.360639095306396,1.407581686372374,-1.8778232135476884,-17.601935987379807,-0.09719192415277748,-0.15648280037626477,-0.08085885815424051,-0.6772764419142693,0.00311947038333578,0.26031465494806216,0.0001551926632974558,-3.14068154022296,-0.00017045347105793196
10.368664503097534,1.3589949797276095,-1.6724373090797613,-17.59558297065602,-0.09647003896121487,-0.16064183401188012,-0.08326222642528773,-0.677292794016723,0.0031268492039628385,0.2603303015795001,7.871441622925156e-05,-3.140647949357351,-0.0002440768460504093
10.378685712814331,1.6967406671056986,-1.5091075942994752,-17.596025126199866,-0.10608826318316432,-0.15165882090898564,-0.08159375413904149,-0.6772809620948278,0.003116263929037494,0.26028807734026027,0.00011757155948074535,-3.1407388352108927,-0.00025971985738815955
10.388617992401123,1.5859391734796353,-1.3173975047937863,-17.570818393517584,-0.1079299994868513,-0.15289532745416537,-0.0863371085755051,-0.677289586396116,0.0031241755538922765,0.2602861209767292,0.00011198479236298415,-3.1407533008299393,-0.0001421543029514927
10.396657943725586,1.7382342622417157,-1.6344440386302508,-17.628160636086236,-0.10404665837191991,-0.15219505945528006,-0.08296639023949745,-0.6772770275784991,0.0031465940881982204,0.2603094353668338,-1.702340575411873e-05,-3.140692092143836,-0.00024113429179035717
10.404655933380127,1.613630670311504,-1.861545618941429,-17.610848414193235,-0.09831049692511698,-0.15903908382158094,-0.08461463675392804,-0.6772777085229342,0.0031304499135754713,0.2603222930024737,7.340850687933467e-05,-3.1406823597423,-0.0002115305670389465
10.414670705795288,1.676750156668588,-1.5598333256791,-17.536812920879388,-0.10068906006763975,-0.1580825949903097,-0.08910441047405643,-0.6772837952415702,0.003139380627517843,0.2602867736090757,9.381850946239034e-05,-3.140717842969734,-0.00019385976028413724
10.424794912338257,1.4538171220431524,-1.8233734512889093,-17.651087741981602,-0.10008315771239248,-0.16283257705824014,-0.08555147445597822,-0.6772787510989927,0.0031235696617209863,0.2602955885761096,0.00011771885669529733,-3.1407135067361764,-0.0001815065208814024
10.432641744613647,1.816509648706658,-1.566731115148519,-17.537474437154195,-0.10502317989651523,-0.15603251488304934,-0.08554044444064357,-0.6772780700050436,0.0031258785995882652,0.26027896862419453,0.00013768471801156755,-3.140760499652014,-0.00015878066402482525
10.442547082901001,1.6003283235335484,-1.9334243287149302,-17.589079755343008,-0.09585581596584192,-0.16145666022386979,-0.08442250527063758,-0.6772898289529397,0.0031439864661936536,0.2603103379532863,0.0001053175235677345,-3.1407102310201913,-0.00020272870060577267
10.452584028244019,1.43020733414721,-1.7951438979375243,-17.61567850894181,-0.1020692228125692,-0.16687379194261326,-0.08010970281361211,-0.6772885363015659,0.0031178779825901397,0.26030145405261546,0.00010409058464700233,-3.14070241666779,-0.0001446878214871942
10.462616443634033,1.8268630442059337,-1.7468638592448373,-17.69484879352894,-0.10461663794961176,-0.1597395079310529,-0.0861017735014308,-0.6772705827624295,0.0031294292390439647,0.2602814047819806,6.641375331870978e-05,-3.1407772120824626,-0.00018778204826299465
10.47261095046997,1.6699446716112882,-1.9125132145918575,-17.584979196858775,-0.09574238388497125,-0.16312420711771547,-0.07595170652118996,-0.6772749730041411,0.0031269358150953887,0.26030422240029644,9.876571922255137e-05,-3.140720589011527,-0.0001525782044404198
10.482595443725586,1.7713618336635393,-1.6663171602915272,-17.53473376836847,-0.10218023124573422,-0.15976348291782727,-0.08216308182775169,-0.6772760632466388,0.0031332807350210154,0.2603148126526939,0.00011199679333735324,-3.140724195516492,-0.0002119335954451166
10.492719888687134,1.6001690840974936,-1.615512460171832,-17.743171073657127,-0.10464590730227631,-0.1641105283837692,-0.08544323552320385,-0.6772871054036586,0.0031135288343585397,0.2602999466545625,0.00016393132220250258,-3.140713039259927,-0.0001741518183308341
10.502630949020386,1.7744901490849578,-1.6057349583979565,-17.58588325607797,-0.10205051119144065,-0.164834320963362,-0.08919140548177133,-0.6772772266085972,0.003113059000963476,0.26030723535596995,0.00016324267379945928,-3.140706651475574,-0.0001501801850129818
10.512553215026855,1.4825469733708894,-1.9872050424714602,-17.666416714391655,-0.09608975931183819,-0.1721063687991487,-0.08117515893899817,-0.6772816758945686,0.003147835914342106,0.2602999233064806,0.00010590734184412083,-3.1406910805669495,-0.0002154843813348289
10.522657632827759,1.329440401808609,-1.70745830849401,-17.68908924893275,-0.09929806738130043,-0.1718002237102816,-0.0813902360366158,-0.6772679116466553,0.003124240071043213,0.2602746006365193,0.00013107466380026574,-3.140769667607754,-0.0001633487496704016
10.532646894454956,1.4959862293143216,-1.8894885750376595,-17.69730127811072,-0.0960675520472362,-0.17005503234045025,-0.08342331701468295,-0.6772780830832569,0.003153181298129228,0.2602836799025117,4.747594600547684e-05,-3.1407256940356376,-0.00024934101191436927
10.542637348175049,1.8062544782037855,-1.7357177748130577,-17.513701372732235,-0.10442335707723008,-0.1662263309162505,-0.08689498021679024,-0.6772881020775481,0.003135287565581849,0.260303501374311,2.9394646758992503e-05,-3.140686267706714,-0.00017122194277187862
10.550592422485352,1.4821145246526601,-1.5495078457714044,-17.47887008415136,-0.10426281099686373,-0.17304362871417137,-0.08907186384769776,-0.6772739066979201,0.003127307655319198,0.260263706663986,0.00011205874675234589,-3.1408048416983028,-0.00018039742113388224
10.560712814331055,1.7366225163403854,-1.5967812888773283,-17.548357887585578,-0.10377501154279058,-0.16767163092183274,-0.08426771112593384,-0.6772719210753977,0.003105138059373113,0.2602905884918036,0.00013627078434739714,-3.1407397310592757,-0.00011344275078803018
10.5686674118042,1.8358656048512043,-1.7546618281774427,-17.53042982991186,-0.1024240710381026,-0.16556602566719264,-0.08947961399584604,-0.6772786373536444,0.0031135448412982153,0.2602769968351542,0.00017900257685963704,-3.1407586962003538,-0.00027926598454544913
10.578643560409546,1.7343820859759915,-1.7516606503700427,-17.54778839201253,-0.10137755683460492,-0.16857867334392718,-0.08445831768695464,-0.6772842963889444,0.003103176177939792,0.26026576854349753,0.0001628627889087967,-3.140741361553516,-0.0002205001120169625
10.588588237762451,1.6727890066990354,-1.948595835397209,-17.49967192652968,-0.09735411889734046,-0.16799845012460327,-0.08619108755005216,-0.6772938691941338,0.0031496420891964473,0.26034400063920815,1.5325826756703452e-05,-3.1406044902468198,-0.00026263021291150204
10.59858751296997,1.6266063772888042,-1.7928212312692462,-17.80565849903398,-0.09919807793722064,-0.1720483885838919,-0.08124798130061889,-0.6772620479275527,0.003122715990026576,0.2603085152544866,0.0001447236578383412,-3.140709984059332,-0.0002238529666701966
10.608641624450684,2.051122576678458,-1.6102722326493832,-17.449690580547017,-0.10257809643984768,-0.16437673370760839,-0.0897957501805107,-0.6772755600582703,0.003119886744463527,0.2602905126242854,0.00012424599480792095,-3.1407458067325313,-0.0002506139195053613
10.618656873703003,1.550070186046793,-1.7820209786646888,-17.592090369289092,-0.10382606650122399,-0.17332750761338406,-0.08371467152379632,-0.6772829384840868,0.003110113964310975,0.2602690126699731,0.00018253296163804088,-3.140781832856004,-0.000239029742611721
10.626655340194702,1.77237659404035,-1.6286909337256315,-17.56098449777803,-0.10438919144717393,-0.17057934989787954,-0.08199970009374934,-0.6773060353921492,0.0031121034512311837,0.2603548605719037,0.0001147545576538869,-3.140583335158694,-0.00022371621639343293
10.636637449264526,1.6489072522524442,-1.9420539534943062,-17.805583750641294,-0.09756247981233852,-0.17473655689741038,-0.08882311967089164,-0.6772941941617737,0.0031337595450615643,0.26028912202567583,0.00012482663723146706,-3.140680579345912,-0.0002569998045400212
10.64658498764038,1.6484926756510714,-1.8413439969367744,-17.75223138479063,-0.10016938902370562,-0.17137974157663222,-0.08595590470811934,-0.6772834374492801,0.0031125428898081003,0.260276407290338,0.00011773859206530587,-3.1407387980404127,-0.00019315835972646904
10.656555891036987,1.6058302731812528,-1.8135827011951369,-17.538412280242763,-0.10159238706374335,-0.17389688185178026,-0.085382093851049,-0.6772686767676921,0.0031558292305462507,0.26026728543440464,2.730266559467096e-05,-3.140758806684585,-0.00021945255464907474
10.664586544036865,1.6654769186524234,-1.854684020208235,-17.51982865804555,-0.10281902941131367,-0.17597405255923868,-0.0844802363229499,-0.677277139977377,0.003130866416250405,0.26030234668982977,0.0001001972540822557,-3.140727171245218,-0.00016959934614428642
10.674588441848755,1.7946828792028902,-1.6323882228110151,-17.714443847719004,-0.10605945105697194,-0.17231100116463818,-0.0817435689642695,-0.6773017948272368,0.0031437680769515375,0.2602882804871912,9.843542017298344e-05,-3.140683097524573,-0.00016461347806996188
10.684654474258423,2.286579342011554,-1.5455495394361236,-17.488733989138943,-0.10800595389860519,-0.16306782906849046,-0.08986003532335066,-0.6772766735417416,0.003105825677701483,0.2602325546620442,0.0001390207867649767,-3.1407965553298047,-0.00023385944455188884
10.694614887237549,1.6907210404850799,-1.7653323687846822,-17.37149009687077,-0.10123580885651495,-0.1741495475327662,-0.0851146837613188,-0.6772745411512865,0.0031164084173280217,0.26029638807099903,0.00016338368295177704,-3.140719410253081,-0.00020786787463640348
10.702844381332397,1.8079263715387885,-1.8145525030411693,-17.52359123932673,-0.10576971523801008,-0.17458015605967647,-0.08674673720681253,-0.6772849666595119,0.003115759960234764,0.260286857108109,0.0001624033918105703,-3.1406865636843273,-0.0003023173593338212
10.710606098175049,1.677639577299471,-1.7609829059160398,-17.50603405709223,-0.10585668995896376,-0.1740954758227462,-0.08395624046125409,-0.6772574691786691,0.003120375182518874,0.2602750952709219,0.00014315856580655116,-3.1407779838537606,-0.00026144234784220406
10.720585823059082,1.7346233322369133,-1.8074564560420918,-17.401584917442776,-0.09783693317285685,-0.17075805295253502,-0.08367061399769242,-0.6772768098303438,0.0031046849761763354,0.26026962016689603,0.00019634623776425145,-3.1407609294624144,-0.00022649746319194743
10.728691339492798,2.047443183637035,-1.6446424841738123,-17.37477712652844,-0.10614202176404394,-0.16954154232813992,-0.08421909753385691,-0.6772742718274538,0.003089447661019963,0.26026300737937197,0.0001836596235926927,-3.1407686974059983,-0.0001704213054746973
10.738592386245728,1.7083284212987244,-1.9078519218567116,-17.658603015449227,-0.10060439519567194,-0.1727453116719027,-0.08428382951436858,-0.677284025494322,0.0031211863273754707,0.26031457150761594,9.229482674231927e-05,-3.1406750896467637,-0.00022067998033953708
10.74662446975708,1.8060182362066224,-1.703707282852073,-17.695240593110114,-0.10498710343896904,-0.17189948471315739,-0.08408109867171333,-0.6772770344102629,0.0031076313441762314,0.2603101127381966,0.00017056089924743004,-3.140722068736484,-0.0002843446353376549
10.754628658294678,2.1373288025353223,-1.8294928234542402,-17.527172814318757,-0.10288465225908064,-0.16203479124718692,-0.0856875262071532,-0.6772675404978026,0.0031148847076864377,0.2602816197960517,0.0001002305863618431,-3.1407711299134395,-0.0001896660098080083
10.76267957687378,1.491501887677048,-1.6558946326131727,-17.626138832994286,-0.10689830834112123,-0.17630697036263113,-0.08639122411568281,-0.6772716820421658,0.003109639821134011,0.2602653261034083,0.0001804389012252727,-3.140785607363637,-0.00017044270275446392
10.770620107650757,2.098108780952332,-1.4088981704868035,-17.55252398069903,-0.11448184960590789,-0.16224595593701985,-0.08991480397341022,-0.6772890340195018,0.003108429170481663,0.2603027481003074,0.00017622380900394216,-3.140683994844097,-0.00022466134215579398
10.778627157211304,1.618120116335334,-1.5370019979783625,-17.66794400660669,-0.10833072274713072,-0.17240590307526404,-0.08421359731456303,-0.6772712314858909,0.003136511017200638,0.2602952464673855,9.172168654558908e-05,-3.140710383944936,-0.0002687521651082948
10.788660526275635,1.6553529209112559,-1.6946223215528555,-17.47518301812564,-0.10602304177676053,-0.16870440853927043,-0.09037332620414283,-0.6772766936894402,0.0030996137191847783,0.26028809488854454,0.00017096750512871317,-3.14072300597129,-0.00020509704342362085
10.798722982406616,1.8473723525389454,-1.6041202147139133,-17.453197838423833,-0.10668942440026086,-0.16637891248433292,-0.07956630780753944,-0.6772777861963298,0.003132407710734284,0.2602700021037749,4.0674743772593635e-05,-3.1407496942040174,-0.00016971661747079085
10.808596849441528,1.8162457367858813,-1.6651930485908775,-17.462984707818382,-0.10342390060548709,-0.1680842931396374,-0.08377521279525275,-0.6772817634783471,0.003125878129970681,0.2602699860800728,9.203358482281202e-05,-3.140711665507916,-0.000194052028795231
10.816629886627197,1.4727117630811897,-1.5607155112294182,-17.55496926014068,-0.10692784806290948,-0.17077687717778214,-0.0778259605182258,-0.6772716156838707,0.003128787148785001,0.26025164860285516,0.00013148505997655704,-3.140773873895199,-0.00022215742085930312
10.826584577560425,1.9182418735095415,-1.6400119620125628,-17.45670986837042,-0.1030399984350626,-0.1647244865802417,-0.08470456443827123,-0.6773017428532728,0.003117988182284174,0.2602766424241496,0.00020085618339048296,-3.1407185070532586,-0.00022581175435464534
10.836585760116577,1.4861108686646174,-1.7327427773015156,-17.576706263560723,-0.10576565497457464,-0.17295285999118923,-0.08678596373675802,-0.6772626377787508,0.00310671657813779,0.260269274605907,0.0002072056622428168,-3.1408059766342684,-0.00019296413536119546
10.84659218788147,1.8586720797649812,-1.6514644620257835,-17.61045707985661,-0.10598513614174979,-0.167663203238398,-0.08369562803268234,-0.6772851573406644,0.00311584846974182,0.260275733851197,0.00016868810996798283,-3.1407400076705336,-0.00028524864539842144
10.854691743850708,1.8045854191384159,-1.4369675451924624,-17.429164050211995,-0.11091728731060176,-0.1684336860694127,-0.08777233663773984,-0.6773009412077903,0.0031094525502885872,0.260326397399855,0.00012441843564246327,-3.140639134108793,-0.00016516050136264077
10.86463212966919,1.3707254313589923,-1.485124477725849,-17.657322449989717,-0.10760330626768809,-0.17283888267032904,-0.08219244987175126,-0.6772728969159594,0.0031318335752901615,0.26029272309688833,0.00010592882318536385,-3.1407128274670217,-0.00023969798777370886
10.872600078582764,1.7831898939046344,-1.8628876882131846,-17.534430311103858,-0.10155758053465022,-0.16644121690545394,-0.08449466379093434,-0.6772799889878968,0.0031430340821099654,0.260276827683636,6.656681524139844e-05,-3.1407019170213206,-0.00017278228943743692
10.882637023925781,1.7533963471257012,-1.4923307244730808,-17.50055714018798,-0.10766592366100872,-0.16626690287821785,-0.08665848550577218,-0.6772699058340448,0.0031438612479927396,0.2602957401778512,9.193023065438457e-05,-3.1406923804592797,-0.0002217604520701099
10.892688512802124,1.4944083123414305,-1.6187988910421949,-17.60382419331152,-0.1057042812261096,-0.17032853160123634,-0.08042834552660252,-0.6772609628192329,0.0031183060613063735,0.26026335566697445,5.2295480297677274e-05,-3.140805738141932,-0.00011117437888610437
10.902591943740845,1.707169590603712,-1.9248471817695454,-17.584762560813942,-0.09925496221629439,-0.16693450900909496,-0.07853520710880033,-0.6772721169463103,0.003123483073124116,0.2603069036373733,0.0001779162568762191,-3.1406832965082776,-0.0002629795588052801
10.910640954971313,1.8141381280661373,-1.3938394117367743,-17.446835833691946,-0.11386889074634554,-0.1593286358164359,-0.08392079727042256,-0.6772847097729814,0.003126482182173736,0.2603011145292658,0.00011116305895941007,-3.1406846551242737,-0.0002175232046153691
10.918574810028076,1.5830497963165484,-1.766268899754321,-17.615258451173275,-0.09981215724732441,-0.17208220039520955,-0.08233285973348617,-0.677279605670892,0.003148592097640859,0.2603159636628103,8.06972834467465e-05,-3.1406488963014425,-0.0002481109016649166
10.926702737808228,1.5589263733101588,-1.6611917471144608,-17.469960993197272,-0.10175972910049556,-0.16601875733601504,-0.07969908914553477,-0.6772826673048753,0.003105408823190167,0.2603065834951175,0.0001522500364711475,-3.140689082275631,-0.00028793735425035224
10.936654329299927,1.4729256472391394,-1.4945082200024762,-17.4560211923624,-0.11012189214827783,-0.16706266333254197,-0.08017584570326432,-0.6772691708144862,0.0031399605256479243,0.26027315033360227,9.833955330942326e-05,-3.140754963109621,-0.0001878911903321597
10.944645166397095,1.671616359635087,-1.5913968369985676,-17.770984398757545,-0.10153185755085942,-0.1628892437514103,-0.08277837108370698,-0.6772903284721211,0.003131775351939626,0.2602735587290383,4.1452179789777984e-05,-3.1407272807766162,-0.00017699779097405126
10.954603433609009,1.719132701387529,-1.5728104573330814,-17.51527398346717,-0.10950715847289956,-0.1618409985433056,-0.08192193927943063,-0.6772884281311398,0.00312079972724269,0.2602965895308587,1.4738021398991342e-05,-3.1406757845921183,-0.000246240132469605
10.962644338607788,1.3354165546063725,-1.6381532455415109,-17.43126677803124,-0.10419264493146045,-0.16893418801997107,-0.07401761503591513,-0.6772844675056953,0.0030895952345765033,0.2603114851553217,0.00018936083322497645,-3.140642426770466,-0.00021646799337217578
10.97260046005249,1.7747196820742828,-1.5402689302529342,-17.532645171376142,-0.10852248870609889,-0.16112224943371298,-0.08815937824925382,-0.6772880495405476,0.0031266477409159586,0.2602833075304443,4.8657312378910796e-05,-3.1406767592790477,-0.00016636169101079946
10.982626914978027,1.8109760854950268,-1.2636524684343062,-17.415847193657328,-0.11152381364837827,-0.16031723349266921,-0.08247669637623295,-0.6772832058642048,0.0031518306351101116,0.26030310129670226,0.00010508533333261269,-3.1406901315093547,-0.00022272092249199833
10.992602348327637,1.8459633481783013,-1.7011978144141902,-17.43906114694688,-0.10237017379151217,-0.15678940980061634,-0.08372736796069394,-0.6772769262987645,0.0031293681776743973,0.260277642960028,0.00010638977324424781,-3.1406966643274172,-0.0002393458072968487
11.00268030166626,1.5100670833945624,-1.977870862371544,-17.557160669118247,-0.09617605727810831,-0.17286520951887108,-0.07957139970979607,-0.6772845030988496,0.003136471954068406,0.2603152739355358,7.558395608782021e-05,-3.1406329768749517,-0.00021956254699642168
11.012579441070557,1.9591754667331132,-1.7629392440165632,-17.59345875738578,-0.09984881829326478,-0.1557273462148876,-0.08318282447490832,-0.6772754436938752,0.003120164683875422,0.2602699681037658,0.00016351720741776958,-3.140751553791002,-0.000208088742329208
11.022532224655151,2.0765883233398554,-1.5687707839577962,-17.519598794217345,-0.10806719491584582,-0.15982843343501568,-0.08543443573370568,-0.6772802613065764,0.0031126068514084875,0.2603151344992509,0.00015526230594143175,-3.140673433598662,-0.00022576479511630476
11.03268814086914,1.6473632910242935,-1.671719802889767,-17.53421286875415,-0.10360797121730797,-0.16548604959440946,-0.07872579737080755,-0.6772742251826251,0.003135801403246876,0.2603296446627884,0.0001424539221091289,-3.1406643087022266,-0.0002624157208561673
11.040617227554321,1.937597281386243,-1.6125361348935288,-17.567373958261406,-0.10760049603480762,-0.16175938447127025,-0.08516964313433292,-0.6772810149692227,0.0031262509781787625,0.26026092281753016,0.0001201902089165065,-3.140754049526893,-0.0002546130234213124
11.048668384552002,1.8420251172006008,-1.5201796719068668,-17.44532465800651,-0.10775842599399299,-0.16533775159862696,-0.08065568231979352,-0.6772729564686933,0.0031104760143301196,0.26027326577485066,0.00013144981883995454,-3.140734042342383,-0.00011507318930757527
11.058642148971558,1.6926637248910223,-1.9305923559100833,-17.46469353207827,-0.09697248593345606,-0.1693374503737659,-0.08343165797654174,-0.6772844013277816,0.0031561210635964363,0.26024289623465857,1.5856153768809303e-05,-3.1407388710926574,-0.00022566579165269284
11.06859564781189,1.6525879241152606,-1.7654217483691346,-17.504631575757347,-0.10248323088035198,-0.1742314135569015,-0.08295300169303975,-0.6772750212906461,0.003119936972247654,0.2603159060976329,0.00012943258266395622,-3.1406446576561122,-0.00014394576168067118
11.076595067977905,1.8917580329733714,-1.4907753817425873,-17.47085111744542,-0.10536661001064328,-0.16806428533619414,-0.08664470974199003,-0.6772741876727988,0.0031417130032502733,0.2602921473824405,8.505114560200662e-05,-3.1407018789245678,-0.00017061808761735135
11.086607217788696,1.7551872506411705,-1.9325168726764974,-17.56470465464108,-0.10065932478145206,-0.17256486523220835,-0.089768461387655,-0.6772833409480119,0.0031405112490155737,0.2603110129590146,8.592716265130876e-05,-3.140653040306772,-0.00023454211776572048
11.096686840057373,1.7363553503125169,-1.5627802868885472,-17.248365032487527,-0.11078874529429467,-0.1721387896561463,-0.08630876062954966,-0.6772668996086125,0.003118478101498565,0.26028902212606303,9.247522494603071e-05,-3.14072526345416,-0.0002638788680562532
11.106597661972046,1.8352347139929404,-1.4793340654236473,-17.354360670823343,-0.11203390329860938,-0.1738664358581856,-0.08488210337281918,-0.6772775590687555,0.003125684717508337,0.2602822338485827,0.00010628643630990844,-3.140693666397075,-0.00017999778971359667
11.116705656051636,1.8890145309320998,-1.5267598192943985,-17.570867794739378,-0.1084525790134991,-0.1747135906271217,-0.08526059729163701,-0.6772730214854045,0.003118833550883795,0.2602724499728616,0.00013134181565178712,-3.140750087111606,-0.00024138863661798108
11.124659299850464,1.909085726261438,-1.5742650789578532,-17.41316658041069,-0.1067679369334127,-0.17102230389203266,-0.08930776495718482,-0.6772825818938532,0.003121285801522271,0.2603135543463169,8.738630349561897e-05,-3.1406528631796067,-0.00023457525092346595
11.132671356201172,1.952357780783952,-1.5197063084589217,-17.462493316970708,-0.10918000984050727,-0.16955949393626996,-0.08522352874575886,-0.6772837539127151,0.003114793877482339,0.2603047592539679,0.000124805202279617,-3.1406646875947857,-0.00017039396770164675
11.142585277557373,1.557494052331417,-1.8231653920820468,-17.50670868093058,-0.10471141140020633,-0.1798402394187968,-0.08267285930703165,-0.677284120427324,0.0031287073789017616,0.2602689491093432,0.0001642111986270031,-3.140690352767014,-0.00025357378719513215
11.152608394622803,1.992428614708122,-1.5924595228085279,-17.301289186747358,-0.10290055669891122,-0.1707871980331155,-0.08264316194290486,-0.6772743338620908,0.0031381951830139307,0.2603221193154208,5.5339725750968775e-05,-3.140636296112128,-0.00023298693783212646
11.162572860717773,1.9798709695479009,-1.6965732517364012,-17.5374100144053,-0.1070373981318055,-0.1756783990663235,-0.08467012328955262,-0.6772752728154154,0.00313474327005461,0.2603098510637733,7.337435691112535e-05,-3.1406510988542875,-0.0002472624922493323
11.172636032104492,2.145270009588504,-1.5830378813581565,-17.362218617514515,-0.10865179302125015,-0.17123481195576698,-0.08991214600330052,-0.6772949917271013,0.0031519615236437135,0.26029700864452365,2.091034262984918e-05,-3.140654469849574,-0.0002798838022853301
11.182608127593994,1.6866066180155461,-1.815735682770349,-17.427942276374285,-0.0992906906248807,-0.17837837966248016,-0.08359496939077345,-0.6772635622257578,0.003100235648369609,0.2603140439213742,0.0001065940453483695,-3.1406943743724662,-0.0002211764916221445
11.19264268875122,1.3633847206173466,-1.9465004472146288,-17.719984141603522,-0.09735678465164943,-0.18619097374411903,-0.07809181446170838,-0.6772808246253886,0.003124740168557007,0.2603006987722156,0.00013825876058734234,-3.1406783459276086,-0.00020497281045440087
11.200668573379517,1.3963965151042168,-1.8275530751157714,-17.4901044727485,-0.10120483818660109,-0.18706052797422174,-0.08424116210847314,-0.6772795261058172,0.0031302821414083176,0.2602602705681751,8.06127368815749e-05,-3.1407446596694717,-0.0001834585925913359
11.210805416107178,1.4655600872910037,-1.5476185124094595,-17.396117127086292,-0.1096073847795985,-0.18705022512712058,-0.08191484449575215,-0.677295386651158,0.0031176735648532758,0.26029874487386134,0.00015716313444184463,-3.1406489939942857,-0.0001830880762118331
11.220596075057983,2.065536889022992,-1.5783588148777905,-17.432951528369692,-0.10337399374770695,-0.17450947107123416,-0.0819450461286674,-0.6772744923268121,0.0030994731389840245,0.26029851473081295,0.0001577615482701227,-3.140683306580879,-0.00013145327316564745
11.230868577957153,2.0476671191817077,-1.8588542271421633,-17.404928039334646,-0.10254518568220516,-0.17511259772970253,-0.08365903160388459,-0.6772841806088125,0.003131981728429798,0.26030607754412477,0.00011088513249887023,-3.1406381683510616,-0.00017885755574287347
11.240736484527588,1.7535938238891988,-1.6907843105630245,-17.462922723930657,-0.10101108739153626,-0.18201677454705106,-0.08668529185258354,-0.677291971954726,0.003120983192921179,0.2602830520722849,9.769598708515961e-05,-3.1407073160093564,-0.0002629023285361778
11.248645544052124,1.8614045252888256,-1.9527494117062252,-17.53929725303238,-0.10003453509271952,-0.18172812371234212,-0.08231390567148197,-0.6772790962360641,0.003117227697421086,0.26028385961170386,0.00010597176936291743,-3.1407153534201377,-0.00020751142941310467
11.258576393127441,1.8517838140009717,-1.615628429761517,-17.588232688214436,-0.10460572177318946,-0.18109746526275897,-0.08044127387790198,-0.6772816464381476,0.0030967299967831533,0.26029266365372594,0.00015881159566495472,-3.1406664197594525,-0.0002491069475765037
11.266567468643188,2.3271134448334494,-1.9029094509195037,-17.407521389854015,-0.1015492155208394,-0.16946823906041159,-0.08472937203782478,-0.6772793859760796,0.003128810350449831,0.26027439249169193,0.0001344333332951286,-3.1407295034839033,-0.00019608208421330656
11.276642084121704,1.839214156436233,-1.4897951080845067,-17.43091912525013,-0.10712066189417904,-0.17887124122340228,-0.08400006125451911,-0.6772824124694784,0.003134085295806895,0.2603232618806948,5.5076277961984964e-05,-3.1406435209368473,-0.00018495060564097075
11.286582946777344,1.949856828583835,-1.57938136778093,-17.345674264798447,-0.10764212930459911,-0.1816799399840511,-0.09188395603970592,-0.6772814880081967,0.0031192678157374288,0.26030070039346587,0.00015702187247408592,-3.140671791607862,-0.0001543456468667347
11.296668767929077,1.5700098161433558,-1.6954269276573002,-17.447567842018678,-0.10763595726888983,-0.184526808752201,-0.08045084784639725,-0.6772909612820901,0.003130450097624751,0.26032228363727616,0.00017788891866459724,-3.1406406003149003,-0.00032503451963820695
11.306572198867798,1.7015555983828443,-1.8734714988750791,-17.460708713528657,-0.09548837700792706,-0.18499186139584398,-0.07608861309458931,-0.6772828741878392,0.003093662907443071,0.2603014916374617,0.00012119791731505867,-3.140661750652328,-0.00019796647528531904
11.316574811935425,1.8813659342000153,-1.7646508945256716,-17.605560031513665,-0.10095084742012213,-0.18216484465510566,-0.08418847529981242,-0.6772838272706275,0.003121065137802037,0.2602641764503575,0.00017609562704986226,-3.140702039018027,-0.00016576841568503406
11.32657527923584,1.9548505379594725,-1.5936581654325912,-17.66797968375788,-0.10191260307354866,-0.1776137617969895,-0.0876778471252178,-0.6772690119284838,0.00310379230947393,0.26025895883704664,0.0001002104997744729,-3.140749773821972,-0.00019617832472944017
11.334619045257568,1.5849457711421349,-1.6922888347309617,-17.507233778338986,-0.10206597998774171,-0.18278449521098658,-0.0843148115790073,-0.6772781973356933,0.003092379352060135,0.26031003750028037,0.00025541995342812394,-3.1406404152259872,-0.00024608844017093447
11.344621181488037,1.7709622504544733,-1.8158053922208492,-17.53554806831949,-0.09686577620329774,-0.18289269692700047,-0.08050925581962315,-0.677296637775688,0.0031558215090431788,0.26027138074891765,5.419715103864906e-05,-3.1407247888501617,-0.0002305980291916055
11.35257887840271,1.431073137995897,-1.9112350815869614,-17.476574586648255,-0.10150266597600704,-0.19552439326534882,-0.07914638673744201,-0.6772789237311918,0.0031343618857906717,0.26027633386517435,8.465871166565238e-05,-3.1407546072290637,-0.00019500165188870267
11.36061716079712,1.6919496555263505,-1.653555173677485,-17.665942307443395,-0.10392583939781479,-0.18777749491981227,-0.0781002481510847,-0.67726935690765,0.00312830311113695,0.2602873257696353,0.00017060678820941837,-3.1407039856074435,-0.0002447172937505072
11.368653774261475,2.0841061770695095,-1.6550997497990354,-17.58550152088508,-0.10151246007124275,-0.17829942922903272,-0.08370905186393837,-0.6772825736509457,0.0031012439784097127,0.26029996368231384,0.0001712144681338638,-3.14067796322005,-0.00022645630571131213
11.376561641693115,1.8407226629739346,-1.6361830192809512,-17.525925988154658,-0.1034414873736788,-0.1827311186459166,-0.08732751501054752,-0.6772858111016985,0.003110950660862467,0.2603133879053607,9.278437543854605e-05,-3.1406352487936253,-0.00019433911395359398
11.38463568687439,1.534916824301387,-1.5543484335931925,-17.490088405647015,-0.10341731188477805,-0.19377690837328262,-0.08371551631149374,-0.6772857331775303,0.0031016695083845316,0.26030112969021835,0.00020195799159322661,-3.140668430389928,-0.0002157909377299138
11.394596815109253,1.770992323021787,-1.393438819047883,-17.53856288806658,-0.10630008749108434,-0.19009699396985683,-0.08490640095398581,-0.6772933069407344,0.003121837110767455,0.26030932975137944,0.00024184941077115934,-3.140631678521068,-0.0002612962017066226
11.402586460113525,1.9029390863302893,-1.681486850194611,-17.558655175255616,-0.10436180777538333,-0.18778101545104064,-0.08266555790129826,-0.6772916276684308,0.0031298758611230564,0.2603015181449154,0.0001263919134960213,-3.1406577696477744,-0.0002574628240959488
11.41056489944458,1.3485784118174502,-1.8291998735430821,-17.722505326565237,-0.09715655222918283,-0.19670413425281646,-0.08912472907900901,-0.6772906208991375,0.0031603218638474304,0.26028309390236604,7.883242512868896e-05,-3.140658221403298,-0.00020596844096906395
11.420578241348267,2.0653273366491156,-1.548887465856454,-17.560989212539997,-0.10526064510682596,-0.18404839796235842,-0.07874582158356988,-0.6772829057828775,0.003122090430726726,0.260308204026054,9.970015946202523e-05,-3.140635855385502,-0.0002521425241107241
11.430554866790771,1.854534535987111,-1.4230295396694652,-17.637844220458987,-0.10825879899485082,-0.18820333204266912,-0.08658386794297997,-0.6772888993298168,0.003157866298899394,0.26028889327499083,6.653188157076305e-05,-3.1406761632969595,-0.00021253461088225633
11.440641641616821,1.870335934957413,-1.6463247960397906,-17.572263281200346,-0.10619421650997633,-0.1908395132273822,-0.08169279760773364,-0.677270762184388,0.0031171556831529803,0.2603186569724381,8.046511900063012e-05,-3.140673222169198,-0.0002471354113176388
11.450694561004639,1.5292435137127725,-1.5251222785899352,-17.68995281378871,-0.10477533373839978,-0.19975289569071508,-0.07681931742337855,-0.677266191317557,0.003130115602881794,0.26029212771751215,0.00012603126170749473,-3.1407302643847146,-0.00022874707130707172
11.460665702819824,1.757058220295553,-1.3797280657635607,-17.491601985630712,-0.11127585015798273,-0.19792904562610958,-0.08827431537111198,-0.6772741598804225,0.0031288065783255273,0.26030074985068724,4.8649896073240966e-05,-3.1406686468625424,-0.0002484331471549032
11.468629121780396,1.964964972109295,-1.9026280284968935,-17.51914744143296,-0.09770265308388437,-0.19164908567476843,-0.08404273894218187,-0.6772964547916628,0.003128668831694908,0.2603236229361311,0.00018476392988763855,-3.140619428995889,-0.00028598863587239357
11.478619575500488,1.918325349468805,-1.6530805825238655,-17.64693230295877,-0.10029060995261425,-0.1908842047003892,-0.0829579533008866,-0.6772794229715826,0.0031182896462448014,0.26029342750717777,0.00018973855428816615,-3.1407102498916313,-0.00027574033742326225
11.488532781600952,2.0348166785112634,-1.4600396141956218,-17.403404480985024,-0.10876079727063723,-0.19105851768761642,-0.08310444607242357,-0.677285266428553,0.0031487292732373514,0.2602793071173213,6.658892046114504e-05,-3.1406934828446813,-0.00024812559771198687
11.496635437011719,1.7584371958200173,-1.6540570002079662,-17.567923411577787,-0.09931118558851243,-0.19608465927222143,-0.08549307178436351,-0.6772756234891004,0.003156361264145054,0.2603007124077429,6.662853920872429e-05,-3.140665660972886,-0.00023571607574518724
11.50663447380066,1.9723207261833555,-1.530835343276083,-17.44439902033305,-0.10512657599259277,-0.193322012863243,-0.08150995369221188,-0.6772787558066922,0.0031545202112573277,0.2602680550653813,2.2566812475449868e-05,-3.140706377165979,-0.00022931878536282444
11.51668119430542,2.06248555453636,-1.7703043433536614,-17.547181744677683,-0.10214550974248364,-0.18969922485623913,-0.0792184679553363,-0.6772786588780019,0.003111399879054648,0.26027982755040846,0.00015758652269059892,-3.1406700828015905,-0.0002600248590527601
11.52464246749878,2.1334705212656626,-1.6274204559383365,-17.53208921721735,-0.10233918505163121,-0.18900952480107291,-0.09052188223042501,-0.6772684624056928,0.0031235073073281223,0.26029763674864176,3.6660397045319635e-05,-3.1406779722261824,-0.00018043148572664228
11.53453516960144,1.7768320418510952,-1.6479355475210964,-17.573309465974074,-0.10540467151998964,-0.20001543288485021,-0.08243827144306076,-0.677294282163923,0.0030901924656313432,0.26028617223605366,0.0002111996600665477,-3.140662152026223,-0.00019782208541140324
11.542665719985962,2.184927685283217,-1.498624033662655,-17.419145047106966,-0.10383686356904676,-0.1879355840768464,-0.09161071921552946,-0.6772927453796218,0.0031296043677268527,0.2602907513002417,9.297889268884143e-05,-3.140653323189686,-0.00028701165496618447
11.55265212059021,1.6161710975879953,-1.6448959052802987,-17.53921399021303,-0.10093439716936138,-0.19762349553976188,-0.08235155681339093,-0.677295593054552,0.0031112449177266442,0.26032875477581136,0.00018299301282480483,-3.1405722213965186,-0.00023374549096771892
11.562596797943115,1.6406601276503034,-2.0103852636518336,-17.57976943248471,-0.09175293056600436,-0.20111076458708615,-0.08432337878627967,-0.6772902547074983,0.00312867872296843,0.26029916270292774,0.00011146426232169274,-3.140660422871047,-0.0002779596093492892
11.572583436965942,2.1219776140438342,-1.5043047037227164,-17.527587852925205,-0.10287607636305658,-0.18894011401220315,-0.08911816105521338,-0.6772875805963116,0.0031059271574909713,0.2603553842845098,0.00013274046710480534,-3.1405444577163757,-0.00023585012799850078
11.58059048652649,1.8106045255254508,-1.6403735149918217,-17.501991931573563,-0.10449520808079862,-0.19293788327016367,-0.07966835904607875,-0.6772912813870462,0.003095808195269315,0.2602873005480726,0.0002030856583348086,-3.1406566092202826,-0.00025227839932848774
11.58857250213623,1.8643432801131856,-1.5239658221983239,-17.527683680393324,-0.10436253750493706,-0.19060876925551082,-0.08062056576186633,-0.67727351305063,0.003109595094312106,0.2602869124784722,8.611705746520234e-05,-3.14068989026756,-0.0002415089314629942
11.596574306488037,1.826541774691857,-1.525870015537196,-17.72286586324855,-0.10702961239926223,-0.19138705992096516,-0.07538551166840986,-0.6772927937012866,0.0031122148356887815,0.26031595130320645,0.00010692325068999226,-3.1406304130973086,-0.0002082071877819523
11.606664896011353,1.898531803142104,-1.7372177538054552,-17.469603557220516,-0.09894355340591054,-0.19160043479637268,-0.07954655006861631,-0.6772986894282584,0.003140291776792795,0.26029144136721694,9.994577179976753e-05,-3.1406228770933557,-0.00019135055147282822
11.61656379699707,1.8544111245483057,-1.5431852646770021,-17.413930293370584,-0.10556055758208606,-0.19307773099818903,-0.0792793151103147,-0.677278546315404,0.0031141634729695816,0.26029399402826864,0.00021420710230803276,-3.140665614002648,-0.00017760289527021507
11.626556396484375,2.2042808612119154,-1.0079321641182084,-17.296534398511696,-0.1159860393454933,-0.18467026805811976,-0.08768246472193002,-0.6772680732084733,0.0030930321065578458,0.2602655337054726,0.00015886735268970994,-3.1407213853162905,-0.00021747014158857156
11.636577129364014,2.439372491231067,-1.1500260523464372,-17.246802955582407,-0.11370280592392253,-0.18031525669781737,-0.09205569137190724,-0.6772700541572065,0.0031064343448103946,0.260255409031197,0.0001315040916979709,-3.140765859060063,-0.0001780798657437685
11.644562721252441,1.5734409878703495,-1.388399831277347,-17.361224395053952,-0.10818920608290773,-0.2013118256207361,-0.08810567231909859,-0.6772787062720528,0.003119154826409597,0.2603099866128311,0.0001692244556115349,-3.1406409348452318,-0.00012601875349724806
11.654623985290527,1.8361302367719703,-1.8646262953296484,-17.41218918332909,-0.09407336198129314,-0.19249976957044757,-0.08273106993763775,-0.677283144460755,0.003142583015537443,0.2602805187156232,0.00012499499651370087,-3.140694336143837,-0.0002547342375576818
11.664568662643433,1.7909869121067177,-1.5301120778848831,-17.493293380156214,-0.103240822844216,-0.1924383618930594,-0.07758982469838935,-0.677289398804313,0.003150926599407669,0.26028594719352793,8.68678345526616e-05,-3.140670337158752,-0.00019525131782810408
11.67455506324768,1.933782385993966,-1.5729784043022113,-17.54326615914675,-0.10342626707379313,-0.18523184905202725,-0.0858780515801549,-0.6772903208406075,0.003094681813475216,0.26029147153267806,0.00021516014514699237,-3.1406408733275373,-0.00019696117023986433
11.684584856033325,1.8840113697487446,-1.6121325281252414,-17.608344448525393,-0.09873821345940265,-0.19098268246439193,-0.08647652231505164,-0.6772943201547617,0.0031549496504057494,0.2603476491034447,8.785604531827768e-05,-3.140547981741189,-0.00028752407098675764
11.692569494247437,2.469502415867685,-1.56434488035601,-17.519683574875366,-0.10805989675265863,-0.17874974809082297,-0.08331590277911557,-0.6772828144979872,0.003102524450633441,0.2602739505771981,0.00019695392599683044,-3.1406948820472254,-0.00014900840218587372
11.7028067111969,1.883079419566118,-1.4806597386554976,-17.461935778268757,-0.1069415663126139,-0.18947206071805017,-0.08459320637139585,-0.67727823692284,0.003113759896574209,0.26029582066298323,0.00013271033384354409,-3.140655658129176,-0.00022657335317224274
11.712620735168457,2.061958930437552,-1.575091152706615,-17.534691144016335,-0.09873105425360762,-0.1862550936331808,-0.0802845447576564,-0.6772867934736838,0.0031476678709994165,0.2603069966986627,7.880554510673219e-05,-3.140627356268671,-0.0002480407092929098
11.720566987991333,2.055692997044404,-1.5560915580355985,-17.525109052514587,-0.10140700712424476,-0.18791115361549196,-0.07720168497061561,-0.6772824156598543,0.0031338320914421087,0.2602973685142327,6.76365989237199e-05,-3.1406462277733658,-0.0003083213219984061
11.728644847869873,1.9293796184528644,-1.668517691524463,-17.555365454189765,-0.09694426813200276,-0.18909282305692082,-0.08567523863623196,-0.6772833192002853,0.0031500101914895694,0.26032113247297106,-9.679260724092345e-06,-3.1406127846111898,-0.00012746863654216356
11.736583709716797,2.308147247616026,-1.489108010334533,-17.39775328924276,-0.10385550811464611,-0.18199576917559518,-0.08543986723067017,-0.6772793767991985,0.0031213322419302125,0.2603095198263038,6.1027508701830216e-05,-3.1406152556323934,-0.00021279927106512844
11.744571924209595,2.1543729691277496,-1.2655155885931364,-17.57332899472354,-0.11387424011819318,-0.1841282331127685,-0.08857879878630406,-0.6772899101902274,0.003108747055290062,0.2603165940223976,0.00014370108143398476,-3.140625274927374,-0.00019530924858605987
11.754568815231323,2.0098010038016922,-1.6061067163235014,-17.685357491972976,-0.09598534316281541,-0.1830431690961126,-0.08324459382618163,-0.6772634918958607,0.0031311729584766594,0.26027932176333335,0.00010650122713652102,-3.140702017924897,-0.0002642649165601345
11.764575481414795,1.8020364892017393,-1.8073044094474107,-17.746763616485726,-0.09836922172627643,-0.18971281752035388,-0.08012349209995887,-0.6772736125486153,0.003109958571736764,0.2602621258829179,0.00014373400144396722,-3.1407313884538857,-0.00018761049749976835
11.774604082107544,1.8942776919361404,-1.833213154509375,-17.80121920655953,-0.09015985048441745,-0.18766541889620755,-0.0843289577613139,-0.6773028213435808,0.003133319568313269,0.2603199300614161,0.00015795847184054164,-3.140546226185539,-0.00026645372716747954
11.78470516204834,1.504566875180046,-1.5862333875987777,-17.69018506566735,-0.10305259447573445,-0.19538069961394602,-0.08029331032846179,-0.6772893849975173,0.003136535688896019,0.2602985955837558,9.98825024465284e-05,-3.1406312688114437,-0.00028720289321232346
11.794612884521484,2.0718221930441287,-1.6729100111755981,-17.659146442907502,-0.09715525740117821,-0.18188653510723862,-0.0808626146957961,-0.6772827320853044,0.0031554550522326866,0.26029521521813087,-2.628034090345293e-06,-3.140633617883791,-0.0001732884116573683
11.8045654296875,2.08668260767137,-1.6359652141992094,-17.57503678056647,-0.09862569151575172,-0.18504650669500783,-0.0859372703765593,-0.6772836122611585,0.0031095973439758764,0.2603051405800192,0.00014389132825218278,-3.1406379377132083,-0.0002254752847152884
11.814653158187866,1.8551020179968303,-1.5530268253765744,-17.746586730083564,-0.10222382540565796,-0.1880735510907907,-0.07992428122534803,-0.6772639242337571,0.0031130829554538975,0.26030555537137096,0.0001643202431312691,-3.140645231815053,-0.00026117049406221813
11.822618007659912,1.6444637506390987,-1.8653276597995372,-17.525702493457217,-0.09361528578621489,-0.1940739076633805,-0.08263776926366935,-0.6772908838244606,0.003141547957973359,0.26024643963664845,0.00010015935711922005,-3.1406905508517506,-0.0002151344791195476
11.83259129524231,1.9261390225472095,-1.6529373676560217,-17.39979578465814,-0.10434725885998927,-0.19130994568425386,-0.08676718282841046,-0.6772815229071617,0.0031379537893539804,0.2602810946182976,0.0001065464191221685,-3.140671077266227,-0.00019485872272766443
11.84063982963562,1.841563806814323,-1.333312066820404,-17.48939277543863,-0.1043614548924255,-0.1891957213915987,-0.08661750344839562,-0.6772684534337599,0.003141993291125005,0.2602905377678087,9.44355828952261e-05,-3.1406836597774377,-0.00025118677870936113
11.848571300506592,1.9564995746706197,-1.5068587645252465,-17.49818512595516,-0.10282981035652682,-0.18756057072417384,-0.08537474056817729,-0.6772812603976175,0.003106714243213305,0.26031705352755996,0.00022281111547374312,-3.1406006613655864,-0.0002970195851085094
11.858585596084595,2.056359171347777,-1.5617413596622585,-17.665716660111798,-0.10134391240016472,-0.18599333316114805,-0.08123389634160968,-0.6772818194714221,0.003143372871192058,0.26028694656082885,7.369310045886245e-05,-3.140653383082055,-0.0001883145990926101
11.866612911224365,1.7426870602962434,-1.5094021934884012,-17.52767865822018,-0.10035551617357676,-0.19441336943816254,-0.07879160733550544,-0.6773057210130923,0.0031162580272194166,0.26028174563826745,0.0001896226212280852,-3.1406476868256026,-0.00025523952044834646
11.876572847366333,2.0526703218326907,-1.5526113645542001,-17.552825516628538,-0.10183033361603787,-0.18865480557578967,-0.08245760003034643,-0.6772818594718862,0.0031303477132773056,0.2602903486374513,9.332768562043114e-05,-3.1406379130140447,-0.00025817007105559723
11.884599685668945,2.006552046963444,-1.315882969062527,-17.632506721529335,-0.1072372353448091,-0.18878372418881376,-0.08257990660889944,-0.6772825420667241,0.003138285447225033,0.26028365138181303,0.00010003888247794324,-3.1406478805798637,-0.00020454566352096648
11.894612789154053,1.7863850561586234,-1.6354982438379093,-17.598591106323653,-0.10128983073307823,-0.1934160776240532,-0.07987053061860157,-0.6772998960285729,0.0031481632023319353,0.260332968031631,8.113275775873371e-05,-3.1405662764878843,-0.0003297180457368515
11.902621746063232,2.2181885401182417,-1.5566454527631914,-17.627965808067465,-0.09910810259626218,-0.1849602486144582,-0.08034330100066459,-0.6772837289301525,0.0031295266746710826,0.2603014241232415,0.00010677440039600709,-3.1406213312604705,-0.0002903131631764422
11.910605430603027,2.3523777337931047,-1.6461288651162505,-17.43251057028739,-0.09530986217920855,-0.18045218892144174,-0.08415742566294773,-0.6772900927529971,0.003145975443957512,0.2602956271509606,8.642663384261163e-05,-3.1406323260597317,-0.00026012157688462534
11.920571565628052,1.862948145744729,-1.7492948999158386,-17.50600766114035,-0.09506387098952426,-0.1947592631010214,-0.08038706322877961,-0.6772866707436855,0.003117049755870084,0.2602853468570989,0.00011170653776570273,-3.1406646593089063,-0.000196951903250442
11.930600881576538,1.5770842487375305,-1.4503596803622527,-17.380458721616858,-0.10382100052138427,-0.19915692799128834,-0.08183219898447512,-0.6772867896884258,0.003108629673407931,0.2602946413638537,0.0001382600615454251,-3.1406246216123703,-0.0002555812169434382
11.938578128814697,1.750962360440258,-1.6173808287824796,-17.60478177049481,-0.09810133608894142,-0.2002606040581525,-0.08110313295821765,-0.6772905662429699,0.0031102893497526245,0.26029221860553053,0.0001723511650019516,-3.1405940020643706,-0.00027983848710758547
11.946654319763184,1.8017256642975938,-1.6035840033422533,-17.554517693889327,-0.09981097294321056,-0.19274438183202158,-0.08157435729658956,-0.6772900748579329,0.0031357134222185835,0.2602894661604279,8.593694570784191e-05,-3.1406205776857954,-0.000224796094189419
11.954662799835205,1.9059516184044885,-1.8681192302950236,-17.765086632891613,-0.09327767267306206,-0.192685232023956,-0.08664821878669525,-0.6772872352015094,0.003130867374832455,0.260304199351207,0.00014215840282408721,-3.1405956396649315,-0.00024737076997169264
11.96462631225586,1.8693825458974251,-1.7097991402820427,-17.78448003895516,-0.09554004635817896,-0.19474673467838083,-0.08467040694169593,-0.6772975291988632,0.003106435399216381,0.26031904100381353,0.00017686571826000825,-3.140599107981981,-0.0002854609169903255
11.974595069885254,1.8671959324329912,-1.5260567200914872,-17.708658155387585,-0.10042082453156664,-0.18927154210588693,-0.08823416632954624,-0.6772964220448771,0.0031287543785926243,0.2603376035230222,0.00010693344850592462,-3.1405349719108306,-0.00031059868679476156
11.984653949737549,1.7646942926904636,-1.7808084376768623,-17.630723686242487,-0.0949213579411451,-0.19742663893441825,-0.08234596667501068,-0.6772931715867696,0.003125551032070631,0.26027369440211945,0.0001253482966972178,-3.1406664672490012,-0.0002635653571051355
11.994609117507935,2.180894718949647,-1.4435612648635698,-17.56116961371247,-0.102892909381675,-0.18585089411595002,-0.08828143517261593,-0.6772778607425106,0.0031258808210298506,0.2602797599210535,8.134353573730346e-05,-3.140659545281411,-0.00023967409723754828
12.004655599594116,1.613060918253792,-1.4657138502379108,-17.633759965756482,-0.10063795396293711,-0.19979125994992344,-0.0816679081415368,-0.6772881159630599,0.0031418073292579407,0.2602809520704719,0.00014619694531341573,-3.1406120603617573,-0.0002999943486888183
12.012652397155762,2.2684439706269424,-1.3569780250572234,-17.52469714913444,-0.10402623692264472,-0.18328362323209682,-0.08584990106883288,-0.6772928999550748,0.0031465776753651963,0.26032482994646433,0.00010650435109031665,-3.1405923495286974,-0.00027316956791298023
12.022644758224487,1.9260938187249197,-1.5794742551238545,-17.797731388306996,-0.09827792994633458,-0.19153185391054686,-0.08306395973265934,-0.6772820912800734,0.003140669461641778,0.26032177522081845,9.328532492551542e-05,-3.14058921050266,-0.0002625376419632983
12.032594680786133,1.7559231553976333,-1.7943622793638139,-17.66178010246731,-0.09354884716394453,-0.19622172312058286,-0.07923585599025149,-0.6772894354146511,0.0031021753122681545,0.2603285135366642,0.00019721866936191792,-3.14058069738687,-0.000250834906278603
12.042555570602417,1.964504028853977,-1.3212037207732565,-17.66181223861642,-0.10664929237054055,-0.19007732778571784,-0.07943570656692736,-0.6773039610940395,0.0031396335566390237,0.26029517496860266,9.332499738426608e-05,-3.1406078995264877,-0.0003420941177526278
12.052556037902832,1.9293613900450521,-1.4765852845629137,-17.574999854598474,-0.10457076613081417,-0.1904349912610191,-0.0833445820550525,-0.6772989416726343,0.0031385336806593806,0.2602874844191863,0.00014391316165148982,-3.1406498466005965,-0.0002813132141456087
12.060537576675415,2.0978549415640857,-1.4027808369378563,-17.662218065361756,-0.10155431771164557,-0.18870584636822957,-0.08478022138170574,-0.6772891350759017,0.003152640815257404,0.260330064211465,-2.054176781841135e-05,-3.140568298570421,-0.000261668900654336
12.068564653396606,2.378194770302996,-1.3299700471936617,-17.570576528854588,-0.10771818717822233,-0.17862955426405708,-0.08945110628024988,-0.6772969066245148,0.003138762666012949,0.26030334197528926,0.00011785414860129612,-3.14061299080997,-0.00025266117572185574
12.07858920097351,2.113993948566052,-1.4093048669831432,-17.652092856696765,-0.10324399242702402,-0.19015651004221693,-0.08526597838116196,-0.6772984267064431,0.0031595397251016955,0.2603149257028507,6.27189365969266e-05,-3.140574045213797,-0.0003385134603780508
12.088587045669556,2.0115315114842964,-1.4605100506006707,-17.52886045280196,-0.10073307547945878,-0.18794283941101408,-0.0829127286621892,-0.6772632604958445,0.003126517416829775,0.2602954047682207,8.108844077374731e-05,-3.1406712546886344,-0.00024744085325944674
12.098571062088013,1.919165660793044,-1.434335700529736,-17.558629407662174,-0.10378827241129161,-0.1904517063668548,-0.08590195372159114,-0.6772898550344031,0.003150352665389064,0.26030053483982624,4.1660676651832734e-05,-3.1406129136775487,-0.00028541620194155477
12.10862112045288,1.9870605848573601,-1.6087235232216113,-17.592794781696977,-0.1016767252589965,-0.1908665802599022,-0.0844366580475292,-0.6772881898470965,0.0031270635529746195,0.26029812164806204,6.928619552576909e-05,-3.140625055329414,-0.00028147916299101663
12.118697166442871,1.7884569813414446,-1.4904883748544249,-17.78482521591354,-0.1042716746319177,-0.1912424563155322,-0.08111687117896689,-0.677286273096584,0.0031118721083304456,0.26029146476393095,0.00015840639524611127,-3.14063823832717,-0.00030394707347710867
12.128593683242798,1.8347150895952757,-1.6788301521233089,-17.724178250553233,-0.09835877379112663,-0.19262982371698903,-0.07814561592800208,-0.6772883829096545,0.0031176777880908215,0.26027788242983013,0.00015123413627827595,-3.1406292099754336,-0.00021349701035441328
12.13861632347107,1.8167120691363658,-1.4928498709275257,-17.774950391034615,-0.10398233048991196,-0.18887098257135296,-0.08265199299363417,-0.6772963603837738,0.0031064410046401647,0.2603119931008524,0.00013306285692918306,-3.140582956431707,-0.0002950523875625258
12.148666858673096,1.7279426913052653,-1.736235995852972,-17.80454893942903,-0.09959695592780132,-0.19412878174820827,-0.07778448136598258,-0.6772822031547931,0.00311070438684148,0.2603306270284777,0.0001957514513423218,-3.1405860324978474,-0.0003155667658745927
12.156545162200928,1.908355313782752,-1.3836043979812456,-17.63428454696219,-0.1046637465454154,-0.18805172956678648,-0.084366186423733,-0.6772854364558676,0.0031393794272579806,0.2602782797845805,0.00011787692024033879,-3.1406674386149125,-0.0002823520801115716
12.166632175445557,1.9270716545812747,-1.4987305034600567,-17.716239261310346,-0.10046808310659233,-0.18615272670450456,-0.0784899384667661,-0.6772887541930442,0.0031197150595159567,0.2603178742660797,0.00017516436257943661,-3.140568819891334,-0.0002995755915721987
12.176585912704468,1.9677937028623058,-1.6445285699068473,-17.64858777327275,-0.09728693994071459,-0.18636934679582265,-0.09011339712430598,-0.6772899714438517,0.0031446988707769163,0.2602958863430338,0.00015115932286554094,-3.140606964459966,-0.000294932163405948
12.186556577682495,1.9874761534077034,-1.6810289963962988,-17.61559989738507,-0.10104043774308318,-0.18555676877525418,-0.08549282199968287,-0.6772933390368688,0.003136753769829296,0.2603067851374882,6.746351606307396e-05,-3.1405698347779314,-0.00024722234367588155
12.196655035018921,2.128874163181157,-1.3131080534907973,-17.757262263366226,-0.11168646681474612,-0.18243457155057002,-0.08712144444706095,-0.6772804630325816,0.0031109930907950753,0.26026509933708597,0.00020854105995600663,-3.140688643271694,-0.00024179222072064522
12.204654693603516,1.7263120656212805,-1.7066860959359156,-17.713409398169755,-0.09973506606490912,-0.19733920776032923,-0.07653592237320783,-0.6772936542712013,0.0031000698215016783,0.26030829761284546,0.00022911415278289375,-3.140575716100706,-0.0002927281169124444
12.214584589004517,1.895961352269378,-1.7617179476772726,-17.88490172277216,-0.09822965967601688,-0.18668645992743327,-0.08256076567746706,-0.6772824447497805,0.0031146480755024773,0.2602950770162652,0.00011876578677626498,-3.1406314536330844,-0.00026560038621408557
12.22468638420105,1.6601130360377054,-1.8937589907122967,-17.831788461810856,-0.09246574644404865,-0.1933000781202771,-0.0822637372998945,-0.677279083607794,0.0031033341815077313,0.260280805755695,0.00015857040321140748,-3.1406483115817605,-0.00023560722181848983
12.234596490859985,1.9261852738946252,-1.6316834925957149,-17.88133676662167,-0.10389042823837125,-0.1937103952065916,-0.08063898372731179,-0.6773016548477927,0.003126381622924291,0.260311282141926,0.0001389297831542715,-3.140588628216198,-0.0003200891544625436
12.24269413948059,1.9352190340864242,-1.5440076999221184,-17.826397960453217,-0.10138700033530598,-0.18498715446317665,-0.08070404671804547,-0.6772809300036102,0.0031480239915671706,0.2603001292736584,0.00010642055278411692,-3.140595222026457,-0.00028408085028267134
12.250642776489258,1.9033328056683454,-1.7331381291613164,-17.757615099345816,-0.09879272198303866,-0.18450063394674446,-0.0803159208514988,-0.6772918892273837,0.003093275555067243,0.2602756586673729,0.00019191672913212605,-3.1406099041686635,-0.00022646865305068115
12.260610342025757,1.6105143238721826,-1.5562949201527738,-17.78686401899547,-0.09723028351684396,-0.1901462688732486,-0.08290709572930435,-0.6772825714069677,0.0031434179512704464,0.2602959016780618,-1.2676771336513297e-06,-3.14059051687136,-0.0003045730931286311
12.270569562911987,1.532097331249728,-1.5485129547615812,-17.572943748392472,-0.1015364516987016,-0.19190450950140867,-0.07872658382845171,-0.677296963108903,0.0031489040116932433,0.26027077257075354,6.093889011945057e-05,-3.1406078056907107,-0.00024171545098866125
12.278580904006958,1.8072206996950702,-1.4017399964651562,-17.614415701164518,-0.1017019319623246,-0.18698107076220638,-0.08600506415029838,-0.6772888377405191,0.003120725529614735,0.2602898257557497,0.00016370886723821943,-3.1405708761600315,-0.0002336785498917855
12.288622379302979,1.8527504393464087,-1.5699599321978754,-17.75243519355625,-0.09879060417481836,-0.18803615808040192,-0.07802537016216898,-0.677297652756979,0.0031145033763553165,0.2603206724675175,0.00015670477097313554,-3.140532982571928,-0.00029194643548685026
12.298593521118164,2.0082896917014406,-1.5508273639718604,-17.71788015845473,-0.10573100484620734,-0.18138655343661447,-0.08690101672274327,-0.6772872110688445,0.0031322438529978896,0.26030242969174583,4.953712719845473e-05,-3.1405805692474207,-0.0002436840846984406
12.308610439300537,1.3997179454109305,-1.972968839310791,-17.762097998378547,-0.08935570437161826,-0.2006475540696893,-0.07808930932664056,-0.6773010086995094,0.0031022410586393277,0.26028193656137555,0.00020305547514526656,-3.140596949408582,-0.000245284284384845
12.318625926971436,1.9954255210144305,-1.8316329383725112,-17.914130206543263,-0.09487803727877131,-0.17935291952988597,-0.08484191303257102,-0.6772963303107464,0.0031257088785925074,0.2603152860736707,0.00011921985647496103,-3.140547187983398,-0.0002950147899135273
12.328561544418335,1.7813599878940773,-1.7300341515800048,-17.55249388761984,-0.09282193531347298,-0.18581727645720125,-0.08462314396157238,-0.6772875219671578,0.003145841355755635,0.26029970022005117,0.00010695038086665772,-3.1406070979229663,-0.000320859081034164
12.3385910987854,1.7398103292441047,-1.5917235602309807,-17.925103665849292,-0.09723636867647283,-0.1815046452252459,-0.08018026932817045,-0.6772802739941785,0.003151090301791266,0.2602924776074309,0.000107156026392531,-3.1406083413167094,-0.00025386282578687675
12.346599817276001,1.8247760097428103,-1.6984158044454216,-17.821464085927783,-0.09449642116810672,-0.1819217430328988,-0.0822388957034486,-0.677290495628807,0.003100177016378569,0.26032318396244347,7.574794268087462e-05,-3.1405453490190762,-0.00031463234310280866
12.356656789779663,1.585994905405578,-1.5545017527576979,-17.861435520197695,-0.09791828200595688,-0.1828055306892152,-0.08258271447497251,-0.6772834040120758,0.003141179263665523,0.26033069512854873,0.00010054773851099191,-3.140530813234549,-0.00023993025080975736
12.36465048789978,1.4878679032034265,-1.7931835635157136,-17.847216160412465,-0.09419662408601738,-0.18229746653602985,-0.07893428581920706,-0.6773002490577464,0.0031133976296781867,0.26030770911661266,0.00019560290147871144,-3.140552992644296,-0.00025952943185115427
12.3725745677948,1.4379852685834016,-1.7168404523668386,-17.970448956736337,-0.0938086751043409,-0.17980566645281426,-0.07866326595347883,-0.6772937759553145,0.0031361312232170446,0.2603430521950353,0.00013261468622332036,-3.140513040341106,-0.00035122904494298997
12.382558584213257,1.562098279154728,-1.4636861113580495,-17.75058877969783,-0.10032093956582072,-0.1758170352324639,-0.08400859436129156,-0.6772880492258422,0.00310960478973198,0.2602939314631359,0.00017685708784294106,-3.140592759288282,-0.000272587139195278
12.392565965652466,1.582316876450019,-1.5521592418641468,-17.949389650280207,-0.09630124987590155,-0.17795539129731883,-0.07921588446074476,-0.6773006726232006,0.003148952703278734,0.26030120812675117,0.00010069817542231406,-3.1405517676224375,-0.0003454419160081683
12.402626991271973,1.6440935909434524,-1.7972947571655582,-17.88367720227997,-0.08937599518920342,-0.17180069793427313,-0.07697389231989994,-0.6772994234657108,0.003097365461731479,0.2603033416724964,0.00025670842026454205,-3.140526704244986,-0.0002937702690070538
12.41063404083252,1.563191592412103,-1.543243994225357,-17.7977135277932,-0.09663616639672011,-0.17420482497049466,-0.08267647486460625,-0.6773123489299971,0.003163525911782959,0.2603318765143819,0.00013884823058562173,-3.1404896734810297,-0.0003328165538168716
12.420576572418213,2.032283061173648,-1.4693446409800712,-17.759372423354094,-0.10223704535308474,-0.1637135512902027,-0.08350304385149072,-0.6773016003589315,0.003100002105264,0.2602948646481798,0.00016636004904382136,-3.140578140099455,-0.0003109571924587
12.428600549697876,1.6197294623794616,-1.6837831887490646,-17.8668386312131,-0.09896615572259057,-0.17404070384645542,-0.07708505756433541,-0.6772938215792674,0.003152044391072824,0.26029067391389804,4.2116478306071055e-05,-3.140589587292325,-0.0003072633946933604
12.4365816116333,1.7918051061598967,-1.790510607874488,-17.76434787289623,-0.09464548321224964,-0.1733128356338647,-0.0822839606229067,-0.6772936510973206,0.003101597330154255,0.2603100100678842,0.00023608086519395728,-3.140554247326567,-0.00027817503644147096
12.446624755859375,1.8875847701193875,-1.1600191289383506,-17.798949302036917,-0.10954585004232738,-0.17057053949310114,-0.08429695455354481,-0.6772939097973056,0.0031395238559004004,0.2603083096860066,0.00018371811276352774,-3.140557208412631,-0.0003903392054343338
12.456579446792603,1.776692806143288,-1.4562584364917603,-18.063164377485435,-0.1043715196672077,-0.1768351721558875,-0.08283743199139876,-0.6772932791172148,0.003140806773967278,0.260280250316949,5.444720309894962e-05,-3.1405780154433685,-0.00026342985288570447
12.466614723205566,1.8369304309581154,-1.591991905281875,-17.797377463907974,-0.0978037100406683,-0.17765686534833414,-0.08286128668339382,-0.6772828936443579,0.0031141483855517452,0.2602885269431956,0.000160473141066639,-3.1406011012187482,-0.0002820514776021732
12.476542711257935,1.6914579755097727,-1.7280592308868428,-17.985420773109958,-0.09583485803859264,-0.1838675393548296,-0.08360098912269777,-0.6772994362523352,0.0031289218155924705,0.2603347294730372,0.00011957922379816643,-3.1404823600457292,-0.0002753492546586786
12.486572027206421,1.8897604613251018,-1.5977228505377226,-17.746341085660408,-0.10241618078537851,-0.18122929079642583,-0.08123019584472549,-0.6772838348195639,0.003133157817838161,0.26027184802456693,6.850750692435769e-05,-3.1406158275423266,-0.0002581075340584428
12.496592044830322,1.8315407142993376,-1.545936972000485,-17.880117439703504,-0.10146235721996916,-0.17945249557120668,-0.0901734587488613,-0.6772815883594793,0.0031377671266376262,0.26025846459578617,1.7256841305891027e-05,-3.140667541140078,-0.0002751304505644273
12.504590034484863,1.8789782753607993,-1.6596592644401411,-17.99257180476484,-0.10272320816472509,-0.18159676954490367,-0.07992579013340478,-0.6773019967004461,0.003108774986797635,0.26032080049342965,0.00023803666953817036,-3.1404911761465124,-0.0002984056017520115
12.51455283164978,1.915253727214933,-1.896257091043679,-17.814795114893318,-0.09275697114992618,-0.1807458954674181,-0.07898265219924486,-0.677279505652011,0.0031326866540698794,0.26028559481682434,0.0001584289455636254,-3.1405954021157294,-0.00031744478022625394
12.524597406387329,1.689418925802838,-1.6254865155749807,-17.818219549613058,-0.0982515215055895,-0.18028854619786264,-0.08384201977212,-0.6772888186393109,0.003147564616738506,0.26029883451156133,0.00010110463179335403,-3.140536550452487,-0.0003218508694269079
12.53270673751831,1.832998050682745,-1.6970282442508637,-17.790967293059705,-0.09938200243825059,-0.17898497106687897,-0.08305082848743428,-0.6772933135161391,0.003147308528880455,0.2602805902490454,6.194677940470186e-05,-3.1405775657111636,-0.00028956803283301867
12.540661096572876,2.0412627893561996,-1.474745833627798,-17.82750679386256,-0.10221177128216194,-0.17094198194564963,-0.08605797487175147,-0.6772903007477995,0.0031132973458852255,0.2602963078917776,0.00019054578355742386,-3.1405700611756697,-0.0002851989607870847
12.5505690574646,1.597911356579044,-1.672347894839072,-17.865916435013435,-0.0977616670408984,-0.17990254528831692,-0.0810569237175956,-0.6772846108361124,0.0031595647456589145,0.2603263759450104,5.655425489053443e-05,-3.1405284781315848,-0.00039953874356523413
12.560630559921265,1.5117647272545902,-1.552917222511594,-17.998857723428817,-0.09865111175477556,-0.17903958220649743,-0.0768917426862455,-0.6773007802284404,0.003120463416147215,0.2603192696048267,0.00020296179164404243,-3.14048948166761,-0.00039058441289270914
12.570585012435913,1.321883037931953,-1.725566969030387,-18.053954985024458,-0.09506574214874013,-0.17664674177332923,-0.08359573085286441,-0.6773082108543416,0.0031322464808919964,0.2603627991592627,0.00015190914548198015,-3.1404182467752966,-0.000355692970713676
12.58060622215271,1.640714539584325,-1.6838503516467755,-17.77499849306425,-0.09754039977108721,-0.1709645995091758,-0.0888481842241645,-0.6772901894173636,0.0031327444145272695,0.26031833559791057,8.908940352561971e-05,-3.1405052215485,-0.0003128777433943778
12.590538024902344,1.6917518135042091,-1.8317074734678649,-17.976758938231455,-0.09195181151512216,-0.17117746693737446,-0.08328181308668546,-0.6773149217488519,0.003153925150229577,0.2602974090241973,4.4738548778858304e-05,-3.1405255325439447,-0.00034010265064797555
12.600550413131714,1.3600125274932422,-1.6789770107057755,-17.922074421000065,-0.0934860179843769,-0.18066061306647846,-0.08483898796162145,-0.6772891468898031,0.003101077146846835,0.2602947929892415,0.0002040306684451058,-3.140575085983873,-0.00032403703418999947
12.610729932785034,1.4180138632297903,-1.637814632774126,-18.00436824152666,-0.09952843505414766,-0.1762895340806603,-0.07832110464953422,-0.6772943635566353,0.0031171068170271574,0.2602819546700878,0.00023013706790992036,-3.140536306292453,-0.00026220701209507237
12.618550300598145,1.5467182187906041,-1.7108362338214116,-18.022189608863137,-0.0951623651643852,-0.1753458234098109,-0.07671124062617185,-0.6772868992714778,0.0031333232684092444,0.26032978886137903,0.00013282203501104164,-3.1405256613203316,-0.0003256109083236412
12.626634359359741,1.5217214084034894,-1.6326676421771285,-17.80691302644205,-0.10024159249921022,-0.175532106677145,-0.08574628267604788,-0.6772968576816394,0.0031319442458172153,0.2602734827337025,0.00011499703147944653,-3.1405323934231717,-0.00022440043423528104
12.636537790298462,1.700244851645776,-1.654096469330746,-17.983340507172056,-0.09639636948428354,-0.167652806916363,-0.08240250145688384,-0.6772981943111813,0.003116087531082523,0.26030965000289197,0.00014017421670603473,-3.1404975042842116,-0.0003275167779239445
12.644576787948608,1.3188379974232396,-1.8771105062186884,-18.059391949493246,-0.09408820704235521,-0.17610472690821438,-0.08133611245962305,-0.6773058943072362,0.003117448546626205,0.26029353475114864,0.00014049584412107892,-3.1405519208963635,-0.0004025907013502845
12.6545889377594,1.2791074957393627,-1.8032512627875292,-18.072254191361907,-0.09247944833548073,-0.1748125677325201,-0.0785935315056947,-0.6773129688973036,0.0031302294145184465,0.2602977547005886,0.0002233458905578153,-3.140496913866047,-0.00037516722273550683
12.664570808410645,1.7243541013116086,-1.8081436772838038,-18.055063484016152,-0.09513829763891238,-0.1670235466790889,-0.07648466132239741,-0.6772925852812861,0.003107530566175317,0.26031976451841354,9.565882647802073e-05,-3.140453214053698,-0.0002766415575444716
12.674537658691406,1.7283849855063176,-1.9154759545164948,-18.102282832749857,-0.08910253019895911,-0.16362222034323054,-0.08144448563813075,-0.677297373847232,0.0031182002332525013,0.26032946422210945,0.00016550754675286123,-3.140474015119572,-0.00028936907650356405
12.68257761001587,1.6301340577072616,-1.641535231499119,-17.826343078680715,-0.10064481702443234,-0.1677528359660409,-0.08039123123990664,-0.677298785936088,0.003126396537768721,0.26033583190154264,0.0002433358663972364,-3.140468149992939,-0.00037005510354981005
12.692625761032104,1.6804552724438304,-1.7880853486182697,-18.025527198049275,-0.09683669966654992,-0.16972800106291103,-0.07687672285654965,-0.6772963754084881,0.0031622076104223305,0.26028240410905606,0.00011452460229443414,-3.1405622726954716,-0.0003923096962349955
12.702544927597046,1.68362703444045,-1.6178842262410114,-18.087327998294146,-0.10052673261422214,-0.16960215442296347,-0.0803566331796809,-0.6773004386250654,0.0031682326877243154,0.26033267311834296,-3.027076303791241e-07,-3.140434603231674,-0.0003424608420192535
12.712559223175049,1.9628362146974156,-1.4684462795697961,-18.054579362116534,-0.10363783107780948,-0.1705803888118734,-0.07961188935412013,-0.6772941050105028,0.003127135412205317,0.26029156055110875,0.00014555875961367283,-3.140519291889335,-0.0002890770152883067
12.720577478408813,1.8357703697154824,-1.486038483956003,-17.814028322874627,-0.09903369346552095,-0.17145123863043182,-0.08467963094364866,-0.6772965898099113,0.0031264100974670093,0.260294909147438,0.000152105385848714,-3.1405269682057204,-0.0003126784813494974
12.72860050201416,1.635085134397202,-1.6939700052726183,-17.92911416713172,-0.09838411370647542,-0.17375784620946622,-0.08398900786097337,-0.6772925499412249,0.003130208691420525,0.26027067152452865,0.00013977477133639374,-3.1406015613749245,-0.0003612783693776273
12.738569021224976,1.5280232766438657,-1.377928099525664,-17.77330280276899,-0.10449275042919091,-0.17866606046112535,-0.07510903120564132,-0.6772948177036853,0.0031572045371982328,0.26028733677841726,4.3247488848183566e-05,-3.1405040653699596,-0.00028701491171955547
12.748544216156006,1.783323738644227,-1.749727635222288,-17.878973612519747,-0.09729475716655386,-0.17337791453932294,-0.08065206865106588,-0.6773053897434718,0.003155402459359076,0.26033012657104165,7.534322586638653e-05,-3.140432422671229,-0.0003745005420721384
12.75856065750122,1.4056572539454038,-1.628752403549992,-17.901987286549865,-0.10011980875897242,-0.1768297598507195,-0.08331981308462741,-0.6772841515314071,0.00311065396274413,0.2603211813172093,0.00012713042148447263,-3.140461429167175,-0.0003457893205658262
12.768627643585205,1.3043562651518914,-1.7194190597946206,-17.949346257884706,-0.09510127288389236,-0.17767101317073433,-0.08668197904082112,-0.6772994152296344,0.003146590302434198,0.2603307293169181,8.22186175913e-05,-3.1404833665260568,-0.00028876072255144657
12.778603792190552,1.8236057850762748,-1.4285099816619946,-17.943011646615943,-0.10210135895867876,-0.170552711455896,-0.08383157171772508,-0.6773037753652179,0.003144350187073345,0.26031869855497247,0.00011371802452718227,-3.1404356303039247,-0.00030153171277929437
12.788620948791504,1.6326283656594005,-1.5744048909926998,-17.879184479143472,-0.0981033016413479,-0.17072822296857326,-0.08255881118952942,-0.6773032066049817,0.003111813222026084,0.2603153394073091,0.00012111004977425901,-3.1404515501276817,-0.00035592991129739963
12.798542022705078,1.6778200094669298,-1.494053520230998,-17.904080572543805,-0.10225455076403697,-0.16684562620639146,-0.08396431131489794,-0.6772970763162469,0.003100070192761769,0.26037031526707227,0.00022510614042157526,-3.14037380037858,-0.00034831822247801346
12.806576251983643,1.6594992891866187,-1.7521106241899427,-18.09237086570371,-0.09869415420566287,-0.1695551289236289,-0.08410487216898456,-0.6772929799732726,0.0031268310375147275,0.26029883363158707,0.0001644587912176228,-3.1404963910440324,-0.0003414850489465421
12.816556453704834,1.6560680901069393,-1.6054324736693177,-17.81514587732332,-0.09760270997470355,-0.1707356099008465,-0.08911274790121629,-0.6772918374637263,0.003139987971874606,0.2603299694556275,8.699792085681022e-05,-3.140472757441473,-0.0003355599037788986
12.826549768447876,2.0584769093154236,-1.5116351167432107,-17.786795439921516,-0.10210307487176637,-0.16633055664532023,-0.08924350260765895,-0.6773023252272523,0.0031561777584434656,0.2602882376835531,6.8521499139159e-05,-3.1405098109586067,-0.0003257764168931268
12.83460259437561,1.812846961990015,-1.4071207026895665,-17.843215522600126,-0.10377127687313324,-0.17056389463921368,-0.08175864069420713,-0.677302210255978,0.0031149169730548295,0.2602707057005208,0.00020318367508502603,-3.1405463214695835,-0.00028035539319104513
12.844570636749268,1.702606401277716,-1.281758836153934,-17.787942750537194,-0.1051652572128267,-0.17748540962053308,-0.08197007558444526,-0.6773081030496937,0.0031244482622218017,0.26033411411923263,0.0001529255268664614,-3.1403850340794426,-0.0003368561117585412
12.854658603668213,1.4003074232625385,-1.8190019647911717,-17.834326509711143,-0.0949787268827982,-0.18028845668787102,-0.08192900818579073,-0.6773078070973062,0.003158203967477173,0.2603372743629183,5.0034064826849776e-05,-3.1404048659287684,-0.00033827336208793336
12.864575386047363,1.6731202483048528,-1.5828039562764427,-17.68973161426156,-0.09850331664220628,-0.17379958176640264,-0.0857249030245365,-0.6772905177829147,0.00313683452727866,0.26032258260019325,0.00010196236950050651,-3.1404291380410783,-0.00035616968786064847
12.8745436668396,1.2995922808639566,-1.578561666912627,-17.890865823992307,-0.10055710909332019,-0.18556621826063024,-0.07727285043785082,-0.6772872150118467,0.0031468476418693245,0.26028672296245386,7.600836440332287e-05,-3.140531630224691,-0.0003637268598298772
12.88455867767334,1.8727683658355676,-1.5563891973825112,-17.827523340772366,-0.10231882476234712,-0.17459733198404712,-0.08059151477536469,-0.6772971320189713,0.00310659048733687,0.26030899176880545,0.00016528608903410507,-3.1404696808464245,-0.00036915276304803294
12.894604444503784,1.481103945699199,-1.332788404638969,-17.687785431661833,-0.1073984687513784,-0.18002982270017132,-0.0867142267351726,-0.6773039574586598,0.0031612312813974483,0.2603227466277687,7.5535338232045e-05,-3.140428351179492,-0.0002993299843941651
12.904608488082886,1.6184423734692628,-1.480956908594583,-18.00024278777051,-0.10126250141246315,-0.17423836793094072,-0.08716029514468027,-0.6773068336527899,0.003129142042148966,0.26032258917399953,0.0001580619351171414,-3.140412930726092,-0.0003141357480661789
12.91460108757019,1.7887823561687939,-1.5483441435978225,-17.941438093901816,-0.10001391412027903,-0.16977236825979264,-0.08052646751080107,-0.6772997025076265,0.0031598816056419526,0.26030793693204235,0.00014771470054667114,-3.140438976851262,-0.00043174627542137526
12.92256498336792,1.545455871409398,-1.6397159847067495,-18.019439038478907,-0.09809060916881156,-0.17766543541842506,-0.08071150244771953,-0.6772940990725065,0.003136349056888516,0.260265277189364,0.00011992328613233905,-3.140574694828706,-0.00024295839934279702
12.932548999786377,1.3365653768647714,-1.510045181284509,-17.903917896695553,-0.10663246475425475,-0.1812680758104758,-0.08593242489258707,-0.6772964732709845,0.0031099005893495276,0.26028191838647263,0.0001911849820271462,-3.1405355264564982,-0.00026931180256793745
12.942626476287842,1.9327901606621267,-1.4786564105443833,-17.962673170173364,-0.09898459705094804,-0.1715678078684166,-0.08745194512947188,-0.6773119963215971,0.0031181505880833837,0.260321036275223,0.00015240101477543715,-3.140443261785505,-0.0003327803939769149
12.952582597732544,1.548515129507751,-1.502631270168618,-18.05170882249489,-0.10120161692782804,-0.18157008117507914,-0.07959427196671288,-0.6772868688421423,0.003131528530817002,0.260306352749028,3.889110154344216e-05,-3.140469470613793,-0.00023541016209530067
12.962571144104004,1.7438854172613651,-1.707649498747398,-17.763254530811846,-0.09328022030286032,-0.17651323803460378,-0.0844194775805705,-0.6772981646459563,0.0031212023353353203,0.2603063482463731,0.00013389483950059243,-3.140467120046403,-0.00033712440025024295
12.972557544708252,2.191836449203272,-1.4747577561651901,-18.046207901256317,-0.10573282975750649,-0.17980295153109002,-0.07976702143592333,-0.6772986240734512,0.00313897310436068,0.2603315093249347,9.504999907492609e-05,-3.1404189732398953,-0.00036645404275296143
12.98057222366333,1.5417750956419791,-1.6961297750182396,-17.99812227866134,-0.09296150963760427,-0.18523738007637194,-0.07745087052728658,-0.6773148307475881,0.0031375995717708403,0.26031398081158896,0.00013964095848179476,-3.1403967259163457,-0.00038114266187545446
12.988627195358276,1.697733982582106,-1.3719333714382367,-17.853595974599394,-0.10404070569627882,-0.17681951778940672,-0.07989257280134782,-0.6773075250210334,0.0031293574904604575,0.2602826874556234,0.00012076548896011561,-3.1404680149702413,-0.0003435630572215768
12.998570442199707,1.7614735596747784,-1.30866849999814,-17.951670456092526,-0.10349112170166325,-0.1732202217789118,-0.08637141898330179,-0.6773031301715197,0.003132245837547751,0.2603115984679934,9.560987799888719e-05,-3.140402955345114,-0.00037897586471110197
13.006601095199585,1.5635489041481907,-1.4663856825957606,-17.80430230877221,-0.09904238599907782,-0.17195228174843702,-0.08175279138676018,-0.6773069885080734,0.003136135032690756,0.26033032664016464,8.322968227248752e-05,-3.1403979336191754,-0.00034721539819731356
13.014601230621338,1.6513483428912912,-1.4302789399439944,-17.831850479464215,-0.09949287657048932,-0.16739802265365705,-0.0834090654627865,-0.6772964554257931,0.0031544484330169893,0.26030064287730403,6.20086226835228e-05,-3.1404802709475295,-0.00037340492245200755
13.022516012191772,1.8468119314192835,-1.262151676978839,-17.82136246682572,-0.1039262230205097,-0.1657926109878223,-0.07914071578525085,-0.677303625643733,0.003132051897626973,0.260331892229646,0.00012776785809441796,-3.1403707858991474,-0.0003489474599120319
13.032604932785034,1.6179497769951425,-1.5815194373230983,-17.837172351559516,-0.09101966286745579,-0.16609777108929882,-0.07800522728396002,-0.6773072330746723,0.003155163892022015,0.2602745142487463,3.275242494673301e-05,-3.140457468286302,-0.0004087019400829839
13.042561292648315,1.22678937931926,-1.455803314634639,-17.738968326552634,-0.10133332286530383,-0.17714869837806463,-0.08024103529180404,-0.6773068234145839,0.003117504776923138,0.2603178279129149,0.00017840027574424043,-3.1404108686612564,-0.0003047853778272654
13.052565813064575,1.5104711863400142,-1.5526671201458468,-18.02051533545855,-0.09466671677730258,-0.16362129686894342,-0.0802177697912316,-0.6773050959645324,0.0031386298638768576,0.2602745807283082,8.185751096945334e-05,-3.1404811699739605,-0.0003201829485884427
13.060563802719116,1.6445212175907635,-1.5263686568086046,-17.93626598001228,-0.09422002425590029,-0.1621088256990084,-0.07799875559035563,-0.6772990847382436,0.0031350807387018013,0.2602807153959531,0.00012761547728153635,-3.14047058102569,-0.00029759288873544337
13.06866717338562,1.5355480717193004,-1.6172112411538182,-17.857166789056414,-0.0927959105198623,-0.16653873634260516,-0.0842888541440122,-0.6773072743649334,0.003119525482833869,0.2603496966176417,0.00017175716387914507,-3.1403535096498634,-0.00039971558072588175
13.078568935394287,1.5272739035999212,-1.6587052329531107,-17.98844779707956,-0.08798236197860894,-0.16597632011694075,-0.07772862076823804,-0.6773015019552693,0.003124423069004287,0.26029940333114093,8.335233130128115e-05,-3.1404454165780993,-0.00033859634608778607
13.088589191436768,1.646131042808623,-1.106241679029753,-17.952651199567615,-0.10468811733556549,-0.16646225785098773,-0.08018991137335668,-0.6772992707300629,0.0031103867854005685,0.2602940513514682,0.00017183533078924686,-3.1404450466295666,-0.00029816051586005384
13.09662652015686,1.4774367971290296,-1.2047127847606895,-17.93492019803466,-0.10249828754090995,-0.16860775510951032,-0.08239188339108182,-0.6773076578161338,0.003164838217360221,0.26031499500994565,4.5625089002562084e-06,-3.1404261160259614,-0.0003450231456419709
13.106554508209229,1.6723638573972395,-1.6916700619552678,-17.88799626828003,-0.08966409887785631,-0.16243833841574498,-0.07862046100018907,-0.6773033180481681,0.003130297050809284,0.26030078309291593,0.0001920827786280302,-3.1404268383946268,-0.00030412058594261106
13.11660385131836,1.7078986008462247,-1.4056451556901308,-17.860618624773853,-0.09899238022461818,-0.16856783984167736,-0.07577852166742798,-0.6773008748518213,0.0031662894470306804,0.2603245438147192,0.00010682374908374706,-3.140386251563445,-0.00040359604588521164
13.124570369720459,1.3611356536641122,-1.5656720517639127,-17.909110188807183,-0.0916242180814176,-0.1694940715404797,-0.07688964495058802,-0.6773030375078531,0.0031667263083799387,0.2603200539081955,6.458314843122338e-05,-3.140414253682958,-0.00036334740384657985
13.134604454040527,1.3859502334841365,-1.4795805939000575,-17.7480035397881,-0.09419930085137351,-0.17427378576248131,-0.08558393723776467,-0.6773042953131618,0.0031526714215297604,0.2603358528220963,6.935754181521603e-05,-3.140364464949132,-0.0003579024957225545
13.144547462463379,1.6963261455372607,-1.5284408333647324,-18.02381765096144,-0.09193478806465355,-0.1650347102664319,-0.08677589641792703,-0.677315127079441,0.003123427070203268,0.26033877742274064,0.00016015236899004237,-3.140331546394002,-0.0003615813496607237
13.152543067932129,1.9312872942498769,-1.3856066749374534,-17.84127085709136,-0.10192371147791283,-0.1620280661983526,-0.07918782974665292,-0.6773080331321526,0.003137098007431773,0.260323133169822,8.347934652143918e-05,-3.1403894536137638,-0.0003620581927025518
13.162542819976807,1.5797807375556554,-1.5253720336061465,-17.93748861363004,-0.0983948649999806,-0.1713334001263307,-0.08459213154452916,-0.6773135167163826,0.0031260159688179527,0.260296696171194,0.0001345197778884161,-3.1404157362580176,-0.0003343893058159824
13.172729253768921,1.794489267877691,-1.4398074573598976,-17.900388328758957,-0.09539192345912846,-0.17073452853004867,-0.0844735473284654,-0.6773033198647636,0.003129426441111222,0.26030787488210294,0.0001393231135842309,-3.1404448422083595,-0.00036567249706835874
13.180569887161255,1.5951518500476929,-1.1834497980384386,-17.751644245646098,-0.10597877123453742,-0.17449386857430713,-0.07699465197464855,-0.677296628325161,0.003112063372296923,0.2603032219876484,0.00021690643007138982,-3.140424818647989,-0.0003909905791933228
13.190619945526123,1.722294077984615,-1.4222665211433305,-17.918791463533346,-0.09723264871477401,-0.17196139759129972,-0.0782018739700677,-0.677311419263649,0.0031306102046018396,0.2603229051953408,7.656199734840173e-05,-3.1404003364994213,-0.00037236529536598345
13.19864296913147,1.3227616645721603,-1.5577080737489957,-17.966710410177175,-0.0947064136735298,-0.17968041322098324,-0.07528452916665469,-0.6773036806042411,0.0031236622810670842,0.26033396794935665,8.33824280190384e-05,-3.1403851631056585,-0.0003848406374177997
13.206814050674438,1.7733376248752453,-1.5730232933375294,-17.911509024828412,-0.09405467407598345,-0.17501388210238325,-0.0755723944401592,-0.677304343152209,0.003128793749464526,0.2602979346573218,0.0001207549679257819,-3.1404493781188965,-0.0003969645844341018
13.21654200553894,1.7564311899509157,-1.1569741303732886,-18.04707331911061,-0.10076928674421219,-0.1760860278894659,-0.082351572865057,-0.6773141806680553,0.003142951444809208,0.26034471599224884,9.576392411885869e-05,-3.1403227941571847,-0.00036443217857459953
13.226586818695068,1.5306352970983117,-1.6045124105676114,-17.95845744215414,-0.0928576976730069,-0.1832965635087815,-0.07715173360634059,-0.6772914790045272,0.003145169332465016,0.26028350926903376,6.296170821914297e-05,-3.1404950558258116,-0.0002897732194595471
13.236601114273071,1.963461603053429,-1.4255235926089664,-17.857528784045993,-0.09740914656678046,-0.1750398237576351,-0.07552518429310097,-0.6772978507846064,0.0031219453666443916,0.26029833234202815,0.0001479359001159395,-3.140437151488061,-0.0003602927616407325
13.246588945388794,1.8996521131182222,-1.3462160926123354,-17.83480131475903,-0.10064893351578026,-0.18004960929452327,-0.0880213403952858,-0.6773012983924641,0.003139048981836658,0.2603155514963982,0.00015354367197427214,-3.1403745828515466,-0.00032847805053204854
13.256568193435669,1.9345868050099497,-1.6033042018926733,-17.964450154391137,-0.09645820128593321,-0.18070144884116934,-0.08039740041854158,-0.6773010223702534,0.003139290651735525,0.2602891533305967,0.00015296406892502542,-3.1404649083478353,-0.00034918118919243115
13.266538619995117,1.9636440191282907,-1.6480744236008469,-18.0190000834824,-0.08975379812633741,-0.17847331557435228,-0.08584656526059942,-0.6773123515272359,0.003121539051838426,0.26029552778885434,0.00017994998349262243,-3.1404354207635214,-0.00026092064352373315
13.276573657989502,1.7060995454876993,-1.4712942698684863,-17.869863942370696,-0.09788710904835567,-0.18443025440239055,-0.08557123614729516,-0.6773133545644646,0.00312259923249613,0.26031015550282594,0.00016036958487019163,-3.1403615864136207,-0.00029901364384252177
13.286547183990479,1.8540317205574968,-1.4845886417684133,-17.89649403668267,-0.09826756122923473,-0.18404789644411018,-0.07732408716482903,-0.6773151766927651,0.003122531795551405,0.2602831642950946,0.00015994998157147639,-3.1404374607953875,-0.0003128589685802705
13.296540260314941,1.9394341689667047,-1.3552461484058327,-17.99671962088305,-0.10191039415303342,-0.18273072157542844,-0.07633012362431646,-0.6773101335470878,0.00315922958390237,0.26033118450850473,0.00012012369479364958,-3.1403780399234904,-0.00039184672568785914
13.306560039520264,1.690927718456614,-1.390048749700809,-17.922486295892917,-0.094866810977018,-0.1941472404948932,-0.07980195607601075,-0.677293790224964,0.003115473393875906,0.26031810550510753,0.00013991679437235608,-3.1403924389391253,-0.00036775142701423136
13.316543102264404,1.8255871623423021,-1.4206065383748874,-17.862029305720952,-0.09847788270623488,-0.19164569128860584,-0.07784989135490872,-0.6773203674738719,0.0031257072810861927,0.2602919834053914,0.00021120214417330886,-3.140390273369731,-0.00031579495320789103
13.326534271240234,1.89405483141134,-1.5370299370228913,-17.81122323461449,-0.0935193125103576,-0.18618694323766088,-0.08026339289788116,-0.6773132066670764,0.003156922773780175,0.26032282313945043,4.977500428182926e-05,-3.1403259788594515,-0.00036318019846273903
13.336543083190918,1.9582296039967175,-1.5602431473001122,-17.888219884150402,-0.09514704200527807,-0.1824273975418111,-0.08481763324694262,-0.6773075876102269,0.0031487435112729097,0.2602760368348772,0.00011440584426025895,-3.1404476724097274,-0.0003095082296456756
13.344596862792969,1.4350141450571068,-1.4351041421097093,-17.891671166561334,-0.09080793142298331,-0.19389321345188487,-0.07763789653478353,-0.6772940527731791,0.0031083821259479953,0.2603062241741655,0.00016556703686207983,-3.1403941529338635,-0.00030062268333761654
13.354499340057373,1.722455493287008,-1.4612876717155237,-17.865520625535492,-0.09760007908030911,-0.18400229767731363,-0.08005954667899698,-0.6773031626264088,0.003138492156114338,0.2602970869463883,0.00013987024872931823,-3.140421817083418,-0.0004255794549763728
13.36454725265503,2.0563222696330854,-1.0106859393560972,-17.802305633712862,-0.10216031243828953,-0.16985621346341653,-0.08376069253230603,-0.6773082019627937,0.00311273714371623,0.26032631041780385,0.0002322005415468962,-3.140347693435509,-0.0003891042130884484
13.37450909614563,1.85346764144797,-1.7006390497461261,-17.80891048996821,-0.08492915278347922,-0.17180500602518758,-0.07848588233556811,-0.6773069352461346,0.003135574700790932,0.2603058194472039,0.000107829241693043,-3.14039069076371,-0.00042333745682859137
13.38455867767334,1.361934018032434,-1.3971035168936263,-17.799620810430735,-0.0919743253432006,-0.1771997057371782,-0.07599040598095597,-0.6773114376026022,0.0031229590236129994,0.26029974577391246,0.00019759584887246988,-3.140400378876966,-0.0003797814582720336
13.394553899765015,1.8120069063958673,-1.4868118619324835,-17.795244185091462,-0.08725409869594229,-0.16596110937420916,-0.07676155716022477,-0.677310877002252,0.003131642174067398,0.26028753887994205,0.0001534856573520842,-3.1404162770728656,-0.00038605330125429145
13.404539346694946,1.6836216022837331,-1.496846842482519,-17.854544709311927,-0.08692774145258333,-0.1688243023979488,-0.08035180353339588,-0.677319091098498,0.003136899843340042,0.2602997407675394,0.00010955198956750323,-3.140365585207621,-0.0003313064632407318
13.414571285247803,1.677852366084939,-1.5263408261432079,-17.900312942207794,-0.08407774549319944,-0.16624547621292346,-0.07950125863956412,-0.6773110892839828,0.00311640344086302,0.2603000276848606,0.0001407302777255012,-3.140337218528041,-0.00034476101663923335
13.42260456085205,1.8041054730270867,-1.103123346167983,-17.839181118185927,-0.09807646226680929,-0.1671898582215433,-0.08513394195469867,-0.6772955381152899,0.0031427615521067644,0.26034123666956405,0.00010015790553184125,-3.1403578569068444,-0.00035995647086463914
13.43254566192627,1.9566773776590396,-1.5432273211068772,-17.915235599384868,-0.08947715856579762,-0.1606839028598361,-0.07800435732377821,-0.6773176379176203,0.0031495868108225283,0.2603039530397562,8.927372077443773e-05,-3.1403647231640015,-0.00031712524424475953
13.442534923553467,1.6367980664906494,-1.0900352239929498,-17.69162118005148,-0.09434808893226497,-0.16629410965891608,-0.07646598820148738,-0.67730068041723,0.0031290902779428278,0.26031430968570957,0.00010835595479744265,-3.1403388272302624,-0.000313005962531849
13.452613353729248,1.8980756859178554,-1.2027082550766595,-17.932288854471082,-0.09830141047493526,-0.16606988134647171,-0.08345794192488333,-0.6773020631702549,0.003133994481127822,0.2603092576070977,0.00013992174196989502,-3.1403984317444915,-0.00041172023357533536
13.462591409683228,1.7824839495936553,-1.3810599409182103,-17.712723286551327,-0.09077364011053642,-0.16915273016408636,-0.07969707293240141,-0.6773055295902979,0.003119274215311111,0.2602693153259421,0.00012817680762125435,-3.140435900712266,-0.0002481458251508634
13.472548007965088,1.6259910904044625,-1.2213186870930965,-17.907567743451974,-0.0979036006277957,-0.171941959087678,-0.07881907449544241,-0.6773269641645965,0.003120920390496181,0.26030934984422427,0.00017465697707230908,-3.140343271985384,-0.00033092657738325275
13.480566024780273,1.6244277954160555,-1.5884440647930231,-18.056675634625357,-0.08679862915853465,-0.17110399630047882,-0.07489553019455841,-0.6773113438040765,0.003137364006784785,0.2603412967084556,0.00013511967929065563,-3.140300626151512,-0.0004309746774475649
13.488694190979004,1.778312503174699,-1.3603400876224336,-17.874030561152086,-0.09061043624826083,-0.17080048451243413,-0.07994802482741645,-0.6773103019021058,0.0031329676259673127,0.26031298767759625,2.6257700370273983e-05,-3.1403674860719017,-0.0002970900371393872
13.498630046844482,1.7030702345619195,-1.403571658118691,-18.00800980981345,-0.08882435124870569,-0.16911022574732137,-0.07903059256377927,-0.6772960093307208,0.0031256979999668747,0.26030341746689406,0.00014004494904342593,-3.1404031392970237,-0.0003451524051493522
13.508707046508789,1.8702317361177927,-1.1767451865242222,-17.97360845937241,-0.09208371033896703,-0.16592027577103155,-0.0817561273440956,-0.6773250334662265,0.0031400537151813233,0.2602918521915244,0.0001471255437710866,-3.1403619034163373,-0.00036303177971187323
13.518524169921875,1.6579386515936636,-1.1537131193895627,-17.869130150151882,-0.09308267819254976,-0.17327420695753742,-0.07756146863645252,-0.6773011966300193,0.0031191237426659328,0.2603297665924271,0.00014008573783862055,-3.1403527643848204,-0.00041415555662227164
13.528615474700928,1.9140221250844598,-1.0630021548279662,-17.95648401098989,-0.09504457618198765,-0.16834304130253988,-0.08911764402483757,-0.6773259341106362,0.0031046898350164218,0.26035129872975,0.00022422314156137372,-3.140265455675385,-0.00039422792810487163
13.536574602127075,1.8290289757934854,-1.3480978839374131,-18.069227548269886,-0.08902742091010038,-0.16985892328234928,-0.08119822116879394,-0.6773276022862077,0.003129261913988125,0.2603180334781458,0.00010289555809365103,-3.1403219215442464,-0.00041644745156773825
13.544557094573975,1.9069825374345069,-1.206942491907057,-18.07390908238829,-0.09067555358922286,-0.17141026855906644,-0.08438509623339045,-0.6773030295008283,0.003143684223683601,0.26027779030828324,9.122839097077344e-05,-3.1403903006389187,-0.00035590682115927487
13.554542064666748,1.7024504916132575,-1.3472404400248064,-17.986706027712458,-0.08876157418708994,-0.17472929558128464,-0.07078596763180078,-0.6773096222963441,0.003134458591866923,0.260308570927921,9.597964766321567e-05,-3.140370856112436,-0.00036780841864124647
13.564690828323364,1.8382708931967762,-1.6703647965480273,-18.043123002560748,-0.08185975336509012,-0.17229830465161697,-0.08386495467124654,-0.6772971797848621,0.0031040554063695935,0.2602334254790455,0.00016630517026637896,-3.140512155153011,-0.0003166419235621046
13.574598550796509,1.9093025825080534,-1.3617112158305804,-17.88227593808919,-0.08897478013994031,-0.17462583612647212,-0.07795544158176063,-0.6773119471235037,0.0031009327277384036,0.26027481475032554,0.0001877200482647204,-3.1403923996023173,-0.0003552343437546446
13.584598541259766,2.104162297843496,-1.3412964649655321,-17.997595523850798,-0.0908896465863932,-0.17918971520923746,-0.0833141598394697,-0.6773077529112757,0.003143822546430447,0.2602998207680807,0.00012318292643962792,-3.140367187243493,-0.00034980468640640833
13.594627618789673,1.838225346610777,-1.6065220924634382,-18.076586932780934,-0.08114246359507338,-0.18237921929119041,-0.07605721215176736,-0.67730727503617,0.0031147920818786687,0.26027606554867994,0.00014967685701383157,-3.1403821315493854,-0.00028667687136216843
13.604609966278076,1.7048804217657951,-1.3850502317485667,-17.972856399676253,-0.08589437038224697,-0.1866425003303247,-0.08033086413596381,-0.677303274709607,0.003154074819024766,0.26031045436455835,0.00012725959485891162,-3.1403884591524363,-0.0003760069141761177
13.614543914794922,1.571293768702087,-1.5704260267235428,-17.923027689651658,-0.08274354104687473,-0.1889685514310562,-0.07344915086986595,-0.6773068260585288,0.003110335567680734,0.2602882882537014,0.00016806785447909413,-3.140390238200672,-0.0003422846537876982
13.622563362121582,1.7167523979426833,-1.3296587858521707,-18.06465204734727,-0.08610124466569621,-0.18398839801246605,-0.08309273472963095,-0.6773218893966514,0.0031256093970301654,0.26026983975563156,0.00018111546764618808,-3.140378450375767,-0.0003597743124980568
13.632624864578247,1.8755065904051587,-1.440604835805943,-17.86185014907182,-0.08420367422677587,-0.18273012558425467,-0.07934783427334383,-0.6773018708616021,0.0031297425352812508,0.26026430610018697,0.00016047401705464068,-3.1404452121128843,-0.000376522110562466
13.642650604248047,2.052131619973179,-1.2953030782306276,-17.763162755198298,-0.08621660412428862,-0.17974954741559876,-0.07988331381230637,-0.6773148865994092,0.0031489552035271987,0.2603235262382639,7.786932849865995e-05,-3.1402914223735494,-0.0003405517075389832
13.650593996047974,1.6521317930162023,-1.2290322276157521,-17.963876887560176,-0.08936259251300005,-0.1859795874026264,-0.07720606929188395,-0.6773094699977747,0.003147733049872613,0.26031891237418253,0.00010882161336369662,-3.1403459566495053,-0.0003972519777032346
13.660538673400879,1.7158048527541148,-1.4413457902375666,-17.876375576762726,-0.0857182108292052,-0.1845057639579424,-0.08087564421667241,-0.6773020495932397,0.0031459515195639974,0.2603092451198368,0.0001147827103204214,-3.1403729476554396,-0.0003999623448387768
13.670560598373413,1.622436444017911,-1.226121675797655,-17.857160456337418,-0.08701868820069923,-0.18575032939649067,-0.08195530819808351,-0.6773142017784934,0.0031289526803970546,0.26029517788278894,0.00016775081665504045,-3.140336745873686,-0.0003594562168729454
13.680521011352539,1.8615386661146205,-1.2928195907447968,-17.921006844428593,-0.09089606517614594,-0.18081093449711388,-0.08365164139054766,-0.6773111889044038,0.0031562066745708067,0.2602736744754317,0.00010344011990328513,-3.1403721391168933,-0.0004411832834971527
13.69059443473816,1.6550297744121982,-1.400421215059324,-17.893056971597005,-0.08578748719534446,-0.18271167616737383,-0.07430683020492383,-0.6773274490992875,0.003167442497446453,0.2603075662179329,9.573585018451237e-05,-3.1403115952348655,-0.00036014411254733746
13.700747013092041,1.4474789196909643,-1.4553099144719754,-17.920267809102604,-0.08417620304290567,-0.18121006598159242,-0.0722291836173851,-0.6773241185840039,0.0031448992579461367,0.2602829340612069,0.00011543701871518966,-3.1403376808332646,-0.00035914155189224555
13.710629224777222,1.5962235139650491,-1.6488868001207657,-17.734783037680796,-0.08215514778899667,-0.1801152007503592,-0.07471279359399442,-0.6773040591405798,0.0031532252367792576,0.26027709147888,5.2451860594335645e-05,-3.1403770837020493,-0.00033413636462467855
13.718616485595703,1.8676350879212391,-1.097372601674149,-17.857591403958736,-0.09214455401415331,-0.17612826878151977,-0.0799302650684614,-0.6773141897818165,0.0031234282724121694,0.26029022917371303,0.000159520513008224,-3.140341512847682,-0.0002707965945558873
13.726515054702759,2.1637545569596504,-1.5137313767138887,-17.812798899429662,-0.08053342233454296,-0.1706069146681118,-0.07930562619760509,-0.6773172854481257,0.0031136686186431844,0.26035053639062505,0.00021948667191576981,-3.1402375337517805,-0.00041064580571138076
13.734600305557251,2.000561300039303,-1.3186741399173942,-17.823192021331316,-0.08786807509787398,-0.17211926063148117,-0.08157482334981755,-0.6773078202733526,0.003161784901090062,0.26030020956825484,-2.0054352441769926e-05,-3.1403267116940072,-0.00037635530130016584
13.742530107498169,1.647777012989907,-1.2193817578728718,-18.034158381047728,-0.0894752491230428,-0.17955364606825394,-0.07880905021883454,-0.6773112971771241,0.00314021317638794,0.26030746357450224,8.98630986996194e-05,-3.140323598390674,-0.00042329068088130305
13.752578020095825,1.5100827935411003,-1.6845434686989407,-17.766063804923164,-0.07816269980241795,-0.18538631778090503,-0.07994075051526807,-0.6773264378148423,0.0031492893340200087,0.26030073316547003,7.803060297173939e-05,-3.140304536698918,-0.0003958321699070447
13.762637376785278,1.9131972714878696,-1.396487963737911,-17.771546824719888,-0.08551261633688881,-0.17697910972580483,-0.07887428718719633,-0.6773164055471104,0.003127372081625122,0.26033105795486267,0.00012886370653854892,-3.1402725425000315,-0.00039395592213451423
13.77255392074585,1.8457517475139058,-1.2763650358937406,-17.780439173358214,-0.09134639400530643,-0.17818531775358998,-0.07427664071619902,-0.6773158329005211,0.0031572943539440626,0.2602722252238039,0.00014248212528125554,-3.140358007142475,-0.00036629180482213437
13.782574653625488,1.666711480002117,-1.2999792829265442,-17.82524824384026,-0.0873339237236954,-0.18165656274753222,-0.07577619213702066,-0.6773186392328029,0.0031514913437585734,0.26029711441691583,0.00010356491595413192,-3.1403138058768816,-0.000407306391960872
13.792644262313843,1.5066107382373983,-1.2947112008102841,-17.782179337455542,-0.0910492744420082,-0.1862483929846465,-0.08154917500033806,-0.6773218217166229,0.0031700500235166576,0.26030844473925574,3.1837773148438426e-05,-3.140278978096074,-0.00038491626906462487
13.802643775939941,1.8953388274571183,-1.2344519283099138,-17.71944672185743,-0.09264004970996557,-0.175381148084887,-0.0809504017847729,-0.6773272487240007,0.003156384493356448,0.2603330421809879,9.152539605310848e-05,-3.140247591932708,-0.0003501367883020746
13.812675714492798,1.9314869103776402,-0.9426241475835946,-17.70726185424812,-0.09811276537224921,-0.17388360604519418,-0.08147645604705242,-0.6773142489521317,0.003139062380818454,0.2603149545324309,0.0001039675293452056,-3.140258242679664,-0.0004174014051273333
13.820562839508057,2.1108303942744238,-1.1466331373917236,-17.949292046627352,-0.09574143826513286,-0.1685584413528542,-0.08159472419723925,-0.6773055553187252,0.0031436940176669797,0.2602735039692539,0.00014911203354151588,-3.1403776361917894,-0.0003981262218318452
13.830543756484985,1.5397107962577603,-1.6510275670653716,-17.681616875045087,-0.08053010828569054,-0.1809207534901971,-0.07716309627304585,-0.6773232971844562,0.0031596678329482725,0.26030127424828514,4.596310644544154e-05,-3.1402959546649956,-0.0003534766887073513
13.84064769744873,1.8119408639313683,-1.4992086152140478,-17.757529608000365,-0.0823871225795931,-0.17717405153661417,-0.07518249112498818,-0.6773166644725387,0.003138727578154088,0.2603103698215551,0.00014261020679310604,-3.140283671554579,-0.0003497648923217007
13.850633382797241,2.036901967361266,-1.2320426023771,-17.646499510242784,-0.0924092221195704,-0.1682969178774955,-0.07675343314457105,-0.6773208038311509,0.0031355031508488824,0.2603058351589718,0.00011681609877546411,-3.140311968606865,-0.00032166292332650793
13.860554933547974,1.485047704623886,-1.2370147040550101,-17.856056260044483,-0.0869652387863016,-0.18290609558978577,-0.07710788968577104,-0.67731321099578,0.00314214067405384,0.2603064107409047,0.0001731783344035804,-3.140306164264814,-0.00040750203935968924
13.870660066604614,1.9300533368601633,-1.0505870919594036,-17.813877227882756,-0.09710079340736885,-0.17594560842379384,-0.08267672461301913,-0.6773318689260273,0.003167163966468977,0.2602654192109949,0.00010401523325409739,-3.140314611009803,-0.0003923715846484141
13.880528688430786,1.8117418191070112,-1.376736806496429,-17.797261087457766,-0.08888657160724692,-0.17872866952259556,-0.07511629235770236,-0.6773190505849805,0.0031468485152508214,0.2603093501192791,6.492931387482803e-05,-3.140268037043557,-0.00034783619402170736
13.890511989593506,1.757328768309633,-1.500385284414358,-17.783116315436583,-0.08873558770332107,-0.17895806073406806,-0.07844514443606077,-0.6773294002691869,0.0031561691121566988,0.26034064141269003,6.45152845747389e-05,-3.140239255129331,-0.00042389586946146445
13.900581121444702,1.995822789038242,-1.4342839041991648,-17.739032552986053,-0.08503230062393206,-0.17489267290188887,-0.07703048845054485,-0.6773072613703637,0.0031379860895893656,0.26027599969715604,0.00018671216585733759,-3.1403583458689983,-0.00039054742449203434
13.90860891342163,1.7311885660033481,-1.2826027275665275,-17.73106220937602,-0.09102436701454845,-0.18353228952244877,-0.07689417505677425,-0.6773098667831183,0.0031511058207004767,0.2602575838481026,8.263851424163967e-05,-3.1403829367408598,-0.0003107486251616951
13.918696880340576,1.7721574300384049,-1.1813721560515473,-17.69715902355767,-0.09812421407306654,-0.18554261476947967,-0.0738884289353673,-0.6773102266584202,0.0031371659225979632,0.26026538277574707,0.00014939029953737955,-3.1403629496839582,-0.00037675326517878026
13.926544904708862,1.896928925264285,-1.2119357894833795,-17.673654579886684,-0.09531577050661448,-0.18040777457298918,-0.07585406510459212,-0.6773062377658762,0.003156040248505563,0.2602982246637152,5.9747102273376395e-05,-3.1402981402869923,-0.00039763114046236555
13.93656849861145,2.088107919668539,-1.320777041489363,-17.645658356392467,-0.08893306597188011,-0.17738990900222543,-0.07596725103906912,-0.6773048197470927,0.0031653601093099937,0.26030740756393617,6.358037967221515e-05,-3.140334772620996,-0.0003479458960739062
13.946541786193848,1.8304940588894578,-1.0783429547399068,-17.66596036666442,-0.09638978027704002,-0.1821349403522084,-0.082771884708205,-0.6773214678204815,0.0031267288112188023,0.2602763246879558,0.00020661415026429142,-3.140365700584072,-0.00038299908326915147
13.954569578170776,1.8132853215521605,-1.2115385348145848,-17.83782256155339,-0.09282603023343879,-0.18621875618038228,-0.08411250323617922,-0.6773187003195563,0.0031328111158629873,0.2603072183970882,7.224087059903145e-05,-3.1402274820892124,-0.00036062651780167953
13.962493181228638,1.9471580127081867,-1.332897154780238,-17.677884109961106,-0.09157408091279962,-0.18486044952968816,-0.07543843546785364,-0.6772948847923873,0.0031465660886161708,0.26033690642886476,0.00016122433102348498,-3.140275620009814,-0.0004196365826234484
13.970541000366211,1.8818644976880825,-1.2262160342776895,-17.527476119546986,-0.09715371648842064,-0.18222273411619536,-0.07582242905300397,-0.6773104705846054,0.0031335869185109746,0.2602716913154506,0.00014137725528996786,-3.140335489537866,-0.00040002958552479785
13.980555772781372,2.1432362090919512,-1.3296962249075952,-17.60862844635912,-0.0930803745373013,-0.18034188518234678,-0.07951192112584723,-0.6773238986525523,0.003160494306793844,0.2603180151974817,9.712062766344354e-05,-3.1402492630881267,-0.00037997056257414356
13.99060344696045,1.8313610990659155,-1.3780864591597055,-17.47961511760454,-0.08878449866499373,-0.188213436322099,-0.07820862805099775,-0.6773124017488837,0.003106201763159867,0.26029362887369334,0.0001811208064686776,-3.1402914539877433,-0.0003737184819510683
14.000612497329712,1.9892839534002102,-1.1855445096714021,-17.539241210778073,-0.09264652707788928,-0.1783563719286175,-0.07947640918463035,-0.6773160398863994,0.0031365701745335013,0.26027309730887527,0.00011024048314378851,-3.140360723957407,-0.00038445383766851885
14.008607149124146,1.9160893167542872,-1.0588201029327597,-17.439475766339854,-0.09870109308589693,-0.18970537465314707,-0.07996558645821536,-0.6773167832510317,0.003144126609830362,0.26027356102175253,5.084673470200031e-05,-3.1403176011448473,-0.00032709472910974176
14.0185706615448,1.8805094052961226,-1.3895012878584796,-17.48582372851092,-0.08874903257402514,-0.18871171821454327,-0.07974650807147256,-0.6773063844815991,0.003150466724962651,0.26023407100744006,9.035644108742363e-05,-3.140407533564324,-0.00030952503407475414
14.02653980255127,1.608775912707255,-1.239417243120164,-17.518989228019333,-0.08978306917270742,-0.19411230777970603,-0.0800529827955004,-0.6773162980923262,0.0031585997415094894,0.26028021997604883,4.639876162418565e-05,-3.140304658257708,-0.0003572786231203283
14.036547899246216,1.9348774323990598,-1.335285122274166,-17.550677557253515,-0.0950481282628893,-0.18774683917974813,-0.085358335618065,-0.6773097261090297,0.0031306390844305044,0.26029765094226587,0.00014895223646876153,-3.140342812502653,-0.0003170267336963793
14.0445396900177,1.9961876637445908,-0.9400876901245123,-17.5648203801503,-0.09780756382683552,-0.184363135496486,-0.08112043281535287,-0.6773181243868759,0.003158224603044556,0.26029771161930876,3.42193155649471e-05,-3.1402906903452448,-0.0003955186922100205
14.05256462097168,2.136656068066556,-1.0888983837690158,-17.586195633487076,-0.09831893017141492,-0.1816951448373923,-0.08023281763156179,-0.6773167871877004,0.003122406707922652,0.26028590280484803,0.00013602120151873316,-3.140312100245403,-0.0003480592581119887
14.062553644180298,2.0988391998726965,-1.5189185246494994,-17.513371241114108,-0.09116430706654102,-0.18422902010020026,-0.07519182928113721,-0.6773320444757581,0.0031160077788706837,0.26032092470746765,0.0002404308925525853,-3.1402092949748273,-0.0003277957620669598
14.072580575942993,2.0778922140773237,-1.2599865691337053,-17.571047055778784,-0.0960109228895061,-0.18625516419955368,-0.08084764248631088,-0.677306984162543,0.0031220394893064366,0.2602810680686588,0.00014930765624696508,-3.1403469752438804,-0.0003628203238129164
14.08056092262268,1.9292359329093616,-1.2336089296672699,-17.674203875045645,-0.10115886902300826,-0.19223649187661107,-0.07678918205967092,-0.6773173806507627,0.0031503178924645694,0.260300051751781,7.804198818986663e-05,-3.140315216309017,-0.00039234713815951993
14.090563535690308,2.1664678172845018,-1.2150596898821298,-17.57098028561377,-0.09263027225210019,-0.18860286451435818,-0.08137450906697957,-0.6773214364205737,0.003148423253967264,0.26027609693301096,9.06924127410534e-05,-3.140299994586971,-0.00048248973039467276
14.100511074066162,2.188185263229371,-0.962664402609408,-17.52567529782787,-0.1028429915233306,-0.18970236611364868,-0.07794636138759489,-0.6773108835342657,0.0031464610655238773,0.26027355236065897,0.00011725536348494252,-3.140344362745734,-0.0003896275800589906
14.108547925949097,2.3398897831475027,-1.1060771950036945,-17.627026100597025,-0.09859801997401048,-0.18727936051074945,-0.08741794479041771,-0.6773114431940476,0.003110768251421332,0.2602884917100477,0.00018318846390650957,-3.1402576830838638,-0.0004248518216311242
14.118537425994873,1.9548822911286456,-1.053201181004653,-17.596242976612796,-0.10081178678929444,-0.19716316851930962,-0.08032113850202263,-0.6773106063315144,0.0031531040619790255,0.2602635949883986,5.3201485282587946e-05,-3.1403352258707424,-0.00040690107023867754
14.126585960388184,2.1312494942179403,-1.1224446332767102,-17.542361245616277,-0.09497969145912605,-0.19623625501812245,-0.0782502914118106,-0.6773133571255134,0.00312286154930465,0.26028386232125045,0.00016187243392276913,-3.1402892272359715,-0.00037436525543309117
14.136597394943237,2.617038176412232,-1.15931921831256,-17.473294417234065,-0.09441185478927808,-0.1789265453322397,-0.08082590824704566,-0.6772998237036655,0.003118382263339763,0.2602400937168512,0.00022595919834201292,-3.1404006607475976,-0.0003575194891850106
14.144517183303833,1.8388171525449852,-1.2680643024557952,-17.647856981408182,-0.09095213786167577,-0.20459127559702608,-0.07652869185086836,-0.6773122488308455,0.003149411483661575,0.260281536323488,0.00011718595555969526,-3.1403323404656613,-0.0003080101982007353
14.154614448547363,1.8859025726295295,-1.4457921200742616,-17.69765399835307,-0.0906482359105007,-0.20053713916938556,-0.07678037831212206,-0.6773162136721662,0.003156938848612516,0.2603111234596511,1.868613900951016e-05,-3.140255489342725,-0.00037777352715069867
14.164563179016113,2.4939718710507193,-1.333201192698395,-17.5735886499923,-0.09133274570548647,-0.18985299665181682,-0.08282235550727882,-0.6773239341261852,0.003140672371855209,0.2603117578171976,5.3124831074039815e-05,-3.1402429797991203,-0.00028862183675659866
14.174499034881592,1.7570776835654989,-1.432063762003943,-17.589544047523123,-0.09045514182738122,-0.2050670276692957,-0.07459566479342056,-0.6773292610635884,0.003135904353852443,0.26030438962794455,0.00016850697962591987,-3.1402461185414774,-0.0004144432085032155
14.184525489807129,2.2858367657999334,-1.3076006204229504,-17.765861693238563,-0.09421990092726203,-0.19237968111565337,-0.07720655901455868,-0.677304313373154,0.003135477832808183,0.26029081188540815,6.657899235359452e-05,-3.140303606252307,-0.000343035420375926
14.194557428359985,2.1518650228907927,-1.2555251848141948,-17.605415725239705,-0.09274378020862953,-0.19252169983484635,-0.08058974290083307,-0.6773322672565827,0.0031449690730274847,0.2603438694428769,0.0001737727797329348,-3.1401760259870732,-0.00043259390133557545
14.202623844146729,1.7439982913269887,-1.11604066141172,-17.76083965386149,-0.09509870909998437,-0.19514689711179833,-0.07759891887184737,-0.677317150660247,0.003144593130303669,0.26033456663602333,0.00011618089916079498,-3.140202962936869,-0.00037563519321369497
14.21253514289856,2.1159831311808204,-1.3511944719101312,-17.557492147643984,-0.08846634863552344,-0.18495432214894375,-0.07900040952020554,-0.6773074971690307,0.0031590514670309876,0.2602796097208164,0.0001620719438018155,-3.1403489732762444,-0.0004600596390629028
14.220532178878784,1.8965640283771847,-1.271656574758251,-17.64525154764752,-0.09427583770264027,-0.17914768482491283,-0.08305139376309174,-0.6773198278067668,0.0031201069036973996,0.2602921773914626,0.00014295926549953703,-3.140282841064318,-0.0003574356123282289
14.230517864227295,1.7061506780330402,-1.31570240427087,-17.64804453042893,-0.08808009072158555,-0.18519672052427844,-0.08194255715424528,-0.6773230068904841,0.003141335976708262,0.2602846304015607,0.00010414438280644698,-3.140285422803884,-0.0004620043390468943
14.23859715461731,1.591471188110729,-1.2598411165769297,-17.64021477835254,-0.08732988119899152,-0.1782418083554563,-0.07352859029755339,-0.6773177741422359,0.0031245293785012278,0.2602646498776768,7.899022372772939e-05,-3.140296946516827,-0.00033809389142791475
14.248538255691528,1.8393415914265256,-1.2482537236766138,-17.84252909107097,-0.08835590160755367,-0.17161306430703127,-0.07908207268903472,-0.6773311816070133,0.0031356984884100595,0.2603039455971806,0.0001996063271127739,-3.140211351382465,-0.00036058629775692706
14.258591175079346,1.71310845555524,-1.024004774369819,-17.847452781839195,-0.09338538028779035,-0.16976510656360244,-0.08321525040464486,-0.6773024984215921,0.0031702146298709863,0.2603089397023706,7.079186549432387e-06,-3.1402458908087416,-0.00038068556946923047
14.26863980293274,1.7586356822148441,-1.36803138351153,-17.788445932715845,-0.08749320686233082,-0.1684336252919086,-0.07581572535674871,-0.6773293579861,0.0031216240572025785,0.2602996979534613,0.0001816848328275525,-3.1402754305308345,-0.00035236177004416026
14.276591062545776,1.6393639748912459,-1.1830978963787222,-17.816273452535995,-0.08842859379969706,-0.16879920954539443,-0.07370908852871016,-0.6773170553425719,0.0031191944353441336,0.26025679861871204,0.00019916912017818957,-3.140340338284717,-0.00036936322482123183
14.286553859710693,1.970413113824925,-0.8908539202286848,-17.755965685354884,-0.09249013473286781,-0.16164436370359553,-0.08185292568986766,-0.6773248123583484,0.003161047239224194,0.2602986747301862,6.55185207250141e-05,-3.140235220527471,-0.00043689371223480953
14.294471740722656,2.0688181122993905,-1.202011464496806,-17.726488316027844,-0.08637280644156697,-0.16051982173606788,-0.08204000939761902,-0.6773242123769199,0.0031570582177879894,0.26032354775491623,9.733922647749691e-05,-3.140223671927032,-0.00041487038427264036
14.302547216415405,1.619903085374444,-1.105231246582682,-17.788253807233076,-0.08646775485802555,-0.16892716952878212,-0.07837192617645143,-0.6773207848897945,0.003169725329390397,0.260324378835301,1.3655509629818073e-05,-3.1402139611015567,-0.0004507465688824084
14.31054425239563,1.9102817916177457,-1.2985789905582785,-17.75873373206018,-0.08321221375254703,-0.16401888762799782,-0.08212877716999205,-0.6773258391568362,0.003131026549003884,0.2602526363437955,0.00016887169229549634,-3.1403055992719455,-0.0003758581672757692
14.318531513214111,1.572130805939981,-1.220316538408148,-17.84401047816799,-0.08643740390822946,-0.17116231535631857,-0.07433268537650695,-0.6773201230331901,0.003121340669862501,0.26030399641852975,0.00011112451816152751,-3.140235860249928,-0.00039154198161143165
14.326558589935303,1.6706331466656508,-1.2368355509911315,-17.74624371827997,-0.08472115220563461,-0.16574908154567952,-0.0861599854931655,-0.6773254085598055,0.0031681233208266236,0.260304358271084,0.0001042046080390413,-3.140242508568017,-0.00037054905001810675
14.334582805633545,1.9402294612867106,-1.251327341308127,-17.850560742137834,-0.08524553051339752,-0.15703526072340615,-0.07881664771477062,-0.677330420427511,0.003119982310636604,0.2602875913052662,0.00014869196842522448,-3.1402360278235486,-0.00024479610982285684
14.342535257339478,1.8172258798132315,-1.2125745543958637,-17.929823623844932,-0.0835519569049499,-0.1617226593203037,-0.07954696702257201,-0.677313641226227,0.0031195526178236055,0.2602845072623555,0.0001995491100456251,-3.140267428396159,-0.00032860322757235523
14.350584983825684,1.6043867473543731,-0.9277042468744546,-17.657565509905517,-0.08722089348594719,-0.16549334974747598,-0.07593465384627644,-0.6773278957377461,0.00315792405781896,0.2602828437708951,2.1677338943303474e-05,-3.140228678871659,-0.0003341503108263863
14.358558177947998,1.8326488646835792,-1.2049177093130563,-17.655669689880646,-0.0815559174123205,-0.161879815123697,-0.07693268096534474,-0.6773382082504258,0.0031185390033793576,0.260312477236341,0.00013682391554761865,-3.140181589297159,-0.0003876543792102655
14.36862325668335,1.79065046029419,-1.513779885219475,-17.729289119073957,-0.07312440327522791,-0.16006171683189857,-0.07615241488260999,-0.6773301764144822,0.003143698832487354,0.26028883970115996,0.00011275159922631162,-3.140237971939214,-0.0003641513513871817
14.376551389694214,1.802852995372235,-1.1963187711106755,-17.77899390786148,-0.082326256724905,-0.15751939831649156,-0.07363750721835133,-0.6773232195947027,0.0031379689594596095,0.2602901582211163,0.00014327811451469183,-3.140258864318411,-0.0004170428038728989
14.386539459228516,1.382378968627093,-1.0172059872832617,-17.763577669450363,-0.08661406270402193,-0.16682866083513115,-0.08127664564272387,-0.6773154710820971,0.0031206821698975245,0.26030324521727777,0.00013017028443111623,-3.1402157491812073,-0.00035739491361830436
14.396526575088501,1.5732706324535122,-1.0089633866059282,-17.784676749941045,-0.08876939511414805,-0.16679879238749504,-0.08089877157954771,-0.677320874177907,0.00314773451380421,0.260295197954359,0.00011794647467132445,-3.140243308183466,-0.0004105661130426071
14.404623031616211,1.4037974527593753,-1.3367990036764643,-17.596358999186844,-0.07681483616419377,-0.1684536375480311,-0.07605239478647977,-0.6773183130482886,0.003137916187215706,0.2602775210571063,0.00018750080283424573,-3.1402804013815824,-0.00037950060769327554
14.412673711776733,1.7152446471538403,-1.0442588272414692,-17.572619969143354,-0.08581202089078373,-0.16023598784420393,-0.08792221967442643,-0.6773191560504737,0.003151010980334973,0.26029954333878313,0.00014343313301302032,-3.140236091234935,-0.00042436983433039006
14.422500371932983,1.404132348986941,-1.0397596125428599,-17.633513765555175,-0.08238829210137946,-0.16599523590385135,-0.07637100984502589,-0.6773132713301433,0.0031515329677876845,0.2602851195233623,0.00011082098049116267,-3.140298424717521,-0.00038526683424003664
14.430533647537231,1.5065680069334622,-1.3101567225420292,-17.740821091503534,-0.07959519541886784,-0.16256690184752873,-0.07766770945952245,-0.6773088286064295,0.003121574300111222,0.2602621787263462,0.00012972828115350636,-3.1403257428759925,-0.00035712582571907316
14.440624237060547,2.047184896222971,-1.1055164358865637,-17.67782878475044,-0.08112550364760683,-0.15201978598746693,-0.08071751107633035,-0.6773247775794631,0.0031640898543111155,0.26030820074203814,0.00012322476389754224,-3.140215307765587,-0.00044565616079135436
14.450603723526001,1.5872243201198453,-1.6644237226314513,-17.854176693512652,-0.0724374090255035,-0.16065268783036424,-0.07501418100519675,-0.6773281395707702,0.0031321542635620635,0.2602969058277645,0.00018087206538239305,-3.1402290094302603,-0.00040067540809816943
14.460545778274536,1.7658512418448675,-1.1602143853038736,-17.56540627489009,-0.0808300930812915,-0.1607856911517444,-0.07324765371731956,-0.6773273931431787,0.0031367042914284596,0.2602793500700331,0.00015572040986574817,-3.140233302178357,-0.00034640994719371983
14.470552206039429,1.538483839146121,-1.2027687320792293,-17.58518229387707,-0.08015225714684071,-0.17120932016092047,-0.07566616712434693,-0.6773179887242565,0.0031495017113916204,0.2602882282919642,9.068246153862883e-05,-3.1402805117766768,-0.00034365853272397463
14.478532314300537,1.5335866004790866,-1.3014941616055953,-17.70240119738854,-0.08103456959329029,-0.1705969816389867,-0.07563212256181949,-0.677317255075356,0.0031337071698413457,0.2602745240389714,0.0001689115729295862,-3.1402760268628183,-0.0003640148878893627
14.488632440567017,1.4905108673471852,-0.9810484623407019,-17.669420053578435,-0.08454044115524292,-0.17231446275445242,-0.07309446225583044,-0.6773143530250153,0.0031002711213853006,0.26026521215624776,0.00020009385952141404,-3.140315472790552,-0.0003581614054058919
14.496524333953857,1.6515182252180058,-1.104960610761048,-17.712066717540736,-0.08706214224376123,-0.17213447647216965,-0.0791837004425132,-0.6773222774372386,0.003143570261629411,0.26031144449493815,0.0001030768272065849,-3.1402074196248795,-0.00043357344913993014
14.504594564437866,1.4450644974133735,-1.4176295604235434,-17.722097926744155,-0.0785552499642032,-0.17367368627616045,-0.07169463608031433,-0.6773165012000391,0.003112515266183822,0.2602607848309711,0.0001739236692562033,-3.140316218806084,-0.0003197308834739434
14.512606620788574,1.7624445883199837,-1.1852606829348846,-17.59761270604877,-0.08470117149796556,-0.16814657246718606,-0.07251175434814822,-0.6773117790342329,0.0031719681383631853,0.26030499371959404,9.084349345187732e-05,-3.140249956425685,-0.000427627806802273
14.520522594451904,1.7739470007851892,-1.1715681295234057,-17.716261484767344,-0.0844761929936356,-0.17246817548973353,-0.08179137333914246,-0.6773300437215574,0.003099492219594008,0.260283127517215,0.000214542023582833,-3.140251686017275,-0.00041235950712048086
14.530542612075806,1.527054308637955,-1.473411936376389,-17.696072396121806,-0.07582353626311328,-0.17687347587246868,-0.07599434453898178,-0.6773161531644979,0.003140259521606342,0.26027383035831897,3.305281007645491e-05,-3.140304087764546,-0.00032371464069414
14.538527488708496,1.6259855126809633,-1.529285633810101,-17.7489473875181,-0.0717007199059358,-0.1767543547152494,-0.06996260203210442,-0.6773119284334487,0.003124283342365436,0.2603044124918169,0.00016882370633005084,-3.140242861521004,-0.00046260922156459816
14.548598289489746,1.4253725275846938,-1.1790147135914006,-17.527278416787716,-0.07949825060029744,-0.18547951660051437,-0.07258791390799442,-0.6773349447712893,0.0031525588784610085,0.2602865458364864,2.8386370917268998e-05,-3.140219997649034,-0.00044850814867799306
14.558515310287476,1.8918229303016636,-1.046429644384778,-17.58933999447996,-0.0795724280749654,-0.17349183140605734,-0.07933812699651879,-0.6773234002344471,0.0031485546176349267,0.260289961106501,0.00011789154119553518,-3.140253339057617,-0.0004119380836352955
14.56657075881958,1.684236660487896,-1.232024253559329,-17.53587139036184,-0.08100709491474384,-0.17995324122498088,-0.0764602674336194,-0.6773369753799204,0.003167265593952034,0.26028727987594663,4.6286688521679765e-05,-3.140220426504191,-0.0004034039517097554
14.57662320137024,1.632463998094055,-1.0686192741213612,-17.601620287165435,-0.08235513696342625,-0.17992244400088134,-0.08256906728999808,-0.6773294743478935,0.0031345572708777413,0.26029570148099956,9.292744761314898e-05,-3.140196947435637,-0.0003634372214936503
14.58650827407837,2.0328969337491793,-1.240240662311737,-17.633999951736907,-0.08202755742422825,-0.1790436012746882,-0.07868552624773789,-0.6773171167836014,0.0031315043493229965,0.2602918047001886,0.00014875319546352707,-3.1402450094678303,-0.000421373272089754
14.594584226608276,2.32296629370063,-0.9463246603979445,-17.562350927819505,-0.09189623114195787,-0.17265540302237053,-0.08131568261919267,-0.6773186755898513,0.003152149652102422,0.26030312332056726,7.927492297018082e-05,-3.1402122412257985,-0.00040595972892549885
14.604644536972046,2.075274538924242,-0.8744343436189885,-17.633195750585493,-0.09201692233360192,-0.17941874307725433,-0.08601856819277533,-0.677325589750671,0.0031574980139115146,0.26026767396571066,9.266875720123413e-05,-3.1402691832888925,-0.00041357261058456735
14.614499807357788,2.1401279075854176,-1.1510116943870008,-17.77179102571681,-0.079618345885817,-0.1808257734218921,-0.08095936998093012,-0.6773205940747096,0.003149931882726833,0.2602857820355878,2.8313225689024257e-05,-3.1402423486756383,-0.0004007784573436345
14.624558687210083,1.997541519865762,-1.122522450514779,-17.78157871070343,-0.08094739910163004,-0.18356097765629462,-0.0773466864496334,-0.6773320374655764,0.003135210964049301,0.2603024534512711,0.0001944917301099875,-3.1402042511643153,-0.00040864818890616025
14.634517908096313,1.8202796415813418,-1.3353060440343996,-17.81848416876293,-0.07903461809166133,-0.19264570137429574,-0.07528879968080283,-0.6773197837044702,0.0031447958225920766,0.2602747915177141,7.229313457245396e-05,-3.1402738036585323,-0.0003120213375262526
14.644490718841553,2.0474670184019907,-1.0962271791082676,-17.672678577690515,-0.085573508188786,-0.18995809681620368,-0.07355644344336827,-0.6773215446558575,0.0031330448816527757,0.2602857268477084,0.0001247411985409931,-3.140253230745893,-0.00039276620112387066
14.654577493667603,2.112755514636326,-0.967856418198386,-17.563364029806916,-0.08551821718479219,-0.18632872429586536,-0.07997996808354071,-0.6773329615808406,0.0031343607248436635,0.2602939754466842,0.0001180203577491819,-3.1402257743459265,-0.00042077519799608797
14.664496660232544,1.5715251676662667,-1.016549992839525,-17.55168511208004,-0.08522801028233974,-0.1872944909979634,-0.07457687242677011,-0.6773129416555653,0.0031606706650962172,0.26028300762683176,7.266701943384299e-05,-3.140242195536971,-0.00042216728872124227
14.674548625946045,1.509930254272089,-1.1627110127036238,-17.80704626428988,-0.07932541025484248,-0.17341865966816264,-0.07569319432376333,-0.6773123206431427,0.003173272542966529,0.26030771617428394,1.4686538763250399e-05,-3.1402278206922896,-0.00040790387182229316
14.684506893157959,1.7633015956142624,-1.0332078945932697,-17.606943603869624,-0.08076892808617091,-0.15807365246039226,-0.0818687906103938,-0.6773194051006616,0.003116828384232178,0.2602925319477942,0.00018800071095093592,-3.1402173646796916,-0.00045687820172439215
14.69450569152832,1.5543917432965706,-0.7847896393375637,-17.504519734435164,-0.08716767166445821,-0.16329813780329303,-0.07408643762526211,-0.6773379164534452,0.0031226911822453537,0.26031877540063453,0.0002001951155407145,-3.140134596668057,-0.00042406436263148206
14.70460820198059,1.8833530815801602,-0.9946241723729623,-17.509462460493495,-0.08453138251102085,-0.15373263716631103,-0.08118467116804695,-0.6773285941134888,0.003109864708294016,0.26028556862671226,0.00020054506788077492,-3.140232248776185,-0.0004445250990330751
14.714476823806763,1.63636620636636,-1.0376561751016111,-17.696264351925432,-0.0818346095202603,-0.15470191047927337,-0.06952761361342238,-0.6773297956494696,0.003117653899498466,0.26028664844154836,0.00014934755515120542,-3.140190154489115,-0.0003532559791940347
14.722548007965088,1.4633741154962225,-0.8135206829371453,-17.719993186337284,-0.08274684344659795,-0.15689762304255678,-0.07712627745106909,-0.6773360810580449,0.003135049299034199,0.2602756251942944,0.00013091445231162952,-3.1401808757071974,-0.0004371390310221914
14.730887413024902,1.644590358744939,-1.0675898128244878,-17.589074415561402,-0.08203426328203708,-0.15259810900012083,-0.07471146229818394,-0.6773276242094729,0.0031291034161887456,0.2603306488430345,0.00014379063603155571,-3.140147081435482,-0.0004269873485566701
14.73856258392334,1.65646913106848,-1.0002640852787203,-17.705855887774415,-0.0784097294496321,-0.1554346178060649,-0.07606155517757533,-0.6773352216112318,0.003126390898302405,0.26033387432002075,0.0001680791119111247,-3.140107591564816,-0.000454139840656255
14.748543739318848,1.0948849515201933,-0.9875983262833332,-17.62967636429901,-0.0790886800173814,-0.1644717761249033,-0.07512457657257711,-0.6773314823172719,0.0031357791841571964,0.2603011773354537,0.00017513981025731948,-3.140138900314424,-0.0003957347392742513
14.758599519729614,1.3757025142056576,-1.1171386388585391,-17.777551500530556,-0.07759325149910158,-0.15859669859085873,-0.07380518524829843,-0.6773330889209146,0.003167769279097578,0.26031705204751704,0.00011681548445281972,-3.140165210402832,-0.0004472249795720378
14.76659893989563,1.4980876060911856,-0.9904806433950819,-17.800513647883836,-0.08342074387170817,-0.15959410766341917,-0.08605354173335587,-0.6773133830325149,0.003124483639291786,0.26030307976089384,0.00018761952657343035,-3.1402358678208193,-0.00041748922724782673
14.776491641998291,1.5805961781457663,-1.1011566032477567,-17.719078298336015,-0.08022380162021257,-0.15437966100218278,-0.075155889714353,-0.6773376652125552,0.003151893527851265,0.26031738946598193,9.822875457429077e-05,-3.1401493171164394,-0.0004522460760666606
14.786582469940186,1.2364090921449495,-1.1426622703237341,-17.910921931775874,-0.07875297532584863,-0.16298325828001473,-0.07522897207684566,-0.677328290224959,0.0031444514467053866,0.2602934482308519,0.0001556326384346393,-3.140220700670136,-0.000515563386110319
14.796699285507202,1.3961800807414986,-1.0851072400161603,-17.648828773133147,-0.07962031209659559,-0.15724346217529464,-0.07669499756275858,-0.6773066019629793,0.0031405677838711697,0.2602608686016077,0.00010534610764052344,-3.140246760174901,-0.0003798843427076397
14.806593894958496,1.6791328186402008,-0.9085739092218453,-17.89241667599877,-0.08490319951704561,-0.15284515683087616,-0.07318541803203188,-0.6773142365726071,0.003144906037304888,0.2602597830041229,0.000130777573161187,-3.1402404466448135,-0.00034379829106945644
14.81653881072998,1.6498088626101113,-0.6909403880740397,-17.66836125001308,-0.08617104792603938,-0.15488393504387962,-0.076957909080034,-0.6773447996778865,0.0031844020493787973,0.26033522362879347,3.993343248243476e-05,-3.140104022434474,-0.0004669535256353421
14.826532363891602,1.3134074232785338,-0.9440194353972572,-17.735640588301013,-0.08415768389540636,-0.1618822026559277,-0.07304533271681919,-0.6773323908892366,0.003155144933516442,0.2603001405372724,0.0001690411459989021,-3.140208483347769,-0.000455448008258521
14.836568117141724,1.3392638355552273,-1.1648657910451519,-17.796950213325008,-0.08011752767186786,-0.16600236909987293,-0.07284363300507747,-0.6773162205664445,0.003107782916711903,0.2603156087495441,0.00017515615634985024,-3.1401912448280402,-0.00041952183139810315
14.846597671508789,1.5704937330948943,-0.9131489120655314,-17.743854830738982,-0.08699516432314056,-0.1672674877183887,-0.07774582055566252,-0.6773455403446151,0.0031450454893646503,0.2602838369077909,0.00011705731736745538,-3.1401848915456108,-0.0003887302183197811
14.854520320892334,1.4675260040940195,-0.8645209088674233,-17.92043771585559,-0.09147052596071407,-0.16969113886570364,-0.07077729456165047,-0.6773230850628195,0.003143444544414401,0.2603251625204248,0.00012519414486792107,-3.1401503021672434,-0.0003663258982942345
14.864492177963257,1.5194432145003347,-1.077531212372432,-17.83337413013249,-0.08058140236051133,-0.16985855213164244,-0.07537355280036218,-0.6773124773004003,0.0031193429145647267,0.26027393484905503,0.0001693513014602259,-3.1402499553399212,-0.00042716805778346726
14.872527122497559,1.537100333003612,-1.158242481579112,-17.916741957895223,-0.08209277517166474,-0.17033472675410782,-0.07700549966694108,-0.6773319015144926,0.0031629249503544008,0.2603084122254428,9.846726333154454e-05,-3.140151333146085,-0.0004255199288224071
14.882569074630737,1.5400314545995024,-1.2577724136931672,-17.95217096541216,-0.07448533530464817,-0.1722160427176103,-0.0684959150480337,-0.6773114857824307,0.0031253832831691455,0.260295173814547,0.00022036594552899612,-3.140208424111013,-0.0004474923372115483
14.892646312713623,1.5357667491881337,-1.1401603427787266,-17.842113685975196,-0.08060817221669651,-0.17525635665396525,-0.07515025849363247,-0.6773254240965133,0.0031439287222412714,0.26026172815228255,0.00012512076828607332,-3.14025649370305,-0.0003319668082669259
14.902503490447998,1.7505301943571754,-1.206009207441949,-17.877606214547505,-0.08527761081192696,-0.17585075151858756,-0.07765050727009146,-0.6773297864139904,0.0031421563327509996,0.2603127643445336,0.00010514097060464496,-3.1401524519068884,-0.00045108972555067754
14.912606477737427,1.7711154155583728,-1.1244485289534498,-17.87037277863771,-0.08624681809203517,-0.17872486326556736,-0.07852511260471932,-0.6773369145913506,0.0031401333805898724,0.26034318554063074,0.00012448071011412698,-3.1400448629788325,-0.0004314002345792309
14.922523260116577,1.808431709412382,-1.0984678742666665,-17.797128361575673,-0.08396779990801484,-0.17497944240696384,-0.07544965414694711,-0.6773215052194125,0.003144929406590258,0.26034057567546187,0.0001241178733879552,-3.1400947956112497,-0.00040317947959993055
14.93049931526184,1.8138615867474572,-1.0091740651249972,-17.998588734634478,-0.08767552375955497,-0.1774944498366988,-0.06852108073695387,-0.677318603953973,0.0031288960659945995,0.26030140765235354,0.0001305114927311009,-3.1401918013547965,-0.00048493016505050533
14.940617084503174,1.8176296466040542,-1.0502580481055932,-17.942399017095447,-0.08242716420270316,-0.18066787040477553,-0.07847006481178996,-0.6773182564848436,0.0031405641591144592,0.26028779343287844,0.0001360491631166913,-3.1401891035276384,-0.0004062475369368452
14.948533773422241,1.804646855883448,-1.0936755536893303,-17.845542094671977,-0.08102307502266547,-0.1747999382875277,-0.0703531630493105,-0.6773127371767113,0.0031121605944745127,0.26034171052408883,0.00016385994182449947,-3.1400994318088755,-0.0004488908628943997
14.958559036254883,1.2708915035934558,-1.1691963968965642,-18.042746919299233,-0.07761329079285519,-0.16795370776716645,-0.07197942186909408,-0.6773160156368236,0.003149384679759442,0.2602631967680795,6.121198078395085e-05,-3.140229825151627,-0.00041210688107486365
14.968582391738892,1.3589965851434729,-1.1692232764519508,-17.987843953609616,-0.08115621495351825,-0.15414434320987586,-0.07221186148829267,-0.6773241736777322,0.003131248495143802,0.260301083753395,0.00014943146064764262,-3.1401681293048296,-0.0004199588072190438
14.978538751602173,1.4386405030486091,-1.1594110508555373,-17.986830306430374,-0.07809425714464674,-0.1462903327561025,-0.07512051565103715,-0.6773212719557506,0.003158980596493903,0.2602749494668047,0.00010027474771740298,-3.140194543066435,-0.00043041371522184625
14.988651514053345,1.2637220917706025,-1.3150867598499931,-17.941131653585522,-0.0718490657587189,-0.14767667350554187,-0.0743655883457193,-0.6773289211253309,0.003155590292058878,0.26031785733116786,6.13171546450643e-05,-3.140115947120941,-0.0003771933176596393
14.998537302017212,1.190076494116271,-0.9549896084607609,-18.05601132858635,-0.08389857174921775,-0.14365684108528184,-0.08269800802952765,-0.6773336940535755,0.0031564273367479137,0.26028928419020214,0.00015690291710681957,-3.1401207142068785,-0.0005014943126569984
15.008524894714355,1.1910432431753895,-0.9466002003713165,-17.924577103163784,-0.07792067434512068,-0.14366937249142656,-0.07700219448216715,-0.6773232443949921,0.0031472338521988646,0.26027797967618055,0.00011905652926034428,-3.1401806126184684,-0.0003707064964946899
