time,x_force,y_force,z_force,x_torque,y_torque,z_torque,x_pos,y_pos,z_pos,x_rot,y_rot,z_rot
0.33223605155944824,-0.6163287495044611,-0.8986001843113878,-28.379443127075717,-0.011017596782317758,0.04366630857641532,-0.08041346391357002,-0.6771966423289444,0.0031310360463321033,0.26592553346730236,-4.56238064185356e-06,3.1413573821949674,-5.783390127812727e-05
0.3403029441833496,0.71716224327902,-0.2571384479887421,-29.316100512495606,-0.002727182972107081,0.018670506487526495,-0.08953105168995815,-0.6771903596210006,0.0031244254591144185,0.26596491076553114,-6.729137373679328e-05,3.141399736320001,-3.638554221382685e-05
0.35024476051330566,-1.1649991192292528,0.11600918259076366,-29.26551456359243,0.007050524247623588,0.07856554347522439,-0.08893930896261616,-0.6771943920860451,0.0031495697864073694,0.26589405944888533,2.0751370462750525e-05,3.1413108071249174,-2.7907721261723817e-05
0.36028075218200684,-0.24882851905465736,-0.5708914256905588,-29.206961025018526,-0.006248752029978326,0.026684836227022057,-0.09334902682577483,-0.6772026668880317,0.003166053472707007,0.2658979651412622,4.6607874880051545e-05,3.141299513429816,-6.42276206519222e-05
0.37024497985839844,-0.2931034945024932,-0.3969359295104208,-29.54954015346607,-0.006481851995683072,0.01953920304757786,-0.07742401808112608,-0.6771873226460486,0.0031640303071359278,0.2658326970028898,8.789666978587349e-06,3.141201725779226,-7.70594026536702e-05
0.3802657127380371,0.3803328472818501,-0.04154485392262523,-29.7370872166355,-0.003480898707474811,0.030439503235093212,-0.09291039606223311,-0.6771767379252445,0.0031008038607238005,0.2657923591573319,-0.00011374023498296666,3.141101171835985,-0.00011408771133965341
0.3902773857116699,-0.4491240888353253,-0.44262593922041105,-29.53135370621661,-0.011525474017281866,0.05852107655715706,-0.09593900498374322,-0.6771807701393028,0.00314154656824598,0.2658390923421836,-5.756902452887433e-06,3.141276983979351,5.3836991016681536e-05
0.400348424911499,-0.9385265860179991,-0.7519978391020324,-29.24817930134336,-0.012708275173464473,0.04826196356773472,-0.08804637685605907,-0.6771891902811195,0.003115920246111598,0.26584002387372985,-6.353543796026241e-05,3.1413086493995204,-6.668179079184251e-05
0.4104194641113281,-0.30628280723081736,-0.6152987087873782,-29.40059778694278,-0.008332717476015335,0.025663383665318146,-0.08445274036956121,-0.6771888857030355,0.003133222428207707,0.2658312643048384,-8.786170247561319e-05,3.1413134737393387,2.5678735835232932e-05
0.41831016540527344,0.09479191879622531,-0.2656472146572472,-29.28632668969274,-0.00014152222922097322,0.04326428742000924,-0.08674239191073059,-0.6771752470424393,0.0031396283688010325,0.2658120926900119,2.4298315430163583e-05,3.1412895596077917,-8.084595524704172e-05
0.4283018112182617,-0.1641301093974535,0.024178454296094564,-29.23312750011217,0.007407850773181124,0.05015662726738302,-0.08867875233594587,-0.6771870031933677,0.0031431762590308776,0.26583267419175904,-4.633561803852455e-05,3.1414107617593845,-2.291804266355533e-05
0.4383053779602051,-0.1319079494032229,-0.18725464342864154,-29.19585500126626,0.003951844397590361,0.05265819747129483,-0.09250145008914072,-0.6771974003561614,0.0031478117505993777,0.26581230169201264,3.687453449299841e-05,3.1413841720018776,-3.834216488660411e-05
0.44642066955566406,-0.052541598241574054,-0.5316955990129804,-29.353485952048665,-0.014062871655393666,0.05243740767982819,-0.0952710820269639,-0.6771957105092311,0.0031502965055527493,0.2658081248909374,7.515571915544331e-05,3.1414268273070673,-2.4862473897393776e-05
0.45432162284851074,-0.26833668410280204,-0.7460934385593863,-29.368718478120503,-0.0030883332236564132,0.03144594876252629,-0.08343488931548396,-0.6772002326532027,0.00312025845432738,0.26577441546255653,2.6119422379166645e-05,3.1414091579672405,-9.039616630407203e-05
0.46428918838500977,-0.4752211233680456,-0.9714397928607651,-29.34347901100237,-0.013312213128096594,0.04924405536564048,-0.09193401331531997,-0.6771930357428404,0.0031200921289780436,0.26579420216451405,-4.608936443486753e-05,3.1414590386072345,-9.888566989554808e-05
0.47429633140563965,-0.4502158418014343,-0.5036370452668552,-29.309377412913854,-0.010113310563608202,0.046536926828432544,-0.09072392751325535,-0.6771855910310971,0.0031151491051827607,0.26575350802012143,-0.00010013877588515526,3.1414397151577345,2.5898005498360358e-05
0.48439502716064453,-0.39679430966746176,-0.5027331375674183,-29.39799541358128,-0.0044383592147935235,0.040813588082940104,-0.08750454971848733,-0.6771987166747034,0.0031491418164578252,0.2657563389749613,-4.2970552649969386e-06,3.141460102506288,5.1647952546356044e-05
0.49225854873657227,-0.34070214664335263,-0.3815065925965322,-29.28882501454138,0.005124496125914891,0.026379448041362847,-0.08629583292136865,-0.6771790260927392,0.0031229782900246824,0.26568688877193514,8.828615892116877e-06,3.1413591444800453,-7.384244880414691e-05
0.5003252029418945,-0.16432169292624574,-0.06588591947453448,-29.1109069986916,-0.00543499985041351,0.037205068212175736,-0.09056297141076254,-0.677193732244493,0.0031157768208326534,0.2657313532474748,-7.517566223511096e-05,3.1415105959532883,3.3725887470321766e-05
0.5105025768280029,-0.7037157884839896,-0.3453267371095916,-29.31744418589006,0.003264304464336131,0.03850988826122406,-0.08735039555237113,-0.6772144307788475,0.003120868811771447,0.2657604184092853,0.00012639851429093363,-3.1415782632667,-3.202621053693474e-05
0.5203275680541992,-0.188182845293055,-0.45942836289948086,-28.985823159990975,-0.0009627042206783067,0.04257332558755864,-0.08598575524930085,-0.6772089043489172,0.0031316839409932227,0.2657319254739186,3.1951702940807246e-05,-3.1415773623917325,-1.2833372742308882e-05
0.5303711891174316,-0.677963645597842,-0.66966047195216,-29.136354993156544,-0.003440492839349154,0.03102458585936881,-0.08382764305899545,-0.6772088796788602,0.003156218592562638,0.2657312851576426,-1.9805005943853822e-05,-3.1415287962375396,-5.958141276953748e-05
0.5383572578430176,-0.6085664229794419,-0.5591375781209424,-29.14076082759593,-0.013315532986564887,0.036057839153639026,-0.0849098681419309,-0.6772118918691971,0.0031368059607182804,0.26572697628724284,-6.051288582579224e-06,-3.1415075642234878,-1.5863838023221892e-05
0.5481839179992676,-0.544963440926645,-0.31458038287080975,-29.30000941259091,-0.013485921943911528,0.0414699730160253,-0.09006709786842235,-0.6772158065640883,0.0031491802716208323,0.26571192054713877,6.980822414225163e-05,-3.141514910535084,-5.850361347176831e-05
0.5583052635192871,-0.44677902615575327,-0.3930336758209036,-29.162584517385387,-0.003319726507444145,0.03341376770423447,-0.09268039902576537,-0.6772006773353045,0.003110144546040338,0.26566585695808376,-5.717648240451628e-05,3.141585065608382,3.073733957051956e-05
0.5682919025421143,-0.2985241864993598,-0.24845024386186168,-29.310639285526708,-0.0037997352982911577,0.0398996332041988,-0.09017487179607639,-0.6772089424596278,0.0031368273421180006,0.2656666491700898,4.6842993372946383e-05,-3.1415170038144646,-2.4400733652826323e-05
0.5762939453125,-0.235732071462773,-0.32394188128028695,-29.16193557553724,-0.006450769296685787,0.04194238213029491,-0.08500736327662009,-0.6771998356001871,0.0031113257495516003,0.2656163564932126,-0.00011148116719155494,3.1415871412673524,6.447003335182362e-05
0.5843708515167236,-0.3131261332665102,-0.19527462705075302,-29.271651698650548,-0.004716762759343475,0.04092096372315752,-0.08821653433230392,-0.6772135323289487,0.0031331162577347407,0.2656563318789227,-1.6306713215858957e-05,-3.1414868533492655,-7.156670096856236e-06
0.5940825939178467,-0.3708352456217988,-0.37993704579613724,-28.94925326078519,-0.00966874725101415,0.043128881431845935,-0.0926663191107986,-0.6771995430381922,0.003129317965505192,0.2656416205652321,7.988705364096187e-05,-3.1414432874717257,-8.45199013272456e-06
0.6022500991821289,-0.14206968199380082,-0.5197980127434569,-29.035930822801152,-0.00760302084928058,0.04850813543655624,-0.09061214274063623,-0.6772082686031677,0.003153266607375664,0.2656027255416541,1.6198671112431025e-05,-3.141498090097152,1.692057773933215e-05
0.6101200580596924,-0.06904379929591345,-0.1901650565248397,-29.142216668245105,-0.009279738772281075,0.03956296008794105,-0.08843443505177505,-0.6772124663015238,0.0031365147182264583,0.2656147273698262,6.225314891607323e-05,-3.1414515616579615,-7.750501920797547e-05
0.6181991100311279,-0.3335178695453013,-0.20878517657297627,-29.250423185833387,-0.01612228028134933,0.040383343134540915,-0.0876456444759429,-0.6772157914866145,0.003144657732318575,0.26556883450183494,-6.232104088058088e-05,-3.1414823112715524,-4.8163458603991574e-05
0.6281986236572266,-0.40872661300731816,-0.279895392452685,-29.10259722157276,-0.01139558264825486,0.03737478845755836,-0.09347451672594113,-0.6772257541507419,0.003138612744193171,0.26556450335670845,5.660209683219472e-05,-3.1414302745963476,-2.959475616825562e-05
0.6361536979675293,-0.6142249761821357,-0.514512638253798,-29.204209106954554,-0.0014763931273219296,0.0354931465820708,-0.08839701270557004,-0.6772043364872149,0.0031367812778369734,0.2655111668445092,-2.2938443692669385e-06,-3.141578251823211,2.355639051194434e-05
0.6462187767028809,-0.34129009587997633,-0.16910838377811982,-29.309318848072902,-0.008190597344580886,0.04355813613847939,-0.09289701392064367,-0.6772200069359351,0.003148242371317462,0.265513380044582,9.476149105436061e-05,-3.141471843897778,-9.60202786938024e-05
0.6562869548797607,-0.49326809234372526,0.09281382889001809,-29.297376617237603,-0.0162912064125987,0.03418890702525374,-0.09221195119450713,-0.6772232801230179,0.003138730692821692,0.265513881875817,0.00012121047370431467,-3.1414466115471953,-7.120902497576676e-05
0.6662604808807373,-0.18108002068346118,-0.5389323064972705,-29.00346885732945,-0.003928681808494252,0.0375877385830621,-0.09359789311274878,-0.6772029038459327,0.003112547834170978,0.2654209552757849,6.961329202897395e-05,-3.1415518991512195,4.295012055319882e-05
0.6742510795593262,-0.4249686226617112,-0.3297810774702606,-28.962390493547975,-0.009092004771950784,0.033236813498907405,-0.08971655722896833,-0.6771976454156085,0.003146952721491841,0.26539749011303576,1.3785497996141346e-05,-3.1415762741847435,-3.535942076988092e-05
0.6842668056488037,-0.6636056056952001,-0.12440068164955385,-29.18237289260965,-0.012795532849506725,0.04039832659413676,-0.09116938041270176,-0.6771942972127912,0.0031393167777412226,0.2653463151204488,-6.136706554954373e-06,3.1415653668290617,4.000167219175998e-05
0.6942563056945801,-0.699138075438475,-0.3616455586324724,-29.291108385528567,-0.006527883577387665,0.02920747984649418,-0.09120506107526159,-0.6771895451327135,0.003132578366393604,0.26535060957873363,-5.2425227898915824e-05,3.1415590577733563,-7.097232288521863e-06
0.7023262977600098,-0.3907240391794555,-0.22912661939569573,-29.1348172965685,-0.011519680265937937,0.041248519485715215,-0.08830555334965003,-0.6772023001059265,0.0031396848925449626,0.26534263172204153,-3.732300032064054e-05,-3.1415586789772467,-4.038937289204604e-05
0.7122621536254883,-0.07372461257238601,-0.2134960270217283,-29.240673621453638,-0.013156448939988137,0.03640343851124376,-0.08973646964713261,-0.6771857634246374,0.003158204122759759,0.2652794143018058,6.262257539289968e-05,3.1415170170105147,4.7153754124006025e-06
0.7223250865936279,-0.2030966168997143,-0.2657286011135856,-29.16716143744799,-0.012174264444434904,0.05414568414396781,-0.09526333563044265,-0.6772126809553064,0.003115593247908399,0.2653101864798334,9.877819542564874e-05,-3.141499485081773,-3.982787249494357e-05
0.7322638034820557,-0.3118714434753076,-0.36530319768203606,-29.061613970911157,-0.009308549664922802,0.04510422674907816,-0.0947052763970469,-0.6772059425860028,0.0031800883149705,0.2652419108629348,6.643268118778209e-05,3.141591275746001,8.992218958230883e-06
0.7403302192687988,-0.24923970667705786,-0.4907370392907867,-29.119996324905276,-0.0024005291214022483,0.04345419185761208,-0.0933710025501081,-0.6772199987760446,0.003128836932131228,0.2652360527211691,-8.70603446547576e-05,3.141592314291576,2.1635570151732086e-05
0.7504086494445801,-0.2105603877661146,-0.0795910936734046,-29.17671601005471,-0.008193762819903534,0.03655390623069781,-0.09256574175455584,-0.6772093008595027,0.0031155702200339136,0.26522129193470834,4.7862933785304875e-05,-3.14159085325048,-2.203468716151376e-05
0.7602462768554688,-0.3656366034193361,-0.45633172496387586,-29.27359728856088,-0.007937256566219826,0.04005927297294512,-0.092672959182433,-0.6772043441224009,0.003111159821021555,0.2651924179825175,-4.816065307593444e-05,3.1415726403248128,-8.385007698826366e-05
0.768317461013794,-0.4888679989855102,-0.26619747092041274,-29.074948781119122,-0.0046854740763601355,0.038985903233413534,-0.09096764993537589,-0.6772184325321329,0.003136864894122011,0.265172712152094,-5.384230092886289e-05,-3.141590078069542,-2.872347880512303e-05
0.7763032913208008,-0.6469159734899279,-0.4003431080440907,-29.088105138707295,-0.006845344477746268,0.03434658041933451,-0.08786194292458363,-0.6772118712776041,0.0031134708815713343,0.265166300893808,8.819403495846072e-05,-3.141571656797234,-3.442787809514854e-05
0.7862801551818848,-0.6265693809106927,-0.184760132597632,-29.18325630834835,-0.006747427898068579,0.029709053987174914,-0.0904510690224314,-0.6772104549969464,0.0031108911494971197,0.2651758393878316,0.00010040288346510543,-3.141540235993325,-4.4491450396977883e-05
0.7963070869445801,-0.5075728326773458,-0.5550560701774023,-29.189105979397812,-0.0018673229368976574,0.03595919440017082,-0.09021638251487728,-0.677195749508004,0.003126120897861076,0.26508144307850623,-6.937768111505692e-05,3.1415081800921008,-1.1628700274159509e-05
0.8064699172973633,-0.3848086294414588,-0.4371325671545046,-29.1785060555691,-0.010130042694385534,0.04172277906039363,-0.0920698534741682,-0.6772045104228382,0.0031109247474444953,0.2651120959233622,6.399023778090875e-05,-3.1415664974905155,2.422357463178728e-05
0.816448450088501,-0.08040859241473536,-0.15527395511992528,-29.102975005821968,-0.014045738369988436,0.04211129891146562,-0.0884978503128918,-0.6772163617647974,0.003162298332245961,0.26505315853069517,3.191866594035676e-05,3.141588633288695,-6.945886660869286e-07
0.8261911869049072,-0.6503829076872357,-0.34832713754022254,-29.076844721482175,-0.001647763399945376,0.03514303647772324,-0.09235786514385053,-0.6772009679413411,0.003111416437632003,0.26508238156771435,0.00010408488260575461,-3.1415359650598123,-5.2356252766625655e-05
0.8342959880828857,-0.9535822224747832,-0.5010705698861788,-29.17224984128621,0.002456735062682706,0.021374645911980992,-0.08898181471606216,-0.6772045777625088,0.003131193848993637,0.2650732446536824,4.6780754318325605e-05,-3.1415181405458386,-5.795532823334483e-05
0.8442952632904053,-0.49643228229479736,-0.5858700682193193,-29.341893985777983,-0.00472455258011386,0.03524530792446945,-0.08434761340471457,-0.6772110930558712,0.003148832560330185,0.2650447101118967,4.1082666362717444e-05,-3.14153398695065,-4.504174469342416e-05
0.8522419929504395,-0.33892424029932655,-0.2861467708556113,-29.1488242255054,-0.011212622732343488,0.03886043025291833,-0.08996404228829102,-0.6772120586714176,0.003103712491068703,0.2649942942811657,2.0522332939286588e-05,-3.141578464381244,3.611883282348334e-05
0.8622808456420898,-0.3753216347234869,-0.4378648503957895,-29.1397216016113,-0.0028385137216796787,0.038133428000264626,-0.08638314753949447,-0.6772288008469305,0.003117305289696825,0.26498585494940524,3.442027817014056e-05,-3.1415398777579018,3.677257131288292e-05
0.8722937107086182,-0.3352102802058969,-0.3791974311127381,-29.29879069375945,-0.010097728359494244,0.0390143597867599,-0.09469766501797593,-0.6772150335119119,0.003135143468368511,0.2649314721425018,4.218853202629357e-05,-3.141567394432966,1.8741980647231414e-05
0.8823232650756836,-0.7869791541456763,-0.457650885165413,-29.334481137716622,-0.0031456333239144258,0.027288602547746038,-0.08605584537853395,-0.6771978994283461,0.0031263819281508684,0.26490163010188383,-9.818817885519875e-05,3.1415322103552383,-1.375196169304346e-06
0.8923687934875488,-0.40476714475524544,-0.46258056704934297,-29.203998561996706,-0.010867183526707411,0.03266661237307188,-0.09631084996540548,-0.6772146036984713,0.003166056315428949,0.26491064278075804,-7.929243657367233e-06,-3.1415430423438298,-4.0727313517625914e-05
0.900188684463501,-0.4469102434814235,-0.14568692994475396,-29.063898880033236,-0.008625785147198995,0.039578973666645485,-0.08995678428319355,-0.6772071476304662,0.003134105719330537,0.2648846890503064,7.625117367434612e-05,-3.1415684539294833,8.216323126408045e-06
0.9102840423583984,-0.6014380932139748,-0.2705475495277827,-29.125368709186752,-0.006411314278343896,0.03376616563390012,-0.0945244380389558,-0.6771853316967213,0.0031419219412386324,0.26486527772215673,2.1118201953548262e-05,3.141558511141923,-5.7899325590075965e-06
0.9183022975921631,-0.4207498575338613,-0.28644263357917216,-29.168586680036533,-0.011700435812486474,0.0346410046003405,-0.0883832098376493,-0.6772103380993575,0.003147800577150192,0.26484872816868205,-2.5591113892439814e-05,-3.141566634135819,-2.5626572970604646e-05
0.9283103942871094,-0.71304135750455,-0.8128424095442496,-29.20401610898651,0.002743146374407929,0.026569132638763027,-0.09197771663169126,-0.677210792724227,0.0031325448654424,0.264808425289618,-4.981208482161934e-05,3.1415908419617504,3.0107501394894006e-05
0.938241720199585,-0.4469484628159748,-0.4183116953437966,-29.21955610039507,-0.006869110244125873,0.03927625978937568,-0.0899119777237264,-0.6772125455117101,0.003151783251998135,0.26477779235598,-1.898547026806818e-05,-3.1415758327140697,-3.417580724545245e-05
0.946387767791748,-0.30796969943989677,-0.4797019719380156,-29.383926470311373,-0.001615498403748405,0.03800354793977231,-0.08925378135886639,-0.6772050762996852,0.0031090026432213625,0.26476118002854165,-7.77902816805179e-05,3.1415884361581163,-1.0982172684246897e-05
0.954272985458374,-0.060906983891334386,-0.5169266099583573,-29.33974085779628,-0.007023904447816257,0.040530297035399426,-0.09467476334734186,-0.6772051237114431,0.003140513350370969,0.2647606239182929,2.0383355444785497e-05,-3.1415816958132625,-5.267849322647336e-05
0.9643356800079346,-0.26091050862422355,-0.5281340243369943,-29.24656796470585,-0.003892958133699664,0.04257022923932152,-0.0933388812900436,-0.6772060822044083,0.003122605191120559,0.2647411551252835,2.0713896794794054e-05,-3.1415816753923695,1.3246653083016355e-05
0.972297191619873,-0.7288162021228844,-0.5982815406707579,-29.37609849450719,-0.0009585062076605056,0.03868761237203323,-0.08496217409242415,-0.677214744649658,0.0031225598302916054,0.264744848387047,7.704590817266025e-05,-3.1415541533146296,-2.50355410055292e-06
0.9822783470153809,-0.27916086037197746,-0.47565531802500305,-29.139550744614525,-0.005548015998662827,0.04189094321793409,-0.09317743490663312,-0.6772192302751439,0.003134435977068685,0.26472392886273843,-1.6514611938441524e-05,-3.1414599208924407,1.3924122541561687e-06
0.9923450946807861,-0.4141381203150848,-0.3907999427041375,-29.201458505626274,-0.0087770265812179,0.029233912704061872,-0.09291019440346598,-0.6772176698512182,0.003107846989148567,0.26471289216202126,9.238913349440284e-05,-3.141457735591859,-1.3679729557666213e-05
1.000281810760498,-0.43819809080775635,-0.556294212879647,-29.34054555924937,-0.0006479712108035507,0.02938386263720061,-0.08341240566489032,-0.6772214255981148,0.0031390520810335,0.264681782983534,-9.315598882187622e-06,-3.141496003609269,-5.320090741098113e-05
1.0103299617767334,-0.2357409689206943,-0.15995909275989836,-29.15184633777396,-0.011504702619911277,0.0420093993375876,-0.09327592934942473,-0.6772128250012279,0.0031349126943264697,0.2646453048923614,4.72005130165403e-05,-3.141542796644945,-8.29423012710966e-05
1.020376205444336,-0.8232065135726445,-0.5615770652279133,-29.216511026740847,-0.003946074450450137,0.03252319324199704,-0.09049835451075315,-0.6771934319559426,0.0031090809830451108,0.26461820289867893,8.661571498368808e-05,-3.141567273839724,3.2930145433192984e-06
1.0283002853393555,-0.7359614449032941,-0.5905819545043011,-29.141562308660223,-0.0019626677623384692,0.03448442567531531,-0.08866562738176686,-0.6772081413423058,0.0031195687265882853,0.26459718417897077,4.267453787663435e-05,-3.141567459863126,-2.2560695157823267e-05
1.0382208824157715,-0.30524077964725044,-0.4290176384676563,-29.22749863396339,-0.003417455423494685,0.03876036200922208,-0.09451243386421651,-0.6772082060523061,0.0031136738439917523,0.2645578851443759,2.4717699401660025e-05,-3.1415723144153938,-2.0585582538394262e-05
1.0462040901184082,-0.5651172414607568,-0.39627792954834185,-29.319773693359693,-0.0043639763819485885,0.03227161850073539,-0.0897237744759635,-0.677210650905696,0.0031303847411231775,0.2645472539113024,3.1504677340353356e-05,-3.141579606858504,2.6909341398843175e-05
1.0560851097106934,-0.4325991786098306,-0.4101102598788973,-29.13857996754033,-0.005066675629458543,0.03297768938067442,-0.09051107218326775,-0.6772193740287884,0.00312527529314972,0.26458712766590176,3.726675997222857e-05,-3.1414658464049565,-2.884257987937667e-05
1.0641834735870361,-0.3715550718264789,-0.41699634423283594,-29.253000135174283,-0.006304213102630929,0.039125406506608666,-0.0960391063404836,-0.6772053668386495,0.0031399731753038998,0.2645081738645232,3.784882688850069e-05,-3.141567101032105,-9.435437136392807e-06
1.0743305683135986,-0.41232293801157704,-0.6279523926290603,-29.237250545612653,-0.0012709892830891553,0.0360171394119927,-0.09067742889383937,-0.6772214315806289,0.0031365906129037224,0.2645468260314482,2.615355198328022e-05,-3.1414620561834923,-2.962598903192792e-05
1.0832445621490479,-0.3852361946644832,-0.09207980920680879,-29.249575551529848,-0.009512185870177613,0.033859328044558636,-0.09363779838576897,-0.6772097874274927,0.00312090799824507,0.2644748723633049,6.389864979673919e-06,-3.1415650483353392,-8.848108677361223e-05
1.0902814865112305,-0.604581299497573,-0.6721060377929247,-29.236922159910943,-0.0018304956671835128,0.027208254568017207,-0.09470964096430055,-0.6772032866308676,0.003127192466325225,0.26448642041850234,1.369205339162101e-05,-3.141506013413603,-5.5309046053070125e-05
1.098095417022705,-0.9794739559429556,-0.6481677667623829,-29.20204728673545,-0.0008139908447376213,0.026780545241156677,-0.0861468870610903,-0.6772025083892603,0.003126813044087731,0.26446010896154876,0.00010943856427173687,-3.1415014844779425,-5.415866314327556e-05
1.1081717014312744,-0.292406587260543,-0.20446426768893144,-29.34222565934877,-0.00947242313974923,0.039610048316171174,-0.09762789444018004,-0.6771972431077181,0.003111587367735563,0.26445521990976095,1.603930637475763e-05,-3.1414916228255807,2.7658734140024853e-05
1.1162590980529785,-0.5967095007151202,-0.6944406595108654,-29.255872804924408,-0.002693496216946815,0.03073068881051855,-0.08988111011531906,-0.677203874076188,0.0031359000622286255,0.26441503987715564,4.6945569714497155e-05,-3.141538315596544,-8.357057210521358e-06
1.1242668628692627,-0.40387271766803795,-0.5194197071879482,-29.22266853404738,-0.001972159680236148,0.0332374366034346,-0.09594154424806409,-0.6772022448452477,0.0031283744190188116,0.26438721400449533,1.4954795674833693e-05,-3.1415701695190674,-1.2438898905200646e-05
1.1322929859161377,-0.4064923534796124,-0.48404537872674086,-29.33438993843339,-0.004299708799363206,0.039450594331731835,-0.0864256379307399,-0.6772058135359027,0.0031291309116256525,0.2643882730213117,4.153007357399628e-06,-3.141473128652325,-4.5583951507813445e-05
1.1422386169433594,-0.7398316551928884,-0.5646099551127887,-29.204432971057212,-0.0057871248542967,0.032759191691884425,-0.09828253806742042,-0.6772148012939392,0.003127906398593833,0.26439036496244933,-4.120422003073973e-05,-3.1414302324573233,-1.1170660906393757e-05
1.1522691249847412,-0.6393232793127382,-0.5232151921862452,-29.293033805615774,-0.006649707643839606,0.02338946711365479,-0.09184662188098902,-0.6772017420995969,0.0031365774094991774,0.2643099513799303,-9.945428377301469e-05,3.1415890874405643,5.528076040259858e-05
1.1602439880371094,-0.3451530919440386,-0.3609865298664516,-29.232492798750993,-0.005828113050395689,0.03714921118307725,-0.10005754763270971,-0.6772025178384878,0.0031345742696077933,0.26429461923741654,-3.391145234318844e-05,-3.1415593568537465,1.1898121402076946e-05
1.1702959537506104,-0.45301090818251716,-0.47735949124287236,-29.230575449825047,-0.0037482122549307925,0.03323111155849612,-0.0966406301517736,-0.677200989052355,0.003127394500560834,0.26426721480101867,8.222105645337634e-05,-3.141550526850176,-5.707516819295376e-05
1.180335283279419,-0.22424230821243668,-0.2068484559244724,-29.255436951345544,-0.009435471172430439,0.039212348631294365,-0.09574044002947335,-0.6772047140429552,0.0031407453858589597,0.26425993703711737,-2.104240828465344e-05,-3.1415487745207664,-3.6956955699284064e-05
1.1902315616607666,-0.5423291829054555,-0.5839841302398731,-29.24605107122217,-0.0007429044826368477,0.03408540888387253,-0.09201159108061972,-0.6772069804368341,0.0031542186013623257,0.2642633665331864,-1.364657959402177e-05,-3.141492402295817,-8.777861391976333e-05
1.2003352642059326,-0.5775677448589616,-0.539301599954118,-29.290988206511873,-0.0023599997443142333,0.035747655934749434,-0.10139843891053976,-0.6772102843191405,0.003111117239434727,0.26423013393158346,7.668963941217654e-05,-3.141501769781944,-6.5151939351493374e-06
1.2082691192626953,-0.3491844072965751,-0.5253085996212076,-29.12163815799798,-0.002229357838590566,0.03380538453312098,-0.09758997747408196,-0.6772153000161646,0.0031195726883877215,0.26425192847648604,7.56972022964227e-05,-3.1414197049457657,-1.2992700559572071e-05
1.218195915222168,-0.42732088208108476,-0.8851553035396926,-29.247106328228572,0.006760080187669979,0.034600704561885236,-0.09264843585321984,-0.6772113319627345,0.003123905917224893,0.26416675718318827,-5.925939012554254e-06,-3.1415620196658565,3.3168408360194866e-05
1.2282567024230957,-0.7492613367431192,-0.6644146194373665,-29.326948278122785,0.00016405735840243103,0.03243384096553041,-0.09986025797499334,-0.6772172416071978,0.003129801480764757,0.2641326042713221,1.4853028497453935e-05,-3.1415674937309177,4.209692730681952e-05
1.2363042831420898,-0.3536107957654383,-0.5832125609677381,-29.303647522336043,-0.004762165053397034,0.03304181434551163,-0.09928219726549121,-0.6772040887104133,0.0031097416924082103,0.26412804693532843,0.00012394198508957184,-3.141555093444377,1.0078379223653513e-05
1.2443041801452637,-0.6435376833118757,-0.500130698255769,-29.25280470273597,-0.0018328507320162306,0.02516732635617847,-0.09186686458749303,-0.6772113986557913,0.003119885227060237,0.264128245835783,9.78860492168735e-05,-3.1414795415719383,-5.9840642302681964e-05
1.2523369789123535,-0.7947596467574088,-0.8925958915393958,-29.32765136107494,0.0063510613453599115,0.028706516333612774,-0.1004188775363825,-0.6772103886137424,0.0031338708549094973,0.26410735868928814,4.687644956254018e-05,-3.1415212716827368,-5.0939791193829434e-05
1.2623085975646973,-0.5368836663228742,-0.2951630388009949,-29.05902871784954,-0.010488612673599042,0.03220849570398688,-0.09511353179752674,-0.6772110923296131,0.0031362756275251998,0.2640979533871507,-8.82905908694216e-06,-3.1414960224235875,-1.3767117070516002e-05
1.2722172737121582,-0.45720398989926025,-0.5073431366614404,-29.20833586391642,-0.004624647891270419,0.030298532304615693,-0.09315198512515746,-0.6772015087029781,0.0031262930596179755,0.26401690062854544,-3.563579723607286e-05,3.141569791552004,-5.879204837400679e-05
1.2802977561950684,-0.28506049325652016,-0.30707933712380026,-29.1962192947336,-0.005234510732978946,0.037701369103177965,-0.0965303392772366,-0.6772056669726809,0.0031053746687166187,0.26404936765527864,4.821070175259023e-05,-3.141519002658459,-5.783845232690359e-05
1.2902941703796387,-0.6114524674896169,-0.43419240258785485,-29.297687742207668,-0.011032694176668896,0.031850002662331,-0.09538744597872811,-0.6772175463348546,0.003149780129548942,0.2640165676211248,2.4483252358939703e-05,-3.141537689332445,-2.0348468131498896e-05
1.3003253936767578,-0.5237971809044857,-0.732297354203236,-29.26175680681524,-0.0029078350580756585,0.03356950603132202,-0.09386440803002583,-0.6772049570414019,0.003144971240945034,0.2640120131736568,-3.262576350194916e-05,-3.1415169858995067,-3.8958117580448804e-05
1.3102564811706543,-0.4689681717428226,-0.5852211064543574,-29.204301566234626,-0.0031059858193031565,0.03439527785149348,-0.09506716687823123,-0.677200068122083,0.003140839397596988,0.26396848129922285,8.262694436126122e-05,-3.141545756832156,-6.291922304663998e-05
1.3182373046875,-0.5381604571137574,-0.5486924801309373,-29.213618392823086,-0.003934344982912004,0.028732380636594033,-0.0956696144435568,-0.6772079287977744,0.0031406365651507513,0.26397676246041873,3.806156232319467e-05,-3.1414954424826917,-9.664328027165495e-05
1.3282475471496582,-0.16209437627386158,-0.2934018832043394,-29.083100349557075,-0.008700895130099272,0.039491907968738874,-0.0988356575904941,-0.6772074258205275,0.0031013896725263813,0.26395707356809517,5.735735433058876e-05,-3.1414767787583573,-6.041656348309014e-06
1.33827805519104,-0.647263115622414,-0.44986054770048817,-29.11736539447446,-0.0061232717926756166,0.035202439691878896,-0.0913907940920191,-0.6772003753717014,0.003111336720438889,0.2639209249585025,1.3563832571937659e-05,-3.141507345393775,7.826515285268565e-05
1.348294973373413,-0.749333630477975,-0.48225089253130626,-29.16409092288987,-0.005894241446967764,0.028143237840908192,-0.09065340018290766,-0.6771929365190822,0.00311214381856219,0.2639114441401826,5.136455257721446e-05,-3.141513619604546,-3.87783740543946e-05
1.3563435077667236,-0.5553753756385187,-0.5914605685693238,-29.190749539606326,-0.002202190842214533,0.03080157479040634,-0.09879469435295135,-0.6772046494874122,0.003128130760546369,0.26387063733884286,7.185879867977218e-05,-3.1415389438936696,5.593933733013226e-05
1.3664124011993408,-0.8432943470251438,-0.5684640977967448,-29.251649793901386,-0.0036959514585670336,0.02120488043801079,-0.09377661805941667,-0.6772175616232904,0.0031471514201829253,0.2638662545932785,2.9026946623220407e-06,-3.1414873014111606,-9.199486299176923e-05
1.376253366470337,-0.339784501309886,-0.5554938270057842,-29.34178613608284,-0.0028927675351570377,0.03066339019331419,-0.09545989262845728,-0.6772103342492372,0.003133377818666335,0.2638254798760133,5.44342512227144e-05,-3.1415144804858555,-6.373121293218618e-05
1.3862731456756592,-0.7168907358390413,-0.2122005902751601,-29.260869160940977,-0.012535092934625998,0.029997760325315315,-0.09918326941530338,-0.6772235993859684,0.003131912385140124,0.26385063419689064,8.637559606979168e-05,-3.1414155108973514,-2.9848260786788506e-05
1.3963115215301514,-0.31265692415913027,-0.5830387020927084,-29.102187942281567,-0.004873933068655816,0.03592773967271993,-0.09970768824413732,-0.6772098656161541,0.0031120514514300893,0.26380283280730904,3.485635007411285e-05,-3.1414996704344973,-3.5308060286299825e-05
1.4043006896972656,-0.40239973221687964,-0.42495348098700636,-28.940505291754917,-0.0030160581186374122,0.03865247914437442,-0.09591568203218419,-0.6772170521500328,0.003117291775742137,0.26378004725833637,6.102712962302539e-05,-3.141475164521885,-5.743409235564871e-05
1.4123284816741943,-0.2522838872911839,-0.10944116571165237,-29.22185050424416,-0.012752485810342563,0.03649113102407162,-0.09874955181220789,-0.6772105161643137,0.003154871764149051,0.26374504747050603,3.7271119296983814e-05,-3.1415279987473395,-9.905991524843976e-05
1.4223413467407227,-0.6386322884323746,-0.7098783982125361,-29.025246105064102,0.001264977167514298,0.02615616786108268,-0.0906813421631217,-0.6772110716739936,0.0031096464301291578,0.26373341885724866,0.00010757681450241854,-3.141491084621049,-4.4157779824715854e-05
1.4322545528411865,-0.5035228781094951,-0.7157171544562758,-29.2522759608196,-0.0009810163145627987,0.03317273933615237,-0.09706126804915065,-0.677206151038964,0.0031258765172743064,0.26373355356132283,0.00012068588324626398,-3.1414678421060387,-5.913136181880469e-05
1.4422473907470703,-0.5896027721360054,-0.3684537097826692,-29.36634736289032,-0.00968584405029046,0.029778005274360968,-0.09230391658338774,-0.6772200471575217,0.0031497723495692177,0.2637032396740998,4.3924624306156015e-05,-3.141470456478559,-4.36004213601803e-05
1.452303171157837,-0.7457093827981494,-0.5425751426511651,-29.10958623455724,-0.002318264464502443,0.02615053396770451,-0.09230130225514277,-0.6772155879725217,0.003116283447510662,0.26365926449387944,5.087965069946553e-05,-3.141531654020118,-3.050895795830924e-05
1.4622557163238525,-0.3922197088514899,-0.5527649239047726,-29.20097461750844,-0.005300506969474644,0.036727027486036824,-0.09492352101676474,-0.6772201614939388,0.0031146127616029358,0.2636815272219729,5.181155483296959e-05,-3.1414148101800135,-2.8149398800992417e-05
1.472259283065796,-0.6636095984550465,-0.6414582915714896,-29.112244603684186,-0.004026063202704606,0.030028039738120887,-0.09488824313830622,-0.6772219967437806,0.0031124339472443844,0.26361548483400743,5.2063905563898444e-05,-3.141505139024386,-5.073535278658739e-05
1.480273723602295,-0.4181346686847782,-0.44531874489548035,-29.101965780107186,-0.0046724536043611774,0.028102569126803586,-0.09764415350643434,-0.6772167369456433,0.0031529919391149884,0.263608306747919,-6.285735083641723e-05,-3.1414899331148622,-5.5430385893690533e-05
1.490208625793457,-0.376003677035956,-0.4778475991576601,-29.12341403618118,0.00013339014186191563,0.03155890195554352,-0.09830583183301145,-0.677221938458718,0.003110220582017165,0.2636152555028217,0.0001624772078416576,-3.141420717912277,-4.467070154862018e-05
1.4982681274414062,-0.490803743010482,-0.509746810349477,-29.090501978437874,-0.0009345315075797194,0.03252171282423779,-0.094260569472296,-0.6772179942344423,0.0031334619839539155,0.26355449502070394,4.678990741450069e-05,-3.1414922587318683,-9.020921530619474e-06
1.508242130279541,-0.4550106995845818,-0.5603996112581631,-29.2628701294791,-0.006599222751736065,0.033684620454533916,-0.09948176920877091,-0.6772182827193682,0.0031212641908859805,0.2635716920867407,5.9306788273427304e-05,-3.1414212008613034,-1.2660360374683393e-05
1.5182240009307861,-0.3204236172623445,-0.5846641469150023,-29.19854982091045,-0.004687245191356595,0.03236001960552658,-0.09551902794962515,-0.6772180166458691,0.0031456094054152844,0.2635257115386407,2.9438461080923427e-05,-3.141437976635017,-9.242127097512117e-05
1.52823805809021,-0.37692327988094476,-0.38325930103713274,-29.229525149789563,-0.005371500304919223,0.03251753997134692,-0.09669509323656081,-0.6772172818212137,0.0031234882710886244,0.263504250731265,0.00011244607238157182,-3.14148415681048,-7.751474225767407e-05
1.5387098789215088,-0.48157952047072267,-0.40172549795805224,-29.208407337485013,-0.007916009791822038,0.032331823982251796,-0.09511503997757687,-0.6772298139727395,0.0031173753399918913,0.26353499248278706,5.423713708995814e-05,-3.1413376275140843,-2.4380936080774963e-05
1.5462098121643066,-0.5956429677902023,-0.42126858295875014,-29.282522016615285,-0.005036687429209336,0.03420795297849911,-0.09879942745338861,-0.6772097701026949,0.0031354326335695233,0.2634485679451061,1.0112760260240807e-05,-3.141503124209449,-5.6274399178157776e-05
1.5540871620178223,-0.38621330108387936,-0.7785063015848195,-29.272905553909187,0.0005125106358170582,0.029796614760908353,-0.09375331185949613,-0.6772212521354743,0.0031040153390072306,0.26344019083777365,0.00017267829943760994,-3.1414392758016207,-2.9188541634487528e-05
1.562303066253662,-0.4434519800829642,-0.4643558699324034,-29.31703551059813,-0.0022540082901694844,0.03377950065683624,-0.09826729220344074,-0.6772026162407593,0.003160254018591442,0.2633819284056025,-7.20442467867652e-05,-3.1415431954789,-3.127770649173842e-05
1.570155143737793,-0.3647237727954417,-0.4559100219107498,-29.432523637904396,-0.008891721957990975,0.031436533378069606,-0.09592165415551909,-0.6772293600034894,0.0031526514222269372,0.2634013176955172,-5.196170023164184e-05,-3.1414926287049,-5.929630149521505e-05
1.5803699493408203,-0.4343065631137706,-0.8268526445895936,-29.408339579610242,0.0005414303210567249,0.03843380499111371,-0.09730698048521025,-0.6772062255820346,0.0031181199494190134,0.2633624310532794,3.059108028645937e-05,-3.1415128542915123,-5.906708498564904e-05
1.5882105827331543,-0.45658047448022876,-0.5997329975512297,-29.35115587748343,-0.0018569400041917213,0.03394898135098982,-0.08969058088223042,-0.6772111971586996,0.003123811727359241,0.26338545694375204,9.52898451713902e-05,-3.141439659502011,1.673388376764596e-05
1.5961179733276367,-0.8732349699375903,-0.529440235274298,-29.259315200056086,-0.0008765746470046936,0.02145218906622465,-0.0882615812238129,-0.6772142230383223,0.0031476713206427215,0.26334157552368653,-1.855143635750637e-05,-3.1415159944552036,-7.015905894556157e-05
1.6041548252105713,-0.7458051333303991,-1.042432434544262,-29.326994980306335,0.006327280907753075,0.025865960268953006,-0.09238452148499762,-0.6772389934821669,0.0031355019690717744,0.263371288236129,4.5455762091917124e-05,-3.141347096119328,-2.654778921811393e-05
1.6122503280639648,-0.6101411877361161,-0.5132793129991141,-29.127503293711477,-0.0064424164237916704,0.02167602655400236,-0.0922925800046596,-0.6772216319266666,0.003144859610231846,0.26331096428876244,1.33384506638376e-06,-3.1414625339224913,-2.0382288723307377e-05
1.6222991943359375,-0.3637263824859773,-0.4949645665569193,-29.29449051893006,-0.0024568277366882924,0.03719298992103034,-0.09753876092749655,-0.6772132871014553,0.0031252431383142153,0.2633200818251939,4.712670432543106e-05,-3.1414479409485536,-8.207977362167221e-06
1.6322567462921143,-0.7842863435547247,-0.7711848324662413,-29.226693125801567,0.0017678114816798455,0.03118815124962284,-0.09110696794906419,-0.6772187868721992,0.003117200448728916,0.2632638108032914,1.6495214080980533e-05,-3.1414140855541683,-4.9714086798205876e-05
1.6423985958099365,-0.34193673850484263,-0.6764347632645229,-29.2601649795557,-3.380892191557692e-05,0.031775222099813066,-0.09420701398584404,-0.6772252610050992,0.003131613250806183,0.2632625241452384,-2.1868066217910756e-06,-3.1414078381363506,-8.461757391243843e-05
1.6523339748382568,-0.29730419572801003,-0.7438531166699334,-29.358536591555758,0.004971824772110088,0.027154542037580807,-0.09523133186298448,-0.6772127132811605,0.0031177721367982476,0.2632369094390685,0.00010778894390554366,-3.14146730665715,2.0264644554461926e-05
1.662235975265503,-0.7899107022156461,-0.869213374465478,-29.258528741746854,0.008849795428535192,0.025272486678163016,-0.09228727470865196,-0.6772193834501787,0.0030889248373884115,0.2632138423720295,0.00015889332628646991,-3.141432472534107,-7.618966552027092e-05
1.672304391860962,-0.5603614662549075,-0.6418884006299717,-29.393483730716554,-0.006795164364530274,0.03265902981045425,-0.09327146956302151,-0.6772158350184955,0.003113297075781237,0.263180498189202,0.0001388170202954746,-3.1414215584520098,-7.92545351182578e-05
1.6803081035614014,-0.40442868228438644,-0.7682094967039815,-29.35756456619653,-0.002462700767755893,0.027886587218840787,-0.0955236189407129,-0.6772130370496489,0.003136424797680878,0.2631652476525274,5.5375341233184014e-05,-3.141471858663917,-4.3988821949140627e-05
1.688302755355835,-0.3716389461973216,-0.4421482693422096,-29.329693700836007,-0.0028216162005588173,0.030253157179732516,-0.09619757297709641,-0.6772239832006318,0.0031390575032108348,0.2631169470831117,1.8992270646219896e-05,-3.141452684108299,-1.1446303338301135e-05
1.6983444690704346,-0.7410465855888595,-0.8154671783903258,-29.286408942724904,0.0016472702957949267,0.025742425956011828,-0.09249500183880391,-0.6772057045395565,0.0031369347691288752,0.2631125948721652,2.9265835058543654e-05,-3.141499234592641,-2.2406752972653133e-05
1.708308458328247,-0.3875320723916777,-0.4272762157070752,-29.343604786101906,-0.007011386529446714,0.035835620485952936,-0.10000163382869594,-0.6772216458375039,0.0031534731236192016,0.26309306373999397,-6.449622073703529e-05,-3.1414713776243945,-0.00010838959676375893
1.7182846069335938,-0.36292634398857904,-0.8243788866802929,-29.327227925704783,0.0015491770242471125,0.04116646709699434,-0.09505283249118884,-0.677219932743227,0.0030977598084705703,0.26307254856988216,0.00015391905608828487,-3.141465975290068,-3.801638247827295e-05
1.7262344360351562,-0.3560413724337653,-0.3471740475348197,-29.187341500669913,-0.0107715429360695,0.0337822167034853,-0.09829514279234372,-0.6772106949234159,0.003137653968512861,0.2630103320974507,-6.326321660378437e-06,-3.1415165563274927,-1.429838164831882e-05
1.736278772354126,-0.6860595640178989,-0.8315494290087069,-29.279195395349767,0.004367493124290998,0.025888990541724225,-0.09224596978898976,-0.6772168486246906,0.003122058049574538,0.26302628349661555,2.650026428158272e-05,-3.14143207121559,4.498876811624621e-06
1.7462537288665771,-0.6643946820959022,-0.28766574150081076,-29.129391095195704,-0.012695935168652495,0.029603929629407968,-0.09872571280641367,-0.6772359179655973,0.003117929752404097,0.26300157515049805,0.00011096297984621705,-3.141413086320092,-9.92798528697673e-05
1.7542994022369385,-0.3954503181326496,-0.610662060205008,-29.096724612775525,-0.0019672625206471426,0.03367438343776694,-0.09638200575901062,-0.6772153353402915,0.003149796283248342,0.2629636396005893,-2.9888668635418472e-05,-3.141498037767204,-1.9710456176300066e-05
1.7642788887023926,-0.3827333502889857,-0.7273159745686449,-29.16009075865795,0.0011541161070728395,0.029981154302883166,-0.09397736601672835,-0.6772371099289484,0.003143751708889976,0.26296504203792953,-4.2827673247982125e-05,-3.1414259552860386,-4.627858905489387e-06
1.7742974758148193,-0.605994084275816,-0.4679032827461175,-29.346504559022065,-0.0061836144939105935,0.02688352095927258,-0.09681534904265518,-0.6772076174584023,0.0031174263282886393,0.26293585342464254,5.419400287732856e-05,-3.1414899472314466,-0.00016020202293471356
1.7842051982879639,-0.7387804157375514,-0.5095748769204129,-29.399711224529476,0.0003572292891130771,0.029569799170748316,-0.09298111755145469,-0.6772254491391393,0.003152964004203186,0.26294925249308193,2.756883796052908e-05,-3.1414119565652805,-6.609397810540048e-05
1.7922325134277344,-0.1079919829226436,-0.4476664488888292,-29.374254708633707,-0.005438792402823201,0.04335835315071399,-0.10157335264987975,-0.6772230331841776,0.0031214649502679733,0.2629172954260837,4.9078242359426975e-05,-3.1414255352521536,-6.291868730305049e-05
1.8023309707641602,-0.2019179179149566,-0.5908241082318584,-29.32253055047981,-0.00848459256985036,0.03653231475109895,-0.09738711085114476,-0.6772243801395234,0.0031270435189561224,0.26288157731032935,6.17598216755904e-05,-3.1414311529334045,-9.973099450619762e-05
1.8122572898864746,-0.4377437002111706,-0.5745740356617468,-29.361173251205305,-0.0008079191721629169,0.0284356560180622,-0.09485872893323939,-0.6772191624556685,0.0031442121676290447,0.2628771104567039,2.4703419843960474e-05,-3.1414130288340045,-9.315463118368165e-05
1.8201920986175537,-0.615128605690594,-0.46340064148976085,-29.283426117112118,-0.0006842040090613083,0.028165863606618987,-0.09440743035259903,-0.6772126608531176,0.00313830392891534,0.2628459805521918,5.5079759518811036e-05,-3.1414360421994565,-4.493188994157714e-05
1.8301856517791748,-0.1061978345852849,-0.3885342900893268,-29.190353237606303,-0.011802305468166293,0.04100638449727227,-0.09905279562369743,-0.677214832644286,0.003133749645966477,0.26280824669876657,5.1220513354186675e-05,-3.141447483586891,-6.000769615556901e-05
1.8401885032653809,-0.39738442484396475,-0.46112459807162837,-29.245034993372343,-0.010988292853147669,0.03264264694398562,-0.09176960896782206,-0.6772215316554113,0.00313291616034312,0.26276241058058714,7.040481418513e-05,-3.141482708703413,-9.577319994530386e-05
1.8502697944641113,-0.31700826382262753,-0.5958161080966622,-29.28373615371171,-0.0019607533178197345,0.037897660048451555,-0.09399390161137704,-0.6772340850238536,0.0031446606506876675,0.26277411354603125,4.457908456842478e-05,-3.1414162823047906,-8.350018241268166e-05
1.8602490425109863,-0.413724645826181,-0.6215586663605736,-29.1364511616533,0.002991979638181894,0.037826334246459765,-0.10527995111336517,-0.6772256912161372,0.0031248281839425917,0.26277459605770137,0.00011576683530182771,-3.141363321901346,-8.646395372992947e-05
1.8682403564453125,-0.9272220795875793,-0.5300569084628879,-29.30088406384907,-0.0014888056331119975,0.022735562385460026,-0.09279152450513738,-0.6772282283702235,0.0031257448078111693,0.26273291891697387,7.868232573158271e-05,-3.1414008727252933,-8.098548516288082e-05
1.8782787322998047,-0.04626789828178947,-0.47806695760305523,-29.284340496255737,-0.007905504726265607,0.03684528534220549,-0.09842968487595705,-0.677226338085773,0.00311920226518753,0.26270576292787307,8.621664453957365e-05,-3.1414440659360072,-6.695320516428767e-05
1.888216495513916,-0.27366609898792005,-0.4292601757746849,-29.23662286927458,-0.004490879210323305,0.031033345779040343,-0.10099377616026091,-0.6772181685546007,0.0031417991660065148,0.26266866498311703,2.8625540169483027e-05,-3.141445218072781,-7.248333144019978e-06
1.8962936401367188,-0.09792737932646281,-0.4044561447168202,-29.296699981343277,-0.0057747342828764784,0.045340366624156934,-0.09806186184442166,-0.6772215393458654,0.0031295907222140054,0.2626526069281565,6.643841313268631e-05,-3.1414433667225987,-5.965745159209498e-05
1.9042489528656006,-0.42794833155522966,-0.45203358785872255,-29.25283136677965,-0.004421520894993602,0.03478818862655451,-0.10014827034717906,-0.677222763695305,0.003108662040260714,0.2626435986084246,0.00010605659749421646,-3.1414056872027696,-8.527712773425944e-05
1.9143519401550293,-0.11430213149874778,-0.4951091328454648,-29.25920373494273,-0.0071849676581953225,0.032950483601161554,-0.09977641685480655,-0.6772324029512954,0.0031511407384581325,0.2626218771579046,-3.5182936979655996e-05,-3.14141039016689,-0.00015166776434269924
1.9222817420959473,-0.22625976094911357,-0.6091766807458593,-29.16279716262742,0.0003551711639788052,0.0391822500274425,-0.09794484938920997,-0.6772111493425989,0.0031150538187458277,0.2626010532180804,7.953430639307491e-05,-3.1414553927317113,-8.113264010496558e-05
1.9322376251220703,-0.5939582786867968,-0.5908677636558258,-29.210071844557014,-0.003808864811297619,0.034392768466567275,-0.09797343398554594,-0.677227955552346,0.003123233998148747,0.2625891483728743,4.2903955178628384e-05,-3.1413880615223686,-5.058610395857085e-05
1.9402821063995361,-0.11570284939783583,-0.5685962004034611,-29.13206469479711,-0.0031557502232024007,0.03299588814501851,-0.09446766242381655,-0.6772111814595486,0.0031281007514959948,0.2625695047249542,8.698654950115267e-05,-3.1414507340820474,-7.003932409475435e-05
1.9502298831939697,-0.4297458066065106,-0.5495190507783335,-29.212553915998868,-0.0022378754986957573,0.029584977999232952,-0.10402220109406908,-0.6772282459220127,0.0031645595766701127,0.262597248115997,5.711432246355908e-06,-3.14129652667347,-7.975209207039378e-05
1.960242748260498,-0.40021258884918787,-0.46231320016738786,-29.25857280329707,-0.005930443533536465,0.031232456439453625,-0.09618486998203687,-0.67722488773744,0.003103737355051625,0.2625081860643824,9.670432551673241e-05,-3.141473634904569,3.490722293095554e-06
1.9701900482177734,-0.27278152850836235,-0.3223687489406725,-29.04978458878627,-0.010232197684067131,0.037639437816720855,-0.10268329240855682,-0.677224840301048,0.0031289889388400184,0.2625160243535692,8.874202436482886e-05,-3.1413841034879093,-6.323005200955698e-05
1.9806950092315674,-0.14518112596596736,-0.32105108229512236,-29.200857533343534,-0.007564804685638585,0.03702612383391317,-0.10053192822188847,-0.6772296969238563,0.00314099777290426,0.2624790260219761,4.5276395554032865e-05,-3.141386271795566,-0.00010956418515559428
1.990293264389038,-0.40201411939868176,-0.46404925808924435,-29.0752182036303,-0.0023320145021431585,0.03389318974699108,-0.09890319280662184,-0.6772033136601786,0.0031699381894560413,0.26245672148389654,-6.564273245043884e-07,-3.1414694855956404,-4.9002118326081276e-05
2.0002963542938232,-0.42569364978273716,-0.42141912965962597,-29.233906559306252,-0.009024321402795134,0.0376136436831319,-0.09174445494445344,-0.6772122015447758,0.0031196512193380596,0.2624338086106776,9.930014361278509e-05,-3.1414142124819717,-9.235656201204498e-05
2.0083534717559814,-0.3158295769855785,-0.5484034828772744,-29.183825215302456,-0.001513553106251105,0.03482487590476521,-0.10150920731111479,-0.6772226724622041,0.003128745729185576,0.26240501991068244,7.869521957693586e-05,-3.1414182816229537,-5.8001597149170446e-05
2.0182180404663086,-0.252795265658694,-0.20729350262631363,-29.169082858477136,-0.008641591944491572,0.034770345088536894,-0.09862897055674151,-0.6772135963715732,0.003163188281482345,0.2623890644104703,-3.736525786931975e-05,-3.14144964666103,-1.4151203538721551e-05
2.028278350830078,-0.20013700777783944,-0.6762483936599409,-29.105114351124357,-0.0011107752772292153,0.03361402582487354,-0.09653729218500924,-0.6772259662876441,0.003134586690221256,0.26237599290667607,6.575297940513522e-05,-3.1414166709974136,-1.3140301609188313e-05
2.0381906032562256,-0.9029371857935289,-0.7816360048545596,-29.167361712423176,0.0023108073307480667,0.02156537589730431,-0.08658461093619665,-0.6772211555305664,0.003114830417680236,0.2623504153493005,8.661361235126853e-05,-3.1414184754123236,-6.418804104067844e-05
2.0482614040374756,-0.180348770112307,-0.4803087006781521,-29.198826833780345,-0.006797006438957668,0.03575533887712815,-0.0935795160282797,-0.6772196197398371,0.003125404096364383,0.2623387818718607,6.20180995978986e-05,-3.141371719909378,-7.888253496590329e-05
2.0561373233795166,-0.5390474215761769,-0.5457524620470763,-29.171410708962497,-0.001443787876692036,0.030511673826435392,-0.09668412341758736,-0.6772206655447451,0.003132465339225651,0.262291101208478,2.9974435252531755e-05,-3.141434364837356,-3.937911082319436e-05
2.0661911964416504,-0.5372173975050476,-0.6795142823517728,-29.20513532690313,-0.0007783594458133055,0.02754516763097666,-0.09395844487527262,-0.677222909688023,0.0031454847510015613,0.2622530768909286,5.0912079829499425e-05,-3.1414402938598975,-6.308854036392426e-05
2.074378252029419,-0.31140487696704566,-0.6430550727506072,-29.241540923948392,-0.001622116724492396,0.03356086423216923,-0.09226098633533274,-0.677221986205028,0.0031117671028613432,0.2622964226289778,0.00011409861863772964,-3.1413454994863144,-3.9377263618914044e-05
2.0832297801971436,-0.41287576893109046,-0.6896396091511693,-29.247055603847368,0.0013032398186401293,0.03203438393933967,-0.09123477881207331,-0.6772212904676989,0.00315397986108239,0.2622857753822224,4.2184555712763046e-05,-3.141309899381349,-9.794675779846234e-05
2.092298984527588,-0.6170001783158727,-0.6325054871784823,-29.176965806545375,0.00012502615337921325,0.026549722265567448,-0.10004691409331481,-0.6772283032514953,0.0031215727969932518,0.26225637103496496,5.8341749007105656e-05,-3.1413175787140633,-0.00010746351098411808
2.1001458168029785,-0.6444850336441326,-0.3092662199357223,-29.236426953432357,-0.010197307186755844,0.0327646177435287,-0.09478493950073882,-0.6772385923751533,0.0031315358972440577,0.26224394218284847,8.314080076345714e-05,-3.1413181223456914,-8.817101403558798e-05
2.1081576347351074,-0.5721575598962857,-0.4316693743513951,-29.15701270435938,-0.0075794286343449455,0.02680449703630227,-0.0960964448326318,-0.677220381403239,0.003142814028675078,0.26218771157224774,7.591020496776003e-05,-3.141415289291234,-0.00011612181943342004
2.1161632537841797,-0.15850239522015522,-0.4832280615496656,-29.198527257736586,-0.0020701109230734953,0.03346329466249916,-0.09783046826040881,-0.6772301313404403,0.0030928252363641574,0.26221716726986954,0.000122865896685512,-3.1413109205301413,-8.469509467707942e-05
2.1241300106048584,-0.47097967061036317,-0.8215152323154455,-29.416561661562397,0.00339466761081532,0.028820950179111276,-0.09450496797057946,-0.6772060293357489,0.003096587339785175,0.26219265443373585,0.0001819562305770783,-3.1413270738325614,-8.592317251032496e-05
2.134114980697632,-0.31430626990122307,-0.5612392443927721,-29.389129763657618,-0.006229133988520932,0.03372498957916605,-0.09604351229662972,-0.6772283926255538,0.003111771745714981,0.2621334046267974,3.473482916817576e-05,-3.1413632123003397,5.9697297263033316e-05
2.142084836959839,-0.38801281656835773,-0.6168000252699699,-29.251143738866364,-0.0028702398813897066,0.034202992940802666,-0.09987822950252467,-0.6772120663874588,0.003127305176998012,0.2621027954744444,6.616420517452323e-05,-3.141442801843104,-3.451296748620807e-05
2.150141954421997,-0.26744707121158917,-0.5553198589272318,-29.28473037937068,-0.0027164211550501603,0.03495205927231849,-0.09557947178328742,-0.6772199636395967,0.0031143258490544247,0.2621338713384357,8.587671075070975e-05,-3.14130814693515,-0.0001036521175968656
2.1581382751464844,-0.3895308147691097,-0.5135681972406989,-29.39494261732978,-0.004530031601806919,0.028069111508449915,-0.10018354955131001,-0.6772174343686705,0.003136926186513084,0.26207181837439514,1.7050668278461355e-05,-3.141408757305014,-0.00010463747031458671
2.1662111282348633,-0.633807214701526,-0.5779253744075341,-29.27162265045067,-0.004381885116614092,0.02682816571444909,-0.09496740444418368,-0.6772219249086061,0.0031105990160851696,0.2620507049239078,0.0001002620139009993,-3.1414288397058345,-5.0693865834549474e-05
2.1761929988861084,-0.521702890555892,-0.626725364575362,-29.349495841575227,-0.004455318869829508,0.03135045873606782,-0.09939378636209331,-0.6772132710572619,0.0031176723330015553,0.26205263285006924,7.556324285913927e-05,-3.141377142902771,-8.078264568213318e-05
2.1862549781799316,-0.19040214299366437,-0.4330821007556674,-29.295996627346057,-0.005643238887768595,0.03382791828989734,-0.10416848754281868,-0.6772306926535014,0.0031123192698379906,0.2620328792827311,0.00011311913778501046,-3.14137998522267,-6.609586875007604e-05
2.1962475776672363,-0.4663012550309789,-0.5204640262866759,-29.239402354786236,-0.002008399902677045,0.029461813847392354,-0.09815155655589887,-0.6772139837935042,0.0031405339953274195,0.2619792232252086,3.920948434387768e-06,-3.1414208014143377,-0.00010509682577803692
2.2062926292419434,-0.44330024322359923,-0.4662010156267225,-29.210250569061387,-0.006897488011211202,0.030055259749573175,-0.10021505338612752,-0.6772161730187686,0.003136341910956723,0.26198388125137295,0.00011334496700586352,-3.141341419375191,-5.854237031595886e-05
2.216202735900879,-0.47741688421028367,-0.13543923841465866,-29.202001847295584,-0.015024870101493976,0.033797609269249726,-0.10371217990837613,-0.6772253149424402,0.003140270216134787,0.26196324914108793,1.8682276485822008e-05,-3.141331644369511,-9.436339907654837e-05
2.2242090702056885,-0.5891433940683338,-0.6051361074768735,-29.24057820764391,-0.0071751401582645395,0.03422591381459607,-0.10227203956771906,-0.6772242855882026,0.0031463004308869527,0.26192416624328085,-1.3178450990392458e-05,-3.141367801831355,-5.4168626850421465e-05
2.2342405319213867,-0.7738648506951833,-0.6489028908490506,-29.39828816093101,0.005225331119328196,0.025519988794034325,-0.09712433390998201,-0.6772282549823118,0.0031239589395766526,0.2619157374776999,9.200594702922926e-05,-3.141351662453303,-6.15308108031799e-05
2.244241952896118,-0.5121404360951802,-0.6042708947984707,-29.406889413592,0.00030565254193740257,0.02865742490775325,-0.09467313690294446,-0.6772310546944594,0.003122415709897737,0.2619008727197762,0.0001205039777815633,-3.1413722066667593,-8.77373005737412e-05
2.254290819168091,-0.8033183440867943,-0.6378579737190562,-29.365333914724438,-0.0039776688585032634,0.02540555555866192,-0.09647227302469208,-0.6772260660227262,0.003114793002844633,0.2618858542721795,3.369436592259872e-05,-3.1413327203286725,-1.2916943642164962e-05
2.2642710208892822,-0.38039307665968936,-0.4717968344372135,-29.34404731173348,-0.007586259204127878,0.03441473737438092,-0.10236031557978231,-0.6772160312902966,0.0031156267289862267,0.26178347388694556,9.877690882082512e-05,-3.1414626656920066,-1.781601740703593e-05
2.2742629051208496,-0.7737540244434354,-0.6056404482488814,-29.411181429749796,-0.005531717797675414,0.021419893797042303,-0.09841956979868398,-0.6772238335223038,0.003148912825239779,0.2618367685216697,1.4881108957190764e-05,-3.1413130477926416,-0.00011794899746743482
2.2822673320770264,-0.44340109489515506,-0.9927497890231868,-29.32668482515961,0.006458498703726171,0.03071430201964676,-0.09288830338865442,-0.6772116207950383,0.003138600645054896,0.26177356533203305,-1.0027102829645024e-05,-3.141443327587918,-4.977870022303309e-05
2.2922720909118652,-0.43771051426756113,-0.2892882285996855,-29.312497767307534,-0.008039858466400967,0.031067070300714546,-0.09890705346567144,-0.6772224299789085,0.003120115274923067,0.2617772707937709,0.00016440448240291313,-3.1413747143119215,-9.770054445925997e-05
2.3002593517303467,-0.6988260314565572,-0.41567894955655266,-29.16256157314924,-0.00677923576101607,0.02964004104678573,-0.09313821677074553,-0.6772147467343022,0.003122277803452246,0.2617478274828461,0.00012039503837301215,-3.141422271446266,-0.00014179978975333563
2.3082876205444336,-0.4873110365337935,-0.4547665962772721,-29.353391869415635,-0.008481553812264132,0.030507844904623906,-0.10134513934197281,-0.6772198974769749,0.0031356225206612166,0.2617315685054321,7.03946360341663e-05,-3.1413661220710525,-9.988977679980905e-05
2.316241502761841,-0.5715055852936742,-0.45193662651192146,-29.342337802903174,-0.010972979381254605,0.018618366167128142,-0.09829537734350469,-0.6772131015137908,0.0031492495256053117,0.26168971152805776,3.073198869597996e-05,-3.141437278152312,-4.391024446462468e-05
2.324295997619629,-0.41740665042664116,-0.46258433367350793,-29.34838733793485,-0.004848949267815259,0.03360759899380431,-0.10461758888950057,-0.6772211175711499,0.003128137599351573,0.261688232237669,0.0001340981935066864,-3.141374630239436,-0.0001035998766892332
2.3322315216064453,-0.30875218868184967,-0.7013122436415103,-29.344543855682094,-0.001453081229508895,0.041259766042968625,-0.09792555132328655,-0.6772178933827211,0.0031511585710078433,0.261660462336022,-5.4513178637887744e-05,-3.1414175420616135,-0.0001423592639638291
2.3402371406555176,-0.62620335043731,-0.33325291145369773,-29.139080288210316,-0.009472950596846753,0.02524225153000041,-0.09929284014869391,-0.6772163166638212,0.003128870958373498,0.2616474009165514,0.00010646679964465212,-3.1413797276932094,-6.402810782764071e-05
2.3482632637023926,-0.16013343195274893,-0.5347987837644549,-29.26334011571194,-0.0013759997460400441,0.03371232677896576,-0.100199471199088,-0.6772383989524046,0.003122208162145914,0.26165213641494317,0.0001164668793453358,-3.1413272278421696,-9.778988049467798e-05
2.3582375049591064,-0.5218904397039249,-0.5702506313888855,-29.479023975926808,-0.005381283447950952,0.024294406640006684,-0.0920231245033669,-0.6772211907198541,0.003111366858420507,0.2616576217007049,0.00010310696565246745,-3.14133294870803,-0.0001546789084793906
2.366218090057373,-1.0342394119772838,-0.746423163736783,-29.29250522710777,-0.003000357949720866,0.023145336621289907,-0.09424562602826123,-0.6772193868564057,0.0030946629953259603,0.2616224574058519,0.00016738262356059044,-3.141339271763488,-7.431460013319007e-05
2.3742222785949707,-0.6840862899094629,-0.7031747731695104,-29.14447164938283,0.0029351051174300886,0.02572599875905973,-0.10063347038969318,-0.6772120754333776,0.003113055867728113,0.2615858910371743,0.00011506540512150446,-3.141398360611345,-4.8205215944209085e-05
2.382248878479004,-0.3032959878620292,-0.6307598756309208,-29.10357555582353,-0.0033534403506842994,0.030510444637288976,-0.10291137832076343,-0.6772152310175504,0.0031265629091663145,0.2615406035501059,0.00011705609174798296,-3.1414299464666513,-3.2367906044186506e-05
2.3921563625335693,-0.4106950226765977,-0.7139484019943559,-29.36852828965147,-0.0012017514962634982,0.03050675327629903,-0.09852450356117708,-0.6772171215196623,0.0031566918808433797,0.2615638315607771,-2.4180782652056562e-05,-3.1413702679682607,-0.0001234215512103866
2.402223825454712,-0.6243370023156928,-0.51442925207781,-29.25338590741662,-0.008031266092107789,0.028255189853909138,-0.09574311134384698,-0.6772299421147531,0.0031267972563367077,0.26153764349090997,0.0001031567007705191,-3.1413334105323356,-5.625345074833713e-05
2.410655975341797,-0.22054286074254073,-0.4395013102272005,-29.208081993027157,-0.0068496975702132526,0.037318564312372515,-0.10093074699538084,-0.6772202658073622,0.003137277682617393,0.26149978119484174,0.00010493569698661188,-3.141385907676182,-5.817591825784683e-05
2.4182090759277344,-0.3138023053789327,-0.6007156899768571,-29.427868496030186,-0.002654860754133359,0.029635910805511038,-0.1002644267001766,-0.6772289860209328,0.003142813444724623,0.26149756969728627,2.6795739595203714e-05,-3.1413415319589664,-8.607863159130211e-05
2.428246021270752,-0.852473699970527,-0.26074786801754674,-29.270125241933762,-0.006796838096539904,0.02357627258883503,-0.09972480033506882,-0.6772226982175447,0.003099951202839161,0.26148469424925574,7.95556502158558e-05,-3.1413417989056307,-5.2901969836835204e-05
2.438239812850952,-0.7736888997085378,-0.7113886441749809,-29.468013163458124,0.0006318939480664919,0.024108438815298276,-0.09537717101215411,-0.6772251332208988,0.003143292229353189,0.2614500667996654,6.714764290944714e-05,-3.141371811923654,-6.673270508311692e-05
2.448211193084717,-0.15446608186354727,-0.4322928311443823,-29.244362078212315,-0.008474252122799354,0.03889236430755777,-0.09999893092986865,-0.6772403135660571,0.0031426917787182145,0.2614445587012126,9.514280701512164e-05,-3.141282238655762,-8.380437909629593e-05
2.4562525749206543,-0.4568713952707562,-0.6738425442541538,-29.427855430424447,-0.003478523044175309,0.025726285619036973,-0.10019139593990267,-0.677205245879056,0.0031189462625886293,0.26138512255962876,9.326847633768883e-05,-3.141448709002176,-2.456553471668575e-05
2.4663312435150146,-0.3811574624515393,-0.5963533881914596,-29.28422130276325,0.000153446050241852,0.03295243951897486,-0.09751716582194414,-0.6772228997289718,0.003136109307071662,0.26139907285748765,1.742040176290874e-05,-3.1413693425832325,-0.00013645218009676317
2.4743220806121826,-0.6774651185256019,-0.36488131914388333,-29.430106364663086,-0.007348863237652178,0.027126006383182157,-0.09603541019089748,-0.6772303458529946,0.0031304669118105894,0.26137351667353315,0.00011588410321755847,-3.1413159243989286,-0.0001386876821014925
2.482367992401123,-0.4381163324608922,-0.6936486543801132,-29.366904500611646,-0.0008979763532153293,0.030686760766086743,-0.09679527645388755,-0.6772299822418594,0.003108388240902436,0.26138121246462476,0.0001161130854939827,-3.141282830784264,-0.00010340516699578224
2.492194890975952,-0.2536088834827237,-0.45853771399719007,-29.290525143508265,-0.00559786325604801,0.035336425788667365,-0.09995882158938292,-0.6772277039221424,0.0031456964420986584,0.261330275137879,0.00013482663615289558,-3.1413674568417145,-5.0003416679469156e-05
2.5022435188293457,-0.5541488537180996,-0.4193772888885116,-29.528108653589587,-0.0044370614778815745,0.029785566039331645,-0.0953720343348588,-0.6772334042778867,0.003113917729662361,0.26129628112351244,5.184403955778622e-05,-3.141347065493251,-6.300601648792385e-05
2.5102851390838623,-0.5409300111285733,-0.6572259209213875,-29.559167600666644,0.0012667514070968102,0.029227357845789913,-0.09889284658737316,-0.6772207608421427,0.0031137257803756303,0.2612867274297673,0.0001660472867529888,-3.1413486313957546,-5.540054328166666e-05
2.5181820392608643,-0.5810774468462656,-0.7581238454867432,-29.375948128175434,0.00032129310466712035,0.027869564345484155,-0.1026543431140646,-0.677220562872525,0.003127799027819709,0.26127934250828877,-5.686075560718877e-06,-3.1413210424531295,-7.857718138758722e-05
2.5282044410705566,-0.4181335027894846,-0.31920476097153616,-29.257500593400316,-0.007526238095854563,0.03107623086434711,-0.0971533533326451,-0.6772253645081902,0.003143333020669977,0.26122639855952057,9.914259513168538e-05,-3.1413496630546045,-0.0001262922949007796
2.538184642791748,-0.31455998390967654,-0.26084782974998816,-29.227339555603773,-0.011614861617187205,0.03600672813113478,-0.10176786466408129,-0.6772078328688486,0.0031308438277928238,0.26118470956146655,8.406172658683004e-05,-3.1414452192572817,-8.307653674595347e-05
2.5463597774505615,-0.3421995552640127,-0.5297650963292304,-29.31586898359134,-0.0038094997575898607,0.03315247897079709,-0.09925235846782546,-0.6772337742524545,0.003128843782214935,0.26116593843698693,6.782541194910773e-05,-3.141363881257308,-4.0183326549096436e-05
2.554069757461548,-0.5000053639987492,-0.475416616982983,-29.20084043458323,-0.00760845371919893,0.027695901071321673,-0.09747290046040591,-0.677226633407996,0.0031455053236634305,0.2611539000486195,3.5795261083609985e-05,-3.1413829682464947,-0.00010116706087912463
2.5623509883880615,-0.0412837294010181,-0.19763294896472985,-29.333610220894396,-0.008849222746340701,0.04308485119784017,-0.10373906366885775,-0.6772339099153308,0.0031004103655120473,0.261172611240361,0.0001454303819940034,-3.1413134476321773,-5.8196464501939645e-06
2.5701777935028076,-0.5390474989948987,-0.47771759301370686,-29.32018370199919,-0.008966590760756439,0.031061439377208573,-0.09963406578758292,-0.6772220561393755,0.0031197423264910356,0.26114883262035393,8.061399706141165e-05,-3.1413445277638976,-6.969082490401507e-05
2.5804007053375244,-0.45088893331644964,-0.4548925332914026,-29.222626360818804,-0.0031695568714958087,0.025926581470162007,-0.09968166457775404,-0.6772142024558431,0.0031272109347942525,0.2610886333961003,5.5959158768416346e-05,-3.1413867821601595,-2.7252420869598594e-05
2.588327646255493,-0.3796187791582128,-0.6056366464696152,-29.346864353724907,0.001494950562972697,0.03029814786266497,-0.10120972159671504,-0.6772418523229887,0.0031070003574370183,0.26112203921731636,0.00010550661490664087,-3.1412928400894864,-7.683156906396828e-05
2.5983216762542725,-0.6597480799805377,-0.26451586889735795,-29.218436825309666,-0.009202066678281808,0.029998718931813596,-0.09534188205222142,-0.677228904321773,0.0031668267953660484,0.2610757188413106,-1.8030545175455735e-06,-3.1413402604923126,-4.892711361774432e-05
2.60616397857666,-0.661521598752236,-0.8159936047174055,-29.41370053179977,0.0006114783821711808,0.02468792783102421,-0.09683405879734745,-0.6772455320528559,0.003108953983289097,0.26105016733664765,8.776230896406712e-05,-3.1413312431677927,-8.451578728618739e-05
2.6142024993896484,-0.5334844506425434,-0.7856851253665244,-29.409251456347256,0.004060724161749418,0.02697746323747735,-0.09483782172059299,-0.677229232009772,0.0031246376141095392,0.2610012399829174,5.0291125282486246e-05,-3.1414350665764736,-9.670569526038659e-05
2.6241753101348877,-0.5416702205464433,-0.8023457485321156,-29.36957886579321,0.003361088572175812,0.0289163077988643,-0.09721252607313853,-0.6772259796149721,0.0031193119124194764,0.2610188204184565,0.0001807395605876001,-3.141336529781409,-5.631236672129336e-05
2.632082462310791,-0.4117961304189579,-0.24710331335945984,-29.34188305793427,-0.011692992297921367,0.0374371380095986,-0.0996354917107436,-0.6772208271999395,0.003132028787227025,0.2610043196534051,7.868866938862118e-05,-3.141326104984717,-0.00010448363705506103
2.6401658058166504,-0.566590724698271,-0.5503729327954847,-29.300414911133654,-0.00011395105828004756,0.02945762502667408,-0.09390680886401317,-0.6772136502442424,0.003125157147651503,0.2609624221318971,0.0001308997857343532,-3.1413623556036128,-0.00010542675386239439
2.650209426879883,-0.15852935401237972,-0.4006817211359198,-29.174114011826447,-0.004217883541327771,0.03542267760505637,-0.10211209607364222,-0.6772244286934024,0.00315990775682831,0.26094062272109647,-7.656044796270588e-05,-3.1413864719544504,-0.00011598524702837979
2.658270835876465,-0.4176444304515861,-0.49531773651593836,-29.211985825084327,-0.0039760769644408625,0.031919027936127456,-0.09506095562526373,-0.677222387365323,0.0030964032844056355,0.2609189984569245,8.098732383534622e-05,-3.1413437848558217,-0.00010479169570748798
2.6662371158599854,-0.6325979708866185,-0.7365794948777347,-29.26919337438075,-0.00201611575386614,0.03111838332983079,-0.09239206644922485,-0.6772125801865484,0.0031150423013470365,0.26086309635141147,0.0001246299455837434,-3.14142529903178,-7.143262530561796e-06
2.6762514114379883,-0.07889632176041458,-0.4139117698818575,-29.21826083491614,-0.0022961101407702683,0.033819049300576665,-0.10017061506889191,-0.6772328019403476,0.003125915935088113,0.260898733043077,0.0001127939360590625,-3.141339869872804,-0.0001403310499910571
2.686213731765747,-0.28375355219986176,-0.4361713263667905,-29.244466244660288,-0.005931910910876449,0.030016027580693362,-0.09701389576259795,-0.6772222334461344,0.0031585150114814635,0.2608571017260934,2.7849097186852408e-05,-3.1413811006654027,-5.943100330975656e-05
2.6962521076202393,-0.445219909683278,-0.5272587406485661,-29.32309632307163,-0.003766055015183055,0.03319819488067405,-0.10067005237669774,-0.6772253650797929,0.00314189804930733,0.2608467733246661,3.672545889725246e-05,-3.1413411512054403,-2.0055962062073958e-05
2.704239845275879,-0.08345472754869951,-0.46802761936628473,-29.231813185735653,-0.01086768954813636,0.03514777655605785,-0.10232102128483529,-0.6772191408230405,0.0031385123281174755,0.2608293591220672,9.428656861463419e-05,-3.141328362426589,-4.296110795044475e-05
2.7142674922943115,-0.5937184589828504,-0.6530223044919922,-29.350727848170262,-0.000872942977275725,0.03114712438220135,-0.10113386749828383,-0.6772190243562415,0.0031182186278391096,0.26074995662441136,0.00013388175471551854,-3.1414097628540945,-4.450633046609411e-05
2.7242414951324463,-0.31317659286084365,-0.3672722411073654,-29.337420173897904,-0.004397974170300068,0.034047480771031965,-0.09759398233534997,-0.6772030521088113,0.003112547106917218,0.2607635647469833,0.00016457147505020742,-3.1414141347120847,-0.00013326924067332574
2.734272003173828,-0.48444470844471277,-0.542382538676875,-29.057633257442028,-0.0020296193056302766,0.04142190020625399,-0.09698176195275476,-0.6772329821284179,0.003128311673841866,0.26075745037178766,0.00010672843401134547,-3.141335877296542,-3.99181902642834e-05
2.7442712783813477,-0.2624372496468831,-0.5179080244798494,-28.335678607930603,5.324761529466996e-05,0.03983570893386098,-0.10006078492274474,-0.6772212754277475,0.0031323136712524922,0.26076264896546425,5.863148298210397e-05,-3.1413005159904572,-0.00012289559699568507
2.7542316913604736,-0.5447559478429914,-0.5817773734208098,-28.122660466384303,-0.00027504095180044374,0.028157311527892668,-0.09781264191302104,-0.6772140026219233,0.0031010204186309124,0.260715393872611,0.00017523425183731708,-3.1413443908248087,-8.314325526927168e-05
2.7642862796783447,-0.43910904860203404,-0.4836946460874495,-28.06503156930886,-0.007097872334508747,0.024449326172630587,-0.0972114718292997,-0.6772211730511901,0.0031249797112881863,0.2606920787776347,7.714820955159095e-05,-3.1413164790527057,-0.00013155663097167696
2.7741992473602295,0.04595906057367609,-0.5389444053750925,-27.940292845533676,-0.008766834932662297,0.030668223527054568,-0.10643326267095021,-0.6772337586055681,0.0031200673501258994,0.2606515448748331,0.00013768048559240927,-3.1413187235451048,-0.00010990117928247627
2.784240961074829,-0.277206490951483,-0.2695066514586112,-27.94831420334811,-0.012031889215138612,0.03170442861229456,-0.10844183389414186,-0.6772268007995358,0.0031194707958502074,0.26064923120995515,9.220891181487154e-05,-3.141318058416656,-0.00016960681970660315
2.792205810546875,-0.2312213176149437,-0.4329771723147545,-27.87173173414792,-0.004540828689241618,0.05099608130169179,-0.09877606597412664,-0.6772369756855706,0.0031125177225455243,0.2606647148943502,0.00011738571724102773,-3.1412373274766408,-8.39394866085482e-05
2.8021998405456543,-0.32185664914567436,-0.5505226697137984,-27.67333387950729,0.002016422350263478,0.03731862933810149,-0.10080056966539999,-0.6772206122735077,0.0031327502868410237,0.26059250072356765,0.00016371918960000222,-3.1413871732467133,-0.00010725583886814868
2.8126981258392334,-0.8955200012167717,-0.394480818777417,-28.03898938736216,0.012793772259060952,0.03585136007470781,-0.09005036353676565,-0.6772362693069723,0.003117469337329983,0.2605980973753208,7.617027653590325e-05,-3.141290775042472,-7.157572837482435e-05
2.8224406242370605,-0.663810719910817,-0.48102450329273827,-27.990793339992184,-0.003484617889804446,0.03415169184107039,-0.09998330370840623,-0.6772295343511129,0.003112486621435574,0.2605917920540982,0.00013768066812557513,-3.1413063098734115,-0.0001375725701547758
2.832257032394409,-0.6085450124924224,-0.4386344254860922,-27.906162988665198,0.010301842058854042,0.028480958604836883,-0.09916206674576362,-0.6772277751916204,0.0031337224749495808,0.260607323708855,0.00010015697104574823,-3.1412297302765335,-0.00015210246594420812
2.8422954082489014,-0.6693848876618301,-0.807845641428537,-27.78492425191719,0.004705598685840689,0.030861421765242553,-0.1052944627368394,-0.6772360471128949,0.00313481717416558,0.2605894442504857,0.00011291925949180595,-3.1411880674880246,-0.0001568096401547853
2.852260112762451,-0.6006807231527405,-0.7159869662644196,-27.714810601202558,-0.0026858948312647687,0.038254732392692184,-0.09923855649310946,-0.6772349135174343,0.003122977799117969,0.2605262532057071,5.0550670611708196e-05,-3.141302736743197,-3.334065864213389e-05
2.862351417541504,-0.45618350251493167,-0.7026220587642713,-27.34520743445192,0.00017959015835843976,0.04712485694193621,-0.09636785674330933,-0.6772291302302591,0.0031181527316346083,0.2605123048846849,0.00015329122332885192,-3.1412684055646922,-0.00011585473982224331
2.8701984882354736,-0.7278119214316728,-0.6178839979471827,-27.157666921256727,-0.020473901825642345,0.04005006999301891,-0.09724054183519755,-0.6772291905493399,0.003116631669478016,0.2604760741568266,8.731313122530224e-05,-3.141272136715162,-7.604849924304704e-05
2.880234479904175,-0.6686303422544515,-1.2485124083018218,-27.115586964766223,-0.025984978640272785,0.04694773619649154,-0.10139402743761126,-0.6772414272319315,0.003140667468629025,0.2605193752883521,0.00010799377313733026,-3.1411569737199745,-0.0001980464090847231
2.890205144882202,-0.6276509126425204,-1.1832400882784044,-27.02743358693168,-0.047065922948987066,0.04855514919942292,-0.10106772968195664,-0.6772365429878919,0.00311250851884457,0.2604912972491576,0.0001932835021284621,-3.1412135336380573,-0.00014915830830327897
2.8982436656951904,-1.0212867687907525,-1.7561815402775516,-26.608439711781255,-0.057073271720342426,0.0437959983370417,-0.09846917561863801,-0.6772494223661489,0.0031215981095029707,0.26043729057485543,7.097989262658152e-05,-3.141243558156937,-9.865731080525342e-05
2.9082188606262207,-0.8208111093591083,-1.504828687282044,-26.112026804903465,-0.07059291979383701,0.05740456031601882,-0.101300080618564,-0.677220571302436,0.0031199647368365347,0.2604409330293278,9.683587825415974e-05,-3.1412396084003293,-8.741491085244828e-05
2.9167227745056152,-0.8936970011828443,-1.5066239765184322,-25.938628767479507,-0.06930070788891105,0.058031556269034924,-0.10050358110259734,-0.6772392858507095,0.0031212909396415166,0.26043859448200685,5.9724497249893814e-05,-3.141193151237002,-6.259246609167163e-05
2.926270008087158,-1.031169159633013,-1.7927659719320783,-25.783503064421815,-0.06555083045902825,0.0528323267663604,-0.09679140857757755,-0.6772468520919245,0.0031085188263022786,0.2604742368211082,0.00013079592884738828,-3.1410768824528215,-0.00014504082146084792
2.934220790863037,-1.0987355787909474,-1.7297417450669264,-25.58752622536361,-0.06662629151312818,0.0524243981518637,-0.10171377271178916,-0.6772402401514938,0.0031353654092123786,0.26047058868559747,6.713985508501051e-05,-3.1410904416368295,-0.00014217326503472778
2.944234848022461,-0.5669953702740502,-1.6912892411288714,-25.574697211967777,-0.07766708950925483,0.06403540718837342,-0.10206882018185334,-0.6772400902030636,0.003134640888613783,0.2604097592516498,7.690916945626833e-05,-3.141191480176562,-0.00017514766545373873
2.9541516304016113,-1.188255067464604,-1.7920465814835576,-25.21139555497135,-0.09026692988908887,0.05206145676999637,-0.09562106784696664,-0.6772403139504716,0.0031199135690274413,0.2603789871244985,0.00014264003087148975,-3.141193257776127,-0.00012075320069717943
2.9621798992156982,-0.7402832755763056,-2.2243158455803393,-24.984408185518415,-0.08263654076791069,0.058832179771156345,-0.1048189605876741,-0.6772507341223383,0.0031629135709186616,0.2604198986338335,7.497401401930551e-06,-3.1410788095269506,-9.882172379073407e-05
2.972140312194824,-1.3441755849532084,-2.112267319975971,-24.682511321995836,-0.0833009171618521,0.05182466749893329,-0.09082272641246474,-0.6772487034766715,0.003114573763234536,0.2603893035213504,0.00017531399220165506,-3.1411288021215187,-0.00012230852593248298
2.982316493988037,-0.7622282435784238,-1.7020660020956406,-24.509702271748985,-0.08666908663505417,0.06306696465545075,-0.09477609695330486,-0.6772370779723302,0.003132656199667384,0.2603877744320478,7.823316029569346e-05,-3.1411236036294494,-0.00013145473566233027
2.9922304153442383,-1.0840374861124484,-2.037753931644591,-24.74198597261784,-0.08449242367208397,0.0534347181264199,-0.0953188264930741,-0.6772459685519449,0.0031294682149278687,0.2603896485619107,6.075360119874092e-05,-3.1410730235661632,-0.00016594712851707627
3.0002195835113525,-0.6953041107437825,-1.570592003997679,-24.15179971576966,-0.10729543612404668,0.062070656132445466,-0.10137257287656479,-0.6772417968675012,0.0031109806796886406,0.26039292995447033,0.0001318229762071794,-3.141074819473267,-0.00010653166453930533
3.01019287109375,-1.0134840528449736,-2.2533801328091156,-24.218456674675735,-0.09703539966840814,0.057873115010280786,-0.09898627904853365,-0.6772510713100318,0.003114548124407982,0.26040453764998084,0.00013757645451491197,-3.141004292471582,-0.00011004157077277082
3.0202627182006836,-0.8666628082951922,-1.8997730913179927,-23.939960800039767,-0.11414544357135453,0.0584943295440126,-0.10340160715418481,-0.6772492658309974,0.0031109134903315287,0.2603974263503448,8.194339677147312e-05,-3.1410374610557708,-0.0001444776529237355
3.0304441452026367,-1.1830501041789643,-2.0963009536076185,-23.827490690983268,-0.10145143582918349,0.051456730752215026,-0.09768733263665458,-0.6772455206876542,0.0031362436021081714,0.2603863405437134,0.00011886437798146151,-3.141043046968652,-0.0001571029367276139
3.0388054847717285,-0.6742679763190227,-2.052536523034845,-23.797096724704307,-0.09859982133996122,0.0614267135261089,-0.10173139150503764,-0.6772611583873142,0.003107100209056823,0.26040804166456866,0.00016397555492904395,-3.1409129035330885,-0.00011778565470480866
3.046241521835327,-1.0792439237206533,-2.292111534402609,-23.75779004284991,-0.09018856533240216,0.04723762342414424,-0.09430072575167037,-0.6772344623384382,0.0030875998940845945,0.2603944676410595,0.00017845118443753343,-3.1410081030328714,-0.00014136726822849537
3.054081439971924,-0.9826591986070763,-2.433339039796885,-23.516787586721325,-0.09096870004209225,0.0443938666620939,-0.10058199686132847,-0.6772509358783966,0.003111068640179194,0.2603543899444575,9.664219347091481e-05,-3.141013562091913,-0.00019667639039914475
3.062148094177246,-1.1085368012148487,-2.4912991770111046,-23.651234247377023,-0.09664860015928092,0.044384286191715853,-0.09664778724546533,-0.6772401888660062,0.0031141922140250013,0.26037568470569783,0.00013348002066233936,-3.140979340367837,-0.0001954455654666732
3.0701799392700195,-1.0104256528582432,-2.4911575314057743,-23.38300909108306,-0.10050437002628305,0.04645273979997475,-0.093719285258697,-0.6772477090362712,0.003153100170969866,0.2603644625644942,7.435135569299283e-05,-3.140984371190993,-0.0001609929406034668
3.0783846378326416,-1.0600690183649943,-2.2317510577197646,-23.395593387460238,-0.11136526994509081,0.04170999852583416,-0.09706534130346155,-0.6772538718214409,0.0031239532536947202,0.260399507252889,2.9833177369595852e-05,-3.140888255341714,-0.00019187955634458466
3.0882740020751953,-0.8785507643177252,-2.2842224234884365,-23.25860868653059,-0.1089924379438771,0.04113789500354972,-0.1012990935281453,-0.6772394136286128,0.0031026271750195828,0.26039928989919764,0.00012552987896375582,-3.140916473240621,-0.00016366975619092156
3.0981709957122803,-0.5640806499105673,-1.8444088173029152,-23.044992274810287,-0.11513911782704907,0.04485624962433114,-0.10155440305705747,-0.6772449090580506,0.0031227593607313503,0.2603234961722395,4.406645888453351e-05,-3.1410234664524905,-0.00017402502941753862
3.1063404083251953,-0.5660094387096621,-2.273024692477684,-22.91821838516837,-0.10520207837009775,0.03982206683557413,-0.10354469817757084,-0.6772517063215766,0.0030972751837049133,0.2603954187248756,0.0001730851804524381,-3.1408848926197908,-0.00027921038679204263
3.1143643856048584,-0.5822675576379636,-2.0872090011786977,-22.57051342722384,-0.10604898722999151,0.037203865971838994,-0.10425063998246316,-0.6772616441905415,0.00315947136569113,0.2603847880390924,5.2140892266577375e-05,-3.140858531239855,-0.0002272730042430961
3.1242525577545166,-0.9935794528064265,-2.1752323861854213,-22.452596680996834,-0.10562920847120916,0.04189337936550323,-0.10093408609734877,-0.6772576600110126,0.003101721756238144,0.2603389492101411,0.00017280487188623423,-3.1409267832769787,-0.0001385416072361262
3.134192705154419,-1.6492236241344975,-2.0478635868017108,-22.239240921804445,-0.1087615699512972,0.06629106566695528,-0.09734519640370125,-0.6772321804531936,0.003105798182038915,0.26035311427670804,3.225554412464554e-05,-3.1409184973925557,-0.00020748196677511656
3.1422617435455322,-1.6057491712429035,-2.1686867214675525,-21.810886820278757,-0.10253523382639333,0.105766931900088,-0.10149331698857779,-0.6772386612627204,0.003143666519198829,0.2603164488298318,3.119180053793067e-05,-3.140934300900353,-0.0001571147483545341
3.1502275466918945,-1.5658950170593988,-1.919135931037176,-21.72112278773242,-0.10491898096211798,0.12018473391204743,-0.10628243878120865,-0.6772317770469537,0.0031318713345257544,0.2603144840043483,4.9658796254671076e-05,-3.140967818364608,-0.00019144989006448178
3.1602556705474854,-1.297865627325027,-2.469304279727357,-21.49552065791237,-0.10113493035585272,0.07757655627785769,-0.10156599487670813,-0.6772253916066661,0.003102825981403816,0.2602975682825585,0.00021066430926165714,-3.140942466211468,-0.00016103910882220299
3.170205593109131,-1.1050248495981567,-2.3828488822204448,-21.05411203616064,-0.10003211216770365,0.08744584611971645,-0.10202357740571337,-0.6772390335657201,0.003145374324289444,0.2602843024824311,-4.615404292534059e-05,-3.140947804877222,-0.00020975172891294868
3.180229902267456,-1.0275245256582148,-2.1386508542951836,-20.448855698456043,-0.0973606154640597,0.08122159776296389,-0.10344856227330265,-0.6772524994608381,0.00310655612841859,0.26025676721029584,0.00010922963721591798,-3.1409467002361624,-0.00017631159620233315
3.19022798538208,-0.971603924878653,-2.5837798110321835,-19.42972852291026,-0.10321982437268698,0.051372610350427235,-0.10162081209179699,-0.6772497361462836,0.0030968757177967884,0.26025789920789316,0.00014196348059187467,-3.1409642596572858,-0.00015926021866939785
3.2002477645874023,-0.9097654538352442,-2.124522619991877,-18.567766684564354,-0.11773617581209193,0.035979594032203105,-0.10215190931132082,-0.6772478140185915,0.003107250444984483,0.2601947017799541,0.0001232183634438727,-3.14107170995515,-0.000131334506923587
3.210165500640869,-0.38167293861082346,-2.4495336756602173,-18.355177039767202,-0.12846035732290997,0.027485871907744316,-0.1076051053347069,-0.6772480376148386,0.0030959823678153543,0.26023240903898304,0.00014916309122303104,-3.141035554391751,-0.000224206742160466
3.2182087898254395,-0.3595903035679032,-2.3370323690298,-18.36631288646832,-0.11701187844398157,0.022930739181067635,-0.10353333183566453,-0.6772630735553077,0.0031152617083465193,0.26018683479122,0.00011564772249268636,-3.14106628452216,-2.082482047747717e-05
3.226226329803467,-0.3988966679523321,-2.51502680436962,-18.465579075067584,-0.11188073237738354,0.018153040962589292,-0.10479702767357824,-0.6772621929242562,0.003112111274318238,0.26022523435518113,0.00018702897858555279,-3.1409939431500167,-0.00017104163231926997
3.236237049102783,-0.3691620954875261,-2.4657366270280376,-18.536627374133065,-0.12254775546021775,0.010585625148693309,-0.10210115294074541,-0.6772524205415176,0.003118167294419308,0.2602194305903689,0.00014729712460263882,-3.1410197491492324,-0.0001932435964801371
3.2461724281311035,-0.4413035273455158,-2.3262932409751045,-18.497694155937225,-0.11251200547348972,0.027224355488768674,-0.10409448331049491,-0.6772470665178164,0.0031190126951603425,0.26019200865519343,0.00013438019339206936,-3.1410852567689322,-0.0001720958583364249
3.2562026977539062,-0.6104346625464495,-2.1366135063405167,-18.270024516713313,-0.12088888474402158,0.022870593246855888,-0.10511436482956388,-0.6772535194428216,0.0031203987239541743,0.26023577980709345,0.00012248323401749427,-3.1409969927748063,-0.00015557596439992393
3.266228437423706,-0.8195278223668759,-2.453574320571038,-18.37513499803042,-0.11112231716051718,0.028433927428595917,-0.09905585385540996,-0.6772604000289894,0.0031018965085056476,0.26021781318985726,0.00013562771339890907,-3.1409884606373355,-0.0001963322426021611
3.2762207984924316,-0.8920851768917666,-2.392618597778919,-18.49608997043664,-0.11507607256042673,0.04170561388489072,-0.10153628442622475,-0.6772436727448373,0.0031188391975427786,0.2602288268654396,0.00011530391161477182,-3.1410543208853396,-0.0001440778580316714
3.284264326095581,-0.8433002385423656,-2.5188252992646287,-18.706700083467332,-0.11766186367027849,0.04278312650733311,-0.10168154782774763,-0.6772679694678192,0.0031226660431630266,0.26022856419037077,0.00012881526073245882,-3.141023058786242,-0.000135162264845228
3.2922027111053467,-0.92035691574181,-2.346797708700814,-18.38414304777764,-0.11526106670409215,0.043117900044072476,-0.0994681559459351,-0.6772545435238665,0.00311482780288244,0.26021888833622336,0.00011586067240017436,-3.141011580422097,-0.00010568254807724778
3.3021652698516846,-0.8255438580540387,-2.538899628254588,-18.209411073180686,-0.11210486937469169,0.04337630681941631,-0.09869298116419556,-0.6772590565705021,0.0031151236741174208,0.26022551079683764,9.69198643697078e-05,-3.141016807183936,-0.0001751968584479622
3.312282085418701,-0.9444366577410813,-2.357330660239667,-18.324105665122392,-0.11307059523072223,0.042593911824017484,-0.10478425255448875,-0.6772584598208857,0.0030844796228460436,0.2601940883991929,0.00015446062258334686,-3.141076532295759,-0.0001230150468892272
3.3201839923858643,-1.2952648641884907,-1.9816236176228075,-18.55919811372934,-0.12255108330840003,0.052796795868572624,-0.09923530431634928,-0.6772478163035403,0.0031216783670203856,0.2602197246724808,0.00014756084521856474,-3.141062006250272,-0.00017292065257071677
3.330195665359497,-1.2626010210524377,-2.231423381696365,-18.636856313731457,-0.11808794537647488,0.06717867765049353,-0.09697979735396123,-0.6772697881904538,0.003129256501980273,0.26022415234776436,0.00012379383265981135,-3.141011942246209,-0.0001554757482969987
3.340238094329834,-1.1860067801060452,-2.388119044819296,-18.586701978031186,-0.10719621605317885,0.0796175607159218,-0.10411865119031662,-0.6772527497923191,0.0031371051752304303,0.2602196543979328,1.2769253321734175e-05,-3.1410509447384785,-9.776992349939658e-05
3.348175287246704,-1.1302961811743268,-2.283220763037454,-18.48269595548005,-0.1123216657537805,0.08761852270328732,-0.10152945989629752,-0.6772439690691869,0.00312063297904788,0.26024823042239686,0.00011533976432176289,-3.141013566677903,-5.714100830923057e-05
3.3581831455230713,-1.321667266685931,-2.0849018002257185,-18.55880619284248,-0.1196168926984121,0.09533585558912808,-0.09526824387376046,-0.6772511154242545,0.003136284101369574,0.26019408568424746,7.0476191581043e-05,-3.141098539262131,-0.00020233744984264542
3.3682079315185547,-1.746045714289318,-2.3456044615344056,-18.541097536073554,-0.10879256789731513,0.09529407521985929,-0.0938653129524124,-0.6772609387808828,0.0031110199798679815,0.26023582862020067,0.00018473652572523203,-3.141039182390932,-0.0001422764483533086
3.378312826156616,-2.0251568014901133,-2.2693739184683994,-18.584921117963827,-0.10624301850331712,0.11940706155590264,-0.09000016062922543,-0.6772609957736052,0.003123690180759719,0.2602278327330827,5.199002156340075e-05,-3.1410687531910497,-0.00015876603398159457
3.388206720352173,-1.9168646607655382,-2.0145310215502743,-18.72353102491538,-0.11053927347503992,0.13836245133706504,-0.0992375909496442,-0.677250162641328,0.0031356682518437697,0.2602189623193685,6.8425823014659e-05,-3.1410987585941075,-0.00014905086535754427
3.39836049079895,-1.9541352032574875,-2.128659187945498,-18.434108975331252,-0.1118333203634974,0.14358476566756712,-0.09404771704043029,-0.677245239231776,0.0031322158707116,0.2601672603272392,5.749082248942337e-05,-3.1412242124165077,-0.00011548849028173736
3.408352851867676,-2.0830295112579194,-2.3057210019054164,-18.51873703367617,-0.11005105456652048,0.1469810457026404,-0.09284931837637375,-0.6772356203479689,0.003076602952661229,0.26018873981675295,0.0002135203331477712,-3.141178149335324,-9.047908224785317e-05
3.4163105487823486,-2.170713106219894,-2.5266251537089803,-18.33737906599267,-0.09838078294595112,0.1519454420310431,-0.09726912345164564,-0.6772505571996521,0.0031082815241085756,0.26021356798145356,0.00015584951280187058,-3.141118408996704,-7.627452898888835e-05
3.4261934757232666,-2.1226931787528405,-2.1563620463364104,-18.645869929683077,-0.10589692494643349,0.15828215636911003,-0.09177206585834514,-0.6772589464996216,0.003122035650558562,0.26021579444296694,0.00012852293523936764,-3.141078219267872,-0.00013652279421715122
3.4362826347351074,-2.281189605734782,-2.3995918915271215,-18.64579633095635,-0.09734570581943598,0.15682267804371186,-0.09556727698700296,-0.6772499427344431,0.0030997617740573806,0.2602012026012501,0.00019346285319907515,-3.1411259398969755,-6.915413242869944e-05
3.4462125301361084,-2.3764664575361563,-2.495709227698377,-18.57478968558867,-0.0980983983706027,0.16227889317244432,-0.09665944018861368,-0.6772532527697391,0.0031269196176730595,0.2601666615204389,8.216048169821509e-05,-3.1412155041138496,-5.94950619257514e-05
3.4562501907348633,-2.2014017787797115,-1.9828938909515912,-18.423223251563044,-0.11849038036554847,0.16484771611578405,-0.09576527890883721,-0.6772332379259043,0.0031415053777731957,0.260222532741216,5.593261553031759e-05,-3.141153405844487,-0.00015067620922081573
3.4642293453216553,-2.171526377203982,-2.3918610792040154,-18.449126173290843,-0.10528970331491684,0.1673567529206957,-0.09413232813718447,-0.6772515490351154,0.0031248575220682515,0.2601998360705298,0.00012124558659341521,-3.1411537141588157,-9.856085656999556e-05
3.474250555038452,-2.307255487181343,-2.1602668941926817,-18.55836760979398,-0.10705124476159988,0.17015320462363762,-0.09419432278974854,-0.6772507885324425,0.003124435390022103,0.2602249296983121,0.00010005946343386215,-3.1411322060278715,-0.0001316308229903763
3.482304334640503,-2.1881503750646907,-2.1221235484377825,-18.481359933029424,-0.10440880412799877,0.17251227043557,-0.09691825696605258,-0.6772520311939855,0.0031107473386575925,0.2602183574656821,0.00010318138463956896,-3.141130077309551,-0.00010625244541441026
3.490203857421875,-2.5764164354011023,-2.1688323059470975,-18.47789452750092,-0.1047216233663984,0.16355146624109654,-0.09749521154690484,-0.6772510334745059,0.0030874991154106737,0.2601958409033823,0.00014069645919595946,-3.1411608955571437,-6.945292174633017e-05
3.500213146209717,-2.7994317920513345,-2.1659792700552987,-18.596391187746132,-0.10864651134445838,0.16394168669832265,-0.0959193759485353,-0.6772486845589214,0.0031077745609856193,0.2602406678845513,0.00011398771194751127,-3.1411333479238435,-0.00014515918192178678
3.510179281234741,-2.523919780075574,-2.373462117236694,-18.469802635157844,-0.10567065085956413,0.17557881094765068,-0.09428028732306389,-0.6772486416358199,0.003144024077615731,0.26023255921534344,9.501230946259469e-06,-3.1411204457231214,-0.00018126943579665952
3.5202410221099854,-2.550884243545267,-2.0947036060572497,-18.649598217999504,-0.10933690746844657,0.1777249209719015,-0.09616485069450142,-0.6772546131797673,0.003144040346916018,0.26025292080652607,6.237679735989232e-05,-3.141100249950816,-0.00013755394729180148
3.5282390117645264,-2.514702269672512,-2.1771210175948825,-18.643395479238904,-0.10369282195342593,0.18727281274251464,-0.0917999450183517,-0.6772400563768446,0.003126250848895097,0.2602181738341554,4.927499947491775e-05,-3.141201925057579,-9.555804901715029e-05
3.538243055343628,-2.655264070734163,-1.906477359187126,-18.70218075268159,-0.11048977748024023,0.18275022987925424,-0.09191735743389774,-0.6772513949799426,0.003110253980620652,0.26023191937703366,0.00019058751321088257,-3.14112410231156,-8.691797463945085e-05
3.546170949935913,-2.6480752742197184,-1.8202139605512486,-18.6714160536784,-0.11151511349102183,0.19522409057363285,-0.09600091767335925,-0.6772313212009424,0.0030991514945506,0.260210683526937,0.0001535976683162963,-3.1412070037995625,-9.299731710480408e-05
3.5548689365386963,-2.679964094172885,-2.264462769006872,-18.709777719020515,-0.09798674248352751,0.19511322847822898,-0.08950612176837908,-0.6772503036820378,0.0031308415810471697,0.2602103826429218,-2.0131751387940384e-05,-3.141239045166423,-4.024273762558744e-05
3.5643038749694824,-2.8737586881932966,-2.611643701299261,-18.824252459054012,-0.09212216853582664,0.20128454127447212,-0.08920468030059896,-0.6772572468275325,0.0031132476797525693,0.26024159535784425,0.00011388052009746019,-3.1411310251601368,-0.00015823042549384912
3.572213888168335,-2.863718243321057,-2.4761550410424755,-18.924484076474048,-0.09323751345831834,0.20520829929342801,-0.0868574652227388,-0.6772413554885403,0.0031408768284591853,0.26025945220214464,6.321179824727445e-05,-3.141158915796531,-0.00015707108671107184
3.580256223678589,-3.1740934203983633,-2.3212304891484603,-19.04019034132632,-0.09286964432145385,0.2029960664457106,-0.09167519504594729,-0.6772360806274951,0.003112910838022322,0.26022525659803825,0.0001269368628842335,-3.141210980851491,-6.8271565597768e-05
3.590087890625,-2.9827100893112943,-2.2691113813115424,-18.892546050230962,-0.09618396805170049,0.20605380348522265,-0.08661612559174149,-0.6772410385181699,0.0031215137263841445,0.2601970108435143,7.733534096510263e-05,-3.1412759284524587,-0.0002124521089577455
3.600191593170166,-2.9196078297754204,-2.0787328986708755,-19.104324687026136,-0.10032367893063038,0.21175076891474118,-0.09165906258061404,-0.6772428270167524,0.003098080016360099,0.26022319008267175,0.00017833759406353473,-3.141232065571618,-0.0001212278445385601
3.6081724166870117,-2.9855758954300597,-2.4006505173091774,-19.064007503946463,-0.08953386743046844,0.21390936025840626,-0.0920990625655749,-0.6772392965774493,0.00315150211622255,0.26018585563542007,0.00010000351844744506,-3.141332390374915,-0.00010119642325099547
3.6161386966705322,-3.2019583301513808,-1.9415309663868319,-19.082597531115564,-0.10286031217884435,0.20872573832099864,-0.0930097496153956,-0.677236794367632,0.003137688721742091,0.2602298888911408,8.020828689515073e-05,-3.1412302629054447,-0.00013405436058595006
3.624178409576416,-2.9013577232319347,-2.4227597042789517,-19.037309813010115,-0.09129710106160356,0.2205572926496018,-0.09394834992120976,-0.6772512041677603,0.0031408920410171824,0.26025239958182866,8.948468175079727e-05,-3.1411555103845386,-0.00017728701069875992
3.6321523189544678,-2.776718442280365,-2.400419060649223,-18.974235566101875,-0.08905563927868779,0.2201114261558249,-0.09178785591383612,-0.6772417877064433,0.003136434915343033,0.2602095629334946,4.270991260249267e-05,-3.1412567738904733,-5.3634786091204054e-05
3.642082691192627,-2.749633063248503,-1.856294913289927,-18.928916652745976,-0.10378372832773268,0.21701910235155705,-0.09072995846747237,-0.6772435316528909,0.003101811917655789,0.2602217879146207,0.00010167381592333129,-3.141254793623006,-0.00011400030155191836
3.6521642208099365,-2.3189594387138444,-2.106102637530673,-18.965804175592968,-0.09954364642405314,0.2259696228424284,-0.08973523071369616,-0.6772462092725999,0.00308468784645332,0.2602684100104348,0.00020402950080428467,-3.1411942407459152,-0.0001245923622366202
3.660254955291748,-2.813124471647095,-2.128628062875494,-18.97804364197011,-0.09717032439769821,0.21771253056794146,-0.09048106419572872,-0.677235963864753,0.0030830598452863483,0.26025237927630385,0.0001769458677031339,-3.14123929209084,-7.179886260359744e-05
3.670163154602051,-2.341939197861352,-1.9606609952073935,-19.020615902135255,-0.09906007806098291,0.22759507691160094,-0.10120659836577128,-0.6772380755561888,0.003131494717397776,0.26020550740264187,0.00010127099463351014,-3.1412554825944006,-3.944575301731328e-05
3.6802024841308594,-2.717080837243116,-2.1043617413545364,-19.22853250546431,-0.09691635696304134,0.21625190644072534,-0.08875332253947375,-0.677250927781575,0.0031241867690323076,0.26023744498195406,0.00011257415160970386,-3.1411833684500334,-6.358474140838325e-05
3.6882286071777344,-2.7645538838373565,-2.2427476498725656,-19.157656824404253,-0.09389936899677437,0.2121342240781894,-0.09479624056728957,-0.6772398406729502,0.003129147708638755,0.26024938048755086,0.00017425756791650962,-3.14127982963601,-0.00014533065443571877
3.6981871128082275,-2.9488814213678007,-1.8855247496545846,-19.31803101621976,-0.10191838935250216,0.2053755263714652,-0.09227797973215736,-0.6772323981890143,0.003097830451414623,0.26022852411946545,0.00010176018285196229,-3.1412457491638532,-5.4927061023146664e-05
3.708191156387329,-2.593170960029577,-2.267255364877716,-19.312865074324513,-0.0983527108626798,0.21357121095336912,-0.09956549746339036,-0.6772574057421702,0.003107662099284754,0.2602910473341369,0.00013805305998575984,-3.141147747243597,-0.00010839979788688185
3.718303918838501,-2.5558064266809093,-2.2001266510418342,-19.275125444991513,-0.10564852087130877,0.20222341611920897,-0.08917869026605146,-0.6772373440468789,0.003106677994112298,0.2602047737820529,0.00013365142991259496,-3.141302700141321,-3.2073629219742996e-05
3.728205680847168,-2.1648629249607168,-2.104876052500408,-19.6048148399138,-0.10577878035930753,0.19183972676199665,-0.09581490730842536,-0.6772635636602955,0.003081858735514537,0.2602335259822276,0.00016008234789070973,-3.141270555976588,-9.482397965830924e-05
3.73823881149292,-2.197205407724406,-2.2447249938246294,-19.645530647457765,-0.09979455755011847,0.17497982373907062,-0.09067240004107203,-0.6772582558311897,0.0031133591619892063,0.2602708509573697,8.704356725457513e-05,-3.1411804534902545,-1.1460147075192174e-05
3.7482542991638184,-1.88898065874211,-2.3264477888173847,-19.675842732030453,-0.1040142827109989,0.1575270243718331,-0.09234464452126098,-0.6772453190024682,0.0031223288041199674,0.2602701616712181,5.376174370679415e-05,-3.141227745466211,-8.265395207236345e-05
3.758176565170288,-1.6731203362853617,-2.3864492281040133,-20.07074257262884,-0.10696802373924494,0.15001609977621658,-0.09437643735587323,-0.6772551542088442,0.003155948517596777,0.26023848288462753,-1.6512651896253606e-05,-3.141259363034838,-9.149510278486203e-05
3.7682132720947266,-1.7012004484646746,-1.9251542333535758,-20.08075244441633,-0.12076518834047652,0.1379012497828228,-0.09769449786948053,-0.6772551798262534,0.0031468470210988236,0.2602398615248079,1.653346571836863e-05,-3.1412436019945233,-4.050836875585835e-06
3.778291702270508,-1.8348375128836916,-2.330678174324478,-20.118979754530383,-0.11175367682260158,0.12633239226910642,-0.08729621258384664,-0.6772630167584099,0.0031398692894818686,0.2602537815385094,3.1030168882385487e-06,-3.1412130837141157,-8.732128516970884e-05
3.788212537765503,-1.913698467750972,-2.3157124939675255,-20.248544055526377,-0.11203890044232112,0.13036503528059498,-0.09448254821292666,-0.6772735554735821,0.003132783704260165,0.2602866595777117,8.459508081246424e-05,-3.141157076016214,-8.648003839055102e-05
3.7962255477905273,-1.929610319174951,-2.1866638474847093,-20.06686584765993,-0.11448374571026133,0.12935384195696492,-0.09763922224677254,-0.6772634641740828,0.0031435960892939457,0.26027829390123036,5.456716017494253e-05,-3.1412454678166712,-5.135849691063478e-05
3.804241418838501,-1.4028841425763388,-2.269637195818591,-20.03308264901619,-0.11414439638867223,0.13686927624231304,-0.09463692152954498,-0.6772612350773748,0.003128528312753546,0.2602823197917626,9.988165814348555e-05,-3.1412148661723784,-0.00010158139886979882
3.8146467208862305,-1.777295776698081,-2.4329094843836345,-20.137089745556043,-0.11090773266522895,0.1234466556157403,-0.09134376163529508,-0.677259196201333,0.0031281599775181503,0.26027752122655545,0.00013258057455695237,-3.1411919676260367,-0.00019206286478960592
3.8242247104644775,-1.6373888702610189,-2.30644861126556,-20.02077648364093,-0.11482305787068577,0.13083112308379616,-0.09227308182181372,-0.6772530900292321,0.003115435969876017,0.26026773964921446,8.223682849701905e-05,-3.1412255212816604,-0.0001430158377803427
3.834218740463257,-1.6345534447056203,-2.2316087624231833,-20.216769763522038,-0.11614045843403617,0.13065078408837613,-0.09730370756592906,-0.677255332592388,0.0031380124049003497,0.26026734886907654,3.4613567234787883e-05,-3.1412564532610476,-0.00011413217543728613
3.8442511558532715,-1.8020854226789915,-2.1851015438659314,-20.284467965653043,-0.11401376672987701,0.12493566313208843,-0.08884007725698632,-0.677236975970923,0.0030997885303935837,0.260262965241626,0.00018369643275956772,-3.141281429044954,-0.00010365872924645793
3.8522560596466064,-1.9466713877511297,-2.405207584445855,-20.276980444341838,-0.10767785698649578,0.1239033729999904,-0.0972504167062831,-0.677258592701981,0.0030992137285976926,0.26029902476691363,0.00024965023271401025,-3.141194022458694,-0.0001389154391503082
3.8602359294891357,-1.7137469138246912,-2.3781395866589063,-20.27856455759939,-0.10837395678126303,0.1300305543189909,-0.09673242356538476,-0.6772564472269834,0.0031381193025880306,0.2602291801066087,4.6807562257695624e-05,-3.141297659986267,-5.3269029995567636e-05
3.8702592849731445,-1.2580761522313588,-1.9862118148130867,-20.208513362978543,-0.12288080403849329,0.13664519619444823,-0.10228266492990604,-0.677250582574261,0.003097412749134561,0.26025663114566466,9.450933841778224e-05,-3.1412196322058326,-7.82407956164261e-05
3.8783020973205566,-1.4284461531153638,-2.2712275458417683,-20.2403581456891,-0.11454611028233128,0.13242432450372565,-0.09309291130907954,-0.677244990905841,0.0030842435297423762,0.26025572066087466,0.00019144921750943738,-3.141257137830138,-1.890089363598822e-05
3.888211965560913,-1.9235760489429075,-2.355904026329978,-20.456795937130153,-0.11581368971172556,0.12731776163408964,-0.08737623793012568,-0.6772444737505345,0.003129365754735266,0.26026886380027286,3.500439423925057e-05,-3.141232517994682,-6.736512525825132e-05
3.89624285697937,-1.96635443506928,-2.3255151888411936,-20.485311267936574,-0.11018477836248874,0.12354104603004609,-0.09554805904300163,-0.6772580927861992,0.003151546970958161,0.2603020150029632,3.480104343610042e-05,-3.1411841577518382,-0.00016882802446893568
3.9042365550994873,-1.8239490413903265,-2.187664974944545,-20.356124043036196,-0.11129588098426119,0.12466037164235835,-0.10264657416831134,-0.6772622298034575,0.0031066010568732024,0.2602806451699581,0.00014473501963884164,-3.141222442077707,-9.151621860595159e-05
3.914395570755005,-1.9188491646894636,-2.7303101012171136,-20.64070106487234,-0.10405104332331823,0.11927879549470467,-0.08546599963894252,-0.6772655915794934,0.0031338300959127103,0.2602533630541809,0.00010671102683101374,-3.1412517223016847,-0.00011330446637675923
3.924241304397583,-1.7167722532759153,-2.2043670066147523,-20.408033697104564,-0.11277755299683404,0.12496757985742715,-0.09785358841423694,-0.6772579354813119,0.0031224990552306676,0.26026870750242376,9.336919134692085e-05,-3.1412230290178953,-9.65041736678536e-05
3.9342925548553467,-1.7357297770820646,-2.17760040944195,-20.36223669536137,-0.11438165201708897,0.12102811445891483,-0.09831397695318732,-0.6772585504517684,0.003129849202975705,0.2602633746503997,0.00010434119587106696,-3.141246903989147,-2.3934454094667885e-05
3.944283962249756,-1.5694745534750145,-1.890495652943727,-20.275521614314023,-0.1253581620374144,0.12533499762919892,-0.10183074424946756,-0.6772705885316269,0.0031248038823367442,0.2602872881321217,0.00014415262716944231,-3.141188870558062,-0.00010235007652945563
3.952275037765503,-1.6503781124026005,-2.286897481334359,-20.248114455442227,-0.10924379491059223,0.11659730695573983,-0.09666303205208529,-0.6772543356417187,0.0031829794650251654,0.2602718698523194,-5.551321638318986e-06,-3.141234525387682,-0.00021209200028261095
3.962237596511841,-1.7884354049947297,-2.623977774408023,-20.380026662866097,-0.10887549566259927,0.11421641952649987,-0.0911271320709461,-0.6772589408938638,0.003120959345339579,0.2602529505641365,0.00012108798951883752,-3.1412460845151253,-7.680149811854875e-05
3.970168352127075,-1.3931597488106726,-2.096773716706897,-20.339123970516745,-0.12360897251746414,0.12266544606636003,-0.096518489435261,-0.6772610054220052,0.003118657626212239,0.26031628618242625,0.0001253474436239937,-3.141160753324785,-0.0001374600611514201
3.9802300930023193,-1.3020233516548725,-2.260389695167903,-20.215894435746296,-0.11835913126193964,0.12539538424227437,-0.09589708712487455,-0.6772694738459876,0.003104037507204691,0.2602985125802882,0.00021133500545431476,-3.1411302437063178,-0.00011417867450485167
3.988247871398926,-1.819087260776377,-2.431098152801901,-20.274384747122436,-0.11824155910177628,0.11783867100377118,-0.09476538296894163,-0.6772462391255177,0.003084398794769708,0.26024793984452604,0.00010624677177067822,-3.141260212666062,-9.807124967316793e-05
3.996185064315796,-1.68626224024998,-2.1756106951900076,-20.2968450045309,-0.11711067533219269,0.11966093181278385,-0.0976212033991519,-0.6772520191726138,0.0031086009100608604,0.26027595043159346,6.820787275123948e-05,-3.1411929249198427,-8.0073655573118e-05
4.006351709365845,-1.53639178815084,-2.3954879636350594,-20.426950616093933,-0.11376826818124108,0.11929915042138993,-0.09300125165262021,-0.6772601692697674,0.0031310218558450575,0.2602916059233888,0.00013254127471160016,-3.141165282597235,-0.00011512239135663563
4.014183282852173,-1.5899434708221096,-2.7733332334113276,-20.365029372670666,-0.11016162331735539,0.1156937184049909,-0.09007152821558531,-0.6772687764797414,0.003135259784603403,0.26029562658273253,0.00014382906712222216,-3.1411437404537916,-0.00010987751111157017
4.024241209030151,-1.7171749732980028,-2.364025854232511,-20.389544832906058,-0.11131812303826849,0.11075181673905976,-0.09569319038357305,-0.6772629141423933,0.003117411668454418,0.2602887386468293,3.58442788442885e-05,-3.141170345900602,-6.304911459598666e-05
4.0322651863098145,-1.6810173186339545,-2.692724550249701,-20.43888158728951,-0.10781002463484081,0.11040777697265855,-0.09727826344929454,-0.6772462053805985,0.0031244531025406462,0.2602448943142764,8.143106073011439e-05,-3.1412710625142473,-6.864421206781767e-05
4.042336940765381,-1.4185134087733857,-2.3613241091369375,-20.41625796574537,-0.11492087930288286,0.11487762631416679,-0.09052912468586466,-0.6772693535391102,0.003087848724333649,0.2602899145279654,0.0001668658326115041,-3.141164919249769,-7.707477598065423e-05
4.050332069396973,-1.681913410287037,-2.4645072318265155,-20.44343724555061,-0.11406584794945547,0.11169883219947274,-0.09632186037241418,-0.6772644670088169,0.0031033360334595025,0.2603027525787594,0.00012674701520666684,-3.141123574675877,-7.577227135016549e-05
4.060466289520264,-1.733113679898125,-2.2241347831169813,-20.40020996620659,-0.12215252040387911,0.1101046924031714,-0.09412877652942478,-0.6772674144689615,0.003154018509779169,0.26029064556954895,4.899028887999668e-05,-3.141132166799684,-0.00011347935031680866
4.068092346191406,-1.6537217944932305,-2.5128967081576246,-20.481897924415467,-0.11571082001031383,0.11071534330658707,-0.09204328665967636,-0.6772542019255873,0.0031594465249135855,0.26025974031412735,-1.5812833797735456e-05,-3.1412253524883145,-3.833161381324407e-05
4.076213121414185,-1.3273664693679914,-2.4940062520866655,-20.46770208725874,-0.11409496098791443,0.11402870995501178,-0.09780088279498943,-0.6772653327510766,0.00310308565921493,0.2602673773930638,0.0001777061197836983,-3.1411795421051676,-8.667582162186414e-05
4.088258504867554,-1.5104133817696812,-2.527486171261105,-20.5557723093216,-0.11220840056315136,0.10718845516127033,-0.0988891918167222,-0.6772507209397188,0.003125437333500667,0.26023810771629574,0.0001069095013765332,-3.1412726387247654,-2.3038300990264778e-05
4.09610390663147,-1.419080467593934,-2.3777565208747475,-20.471578947871514,-0.11607821760692683,0.10654513538389662,-0.09580971260839437,-0.6772586372521041,0.0030914331745173877,0.2602760360758657,0.0001896978226538959,-3.141173256370219,-0.0001001458009783887
4.104099988937378,-1.33616316636632,-1.9935928729180161,-20.426215123663162,-0.1258802625355912,0.10690193359014934,-0.09602568548960866,-0.677256963736208,0.003124316269466814,0.2603071955783143,0.00010074505842152077,-3.141113997938089,-0.00016437320505116913
4.114057540893555,-1.454505690180853,-2.577349573334604,-20.343650807925872,-0.11243564074240484,0.10559735560859543,-0.08316492498327856,-0.6772562535774719,0.0031179668364952214,0.2602687215727615,8.719342747983597e-05,-3.1411798130945523,-9.108838499295586e-05
4.122164726257324,-1.5631182476887837,-2.4908217414528084,-20.45130402209714,-0.1106009977491011,0.10428440445562695,-0.09618228738801922,-0.6772524834854234,0.003127124000525328,0.26030113510184183,9.18726573045629e-06,-3.141144436767519,-0.00016222365173508717
4.132117509841919,-1.3613037488267914,-2.160842656695862,-20.46008640928223,-0.11912324946322231,0.1048051731410343,-0.10231607504519319,-0.6772601900579174,0.003085185029770947,0.26026554154390436,0.0001971055003674897,-3.1411945309619536,-8.641444152271412e-05
4.142061948776245,-1.3392389024232974,-2.1349449178214677,-20.41431271788824,-0.1231166141615792,0.10659009747061941,-0.09090860586478464,-0.6772655852053231,0.003110052655930061,0.2602641840160784,8.647218463435398e-05,-3.1411811457439227,-0.00019538719171476368
4.150142192840576,-1.497088747473354,-2.4670687126369266,-20.275572252220115,-0.11309098778762329,0.10125699588784676,-0.09336735541075859,-0.6772518783716935,0.0031074418606449102,0.2603091722089273,0.00016348562125934494,-3.1411278351373757,-0.00012938255310943834
4.160180568695068,-1.3798143273339982,-2.318950679274763,-20.273560781035854,-0.118643672146044,0.100926316990794,-0.09143346050950565,-0.6772677367806574,0.0030916780841805246,0.26029825061363016,0.00020316288775124372,-3.1411259584778364,-8.952187707616102e-05
4.170219659805298,-1.519224537301656,-2.471426074254349,-20.459366326167615,-0.11069509965775194,0.09568899487879248,-0.09842574675350144,-0.6772603854867778,0.0031164975169304804,0.26025873576875247,6.2140154345879e-05,-3.141223672173648,-0.000167265160508531
4.180227279663086,-1.4241836668381551,-2.3341339347328587,-20.445483268654336,-0.11879978679812403,0.09654196180782317,-0.09759639201891886,-0.6772742260003101,0.0031056680214812437,0.26027861528732654,0.00017762703540231747,-3.141157800483406,-0.00010525961899570914
4.188225030899048,-1.7245699156023069,-2.2902299961608548,-20.434812993424696,-0.11974960954686857,0.09267835631661137,-0.0932876785712629,-0.6772487207255472,0.003124481419839353,0.2602817983580713,6.8519106550226e-05,-3.141163404425702,-9.636175081203575e-05
4.198171138763428,-1.2655789797212778,-2.372543552171916,-20.35744723552139,-0.11560940231870734,0.1006265984129955,-0.0940963426953204,-0.6772660415930142,0.003100719623677874,0.2602883238031079,0.00024325230315059171,-3.1411761406100815,-0.0001445499762371937
4.208235740661621,-1.8523008521483326,-2.5604207779978485,-20.439376056872767,-0.11243095384462982,0.08541461776908604,-0.09136557026557893,-0.6772535748122415,0.003141078662906461,0.26029460648975083,-1.9524669388166165e-06,-3.1411440051708657,-0.00012410885704806224
4.218234539031982,-1.362785079694694,-2.417323069244062,-20.501748809392833,-0.11670871685109382,0.09517424602522119,-0.09916863752386541,-0.677283660209086,0.0031349400656197077,0.2602841065940862,3.581009586840916e-05,-3.141097578917943,-7.180896160712195e-05
4.228221893310547,-1.5827543290516588,-2.4219423832120666,-20.40453855650179,-0.11943299383477843,0.09340582655350245,-0.09133594615485395,-0.6772567341466877,0.00310733880535053,0.26025515439101665,0.00015766947399459318,-3.141198367732659,-0.00013013988991856352
4.238171815872192,-1.4387046968378745,-2.782363922212914,-20.48870263066493,-0.10758477636224377,0.0896802547979342,-0.09483010709306287,-0.6772762927754997,0.003149750724347664,0.26028518015671026,1.0183186634549699e-05,-3.1411222770717773,-0.00014796465692048697
4.248216152191162,-1.503528045245497,-2.6468886874322504,-20.463585833867224,-0.11224412012821162,0.08702100936719964,-0.09380424947366969,-0.6772681909117322,0.003092359027023631,0.2602791481845925,0.00016607267978906412,-3.1411941944298487,-0.00017310382743651636
4.256253004074097,-1.606286534611901,-2.4187641217546836,-20.586608877786883,-0.11575705389912545,0.08708593054952028,-0.09957190989505789,-0.6772612292376098,0.0031087276509527686,0.2602518615648505,0.00012170376369267902,-3.1411956485750325,-6.682488678018326e-05
4.264196872711182,-1.5677211861820604,-2.5456558794658823,-20.530636313193085,-0.11645387065284112,0.0830629802884562,-0.09061503012135759,-0.6772637064422944,0.003119032114006651,0.26024378871753856,6.166665025993222e-05,-3.1412162306104774,-7.169195580358254e-05
4.27220344543457,-1.132778245724196,-2.373366644586525,-20.421462339656674,-0.12095109941382752,0.08753636368536553,-0.09726100870382773,-0.6772617256714611,0.003101560028899609,0.2602882927569419,0.00012668921948605247,-3.141153542722159,-4.6969706475842566e-05
4.2821760177612305,-1.1712518397343707,-2.3118851220020775,-20.504924759761018,-0.12494095849548174,0.08789601896440602,-0.09886831758837092,-0.6772670132415617,0.0031387021946762935,0.2602541021770257,6.790139672177769e-05,-3.1411732160345163,-3.3552631422806314e-05
4.290162563323975,-1.4408746881635555,-2.6195867307822365,-20.60311042865466,-0.1217119489351325,0.055289714394566515,-0.09226409815604185,-0.6772619746666743,0.0031321282060724305,0.2602810626585884,3.587401805830157e-05,-3.1411242398919677,-8.982125400974614e-05
4.300238132476807,-0.6377108699199799,-2.5939828282513755,-20.485060762592184,-0.12460163593599094,0.022972271257249727,-0.09563746112029228,-0.6772665918035756,0.0030927657005457394,0.26026815548475907,0.00012864204691146448,-3.1410917569601273,-0.00013820858061398288
4.3102216720581055,-0.49853535799790183,-2.48634554513961,-20.603011995708126,-0.12396767747406709,0.02835221716008472,-0.0985761026629315,-0.6772715862358759,0.0031186567141154504,0.26025064192494435,0.00019872681116881748,-3.141144212046312,-0.00020704963114132798
4.320194244384766,-0.5266296082118286,-2.4996815974180264,-20.520743181635996,-0.1293009436651432,0.0221846886455363,-0.0983176715170325,-0.6772574386240572,0.003104543683938051,0.2602712644222094,0.00019692143111032641,-3.141147151294544,-0.00014658071765352433
4.330167531967163,-0.38887083974593606,-2.231804049000517,-20.349086352594302,-0.12901535955157087,0.02986762230890501,-0.10144789650065976,-0.6772587952177005,0.0031234113560767163,0.2602480659846532,3.018742602384633e-05,-3.141161321636999,-0.0001296000609278141
4.340214490890503,-0.6087093837955737,-2.1130482681197846,-20.417931546002645,-0.13340822896550417,0.02455443721768264,-0.10377799864457463,-0.6772578829100573,0.0031123583908245827,0.26024192740880525,0.00015434453341782662,-3.141191557297611,-0.00021851126659435318
4.350168466567993,-0.8720496917814272,-2.423657428825479,-20.399106540296543,-0.12569760942739205,0.013509539452291183,-0.09759723203622794,-0.6772621809098011,0.0031417376920865586,0.26028159873766804,-8.15720339036327e-06,-3.1411126385834245,-0.00011719672083750555
4.3602073192596436,-0.3374720551280348,-2.233626942380543,-20.401087523853814,-0.13089069946611853,0.024902274040203686,-0.10079668009266192,-0.6772589156480098,0.0031196442455547362,0.2603303754490575,3.0410069190710295e-05,-3.141006328604469,-0.00012008628145712482
4.370218992233276,-0.807989213925311,-2.6669920701519896,-20.46855841732688,-0.12542238068462225,0.014237376816435153,-0.09505473972479116,-0.6772590486822252,0.0031218409963644097,0.2602496474892669,0.00017750194580411704,-3.1411739838635655,-9.96536162654798e-05
4.380187511444092,-0.39886332216988785,-2.28637297483155,-20.28951219154621,-0.12962648557988984,0.02670397917914604,-0.0978732620905836,-0.6772622842540227,0.003115298430627073,0.2602557255133157,0.00015207616799158084,-3.1411613084486745,-0.00016336470282237163
4.388213157653809,-0.6364369444693748,-2.4682571412640066,-20.47515279853821,-0.12277644604225024,0.023120163990927586,-0.09474614322054108,-0.6772664017929421,0.003123949273407857,0.2602925034495724,0.00012842477439456115,-3.14106665430432,-0.00010827931326137868
4.398231267929077,-0.668756466801233,-2.4296602611591687,-20.433361308393753,-0.12472167855443095,0.026203274559632467,-0.09726681591493667,-0.677275125071016,0.003101299801997341,0.26027522525916036,0.0002047996537236369,-3.1410919192937254,-0.00019871773917111153
4.408582925796509,-0.8074273176031204,-2.6421794618556658,-20.457163184523587,-0.11998809648377359,0.026639981914671026,-0.09209447927390271,-0.6772613771252886,0.003134613541549276,0.2602470028797511,6.897863905078285e-05,-3.1411744809359408,-0.00016595852009999417
4.418217420578003,-0.5961107409069702,-2.562226497594336,-20.32825080957868,-0.12292390784521885,0.02399782014167794,-0.094773236073802,-0.6772672637619925,0.0031058854036837814,0.2602903173617012,0.00012820539074941896,-3.1410292968149816,-0.00013919175643942134
4.4282495975494385,-0.39882630570162875,-2.423452042280933,-20.434219628398584,-0.12733358171146136,0.02919271218792225,-0.08973948170800808,-0.6772559909913973,0.003094388805981448,0.2602837848317698,0.00022490055461692147,-3.1411065584157867,-0.000147351915873876
4.436243057250977,-0.6260128105877953,-2.191223705315044,-20.476268273304292,-0.13571973339458787,0.024572796151936967,-0.09378923802526043,-0.6772608813148143,0.003160332785209255,0.26024570123909707,6.798404662977952e-05,-3.141135269447619,-0.00013791139293220438
4.446221590042114,-0.6487370043107469,-2.4505456845971154,-20.46808440416576,-0.1300429158413198,0.02506569589354254,-0.10088438784947121,-0.677260614389177,0.0031411218985089415,0.26027807941537767,1.057563524449512e-05,-3.141116176860661,-6.559315413514732e-05
4.456247806549072,-0.4567885869893886,-2.4623181659849935,-20.43822169423862,-0.12499636886074862,0.028997066754517804,-0.10023212541222581,-0.6772548555030549,0.0030980276774412205,0.2602789140551149,0.00012114268663049111,-3.141087227676058,-0.00011825020655138411
4.4662184715271,-1.1640753520709204,-2.4718161177327387,-20.478866432312163,-0.1275286163216473,0.015970549364495164,-0.09092994881158917,-0.6772774874796984,0.0031277335055729417,0.2603297863795485,0.00015229521027401352,-3.141003809405925,-0.0001875963486068521
4.474267244338989,-0.40930527366260683,-2.454198323348433,-20.431399001409428,-0.12463983087021074,0.03354354981631946,-0.09720439428560687,-0.6772774544920743,0.0031255798064797054,0.26027548855440685,6.921652089327594e-05,-3.141089560575072,-0.00017198524844443743
4.482254266738892,-0.469640512266426,-2.2896995946918257,-20.317242586358926,-0.13076357437601407,0.031210601943074283,-0.095962331949479,-0.6772718682270955,0.0030893627848695396,0.26027655240177994,0.00014025017844524203,-3.141037610607395,-6.995956388233506e-05
4.492228984832764,-0.5314471156865634,-2.111661757524439,-20.336264333822086,-0.13208551410022806,0.030546937159645005,-0.09675566716995757,-0.6772577553699165,0.00314680713952191,0.2602758451750817,-2.8603179671108094e-05,-3.141144692361071,-0.0001092088550088512
4.502211093902588,-0.5247079484978858,-2.464399633632659,-20.376337417892106,-0.12605682111174524,0.02652913164968243,-0.09574057037445285,-0.6772635434531816,0.0031165035772818053,0.2602830377155946,8.077063113972494e-05,-3.141064344429008,-0.00011343748089216531
4.5101799964904785,-0.547533357006392,-2.209853572917966,-20.326787656031357,-0.13362118201924097,0.02080446340188902,-0.10020546465184024,-0.6772594016430712,0.003134890291995974,0.2602477487413728,8.720226534986762e-05,-3.141150577252511,-8.7955956912345e-05
4.52017879486084,-0.5648073602765941,-2.4049346211955758,-20.38665235454907,-0.1279938881170255,0.019382625984840154,-0.09545882870938076,-0.677266431761885,0.0031098463195842756,0.26025781678012827,0.00013477125702996085,-3.1411008322336227,-0.0001810785279664875
4.530240774154663,-0.8087129504052225,-2.5251773356893854,-20.393127351375874,-0.12797510734928064,0.018071599704553597,-0.09566611271828077,-0.6772648415934887,0.0031016919658086754,0.26026450566394527,0.00018602921211827029,-3.141124784184984,-0.00018194541196479185
4.538182258605957,-0.5504062521663701,-2.3224632803049072,-20.35326617912005,-0.12856967943382827,0.02405066429936642,-0.09954596984934276,-0.6772783595097596,0.003133065927126027,0.2602327627167146,8.795581814114733e-05,-3.141156107514873,-0.00013819472684030906
4.54860782623291,-0.5417813708517093,-2.4810837875855,-20.363806162271544,-0.12729256547699733,0.026160529572113775,-0.09874464778909701,-0.6772634084740511,0.0031108122150472492,0.2602713089216184,6.913844025862597e-05,-3.1411150182907486,-0.0001040967873709917
4.558105230331421,-0.5926698847554759,-2.5404511995552204,-20.43852360473449,-0.12083709110986554,0.023202364135348697,-0.09901042532915236,-0.6772630153808581,0.0031111320958628168,0.2602594781137899,8.290094954351975e-05,-3.1411161219135675,-0.00015633397770639887
4.568091869354248,-0.5460592670215553,-2.5219006198914546,-20.356965650461355,-0.1285206167179456,0.022670379338831446,-0.09691623920252417,-0.6772564038610637,0.0031029191054478393,0.2602932645631203,0.00021181848459817415,-3.1411179079435922,-0.00014386931564668127
4.576077699661255,-0.7141307628238271,-2.487775482946472,-20.31148868922041,-0.12629842584079495,0.015461207959969614,-0.09478002297644472,-0.677269202842099,0.0031218358400411177,0.2602566422013695,0.00014072735573679657,-3.1411023116895027,-0.0001821704681256377
4.58407187461853,-0.31790452471799885,-2.4514687357993434,-20.3505027131472,-0.12622144785946338,0.0255402286212856,-0.09793933201804136,-0.6772745241574069,0.0031196384628782974,0.26029047001816286,2.4312768282011168e-05,-3.1410639107572758,-0.00014203536319753977
4.592057228088379,-0.6523807091292859,-2.491335966440348,-20.276111964630996,-0.12685558514348352,0.016318750630410557,-0.09175667867963634,-0.6772722001571632,0.003124917930531848,0.2602499835699548,8.841394173313014e-05,-3.141100751226853,-0.00017573778714255977
4.6000964641571045,-0.49238907355793526,-2.0653470143126893,-20.143224476669808,-0.13265115275230496,0.023531019551991578,-0.1000503402293179,-0.6772723661154897,0.0031216541997924406,0.260315616587211,9.48284013052827e-05,-3.141015647916815,-0.0001507485745720185
4.608121156692505,-0.8118703646443475,-2.5727196846334492,-20.3109969938907,-0.12737138973480777,0.013113955186885944,-0.09555603416024953,-0.6772671865654236,0.0031196139539056726,0.26028237499443824,0.00010865283151894649,-3.1410509217427633,-0.00017045775921858315
4.616154909133911,-0.4289182050952798,-2.340689332454247,-20.30522021910526,-0.13123719750079674,0.017631197600402663,-0.09592664907809664,-0.6772721109458407,0.003150599198483902,0.260259510394123,4.978550969166183e-05,-3.1411194422552153,-0.0001768125404124838
4.626099586486816,-0.6877416448104238,-2.3159720579071137,-20.097946453374508,-0.13260954122813393,0.013744245561939507,-0.10078723667192067,-0.6772559390552434,0.003134130418263549,0.26026619175223586,8.235795202211468e-05,-3.1410936347365443,-0.00010618960954624194
4.636145830154419,-0.6759490027192554,-2.208383086817279,-20.119964608133515,-0.13286161754177642,0.00821756494961025,-0.10208026024909499,-0.6772684425000329,0.0031080455808513378,0.26026039272282864,5.772994439956581e-05,-3.1411376825408404,-5.1753668694218105e-05
4.646147727966309,0.12328943340456229,-2.045950807307419,-20.01363322848923,-0.1359717407181479,0.020896610810499146,-0.09914904460320044,-0.6772755455024547,0.0031084481202698277,0.26029036088764185,0.00020438616222388345,-3.141039132618185,-0.0001950163362980197
4.656181335449219,-0.5523942252815625,-2.1241018519497334,-19.96850100222995,-0.1350891440398418,0.0049642906851715156,-0.09782947093943017,-0.6772698881694665,0.003100058449961381,0.26027185576849815,0.00012133311060071987,-3.1410655182628053,-0.00010841320691435195
4.666128873825073,-0.06705268979797663,-2.249336450938656,-20.025636846839625,-0.13288378707225995,0.01709693766102956,-0.10377832497243936,-0.6772567266282653,0.003149384106492199,0.26026417674725916,9.405819206311395e-05,-3.1411247837269762,-0.00020633974104126583
4.674185037612915,-0.33679108154835,-1.9775217981955928,-20.038338230755627,-0.1400179906267333,0.012746405211813642,-0.10213558514961403,-0.6772718878764445,0.0030955557827030203,0.2602718775546658,0.0001931272043372236,-3.1410692628077768,-8.051777038848353e-05
4.684108734130859,-0.1760791679496712,-2.1354288305849694,-20.21081462498624,-0.13524502520364692,0.018617253361554127,-0.10329777200629384,-0.6772777142877036,0.003117076414861094,0.2602692558513387,0.00010072764621628303,-3.1410335487597716,-0.00013772772027376742
4.692196369171143,-0.37389630986337663,-2.1549346242364775,-20.347395977282172,-0.13491017324270754,0.0095029174524534,-0.09828790895297146,-0.6772709043587732,0.0031013145812922474,0.2602821503231206,0.00017245873957810124,-3.1410943032623106,-0.0001658955103682055
4.702221632003784,-0.7562062143422847,-2.5379233871202262,-20.166441176162966,-0.12179639414026323,-0.0004349546312385122,-0.09579531002513633,-0.6772667354668039,0.003140630249386704,0.260244318110491,3.133262605241022e-05,-3.141123597274235,-8.20333640745081e-05
4.710232734680176,-0.27612651937262567,-1.941335784270253,-20.191533050668166,-0.14021242565321407,0.012355114337192087,-0.09778909743854632,-0.6772712064857792,0.0031310019121030155,0.2603078577664767,1.2106943566145238e-05,-3.140996968274944,-0.00013517087362768004
4.7181761264801025,-0.37665640819212654,-2.3972064832870514,-20.19751985075982,-0.12804450873861095,0.008054709661607038,-0.09748288471254798,-0.6772648462836722,0.003084026058099145,0.2602937358399615,0.00021904621857141032,-3.141068533051995,-0.0001458536101734367
4.7282209396362305,-0.4905203931905453,-2.499900751664271,-20.11979676673661,-0.12780293490938652,0.004786051219735774,-0.09429707348251413,-0.6772586788493952,0.003110721114317528,0.2602858424156492,0.0001645421641142002,-3.1410748284666736,-0.00013149794363255348
4.73621129989624,-0.6378697794679605,-2.447307037084139,-20.025068456317072,-0.1302153788928435,-0.0007529632906972078,-0.09654022659936157,-0.6772736054282756,0.003129637180424208,0.26025419658634746,0.00010836106194319594,-3.141112735972942,-0.00015978399043656207
4.744182109832764,-0.2882710272475823,-2.020212742057188,-20.159471830647533,-0.13717702964749276,0.010645992185145092,-0.10175445383041368,-0.6772725853535344,0.0030960939418447917,0.26023463403127856,0.00019344867954811324,-3.1411074918598754,-0.00012070162563096086
4.752185821533203,-0.34798085701239784,-2.1811073475994394,-20.21669477487327,-0.13414954370254692,0.00710667035807233,-0.09933798803710485,-0.6772708983581248,0.0031106438560552906,0.26024911006208074,0.00018511707221319405,-3.141090499287129,-8.57568570717189e-05
4.760168075561523,-0.31040556012168813,-2.485746748623519,-20.30748799792462,-0.12374662351815406,0.004266228690539013,-0.09081660092676107,-0.6772646981428075,0.0030844091232548583,0.26027875681666174,0.00018028671210388661,-3.1410793590975796,-0.00014911771896071064
4.7701616287231445,-0.48954604585598993,-2.3972310587098073,-20.211051313285218,-0.12425556696066727,0.004053550719871237,-0.10097395232578589,-0.6772683384779012,0.0031035816537349054,0.2602683073912539,0.00016312178690609894,-3.141087473880252,-0.0001464862642539176
4.780174732208252,-0.1322291231501409,-2.4205774674598013,-20.176804540178697,-0.12348779238356171,0.012614286704091345,-0.0979617536459387,-0.6772691842739231,0.003138044918383304,0.26028597622291816,1.7937187219528036e-05,-3.141051296904926,-0.00018415329895961853
4.788186073303223,-0.10157965259412392,-2.3172942337822096,-19.977761018221326,-0.13130616126711267,0.008932768592729437,-0.10201061304804407,-0.67728495425362,0.0030951127325742575,0.26027794839157026,0.00013323285395337584,-3.141044630234123,-0.00011526593445596709
4.7982017993927,-0.48548228889484946,-2.242400333215411,-20.2099654452066,-0.132672500615857,0.00024812407946491144,-0.09665265562295672,-0.677258832356825,0.003104571723922645,0.2602361196578875,0.00011615746631412015,-3.141132951263037,-0.00011248569765733139
4.808200836181641,-0.2709339674690463,-2.3219762305936826,-20.181286871328762,-0.13166208762332504,0.0026441027157003195,-0.10004756495124373,-0.6772583156853735,0.003127229425814616,0.26025052411554006,0.0001017252866371888,-3.141126174460101,-0.00012169081957458072
4.818748950958252,0.008843402975681154,-2.4295302677276447,-20.28893949387368,-0.1265704624456437,0.007281509692440475,-0.09607978661268511,-0.6772587371389429,0.003105472913418302,0.26030394199680645,0.00013496362858671888,-3.1410167730162315,-0.00016461915006805075
4.828201532363892,0.08195621490263659,-2.227808601558973,-20.210188282811554,-0.1277958506835705,0.007456066925177938,-0.10081037292395888,-0.6772723224875296,0.0031123147477917007,0.26026272825366453,0.0001714863933700665,-3.1410796847988336,-0.00011074818889100287
4.838219404220581,-0.2889465876798738,-2.0889762383029202,-20.207323101351104,-0.13704580840113217,0.0020281624629467894,-0.09684852322775749,-0.6772645047930834,0.003099015556124377,0.26027155429103876,0.00012871787423478166,-3.1410835370693775,-0.00015459207477618635
4.848188400268555,-0.456737874933919,-2.2985898720452744,-20.132116929812074,-0.12875655381052922,-0.008655276607045868,-0.09466889535644998,-0.6772594732797858,0.0031256205565613707,0.2602566621678123,9.472684997432004e-05,-3.141141146352535,-0.0002148198760236878
4.858201503753662,-0.3389465353795287,-2.3002461406232393,-20.103665717505404,-0.13486915623739906,-0.005325736883370274,-0.09855168697064216,-0.6772719484774986,0.0031210169446857757,0.26027481339526176,0.00010703150642678934,-3.1410699297106364,-0.00020641872902817064
4.868157625198364,-0.11199450551817391,-2.083134616600375,-20.20158376593489,-0.13352970454600047,-0.004306576537868978,-0.09671870431700214,-0.6772679764307125,0.003136133981231474,0.260299694360553,3.6793026702486425e-05,-3.141018405422581,-0.00016875288055167884
4.878298997879028,-0.056330898823752244,-2.266864412176865,-20.213101457454368,-0.12975005816570245,-0.0056768072112988715,-0.10079054609605131,-0.6772663261895627,0.003147283941543084,0.2602852117461132,1.0718008651869533e-05,-3.14109186063642,-0.0001521553236827333
4.8881824016571045,-0.2167567961052112,-2.2314685412393023,-19.989620932109013,-0.1320184267602172,-0.008058011698614706,-0.09727479020860848,-0.6772772451691775,0.003097929199287262,0.2602396685625819,0.00019347126662151918,-3.141095808979723,-0.00018411292067575252
4.8981544971466064,-0.3878339944432545,-2.5504791332543117,-19.92849652170796,-0.12375050092625788,-0.01066473278220804,-0.09575414366581973,-0.67726373538197,0.00310264099458864,0.2602760968497794,0.00010936389923755184,-3.1410690324549826,-0.00017833595662168663
4.908232688903809,-0.1099938409184886,-2.177904543205558,-20.118295035438297,-0.1346632473910087,-0.004481145116590057,-0.10042373650512176,-0.677267154720646,0.003105232211808282,0.26027341368985957,0.00010810192535214281,-3.141049504363562,-0.0001585624233346973
4.918274402618408,0.34731419558786886,-2.3236176354119746,-20.017127592175516,-0.13424454548944909,0.008582347433894728,-0.10002191927691517,-0.677277150213432,0.003131900610314247,0.2603116893991424,7.121350480889535e-05,-3.140990448731944,-0.00017785807714568616
4.928229331970215,0.01334870611655182,-2.3197034427656202,-20.11677139576849,-0.13113112722204992,-0.008812280851192227,-0.10078957856557874,-0.6772585846200682,0.0031094457468883495,0.2603095279569864,0.00017799806216096275,-3.1410397052576196,-0.00016888368033407902
4.938216924667358,0.269090988958379,-2.266020162686372,-20.22467065813085,-0.1299419021752472,-0.002346730669025696,-0.10136814552555133,-0.6772760978861877,0.0031224884835630907,0.26026346070379447,0.00017028481186612328,-3.1411124865547304,-0.00015083096162134225
4.948231220245361,-0.1372245156881103,-2.3694821838252556,-20.185730004745327,-0.1287302952193632,-0.014410679576245223,-0.09689786155242756,-0.6772674653262329,0.0031267157086445154,0.26024724543621935,0.00012002683269367549,-3.141095005049342,-0.00012476888380784273
4.958164215087891,0.03440398914174674,-2.2799886029281486,-20.068755368550907,-0.12953825858250653,-0.013850829599209807,-0.09686066125097632,-0.6772802573205275,0.0030964701920560113,0.2602739613745101,0.00021180067518083127,-3.1410648049561574,-0.0001607483550450048
4.966243028640747,-0.3542605346993103,-2.3648865413336164,-20.14186763536022,-0.12800940261533728,-0.015778294884424723,-0.09410137738492434,-0.6772660938111075,0.0031329241784090354,0.2602683664517838,3.770585586593597e-05,-3.1410592934591324,-0.00016228388522293761
4.9741716384887695,0.15089498770299536,-2.2880307871583345,-20.153751961574336,-0.13498898473093943,-0.0024052823296803233,-0.09836762170516038,-0.6772552776298406,0.00312585880957806,0.26025755602234063,5.574973041335251e-05,-3.1410760937088984,-2.987942017374839e-05
4.982184886932373,-0.21140017944067996,-2.5589139052396574,-20.283151078675683,-0.12514585816679602,-0.014461158033464464,-0.09683016123070542,-0.6772643532351416,0.003133569184131033,0.26027410374074544,3.513689508956137e-05,-3.141077001578771,-0.00015671226611714878
4.992197751998901,-0.2563552630794184,-2.48968900713334,-20.331645770087963,-0.12746493539281564,-0.017211405882823588,-0.09405556667442504,-0.6772664487885691,0.0031053275975770336,0.260285961085968,0.00014748345854564675,-3.1410599740467675,-0.00025547378109767134
5.000227212905884,-0.31095970329840794,-2.3851961409150984,-20.18835966591006,-0.13001156713335868,-0.01589040911034044,-0.09466228092875313,-0.677271583750258,0.0031211120005347503,0.2602861815019799,7.505168331704654e-05,-3.141034626702428,-0.00022078695891290437
5.008214950561523,0.10612848183253241,-2.416694338066877,-20.2389049208413,-0.12718833697011162,-0.011672115248617294,-0.10410138103806671,-0.6772708728725546,0.003106681882436787,0.2602627252461457,0.00014795942701316837,-3.141106383541014,-0.00011447484452111432
5.018250465393066,-0.321085841807103,-2.2062032592901866,-20.127634534134717,-0.1354879727874751,-0.01925536725588692,-0.09874855789547489,-0.6772573511303872,0.0031220158469233207,0.26024431489736344,0.0001033997595588092,-3.1411216115737157,-9.019768187487678e-05
5.0262391567230225,-0.017599040444424754,-2.0785439548702893,-20.201518853329382,-0.13785106508310713,-0.01581733989864828,-0.10165824867463295,-0.6772796459991585,0.003118823335737363,0.26025920702293226,0.0001258176973976596,-3.141080711623247,-0.00018915627193387175
5.034322261810303,-0.3786945847012782,-2.5932667655825283,-20.239369583043292,-0.12624621491167828,-0.022756550581750523,-0.09839707276578438,-0.6772698376939734,0.00313640670000467,0.26028033404661693,2.4954184801642774e-05,-3.141033816776899,-0.00011629430254642581
5.044270277023315,-0.10749528274263079,-2.4076763648896735,-20.162385620020352,-0.12916474791523613,-0.01766207318846051,-0.10011774411471248,-0.677270319055069,0.003111829909744114,0.26029292480756605,0.00012750950996893366,-3.141019309231727,-0.00017528333693171528
5.05211067199707,0.14421936313217373,-2.3107146178032707,-20.18647568490834,-0.13065550845311508,-0.014264272033963176,-0.09840891156963277,-0.6772638526989372,0.0031150614156970507,0.2602840511069209,0.0001345271097315239,-3.141021210926139,-0.0002012587086708369
5.060105562210083,-0.07049652985832293,-2.270569168360679,-20.221345251081846,-0.13108770101984946,-0.021428429867590124,-0.09590909025101131,-0.6772622902257603,0.003131381043514965,0.26026760758906403,6.445352549386205e-05,-3.1410835061856552,-0.0001881769408653786
5.068081617355347,-0.04920959426202902,-2.327959936578869,-20.185575864300716,-0.12963789773834825,-0.018928759972438678,-0.10226446954756978,-0.6772715257958347,0.0031300524252316545,0.26028467114976084,4.8742115330425645e-05,-3.1410398144621667,-0.000135849451915601
5.076190710067749,-0.3814078304891322,-2.4238428277460944,-20.252400703131105,-0.12811446324929313,-0.024863777681699856,-0.08926463945271547,-0.6772655157492056,0.003113359777133102,0.2602613857846896,0.00010676820502127676,-3.1411164996373935,-0.0001371693591722118
5.084161043167114,-0.09897189279044388,-2.4526981836235477,-20.160422795968465,-0.1311179957455824,-0.023993597894417726,-0.094161923345671,-0.6772763100928578,0.003127146878119805,0.260264560567274,7.659866175630431e-05,-3.14105556770684,-0.00013068230987413042
5.092090606689453,0.053183708664993036,-2.442251848959183,-20.0295881209992,-0.13056535557098994,-0.020961869895245015,-0.10138358572681316,-0.6772709658471033,0.003120038002476755,0.26027656368652474,9.685259343421732e-05,-3.1410415488169376,-0.0001680556696657444
5.1000096797943115,0.013651062717474625,-2.474340585388641,-20.21731082910086,-0.12692088234124863,-0.0276942548711161,-0.09944952656147543,-0.6772719958122051,0.00309233304665633,0.2602765652236347,0.00016088347302826365,-3.1410672355352274,-0.00012169684187830228
5.10805869102478,0.32418979564730543,-2.0509057465176594,-20.040514919621014,-0.13925382557742272,-0.02064854110263311,-0.10470870894338946,-0.6772693525030211,0.0031048938477626995,0.2602702063690142,0.0001015121785075829,-3.1410425222677887,-0.00019437985577899745
5.1160101890563965,0.14485102461695926,-2.1945145690026613,-20.269854194296897,-0.13596615002468576,-0.025434418579982646,-0.10173920990245476,-0.6772798237896909,0.003099255617080259,0.2602952664738258,0.00011702545091736546,-3.1410045415459575,-0.00018007447130451103
5.124041795730591,0.021534171186313872,-2.2385737342196808,-20.08411451025751,-0.13580192483515965,-0.0324808522157362,-0.09770119388690941,-0.6772749458220374,0.003109892911996526,0.26028044662306105,0.00012109884561946366,-3.141006040689033,-0.00013432008146548066
5.132062196731567,0.3209611194792001,-2.2705638650990903,-20.080956185251473,-0.13780264073767143,-0.024933668178264014,-0.10354433240508817,-0.6772649136667246,0.0031031095959500447,0.260255150096053,0.00015909473547901453,-3.1410749907514615,-0.0001242824955699245
5.140123605728149,-0.054979450873115066,-2.45320391615414,-20.213574532702374,-0.1338092731299631,-0.038601817693605885,-0.0990373552797997,-0.677266537546535,0.0031385836485455262,0.26030297948461545,1.1042621552064627e-05,-3.140975922832146,-0.00012952861975677185
5.150192975997925,0.08245384486033772,-2.4637996529608035,-20.16105791800833,-0.1315547278545865,-0.03487653276117885,-0.10431831323564952,-0.6772467463139438,0.0030976443582410983,0.2602441403975807,0.00017780234729691737,-3.1411134566610444,-8.501585296823387e-05
5.160152435302734,-0.07229082653754045,-2.5096056932268,-20.22874685855305,-0.1345111273846327,-0.038508058853677814,-0.09844076860440977,-0.6772593967569752,0.003105630689401273,0.26028956153514327,0.00010255447946934066,-3.141055606673137,-0.0001521388499731397
5.168158054351807,0.5621788455785475,-2.101221384716381,-20.19954716838437,-0.13841072642317603,-0.03054539097836591,-0.0975416033747801,-0.6772738406091897,0.0031364268853843044,0.2602916665205057,3.0531865547796254e-05,-3.140984059626597,-0.00012002592123230782
5.178143501281738,-0.2956366618402786,-2.1865992276482302,-20.18178906365852,-0.1368511497357046,-0.05127759348670676,-0.09602040893183868,-0.6772601535979612,0.0031287923927203437,0.26022881908777884,4.5799858784845056e-05,-3.1411417843910847,-0.00013560633952947767
5.186163902282715,-0.13433389409317847,-2.204921780266333,-20.007678990023415,-0.13945045500257794,-0.04714819796373673,-0.10006467427827069,-0.6772778832859343,0.0031028739618034,0.26032211524155746,0.0001099103730134892,-3.140932019071247,-0.0001705062748338377
5.194143772125244,0.4725005091668578,-2.2449293705351563,-20.17930863751315,-0.13224415287614824,-0.03896955403025505,-0.10510708527877426,-0.6772775898878187,0.0031127097073481557,0.2602834345337505,0.0001099842899163696,-3.140986525098142,-0.00010008020867294324
5.202136516571045,0.5715703854869195,-2.373883945476839,-20.164862939049108,-0.13403116975641546,-0.03469399225475783,-0.10292613097855488,-0.6772643244235742,0.003087217243061589,0.2602674093440685,0.00015456780941552152,-3.141059669432893,-0.00015064452109313147
5.2121500968933105,0.20722556140955772,-2.591170338892941,-20.125739739535973,-0.12795177683877088,-0.04691497800332136,-0.1011898886903858,-0.6772682368855085,0.003103783560218853,0.26030264128910324,0.00013385281806611358,-3.1409738964043754,-0.00011107067815848846
5.222147464752197,0.0030553339144993256,-2.470057212197266,-20.310574154677834,-0.13056311699318218,-0.05615823664599694,-0.09713589363236916,-0.6772642518048023,0.0031442163335590138,0.2602667284948305,-7.405229767213146e-06,-3.1410753459504246,-0.00011666154223585252
5.232211112976074,0.12515967721511062,-2.4871674875615737,-20.202472957213978,-0.12753673341933458,-0.05581298708686577,-0.09558095475498515,-0.6772759629308303,0.0031033868156264788,0.2602913604566764,0.0001469607540267917,-3.141015770169973,-0.00015734192644665837
5.242088317871094,0.43583392835036067,-2.426258560156629,-20.145024328681888,-0.12842239585113227,-0.05137181573928489,-0.10161234438285914,-0.6772658223020002,0.0031339927549387764,0.2602954071896533,8.291061922373785e-05,-3.1409897784549257,-0.00010595529108516224
5.252180099487305,0.23584686456270085,-2.5161694367783487,-20.241344196560295,-0.13316365903787183,-0.05440053124836021,-0.09452466585556975,-0.6772792959173118,0.003111596285557276,0.2602690863189629,8.866980542036071e-05,-3.141035153709268,-9.138069753539457e-05
5.26020622253418,0.32963778914318015,-2.334844696463383,-20.04927540258588,-0.12934037481244817,-0.05773462219605215,-0.09936863135376717,-0.6772663886315662,0.0031147385767859755,0.26026817731456353,0.00012757588608822802,-3.141057076445289,-0.0001301342421780279
5.2701029777526855,0.5702684148284075,-2.339357114604713,-20.222470259417147,-0.1322587593705292,-0.05574841467195536,-0.10098469194643904,-0.6772757253021012,0.003124835223036336,0.26028700601454313,5.1368022910678265e-05,-3.1410045218754012,-0.0001944785090102197
5.278172492980957,0.6809101120450862,-2.282308685460088,-20.24186863526399,-0.13321768054016572,-0.054573641370176486,-0.10504482549632417,-0.6772688588226022,0.0031226568419673102,0.26030362703556587,5.8259937106148226e-05,-3.1409681757337777,-0.00011290852277661124
5.28618597984314,0.18537840435414638,-2.1604266183210408,-20.304981713579547,-0.13280374119388075,-0.06681548871047713,-0.09990895880057411,-0.6772713919352445,0.0031144881544836562,0.26026451459300604,7.014905917298702e-05,-3.1410403849360105,-0.00016140315954440892
5.296200275421143,0.15768714320880367,-2.6868846527690673,-20.34511685576119,-0.12812817089611106,-0.06633982404596943,-0.09279592054517301,-0.6772720158663709,0.00311490375165361,0.26028631256743423,0.00011977506978232503,-3.1409908807600235,-0.00021786369469854793
5.304203987121582,0.5399501803432921,-2.111558553468115,-20.292985700351466,-0.13444804526483758,-0.06038524630201959,-0.10397994256694597,-0.6772707545997649,0.0031114262471789987,0.2602742193138305,0.0001463293131474141,-3.1410357377500477,-7.054719090496145e-05
5.314151763916016,0.7449889050451963,-2.090389647881634,-20.20183664838832,-0.1369359597220122,-0.060018532281825875,-0.1038895424130445,-0.6772657187344232,0.0031235188712246684,0.2602821126526029,8.896168502416683e-05,-3.1410104306474462,-0.00015883415740065092
5.324185371398926,0.3759726679189931,-2.351781570402189,-20.133330137123504,-0.13035216386697834,-0.06770598674757816,-0.09531649667116421,-0.6772795742281389,0.0031333291082218497,0.2603028478738175,3.22359926209951e-05,-3.1410030208435806,-0.00014246265447331356
5.332211971282959,0.48254719277770036,-2.28274454664689,-20.255126959555707,-0.13180715788217415,-0.06790415662626792,-0.098951219662561,-0.6772552069211073,0.003118030074869169,0.26023257500685737,9.5749518799727e-05,-3.1410963735500634,-7.894171656540563e-05
5.342178106307983,0.42858048338353255,-2.390241951326861,-20.45811237070452,-0.13603183538369204,-0.07414319781703707,-0.1009690219744879,-0.6772744791025431,0.0031050898349970152,0.26034845084318986,0.00014727079016519675,-3.1408993914036585,-0.00018112940206684483
5.352224588394165,0.6485471535600166,-2.2960821392066273,-20.431039041269507,-0.1322841722567812,-0.07432366192517902,-0.10456316462197844,-0.67726397636628,0.0031267509376196735,0.26026375591268824,0.00018309975022509146,-3.1410599099549708,-0.00014829139014807066
5.360220432281494,0.5024105344489012,-2.394159374257753,-20.196739809659807,-0.13269920199018637,-0.07490756717721918,-0.10556421659798906,-0.6772814151854792,0.0031523353786668505,0.2603026457130047,-2.640822079980341e-05,-3.140965080821536,-0.0002248139975211864
5.368234872817993,0.8913178500315498,-2.184103555572098,-20.21713785971857,-0.13550047858177083,-0.07040277762149488,-0.10659373125244768,-0.6772849736033201,0.003139177993447084,0.2602669375172793,7.613850746893103e-05,-3.1410176137878816,-0.00011611788059623311
5.378252029418945,0.7317032938334314,-2.141013740082214,-20.1658790460884,-0.13329509780882648,-0.08211441159690437,-0.10735069773225635,-0.6772793250461839,0.0031065050401317177,0.2602808711534974,0.0001781259566677974,-3.1409926457054533,-0.0001577330860739508
5.38820481300354,0.5608709546379967,-2.3818498604551026,-20.2418911558097,-0.13302762492506634,-0.08682707892850827,-0.1032730988805096,-0.677282502070025,0.0030909254895873373,0.26026062014351525,0.0002127883801977463,-3.1410062835123527,-0.00016771801735804173
5.396197080612183,0.670533304523976,-2.3552416277973087,-20.23598625832578,-0.12992203206140004,-0.08698547147262839,-0.10635078122548418,-0.677266481582626,0.0031329081797629448,0.26029898125118306,9.496946805426083e-05,-3.140978795333907,-0.00013622965347643486
5.404219627380371,0.85357068693754,-2.142142508136267,-20.203388848093304,-0.1344491546225576,-0.08261081155033917,-0.10134433715380654,-0.6772848024493199,0.00310074327498754,0.26031526827382606,0.00021062123805430655,-3.1409082540232998,-0.00020404683827669477
5.412285089492798,0.9907959633492106,-2.1561534765459727,-20.201161761051466,-0.1357714998283222,-0.07986781195288624,-0.10314689319948246,-0.6772682714853119,0.0031075888692816598,0.260289709689114,9.039431218371828e-05,-3.140997871375963,-0.00012241449884926344
5.422176122665405,0.6853403759237342,-2.0579890997969965,-20.110550806250483,-0.13664231406171248,-0.08611960428393067,-0.100078585651642,-0.6772687931395858,0.0031113074991113007,0.2603063836881025,0.00017451482347654253,-3.140952376163273,-0.00016380991940064666
5.432180166244507,0.6448269882090005,-2.2264847536424264,-20.357146849758152,-0.13239477872391697,-0.08988236951278868,-0.10369735265199558,-0.6772671704864196,0.003116647837660337,0.26027800179045024,0.00015483014619175231,-3.1410167629803047,-0.00013541118024490675
5.442168712615967,0.3597338338748773,-2.4269078144705176,-20.253828490034813,-0.12602685835474303,-0.09296570560675539,-0.10297894826011961,-0.6772757305029903,0.003089885526331637,0.26026982404672067,0.00023130941686874294,-3.1410123526449008,-0.0001253334144746772
5.452186346054077,0.8901250818045512,-1.9709025540383294,-20.126841013126516,-0.1402746632306168,-0.0830806665371886,-0.10693289257879633,-0.677268210757605,0.003098081098951278,0.2602871372650612,0.0002056272772712307,-3.1410114498982353,-0.000151714287556352
5.460178852081299,0.6069846605088208,-2.1309127039087,-20.370359727365333,-0.13815074630209387,-0.09257235483057084,-0.10186294421496343,-0.6772747161519301,0.00310441020417211,0.26026064545653055,0.00010286013124805572,-3.141057087873242,-8.274513712920981e-05
5.470146417617798,0.7285631495725272,-2.1763872623391958,-20.227493870828944,-0.13578739011776014,-0.08841703451012424,-0.10454924430145843,-0.6772717515531762,0.003132317079676418,0.2602947923863098,8.812350592684563e-05,-3.1409862215524003,-0.00010713969246771933
5.4801530838012695,0.30193334150183193,-1.8185437047477597,-20.13910297486598,-0.14070521734943964,-0.09346099474304535,-0.10335499765982166,-0.6772672157676619,0.00310811830480447,0.260271186156233,0.0001473647453390035,-3.14102805979007,-0.00016535494653781502
5.490132808685303,0.7193136973979783,-2.178711592119268,-20.20065631448606,-0.13122116687172358,-0.08887511241330819,-0.1076475736852483,-0.6772637430892076,0.0031416792933910216,0.26029283532980396,4.6406259112259836e-05,-3.1409898690056424,-0.00024951120701132817
5.500230550765991,0.9407323453923594,-2.2794452835913965,-20.183245109946398,-0.1295589434748891,-0.0868195479055343,-0.1088622792553513,-0.6772794686670537,0.00310730708531811,0.2603008130312778,8.307225594468189e-05,-3.140956568198051,-0.00018159719823655426
5.510149717330933,0.7582207084690733,-2.3036511134134416,-20.4065480792457,-0.1255839990374433,-0.09464987538150678,-0.1024271127130559,-0.6772742285275722,0.003110139364497323,0.260283301633122,0.0001608484483439674,-3.1410009559705494,-0.00019327073902725288
5.520289659500122,0.5436109088627049,-2.292318110831854,-20.41423690301551,-0.12841026176346262,-0.09883271048101433,-0.0971779378768824,-0.6772706836124327,0.003110183730130786,0.26028117271716833,0.00014164624561039787,-3.14098539120874,-0.00015993946203445437
5.52822470664978,0.5595006773459797,-2.0715766289193924,-20.39278550903347,-0.12918639606791482,-0.09681328939986049,-0.10125024645559369,-0.6772756608577374,0.003118613647623159,0.2603118171083273,6.83581213169267e-05,-3.1409203989389916,-0.0001549648693654179
5.538322925567627,1.2193461840675013,-2.282754815882979,-20.483713599042677,-0.12655243257864177,-0.08587044115066247,-0.11005407687827996,-0.6772728745855058,0.0031245102289004447,0.2602768326136598,0.00011493594342824768,-3.140970492512974,-0.00016465412745986452
5.5481462478637695,0.6825317883565135,-2.0186262505978467,-20.358985304702774,-0.13496262459575412,-0.09875620753175383,-0.10554434097228332,-0.6772782174706615,0.003136561816136529,0.2603170668195869,0.00010298024268330239,-3.1408990989275827,-0.00023290027496736742
5.5560383796691895,0.7514969227932465,-2.3284859925561143,-20.284944545348225,-0.12581025461940518,-0.10029583891264321,-0.10276611125793453,-0.6772852169771932,0.003101950898201777,0.26025561663852553,0.00012724641617905302,-3.141020959866394,-0.0001034337201986484
5.5641233921051025,0.8071335834863386,-2.034959527250525,-20.033267698398177,-0.13618104196346453,-0.10445376067330425,-0.10876697475675372,-0.6772836674357977,0.0031397138046551547,0.2602883534223479,0.0001329017012532737,-3.140941154166297,-0.00020021194037961532
5.5742480754852295,0.7396545358542725,-2.373244479907446,-20.381587951624898,-0.1284024170702564,-0.1047241077365987,-0.10157467531814571,-0.6772627131273159,0.003124439713391174,0.2602606992061385,9.529161835846366e-05,-3.141020897493286,-0.00012926787037787946
5.582210063934326,0.8859407568521662,-2.2961734399828266,-20.228950142246266,-0.13261988213478962,-0.10253987039851258,-0.09970783631418555,-0.6772919893883041,0.003161663739693638,0.2603010834234481,-8.599309258393637e-06,-3.1409038238298645,-0.000133583014258635
5.5902111530303955,0.9713793096612768,-1.9910822733266613,-20.237732826120183,-0.13666268471917303,-0.1038855879163085,-0.10413631392945806,-0.6772721369205459,0.003082641263332248,0.26028749191774403,0.00015733458628727458,-3.1409773277373416,-0.00017706247291917056
5.598179817199707,1.3042474581389818,-2.0135061447936287,-20.203092767010737,-0.13403951049688284,-0.09808432580416639,-0.1138715436645631,-0.677272144047057,0.003116255430974165,0.26027771443713665,0.00019151781121300803,-3.1409545404735493,-0.00016972747775577932
5.6062235832214355,0.8780206059927572,-1.934437151151869,-20.259097889835843,-0.13742737215996992,-0.1090863125523289,-0.11046235920739207,-0.6772674271643914,0.0030948160344965083,0.2602689692188519,0.00014848555849924927,-3.141006052141347,-0.0002326513496108299
5.6142237186431885,0.6280248612872885,-2.412641736379411,-20.2134270898297,-0.1283192349166899,-0.11581900257817951,-0.09993415291889483,-0.6772653972357049,0.00311794357319295,0.2602709450963676,0.00010272777153475718,-3.141001666038768,-7.514685167866793e-05
5.622143983840942,1.0384166199910905,-2.3685662161790577,-20.221578292940947,-0.1278622561330668,-0.1030293964883919,-0.10440966711220778,-0.6772899524612503,0.003127463854295273,0.2602746882041859,0.0001231196321206466,-3.1409558525298817,-0.00012438821762223435
5.630106449127197,0.8029385193345282,-2.379097618760328,-20.23394466842449,-0.12644016634264735,-0.10699614007780861,-0.10613742700102904,-0.6772787813301823,0.003126168148583984,0.26026957102041925,0.00010297952108246176,-3.1409739162745374,-0.00017042514643072368
5.640232801437378,0.778296822333744,-2.124428447838755,-20.240998263909372,-0.1293258477275413,-0.10917153091964536,-0.1069037584044198,-0.6772785068277556,0.0031102198080741584,0.2602846264308964,0.00014241667570000604,-3.140970523994483,-0.00019075464123179833
5.650204420089722,0.9993960584532695,-2.142441915495731,-20.33015503958641,-0.13298288035676434,-0.1052854494202466,-0.104067683681854,-0.6772786762054971,0.0031109907740897507,0.2602679539225839,0.00016542364103834997,-3.1410087049417315,-9.289591867720188e-05
5.660193204879761,1.2457465406005424,-2.3032661592984054,-20.163862033114302,-0.1270718437715236,-0.10046268010613066,-0.11168136973370253,-0.6772839386556545,0.003110141583145236,0.2602732401867127,0.00015432924843169184,-3.1409871290827347,-0.0001663217228884755
5.670146703720093,0.5566700937726802,-2.305409012411728,-20.41204607045682,-0.1257841369538709,-0.116552413522018,-0.10189338317795886,-0.6772565439495732,0.0030905795337140135,0.26023063496095383,0.00020591610212636422,-3.1410927091309526,-9.155048332215846e-05
5.6781792640686035,0.7533256977897009,-2.4672252977708062,-20.368099596539174,-0.12256146015514707,-0.11157281590241186,-0.10413147783308407,-0.6772730067472009,0.0031225894257185553,0.26030667896870985,5.203296589564875e-05,-3.1409179252109167,-0.00011517292130670885
5.6882359981536865,1.088452702906108,-2.246304689333724,-20.203999845811957,-0.1296338822972327,-0.10286143237459996,-0.10483702137984831,-0.6772751499459796,0.003116313884820196,0.2602733177484514,8.414756204914235e-05,-3.140977621883731,-0.00011727886601912026
5.698090314865112,1.123205072593907,-2.0321586409197376,-20.123467231246938,-0.1312122279997183,-0.10541625880426674,-0.1028458340780146,-0.6772754479146048,0.0031136289436872982,0.260291524581307,0.00012832955656179705,-3.14094991198447,-0.00016448570368699018
5.7061381340026855,1.0968285816285237,-2.2537113256158654,-20.2371109685465,-0.12780108015389294,-0.10877419411251926,-0.10018012366630871,-0.677265208028683,0.003105192621898375,0.2602692387754707,0.00018660954922421332,-3.1410130477916107,-0.00022279786020906097
5.714200973510742,0.8666515688299758,-2.341807375332664,-20.081467581365747,-0.12347149779303856,-0.11209026769323283,-0.10798992257874142,-0.6772919821484459,0.003145562356268787,0.2602956649664003,0.00010892602970403114,-3.140921583341525,-0.00022569302384892233
5.722132205963135,0.8359117748234771,-2.2299888939534576,-20.117301566134902,-0.12573900818680905,-0.11438095201415664,-0.10432851013508677,-0.6772803555086505,0.0031260440021457702,0.2603281491100786,5.2267316684321236e-05,-3.1408599749179102,-0.00020034524526822692
5.730222940444946,0.7466176848168847,-2.292966883945777,-20.249553985270353,-0.12911903539466632,-0.11651870632221419,-0.10331030253579448,-0.6772770753461829,0.003106251666453134,0.26024560437801886,7.693308205009325e-05,-3.1410021625153983,-0.0001588493292499431
5.740248441696167,0.9972804748441644,-2.114743835927344,-20.324564557330763,-0.13123089973343574,-0.1122221820100223,-0.10186195189905084,-0.6772647067803631,0.003083716591943108,0.2602648171439545,0.00016063101678298353,-3.1409962726835094,-0.00011571391501089069
5.750203847885132,0.5797673089087245,-2.293141923134366,-20.196490708138764,-0.1286222512178969,-0.11787580797694071,-0.10509327634356064,-0.6772793880432396,0.003115024743534272,0.2602440269275468,0.0001484037992067311,-3.1410297485551357,-6.609546400296356e-05
5.758190155029297,0.8952787899819066,-2.2801303788306146,-20.451005296245878,-0.12511040694811557,-0.1166671478662579,-0.10369108615781042,-0.6772835883433829,0.0031262578216770557,0.26027507639865277,7.110848269238564e-05,-3.1409329592528388,-0.00016976782044595098
5.766257047653198,0.8882711681951028,-2.142625310315373,-20.086342775854614,-0.13051201336597443,-0.11729014646385257,-0.1032136414061251,-0.6772690919007706,0.0031354556498724142,0.26026589813593914,3.272452620613948e-05,-3.140980267198807,-0.0001682576388331077
5.7762062549591064,0.8823930686550711,-2.2151364793795225,-20.232290094013724,-0.12830628694333215,-0.12020214841990033,-0.10261980187174226,-0.6772811915952937,0.003103216235293415,0.26028520338487204,0.000188016337881526,-3.1409177339408103,-0.00026789193291991696
5.786130428314209,0.722339142568012,-2.2417415724394707,-20.27269691919267,-0.1257635639928933,-0.12052994608831816,-0.10114894004094578,-0.6772647605876246,0.003146754179076612,0.2602721771412415,3.127688220986243e-05,-3.140972188520285,-0.0001899612404605082
5.794220924377441,1.1522700416852987,-2.1433479426991844,-20.050931989269184,-0.13079732394339924,-0.11264586283558672,-0.1049943166943082,-0.6772798190166321,0.003119179404007526,0.2603261806762298,0.00013551307082773647,-3.140853375725663,-0.00018791366288883692
5.804153919219971,1.4274177987250043,-2.007335292760302,-20.22019999790593,-0.13142829749044188,-0.10780402357059223,-0.10729814784187601,-0.677291792171572,0.003143739515422425,0.26031014754939846,-8.390509276371848e-06,-3.1408743085994737,-0.000162113927987405
5.812158107757568,0.8436970005522738,-2.229809715877542,-20.26491245804577,-0.12611641109604702,-0.12231030755395658,-0.10121233594709778,-0.6772752623497986,0.0031174476455597525,0.2603136976792389,0.00017412020864326027,-3.140901656800797,-0.00011359316078231213
5.820665597915649,1.1146229037032012,-1.9753699767145765,-20.413997801427275,-0.13249439495848112,-0.11622169663221109,-0.10694390494309167,-0.6772810958683781,0.003098959695944947,0.2602758712076635,0.0001690411097142485,-3.1409492097754055,-0.00019055934956302176
5.830212593078613,0.8511473278013196,-2.214443064149673,-20.381553456888014,-0.12325736891852683,-0.12639459764206556,-0.10739492389596587,-0.6772726304273706,0.0031324313561295575,0.26025521378331523,7.520789543313087e-05,-3.141005799063852,-0.00010049129522675951
5.840230464935303,0.8432620021623133,-2.3376572546328793,-20.397074975187756,-0.12039043395443662,-0.129966726479427,-0.10222325569222293,-0.677275694182547,0.0031380695804267256,0.2602753495324123,1.9422611011200137e-05,-3.14094200509485,-0.00015459478167084703
5.850209951400757,1.0096158761970448,-2.171273763771567,-20.199492978746118,-0.12667115828252742,-0.1253013009337005,-0.10224654459673667,-0.677282644847103,0.0031408984224447337,0.26028515391384355,1.9056806010129115e-05,-3.1409429951159415,-9.411309844896355e-05
5.860191822052002,1.034491236366437,-2.094748664057673,-20.43609817605418,-0.1302759878028284,-0.12456176454231097,-0.10721752540632466,-0.6772810841008035,0.0031123413252158636,0.2602677240089207,0.00011513102490304644,-3.1409581662922643,-0.00012345493565422042
5.86817741394043,0.9767525397062138,-2.044242117343912,-20.323996329382084,-0.1289789120513163,-0.12925823522686297,-0.10188683619635405,-0.6772660675727707,0.0031256124879828714,0.2602761185334337,3.3040859596730705e-05,-3.1409444916326597,-0.00021328775508738673
5.8761937618255615,0.976760828412154,-1.8847855519295098,-20.178395765869364,-0.13533415151737022,-0.12440893765630123,-0.10838001885487843,-0.6772843442484456,0.003116670027730252,0.2603048257569444,0.00014049495840686305,-3.1409021571586027,-0.00015314721257382892
5.884219646453857,1.0773385743702277,-2.3158796074728896,-20.261699818838114,-0.12447117211109615,-0.1278833863282026,-0.09983383614203682,-0.6772594972303131,0.003110261756684817,0.2602677165942304,7.252030098837142e-05,-3.1410385026448395,-0.00014967819980876335
5.894201993942261,1.252246616467103,-1.90618978982003,-20.228111255961498,-0.13277255120824732,-0.12450995151706372,-0.10823562951567396,-0.6772689756474003,0.003110692782082992,0.2602516253940422,8.221547065084706e-05,-3.1409991302807767,-0.00016973167719363543
5.9022345542907715,1.097333472482958,-2.4708302136823086,-20.1596138601367,-0.11691385224380677,-0.13219808604394356,-0.10665360074710287,-0.6772619641372662,0.0030910139887724776,0.2602725827112651,0.0002458902184369371,-3.1409982519951867,-0.00016254792987806504
5.910188436508179,1.0927443632520288,-2.121257639152099,-20.24537055911355,-0.1255446846406817,-0.12838585993926246,-0.11665042397422844,-0.6772925204587764,0.0031132198102164755,0.2602672600682012,9.901947176904211e-05,-3.140917094005385,-0.00012895663435575635
5.920199632644653,1.0058904234152901,-2.1074162903570546,-20.12685535227729,-0.12329156262686228,-0.1309048365921769,-0.10694697628907293,-0.677293701554371,0.003125541477854424,0.26033286589187155,0.00012360048674361823,-3.140823902232945,-0.00025249752220527546
5.930271625518799,1.344613292318333,-2.359741956694876,-20.21233212767099,-0.12017352043243923,-0.12250418254909028,-0.1036576585271114,-0.6772883915890595,0.0031182770825105184,0.2602914541623368,0.00017948987755379945,-3.1409156989744473,-0.00016098476243778907
5.938144207000732,0.8377040059497763,-2.2148256313673507,-20.34556971711046,-0.12648931140826003,-0.13525283128334378,-0.09677718501977112,-0.6772890415961135,0.0031428201577500567,0.26027459779178913,0.0001213197911855891,-3.140925469971638,-0.000191340502108648
5.948206663131714,0.7351547612646775,-2.085656211035458,-20.213072895811088,-0.12291832069290883,-0.1404066341416308,-0.1040259012344361,-0.6772775434088865,0.0031518966007544544,0.2602859874092275,5.2338524754060046e-06,-3.140921314456644,-0.00019493054862320443
5.958200216293335,1.123346162311708,-2.2026053077699044,-20.327922488317277,-0.12521642055952575,-0.1335622102375568,-0.10267582870316826,-0.6772765976218419,0.0031486734933816743,0.2602612122755001,-3.9964480722872356e-05,-3.1409806113037826,-0.00012768090594673622
5.966127872467041,1.0624541650848638,-2.080259068554397,-20.295196115872404,-0.12492788022582742,-0.13285212957016065,-0.09806926188402351,-0.6772851501900483,0.0030889234301894677,0.2603158082429864,0.0002462149609008676,-3.140876330225398,-0.00022104938508715427
5.976199388504028,1.1416076400034365,-2.176661010052208,-20.445595097956172,-0.12611850010862313,-0.13266091568962576,-0.1035976084871651,-0.6772784559987808,0.0031349653435617645,0.2602733530022111,9.093083247321247e-05,-3.1409739815811784,-0.00018267724903852977
5.984187841415405,0.663182623524992,-2.249958347465114,-20.33178877779473,-0.12428227466574283,-0.14656190182864284,-0.0986171291195835,-0.6772763159984272,0.0031678562653410214,0.26031122956081804,2.950121240383008e-05,-3.140917789290199,-0.00022691316562433432
5.994199275970459,1.2988013459541123,-2.127235017805807,-20.376908658198197,-0.12834147399559473,-0.12924794950278498,-0.0975705756707186,-0.6772901809855733,0.003145197325755756,0.26030126165778694,8.190112072108925e-05,-3.140858742938546,-0.0001960018074111297
6.004183053970337,1.5376111189077921,-1.9914618635546635,-20.352842730204756,-0.12403089383739159,-0.12857895107575998,-0.1161955862050895,-0.6772799652837102,0.0031215218059841418,0.26030518296527216,7.750889665616344e-05,-3.140916060193298,-0.00020368811675430633
6.012141942977905,1.3765399924608681,-2.397799775784781,-20.42623619487645,-0.11865170179391187,-0.13105680234615769,-0.10932774163779928,-0.6772851700876144,0.003146028566569826,0.2603017535254845,-5.100643846262367e-06,-3.1408769429130143,-0.0002398080589706464
6.02211594581604,1.188086009660055,-2.244189951872502,-20.41292071614102,-0.1249139202048037,-0.135949412817957,-0.10975714702294609,-0.6772903019339304,0.0031083684373717914,0.2602880517632629,0.00017354721067029607,-3.140918772727066,-0.00022185678704042143
6.03211784362793,1.2863476261985347,-1.968370785848428,-20.35278902456498,-0.12790283951816495,-0.1342000945564657,-0.10574016049606101,-0.6772895712819288,0.0031132277295369743,0.2602962146049138,0.00016802690666227257,-3.140866718300055,-0.00018574310020316536
6.040176153182983,1.4019862020213107,-2.223693818734028,-20.11739542314156,-0.12870321405315696,-0.13375002449588635,-0.11085102435610025,-0.6772928972206614,0.0031055665740138093,0.2602784662345353,0.00014804933739422037,-3.1409313732412323,-0.00016505232804047814
6.0501627922058105,1.310749029096495,-2.0284040226902245,-20.458582445838314,-0.12813198525343591,-0.13951618114296474,-0.10297159515988105,-0.6772750325716813,0.0030915675509433404,0.2602721167317028,0.0001956353077375087,-3.1409299199510263,-0.00015149130050182768
6.05809211730957,1.725150757228109,-1.8545527947914822,-20.42981889750137,-0.13178726064513344,-0.12641239369811808,-0.10940674896198356,-0.6772853127121079,0.003123394025071767,0.26029654345121006,7.089319503261307e-05,-3.1409124613026207,-0.00017117558606183226
6.065998315811157,1.1222139255971324,-2.2212772289826535,-20.367238750866953,-0.12626526650288317,-0.14301624460442083,-0.10480167263515543,-0.6772791277379615,0.0031171191030826234,0.2602683882020051,0.00011109592042340533,-3.1409266482652303,-0.0001853971229799586
6.076081275939941,1.3254856214370176,-2.1077344513973006,-20.266769357762964,-0.12499360885965555,-0.13747730569740954,-0.10413098601624633,-0.6772816528525395,0.003135292356740183,0.2602981022715083,2.056728038090024e-05,-3.140864935607868,-0.00013198851871020764
6.084143161773682,0.9768179655347227,-2.130212165460362,-20.50143033042349,-0.12173505021317844,-0.14340922915502471,-0.10471320301156876,-0.677280939915389,0.0030986709771406574,0.2602904563821591,0.00017218900912264714,-3.140912618395448,-0.00018322739864525868
6.094193696975708,0.9423717202919546,-2.3586841311934763,-20.373855174890245,-0.11769160450199738,-0.14691335025685082,-0.10182426453293836,-0.677278730383191,0.0031013439287198097,0.26024386761161444,0.00015730971975804454,-3.1409873452969204,-0.00022392078316677577
6.102253198623657,0.8964023978940455,-2.0350526906601263,-20.39808725539864,-0.12589564647333035,-0.14485915971573401,-0.102815392252506,-0.6772904812490304,0.0031149533356321026,0.2602653128362693,0.00014793479545718977,-3.140902487459837,-0.00010682592183184672
6.110054969787598,1.222863849317841,-2.354072747450654,-20.403445460386067,-0.12076399182343849,-0.14160495883058127,-0.10194953837438282,-0.6772682154383967,0.003121880633759279,0.2602703486185947,6.414380445423308e-05,-3.14097478411666,-0.00013717389045209748
6.1179540157318115,1.6585490889261678,-1.8963085937799684,-20.562171820519925,-0.13126691304587176,-0.12983617378264684,-0.10456241365443944,-0.67726967286433,0.0030944619485876635,0.2602759252236829,0.00012378325724000797,-3.140925039794732,-0.00011938994724680681
6.128107070922852,1.2411662123308218,-2.2968194014537286,-20.553068364744306,-0.11815135435269562,-0.1443950526755154,-0.10327046549798824,-0.6772783805831554,0.0030970096820476982,0.2602793062288291,0.00021486728422369958,-3.140932153749548,-0.0001386901814711563
6.136155605316162,0.7631586236249888,-2.0822104633097074,-20.20154181792254,-0.12292083861354298,-0.15770097060493438,-0.0989107513995155,-0.6772731769244708,0.0030827446446206833,0.2602686013573005,0.0001703066257442154,-3.1409298037251188,-0.00019193781090172689
6.144194841384888,1.3361193785614471,-2.2231042355989397,-20.23893371898204,-0.11963478928710175,-0.14779506189336714,-0.11152373329545372,-0.6772881154875254,0.0031372779454276237,0.2602809774309257,5.709061521836906e-05,-3.1409006872058765,-0.00016103289887327383
6.154170036315918,1.389934083173443,-2.0398157448875245,-20.231536192494776,-0.12569898527246798,-0.145225545434315,-0.10699607341888039,-0.6772746321190755,0.003107711835113435,0.2602776291693764,0.0002125637033745117,-3.14094577801462,-0.00017252591428661637
6.164160251617432,1.4302524188240673,-2.1680206033113665,-20.314197995372425,-0.12657615179057702,-0.1462212136458374,-0.10680494575162244,-0.6772831221425462,0.0031103820678083623,0.26026720804284365,0.00016173503562267577,-3.1409464712961235,-0.00018678464365422031
6.172148942947388,1.6282135014570713,-2.1350665603657344,-20.249289147037263,-0.12308317133577994,-0.14540257220255123,-0.10374372161187492,-0.6772801973342988,0.0031337618707260873,0.260268851891503,4.3552323267610745e-05,-3.140937030896,-0.00020122508582084964
6.1821558475494385,1.6433687140163384,-1.7608574897377165,-20.19658826768403,-0.1322156199999974,-0.14644528098108486,-0.10870963964987336,-0.6772924424541023,0.003131090736497982,0.26031239850988186,9.704908964652811e-05,-3.1408204929978796,-0.00012651970004246701
6.192160129547119,1.4140889031276762,-2.011731878382987,-20.061448952861603,-0.12621208587770583,-0.15100699212611818,-0.10270587282156274,-0.6772833383916074,0.003112301799392573,0.26030295834787226,9.57265289381534e-05,-3.1408974228365647,-0.00022182457748489185
6.200210094451904,1.091377453678458,-2.3048655989973112,-20.496739246603262,-0.11886468165874965,-0.1559675569102091,-0.10542529725974166,-0.6772797289553054,0.003155115445436234,0.2602353747044617,7.48006654118151e-05,-3.1410070824746854,-0.00016491366861296793
6.20817232131958,1.1298051100091782,-2.0707319882024415,-20.330110332126527,-0.12293583214471089,-0.15719656312824057,-0.106702103442964,-0.6772884708239598,0.003129334806961276,0.26029232570200206,4.5846663529893256e-05,-3.1408855426080677,-0.00021790030551752752
6.216177225112915,1.0898172547112728,-2.252761482190699,-20.438444590248785,-0.11796946055846996,-0.1548752413196189,-0.09826738040337217,-0.6772763241729916,0.0031342006086486273,0.26028461740331654,5.079288428047678e-05,-3.1409344545006777,-0.00019072051503843637
6.22612738609314,1.4472708782827908,-2.102669927237879,-20.278701579410956,-0.12376658696705539,-0.15256071051935688,-0.09678413643106092,-0.6772802414268309,0.003148662913840592,0.2602680936547568,8.322207201770911e-05,-3.1409356772250603,-0.0001306317691915924
6.236177921295166,1.3588450048238532,-2.119813081525197,-20.411810005074802,-0.12220766463854543,-0.15421442663281856,-0.10153775113433391,-0.6772964187697833,0.0031228029642943983,0.260288912678707,6.939666974166538e-05,-3.140853091113033,-0.00017628651770174806
6.2442193031311035,1.7040466217821024,-2.0679139482722975,-20.247417965497746,-0.12422501629329678,-0.14786517654009368,-0.10716831105345619,-0.6772883273184709,0.0030944128664424555,0.2602741760436075,0.00017518018679333475,-3.1408730299523966,-0.0002025494198315042
6.254208326339722,1.5216121509992369,-2.1969045316496105,-20.418297609294225,-0.12047284553549233,-0.14709725630286996,-0.1052809184880788,-0.6772888542217544,0.003149293966691919,0.26031637057600887,7.718923864144373e-06,-3.1408389398956915,-0.00019477814953594498
6.2641589641571045,1.2677904044748454,-1.7921748985759236,-20.26315942447227,-0.12855466394659232,-0.15717595751339297,-0.11234844695788025,-0.6772813559012469,0.003103513103321301,0.26026594240656914,0.00020024762235891182,-3.1409273031671328,-0.00022339237554401572
6.274193525314331,1.4940981824785082,-2.054018977707888,-20.37134549424361,-0.12161721386132177,-0.15339641807793514,-0.10770278950489708,-0.6772634966255718,0.0031250740748001503,0.2602518277895001,0.00012889005742972972,-3.1409901754831737,-0.00024436829004557823
6.284154653549194,1.490450095284723,-1.6340835015027138,-20.26663829560007,-0.13863527304188872,-0.15306905612757668,-0.11116695731670938,-0.6772829363296808,0.0031468710278864075,0.2602879969851361,-2.4131634694111148e-05,-3.1408689456516417,-0.0002635518599189328
6.292160987854004,0.9358019590133123,-2.263945499186846,-20.393371468733005,-0.11448666284543466,-0.1684724590022716,-0.09956070328607276,-0.6772906168680178,0.0031015944950990955,0.2602832926665518,0.00012312884037405376,-3.1408811653605064,-0.0001267485061523578
6.300212621688843,1.445232167328931,-1.6817205886791544,-20.46869883775157,-0.1300334015028178,-0.15460343300801038,-0.11036827296374016,-0.6772702861985425,0.0031474031622211814,0.2602504970818484,0.0001081913055929585,-3.1409595110203266,-0.0001869490270148306
6.310088634490967,1.0357149920092257,-2.2339872917134387,-20.381275911280643,-0.12180731270280155,-0.1656037234465339,-0.10735341979746849,-0.6772784709847766,0.003097179011837341,0.26029577245847696,0.00012854886126273827,-3.1408638448130435,-0.00018419599383468204
6.320186376571655,1.2264167208390142,-1.9556150408906483,-20.248851186180975,-0.12260695498265524,-0.16254432932899648,-0.1071970217654027,-0.6772853240123154,0.0031190644547284116,0.26026136298079017,0.00018539891104964418,-3.140917721985531,-0.00018366026011065324
6.330117702484131,1.343342657594631,-2.066559238999705,-20.22367165692953,-0.12686927942974752,-0.15908965913453674,-0.11023960404171286,-0.6772889432340187,0.00310010205339777,0.2603124807868149,0.00017477608644253956,-3.140841498569283,-0.000218342973786711
6.340177059173584,1.6926512292719889,-1.917622747825873,-20.21587554141148,-0.12362096001412405,-0.15235251821193013,-0.10802756271062466,-0.6772933967536034,0.0031352726839547645,0.2602770475021142,3.171350884533295e-05,-3.1408987847936265,-0.00024032649204043386
6.350140571594238,1.8386709806531238,-1.726448234863032,-20.24262481356391,-0.13109907033034945,-0.1537523820423141,-0.10908695214139727,-0.677266942427274,0.00312026613573894,0.26025669643237015,5.9684197669777404e-05,-3.140939198978334,-0.00017426678823638707
6.360159635543823,1.5153615227508626,-1.905213140834518,-20.352202985690138,-0.12482827387425297,-0.1587127636654748,-0.10568187815756412,-0.6772761470708496,0.0030962226616670124,0.26028008968163696,0.00015613605084576816,-3.140901869176612,-0.00017958384346588875
6.368160724639893,1.5295988069659439,-1.936293795927502,-20.328906814355346,-0.12587274060478817,-0.16049945365433052,-0.1079888847342437,-0.6772788917168543,0.0031412962624903975,0.26028729129285444,6.54928216327247e-05,-3.1408863970943646,-0.00013193248682540673
6.378093719482422,1.689015272857172,-1.680028940743297,-20.291116109127646,-0.13240081790237956,-0.15911422680642412,-0.10967950512161369,-0.6772792875672589,0.0031318186894143812,0.26026343546175534,0.00011745596448705514,-3.1409061524879944,-0.0001995112742202311
6.388141393661499,1.3708327463035772,-1.9092408828298963,-20.33079884479709,-0.12349330075342962,-0.1664937931322887,-0.10493072314477404,-0.6772793536770282,0.0031268837425084206,0.26026838522251766,0.0001080848566710901,-3.140925296799359,-0.00014535152321866072
6.3981029987335205,1.6303266703219572,-1.7366704999656233,-20.322198222805355,-0.1340213838163054,-0.16041363852357143,-0.11188833198710636,-0.677288592996723,0.003139486311555271,0.2603103867190141,0.00010827699417389877,-3.1408310280838685,-0.00017126377131559934
6.408257961273193,1.7019056211848955,-1.818972225367062,-20.38021862182302,-0.12827221938935165,-0.15941067426223074,-0.10826054448095049,-0.6772782236932368,0.003144496387644695,0.26030725409768496,7.753899420811776e-05,-3.140852490813079,-0.0001956296658731283
6.418188571929932,1.1708725621844351,-2.2018328735688484,-20.53741196712697,-0.12127658936520365,-0.1749423776510009,-0.1041282830872188,-0.6772855054930793,0.003121519836458644,0.26026724623791736,0.00014161976244533064,-3.1408717162608992,-0.00010968923522887097
6.4281792640686035,1.89348249071425,-1.9961747197279904,-20.630860741453574,-0.1256853072602557,-0.16121718784076913,-0.10872115067935681,-0.6772858366075568,0.003084790150658115,0.2602717948702815,0.00018230654323564882,-3.1409054601767012,-0.00014483001456271923
6.436158180236816,1.3847749050060496,-1.919099537955297,-20.277532560462518,-0.12541305480578424,-0.17268163848331536,-0.10651612114764676,-0.6772912660667124,0.0031424125530966894,0.2602888536491008,6.452776258648026e-05,-3.140831428055389,-0.00020911104945417984
6.446244239807129,1.6114698287249456,-2.0695321305125867,-20.401180460590403,-0.12239327035027305,-0.16769957463220364,-0.11141043616058041,-0.6773005051668815,0.0031141912218583126,0.26028089160555223,0.0001303473679298301,-3.140840926318351,-0.0002251793057749139
6.456185817718506,1.5467503904591295,-2.1251347135898944,-20.44253463101211,-0.12212714706309846,-0.16912377059099917,-0.1031268921371668,-0.6772923657768983,0.0031298318098188656,0.26032339427239926,9.061405146366944e-05,-3.140778170915342,-0.0001209637554944153
6.466125011444092,1.2533454264737027,-2.1119309675261864,-20.47941428242163,-0.12249157216199279,-0.18260604476442643,-0.10364982028514554,-0.6772847335874991,0.0031467413807265547,0.2602853987506767,0.0001099735468473868,-3.140860669258392,-0.00016155308278906962
6.476172208786011,1.4690315679330563,-2.0838385242052273,-20.407758234361648,-0.12331561382836134,-0.17797812145612224,-0.10278050804815636,-0.677289909743416,0.0031162031288898997,0.260279560053921,0.00020548619994211566,-3.1408921686088447,-0.0001775054202267982
6.48415994644165,1.5320668201187688,-1.800575890980518,-20.42110611530107,-0.1288083893732599,-0.17733295366626994,-0.10814756546159032,-0.6772970268213515,0.003115048613247307,0.2603107662419569,6.53209909921963e-05,-3.140783134082363,-0.0001719703705477716
6.4921979904174805,1.3440980601568582,-1.964763759564835,-20.339783466705587,-0.1262272713941677,-0.18275305790238,-0.09964817434561632,-0.6772795132267102,0.00313152196109598,0.26024759830885774,3.702317797811454e-05,-3.1408986668172,-0.0002276573233989295
6.502154588699341,1.7052058038136433,-1.869186701245704,-20.35030084207145,-0.12906583084122913,-0.1731597396028888,-0.10968952626344781,-0.6772971350127514,0.0031419725116052593,0.2602975453316719,4.5917041736035554e-05,-3.1408006417429912,-0.0001930535506544628
6.512145280838013,1.623326481736329,-1.8539479993987944,-20.361953204367406,-0.1272890426899958,-0.1771426815698031,-0.10509941898794779,-0.6772938982566007,0.0031246443633915675,0.2602876704776639,8.522222391890767e-05,-3.1408506111256744,-0.00018391722647633432
6.520327568054199,1.6923756586431606,-2.078956389897652,-20.79774640209758,-0.12514339856574752,-0.17636251144866322,-0.10698569293811977,-0.6772886969340695,0.003112839046162323,0.26027114272675345,0.00011089361163605868,-3.140867449901632,-0.00018290773936841776
6.52817964553833,1.6918329241250587,-1.937278052224115,-20.269592129835786,-0.12437311839978023,-0.17468275596723773,-0.10504348773774569,-0.6772631677385276,0.003116850505180381,0.26024640895370643,4.4200023180465336e-05,-3.1409438030178127,-0.0002131319116307159
6.536128997802734,1.4498786978209302,-1.994505755685952,-20.328567992443567,-0.12684575251131253,-0.1864165835075054,-0.10987192989870176,-0.6772867968883639,0.0031210020393223244,0.2602961959256974,0.00021287037596061256,-3.1408162264287958,-0.00016127093367051252
6.544119834899902,2.06540352405136,-1.853225905411269,-20.337580438531504,-0.12678441780719357,-0.17174339514076137,-0.09999717111857478,-0.6772840851402194,0.003125913065781509,0.26025286547706183,7.878081859128687e-05,-3.140898292745844,-0.00022101325859466236
6.552416801452637,1.3370116764331534,-2.0706186958786703,-20.39213623431492,-0.11881557220208314,-0.19128121618284977,-0.10394427805054905,-0.6772819957134943,0.003134752746699988,0.2602775074194339,0.00010316361503660058,-3.140881823802776,-0.00014782471074564565
6.560136318206787,1.6928917097265281,-1.6773985371207751,-20.189058440809603,-0.13037910031788819,-0.1836908004460116,-0.10745828744249546,-0.6772749988658952,0.003155839724007428,0.26027748252024824,2.469472740057904e-05,-3.14088448179209,-0.00027831933487865493
6.568034648895264,1.8638706645646743,-1.874717433437043,-20.055895391141338,-0.12502424827354905,-0.17723057872016623,-0.10505252415484773,-0.6772872072190939,0.0031268893172943157,0.2602939229530673,9.767458680952307e-05,-3.140812168552101,-0.00020834126919157288
6.578137397766113,1.7364861437574273,-1.8589504458992792,-20.42652430183909,-0.12612721224605034,-0.1791974628902842,-0.1057045203574349,-0.6772914210322404,0.0031089802352262425,0.26025620518126685,7.924279910952508e-05,-3.140903092462132,-0.0001523478232214351
6.586044549942017,1.3439925045065901,-1.7399316814591286,-20.32288271335957,-0.12934603052919671,-0.18871627341107408,-0.10373235318089602,-0.6773032850806495,0.0031220732275593754,0.26030842539704274,7.423354909397666e-05,-3.140788386021252,-0.00022994995752482166
6.596064567565918,1.9324182924337787,-1.906961481642835,-20.293911285198085,-0.12251997813091883,-0.17957083537402244,-0.10591223000468525,-0.6772921530280165,0.0031200948419488838,0.26026009844472603,0.00013714298226857253,-3.1408797621057754,-0.00020567724014421794
6.606119155883789,1.8738233806524134,-1.9102936159820934,-20.324888843674533,-0.125446899188156,-0.17961198870036468,-0.11018382960851639,-0.6772943295593071,0.0031098604232280428,0.26028654776430327,0.00015439701035687572,-3.1408338269438514,-0.0002610432401623957
6.616062879562378,1.9304113116530943,-1.6247102025306424,-20.262758034454013,-0.1306975438458812,-0.1833490826502484,-0.1105129509964358,-0.6772884970552153,0.003156767393716365,0.2603058727521834,3.9296260978175524e-05,-3.140788119989388,-0.00020392855287382225
6.626028537750244,1.8820579932935364,-1.806441625441411,-20.145869247427896,-0.12455460256740686,-0.1816293835600919,-0.1046180331194545,-0.6773032788272322,0.0031413365442053845,0.26030187010529826,0.0001232644244713546,-3.14076651073212,-0.00014367282376056507
6.6340320110321045,1.8961441647653516,-1.8662422757891246,-20.324504016158073,-0.12410243885772905,-0.17860641244609352,-0.10115900239304905,-0.6772969380779277,0.0031280932134013285,0.2602979636510345,0.00012978039021891284,-3.1408033008620215,-0.00024416765556769496
6.642011642456055,1.5803455092088357,-2.06116862854987,-20.23455245656067,-0.11696011111644564,-0.19036325497748632,-0.10309302906364542,-0.6772974283092827,0.003139113373661192,0.2602960721501673,2.5377114258501675e-05,-3.1408252258290155,-0.00013862736643759915
6.650209665298462,1.5691434726577633,-1.8650105838901958,-20.401337498850985,-0.1274954919474651,-0.18526670608465634,-0.10541042409461357,-0.6772768004120171,0.0031137071244877377,0.260291745471852,0.00013643843298293207,-3.1408438094962587,-0.00024323370134648767
6.6581196784973145,1.5813070141637622,-1.763523825941932,-20.289902893658738,-0.1259099735138758,-0.19250828612838802,-0.10183167336716996,-0.6772777858657371,0.003119122436559069,0.2602955790893286,0.00011109407039576055,-3.1408250102558513,-0.0002041766827364159
6.668145656585693,1.8358431103021613,-2.0828801897287654,-20.45754102708685,-0.11816577708128892,-0.18706862909995448,-0.10155783267151991,-0.6772912950372626,0.0031228592503809802,0.2602854082650442,0.00018629010128796218,-3.1408015864660666,-0.00021167301117729957
6.678116798400879,1.6680934281847533,-1.9364934012027752,-20.70707335929117,-0.1250139050453118,-0.19253944971206127,-0.10419502862222729,-0.6772865415915946,0.003125227258889574,0.2602949761246441,0.00014309296997787614,-3.1408325892323927,-0.00022327397026434908
6.688140630722046,1.9504160003292528,-1.9934163354469987,-20.449734535136397,-0.12064240607001903,-0.18431782971479135,-0.10849133599388595,-0.677281321438562,0.003120185309746361,0.2602817522684784,8.428844093877839e-05,-3.1408384783122,-0.00033270724792535213
6.698124408721924,1.5994950918271833,-2.119166542469027,-20.329413647118823,-0.11532343546176975,-0.19456362688052187,-0.10552642847778382,-0.6772846783956114,0.003131214309181595,0.26034872214604815,5.159058804370638e-05,-3.1407004303239665,-0.0002703290197119773
6.706109285354614,1.6560962546407414,-1.990497525140576,-20.274330025469453,-0.11979927286884139,-0.19412913199571663,-0.10086738306008151,-0.6772882435227275,0.0031305800062889524,0.2603085810019062,5.35226162755059e-05,-3.1407835097434393,-0.00019085762483299628
6.716105699539185,1.8064639784731418,-1.6698797598097535,-20.231630770339677,-0.12948908355810473,-0.19529423588166578,-0.10833194214495467,-0.6772810608381553,0.003131231848065608,0.26026709473223447,6.731057768701939e-05,-3.140834659412829,-0.00016263995589246152
6.724118947982788,1.998769510962454,-1.5710294181715008,-20.306798124580983,-0.1292627567001157,-0.18903200934341316,-0.10693061271789255,-0.6772847628416389,0.003127176938634236,0.26026162163192607,0.00018538589594659183,-3.1408580248979687,-0.00015524240174729926
6.732118129730225,2.0271649870377435,-1.8400419791763964,-20.279367593772907,-0.1224346580402462,-0.19553253902144357,-0.10372120351971197,-0.6772971437540989,0.0031366600188643106,0.2602318055486697,6.043483622253455e-05,-3.140888292523025,-0.0002241010511869581
6.740129709243774,2.167017596246243,-1.778074008114362,-20.332793458540348,-0.12673236789462808,-0.18907213304554277,-0.10986739855898478,-0.6772923815134202,0.0031297545694662717,0.2602994082333927,0.00016208899911166684,-3.1407974692825684,-0.00024141738734203403
6.74821400642395,1.7918753252632045,-1.7939276053380364,-20.413534940792285,-0.12738974341497034,-0.19825550564918215,-0.10515514825292954,-0.6772826077936628,0.003129371538248068,0.26026640123943817,0.00010473934066888286,-3.140835617848885,-0.00017381494049630792
6.756188869476318,1.7917579594795634,-1.9469733230056796,-20.34128355747152,-0.12324585580759137,-0.19881631494624005,-0.1045270218214609,-0.6773018787610583,0.00310315590827206,0.260325931696748,0.0001249303450881828,-3.1407190610591225,-0.00021924951828220237
6.766098260879517,2.1592691548591154,-1.685095213853743,-20.279511324692834,-0.12947892760427043,-0.19115299853812973,-0.1016801152867242,-0.6772950799780845,0.0031256028255423306,0.26028856705617526,0.00010452845859385901,-3.1408005720475938,-0.00016620666441129832
6.776095390319824,1.7940326348026552,-2.223006667966498,-20.484390550330723,-0.11476753820198578,-0.19903459412415386,-0.10476575596930916,-0.6773005498035813,0.0031087124990257856,0.2602898835568814,0.0001425655923089087,-3.1408075330120657,-0.00023128159373475275
6.784144878387451,1.7231216400973108,-2.1265331914894996,-20.36650652869813,-0.11593106242843002,-0.20240179244755033,-0.10510391384754666,-0.6772910853751883,0.003095163300853477,0.260285688325812,0.00019673068271763486,-3.140806540218745,-0.00024290260294197638
6.79417085647583,2.058424009737732,-1.7544497300683222,-20.31385472545847,-0.12275201481965568,-0.19478289911978539,-0.10514934980964535,-0.6772866719166403,0.0031499430370988115,0.2602694092180688,4.606379704439567e-05,-3.1408511533356047,-0.0002553077515439877
6.804159641265869,1.7256154894227735,-1.8197247561050724,-20.37088522945509,-0.12498589197475649,-0.204134562358432,-0.11063077337542072,-0.6772904110149613,0.0031368652132601287,0.26029427240988107,3.2681255736487685e-05,-3.140794258196736,-0.0001827315149255458
6.814130783081055,1.6581522240888806,-1.9148854949758594,-20.408079141783006,-0.12370058786505089,-0.20704595785580066,-0.10352714686523141,-0.6772760022290064,0.0031040537909050553,0.26025158567691065,0.00011216178389450112,-3.140871207583879,-0.00013627163116782892
6.8224937915802,1.9266508062690852,-1.9916620484117478,-20.47217731866823,-0.12159817701521226,-0.2027433944296724,-0.10378794108481286,-0.677283462695465,0.0031031896086736997,0.2602653059209373,0.00020997069077151827,-3.14080754014861,-0.00021632248029508264
6.832128286361694,1.6970568138304214,-1.9258850878488667,-20.44820089302503,-0.12266058887306314,-0.20558869437494953,-0.10192709146544775,-0.6772753667515289,0.0031133337099817165,0.26028350584973703,0.00016439840731370046,-3.140837565699902,-0.00021379396835696673
6.84011697769165,1.7856457628812832,-1.8757015654766571,-20.314512224449636,-0.1229005121142982,-0.20273653684732926,-0.10689056510009277,-0.6772838332117532,0.0031132616314663926,0.26027438585186774,0.0001628837772016324,-3.14084674588382,-0.00026358297354248203
6.848212242126465,2.068655597426728,-1.871039293281183,-20.483218835752094,-0.12317227671075592,-0.19933206441712056,-0.10885329033346508,-0.6773030994098401,0.003124155435228308,0.2603187410543633,0.0001287050628368618,-3.140729370674329,-0.0002679050689420979
6.856132984161377,2.0190104413260337,-1.921445109554019,-20.386138456753763,-0.12021401837497923,-0.20009692083570704,-0.1085422919573452,-0.67729324095834,0.003113396054196246,0.2602858062375625,9.155519344384064e-05,-3.140769687550843,-0.00020953566184736872
6.866204261779785,2.2329339885453208,-1.9152775205087416,-20.258033260871787,-0.1234053183515,-0.20248021246439027,-0.10556531064414804,-0.6772963943932161,0.0031207112524012054,0.2602732886435398,0.0001834443071913841,-3.1408069900293114,-0.0002717520879755545
6.8761255741119385,1.6263479321991214,-1.8763009532485388,-20.41082089423297,-0.12283176547383082,-0.2176079036078532,-0.10641676173243235,-0.6772867155315243,0.0031296508479551417,0.2603010228350978,0.00010918726849146235,-3.140779087909426,-0.00021357054896204295
6.884123802185059,2.0757709751236035,-1.6839106140442925,-20.554632347171037,-0.1303634998031133,-0.20849001881144347,-0.10610623903223654,-0.6772854925409448,0.0031285256018371323,0.26025197601731953,0.00012390408043299117,-3.140824372591859,-0.00023684562644422062
6.892122983932495,2.1524697361760334,-1.8747937551691822,-20.075673591040772,-0.1215064436188303,-0.2065454029002029,-0.10743224348171182,-0.6772915002555577,0.0031411463078762428,0.2603194534542078,9.050251045797711e-05,-3.140742563995004,-0.0002636247769287195
6.900166273117065,2.0919555093011297,-1.835256480580002,-20.335257165402883,-0.11923436197988854,-0.20522307408500715,-0.10737194960848485,-0.6772885770140745,0.0031125737783217673,0.26027756567086163,9.197339524309534e-05,-3.1408168854423977,-0.00024713620460533226
6.910166263580322,1.893366376125042,-1.6558473476817999,-20.2292169731247,-0.12337238682575515,-0.20917829989616796,-0.10348942050360335,-0.6772896120910302,0.003120755534360327,0.26030143013812174,0.00018791924198561112,-3.1407642399014324,-0.00016561816525189745
6.920175313949585,1.92403663255913,-1.7825516672960828,-20.371542566506715,-0.12401901161441192,-0.20803103271258255,-0.1032642302631435,-0.677305268600161,0.003122147398993372,0.26029713336650384,0.00014916814177556005,-3.140745630031701,-0.0003160084072127721
6.928136587142944,2.159108611208962,-1.7854038976597237,-20.137665477454394,-0.12203869583675854,-0.20589954936436636,-0.1090956311026417,-0.6772800110371754,0.0031297313568064986,0.2603050678940577,2.0656594405733e-05,-3.1407953400242445,-0.00024655069562236294
6.936137914657593,1.6192746909299038,-1.8650488489524673,-20.275797034680117,-0.11953032492872454,-0.21474111618968086,-0.10447240963765725,-0.6772771015578748,0.0031112840340395778,0.2603010624811603,3.8926058307494256e-05,-3.1407808813422076,-0.0002250571069815039
6.9460999965667725,2.0845474718645347,-2.025174084393262,-20.196945997259235,-0.11674783774189065,-0.20471938234495657,-0.10142728410908705,-0.6772914018862902,0.0031096583928276566,0.26027086566710766,9.121729736685776e-05,-3.1408196295786976,-0.00014002608897646768
6.956179857254028,2.3151381299578664,-1.876605347332066,-20.104886262985048,-0.12044504460151943,-0.20030883231140353,-0.11308348169063288,-0.677282337148416,0.0031534163775519346,0.2602474059311712,7.141067201228735e-05,-3.1408411931736717,-0.00023145187361907091
6.966165065765381,2.2323532154453165,-1.6322002921440164,-20.397668758767637,-0.12800278165965867,-0.1976543398195801,-0.11079350218896054,-0.6772881247449989,0.0031143587425339985,0.2602919096529142,0.00014218774180370806,-3.140784913292012,-0.00014439172852110144
6.976112604141235,1.916832651693308,-1.9686527702523071,-20.500034693168917,-0.12033931063530003,-0.2052824588309438,-0.10260312350720875,-0.6772945343538903,0.003126358937486065,0.2602713327170269,0.00017460920951553802,-3.1407958084712257,-0.00018206305937849493
6.984100580215454,2.4739773266117293,-1.6832517386177266,-20.566695537324083,-0.1253732232035672,-0.19749011067116176,-0.11683771922442623,-0.6772996363452221,0.0031333181549106147,0.2602988545930732,7.95575748292342e-05,-3.1407396411489232,-0.00016584007877111932
6.992126703262329,2.374833286768987,-1.8372360325817083,-20.265977902323225,-0.12274719963028452,-0.1972695933467377,-0.10697149360559004,-0.6772924821145268,0.003122836001993976,0.2602216234978211,7.797236332149426e-05,-3.140888745136982,-0.00027648970035952606
7.002125263214111,2.2738545797588303,-1.7311720999225695,-20.366813719232653,-0.12480469450369967,-0.19473517844989005,-0.11143458590627185,-0.6772944574251528,0.0031254135638502877,0.2602880325748175,9.830740634849522e-05,-3.1407642032444687,-0.0002235629739821234
7.0101611614227295,2.0291628053441193,-1.8457284078403284,-20.256664794518528,-0.12264008856376243,-0.2030354609813532,-0.11010255729379398,-0.6773077494188322,0.003127009305390808,0.2603027272429842,8.720875704458302e-05,-3.140716092325888,-0.00027197392913308786
7.020129442214966,2.2183376192911557,-1.4785797689921414,-20.232013623946518,-0.1301452635737018,-0.19568684299223923,-0.11660404500178356,-0.6772912162462957,0.003106733546839857,0.26027777978991157,0.00011780935366376854,-3.1407792089035325,-0.00015903793129191796
7.028194189071655,2.359020588904049,-1.4422669550895582,-20.39330821075265,-0.13070975479363142,-0.19525592873176487,-0.10574013157320936,-0.6772807410390972,0.0031099589443661074,0.2602669538827561,0.0002266187636622718,-3.1407953664158823,-0.00023929156058705286
7.036135911941528,2.494662050742305,-1.4097958226412557,-20.19814729401093,-0.13041560858329818,-0.1948365049247374,-0.11111201648163693,-0.6772987855878368,0.0031374050844813132,0.26030288574808275,6.755141150616522e-05,-3.140741490606952,-0.00027835372634290337
7.044156789779663,1.8191989177862058,-1.721392417436258,-20.393338572859623,-0.12221346365250237,-0.20847299945783887,-0.1039919139014311,-0.677301197563696,0.003114688472906246,0.2602901256873691,0.00013110289268044816,-3.1407665433477234,-0.0002557567731489802
7.052206516265869,2.120505842661002,-1.841205244058032,-20.293164874492344,-0.1209527713455953,-0.20249019789182443,-0.10448348158530257,-0.6772827660081688,0.003122215749912097,0.26026505825470386,0.00012370748994720658,-3.140819191218686,-0.00019352114367396223
7.0619988441467285,2.3475092328247067,-1.8115382826527802,-20.21636356711613,-0.1211176934135584,-0.19848220695899216,-0.1094313225639242,-0.6772880020420778,0.0030652293639906745,0.2602985840624538,0.00019579102972682886,-3.140741789703095,-0.00018480184375385756
7.0701987743377686,1.868170601569038,-1.860497603508397,-20.294374695375225,-0.12325516148228395,-0.21344144481046542,-0.10641916203024261,-0.677286758543974,0.0031218573246646654,0.26028282958560706,0.00010479068896396439,-3.140799903265243,-0.00018077372190342157
7.078196287155151,2.131660638556373,-1.8524499687740685,-20.336203248547662,-0.12166673746146284,-0.20621601645324675,-0.11311357510249803,-0.677296271639487,0.0030973458313544784,0.26028669731396736,0.00012525766099985564,-3.1407627072540376,-0.00017816010658723493
7.086089372634888,2.040649158600974,-2.0920104543731313,-20.755151220052927,-0.11421032707381251,-0.20602002281572124,-0.10469919638579307,-0.6772893100234878,0.0031330489907680143,0.26026908999811627,8.411038770981745e-05,-3.1408006374444475,-0.0002522386010253157
7.0940163135528564,1.9633098320953866,-1.653656396228576,-20.33747530428482,-0.12257410960456352,-0.21145212508532807,-0.10338692507964031,-0.677303031638198,0.0031321558754801486,0.2603143702578137,0.00013080473691026164,-3.1406896378529563,-0.00028047505867792496
7.102054834365845,2.0247430467302334,-2.0844067602053875,-20.379460985099882,-0.11449786221626766,-0.21271684655885933,-0.10364246301724718,-0.677302363660615,0.0031229517821230227,0.2603113218060701,0.0001487906083757159,-3.1406911841721716,-0.00021347139588512673
7.110112905502319,2.4504469002464866,-1.7450451182438889,-20.179340883748765,-0.12379227153903559,-0.20007190007974246,-0.1096910477995988,-0.6772930652745512,0.003134074033278434,0.2602817580746579,0.00010404389722326787,-3.1407359962526846,-0.00020112375404694245
7.118054389953613,2.0456864965253327,-1.825048819790582,-20.241497789775792,-0.11994506947238374,-0.20541522414636473,-0.10549801735344758,-0.6773050886969365,0.0031344112345996376,0.2602946981316902,6.11269128995052e-05,-3.140722060132194,-0.0002630922958316546
7.125962495803833,1.9949615661061415,-1.6261275864943627,-20.15550806253323,-0.12729866420919958,-0.207501988057028,-0.10668905713150259,-0.6772856458758575,0.0031231548016576877,0.26027909657237197,0.00013570970966408482,-3.1407892915687885,-0.00016271032570588806
7.134127378463745,1.983702091582554,-1.6646443853152244,-20.307841723652754,-0.1266107503806578,-0.19905285951506718,-0.1105147819986642,-0.6773111355315615,0.0031353636941864175,0.2603093035812245,8.673858813140413e-05,-3.1406770860912103,-0.0002271793829892019
7.142109155654907,1.731800909408646,-1.959885387503304,-20.33775533883872,-0.11957183424209966,-0.20818266691002513,-0.11251095884701805,-0.6773009795686487,0.003102560610667638,0.2603065194526392,0.00015773354775749438,-3.1407044633701178,-0.00021831764043243125
7.14999794960022,2.1039449777881005,-1.8960614586465425,-20.25259515789186,-0.12018531577426747,-0.1933610728691593,-0.10927639747771022,-0.6772883840063074,0.003110785737580659,0.260273473806562,0.00015684053156295,-3.140785979810651,-0.0002301740710096587
7.158071279525757,1.9514854705260447,-1.7828271210219095,-20.297683680838034,-0.11847948262722989,-0.19876248414965753,-0.10463783053090632,-0.6772887299190998,0.0031609824701615465,0.2602730011019533,2.1327206570800613e-05,-3.1407799284509537,-0.00014581053456838713
7.166040420532227,1.729654018287694,-1.7329464773541186,-20.229217029031222,-0.1191456749802102,-0.19670070875578716,-0.10418475515582326,-0.6772884292641007,0.003128708583652026,0.260277717016911,0.00010512934561603647,-3.140782834853078,-0.00024345726981623816
7.174053907394409,1.810994499471621,-1.8167636467343182,-20.218150917610892,-0.11441207390973358,-0.18657796836252613,-0.11019937635992727,-0.6772937249233608,0.0031469766391193856,0.26031013282654475,8.342569997442259e-05,-3.1407226104061676,-0.0002584233620769022
7.182050704956055,1.5136157844508762,-1.732306889422412,-20.025131312137336,-0.11727280314741387,-0.18114469587376122,-0.10750123477943627,-0.6772963076005277,0.0031240328371151664,0.26029261921948,0.00011915685189302885,-3.1407042162118484,-0.00021592856059855724
7.190084457397461,1.3140204297486713,-1.8589108886691834,-20.142781655611834,-0.11477836737265833,-0.16507831179379762,-0.10662958145940224,-0.677297613381269,0.0031174513011597974,0.2603433485393415,0.0001632362603087686,-3.1406286631603932,-0.00025957575577973237
7.200049877166748,1.039782621038913,-1.7502136807859219,-19.734348749329676,-0.10704427092117297,-0.12814400530766687,-0.10441771342777387,-0.6772803349671666,0.003125878213606137,0.2602474211313761,0.00011923359265410253,-3.1407879403915087,-0.00014286364540614307
7.210202932357788,0.42478700031624833,-1.5764696675694074,-19.475242979233457,-0.10385542989499973,-0.06445455109640623,-0.10720841899156278,-0.6772682525409718,0.0031302767303691887,0.26026157284176615,9.128933777051472e-05,-3.1408043532069043,-0.0002767230300719318
7.220078468322754,0.2939501231357876,-1.795885025518206,-19.483948365282508,-0.10392205304926973,-0.07251445510709931,-0.09863711093208423,-0.6772610296870898,0.003093801045059156,0.26026081697979253,0.00012579335852434427,-3.140804624746751,-0.00017870942769877154
7.230145692825317,0.1578719656616184,-1.738656997477236,-19.479696808234667,-0.10405788265856453,-0.0722147156969238,-0.10037522932810077,-0.6772882253451227,0.0031137464734686117,0.2602664108577203,0.00014344962485136583,-3.1407324023634,-0.0002447941110785187
7.240165948867798,-0.05662419471722594,-1.7976783872353774,-19.42131501751963,-0.09789008094134685,-0.0612750684617611,-0.10014831543789234,-0.6772742776029766,0.003112561040993025,0.26023721801981176,0.00020846727128558422,-3.1408053363992976,-0.00020211145630293274
7.248133659362793,0.27905438442899627,-1.7015473208246352,-19.316673172429574,-0.10287475223001552,-0.05892232230852354,-0.10531804929168156,-0.6772857038969107,0.0031063812210449094,0.26029044724429107,0.00010657524688718693,-3.1407076638680933,-0.0001955566466540162
7.258269548416138,-0.39218204844147897,-1.4270956376697235,-19.452777776885394,-0.09901824407282492,-0.06236769569485232,-0.1033094351363457,-0.6772623826942913,0.0031164127835607252,0.26024638897644364,0.00012356606543290457,-3.1408263020684393,-0.00019770365239406211
7.2681214809417725,0.17450631702055455,-1.6420065587040853,-19.62394149289028,-0.10190531755224762,-0.0483348627077329,-0.09736692937341074,-0.6772679904176352,0.003103569663683657,0.26023105482274755,0.00016570624865841718,-3.1408298869354017,-0.00021554547458592507
7.278018951416016,0.040261109968895065,-1.5888138607697015,-19.395742758874977,-0.10394033410662253,-0.05067612754242221,-0.10325239322684661,-0.6772775937186294,0.0031423977746883537,0.2602579451940068,9.191960228180166e-05,-3.1407457455370964,-0.0002021957563199748
7.28615140914917,-0.0350386329936912,-1.930797890759649,-19.275343039034656,-0.09329395788587219,-0.05612170390909095,-0.10037730330401859,-0.6772943094243898,0.003105251796016785,0.2602766697754914,0.00016481899726996838,-3.1407370237274193,-0.0002725281298236495
7.294126749038696,-0.18779094369911037,-1.8178439990233057,-19.515789657049076,-0.09876024267321304,-0.05517867916083258,-0.10379563817271348,-0.6772770506147716,0.003138038015503467,0.2602543400834807,0.00013034868070063124,-3.1407948625668882,-0.00024616346093498124
7.302164316177368,-0.045930013456331076,-2.031540564677147,-19.561346468811482,-0.09013107737056963,-0.04883438767439224,-0.10534823120346487,-0.6772804294883149,0.0031430321028583304,0.26023040034249256,5.934927118721893e-05,-3.1408226236731873,-0.000305098593908475
7.3120739459991455,-0.1645036058542208,-2.0536823103807977,-19.41313379048808,-0.0883199051435202,-0.05003640716060935,-0.09828997614575341,-0.6772758789179549,0.003123587410577806,0.26030406714813614,6.661824117670687e-05,-3.1407214842361593,-0.0002699241647841553
7.320125579833984,-0.3340211986466006,-1.65348608271454,-19.491695566379754,-0.09758823606192438,-0.04279675758161891,-0.10070472213180218,-0.6772703792551286,0.0031536354185210756,0.2602595555567733,2.004245316260292e-05,-3.140751289651582,-0.00021259369602729593
7.328124523162842,-0.11075055001013909,-1.7928807241910911,-19.533442671918493,-0.08961775686680472,-0.02867978308521509,-0.10626783031066496,-0.6772877788149373,0.0031474853660875524,0.26027992308285225,7.935956719582833e-05,-3.1407454124607646,-0.00024849680719513003
7.33811092376709,-0.2973076985315726,-2.0194340551623986,-19.59896975968182,-0.08649661099779274,-0.032573699658904005,-0.09783168740600844,-0.6772654012179887,0.0030942263859863256,0.2602216638202024,0.0001578947889144001,-3.140873066396651,-0.0001948223750471199
7.346087455749512,-0.2299910038146324,-1.6702838016933688,-19.32174930155157,-0.09478893117448217,-0.023215706145661066,-0.11007293832156746,-0.6772834605957642,0.0031226302643894643,0.2602783941793352,9.320655836811527e-05,-3.140781278372276,-0.00021027531953364106
7.3562541007995605,-0.3529278812023318,-1.8181579126290668,-19.37804937089071,-0.09746436142996834,-0.021904370776481268,-0.10256585772656994,-0.6772694100884997,0.0031091326332797916,0.26023588785088597,8.038122862916261e-05,-3.1408140174176165,-0.0001610372322732753
7.366105556488037,-0.26733745586746144,-1.626680376912437,-19.493513549374537,-0.0984749506337599,-0.016975125303289713,-0.10688195053756333,-0.6772690515492066,0.0030984777570997827,0.2602557890206423,0.00012077550336097066,-3.140786751817068,-0.0001966369652601314
7.376142740249634,-0.43397868387750366,-1.8620614442106929,-19.620897646702048,-0.09207101585640338,-0.02097440641850768,-0.10468002456884211,-0.6772711013256699,0.003129805343377465,0.26025502302902603,0.0001189971569808866,-3.140806900761792,-0.00018268044561482144
7.38415789604187,-0.17378368957423077,-1.7652984953841355,-19.503682324527023,-0.09680115163165182,-0.00802799721707635,-0.09991991304995125,-0.6772796575321531,0.003146237394521879,0.26025317508931944,0.00011151090977302145,-3.140802482890341,-0.00023689395358460384
7.392135858535767,-0.31731737270901816,-1.5410506526966652,-19.579989052827436,-0.09870545643549593,-0.005066570050855152,-0.10388788150390506,-0.6772654324999183,0.003151070336554492,0.2602594767432199,0.00011156942949255058,-3.140803831894692,-0.00023181072191161994
7.40208888053894,-0.11747677315676916,-1.3259776364846771,-19.42819856034949,-0.10095776734035515,-0.0012858607229616064,-0.11069441374133618,-0.6772732062762348,0.0031137284218656206,0.26027533619231097,0.00015654655047436631,-3.1407650469050097,-0.00023667827273520843
7.412389516830444,-0.5579535414442677,-1.6949221000491281,-19.555675261233503,-0.094333384251945,-0.0015027073458728502,-0.10279511146516852,-0.6772742805747191,0.00310834520185735,0.26024659868806743,0.00015155441751359174,-3.14085003056302,-0.00021704108518852768
7.422139644622803,-0.38457315675030085,-1.7463739781762369,-19.434199115667234,-0.09141387482143498,0.002319469752417393,-0.10338796863644882,-0.677267039459316,0.0030894108223858204,0.2602727648988067,0.00016979065205417773,-3.1407944391787472,-0.00022034342307638479
7.432142019271851,-0.3383219027454348,-1.7312719706494375,-19.543857002620566,-0.0959175075039465,0.000374519693913512,-0.10887790444977961,-0.6772818215444422,0.0031662300326782836,0.2602620499917897,4.1566519549384277e-05,-3.140809373330543,-0.00024171701190625757
7.442095518112183,-0.5402729490741689,-1.8906576938941133,-19.37110317055229,-0.09472540885758489,-0.004646450187513256,-0.1045385888563798,-0.6772735778410663,0.003087811012793326,0.2602760463058047,0.00010839375094904229,-3.140779458352445,-0.00019385122004648698
7.450075149536133,-0.46096711520515965,-1.8637804913034641,-19.52237728205754,-0.09009917007180153,-0.0032733344693127403,-0.11156093899961216,-0.6772783993265351,0.003105122312957313,0.260243015295648,0.00020563494939738536,-3.1408400328425414,-0.0002530801790391922
7.4581944942474365,-0.20492081142513835,-1.825687501328966,-19.631875104259436,-0.08747547822291435,-0.0033321349407295833,-0.10476681756758674,-0.6772758087988507,0.0031387625585854186,0.2602426662692759,8.455831017301694e-05,-3.1408224778654,-0.00020668498325371876
7.4661431312561035,-0.6901715913422027,-1.7586640021381321,-19.702637842309827,-0.09623744917892461,-0.007948657199463941,-0.10374564339463595,-0.6772725511333542,0.0031146117599141258,0.26023744474449484,0.0001127104200120173,-3.140865011129657,-0.00031682863895406735
7.476099252700806,-0.4602971469432409,-1.7193242754477338,-19.599718666582213,-0.09727719917509764,0.001758361927253444,-0.10367835419111818,-0.677260233717592,0.0031409918077935015,0.2602202994955182,3.5116123589018475e-05,-3.140878557313113,-0.00019304863259831688
7.4841132164001465,-0.5050178923506458,-1.933572708538035,-19.604959362069682,-0.0988371949251357,-0.006123933297576943,-0.10341108035482093,-0.6772650744056251,0.003086534443651291,0.260255893889156,0.00021617120743340658,-3.1408266982547395,-0.00018623261891365987
7.494168281555176,-0.5278729147292761,-1.810128326634661,-19.51359474322047,-0.09337213365522487,-0.004412864097137215,-0.10475299973721293,-0.6772700941865514,0.0031332843829188885,0.2602601716637326,5.370291114130267e-05,-3.1408090146829717,-0.00014307603430840622
7.504080295562744,-0.4418379044766702,-1.7958722717778053,-19.40764957233289,-0.09357537510991137,0.0011304373218614236,-0.10611647415296449,-0.6772589370084815,0.00313028921082127,0.26025334128635713,7.688312112780785e-05,-3.140839009530742,-0.000199069891060531
7.51408839225769,-0.5858374569024458,-1.6536032640607843,-19.516565119852583,-0.10063393591562145,-0.007298758180815736,-0.09865045711260328,-0.6772766970529729,0.003093455465393447,0.26025948100671553,0.00020104684452330169,-3.14081911071827,-0.00019339442265791602
7.52415919303894,-0.440454192947366,-1.8680170958620053,-19.607331551272893,-0.09244542818191434,-0.004493969567349887,-0.10499546496609155,-0.6772738773812423,0.003113907973719858,0.26024159180245626,0.00011720079360133003,-3.140851002679831,-0.00020903020267793915
7.532292127609253,-0.9016651178943659,-1.7688315605597946,-19.481935697108636,-0.09586134861774143,-0.01171901655063652,-0.10808651913765528,-0.6772564927389306,0.0031347561903207837,0.2602680392889044,0.0001417704344666645,-3.1408406515084266,-0.0002460861733884367
7.542422533035278,-0.1503857073514617,-1.5724575201845437,-19.570396763824817,-0.09526816909291791,0.0086995228473697,-0.11000474157940142,-0.6772640116236404,0.00312119925193941,0.26026829408249685,8.508161892277202e-05,-3.1408112245351063,-0.00019586720922022482
7.552119970321655,-0.7064141196875687,-1.8983682627946836,-19.758424990599128,-0.0976336460659526,-0.005192962794849698,-0.1074669451968505,-0.6772646495684759,0.0031297102622222517,0.26025350718643087,5.386919767986265e-05,-3.140813628375006,-0.0001491126408013771
7.560117959976196,-0.3698799627666007,-1.708070892052094,-19.57279040446133,-0.0956483066112507,0.009059781033740564,-0.10222386147285145,-0.6772745423199545,0.003130991357675972,0.26025689131873136,4.751262860161223e-05,-3.140829468504972,-0.00022826693352361662
7.569987535476685,-0.3907591637183817,-1.8727850736680616,-19.530230363761337,-0.09364545987438333,0.011327188622437905,-0.10675477407010057,-0.6772781642134243,0.0031098654625225835,0.2602721636587505,0.00015693814603863552,-3.1407933043703076,-0.0002468242194704709
7.578080415725708,-0.538436177952047,-1.6491233394343057,-19.53638730012416,-0.09749040987907147,0.003152525645239109,-0.10889639789610296,-0.6772648080478357,0.0031076229281653436,0.26025011988891156,0.00011233132787371898,-3.1408783371393567,-0.00022708525078455163
7.586078882217407,-0.484060697925696,-1.8268096249155967,-19.644260903883126,-0.09594469718953709,0.009299929642254866,-0.10590985140234421,-0.6772696229695846,0.003135364168405478,0.2602502782854681,8.395348781070852e-05,-3.1408648594852755,-0.00020471349068708664
7.596041440963745,-0.9999729338746786,-1.9519502655938314,-19.736560879495357,-0.09340595192081268,-0.005715130043579126,-0.10267408054407291,-0.6772713614116957,0.003108620786776976,0.2602701950675228,0.0001312591332492873,-3.140823929288685,-0.0002851332048295025
7.605901718139648,-0.6119818671990298,-1.9602978324332456,-19.622913420084842,-0.09486872170378823,0.006567459896447502,-0.0997005184874839,-0.6772736540441926,0.0031296352079842626,0.26027774434503154,9.182698643452143e-05,-3.140782900209897,-0.00017910487835866087
7.614071607589722,-0.924173175342731,-2.0036888139361424,-19.580803021992722,-0.09015351016258454,0.00414249126235809,-0.10069816023521272,-0.677279883379226,0.0031130344206843435,0.26028936541632897,0.00013060958091783178,-3.1407722027933924,-0.0002468477133024116
7.624118328094482,-0.6876808003826042,-2.038600618127094,-19.823549755664583,-0.08621439322356735,0.012382595989919472,-0.10516001386562449,-0.6772703075185723,0.003128621179415944,0.2602337331362328,0.00010952684444616837,-3.1408833361832835,-0.0002177713488438359
7.6321234703063965,-1.0149038686457854,-1.9041694245146914,-19.677420617424872,-0.09107920154611666,0.0028615618949029515,-0.10284327786592024,-0.6772775150345981,0.0031068558737770017,0.26028000810483737,0.0001503593482148458,-3.1407665027172893,-0.00021032450578964518
7.640172719955444,-0.6972612120642453,-2.0184640325059777,-19.566645293113847,-0.09213600551721131,0.014084083954428396,-0.10163934299032139,-0.6772711142541671,0.0031079012244830386,0.2602765860657368,0.0001879912138510333,-3.1408221742842737,-0.00017806199969104796
7.648077011108398,-1.0273911654742596,-2.0026449854929584,-19.755545864993618,-0.09318831130969053,0.00627679026461987,-0.10169133725095691,-0.6772812651500711,0.0031267562707417975,0.26024699042016874,0.00016826019208855653,-3.1408230592730324,-0.00022342376576048526
7.6580939292907715,-0.7109111194114917,-1.6216721430696703,-19.67160543853687,-0.1019552187416832,0.01940090517466457,-0.10340029415171677,-0.6772593839695372,0.0031221554900586856,0.2602530269755791,6.522440562935924e-05,-3.1408703510230183,-0.00015549611321492808
7.66811203956604,-0.7511666726019492,-1.5983141157376322,-19.76324646914794,-0.09833871170807229,0.02575129136106958,-0.10494237926607432,-0.6772733540408064,0.003129554425907681,0.2602924778323214,0.0001237510070077619,-3.1407829151371778,-0.00022434742256070782
7.678128719329834,-1.2642659898384303,-1.951275149622429,-19.74050906216663,-0.0917365324418214,0.04078568807512054,-0.09912886149139435,-0.6772780774332684,0.0031181802885417807,0.26026296951270356,0.00015597578239921265,-3.140822576982399,-0.00019008665397412028
7.686059236526489,-1.783133963771876,-1.495559119877038,-19.607166092039122,-0.09326391507924717,0.08433385423470964,-0.10247569041853022,-0.6772730508423518,0.003123147627075444,0.26028524575425516,5.898619870551809e-05,-3.1408225356167114,-0.00019255941173106542
7.696165561676025,-1.6803405846710655,-1.6445011573973038,-19.62598440098355,-0.09456032099731117,0.09823208506614081,-0.10140691796904028,-0.6772701038016062,0.0030836117164132933,0.26025651886440804,0.00015724637267767704,-3.1409192372529207,-0.00017372605479574872
7.706098794937134,-1.6665855351221832,-1.809625275523341,-19.678538715545567,-0.09082959729881113,0.09575765142728723,-0.10330630654892052,-0.6772628725888525,0.0031426193619420732,0.2602351473417811,7.113654037195856e-05,-3.1409626481539505,-0.00018109891760895218
7.714027404785156,-1.2349908069882023,-1.7281519935427663,-19.634665411046434,-0.0957329997997208,0.1027443307992198,-0.10558963304456567,-0.6772707811143963,0.0031004827823214263,0.2602340787761141,0.00014503322060880334,-3.1409169405331343,-0.00021472568925958655
7.72204065322876,-1.4230938753746465,-1.5677013584022443,-19.5612442504157,-0.09287165929498385,0.09988267987031739,-0.1096392650103855,-0.6772558585262384,0.0030826641245606037,0.26026556047683613,0.00018883329309983725,-3.1409093772145034,-0.00015771106475748973
7.730146169662476,-1.413378225019696,-1.6422771770478166,-19.447069001693393,-0.09618268004628934,0.0968303209452535,-0.10524512817839853,-0.6772518326129922,0.003100479801566544,0.26023395500655805,0.00017577861864318648,-3.1409900145510186,-0.00011953612293614732
7.738135099411011,-1.7098576057499535,-2.14578738573618,-19.690899851903122,-0.08262144315896972,0.10032523114150724,-0.09782586686907295,-0.6772730032949157,0.0030791080376107744,0.2602906304000392,0.0001713491040218803,-3.140809943889764,-0.0001751817875351272
7.74812388420105,-1.5097225293994199,-1.5683969185345445,-19.435439007873324,-0.0883812948402444,0.10329837248143307,-0.11030265976675559,-0.6772728368363267,0.0031456507434100994,0.26025135400261895,3.1856363660784145e-05,-3.1408885230378583,-0.00012391043069516597
7.758089303970337,-1.6995719008167098,-1.678135561269571,-19.62530731797559,-0.09250154237161537,0.10061237971554295,-0.10195834165072308,-0.6772679023435915,0.003113691855923529,0.26024837280894264,0.0001364970361444612,-3.1409194708198878,-0.00020184788045933931
7.768096923828125,-1.5664568309569984,-1.607020151232747,-19.56172429311131,-0.08923196465174313,0.09871181218212514,-0.10326854384325804,-0.6772602608859869,0.0031099471060463354,0.26028485220662784,0.00012329060147395657,-3.1408481736092564,-0.00023700017092958859
7.7761077880859375,-1.4020156195757376,-1.7238585846513557,-19.709701131348318,-0.09642501788816055,0.09937847521764274,-0.10642425635354533,-0.6772763488036408,0.0030634725125924596,0.26027123036438266,0.0002804033358016303,-3.1408599270928916,-0.00017138310689486362
7.784099340438843,-1.3448175163346667,-1.81943175786736,-19.730510068036324,-0.09191643088936495,0.0994749821375083,-0.0967795505064469,-0.6772621262629357,0.0031232380862258944,0.26026267763688615,0.00015963920639125635,-3.1409053421723288,-0.000151444519432279
7.794166088104248,-1.33572640798044,-1.60797928797175,-19.63563363375245,-0.09612167404462438,0.10126514599910075,-0.10397111512462087,-0.6772692445740398,0.0031300324310811023,0.2602326561982595,0.0001230525261552142,-3.140938103167673,-0.00014843041512876723
7.804124116897583,-1.5468316927061938,-1.4982318397918777,-19.56302120486555,-0.10461703079211505,0.09672030212200962,-0.10216180405623143,-0.6772616268640846,0.0030989603313511284,0.260248968169856,0.00013560292875836415,-3.140935263065511,-0.00016313811953308467
7.814052581787109,-1.548697219940912,-1.5120220682480106,-19.63598025763551,-0.09466820801710674,0.0986434815647537,-0.10778647779035021,-0.6772872796836622,0.0031178523559197233,0.2602904253793389,9.318236943701396e-05,-3.14081777075548,-0.00020650698087450916
7.824113130569458,-1.338287461291095,-1.6766985852655876,-19.554510634375468,-0.09305300299196989,0.10385254507446784,-0.10695206411591808,-0.6772630688851546,0.003116087061741339,0.2602587671718568,7.193981080788758e-05,-3.140918652303057,-0.0001738866713032205
7.832125425338745,-1.6207227012548242,-1.971293822219809,-19.707030350188724,-0.08690023848764095,0.09733508903820318,-0.1031035500875683,-0.6772574242498247,0.0031478710016921564,0.2602389160866282,-5.214463991393896e-06,-3.1409586778351897,-0.0001555853287876253
7.842121839523315,-1.611321979624899,-1.658935639363124,-19.59092806019235,-0.09595929299104136,0.09239997166558975,-0.10892034162985621,-0.6772507801717519,0.0031269304606223692,0.26023305284238474,0.00014043447639859347,-3.141002333233589,-8.736596047265489e-05
7.852181911468506,-1.2206845909641952,-1.4220414009680262,-19.748432649213747,-0.1018888398628717,0.09184644334007544,-0.10716411722277756,-0.6772640629325547,0.0031048410661272483,0.2602141600023358,6.464334424024965e-05,-3.1409722146090693,-0.00010367275462647153
7.860225677490234,-1.5178769673703854,-1.5836500458961564,-19.58904079984148,-0.0964679280760811,0.09379985642722449,-0.10532239445803956,-0.6772619766403896,0.003116414602943082,0.26024775854588766,0.00014374786056900677,-3.140947602568839,-0.0002241850350965374
7.868184804916382,-1.2915170205995632,-1.479212475553069,-19.645710760116625,-0.10176112352718467,0.09392516611685897,-0.09625011157958514,-0.6772622271365152,0.003098743631506712,0.26022912297813056,0.00019413185864318447,-3.140960389418536,-0.00020081096574548697
7.876143455505371,-1.2424668886813195,-1.6779252484745766,-19.606010179858686,-0.09449155651879691,0.09994556823992155,-0.1046029714673656,-0.6772539791817725,0.0030987058838512376,0.2602345391100515,0.00017613131797497943,-3.140957173821029,-9.560040602136789e-05
7.884152173995972,-1.6946493444159245,-1.9195019714869155,-19.56766812799738,-0.09374998360888197,0.08776588717590719,-0.1023595353873191,-0.6772670915362756,0.003097792401443136,0.26023676169642385,0.00012915837948768302,-3.1409309903926212,-0.00025608971874043645
7.892117977142334,-1.5046250734583664,-1.9143614973590897,-19.674700244551392,-0.09012995577402902,0.09247372477840837,-0.10233181885801813,-0.6772608721459478,0.0031356741949989516,0.2602412031559637,-5.976705261560254e-06,-3.1409523960479944,-0.00016296915907630243
7.900125026702881,-1.4209602398842605,-2.0756186500462346,-19.530086906403973,-0.08647817859711429,0.0926200027681798,-0.09884932989428173,-0.6772574820517463,0.003144618264827624,0.26023082991298807,3.792343506279467e-05,-3.140993515670542,-0.0001230596078724708
7.908115863800049,-1.1964835890175451,-1.625532696762108,-19.67643708794516,-0.09533573181783571,0.09687463743178445,-0.10327917022207551,-0.6772431771745975,0.00312290709028066,0.2602427013192277,0.00012322744048385683,-3.140939345696632,-0.00016695774775833322
7.918162107467651,-1.2886497152380636,-1.443211179498743,-19.653808760778663,-0.10134849706036658,0.09619149251140141,-0.10301875452558726,-0.6772584320646616,0.0031230518518053306,0.26023906416927983,6.494815377891754e-05,-3.1409775062662533,-0.00018780983278516154
7.926104545593262,-1.485061540802845,-1.67380329083832,-19.50293625305376,-0.09317218822815569,0.0892499652087867,-0.10361959773097884,-0.6772468647188111,0.0031046627403065992,0.26026949327426285,9.724166707493831e-05,-3.1409323149574466,-0.0001694893732524059
7.93613076210022,-1.6117373370653993,-2.0932544565433417,-19.642171860449743,-0.08400668033702074,0.0941609145396132,-0.09871946307272991,-0.677261227889199,0.0031223736400676954,0.26024747224811223,9.608793426452599e-05,-3.140925545048732,-0.00018532460278192298
7.9460978507995605,-1.3089123637462394,-1.7699885745498052,-19.527167258855712,-0.09483436633108427,0.10104341884261232,-0.09929495499512242,-0.6772671271940607,0.00310929940411217,0.2602354668108914,9.723005209242113e-05,-3.140965635021205,-0.0001656409189471625
7.954084873199463,-1.3806012179410376,-1.8239702068935117,-19.633176848766876,-0.09012728376392828,0.09955798542492769,-0.1084554932929473,-0.6772639366222596,0.0031348131864382092,0.2602434432314299,7.379212536348708e-05,-3.1409145309316173,-0.00016742360224563296
7.964160919189453,-1.2805277303075246,-1.6508134914240447,-19.64777431211563,-0.09591300742597439,0.10500828733130993,-0.10161339603263193,-0.6772708455149037,0.0031615024762640925,0.26023778580815676,3.328857703780899e-05,-3.1409179055344962,-0.00011597029807983146
7.974068641662598,-1.2614451448902433,-1.677119060873718,-19.718605900676852,-0.0925107782652047,0.10598956900607316,-0.09994198647850192,-0.6772694724127757,0.0031135112410899594,0.26029746019744826,0.0001741749906980179,-3.140821051670783,-0.00027184206119333957
7.984109878540039,-1.363428925613228,-1.838432849819509,-19.5910537083037,-0.08911666821644747,0.1064375253183671,-0.09648912082348376,-0.6772634430581662,0.0031283611088424555,0.26025151396758367,0.00015512294993560302,-3.1409237914282375,-0.0001454875405780955
7.994133472442627,-1.5811382636566953,-1.8302351028002324,-19.546535059696616,-0.09098086494309252,0.10022296341079055,-0.10736103542089781,-0.6772721286964378,0.003118967318458899,0.2602618800110169,0.00014549983131489802,-3.1408888792949736,-0.00016897687500641462
8.002086400985718,-1.4925884806799106,-1.439334126262722,-19.515495058137784,-0.10082266828819535,0.10504933305859233,-0.10099906606987537,-0.6772758503617853,0.0031353965650300756,0.26025980899550477,0.00011575245053612795,-3.140869762210215,-0.00013687718651131975
8.01212477684021,-1.8327232367248119,-1.8937641646861272,-19.782658674540453,-0.08989785185494106,0.09414537511733638,-0.09645790489728655,-0.6772845854812958,0.0031107932016797065,0.2602768156478272,7.181658913738775e-05,-3.140870128810025,-0.00011712213727245479
8.02208662033081,-2.040607671467866,-2.0437301310249287,-19.868654712885036,-0.08427811798824981,0.09834972995270438,-0.09744867886992309,-0.677256218024352,0.003093391140007513,0.26023369558157466,0.0001865036530354389,-3.140971451325086,-0.00020873843248411482
8.032036304473877,-1.1201882873271773,-1.5713159483951447,-19.602597659963795,-0.09000664301867119,0.11734578097774705,-0.10093114647800609,-0.6772687619776878,0.0031388786391605135,0.2602601062932824,0.00011788972493338936,-3.14089098260053,-0.00022328539734898134
8.04610800743103,-1.6367522501101806,-1.6734737306871657,-19.664902249917482,-0.09347924825182989,0.10492644876885755,-0.10401105572293584,-0.6772786425425181,0.0031403981499465152,0.26026185705331034,7.851772049299802e-05,-3.1409072951649666,-0.0001632178269649418
8.056140899658203,-1.3716978096786254,-1.7774753319578545,-19.79964781462805,-0.09160209317868744,0.11088000291843639,-0.10128933440979249,-0.6772487979403805,0.0031247397862813587,0.260262238835816,0.00014088257010969936,-3.1409279387059783,-0.00021135610044198839
8.06601881980896,-1.690172806009083,-1.700005064891507,-19.681113987502265,-0.0975823453314257,0.1017030370414875,-0.10264177028617243,-0.677261326496075,0.003116163404540036,0.2602490666555855,5.318902719913785e-05,-3.1409391218156935,-0.00017413679213589215
8.075989246368408,-1.527115438014342,-1.5336925607408047,-19.6737979776001,-0.0922397194609983,0.10781506194073993,-0.10711600889836052,-0.6772653053305269,0.0031081205726249403,0.26025296255248703,0.00013057757784144136,-3.1409078960804835,-0.00017726387558880192
8.086122751235962,-1.4884011207418237,-1.7210799114566724,-19.81711707551488,-0.09053320628983601,0.11186494977407165,-0.10571473632508414,-0.6772796625634759,0.0031080646833993,0.2602659916883164,0.00021310361415956614,-3.140855280577605,-0.0001415674108439171
8.09410834312439,-1.2763527586177574,-1.9697929235680216,-19.885826067115232,-0.08018741922790734,0.11731095912055381,-0.10957776043548882,-0.6772610405303837,0.0030929503297530063,0.2602471006266668,0.00019393053174806947,-3.1409431204703235,-0.00011860758181851303
8.10194444656372,-1.3811959726981495,-1.6315246133916999,-19.7846037137488,-0.09227133802086804,0.11370613050876312,-0.10369241695046504,-0.6772657960107995,0.0031324862819521234,0.260266151285301,0.0001412218978898419,-3.140869660537183,-0.00012388917841877465
8.110084056854248,-1.6658927212233055,-1.6744814206651273,-19.69540292689998,-0.09241281860919387,0.10562074722875266,-0.10488630658622752,-0.6772665840570635,0.0031323657808926134,0.26027139080711514,0.00010370508832323035,-3.140868255679106,-0.00016564326299218734
8.12009572982788,-1.965136141263334,-1.8579649021324336,-19.717417077428635,-0.08868580590843957,0.10005938975179565,-0.10279821775316225,-0.6772495090189994,0.003082809677106859,0.2602249982489219,0.00013853679046292125,-3.140991970096058,-0.00012333759091423408
8.13010311126709,-1.2501056222387215,-1.6213024588638807,-19.697119941528747,-0.09154747444618241,0.11597739733558561,-0.10505287229886577,-0.6772685952276458,0.003141834706984681,0.2602420068938833,8.984871610448334e-05,-3.1409484270199086,-0.0002361775476147995
8.138145923614502,-1.8028142759002457,-1.7606852605466339,-19.707372307817966,-0.08839784206829411,0.10652096185141678,-0.10207012641869034,-0.6772559687373029,0.003139870967682401,0.2602594054178322,3.990670748149455e-05,-3.1409155239782947,-0.0002267899709469972
8.148076295852661,-1.6163097750616884,-1.6166434876872446,-19.77726822963841,-0.09165467341104253,0.1160437114777426,-0.09805562977078669,-0.6772745478261315,0.0031460323823996332,0.26023908636577814,6.379933516564507e-05,-3.1409264258587535,-0.00011177820028153471
8.156131744384766,-1.5528585860173802,-1.7280155023228618,-19.58740743782169,-0.08648728515765515,0.11749237986255666,-0.10371149580335652,-0.6772599711831846,0.0031126471789147607,0.26028314490392157,0.00011840596755328015,-3.140879982590113,-0.00019327778895032545
8.166234016418457,-1.7904924011720627,-1.6792294542220894,-19.60665457776051,-0.08875482741214558,0.10923997667338256,-0.09795315243558257,-0.6772668663184848,0.0031322823349089375,0.26027813693382434,2.165078883260451e-06,-3.140889732598804,-0.00012525713394830073
8.174140691757202,-1.6791278227720512,-1.73192447693884,-19.61702295325052,-0.08796384288497071,0.11487785957919015,-0.11033176916525633,-0.6772572514410893,0.0031329297904593187,0.2602040321351116,6.44247310830579e-05,-3.141014582749845,-0.00011148016833491973
8.184139728546143,-1.4898781256998903,-1.8468565589593215,-19.80266077934924,-0.0847420035632182,0.1144222092389436,-0.10612047088127737,-0.6772550197582887,0.0031033271883922214,0.2602531759284497,0.000206017457198983,-3.1409931141272738,-0.00015243231320242264
8.194063186645508,-1.5156319688705533,-1.7288908052917946,-19.623196773313342,-0.0868270750900096,0.1169217937345682,-0.0949481854958978,-0.6772740074099844,0.003089960658512021,0.26027760685883483,0.00018163116784352675,-3.1409006877551855,-8.822750764086697e-05
8.204127550125122,-1.9153452952283403,-1.5646959107960114,-19.567227759632203,-0.08786348000485576,0.107589159278885,-0.0998979588007736,-0.6772586936312632,0.003114236698249838,0.26026963016222304,0.00012798797942442766,-3.1409186856696465,-0.00024043368759511316
8.21413779258728,-1.6719084829499378,-1.5705454724722172,-19.745354555604408,-0.09027040521429928,0.11398355743862948,-0.09511651453192908,-0.6772647943799124,0.0031168736599101266,0.260260538463803,0.00015513239557696118,-3.1409087034599903,-0.0001839861589618254
8.222163677215576,-1.3280817271181384,-1.8732624857820528,-19.78326840009892,-0.08000601705180527,0.12341800909399515,-0.10029742251387215,-0.677266115384561,0.003097862321751326,0.2602660604961676,0.00016864614074551984,-3.140895950974895,-0.00019495512005683442
8.232139348983765,-1.4287850683927388,-1.4928729255451694,-19.75411035367068,-0.09504096593595084,0.12038355141234242,-0.10324599909124332,-0.677276111224032,0.003142747248703329,0.26026310991772655,5.292101602328862e-05,-3.140860334902532,-0.00017351278046700565
8.242175817489624,-1.811761795145999,-1.8220684116608166,-19.786487430828345,-0.08386330836512715,0.113893360371552,-0.10190116751540255,-0.6772736316698443,0.003089511156491853,0.26026130968453093,0.00022171491334386362,-3.14089952718319,-0.00013426105525880743
8.250126600265503,-1.763658141244424,-1.7253945929566046,-19.817822491782035,-0.08652295981164002,0.1156699317318596,-0.09824756863572422,-0.6772752119239708,0.003106921332796285,0.2602563395556411,0.00013737804711470413,-3.1408859239196327,-0.00017902925986034934
8.260104417800903,-1.7917091106402572,-2.0684018535892115,-19.802758506878053,-0.07819180192384378,0.1156447653092126,-0.09184860579507689,-0.6772680378163105,0.0031273460434610035,0.2602536018114775,0.00011076085060445843,-3.1409298706714837,-0.00015813131063984622
8.268200159072876,-1.7054252929892504,-1.6836992880827821,-19.60242100987304,-0.08737007217695617,0.11612652600663646,-0.10015538548897016,-0.6772537090052158,0.0030994606494503625,0.2602460964037348,0.00020022615343062987,-3.1409291825430343,-0.00011760353044961315
8.278039455413818,-1.5467269667151384,-1.7970292013906182,-19.653044783958638,-0.08404224463512287,0.12387464989682109,-0.10079772145524432,-0.6772765093022529,0.0031091049372007334,0.2602902108181223,0.00014156778823849154,-3.1408516469593786,-0.00016890858071645336
8.288113594055176,-1.643910361573001,-1.4480976846370754,-19.823845834925397,-0.0948664177754777,0.12028553819478421,-0.10545532004144006,-0.6772506384750415,0.003108550589801409,0.26020464248526887,9.833991415487297e-05,-3.141004859162352,-0.000119059442144875
8.298144340515137,-1.8455358049121484,-1.8897391420180165,-19.805877636195362,-0.08556209064863075,0.11785549342983867,-0.10681677421722681,-0.6772802829329837,0.003102716945981311,0.26025757041728925,0.0002054330262743821,-3.1408824950219785,-0.00013283446044581418
8.306092500686646,-1.5474924216988906,-1.9578813837909814,-19.667270228830812,-0.0778800028039684,0.12192732234720649,-0.10900795705830245,-0.677254106292359,0.003121408092467052,0.26029853497466304,0.00010368168898840277,-3.1409034716624786,-0.000245537503513448
8.31412410736084,-1.8448244903409194,-1.940362279688151,-19.517191573173434,-0.07899812811046932,0.11626166771974826,-0.10027108254236118,-0.6772720896060692,0.0030945777903379633,0.26022780186277783,0.00021248638204720863,-3.1409767484063607,-0.00014299560599783151
8.322098970413208,-1.7936112215600155,-1.6784871007736581,-19.764900781106473,-0.0839011177246341,0.12117714122940208,-0.10727355283455005,-0.6772645106673211,0.0031265770840551684,0.26022486856831856,3.991627799297099e-05,-3.1409576359335074,-0.00014893985486547385
8.330063104629517,-1.917629627635432,-1.6622654817121676,-19.56947306301236,-0.08674578129271726,0.11791489336906881,-0.10364626200051769,-0.6772554106645885,0.003133005617279612,0.260259514847997,7.628367635475518e-05,-3.1409364052861015,-0.00014376292298958805
8.338083744049072,-1.6990067681035763,-1.6629532687029245,-19.59151418788751,-0.09034417708777798,0.12415461915729173,-0.10765968032128223,-0.6772627031054795,0.00311933079993551,0.26025984350781495,0.00013611683728772682,-3.1409376736233443,-0.00021983982027750702
8.348120212554932,-2.1007835701936477,-1.7348614006451681,-19.658709389687836,-0.08699453981223197,0.11896190547142377,-0.0957911407868135,-0.6772655697572714,0.0031161685997693244,0.26028563812521865,0.0001868716811038575,-3.1409019673315646,-0.00017190613514613643
8.35823130607605,-1.6515381568346619,-1.6162348922730165,-19.629337190570233,-0.09004704221912345,0.12637786097921996,-0.10898688859744957,-0.6772681484863711,0.0031327269637193528,0.2603131362140423,9.712172917484902e-05,-3.140847182694087,-0.0002232323629807259
8.368170499801636,-1.8732947901556705,-1.722125179180048,-19.701064586795546,-0.08209821272434167,0.12017540598304596,-0.0966265367025353,-0.6772669414406564,0.003121672363360102,0.2602366881480636,2.6715300875130414e-05,-3.1409718658797594,-0.0001399888865912883
8.376117944717407,-1.9701457210722146,-1.8761543314806637,-19.75763880642622,-0.08087806604555076,0.11962589750666398,-0.10002136083621029,-0.6772766931140328,0.003126812562469269,0.26030511829491987,0.0001806118545900205,-3.1408219794058425,-0.000238124591259449
8.386068344116211,-1.914041342441549,-1.6557424266042584,-19.74236088684637,-0.08741669053280139,0.11953144816265084,-0.09860901133400961,-0.6772678902605203,0.003119557007586469,0.2602720274539768,9.073361452060292e-05,-3.140882970072482,-0.00013270228748422466
8.396127939224243,-1.817954148062986,-1.5434404285493144,-19.815082380146883,-0.08829138702335228,0.12121062323604766,-0.10143290443147253,-0.6772488325628289,0.0031316642028056535,0.26027406944135456,0.00010826934304594568,-3.140939603514544,-0.00018868923677385773
8.404089450836182,-1.752965600148715,-1.429043253968204,-19.791078138431985,-0.09347052828475125,0.12687408120177376,-0.1021318093122395,-0.6772725813896728,0.003135184082625761,0.2602671243449709,8.326956835135967e-05,-3.140886429641463,-0.00018433941523559038
8.4141526222229,-1.8480252108268886,-1.854008183975754,-19.81606163343389,-0.08517920756080037,0.12881718451413302,-0.10214722500741995,-0.6772806157915554,0.003129637831651653,0.26026265504174384,0.00011550129366707593,-3.140882768039461,-0.00019929023903612623
8.424116611480713,-1.8891280291822596,-1.6584914393858499,-19.721864614693583,-0.08688047473514665,0.12206960873489504,-0.09948545060900199,-0.6772620787123238,0.003121415610961551,0.2602496841478936,6.513224178388131e-05,-3.1409395696828404,-0.00016256220703918695
8.434093952178955,-1.6089642772639106,-1.4488702882212627,-19.70221301812602,-0.08777087803944372,0.12908694746495963,-0.10031993349447295,-0.6772608119994911,0.0030963446950573945,0.2602583138436866,0.0002074082308137187,-3.140928262529172,-0.0001776974196409772
8.444045066833496,-1.40775242679641,-1.4079632039902434,-19.59540680389904,-0.09178972280588031,0.13514486769587541,-0.10315322509714603,-0.6772692989815271,0.0031313405658777533,0.2602858365562838,5.794644311981198e-05,-3.140907248856474,-0.00017789432921535702
8.45408821105957,-1.7220155751545319,-1.6901066615417177,-19.76180518364385,-0.08383458694843916,0.12663250993053296,-0.10429230885572319,-0.6772713495989223,0.0031463684975309106,0.26024202180433853,7.113574462837367e-05,-3.140940883686921,-0.00017366125913541343
8.464097261428833,-1.7673228824244698,-1.6838321510947762,-19.801274650458915,-0.0843455663226414,0.12914155320454812,-0.10286030818345254,-0.6772751226805523,0.003126121630595947,0.2603025126040889,0.00013428937924980233,-3.140877849109006,-0.00021346226634338112
8.474081993103027,-1.7042140738191431,-1.6582258523349478,-19.76058193481979,-0.08967015308104309,0.1328389513977287,-0.10595241418715205,-0.677261612865413,0.003124768773722876,0.26024405306706294,6.686176081176127e-05,-3.140929752350345,-0.00013887426770037303
8.482038736343384,-1.69298017410071,-1.5197755849001464,-19.805129460288477,-0.08753514412706075,0.13045586313133653,-0.10784168602046836,-0.6772701079851262,0.003145765188001752,0.2602466330793801,7.791941002969458e-05,-3.140933653482018,-0.0002164865177401606
8.492162704467773,-1.921740262074267,-1.9242921988167567,-19.698076490942366,-0.07633974780384045,0.12865724739118348,-0.09926316478979978,-0.6772708280035863,0.00313366860227704,0.26024044840082095,-5.108642077335514e-06,-3.140934757755413,-0.00020151085476832867
8.500106811523438,-2.0293751841325562,-1.5198221111956818,-19.72957727440725,-0.0858676860895166,0.12463356368441067,-0.10729228248596537,-0.6772683160774202,0.003132816396221502,0.26026418278097874,0.00018342211321814382,-3.1409115782935797,-0.0001831890825772132
8.510068893432617,-1.756076605795064,-1.518316601775164,-19.669111310995273,-0.09130209542790303,0.13240258030079569,-0.10344290452027836,-0.6772608754912204,0.0031177612387421377,0.26026769145241346,0.0001546592385345347,-3.140939864315192,-0.000200116789244376
8.520061254501343,-1.9161215432300152,-1.613433728932844,-19.767137458123244,-0.09109714099202831,0.12765672254229601,-0.10212756506195096,-0.6772675713990068,0.003124903394219064,0.26025141305798516,6.53703813030163e-05,-3.140913969752358,-0.00020820168205757227
8.52820086479187,-1.7845710392815324,-1.7753264595402585,-19.788409776443284,-0.08673565846132583,0.13109766134537534,-0.09783777725714071,-0.6772706644938007,0.0031283402150583902,0.26027589376177346,0.00011741155620778265,-3.14089780852034,-0.00017545982604354345
8.536070108413696,-1.8309927332929183,-1.7783903429017642,-19.830354752951724,-0.07995036478155149,0.1297724480357946,-0.10498705807218174,-0.6772628743164711,0.003140063862346487,0.2602585473534386,0.00013545955638055571,-3.1409283746197705,-0.00015175886349816505
8.544090270996094,-1.6428129570745214,-1.7894134948423241,-19.790656392417187,-0.07869782924986465,0.13547774941601684,-0.09932873960727456,-0.6772712790503316,0.003136320278290066,0.26023034511269155,7.605049464965008e-05,-3.14098365206382,-0.00012862311177547504
8.552221775054932,-1.7081776437005105,-1.844802680519955,-19.73576151186178,-0.07691437900554496,0.1372942023453563,-0.10440517811867663,-0.6772560814855789,0.0031156906104641852,0.2602616172481846,0.00015880365372175477,-3.1409806346292917,-0.0001542097528816665
8.560393333435059,-1.8818989536507011,-1.615780676078244,-19.877407480707017,-0.08558348136930854,0.1353129358855742,-0.10142040336100945,-0.6772447762911206,0.00311183875125057,0.2602330332723935,8.509648067083824e-05,-3.1410063304580422,-0.0001379491180081157
8.56997299194336,-1.2890139646390675,-1.5456564074218448,-19.74649124258755,-0.08929990495688829,0.15372218311056948,-0.1115181934127886,-0.6772596325871749,0.003091112919136138,0.2602575976405624,0.00019345929317027668,-3.140962841622121,-8.72387902427244e-05
8.578153610229492,-1.7446124190985992,-1.6767574781037755,-19.80816979265119,-0.08467298008469984,0.14385319468566124,-0.10437413823437856,-0.677272681462852,0.0031003415726082975,0.26027736670603,0.00014410616677499596,-3.1409137581670405,-0.00017040045771061916
8.587941646575928,-2.1270589288954547,-1.8813493891768935,-19.865260382575674,-0.08153053449361769,0.14179467124001363,-0.09801010867630894,-0.6772533590311639,0.003094406629230916,0.2602450643114693,0.00021373276581129546,-3.140990535700223,-0.00015083845645691657
8.596071481704712,-1.9310107106114662,-1.714933468520347,-19.96116152049073,-0.08123501103065112,0.14816200287067657,-0.0983000009513685,-0.6772558781204208,0.003131762767331549,0.2602715751277233,9.634711526835048e-05,-3.140929705239684,-0.00017048111869560738
8.60408329963684,-1.5849526622498862,-1.7483986448861217,-19.78160876627304,-0.08000940070923139,0.1514922227442053,-0.10542777592138831,-0.6772598712332005,0.0031059993947127346,0.2602557247763267,0.00014819313173533948,-3.1409974069148183,-0.00017711508234453024
8.612154483795166,-2.306213750209678,-1.5466999915422348,-19.788653160783568,-0.08255882553283543,0.1387746812227313,-0.09762179652000058,-0.6772624517853236,0.00313357237258517,0.26025656809218184,4.532056562687998e-05,-3.140955027781743,-0.00016921294685477947
8.6201491355896,-2.087455801334265,-1.4007784915033787,-19.704598200644355,-0.08531526383163526,0.15115854591299133,-0.10804424255236242,-0.6772711273995606,0.0031190124668967916,0.2602068723896266,0.00017335826944052515,-3.1410255715773223,-0.00011277037133404022
8.628054857254028,-1.9144396346644117,-1.4898658860320348,-19.776641647846276,-0.08166881627865093,0.1527217244624952,-0.10024035892204902,-0.6772669155186525,0.0031147915164298325,0.260226384150428,0.00011016760722958632,-3.1410252252946997,-0.00018714091923294852
8.636133909225464,-2.21321210800573,-1.6456427972417111,-19.853811081777362,-0.08302360966932146,0.15383518534985738,-0.09888290201919042,-0.677280764132937,0.003141904007464111,0.2602858967159375,7.629084300439607e-05,-3.14086671433996,-0.00022375132190936397
8.644137620925903,-2.212318995433878,-1.6075187615857067,-19.949344061453438,-0.08429918654903784,0.15527697815286495,-0.1001446769823223,-0.677272403434632,0.0031038093888305727,0.2603078883792719,0.00012359525173376472,-3.1408290482617183,-0.00020295234525283113
8.65209174156189,-2.1417504192933516,-1.3492406601814537,-19.6285425811859,-0.09273960295820587,0.1599212663953693,-0.10088681878043923,-0.6772499206699263,0.003105067234038732,0.26021705347122176,0.00017974675559394423,-3.141062254409211,-0.00012315799510410135
8.66010856628418,-1.9768579296184892,-1.800101294563812,-19.859405726901972,-0.07596023506238238,0.16184385156593442,-0.10115004419373129,-0.6772428114148761,0.0031390161062267914,0.26025989772347635,9.370536041853757e-05,-3.1409952986863945,-0.00016316354671297553
8.66821026802063,-1.9905736395320057,-1.6586158968183475,-19.722974333589427,-0.0721121824037925,0.1619604671236159,-0.10355785890700872,-0.6772502053400545,0.0030975662250185263,0.26021276101920066,0.00017388577690908465,-3.141054669390771,-5.750757922229859e-05
8.678080320358276,-1.9524677918412126,-1.491677556425366,-19.707741002293567,-0.07951506631662,0.16597730165282806,-0.10309178281460273,-0.6772466903152587,0.003091633642898147,0.260218023648025,0.00019470171076675253,-3.1410629606940756,-6.94126406138845e-05
8.688122987747192,-2.3473612183981256,-1.7419739562998116,-19.680880012493002,-0.07661540071542576,0.15670744559034683,-0.09975793572907385,-0.6772617348065908,0.0031004237649648403,0.26023396669316495,0.00014818695796591652,-3.141025657331568,-7.394668806709737e-05
8.698088645935059,-1.9430451134048399,-1.7069131294627873,-19.676549073145225,-0.07414824299348496,0.16417247274174904,-0.10204146877843003,-0.6772569039361336,0.0031113702890716547,0.2602304126821039,0.00010855939732715317,-3.141037572657706,-0.0001617636287286163
8.706056833267212,-1.8641166668058036,-1.4242349178122136,-19.86019151062323,-0.08490803099793272,0.16789379313802147,-0.10604102212548783,-0.6772628502659538,0.0031046785373183413,0.2602302337794278,0.00018572592619264735,-3.1410317236440637,-0.00021717500452545714
8.716066837310791,-1.6713138433014008,-1.5162814280561514,-19.77399155783037,-0.08184369574679433,0.17515309017568922,-0.1070553953496593,-0.6772471748454845,0.003123052030704584,0.2602384403225393,0.00014216738519599268,-3.1410432179295036,-0.00016685954017154508
8.726119756698608,-2.040026061335325,-1.5449261092486006,-19.829741263271345,-0.08300290472492369,0.16161869392121286,-0.09927228373115833,-0.6772519688621333,0.0031147309957115224,0.26025519724043306,0.00015438058927967648,-3.14099121054671,-0.00016448822004052946
8.734129667282104,-1.9582418240277728,-1.6312697488750139,-19.91068216366761,-0.07897668570268249,0.15883719382235292,-0.10680535378762217,-0.677264928183858,0.003125520212651375,0.26024024329457973,5.2802045998777094e-05,-3.140977133515666,-0.00012383397092216445
8.742093563079834,-2.0639136290240083,-1.9449913563260501,-19.596186367335275,-0.06917661331912317,0.15950342124351244,-0.10440720106684233,-0.6772406203443845,0.0031191009930026823,0.2602352398199175,0.00017275258309025734,-3.141067810083359,-0.000199448358961962
8.752127885818481,-1.8213653620618735,-1.6798676660370018,-19.732138508737144,-0.07601179179018087,0.164710241062563,-0.10552527469290963,-0.677267875798309,0.0031225461693801257,0.26024078763691355,7.032513871941997e-05,-3.1410061799203954,-8.791763438027118e-05
8.760085582733154,-1.808435027227523,-1.4642413920960344,-19.675487078734786,-0.08200215650532199,0.16945172304640707,-0.10197014892307163,-0.677251986454064,0.003131270982581776,0.26023991310282535,0.00011662066194955025,-3.141038213184337,-0.00010892476796832241
8.768125057220459,-1.8626002156225039,-1.8143778943471174,-19.698181968329983,-0.07438628828617595,0.16618132987553036,-0.10108556344728618,-0.6772536085037475,0.0031248062908804833,0.26025673475524846,5.20751043972872e-05,-3.141018474034932,-8.938862289039227e-05
8.778140306472778,-1.9484247949513607,-1.567369087791356,-19.63320793988063,-0.08027978161531213,0.16335017055340748,-0.10363261614297303,-0.6772672340858003,0.0030974289311412185,0.2602426549775407,0.00016910550309178453,-3.1410157796391185,-0.00019031440007120817
8.7881498336792,-2.3205732760732705,-1.749892753002541,-19.63521163662828,-0.07300403364144939,0.15295507595839075,-0.09851096695983827,-0.6772669797746681,0.003113882357840867,0.2603069033466964,0.0001308097415024467,-3.1409190610561795,-0.00022172149322126697
8.79606294631958,-2.3398457128459245,-1.6202440708645285,-19.700008606170137,-0.08035166696953563,0.1524864900910962,-0.1002528731341684,-0.6772557613010521,0.003144169721741184,0.26025408213313794,-6.282129865647955e-06,-3.1410203275655473,-0.0001629155531971299
8.804106950759888,-2.2169120140705436,-1.9260216801121137,-19.80445924188987,-0.06764475712756259,0.15814665015127133,-0.09979631784667498,-0.6772390359031752,0.0031064651694629143,0.26023514138236453,0.00015936584647454973,-3.1410585488839113,-0.00013587597910596604
8.812129735946655,-2.076141017180189,-1.419209760128502,-19.838189837385116,-0.08269526974290071,0.15992157165081014,-0.1043718805733137,-0.6772464784847065,0.0031229154974225385,0.2602196180630708,0.00012232299895617452,-3.1410400070435,-7.673328683249866e-05
8.820192337036133,-1.9454814232573236,-1.6472488719302205,-19.844652083375756,-0.08010357160129508,0.1621431357563868,-0.10459308733092852,-0.6772458883092614,0.0031109817041956507,0.2602790349804712,0.0001417020013728564,-3.1410112055434602,-0.00011784415178563016
8.828223705291748,-2.1092329012287676,-1.8708146874381033,-19.865329194854706,-0.07300213456833468,0.15854559961174208,-0.09944291119049381,-0.6772587867918239,0.0031112492742805505,0.2602303965952247,8.560149920552782e-05,-3.1410131371275796,-0.00013132644592613382
8.836103916168213,-2.0225866843747387,-1.7061133115167433,-19.957479609826336,-0.07512912076988419,0.1636845810297929,-0.097909741584017,-0.6772611617513239,0.0030874287682727923,0.26026639506554006,0.0002769235370426531,-3.1409878806012306,-0.00023987283976870634
8.84415602684021,-1.7380590854709208,-1.551503124591098,-19.841835343914067,-0.07454261421456751,0.17011445588025972,-0.10376680017307985,-0.677248476503168,0.0031055568480858483,0.26023663406403436,8.409888716717453e-05,-3.1410746310088786,-0.00013087237036000406
8.854111909866333,-2.2800340907521957,-1.4222833046493226,-19.649542141455957,-0.08033024646884285,0.16131733023055345,-0.10301310515104221,-0.6772509398582683,0.0031105283658324945,0.26025469536008544,0.00023177035681680328,-3.14097435894983,-0.00018893450065689604
8.864126443862915,-1.8065772390316,-1.493107682785928,-19.808649801425318,-0.08173910398597961,0.17367146466073333,-0.09605742722339994,-0.6772596412826078,0.0031214284404722076,0.26025302367681236,0.00012157879347803937,-3.1410373198166877,-0.00022937887798790785
8.874118089675903,-2.30708834797752,-1.5415711524479228,-19.759524880055874,-0.07784184538335667,0.16326849919561792,-0.10439697591508712,-0.6772632688990066,0.003115435212041036,0.26025274431360385,0.00011539274123996429,-3.140981592475712,-9.580490122174726e-05
8.88414454460144,-1.8069765215909956,-1.4813475676078685,-19.767059104889363,-0.08126947054056863,0.1740071189123353,-0.10350489194641305,-0.6772631085465703,0.003130946409276444,0.2602331253750809,2.0267000074275287e-05,-3.1410192992304435,-0.00015543490013417827
8.892141580581665,-2.430702422114955,-1.7625683121409255,-19.713160053857607,-0.07004976305672461,0.16441208621628053,-0.09700366529471902,-0.6772703697407141,0.0031125194497428057,0.2602420265088953,5.163659658370055e-05,-3.1410021853717702,-0.0001472712339482314
8.902092695236206,-2.176846814485554,-1.6134831767483118,-19.603456912263674,-0.07933289270797755,0.1747312836220964,-0.10757521968534416,-0.6772552522781339,0.0031195402569502042,0.26025795884348923,0.00011013395324579572,-3.140988920444414,-0.0001843753122022446
8.912169694900513,-2.3347880085501567,-1.6849166055462832,-19.66767178272765,-0.0726990954706589,0.17493238870836422,-0.098625194020762,-0.6772511126770844,0.0031187995093887276,0.26028411861318135,4.515224946426237e-05,-3.1409934536313493,-0.00013808797329149618
8.92014455795288,-2.140921707360842,-1.4897677551237571,-19.820502009013342,-0.0718422010205157,0.18369830776006846,-0.10399715935957997,-0.6772572639368145,0.0030973529046563687,0.26026888330029835,0.00016086627389915416,-3.140983734004809,-0.0001861461225246635
8.930152416229248,-2.138931494402538,-1.4461692603818093,-19.75645868125851,-0.08062571101444516,0.1820675804977852,-0.10237340179035484,-0.6772534045106013,0.003137356162675438,0.2602482401090633,1.9822999506475525e-05,-3.140979583769002,-0.00012303000659830138
8.940131902694702,-2.2085547116004878,-1.501330108781686,-19.552434918461586,-0.07813372683177014,0.180662673371906,-0.10231868862985273,-0.6772476559428061,0.003104514114339046,0.26023419366706246,0.00010807859155383637,-3.1410746951136583,-7.122467453606253e-05
8.950093030929565,-2.524206373855376,-1.6511355381101738,-19.622464112201808,-0.07527960020541052,0.1740598605135057,-0.10234374450700226,-0.6772492218078772,0.003139737568876712,0.26023742420017876,6.35427761391535e-05,-3.1410382073248626,-0.00010886594238112643
8.960129022598267,-2.0234719378413923,-1.6573083545289007,-19.563270889657705,-0.07456705099828827,0.18382402443070775,-0.10648444865068683,-0.6772611692065216,0.0031130483527252806,0.26032179495265906,0.0001017956734652274,-3.140883607633216,-0.0001780528678670964
8.968080282211304,-2.2516071448130623,-1.4265227221373993,-19.731056812275337,-0.0755414462788957,0.1784401964458814,-0.09926087707134185,-0.6772547767094684,0.003128041684993884,0.26027471147099435,7.092250937734175e-05,-3.1409809229925054,-0.00014889473292637427
8.976144552230835,-2.293095330898312,-1.848818371806058,-19.648203725547383,-0.06888749589529854,0.181039726479834,-0.09884259383515753,-0.677238513713596,0.003118829876355188,0.260266895011514,9.654158353260252e-05,-3.1410002276337217,-0.00014250248144793122
8.984111785888672,-2.188918565252308,-1.3611782543042317,-19.572610440601,-0.08221187269696205,0.18564668485750382,-0.10056372192846771,-0.6772586278817908,0.0031192238251788796,0.2602398431176778,0.00010110643362338774,-3.141018631466137,-0.00018929766041138476
8.992114067077637,-1.868249504829382,-1.507224029117966,-19.65705352795431,-0.08069901838905214,0.1895078178798473,-0.10925080300655707,-0.6772657216652669,0.0031141135927044666,0.26026904345206003,0.00016631313327936182,-3.140960658298343,-0.0002470659532054872
9.000144004821777,-2.064131429376423,-1.3158017719968595,-19.58910276844497,-0.08331156554098763,0.18668827415158182,-0.10614295931298218,-0.6772585933647528,0.003105596691120019,0.26022373148667466,0.00013610067031403475,-3.1410595906764653,-0.00015472251734306751
9.010099411010742,-2.1985414827315855,-1.6088013443682132,-19.64332350998587,-0.0772006004754581,0.18261526735910802,-0.10449467589966226,-0.677254847847578,0.003095679209027492,0.260267050011157,0.0001739928525889868,-3.141015940675784,-0.00015678499456457605
9.020162105560303,-1.9153448829403301,-1.4428897511494596,-19.590318109325096,-0.08106250626511603,0.18648073706243387,-0.1034158760434972,-0.6772655085974487,0.003104605244067904,0.2602513402849065,0.00017361093404276345,-3.1409990924477826,-0.00013610419077201077
9.028255939483643,-2.2718782252506093,-1.3792258008253684,-19.737661931636566,-0.07856379676103402,0.18084425637045481,-0.10612648807333566,-0.6772549164597443,0.0031409586429200125,0.260266400175,-1.1765450701675333e-06,-3.1410090420179406,-0.00011848753807124668
9.03605604171753,-2.019128968488238,-1.25252500460609,-19.695712960785084,-0.08220215358597335,0.18734264881566112,-0.106140260312553,-0.6772620259130856,0.003135522180241921,0.26024606802607797,0.00013502814414006673,-3.1410430583448754,-0.00014119336123414564
9.044276237487793,-2.387874210082213,-1.969873315806626,-19.78527188163693,-0.06767683850893505,0.18258132709564237,-0.09945364111177106,-0.6772524492679314,0.003141982478299217,0.2602658609342022,4.944329552637297e-05,-3.1409767136577913,-0.00010275122349739069
9.052115201950073,-2.1763740333242243,-1.5212072281096665,-19.860365185841037,-0.07600075367622082,0.18562989790245638,-0.10549314864954792,-0.6772552193446053,0.0031078464641897843,0.2602327656212834,0.00014727247302037094,-3.1410532448014012,-0.00015222196959691924
9.06002950668335,-2.4225237085876006,-1.5782401643939632,-19.74245098004798,-0.07427231522538201,0.17846343146787436,-0.09714296723963446,-0.677258430974921,0.0031379477047086294,0.2602918372754278,0.00011662163040162353,-3.140948280535899,-0.0001763192117908576
9.069947242736816,-2.2438450198226616,-1.4586046085804867,-19.641377165965334,-0.07882563288017352,0.181022811448323,-0.10311899139891695,-0.677258370887113,0.0031295442445290348,0.26022621637420057,0.00011521111503247811,-3.1410483422564823,-0.00013924179126767927
9.078095197677612,-2.3688162068144503,-1.3939044504638882,-19.707320074826626,-0.07857696081088564,0.18109852957109512,-0.10216502925285878,-0.6772661965261824,0.003113966856828687,0.26031146574166897,0.00011644170494836873,-3.1409182290978803,-0.00012881650739039342
9.086180210113525,-2.2165529101525614,-1.4566958631391056,-19.637184806177547,-0.07434023333093163,0.18117579321222074,-0.1070081883637203,-0.6772564930138855,0.003133940419324235,0.2602565992625714,2.1188558862236637e-05,-3.1410326282317937,-0.00013765036446666321
9.094029426574707,-2.362498284867929,-1.5176881993549607,-19.715061250280428,-0.07733469057435302,0.18083270535149581,-0.1041332245318011,-0.6772552992794265,0.0031089506578462736,0.26023945067157683,7.82168870173801e-05,-3.141050928691368,-9.342017018058526e-05
9.10211181640625,-2.1505498176362616,-1.50865970522437,-19.690912172543808,-0.08206844042439565,0.18613145566331285,-0.10426281516268066,-0.6772494020662573,0.0031243518595760757,0.2602623943771359,9.071033903552489e-05,-3.141043780538829,-0.00017918557923322272
9.109927892684937,-1.936854731825198,-1.4192943798888047,-19.586039461988253,-0.0800523982803666,0.19225089593933709,-0.10471373509366332,-0.6772553074251946,0.0030822930863856463,0.2602326191345886,0.00016302280822235615,-3.141051940836909,-0.0001571888297025342
9.117937564849854,-2.182653106152148,-1.359946226410393,-19.60970035965828,-0.085293313635318,0.18449129253676408,-0.10778044614414313,-0.6772444182855039,0.0031237646426097764,0.26028212118672656,0.00012853625969365634,-3.1409853596430093,-0.0001596943212285719
9.12592625617981,-1.986678658041716,-1.31247282880359,-19.763773821740784,-0.08303029189967885,0.1896611108016786,-0.10208468658089238,-0.6772641273151255,0.003143642312252479,0.26027189065029177,2.432243856768165e-05,-3.1409873300148696,-0.00013777199574019702
9.133952379226685,-2.1896258253766425,-1.7337597972320666,-19.883847173457728,-0.0708190292231994,0.18507649103763502,-0.09972046250324082,-0.6772661797608688,0.003136249012520104,0.26027020682597735,0.0001470613482775972,-3.140999517970664,-0.000234785525546389
9.141885042190552,-2.410509198649188,-1.6362361554918379,-19.710359020998798,-0.0734160163786684,0.17818453571685822,-0.09555507840937415,-0.6772533666030853,0.003102541475012937,0.2602387954200293,0.00013597600682821963,-3.141048873879735,-0.00012690446129050908
9.149920225143433,-2.0583396316818163,-1.5231141927473,-19.773193999048924,-0.07450324695471151,0.1835185672914793,-0.10618741305458415,-0.6772460782497969,0.003120151272773565,0.26025772972978956,0.00011500075428584876,-3.141028716442172,-0.00016477625663511834
9.158003807067871,-2.387893896241254,-1.7187381480042623,-19.797485041420707,-0.07184924892454675,0.17807298143159297,-0.0988643835800883,-0.6772527803856364,0.0030943650721322008,0.2602736017147699,0.00012274000435181132,-3.141035148349658,-0.00018205278306094092
9.167995929718018,-2.362715135164866,-1.525230832722173,-19.891284867951295,-0.07803378600620707,0.17802592343354962,-0.10248061975471465,-0.677256264797763,0.00311208219540982,0.2602633960615735,0.00010305619314047636,-3.1410619423737693,-0.00013529437870580063
9.178086042404175,-2.2554679945129337,-1.72041333403682,-19.89103641979216,-0.07229334242492565,0.18306661180652248,-0.0992360014040455,-0.6772580000449521,0.003107794714547459,0.26024538535857045,0.00017182912653576383,-3.141043451723263,-0.0001860677305510041
9.186070919036865,-2.113217679949647,-1.6600057917869218,-19.818573289573063,-0.07808694549738587,0.18246981624684164,-0.0999234991822441,-0.6772432595676231,0.003107186837110264,0.26025170735959263,0.00013592825500698325,-3.141049577247115,-0.00023292427445510837
9.196103572845459,-2.138825177229174,-1.6306134707954072,-19.716539186112186,-0.07261587983925967,0.18119380692272194,-0.1022459283011027,-0.6772551217872604,0.0031268364356760157,0.260292517831684,9.652283546932455e-05,-3.1409447721555033,-0.0002323879527497606
9.206111669540405,-2.4162086904019002,-1.7709980602086413,-19.825659568439757,-0.07058284166229614,0.18043986824117267,-0.10347820371193296,-0.6772651557550955,0.0031356301980194935,0.2602900943105476,6.990492042542098e-05,-3.140959377757337,-6.281476257284212e-05
9.214060544967651,-2.3020577511025677,-1.4373959168606858,-19.7798408680791,-0.0753703379231556,0.18511767285238853,-0.10235022264613497,-0.6772565204775678,0.0031093807744221884,0.26026106211996386,0.00012812521206765322,-3.1410370494625024,-0.00013094585361081537
9.224248170852661,-1.885613808149299,-1.3609256391353834,-19.714639667490047,-0.08199172793960322,0.19124758198779926,-0.10497552247754473,-0.6772467904947752,0.0031458558615017162,0.26023374807340843,0.00010654895375313094,-3.1410835486017374,-0.00014715155845767611
9.232092380523682,-2.4385585291829037,-1.7140083581477918,-19.86938321286702,-0.07648466489493463,0.18004865033091885,-0.1040803519596499,-0.67725574332817,0.0031078203933148072,0.2602227672194169,0.0002048454322208047,-3.1410731270253285,-9.768772446970947e-05
9.241995096206665,-2.1248430015492734,-1.6847892926339936,-19.817945501259306,-0.0698837562187926,0.18618314731384614,-0.10055149472110253,-0.6772463249466605,0.003137894401212881,0.26026430761021935,5.321932722216331e-05,-3.1410459040442693,-0.0001471827643207463
9.250154733657837,-2.2985555843880414,-1.3508685075915485,-19.870781624360003,-0.08414477464671519,0.18318001546596693,-0.1075542168963004,-0.6772518389952592,0.0031002131903640315,0.26025454929568886,0.0002259583337117713,-3.141072205675156,-8.682831194319484e-05
9.260134935379028,-2.241388948931324,-1.7284891929522053,-19.817996779390544,-0.06968293891854359,0.18732878665600192,-0.10684251903316695,-0.6772500449545923,0.003103391909059048,0.2602969215035671,0.00018707097669628576,-3.1409458890942497,-0.0001846520362630278
9.270147323608398,-2.1484930412177157,-1.565921874332413,-19.61013272900248,-0.07391224125521903,0.18552862627357009,-0.10409206554396667,-0.6772574469044934,0.00312479871013503,0.26026821192350447,0.000116736868904754,-3.140977279314518,-0.00013626335602795513
9.28012990951538,-2.394353289497908,-1.7738466572375318,-19.736689503768957,-0.07512275409618324,0.17657402833575206,-0.10548262251370939,-0.6772496331412049,0.0031118791202415087,0.2602466218664552,0.00011012229207236982,-3.141072756604766,-0.00015070735119201626
9.290163040161133,-2.5002535449795875,-1.7501041501192258,-19.661476125984375,-0.06735957345438755,0.18088419140621326,-0.10058542573483037,-0.6772452313958873,0.003109621478060765,0.26020637562279647,0.0001147595130234088,-3.141127739865627,-6.094314158491621e-05
9.300091743469238,-2.273850063201545,-1.5973684539456772,-19.83518041674087,-0.07839982553310071,0.18176800269289017,-0.10256746754378085,-0.6772533522729286,0.0031403830368725866,0.26026017118014944,9.324031829465492e-05,-3.141018024538064,-0.00014231921594040235
9.310200214385986,-2.2834666771145122,-1.684155512498562,-19.69623946213983,-0.070972690331984,0.18258129632814343,-0.10116765755173449,-0.6772565229172719,0.003107373535734171,0.2602409531741626,0.000186713799625401,-3.141052402063586,-6.39753203600487e-05
9.320220470428467,-2.0799167471457913,-1.4247048986241992,-19.74375335678737,-0.07790363539844919,0.1851370793491865,-0.10483978238392754,-0.6772705529809785,0.003114662717445711,0.2602647296257572,0.00011512316267503099,-3.1409798934295923,-0.00018747300814987957
9.328101396560669,-1.7750176413501348,-1.5259082232300913,-19.8408122109618,-0.07903097282391408,0.1916128620431323,-0.1079231194779271,-0.6772498897675769,0.0031232704937838034,0.2602617436296175,2.6500880749204424e-05,-3.141025342795703,-0.00012083368216195571
9.338178873062134,-2.3305335390654087,-1.4829057404666797,-19.894986246635696,-0.07747513170486942,0.1848598452369481,-0.10382051966297061,-0.6772609053902837,0.0031022486796205575,0.26026491653127604,0.00020053582533948583,-3.1409863322424916,-0.0001639434603130502
9.34814167022705,-2.4651296027028153,-1.4961091372622008,-19.750553225660823,-0.08188960762666854,0.18019750557483596,-0.10560188731262897,-0.6772515421755027,0.0031091516900474503,0.26024416676388923,0.00012110530179475284,-3.141092873986713,-0.00012521689408090538
9.356131315231323,-2.5259788894988944,-1.7496307103237685,-19.974030769663088,-0.07289827315092307,0.18149399963486773,-0.09951146811590114,-0.6772574158581282,0.003125635036210528,0.2602655622021651,0.00011464260420426387,-3.141025969013623,-8.716948385425047e-05
9.36418890953064,-2.172124138343326,-1.7640429350066715,-19.912467273001205,-0.07281317288268532,0.18556858082259908,-0.10777398309742384,-0.6772401511981174,0.003131979680921013,0.2602516000772161,0.00010707896318805459,-3.1410780321969165,-0.00012991100296208815
9.372123718261719,-2.3528653300853626,-1.583482738647546,-19.692153239335745,-0.07385422799773732,0.18147331736272326,-0.09971130692049589,-0.6772505694811054,0.0030976405842540362,0.2602596546786613,0.00014055738699295762,-3.1410702819343497,-0.00013253649690577176
9.38220739364624,-2.3697832359404742,-1.479525159080383,-19.863334715473904,-0.07679092308713034,0.18307298097150432,-0.10193233914632956,-0.6772623238802514,0.003102477986883648,0.26028505551685627,0.00019218534019244034,-3.1409599316391454,-0.0001610965354064239
9.39214277267456,-2.1999966811241376,-1.6661202846259286,-19.797544661857152,-0.07623990808662597,0.18990899101868602,-0.10844408366368649,-0.6772592410742556,0.0031172536382510128,0.2602894647051362,0.00014921482857996576,-3.1409830183414686,-0.00023325626448522448
9.400075435638428,-2.131828882216594,-1.6507109989498463,-19.855507293963427,-0.07439775973210717,0.18773770819355595,-0.09985207146871569,-0.6772548410850502,0.003102037965550845,0.2602691001091772,0.00017289175013586553,-3.141038033910205,-0.0001169547961157479
9.408125400543213,-2.4211340013777027,-1.7468801911747642,-19.78957901051446,-0.07237350647451685,0.18132345167628022,-0.10042876114715948,-0.6772489864255294,0.0031427460422615372,0.2602590017052211,0.0001461996339663102,-3.141045386771106,-0.00020006717385565557
9.416178703308105,-2.392625271895107,-1.4627508782951844,-19.756773583235564,-0.07881521763762687,0.18084560463192742,-0.10164187044776472,-0.6772519075265335,0.0031133452706867282,0.26026189067375655,0.0001196559830497567,-3.1410609205742217,-0.0001546618089983258
9.426130294799805,-2.037844271863215,-1.5053234603695058,-19.71262727858633,-0.07531346721067732,0.18884026159079742,-0.10927812103197439,-0.6772712194510109,0.0031104013474850902,0.260276311684498,0.00014949334250850452,-3.1409631749791878,-0.00013867223798621947
9.436058521270752,-2.1390090188292246,-1.4858361014154344,-19.75985715353088,-0.07837063315307456,0.18464171604573082,-0.10492415628632297,-0.6772445824757886,0.0031008300541063324,0.2602314366151891,0.00020462307786619797,-3.1410845881483667,-1.9904925269082958e-05
9.444162368774414,-2.182977148760351,-1.5031642014993196,-19.827371503399004,-0.07538248551117618,0.1852677802994266,-0.10245539746296961,-0.6772562419591145,0.0031098987538741418,0.2602638924107734,0.00014101926489998372,-3.1410263586428324,-0.0002405700366762293
9.45223617553711,-2.3387752643104744,-1.5126137110666427,-19.79144005668217,-0.0746845241682075,0.18273871708995731,-0.10547276540779096,-0.6772456672852882,0.0031037633216900516,0.26025762669651886,0.00013356262043029258,-3.141036842829501,-7.813105720920244e-05
9.462133407592773,-2.1716842114420487,-1.126057929742961,-19.72987140030248,-0.08456446267037224,0.1859507752814478,-0.10373363563229862,-0.6772571158941745,0.003113323457801569,0.2602827981523739,0.0001536745548769175,-3.141000270610405,-0.00024907430619685873
9.472119808197021,-2.3129569773790837,-1.2817228538078413,-19.89048566976324,-0.08211299428370003,0.1776086671759719,-0.10489600494329572,-0.6772663644684258,0.0030994165086686005,0.2602833078371915,0.0001624161964179462,-3.1409436929001004,-0.0001662570705667182
9.48213243484497,-2.3819152216191912,-1.5151784736211182,-20.023645727902473,-0.07627877450237651,0.16698177583972787,-0.10329191057722102,-0.6772498674333304,0.003166062646322403,0.26022603986268417,1.0883638189194186e-05,-3.1411360456061956,-0.00013731907402373512
9.490131139755249,-1.6035639804307538,-1.543602807023166,-19.858755290568922,-0.07932801704722497,0.17702036503954308,-0.1071906318513024,-0.6772524550531673,0.0031281384382253804,0.26023521327615584,0.00013932934189848212,-3.1410913147269266,-0.00019823480758765434
9.498061418533325,-1.5523583662479137,-1.407937856919565,-19.94274969671529,-0.08464426328403155,0.16341779022610617,-0.1015923990337041,-0.6772699793113365,0.003059757218601507,0.26024269115146414,0.0002515363291708771,-3.1410624746444387,-0.00010139281712217503
9.506090879440308,-1.5425324680665322,-1.675536505602504,-20.392944232358527,-0.08500360613851438,0.12243303107987741,-0.10627988735765664,-0.6772592388298786,0.0031453317730013282,0.2602962314933645,0.00010624944139955754,-3.1410488301226636,-0.00015900038735513288
9.51621127128601,-0.2002299347867687,-1.512340155941553,-20.84207860945681,-0.10133210381849657,0.04607386234844173,-0.10395600110604007,-0.6772897162298209,0.0031377793770183586,0.260310704940419,7.431860985266776e-05,-3.1409663988804803,-0.00014054420663622477
9.524129152297974,-0.5376249884399591,-1.4135461654068298,-20.957021144736473,-0.11192884282799043,0.043397330863883414,-0.10741170714239408,-0.6772844023157275,0.003108468549228489,0.2603189627190329,0.00010762330007106328,-3.1409290557775056,-0.00010578547521934551
9.53206729888916,-0.8582791732284436,-1.3808112993755923,-21.05094221502299,-0.07892887756333261,0.07512466351306578,-0.10607541391888581,-0.677281609119366,0.003116288311027781,0.26031220086137064,0.00015080578590752865,-3.14102321783109,-0.0001147992669449898
9.54277515411377,-0.8391637223269914,-1.8197391999977723,-21.03881413457013,-0.09738064052476991,0.047109832661155905,-0.10300012002669519,-0.6772960037601661,0.0031260099371403795,0.2603280491745468,0.00016551025983130486,-3.1408868928885316,-0.0001851382665407966
9.552123546600342,-0.1850373987221029,-1.7034355123768692,-21.228016181608883,-0.09087975485274863,0.04136490909852388,-0.10233846067712536,-0.6772866913222675,0.0031458633826482603,0.260307238424201,0.00011773302252334681,-3.1409793717953565,-0.00017687598615757964
9.560067653656006,-0.771188516001807,-1.7900212778995852,-21.329043559427078,-0.09260201096961358,0.04061472043658624,-0.09696198287669974,-0.6772777415576112,0.0031268061037240647,0.26026336670685585,0.0001973706636985577,-3.1410417362938867,-0.00016108168320435077
9.567977666854858,-0.2295267733709242,-1.843864386891195,-21.08029246541988,-0.11855945941546843,0.0497850870595928,-0.10403448162898932,-0.6772875507265516,0.0031195251285998887,0.26031831641962494,0.00019045250235143532,-3.1409559561584466,-0.00021497948477150488
9.57815933227539,-0.43018193542551103,-1.7569644912169942,-21.096636833903975,-0.08969354148432819,0.028743448404699726,-0.09994883378510525,-0.6772815908688241,0.0031296748082964374,0.26027877400802574,8.761331467544553e-05,-3.1410437130561895,-0.0001415417748190197
9.586173295974731,-0.38312264277391883,-1.8399369487942006,-21.05378528615619,-0.09357866964939603,0.02905985149298851,-0.10410041085596129,-0.677280139865668,0.0031256340164595407,0.2602890152133788,6.98383238042609e-05,-3.14101558047091,-0.00018875552565917792
9.596033334732056,-0.43632508604240056,-1.5510779766731069,-21.05166591677698,-0.10150524578415808,0.015504884280724739,-0.1000320528922328,-0.6772809360039247,0.003127410820879346,0.2603380632004385,9.963806727644042e-05,-3.1409426293848814,-0.0001406483762669824
9.604147911071777,-0.21959995178825245,-1.6591408176351254,-21.22850812178846,-0.08393973738659116,0.023827445456292014,-0.10192780008976202,-0.6772850709574674,0.003130345190417105,0.26034191750719315,0.00020273751920701997,-3.1408940035931336,-0.0001898169601521952
9.61214280128479,-0.25337257619038456,-1.8874527102279095,-21.263602489812996,-0.09199800118586429,-0.0007915829002917393,-0.09996473718424226,-0.677281539777015,0.0031182608307476476,0.2603241691555509,0.00015841281947771653,-3.1409407659376973,-0.0002197867098352431
9.622223615646362,-0.3817813166509217,-1.670304734463977,-21.37007476122643,-0.11156032964897512,-0.013090449437859019,-0.10151194673553414,-0.67728195439163,0.0031377806980894866,0.260313610683202,2.3719136820967863e-05,-3.140947011036208,-0.00017260344367778439
9.630053520202637,0.0156327642329536,-2.127201660271309,-21.33871889089499,-0.09845813441186262,-0.007510656728899932,-0.09709536955646482,-0.6772928955835662,0.0031111316237576138,0.2602917575760616,0.00020524081812336978,-3.1409466035243017,-0.00016574532268488984
9.640145301818848,0.22031149012032913,-1.6332958766638628,-21.160937944673837,-0.10656447631673927,-0.021000273529783408,-0.09792588293856871,-0.6772924685540065,0.003110710294102221,0.26031904439364084,0.0001288121864416498,-3.140908323904161,-0.00021865393848865788
9.650130271911621,0.34617242304872625,-2.0527123281247293,-21.32204154358924,-0.09157957980339013,-0.01357518547279471,-0.09795114770794114,-0.6772904053031705,0.0031187143168567195,0.26031918997429004,4.486047418897302e-05,-3.1409144479656064,-0.0001761846781191389
9.658064126968384,-0.0062932186854309895,-1.7756100564835546,-21.26440718032378,-0.09108302419726394,-0.021389155290296172,-0.10799496448350392,-0.677287085772547,0.0031230928778271227,0.26029646897990655,0.0001579736688650212,-3.1409532811055203,-0.00017737371402618105
9.668118476867676,0.12203427126073263,-1.8994607861171409,-21.15535947794291,-0.0881009010843139,-0.024994917947292434,-0.10537982067891696,-0.6772957591019907,0.003118224550164446,0.2603139130964552,0.0001909032824763546,-3.1409133273173,-0.00013609538340358544
9.678228855133057,0.21373278863618556,-1.8010862322309962,-21.14003250097469,-0.0993408792334186,-0.0188309361949363,-0.10275666043779035,-0.6772917833834389,0.003137631054018552,0.2603187030822488,0.00013283107953201945,-3.1408844869131682,-0.00015902110583597076
9.686118841171265,0.3909676457832325,-1.45819400774553,-21.001886498816944,-0.11433129970946879,-0.01454372263085072,-0.11022826657894359,-0.6772779895980066,0.003136500632867177,0.26029489938104877,0.00010701011862140172,-3.1409686778556734,-0.00015862693443937794
9.696081399917603,0.3996618012352411,-1.6591773814207598,-21.11451910695785,-0.10634400418032734,-0.023308668512032702,-0.1048348756810154,-0.6772929975530457,0.0031071054701135577,0.2603369205390946,0.00028906394588062707,-3.140878182807108,-0.00022082906566118897
9.704119443893433,0.2776000893293227,-1.6905090060100831,-21.16604251575883,-0.10238311570898224,-0.030730146881364627,-0.09856488402347267,-0.6772820002241368,0.0031357105551792384,0.2603067063089801,0.0001605291715417815,-3.1409189964269353,-0.00020055548389972462
9.712120294570923,0.43082874415807365,-1.62137493372537,-21.137247987040485,-0.10846078800042175,-0.03249382788973856,-0.10119891019889478,-0.6772925850245141,0.003122195497530501,0.26030481516115944,0.00015888687826476634,-3.1409215543898945,-0.00020668908928229035
9.722179174423218,0.4956371237794518,-1.7977648586016197,-21.014739083925786,-0.09589197283216219,-0.045738159869615616,-0.09644890856895717,-0.6772963252831801,0.003099855305797487,0.2602976136380326,0.0001660818796639439,-3.1408932306856308,-0.00020872073033134246
9.732069730758667,0.6574063442628263,-1.7400650692037587,-21.101644714150257,-0.10683882548933726,-0.05553284690836053,-0.10335685859813362,-0.6772907275427393,0.0030933129772284275,0.26030542329625084,0.00021849571005429173,-3.1408877764124408,-0.0002173606157177949
9.742021799087524,0.6033250320631438,-1.6619485573356565,-21.082251766964028,-0.11497430759258345,-0.08420808857279821,-0.10035794783506588,-0.6772873900775808,0.0031136813585813192,0.2602885007129599,0.00011615997350693514,-3.140900659231267,-0.00023978860695907133
9.750069856643677,0.3715542840581524,-2.031625222938964,-21.018093227521575,-0.10208684878438617,-0.08731900312985977,-0.10150254704692115,-0.677281329142839,0.003156808547870478,0.26030282845701763,1.0447512817613737e-05,-3.140892753202379,-0.0002233293471192893
9.758131980895996,1.154612309516011,-1.8594008271756588,-20.991225104879813,-0.10665280703400562,-0.07621951809799543,-0.10355113246474656,-0.6772889185310497,0.0030992291042437644,0.26032592148885686,0.00014222213090591773,-3.1408506899510176,-0.00028279264923808877
9.768090963363647,0.7772543327693292,-1.5816465520748315,-21.158510023751287,-0.11023628740784876,-0.0890589133761328,-0.1043977584881464,-0.6772954545855763,0.0031476162921517245,0.26031086043032564,0.0001469294490755336,-3.1408458440413995,-0.0001903546007220949
9.778163433074951,0.9612124600065328,-1.6569368622473462,-20.888440091744755,-0.10352572278380331,-0.086919890267256,-0.10600216711610821,-0.6773030192392484,0.003096146070801881,0.26030741194297335,0.00020554646517713146,-3.1408267924366804,-0.00019636619528382704
9.788090229034424,0.99153646030574,-1.3338097428285465,-20.936260824444908,-0.11428018990773377,-0.09081465353901562,-0.1081150819809614,-0.6773041996582612,0.0031191218147695538,0.2602960506168233,0.00013393273712754712,-3.1408783188820926,-0.00013484971285729322
9.796085834503174,0.7406190956428629,-1.7174311736528716,-20.84347215380373,-0.11087114662210172,-0.09022021412962401,-0.10204373770481925,-0.6772819883628401,0.003123163720988067,0.2602999782880289,0.0001894272308903557,-3.1408960020842356,-0.00021463894130834007
9.804166555404663,0.38116430212317426,-1.7125221108061819,-20.96160242156989,-0.10963585506821191,-0.09827179543848248,-0.09786268591625316,-0.6772889884519976,0.003116458008946322,0.2603198035518629,0.00016648324729832837,-3.1408352105524155,-0.0002487135849666083
9.812126159667969,0.3080294480991352,-1.7987246238857904,-20.977455845977847,-0.10743444291920541,-0.09667612229844104,-0.10201512983018687,-0.6772834777850794,0.003122019863454811,0.260299275595885,0.00016139485060745232,-3.1408620218048755,-0.00021853819096333643
9.822022914886475,0.7846332534436555,-1.5698880835709934,-20.972344466917548,-0.11249232198182156,-0.08673239064475127,-0.09938490896558759,-0.6772849144323352,0.0031164197609069235,0.26028762875167344,0.00013397771300620767,-3.140914471423671,-0.0001895434191186102
9.832428693771362,0.946534018366949,-1.6569178393316348,-20.96055275580542,-0.10219534636083766,-0.08164975483541587,-0.10990200175865275,-0.677297631566031,0.0031308131937772556,0.2603182103316633,8.844205323931582e-05,-3.140839282397192,-0.00022610292832916866
9.842050075531006,0.6629769201443305,-1.8948631517855383,-21.02978560405066,-0.09787590033586978,-0.08805057352500895,-0.10007031625331556,-0.6772989558772062,0.003114995099444388,0.26029264152483544,0.00013463596391128608,-3.1408376968292364,-0.00019270754936484753
9.852118730545044,0.7289413772720237,-1.832235471823283,-21.18420983665903,-0.10245308126114352,-0.08907273397403333,-0.1052950077775314,-0.6772959320702192,0.003112676091322244,0.26031685770845736,0.00010972815243330704,-3.140820067758438,-0.0002581118122311184
9.862046957015991,0.7140714813244691,-2.118654411909618,-21.02805376453018,-0.09504904590688046,-0.08504418402340547,-0.09966924936687364,-0.6772784057724139,0.0031417740097759695,0.26033411777285553,4.396972859413408e-05,-3.1408005448540957,-0.00025058903200698296
9.872104167938232,0.7356314694260144,-1.7667718927586233,-20.91836115188464,-0.11240929957534157,-0.08662302494620124,-0.10974130731251408,-0.6772774162858685,0.0031276887280536326,0.26029273344752596,0.00022871904091491604,-3.140883473150761,-0.00017801381260208252
9.882125854492188,0.5211134765099377,-1.8573431730225312,-20.859363000699048,-0.09957998430633883,-0.09015328286375249,-0.1056923919922549,-0.6772759289968685,0.003125824711430977,0.26028945601024617,8.360610743827219e-05,-3.140879314097785,-0.00020596548131059447
9.89216923713684,1.0831783597232307,-1.7186320890797229,-20.54724142393893,-0.10499094343361134,-0.0828312094219138,-0.10225939981530978,-0.6773029573757573,0.0031245220784495605,0.2603350653545392,0.00013631424481868058,-3.1408111077913095,-0.00026126543140998846
9.902042388916016,0.9644301975852548,-1.6407077191367005,-20.913545614250225,-0.10049469706135788,-0.07432420432762038,-0.11101814967912521,-0.6772923065769181,0.0031300488323365142,0.260300211194462,0.00012017436039339311,-3.1408505319408713,-0.00017721293324628675
9.910064458847046,0.36631372925218825,-1.7418124364105696,-20.884152747104075,-0.10453020144155345,-0.09224888270827236,-0.10385849490137768,-0.6772883437958148,0.0031178424392098946,0.2603162448293155,0.00017877308454897016,-3.140816596161241,-0.00023318754873717423
9.91810917854309,0.6643110304055535,-2.0544284051339523,-21.010297557302028,-0.10312877564019254,-0.07995416484650184,-0.09986452215464912,-0.6772949387078964,0.0031260479266373375,0.2602944800834923,0.0001618245277364951,-3.1408220900374473,-0.00021218183492564005
9.92616891860962,0.992827937074719,-1.9542691424296847,-20.688751665329843,-0.10418437522397372,-0.08706405031197299,-0.10357978757184601,-0.6772915100399014,0.0031075941495194827,0.26029654828125165,0.00021194045709564655,-3.1408284675456084,-0.00023610405097178457
9.93611741065979,0.7904131184774135,-1.8543606221170497,-20.686062914129998,-0.11041472382902297,-0.09687442690407219,-0.10561298912017517,-0.6772859907168581,0.0031040757310639446,0.2602863482342078,0.00015382478963825433,-3.1408849854518177,-0.00017977910474544696
9.94419240951538,1.278528838983106,-1.5939275987920705,-20.608625432589932,-0.11067213251352583,-0.10769900398532346,-0.10925039547096457,-0.6772962354102031,0.0031160711628326755,0.2602706869287791,0.0001758699265582697,-3.1408726734532046,-0.00017677159716724956
9.95210886001587,1.6449092053356924,-1.526045399289567,-20.70334475601994,-0.11687981536686239,-0.1535160872719697,-0.10541638050625103,-0.6772848035184355,0.0031560553734601288,0.2602703520076243,3.0191459161990154e-05,-3.1408610177409955,-0.00021168428491310725
9.960100412368774,1.578557436023281,-1.5742128033657539,-20.782433132490908,-0.10663827485928674,-0.14366189960869302,-0.10648500531245092,-0.6772897122949477,0.003131790531129174,0.2603335197952846,0.0001675081845442722,-3.1407290302954665,-0.00022299809032285168
9.97011947631836,1.2331347485632926,-1.9096962240864592,-20.64429155820674,-0.10337204473869813,-0.14797959880419928,-0.10496069930631728,-0.6772970827695767,0.0031335462769477777,0.26031864069864874,0.00010333494085616168,-3.1407314172731575,-0.00030768738060336757
9.980125665664673,0.7047875757973232,-1.919544391509093,-20.480581801095344,-0.10746954370236167,-0.1210762908224133,-0.10047815958946235,-0.6773002950123729,0.0031279059859414477,0.260283059510705,0.00010962513390363014,-3.140820476774,-0.00027066641170715716
9.98802137374878,1.086251320548401,-1.6107173592272,-20.340894942139148,-0.10499904446409745,-0.08959902781580666,-0.10791831890153321,-0.6772855615368776,0.003115000306502291,0.26028284061998685,0.00011703283228535847,-3.140782220699863,-0.00021004315454413002
9.998048067092896,0.7741954037377332,-2.0748438469393413,-20.047913109564224,-0.1010483606717761,-0.10154339242558051,-0.11150432098707194,-0.6772740141846271,0.0031565303329375988,0.26025939140251386,4.397688836720778e-05,-3.1408654704764896,-0.00017184094041141102
10.00810694694519,-0.7552812628113658,-1.6270422367395354,-19.860553207011577,-0.0855908070716743,-0.00378889035746127,-0.104615306262246,-0.6772644024458124,0.003111588591160305,0.2602708441675011,7.12732826437393e-05,-3.1408309000269856,-0.0001636614947356228
10.018093824386597,-0.6705954313629713,-1.7072006124619397,-19.55556949144813,-0.08967196886903898,0.020292855075762704,-0.10653915414081559,-0.6772715502208243,0.0030837779188656743,0.26024678087271685,0.0001958845595714825,-3.140840293324521,-0.00019868235505980666
10.02812647819519,-0.4716606072864794,-1.7140482252922833,-19.51319742832137,-0.1052956211422204,0.003761767228711923,-0.10346946174386376,-0.6772617784588011,0.0031020920891195007,0.26028263569220816,0.00016244406845564667,-3.1407729698928204,-0.00022035361024133263
10.038002014160156,-0.801356764977621,-2.1470693948796487,-19.564282339622608,-0.07196786121230227,0.02291696730635078,-0.10147982296368661,-0.6772696868120915,0.003159701617512626,0.26027603672673677,2.80751115251027e-07,-3.1408067498216474,-0.00020969724018678895
10.04817509651184,-0.5450275552915143,-1.8677297249313682,-19.484352915096892,-0.10346924773264171,0.03999694958537395,-0.09765869030102359,-0.6772522790983704,0.003105588505546966,0.26025164675446505,0.00019410735310353887,-3.1408179604920177,-0.00020565473169218947
10.056295156478882,-0.5467844915014127,-1.625694126398332,-19.875580497482574,-0.07866678158373837,0.03989302479996021,-0.10521009224069938,-0.6772741325078752,0.003132317245584043,0.26030029257381604,0.00012348910453551085,-3.140728706750553,-0.00018664074654690547
10.063910722732544,-1.1703349311700662,-1.767921743926275,-19.636428416474583,-0.08239028009064388,0.02959816720376321,-0.10037900388501925,-0.6772643702433515,0.003111949876333155,0.2602338567390633,0.00017469939086332993,-3.1408897452279354,-0.00024240928173887481
10.071952104568481,-0.8369835703302352,-1.9100269287571063,-19.677601937155625,-0.09141649428427993,0.03665025510440764,-0.09800263432330558,-0.6772730732102062,0.0030951112023680683,0.26022640669875796,0.00018092074083551131,-3.140872126798685,-0.00021436453885793135
10.080122947692871,-1.01052280952448,-1.779186537947918,-19.66399996653426,-0.08305549055514261,0.03492093518231401,-0.09925904285625564,-0.6772630022129159,0.0031168617909464813,0.2602354344990513,0.0001173064702915756,-3.140862962514391,-0.00015998282878490548
10.088057279586792,-0.7136625802064622,-1.9187696978146065,-19.54818637954622,-0.08839329666711915,0.03489120433098943,-0.10429623626494461,-0.6772580256591748,0.003123470971722352,0.2602506935066255,0.0001420542510901361,-3.1408422604526334,-0.0001903716312592217
10.098101615905762,-0.7270976285132608,-1.769681271192937,-19.63897324132903,-0.09744112709706745,0.03324481770546221,-0.10542694493871144,-0.6772643857952577,0.0031062491077935737,0.26027727091176445,7.859779793731527e-05,-3.140778078818358,-0.00024006506054182294
10.108019590377808,-0.9697803497115919,-1.746394044222569,-19.712693784946687,-0.09368589564512174,0.046703227148052265,-0.1000514466495295,-0.677264757520202,0.0031297278928327276,0.26024925851873904,0.00015617944141250623,-3.1408447807198376,-0.00018964474103627825
10.117994785308838,-0.8373144484552825,-1.665734694811742,-19.521620839504102,-0.08639770120948866,0.0430597836304939,-0.09730925458087177,-0.6772483957578201,0.003122246612630406,0.2602444133304182,0.00016260068832215887,-3.140895366540964,-0.00015425700515109744
10.127915382385254,-0.9617429770262651,-1.7513970166992843,-19.748930163600512,-0.08337978381652904,0.05297500835071524,-0.09563105145964172,-0.6772707496780378,0.0031208655535004447,0.260233843702194,0.00013776031280593017,-3.1408403193039045,-0.00020544340452584973
10.136046648025513,-1.2080278743759947,-2.032827692638861,-19.826335543512947,-0.07949645946585983,0.04720669504726035,-0.09985678098236864,-0.6772604434023234,0.0031347011738460024,0.260199898616057,5.849511621617294e-05,-3.140951171490851,-6.893675833138699e-05
10.144063711166382,-1.046353843259023,-1.9128501718252557,-19.660612057081767,-0.08447881773470742,0.05083627679043648,-0.09574804851255035,-0.6772611121141284,0.0031019809590124865,0.2602404530581414,0.00016214577877900872,-3.140865806375049,-0.000190429193267888
10.154036045074463,-0.9642560926513637,-1.7678941560390717,-19.687109436998337,-0.0852431110189837,0.05684416791854671,-0.1015822981343368,-0.6772590624231228,0.003148915147786113,0.2602431918120494,0.00011121793892701315,-3.140861942560581,-0.00015353051402011684
10.16415548324585,-1.1454178209670636,-1.7017156400147504,-19.590090798250138,-0.09596447169233428,0.0576745891941944,-0.10452488382546161,-0.6772617363881395,0.003118168368859605,0.26024392577123234,0.00014936818958545604,-3.140860195643452,-0.00013956473948692775
10.172133445739746,-1.1712601805094591,-1.6809814974963886,-19.617647377490258,-0.08328139715058744,0.055235171338792646,-0.10405752201285545,-0.6772608942387669,0.003105507332485567,0.26023775148827305,0.00018233309849365382,-3.1408764602243076,-0.00025349639629073403
10.180126428604126,-1.406674122933246,-1.915968193081978,-19.674847979709316,-0.08327528862531844,0.06204310005904086,-0.09046914567507679,-0.6772758313224003,0.003094422704963049,0.26024633040739087,0.0002023700431565036,-3.1408572004623743,-0.00021935755580748212
10.188066482543945,-1.1580223712744202,-1.6757430484115443,-19.405541481535366,-0.08943153939315597,0.08220991424511605,-0.10421990365402113,-0.6772491924190432,0.003119407281492626,0.26021812780788295,0.00010982646820259803,-3.1409667574634064,-0.00016491770917691274
10.196141004562378,-1.8358400091576768,-1.6950355407466748,-19.462749979658618,-0.07519626784017058,0.10596631614103315,-0.09954155559356921,-0.6772640241445836,0.0031112608172227164,0.26027261574144367,0.000207619231842872,-3.140824496412569,-0.00017721898429176532
10.204075574874878,-1.9730967108848567,-1.7143790848592575,-19.598217978253142,-0.08344528486496516,0.13018586425136033,-0.10631773561219653,-0.677256412551464,0.003098647021664256,0.26023532560264273,0.0001548249851210584,-3.1409227398301995,-0.00013405557272361658
10.212070226669312,-1.7244761428181894,-1.5058448884376125,-19.58567134935776,-0.09364491185467144,0.13298974311803802,-0.10320030816964548,-0.6772489656862917,0.0030836533357932604,0.26026332165113314,0.00023156519850271208,-3.1409168852790263,-0.0001476065103520757
10.220176219940186,-2.1892273997275162,-1.902868863029063,-19.703478065006273,-0.07401736399919877,0.11853124073604825,-0.10314747699354194,-0.6772684827496831,0.0031417610448785725,0.260244928801683,0.00011576721318357346,-3.14090811840899,-0.0002490041584702561
10.228084087371826,-1.7543853605712916,-1.9654986130443795,-19.73138229997809,-0.0836404260572673,0.11992760854123667,-0.0994011332111563,-0.6772470237747266,0.0031368380592037884,0.26026246802517516,9.725877505798274e-05,-3.1409439321218637,-0.00019863152070601875
10.238193988800049,-1.5491635999278393,-1.8424045463526502,-19.55198898692041,-0.08377597196160598,0.11604740606582041,-0.10029784772277522,-0.6772726691690061,0.003132471089749036,0.26026600908636466,5.570998935475439e-05,-3.1408760271745235,-0.0001753892363007811
10.248137712478638,-1.608231917249817,-1.8775600150172276,-19.650150580938476,-0.07968899553560227,0.12616588148892427,-0.10625486468350087,-0.6772566690966526,0.003128626604743932,0.26024656013201614,0.00018034300544622484,-3.14096255934375,-0.00020488502657519167
10.256097793579102,-1.9482050936139244,-1.8774333459104589,-19.71447864633392,-0.08349223114180465,0.11846347010320296,-0.10375476743163922,-0.6772599475113515,0.0031042187264189902,0.26023517828580134,0.00019863149739634097,-3.1409524205669777,-0.0002003360348896938
10.264053106307983,-1.769693538704217,-1.7212170980009682,-19.796405622500995,-0.08271953563215528,0.12234669374797748,-0.10314719260164047,-0.6772761169023842,0.0030916323276959333,0.26026046387596247,0.00021532859520823584,-3.1408743961594574,-0.00021406474730713046
10.27407169342041,-1.9926054522860681,-1.9275209441104553,-19.73497220172774,-0.08106710973996532,0.11790871858479156,-0.10043360803841023,-0.6772577515559868,0.0031463283343744976,0.2602451629888026,1.8101562428354772e-05,-3.140940598071487,-0.00016674745761383476
10.28206992149353,-1.5932442168162717,-1.6911762819391223,-19.45281435632338,-0.08821301157040497,0.12157106112138671,-0.10607636038048335,-0.6772551026105127,0.003091296372271258,0.26026947621134444,0.00018226855263605673,-3.140890826550559,-0.00017510274792049337
10.290050029754639,-1.383766993520695,-1.2850198251384617,-19.656792133749242,-0.09909961816021351,0.11930817709588051,-0.10122268094751995,-0.6772598069701354,0.0030855585207759397,0.2602650188551953,0.0001499648935132065,-3.1409018983741093,-0.0001929621933348735
10.300126075744629,-1.6226430464968349,-1.7029752018785418,-19.792258817421924,-0.09175655331149572,0.10908296993087276,-0.10253346610899758,-0.6772714564030176,0.0031425354598718703,0.2602912338357332,0.00013582950501976764,-3.1408370207847764,-0.00019266427803748051
10.308066844940186,-1.4291620763672654,-1.6292664043860197,-19.78192285310258,-0.08639921656172268,0.115872914627569,-0.1015022841764305,-0.6772524214706483,0.0031100750174812525,0.2602315451158218,0.00021108003569821006,-3.1409881537212336,-0.00017284782981739972
10.318045616149902,-1.4376567047896769,-1.6167114702937784,-19.606524149177705,-0.08557770633567532,0.11261071081393878,-0.10329978242778794,-0.677255922110489,0.0031461743244920104,0.2602102265545655,-5.666984267068062e-05,-3.140988984289969,-0.00012422262092567105
10.328071117401123,-1.523328611971347,-1.4916456967253442,-19.63664185042707,-0.08945281724288066,0.11103306977855529,-0.10063684396033974,-0.6772515110319598,0.0031187240724332103,0.2602381123886509,9.594812984681995e-05,-3.1409614335331004,-0.00014774959414366604
10.338088989257812,-1.4680465809520862,-1.5876740198405135,-19.693988307702828,-0.08428520274508011,0.12098911254607866,-0.10118006017303216,-0.6772597014917826,0.0031039666291733485,0.26021598869037227,0.0002237167356667364,-3.141010543931747,-0.00013202623704419706
10.34813642501831,-1.6724397978905494,-1.8423627324656962,-19.696478938456977,-0.08300942860808914,0.11445894658069947,-0.10140378128011694,-0.6772696407097454,0.0030890836020551187,0.26027306595227895,0.00023550904908100433,-3.140863265830778,-0.0001985701416737975
10.356122255325317,-1.1323893344798766,-1.4213538748838392,-19.59780842394973,-0.0944939589423352,0.11874926964206874,-0.10342448832127525,-0.6772599549398531,0.0031457207631727757,0.26025603310211487,8.966253535071604e-05,-3.1409504370422483,-0.0002432505318750876
10.364148616790771,-1.4746859294432686,-1.4355076161846516,-19.81452058202167,-0.09346361249893544,0.11020641736157197,-0.09955851680431037,-0.6772553018007621,0.0031235474664930256,0.2602196966510523,7.61906640260959e-05,-3.141010023729843,-0.0001443960756130739
10.372101545333862,-1.5010654254303226,-1.9475464481355929,-19.725443875951697,-0.07854907076765716,0.10802437857978474,-0.09786710434596732,-0.677262332744774,0.0030970823637351446,0.2602778723643111,0.0002262574174581432,-3.1408874030947533,-0.000243615145775337
10.382111549377441,-1.5387031655108574,-1.8331398485522767,-19.73978821018019,-0.08036084453310778,0.10610058209547092,-0.09475382244122958,-0.6772597761975192,0.0031162333709378195,0.26023389153464055,9.775353577010906e-05,-3.140936331967876,-0.00018172592348630052
10.390074491500854,-1.4407503352868551,-2.0058988887624767,-19.825120882545853,-0.07786517452264341,0.11927006523214563,-0.0947094890890162,-0.677258237054366,0.0031084054593032073,0.2602571024498841,0.0001746792467656109,-3.140919638096617,-0.00024686820390382646
10.400142431259155,-1.6026477775017665,-1.8886161973251208,-19.947718737601594,-0.08213984485558029,0.11676716053233495,-0.10048303452563397,-0.6772511842221426,0.0031409302911562104,0.2602334511136016,0.00011522798983128287,-3.140986723655473,-0.0001847878129314614
10.408104658126831,-1.3363664502765407,-1.754784329812738,-19.97354583849838,-0.0855564475293983,0.12139574628042607,-0.1046190546024967,-0.6772698946115299,0.0031080043742883943,0.2602668805714281,0.000180170953515015,-3.1408677035772685,-0.00020933382446378253
10.41620922088623,-1.9651400646331654,-2.0127816520557427,-19.947295052643216,-0.07599228163868806,0.10363301323858554,-0.09408883813710185,-0.6772471302572285,0.003121219097138899,0.26022844240191717,0.0001039472506815167,-3.1409990887524404,-0.00010738633445453722
10.424148082733154,-1.3554212777590782,-1.9180788038311325,-19.853100443358223,-0.07820786208546011,0.11881822800421281,-0.10185612696254676,-0.6772605501100899,0.0031240615161102323,0.2602625568274318,0.0001297893202302762,-3.1409011069097077,-0.00018637660923890494
10.434099435806274,-1.1910030736707062,-1.7132891748250363,-19.789673694084012,-0.08443643003042274,0.12140587796458258,-0.099089044060056,-0.6772663767552551,0.0031023038758958453,0.2602694869151928,0.0002380521227586977,-3.1408510641687,-0.0002283651600522976
10.44206166267395,-1.9972454738495198,-2.1004059975208076,-19.871102253230905,-0.07619778459144443,0.10284825948749271,-0.09312041016397156,-0.6772729909890023,0.0030919546847698377,0.26027229903529864,0.00021982644279416294,-3.1408582829375233,-0.00021927653186351446
10.452045917510986,-1.4630663585711916,-1.594518752973052,-19.670524576373836,-0.09456523438751745,0.11488490282388081,-0.10264785385176496,-0.6772697499240475,0.003122003818476365,0.2602300953614252,0.00018642356242221792,-3.1409053806070473,-0.0001587959266924999
10.462014198303223,-1.3604992945388412,-1.6848614372167872,-19.90768156055437,-0.08904984763192735,0.11901069753209093,-0.10120879936696041,-0.6772605689769327,0.003080825336096213,0.2602347444316288,0.00023390237688166997,-3.140943905155197,-0.00015335246902005312
10.4722261428833,-1.6890841267698746,-1.9457227796093388,-19.765962823417247,-0.08245017609452711,0.11085156972448663,-0.10043106084646407,-0.6772629645444243,0.0031343602836345795,0.2602409603990335,9.559309422367773e-05,-3.1409120930525445,-0.00014906559446934344
10.480069875717163,-1.4858263087838262,-1.6637973221763924,-19.71522247054682,-0.08324855085007887,0.11617775789041841,-0.10495650271790295,-0.6772515845350713,0.003090584744488476,0.2602381122586692,0.00016858477914459067,-3.1409619985349977,-0.0001521340418513546
10.488133192062378,-1.874845194449418,-2.0313530643290805,-19.82608786648983,-0.07591796547537086,0.10980314193754885,-0.0954923581087727,-0.6772570410184212,0.003130269539518753,0.2602340854547759,8.990876377231192e-05,-3.1409644813697275,-0.00013229682078544927
10.49609637260437,-1.7783976107860946,-1.7821613833456975,-19.716760049008037,-0.07994965049869482,0.10317648118731375,-0.09244400364386994,-0.6772561304622794,0.0031072428207263854,0.2602294581074387,0.00011205694094681366,-3.1409401228372107,-0.00014757299658351943
10.506176948547363,-1.4183861730189395,-1.7811360007994113,-19.77363740639292,-0.08393269264267007,0.11472487118924726,-0.10218367379817515,-0.6772639181155612,0.003138022538619739,0.26024931101020055,6.465970189751161e-05,-3.1409208091733745,-0.0002464827786927655
10.51612663269043,-1.3960213457558883,-1.4431987590563375,-19.594402618185818,-0.08847518550455853,0.11627571443516929,-0.10949975113123867,-0.6772715200156751,0.0031152164093519027,0.2602777709478836,0.0001552660808669084,-3.1408641884854536,-0.00023198321525091996
10.526066303253174,-1.5877990853234563,-1.7746088114923368,-19.539758205700647,-0.08489728132440492,0.11448951312456924,-0.10404251825043893,-0.6772611297698441,0.0030910433727553196,0.2602123570069089,0.0001956885111543074,-3.140980355732945,-0.000122449880117062
10.536097049713135,-1.4140854172629211,-1.519801164057663,-19.643034886561196,-0.08767046566815909,0.12010564668311424,-0.10785167408197995,-0.6772613848791889,0.0030890424518746416,0.26025848801793017,0.00016413193349524752,-3.1409165352298065,-0.00020737429891263387
10.546081781387329,-1.437046252943725,-1.7843480795647968,-19.760135205763508,-0.08149567114303924,0.11632378122553759,-0.10128872867533958,-0.6772483680350969,0.0031111549246967407,0.260233972573251,0.00017229654964248537,-3.1409783391625368,-0.00020649558154138398
10.554203271865845,-1.3519758938414295,-1.654854607564193,-19.71077480232751,-0.08296378455781683,0.12152592838929473,-0.10523264336931422,-0.6772593133046522,0.003124592284437083,0.26021782335212806,9.743954253151361e-05,-3.140985085063577,-0.00012559648989510482
10.563904523849487,-1.6122787421434928,-1.9889322271041885,-19.799238765615605,-0.07733090513173804,0.11920885914399076,-0.10383110479165315,-0.6772718556889231,0.0031094034475390654,0.26024202319866857,0.00012800649414017247,-3.1409404220149284,-0.00011418007001389962
10.572057962417603,-1.6846436562298983,-1.7468586951341756,-19.586014680207555,-0.08464775411565044,0.11895348866496862,-0.10315711641009688,-0.677246031135329,0.0031116304608523517,0.2602155731640712,0.00012818653837739087,-3.1410036076196595,-0.00016767597342958005
10.580030679702759,-1.5591067796396456,-1.7816285008481072,-19.79919797625263,-0.08308455539860411,0.12144628005403281,-0.10284203622994095,-0.6772566962787834,0.003124050081173188,0.26025359572427076,0.00016862021459133943,-3.1409268223537192,-0.00014447426457519448
10.588133573532104,-1.6198341411618384,-1.841106246911926,-19.83200378373281,-0.07922017532737846,0.1222761401789189,-0.10104204892086929,-0.677269258163136,0.0030986423041186083,0.26026745083550107,0.0001290943168510385,-3.140881958233225,-0.0002475597929892199
10.598183393478394,-1.3732275457243026,-1.5294566945037975,-19.865444356295413,-0.08789601145918031,0.12351953951206465,-0.10702114012467993,-0.6772605562739807,0.0031148230981411697,0.26022893254329665,0.00013451019420360514,-3.1409954350764435,-0.00013696386023889366
10.60603666305542,-1.720836084087765,-1.731647455538907,-19.68561507986671,-0.08225510374930484,0.11700517754335,-0.0982380399550477,-0.6772674207916659,0.0031379036996516474,0.26026836762900174,0.0001475891072083733,-3.1408974242778354,-0.00019458924776853199
10.61402416229248,-1.6773917172934683,-1.493096025078782,-19.856729558773523,-0.0848776895770861,0.11703798365088214,-0.10044071986667462,-0.677266460091681,0.0030974950032594357,0.2602432029258882,0.00014935670280290326,-3.1409136033568648,-9.589018135468274e-05
10.622037410736084,-1.6625581144460844,-1.6133273737984546,-19.750778262491604,-0.08096948044659341,0.12292515792117305,-0.10381070285526152,-0.6772645052380047,0.003092923738118843,0.2602429017584948,0.000162310647522761,-3.1409027364428725,-0.00016654042122670186
10.63002061843872,-1.8368609060158523,-1.8005595713318143,-19.77452297221189,-0.0810342156148401,0.11862806233350782,-0.10179045629949592,-0.67725727627593,0.003103265628937462,0.26023616546703465,0.00021838604520180854,-3.1409877032661644,-0.00014634587825948717
10.638128519058228,-1.4854576673652822,-1.8028188616638592,-19.78969069376561,-0.07965569058386117,0.1247172156885112,-0.10445071671382919,-0.6772690167242904,0.003123215401144084,0.2602844594078428,9.086542674415849e-05,-3.1408565202342524,-0.00024132997276426376
10.648110151290894,-1.7850795684888268,-1.9166031214852972,-19.766676388434902,-0.07737337776402685,0.1206729794778712,-0.10603636166153381,-0.6772698647846837,0.0031316899891750505,0.26022659450518726,2.576456633272455e-05,-3.1409407884488862,-0.00012074798400417628
10.658025026321411,-1.6585668534544973,-1.7304875653617344,-19.60790524308481,-0.08777953024267016,0.12182970413372973,-0.10180591772613992,-0.6772754966601917,0.0031009142176435015,0.26023476802875534,0.000193712815148709,-3.140906734960127,-0.00015844701046378734
10.668075799942017,-1.9105667918633114,-1.888048132994729,-19.788203830593037,-0.07709161365895582,0.11422668184536006,-0.10100443378420272,-0.6772541922961882,0.0031138986322797194,0.260259650224668,0.0001483908682648339,-3.1409218908332934,-0.00016744830330325366
10.678151607513428,-1.6544867484970478,-1.9604294881715236,-19.938026952835376,-0.07556620938427785,0.12174227968311042,-0.10505392445586134,-0.6772662818796757,0.0031330974507330304,0.2602454901264445,0.00015966161580677435,-3.14092757905191,-0.0001587741241756649
10.686097860336304,-1.8694742584513708,-1.5728078139270008,-19.77339330129841,-0.07813156360727994,0.11762380410201614,-0.10377479111135357,-0.6772566074343449,0.003112156950936123,0.2602622147234847,0.00015343619854950018,-3.140932795646165,-0.0002098822969759141
10.696094036102295,-1.6669314666230695,-1.6240419580095802,-19.691403382347076,-0.0837602001809418,0.11932462132559697,-0.10382425965901844,-0.677254350697091,0.003127129257957463,0.2602190441188465,0.00015407531891317797,-3.1410155613301813,-0.00020224366100625194
10.70415449142456,-1.600981173959981,-1.7914860635058174,-19.630053396229233,-0.07937805873842797,0.12458570436610726,-0.10243176321269606,-0.6772559230622278,0.003087525513275749,0.26023533269433763,0.00014386939550433143,-3.1409611017851455,-0.00014096144399350182
10.712089776992798,-2.063973292129727,-1.4958335110046108,-19.787430460007815,-0.08382678800559716,0.11616792552707515,-0.1080717956981639,-0.6772618300372315,0.0031039807553549146,0.26023552315771853,0.00024428087465961615,-3.140954140012218,-0.00023573657367807356
10.720088958740234,-1.488475046806178,-1.4576972983991427,-19.71142209516905,-0.0883772658362021,0.1269813538761293,-0.10840060498160198,-0.6772507593271395,0.0031307431762043203,0.26023674486112325,8.372984823928174e-05,-3.1409891893794244,-0.00024895414307411686
10.730013847351074,-1.28952838974598,-1.823830305150394,-19.619556047841986,-0.07924189590256868,0.13159147761803838,-0.10186166188475732,-0.6772484878951297,0.003088084623809958,0.26026465564367085,0.00020814413604390314,-3.140933606754637,-0.00018280384951462276
10.738122463226318,-1.934501071349238,-1.7830322563063508,-19.821283392792168,-0.07932562805600672,0.11914181036368024,-0.10149803399612818,-0.6772575832053214,0.0031228556487156115,0.2602328027450673,0.00014824563117548357,-3.1409752183343875,-0.00018848181669678515
10.748123407363892,-1.4791794746976097,-1.8345619623407547,-19.748495844772147,-0.08459001677337034,0.12984679955816195,-0.10293586866063471,-0.6772506866722942,0.003131568651647861,0.26021715836565984,3.672255926491932e-05,-3.141000336094426,-0.00011606599896552614
10.75611400604248,-1.6649506488360537,-1.73631872118713,-19.674509604780095,-0.08189401835074721,0.12501206498023915,-0.10055185845172532,-0.6772651361718586,0.0031084233655390746,0.26022338243156834,0.00015364140493067177,-3.140965429284792,-0.00011284889646053387
10.764127492904663,-1.5607545449506444,-1.9055559392493222,-19.91687621812288,-0.07885548526097344,0.12946204701504505,-0.09988923683428122,-0.6772531130214817,0.0031283391009162822,0.2602636210271505,0.00010430822450640605,-3.1409095123031134,-0.0001836410500952403
10.774047136306763,-1.5634192285878952,-1.8973943745106434,-20.16500469792287,-0.0773674092727862,0.12582655303278284,-0.10004326356107547,-0.6772629009905643,0.003114351650841816,0.2602436204673826,0.00014310470498838577,-3.1409401952735316,-0.0001401626811626525
10.782102346420288,-1.5576612195008386,-1.8173375148531377,-19.794351800571203,-0.07767056003396408,0.12684579502603882,-0.10470799608034365,-0.6772488230485428,0.0031285938518485737,0.26027712068531494,0.00021110101463529848,-3.1409204474743335,-0.0002742845631462525
10.79209566116333,-1.6975707288398865,-1.6819451955490674,-19.602033789526715,-0.07941801130283495,0.12119745248301138,-0.09685128112316968,-0.6772600213770882,0.0031272817193528568,0.26026521442574835,0.00011118946636213953,-3.140890778952527,-0.0002423905347703031
10.802079677581787,-2.008491450439615,-1.616890389461156,-19.606722866887043,-0.08499572983213873,0.1181813828710136,-0.10590634258782229,-0.6772572633726097,0.0030977048013439146,0.26024001863451096,0.00022642737509194407,-3.140940941334112,-0.00020705691236586252
10.812158346176147,-2.114797836316861,-1.6106713078191914,-19.654104442896784,-0.0908516702084543,0.11636359488149567,-0.10105723183703026,-0.6772585942861016,0.0031249008251443664,0.26025908941305415,0.00013621839862827626,-3.1409342638164213,-0.00019490219765547654
10.820053815841675,-1.768699207836493,-1.733664091882402,-19.800052622595597,-0.08291877557495833,0.12464246950839825,-0.10492342439504161,-0.6772659783927601,0.0031541561601525965,0.26025956744144035,7.074466908906646e-05,-3.140949549484848,-0.0001832873312345397
10.83014988899231,-2.128236919514668,-1.895735936079698,-19.844395321547502,-0.07666022755828827,0.12106432567517919,-0.10279547471199327,-0.677257642859738,0.0030797954593227285,0.2602511332887004,0.0002779862644550472,-3.1409278176952635,-0.00015174362681862776
10.838204860687256,-2.148003892197622,-1.786018697827642,-19.815913235743253,-0.07658130047787289,0.11800843566354235,-0.09930888143033417,-0.6772596529219832,0.003121605355156407,0.2602546663400154,0.00013462903703206843,-3.140948880477854,-0.00021619754884889562
10.846163511276245,-1.829591317062278,-2.088806129907028,-19.716390536831135,-0.07263425680397784,0.12390758391957996,-0.09561524753288772,-0.6772485244868433,0.003127101449674741,0.26020331052888945,8.844438267819968e-05,-3.1410253531173282,-0.00017213868373650783
10.85611367225647,-1.802029281279845,-1.7766848693670356,-19.709399471458354,-0.08204908660710089,0.12366767358669077,-0.10128551587471617,-0.6772637967488222,0.003148830281625216,0.26030065322733426,5.0071407428542254e-05,-3.1408598298217685,-0.00016633198028368195
10.86612582206726,-1.9151996501254733,-1.7907082998029042,-19.651326133490475,-0.08259911700445084,0.1266951771826973,-0.1031874101020427,-0.6772557514895843,0.0030997180167585407,0.2602390369358387,0.00016788016165492987,-3.140954091898648,-0.0001883272626675008
10.876070499420166,-2.2239569049331935,-2.0514324828077615,-20.073992195512282,-0.08303344366958079,0.11697175723598266,-0.10116867988717461,-0.6772797591857501,0.0031358742833806253,0.2602631576725516,0.00010894401892378416,-3.140867328629118,-0.00017821779190589743
10.886072397232056,-1.6987206972071753,-1.8244322192141964,-19.690046908903454,-0.08092061584065377,0.12934954333929793,-0.1009793970182198,-0.6772717337831075,0.003091247835534245,0.2602925215588825,0.00024048701377970197,-3.140848593553353,-0.00018437068743445487
10.896144390106201,-1.5576725938993214,-1.7272035919405144,-19.679736773903958,-0.08805178338472074,0.1333343272367851,-0.10802538336110043,-0.6772743314749915,0.0031007622314148595,0.26021842416079516,0.00018745196893460499,-3.140958740619659,-0.0001937051484146088
10.904169082641602,-1.8609798029097533,-1.701938122074411,-19.6565160166603,-0.0853076390254775,0.12928535162164595,-0.1058721406869145,-0.6772689901605419,0.0031070957546422396,0.26027673361424,0.000155147186966739,-3.1408741328339267,-0.00015467047338674645
10.912070512771606,-1.8611629870173338,-2.1478848764740235,-19.830794569790218,-0.07700099839462154,0.12683327301688954,-0.09873401922519383,-0.6772561327675252,0.0031171041114147115,0.26021095769672614,0.00015995874407576208,-3.1410311455343383,-0.0001299808279066851
10.922060012817383,-1.8615467104405494,-1.6719720930063546,-19.663703147307764,-0.08529091622254842,0.1294367282143138,-0.09548960448749119,-0.6772668528669918,0.003110105681439337,0.2602578603151197,0.00014913311396575027,-3.140914962329868,-0.00024691826450962275
10.932035684585571,-1.5335110770715186,-1.6864472993820945,-19.927088835081207,-0.08776375559093744,0.13903796094925347,-0.10641058046013487,-0.6772560037849333,0.003113267929520084,0.2602560398476215,0.00018016279064306316,-3.140962795437877,-0.00021940106250448218
10.942016363143921,-1.7639157977321092,-1.7795523257652115,-19.898686649931893,-0.08446979614647647,0.13442179804255297,-0.1027478162972006,-0.6772589272493739,0.003082361394317814,0.2602522740681657,0.00018748841695748054,-3.140914803251879,-0.00014135746720056133
10.952139854431152,-1.8046507063524855,-1.6808685468329316,-19.873339005647615,-0.0886522158924088,0.13271087956152997,-0.09997967035106957,-0.6772434847631349,0.0030825553352508937,0.26022100705761747,0.0002311430377034127,-3.1410279746471534,-0.00015767520772988592
10.9600670337677,-1.8428344441068143,-1.9199670109467686,-19.872007151181055,-0.08075496248330222,0.1308098468751141,-0.10648521831188422,-0.6772688802430148,0.0031248388979247047,0.2602340209671708,9.932680204843258e-05,-3.1409184960273304,-0.00016610532041718939
10.969950675964355,-1.9950275139380889,-1.6729510202099116,-19.980220217774757,-0.082039549927225,0.12628850525299912,-0.10219951518097958,-0.6772645280687344,0.0031151608125390027,0.2602420607691706,0.00016718336137932293,-3.140932322858987,-0.00015030909692410947
10.97999906539917,-1.9304887744218024,-1.8718491086387272,-19.944415612449795,-0.0758719886111466,0.12907612505517044,-0.09921673330791675,-0.6772603880258592,0.0031243585833027523,0.2602519158454,0.0001093255870371885,-3.140939953615566,-0.00021441844017667608
10.988018035888672,-1.738536870662867,-1.9117115484118616,-19.881353861876224,-0.07931055590558855,0.13549097574905655,-0.09786231877497574,-0.6772512446996353,0.003117366614165791,0.2602238599975837,0.00016133709815970636,-3.1410234862483817,-0.00010652609859686864
10.998111724853516,-2.0619909614628864,-1.9302938254756326,-19.892354965738637,-0.07878549600584263,0.1296711216902684,-0.09927310826859534,-0.6772605993286004,0.0030855848193657902,0.26026399116469306,0.00020755945374282013,-3.140907746687388,-0.00018883196776896556
11.006027460098267,-2.2297636821042204,-2.0475318614326468,-19.681976207704803,-0.07888126090701261,0.12326112702150029,-0.09987828944297952,-0.6772532651158623,0.0031154803762714787,0.2602466639248464,0.0001669569611609169,-3.1409598436994153,-0.00021867433843724554
11.01603388786316,-1.7669817183167142,-1.5207611400905705,-19.648217003583003,-0.08673324671912715,0.13296489936235845,-0.10645072795881771,-0.6772726918057173,0.0031057273997319793,0.26028827766364454,0.00018590702517363864,-3.1408447922721066,-0.00013054017383013215
11.024056673049927,-2.092061837887371,-1.8641885254062762,-19.94183617676886,-0.07993220020811302,0.13152503284023748,-0.09729794014330462,-0.6772673985225989,0.003131577144004608,0.26022640624030613,8.96242067245303e-05,-3.140986319726814,-0.0001116435211287438
11.034289836883545,-1.8335113759387547,-2.000712556433259,-19.768706171001384,-0.0760469484516047,0.13696611005918943,-0.10044839148579897,-0.6772734221628214,0.003139946143391457,0.26028707988103444,0.00010173633787583868,-3.140874089263951,-0.00021447674296260302
11.042311668395996,-2.0598671691941974,-1.7640520973183433,-19.7239694131069,-0.08659325034598297,0.13009171631522615,-0.10395926641052093,-0.677257975050221,0.00314527231669965,0.260286375146362,5.742202187069943e-05,-3.140903726089444,-0.0002117715005266709
11.050255298614502,-2.060272086874035,-1.9316346833849452,-19.799851460150027,-0.08201581990962521,0.13370784662384,-0.10064069823125002,-0.6772635817992962,0.003127679644778034,0.2602639216214187,0.00012724814473237121,-3.140920022714071,-0.00021175279198371779
11.058178663253784,-1.8690249071796288,-1.68755537336471,-19.78206165572948,-0.08779246438046293,0.13614788057907,-0.10181392258104019,-0.6772741270186444,0.0031306276083624316,0.2602564128090658,9.700056580992925e-05,-3.1409418401048863,-0.00018575593830502017
11.066017150878906,-1.88071820098021,-1.6000257922615033,-19.795551502868328,-0.08928233908214411,0.14039150663985686,-0.10366067677277177,-0.6772369288156997,0.003112072556490379,0.26022823212523116,0.0001834476828797318,-3.141004728313366,-0.00015286444291374497
11.073996782302856,-1.793812711968883,-1.5018081001555401,-19.8047350888209,-0.0882822515564193,0.14396987081090926,-0.0982308077684683,-0.6772495747323278,0.0031020025890888233,0.26023376838927575,0.00018097839338131023,-3.1409980540756814,-0.00014828809176842576
11.081964492797852,-1.7812712427118667,-1.6890972917128428,-19.762490175258502,-0.08425705324735709,0.14119664143875385,-0.1043481041143357,-0.6772455690720641,0.0031018775881326835,0.2602058950021572,8.320942281930613e-05,-3.1410778680329905,-8.209395440563576e-05
11.090176820755005,-2.0782836563340004,-1.5666725606679774,-19.748932716097155,-0.08826807332857867,0.13770011810312233,-0.09919549344597862,-0.677256710052825,0.003144365293743553,0.2602684247916775,4.7809330117475005e-05,-3.1409226775669867,-0.0001650485818907169
11.09812068939209,-2.251350966166008,-1.900675578241518,-19.824868290997117,-0.08042919896339563,0.13346232039619396,-0.10209622903606617,-0.6772536160281227,0.0031123178779456943,0.26021363515544915,0.0001903266363790115,-3.141059527980358,-0.00018057623322471165
11.105873823165894,-2.0764576633854928,-1.9952763321237632,-19.796090106376553,-0.07827869566558299,0.13660526829115655,-0.10271713451701257,-0.6772439096638707,0.0031151897872762967,0.26023161316180454,0.00015435981796186566,-3.1410426705335013,-0.0001814307643003188
11.113888502120972,-2.343203494795756,-1.7057521891312355,-19.79946662335522,-0.08707353673155116,0.13541977934186128,-0.09762012612508068,-0.6772643950278435,0.0030865881923625754,0.2602741055560258,0.00024437809375331377,-3.1409356257766845,-0.0001824489174483494
11.121893882751465,-2.3880522430457036,-1.7330423361180096,-19.711366870147987,-0.0843485474116473,0.13919590653658026,-0.09692776308230514,-0.6772698136903126,0.003125900733498506,0.26026817121988677,0.00010914447324808239,-3.1409162315367665,-0.00021535255853639382
11.129897356033325,-2.022149628135216,-1.8923894619694723,-19.653506810329652,-0.08159887941026314,0.14483185416730118,-0.10539191174379228,-0.6772624840794226,0.0031347864127906433,0.2602503784272997,6.406988053451873e-05,-3.1409639963788125,-0.00018540717008203942
11.137915134429932,-1.9268069976054392,-1.4215365238862652,-19.738041647882966,-0.08765597284894476,0.15433226687090387,-0.10793160615207013,-0.6772693056701486,0.003111382229142318,0.2602786732441192,8.395529540807332e-05,-3.1408781925304723,-0.00021985569704278585
11.146130561828613,-1.9791949444336425,-1.7952045666782035,-19.5189742273987,-0.07572424539714008,0.1761550457618265,-0.10491183764669924,-0.677252463530277,0.003126269872656414,0.2602867524062916,7.838676133519289e-05,-3.1409091853453184,-0.0001985001936768309
11.156018018722534,-2.429161185681039,-1.5631527656757722,-19.781235560886874,-0.07501364178371306,0.19360197719515443,-0.10699832572962932,-0.6772532246741926,0.0030930292700847334,0.26021118242801794,0.00021799094156862953,-3.141059926935506,-5.585963321087062e-05
11.166023015975952,-2.207693457102089,-1.6817419092254335,-19.61233684620322,-0.07011222397777299,0.19667163824629172,-0.10432034169499994,-0.6772498347644549,0.003123474153677284,0.26022768644313904,0.00014019583945330474,-3.1410994955413116,-0.00022761158392784974
11.17618703842163,-2.3916200076511926,-1.664162451194699,-19.49267175940087,-0.07739124504080461,0.1855144081590656,-0.10309603321871819,-0.6772527723010844,0.003138611668342744,0.2602799546206691,0.00012859542794492755,-3.1409791239435028,-0.00024121827773973577
11.184102773666382,-2.409330549383673,-1.3892038905641961,-19.587877215686934,-0.07725309006606469,0.1904686588584225,-0.10378428041654135,-0.6772498669839485,0.003138177205792782,0.26024891106643433,7.026552033201622e-05,-3.1410212606109473,-0.00013347884184156144
11.194189310073853,-2.3935176117491945,-1.836271690192294,-19.447766100319715,-0.06676179085045031,0.1849145663179208,-0.09770302265067891,-0.6772355489492746,0.0031113218090718722,0.26022877387112936,6.363791691782783e-05,-3.141118469930618,-7.624538108044228e-05
11.204116344451904,-2.4896399823207775,-1.5829423912986575,-19.692467547572527,-0.07488971278778678,0.18810343183889033,-0.09647221357979094,-0.6772381351965169,0.0030961653541191764,0.2602626074327124,0.00014826579133696218,-3.1410055722701453,-0.0001720619175768283
11.21213173866272,-2.663613383906559,-1.5224228568344402,-19.661208670299366,-0.06739266480787076,0.18312202616812895,-0.10850346453101534,-0.6772473336624398,0.003111051226181028,0.26021260224120923,0.00013382643029038064,-3.141094515005716,-0.00016938221659680425
11.2201566696167,-2.186846418243478,-1.5135603288429096,-19.58925664138357,-0.07546718786323757,0.19615201982947172,-0.1072349094596911,-0.677252583172868,0.00311401361893141,0.2602328834371788,0.00014064258094393178,-3.141043421994942,-8.80817896484088e-05
11.228214502334595,-2.402366299211903,-1.6990789730134486,-19.571875910992937,-0.06902408971699503,0.1892421402293809,-0.10097183446620236,-0.6772495390975175,0.0030832579941621795,0.2602567943595617,0.00015638686374430265,-3.1410054994507908,-7.891537951875977e-05
11.236071348190308,-2.4902768382381444,-1.4965484142875254,-19.62026255236185,-0.0719331733117092,0.18623876281656868,-0.10122811296369423,-0.6772478886433787,0.003150518204364091,0.26021772580494607,1.1530837584529721e-05,-3.1410976685819394,-8.518097664424958e-05
11.244069814682007,-2.300634711914026,-1.5979682061295124,-19.67549561216611,-0.07771802267831236,0.18354357433544605,-0.09793137017440381,-0.6772499348139485,0.003098832950608716,0.2602300331491866,0.0001868184745982366,-3.141070599881888,-7.251429354945089e-05
11.252053499221802,-2.184933120354073,-1.5821855899071178,-19.724449191867667,-0.07477088915794582,0.1881915202243225,-0.09836516683799863,-0.6772367555529496,0.003152222560092964,0.2602297644365869,3.0769830318633005e-05,-3.141054764126844,-0.00016299616695462295
11.260084629058838,-2.1534425169294207,-1.6706332113472266,-19.532978563506948,-0.06983926443319642,0.1877020234599169,-0.09848081973442008,-0.6772534188846742,0.0031201786097944137,0.2602304212577915,0.00010099170076439045,-3.1410431945249035,-8.584094995196249e-05
11.268033266067505,-1.9211747473967768,-1.5531805288076097,-19.637882842050843,-0.06994738381281504,0.19272808154830207,-0.09989553163552346,-0.6772565633675178,0.0031164907583058625,0.26022760342262186,0.00011662060572720722,-3.1410562648987317,-0.00015580834924305652
11.277974128723145,-2.232342939143425,-1.631814427121876,-19.57784337456703,-0.0657102139439429,0.19054900204692393,-0.10178130581018091,-0.6772615641604517,0.0030964022666451906,0.2602558023702673,0.00015592848696707544,-3.140972705624401,-0.0001253639696823958
11.286080837249756,-2.7407990633837467,-1.6313444947643436,-19.739435534233152,-0.07167490992111789,0.18448585945520726,-0.09318865305235546,-0.6772496987141194,0.0030978057320132893,0.26024622644870365,0.00016007791395799734,-3.1410314468043667,-0.000151577019251046
11.296149730682373,-2.0098175110303926,-1.6720129136565467,-19.496087977070616,-0.07165469067593787,0.1936726068349057,-0.09962080041860524,-0.6772518857937612,0.0031139370209742412,0.26026132284133163,0.00011739510824510874,-3.141006192119141,-0.00019799252794316658
11.306044816970825,-2.383514652151689,-2.032978281799126,-19.58174978865,-0.06310415414997299,0.18616170808148502,-0.09928698259647695,-0.677255446310574,0.003114779965884844,0.2602738076310634,0.00013382647125468445,-3.140984289706155,-0.00019137183634535337
11.314016342163086,-2.6163952895349336,-1.6928751901625585,-19.512362878690773,-0.0681021630496113,0.17450599580660553,-0.10358441532785909,-0.6772609965713681,0.0031145733489353726,0.26022151445638064,0.00012839943764298464,-3.1410741440452243,-0.00010503791342466477
11.324045181274414,-2.2296336894157833,-1.4405658318909638,-19.49020904652474,-0.07360090032230288,0.18714528306923783,-0.10732947565249037,-0.6772602627072114,0.0031489032941763996,0.26022553235843093,0.00014736299623880725,-3.1410478653909126,-8.672106125031543e-05
11.33402132987976,-2.2780502607812685,-1.5083961213709733,-19.40442357466714,-0.07187658966226974,0.18685410993361554,-0.10460630832613813,-0.6772638518553916,0.003134902508730924,0.26029024392546196,8.97813746568548e-05,-3.1409388597499484,-0.00024121832705077038
11.344156980514526,-2.153143704821507,-1.7297230965087729,-19.466189058386643,-0.07129999674071355,0.18922187316156236,-0.10085662176602747,-0.6772581916367189,0.003107577832290269,0.26027905384669786,0.0002166571459891427,-3.1409936655546415,-0.00015717476497697087
11.352127075195312,-2.3294296687821485,-1.6901150869214028,-19.39622615321645,-0.0687430676933755,0.18612407954241114,-0.10074698035202669,-0.6772360313186397,0.00311176344972029,0.26021270673812114,0.00016140111562289844,-3.1411109658580325,-5.4024338754186855e-05
11.36011004447937,-2.3964422876415306,-1.4796755405840796,-19.511521695661656,-0.07735543936855922,0.18376725148021822,-0.10062788443441031,-0.6772602670093673,0.003103482409716331,0.26027728444404086,0.00014130485236414677,-3.1409735849335925,-0.00018949492653566456
11.368102788925171,-1.9930922976126417,-1.4353563653996206,-19.479418262686544,-0.0733500171373045,0.1912743156866264,-0.10623832893697098,-0.677246651808711,0.0031084039967802556,0.26019767693292517,0.00015915835594408227,-3.141124457927087,-7.413609366484228e-05
11.378162145614624,-1.8845204291913917,-1.3683672815428023,-19.655104015342385,-0.07382973941060673,0.19203844009438306,-0.10079727351892921,-0.6772475869932405,0.003119108839759251,0.2602569884697629,0.00010107188305966589,-3.1410006248764017,-0.00010187148124673558
11.388020038604736,-1.7854862477036209,-1.510446751123904,-19.85561895007791,-0.0735739286103638,0.19319416031092126,-0.10314690477525373,-0.6772557359770925,0.003115895048006706,0.2602394606563179,0.00017271006235845924,-3.141040668396692,-0.00010817523672726787
11.396111249923706,-2.2158315573011977,-1.5165036991533203,-19.51288900938266,-0.07295926199876551,0.18636128631189175,-0.09894206640063155,-0.6772449388543114,0.003123404504324715,0.260240739983125,0.00012727536697027534,-3.1410334079957125,-0.00013711614251417226
11.404069900512695,-2.650891427132253,-1.6274532188178583,-19.713682473659112,-0.07259614009989204,0.17857294959882614,-0.09982687823857662,-0.677251591871704,0.0031015748969458125,0.26027196251328205,6.415412756558784e-05,-3.140987896833842,-8.621851022910702e-05
11.414527416229248,-2.489469521370366,-1.84711147037268,-19.77930970385348,-0.06718182605283918,0.18660162348701098,-0.0906942537230532,-0.6772622199748922,0.003123347881613251,0.2602516648192944,0.0001655480262979446,-3.1409878214747966,-0.00012515701247832735
11.424204349517822,-2.646680162664047,-1.9946729053116152,-19.768673346710383,-0.060794554369943576,0.1875451516042377,-0.09582780085948807,-0.6772357961609737,0.003109349894407831,0.2602439393696141,0.00013511773839758602,-3.1410684145163286,-0.00010682966244823635
11.43206787109375,-2.5543729838934293,-1.660093041285879,-19.71032615510797,-0.06680408456096622,0.18593479417273417,-0.0959100958867358,-0.67725075377003,0.003094275178961647,0.2602819686673282,0.0001785746286681772,-3.1409859360888217,-0.00010683116301093512
11.442075252532959,-2.37593286861237,-1.7127783002227062,-19.57903397235628,-0.06642801699605623,0.19151190449013714,-0.10349388375110659,-0.6772410613953996,0.003147486724851644,0.2602618953893167,5.153104651285127e-05,-3.141014048700743,-0.000183959333488956
11.451996088027954,-2.6406820119241483,-1.5237947790271722,-19.465942623745377,-0.07237974121579159,0.1818802115793809,-0.10075517127450957,-0.677249473295679,0.0031196635646023384,0.2602482719062737,0.00011481536297657656,-3.141053500446173,-0.00013774299533073916
11.462077617645264,-2.33476859700102,-1.5068739662043942,-19.71643921112482,-0.07328467288495442,0.19261512809635134,-0.1042743461506897,-0.6772532538736303,0.0031342834101195614,0.260248764517358,0.00010250492218991046,-3.1410179382015566,-0.0001895816990776085
11.472169160842896,-2.3247801193594726,-1.3050793677735513,-19.51099540018702,-0.0811198365034038,0.1934638710732231,-0.1014408659702708,-0.677243470889364,0.0031192521706982237,0.26021713332330004,0.00017950867050810863,-3.1410924655137444,-0.0001845799770676708
11.482091665267944,-2.1441650878060012,-1.6711010673301125,-19.58682203211557,-0.06704433934019473,0.19665076770457485,-0.10412184200288951,-0.6772662126844657,0.003116343300696942,0.26027512206623493,0.00014080514461088176,-3.140948460272316,-0.00015703168913976123
11.492115020751953,-2.180667459807369,-1.6639051060731496,-19.83305341395114,-0.07089250547541967,0.19732802956804343,-0.10513595587065518,-0.6772507764565391,0.003124151031200044,0.26024805157977127,3.8739075398706074e-05,-3.1410273930419366,-0.00013150480317192793
11.500143051147461,-2.415091532885182,-1.6439944399772293,-19.614425554488847,-0.0715572436980574,0.19062362962843327,-0.10599741840093271,-0.6772478944775192,0.0030891456229244305,0.2602186518031815,0.00019308733127735685,-3.141074814472981,-0.00014971419031116546
11.508120775222778,-2.410105019495074,-1.7067706336185204,-19.560707668650874,-0.06751696991887217,0.19489686826126287,-0.1066344471945216,-0.6772404458889455,0.0031347329365410985,0.2602169142124354,5.1820796781176284e-05,-3.1411225054061176,-0.00012763084735692984
11.518133878707886,-2.265142699913708,-1.7693281871143525,-19.622982272403522,-0.07076736915568299,0.1952445710553489,-0.10293829041200485,-0.6772457670378115,0.0031083060274784673,0.2602764902103438,0.00019154580742303593,-3.1409853287086156,-0.00016652723335888186
11.528033256530762,-2.3690836909096986,-1.5078237589438912,-19.705350529288413,-0.07291948516870667,0.19513159485400272,-0.09782950294956584,-0.6772548403804522,0.0031416756712707153,0.26024048461284693,8.903860814816797e-05,-3.1410248413930337,-0.0001254359200221817
11.536270141601562,-2.122739483989899,-1.7496265095240071,-19.718834177252628,-0.06879379242644904,0.19836475011144195,-0.10838926818489363,-0.6772509038592983,0.003130840717759887,0.2602833618606718,0.00012073041972068856,-3.1409925432831405,-2.303785215600205e-05
11.546133279800415,-2.308445222900588,-1.5709046833289841,-19.57286959126996,-0.07319420732578583,0.19503064425565156,-0.10365618865620213,-0.677263404203619,0.0030919292484326913,0.26026143390853457,0.0001369743131492537,-3.1409797706272724,-0.00012777745619463806
11.556459188461304,-2.483896483708423,-1.7024393385519598,-19.683912088795005,-0.06519735810743942,0.19067097615634548,-0.10290764875572334,-0.6772619854811965,0.0031221291109953166,0.260255691609136,9.225480644419774e-05,-3.140969475535832,-5.153788779523726e-05
11.565926313400269,-2.564829193586395,-1.958119539669614,-19.64813290378098,-0.06384520322197115,0.19070020308188662,-0.09843364739892992,-0.6772514840150089,0.0030949469946500085,0.2602422713400345,0.00012334781669915413,-3.14103857167936,-0.00014927800900569867
11.573885202407837,-2.6534626467278963,-1.5520290481073218,-19.640589607008927,-0.06688029554180942,0.1874081644589902,-0.10259084174733363,-0.6772501848393369,0.003129259079514697,0.2602518927970774,0.00011395319623828955,-3.141061459095462,-0.00023307648900895106
11.58212661743164,-2.8419377595445,-1.6186523452097084,-19.648145654135554,-0.06967000104765077,0.18449576283114028,-0.09712079258116002,-0.6772411326211292,0.003104515234065407,0.2602529301503708,0.00017252675522981962,-3.1410496189729638,-0.0001007292770335728
11.591948509216309,-2.555943324658572,-1.6464963998782516,-19.68751335216102,-0.06707843623422077,0.1877464903143206,-0.10317939027984238,-0.6772361756951766,0.0031094686406653066,0.2602412983345809,0.00017500999698634562,-3.14105979682461,-0.00016150377615896735
11.600455522537231,-2.286331488871847,-1.807413941672204,-19.579009916916878,-0.060683783484651845,0.1956661084404457,-0.1012916798529645,-0.6772557316435542,0.0031221261385511955,0.26027538191282945,0.00014254307974340854,-3.1410025147448697,-0.00018791692366157092
11.60812520980835,-2.176768408872516,-1.16945725361414,-19.677518255577706,-0.0802488552408756,0.19794669643759963,-0.10806359439646582,-0.6772568222359195,0.003119406296740783,0.26024807997909977,0.0001803037310135938,-3.1410184534785093,-0.00013673157431202674
11.616140604019165,-2.305973260464312,-1.5959440821240847,-19.72195481385702,-0.06725437175134727,0.1953486642169579,-0.10569394939035388,-0.6772532769887698,0.003120588638176303,0.2602550580036138,0.00012655118612624715,-3.1410035662734805,-0.00023316357682656353
11.624139785766602,-2.608706661954785,-1.8833025162009227,-19.748525443080908,-0.05802944165883234,0.1951606932287191,-0.10338838987359258,-0.6772420807652227,0.0031297145715867562,0.26024472523147546,0.00011423583086728758,-3.1410548749800724,-0.00014178508880518143
11.632148027420044,-2.6044907394516517,-1.5942575244199007,-19.617947289741938,-0.06499737481822734,0.19209323615241425,-0.10048227800936052,-0.6772532255216103,0.003100559758811529,0.2602233164601272,0.00017216398513202625,-3.141055826165657,-0.00012987938150936697
11.640129804611206,-2.733644073013974,-1.7090969904150006,-19.901027954556653,-0.06511638187883499,0.1899083188504681,-0.10098887901668298,-0.6772671528534012,0.0031330527913056953,0.26028124695812305,7.748846878105387e-05,-3.1409716767391758,-0.0001902443077614166
11.648114204406738,-2.296580421535647,-1.4793781115400197,-19.617809946154185,-0.06667873058365958,0.19737013696086692,-0.0991768101458746,-0.6772540106041968,0.0031143188387066337,0.26029196453374287,0.00014063873912277089,-3.140945878661322,-0.00011970473355901559
11.6561279296875,-2.5954188627953414,-1.7767631477679133,-19.731136954210605,-0.0614071716680556,0.19204188732192687,-0.10067850940841291,-0.6772517300261497,0.0031186245282873028,0.2602045072718062,0.0001416312055614883,-3.1411296950671987,-5.351179260701936e-05
11.664106130599976,-2.5794355626480217,-1.792284274544315,-19.67090078241963,-0.05842364793119594,0.19143908026747344,-0.10521906958275633,-0.6772395673639888,0.0031189358749767553,0.26028359225112263,0.00013384297917749138,-3.140984800681755,-0.0001812227992417424
11.672070980072021,-2.595762984192516,-1.5370091171914744,-19.63974885599071,-0.06722561621277831,0.19203140648608924,-0.1022386687829568,-0.6772375022938526,0.0031027274748852375,0.26024824688677406,0.00011994698775546984,-3.1410748859319186,-0.00011170741637727658
11.68205738067627,-2.4142048149792124,-1.6604561918305016,-19.712380357898457,-0.06658539086854966,0.2026803703342836,-0.09878923818919162,-0.6772481099466897,0.003140733343791433,0.2602571940973497,9.593841580190514e-05,-3.1410524621579587,-0.0001381808300872506
11.69204306602478,-2.5892940664028217,-1.6315488481374523,-19.601348107434486,-0.06120626376068372,0.1958055583224419,-0.10323976048385129,-0.6772633533935719,0.0031411615369867163,0.2602766697361544,1.2296080615258418e-05,-3.140981781828416,-0.00010289683612886848
11.702038764953613,-2.6907706338064803,-1.3726836882626459,-19.701035211163088,-0.06849170224687216,0.19328271910261274,-0.09944206644110415,-0.6772526503009285,0.003144044303390338,0.26025759390602604,0.00010724653333480126,-3.1410392997187473,-0.00011873266068680233
11.71204423904419,-2.738918152347649,-1.6431362303535424,-19.66029483125829,-0.060391119631012444,0.19396710175287282,-0.10065997715042356,-0.6772582355694833,0.0031215523958455517,0.2602656082327192,0.00016598026967528425,-3.1409990727133605,-0.00020268471598210752
11.722028255462646,-2.2949192860430716,-1.5252770948907868,-19.57852803974568,-0.06637038214059598,0.20376916573096396,-0.10206997960421167,-0.6772598561047098,0.0031270261550834745,0.26028988827690525,0.00014720134765147324,-3.140956650303766,-0.00012398903884909868
11.73003339767456,-2.501966725070322,-1.500572193225277,-19.48399190796445,-0.06497929628995602,0.1966756309807732,-0.10066989740069128,-0.6772577330288237,0.0031252669789849264,0.2602295981011797,7.126864195352024e-05,-3.141020932347505,-8.300717108854119e-05
11.740058898925781,-2.658690187231156,-1.6497194174510705,-19.574904808532807,-0.06430384504490685,0.19655260524943088,-0.0987207245640585,-0.677260743642072,0.0031423320607789217,0.2602372773679961,1.8817240184611918e-05,-3.141070089089742,-0.0001470001143236858
11.750014543533325,-2.5638273899437443,-1.823340460153329,-19.752696457220186,-0.056716293555564935,0.19810517453400733,-0.10161307702843966,-0.6772448191824104,0.003120356529511834,0.26026476501558576,0.00010799493543994874,-3.1410398035230087,-0.00016819902980018907
11.760065793991089,-2.291999235143939,-1.633548525687317,-19.675141230022675,-0.06274037420943739,0.20472430625761912,-0.1012435465902333,-0.6772498182892475,0.0031162809517090127,0.26024012238177874,0.00013277472622676262,-3.141061001129901,-2.983695595310859e-05
11.76804256439209,-2.6733100106417877,-1.4180153343419726,-19.592396686380212,-0.064786018478225,0.20038331913039634,-0.09909850022702435,-0.677246701935256,0.0031316563468231032,0.26025035865908674,4.9277202515937284e-05,-3.1410843283745637,-0.0001470564559885076
11.778016567230225,-2.397400998961473,-1.5880465418623897,-19.677024921933427,-0.05926135581732185,0.20624142044138966,-0.09971493158312983,-0.6772562789227541,0.003104343710559351,0.26026409520090643,0.0001400581630498634,-3.141034253066873,-9.900699546735835e-05
11.788156032562256,-2.156282122637864,-1.4756623624027838,-19.715953205737744,-0.06566416932349745,0.2107375455256998,-0.10391950193251821,-0.6772376418380824,0.003103323502377796,0.260232099644075,0.00013338717115050864,-3.1411053406495877,-0.00012097266593416391
11.796044111251831,-2.6610462395533494,-1.8369429976819902,-20.245642386356156,-0.06047710786381219,0.20091824843417996,-0.09811070751331141,-0.6772617757573616,0.0031197941227646755,0.26025478605705776,0.00011481961258261171,-3.141026049143754,-0.00010845535969861976
11.80611538887024,-2.6621485806784873,-1.7598432917818232,-19.756288572273768,-0.05661007657894502,0.20554663889079228,-0.10451346799479651,-0.6772569979984125,0.003110675026095133,0.2602405961684393,0.00011476563547295027,-3.141061656719407,-0.00014201523805975057
11.816113233566284,-2.254659926280668,-1.6542333785147416,-19.7353572237609,-0.05714080875718246,0.2173562720992209,-0.10241681537497134,-0.6772453249582469,0.0031087729137185076,0.26023694380095425,0.00012792168562561268,-3.141106812632577,-0.00013516548376752758
11.826047897338867,-2.587777341191351,-1.5777416930842891,-19.73368210469014,-0.05709154384569839,0.2179630409992693,-0.10192161639542344,-0.6772425438646791,0.0031306226521426723,0.26024929394855445,0.00012816597179742616,-3.1410661804865967,-7.407859122130239e-05
11.835931777954102,-3.150352281925315,-1.4520814481162663,-19.521529873429337,-0.052986583056977433,0.2275014167234227,-0.10110221413855762,-0.6772602581569133,0.003099244707720015,0.2602571460015041,0.00015900453818944844,-3.1410841593373915,-0.0001213411826376318
11.846063613891602,-2.9799703295961812,-1.4807376939372479,-19.4322320152396,-0.049330872732420844,0.25029044753610213,-0.09955198916689736,-0.677237929353394,0.0030693755412178744,0.2602619718941408,0.00023773245419764149,-3.141154253800452,-0.0001126545555118937
11.856065273284912,-3.232304298039984,-1.414774205188735,-19.52103384892373,-0.054361899604076266,0.24123871086120133,-0.10411096605316382,-0.6772337247217401,0.0031126744281990046,0.2602110472701457,0.000184932191971227,-3.1412116431050894,-7.247159101458487e-05
11.864120960235596,-3.3246284396818293,-1.347419886838458,-19.60191338631904,-0.059157581007524794,0.2378953264151227,-0.10157485150815383,-0.6772355950829225,0.003122538803465485,0.26022762308906244,9.473625929631957e-05,-3.1412091322975932,-9.486214052726315e-05
11.872050285339355,-3.0715820719032148,-1.5091440590471135,-19.63860187571422,-0.05344365754434923,0.24177291555759103,-0.10687124216432248,-0.6772353344419103,0.0031296575334857023,0.26022827759644573,5.761574601210974e-05,-3.141182126117986,-8.968094414579758e-05
11.88004469871521,-2.841658508557041,-1.368989006853025,-19.448041285271092,-0.05325572599813311,0.24736033685983136,-0.10770549857649317,-0.6772526794559806,0.0031485119552986597,0.260244677942958,8.759993396984988e-05,-3.1411364621401603,-0.0001565255624524952
11.888036012649536,-2.8749205323933285,-1.4718818374205702,-19.606249607808817,-0.053547306764280315,0.2427908763743263,-0.1040696489799925,-0.6772400759223082,0.003099344459550838,0.2602559555067563,0.00010837185347172,-3.1411406954096357,-3.745324080015419e-05
11.89814829826355,-3.176341518431236,-1.5524395775174424,-19.528676086995972,-0.04639299466232854,0.2346837383430188,-0.10137642376486997,-0.6772341530615914,0.0031236792377111458,0.26025108131347213,6.0449039786367286e-05,-3.141160393968791,-0.00011820686223359949
11.906059503555298,-2.7964517626210954,-1.2803535569921614,-19.466145164679734,-0.05272282752345572,0.2454086650257945,-0.10399454574486706,-0.677235099111125,0.003118003865528477,0.2602204332677429,8.830836679674594e-05,-3.1411979634397844,-0.00011053960261999052
11.91652536392212,-3.127603727962115,-1.599211630977636,-19.588250034264778,-0.04624811225041654,0.2351392908328727,-0.10322026423451597,-0.6772538524830927,0.0031006680997959037,0.26024332320472826,0.00016045432528876156,-3.1411154295567254,-7.299624536706409e-05
11.926154613494873,-2.822871365181975,-1.5408793315125502,-19.595704534813496,-0.05193839196110199,0.23813844512676483,-0.10084525687308503,-0.6772540581980682,0.0031318095047232417,0.26024872213562417,4.452035001796185e-05,-3.141092820943927,-4.5858540743717395e-05
11.934012413024902,-2.7018628670656155,-1.4527117949694563,-19.614069457838895,-0.06195221163343256,0.23692045342793217,-0.10174631132805334,-0.6772367213345688,0.0030956319506367912,0.26024166875992216,0.00017718871907103682,-3.141176829316302,-6.477192346952598e-05
11.942084789276123,-3.0757549653892857,-1.932806472872035,-19.545441250754028,-0.0507062236987215,0.22818282117289168,-0.09575406388456145,-0.6772466435490238,0.0030945714825669803,0.2602400745383398,0.0001797086987254801,-3.141149815846164,-0.00012156820147494861
11.952133655548096,-3.0781938459591864,-1.7035251156270255,-19.50272792772879,-0.04641936774731927,0.22706243908047052,-0.10148849696753195,-0.6772312551220853,0.003130649249731076,0.2602405206088497,1.8731211628695424e-05,-3.141161234644467,-7.958472684175771e-05
11.960068941116333,-2.635526257128023,-1.5301985441902137,-19.670792432515878,-0.05186126053056997,0.23637096390394952,-0.10056136554402495,-0.6772448737922124,0.0031245946975269486,0.26026277902116907,0.00010657788282653856,-3.141095882350931,-0.00016490962182837986
11.970080614089966,-2.6817373346350655,-1.5141340761256994,-19.602201367997672,-0.05240668806990447,0.23669976696341943,-0.10629005258201923,-0.6772392185373408,0.0031037041486022994,0.2602452813143309,0.00019732602793928083,-3.1411183291328935,-0.00011703204764882277
11.978064060211182,-2.6537374232613518,-1.7735169308090417,-19.479924661588353,-0.048292504617594885,0.23698595814088735,-0.10072649159952822,-0.6772179310400778,0.0031126934000038292,0.2602126359465078,0.00013475771803779968,-3.1412284829792942,-8.836089417774707e-05
11.988056182861328,-2.9495325043265024,-1.7212470082027533,-19.411284485410285,-0.050817737124136696,0.22787821334284752,-0.10170447746412453,-0.6772399780102528,0.0030982488333884937,0.2602281468251001,0.00014000328171144967,-3.1411745524822416,-6.078904080172787e-05
11.996095180511475,-2.888323136565785,-1.7514310515687617,-19.554866329782694,-0.05539000918770185,0.22240337394010834,-0.09876678679058443,-0.677239702875763,0.003125269569151375,0.2602303902737146,0.0001251227498188656,-3.141162081490542,-4.33987501907229e-05
12.004084587097168,-2.8989119972683963,-1.6588123650029698,-19.6037581160532,-0.05169107793671556,0.22791133502507066,-0.09915500244848702,-0.6772463209210529,0.0031218506809395155,0.26026214267318437,0.00013376628190102342,-3.1411337098259486,-0.000119301479062017
12.014004230499268,-2.458738557339626,-1.4409341627548213,-19.463365646665036,-0.056146056633492335,0.23349239381560755,-0.10216219585451003,-0.6772360472712342,0.003090470142249161,0.26027900956404265,0.00012625619459941383,-3.141120351321244,-0.00013121925203753658
12.024176597595215,-2.636504204106314,-1.8122177598707505,-19.63326509010649,-0.048330296559255505,0.23164936103101438,-0.10842458359304222,-0.6772470163372011,0.00313770930232786,0.2602806182627347,8.120247438819508e-05,-3.141048515724899,-3.347236156486393e-05
12.032115697860718,-2.701457677051539,-1.750987800920995,-19.448755057388862,-0.05239500052096227,0.23249530389015596,-0.10030584092919236,-0.6772515121513261,0.003129507808123308,0.26020959006303834,5.593786064408524e-05,-3.1412095983638273,-0.00010691022395944442
12.040041446685791,-2.604544481570794,-1.501550331036801,-19.524397817023043,-0.055621135876754026,0.23022348601158443,-0.09689379297842628,-0.6772404214406679,0.0030895946410628124,0.26023684495526056,0.00024398918221958476,-3.1411689949773525,-6.725023207423443e-05
12.0480318069458,-2.708298002022606,-1.1753647371237714,-19.53192316588045,-0.06399789340838977,0.233519508968382,-0.10049203458368375,-0.6772403990281027,0.003129531471289053,0.26025821398582605,0.00010826969642818255,-3.141147431464382,-8.198734831575505e-05
12.056404113769531,-2.3912233153736757,-1.2851047507269895,-19.611138559299086,-0.06203195456281573,0.2378036500828877,-0.10695094338021466,-0.6772405312317791,0.0031100657894735234,0.26025289424658965,0.00018539789776213814,-3.141098146947688,-9.221284242469098e-05
12.065909624099731,-2.364122207426653,-1.352007923866295,-19.62745004640902,-0.0564555537454911,0.23508833982371408,-0.10514304209911046,-0.6772331397166595,0.003090832322945217,0.26022614879465944,0.00010869642975666509,-3.141176778227306,-9.817686332237368e-05
12.073997497558594,-2.9778336416056232,-1.555141233883704,-19.622401086686228,-0.051191505272786895,0.217975011666811,-0.10169393419932972,-0.67724118448383,0.003103025554805629,0.26025352310733857,0.0002234236837210998,-3.1411135829654717,-0.00015227539161418948
12.084047794342041,-2.825468512349491,-1.44456274361088,-19.60224184076181,-0.057317752458650874,0.22374816527802002,-0.09706201936351425,-0.6772516368728914,0.0031156258210395527,0.2602162326599683,0.00013241053118767286,-3.141192253609304,-0.00011248969050273695
12.091938257217407,-2.4566895078186564,-1.4138608548291631,-19.597474688357398,-0.060543507313548524,0.23472575513068256,-0.1018315596985164,-0.6772457005887,0.0031233210639732122,0.2602997865328654,7.618186415775072e-05,-3.141062690316467,-7.576244574703008e-05
12.100449085235596,-2.539312115080648,-1.5203033282109775,-19.691376838055813,-0.05503542168296392,0.23306314157756597,-0.09525991862641059,-0.677228556179843,0.0031035860701018134,0.26023986675051547,0.00022826904610804118,-3.1411754522695996,-3.9138804820843396e-05
12.107924938201904,-2.618039322926648,-1.3679495706383091,-19.687272469675328,-0.05849784713143034,0.23452638544829502,-0.09719479613780824,-0.677254113798769,0.0031122071845133387,0.26029157866665253,0.00016490930585975522,-3.1410417253894565,-0.00013514033833047609
12.115921974182129,-2.542447202979262,-1.2192013735662937,-19.711851674005267,-0.05992965456591076,0.2356887655112544,-0.10178461304433029,-0.6772304508053714,0.0031095691579131344,0.26023669136204086,0.00017642470177814436,-3.1412004346902362,-0.00016491052005098892
12.125956058502197,-2.848543495804977,-1.3914048392676344,-19.615424809630902,-0.05738716338836523,0.22436994815002015,-0.10819189502622699,-0.6772344944233987,0.0031147203145675474,0.2602432232062468,0.0001388857505258184,-3.1411883670283354,-0.00010925472531784708
12.135958194732666,-3.021638370530227,-1.5135646699739533,-19.66867233519817,-0.05335124509772042,0.21925458604862272,-0.10044737751477063,-0.6772428498893548,0.0031292782691134326,0.2602533977224374,9.729276517871698e-06,-3.141126283946186,-6.190411093828183e-05
12.144063472747803,-2.7885744511049895,-1.26602412494998,-19.8025456078956,-0.061123782374467486,0.22770819034253947,-0.10531786131626222,-0.6772412192677119,0.003107823346164813,0.26026718079051686,0.00014667681635793084,-3.141123905227496,-0.00022402040234768055
12.154058933258057,-2.420703598985173,-1.2847957583309142,-19.850979682318908,-0.06079074811907449,0.23646844550872978,-0.10284128472281108,-0.6772375929405667,0.003113121629279407,0.26023767002401943,0.00017161792856080149,-3.1411533895727954,-0.00013178959689392458
12.164034843444824,-2.6319430053571207,-1.637465763712007,-19.921882530346792,-0.0520931900545056,0.2315300073754741,-0.10735257968462282,-0.6772494145956539,0.0031051921713555366,0.26029812944879854,8.92200591970012e-05,-3.141043409864691,-0.0001819687051813809
12.172024488449097,-2.6660658690862116,-1.551233882715117,-19.73879900791859,-0.05626689328362686,0.22777749410503426,-0.11222752470365546,-0.6772395882177147,0.0031034906039434144,0.26028832038459443,0.00019737822508692952,-3.141104713180692,-0.00016691711834141437
12.180140495300293,-2.7625094336317177,-1.3212907383926267,-19.686937061242848,-0.060378012609030245,0.23100387588377777,-0.0993197038301942,-0.6772477851484122,0.003095107571132311,0.26024259745428435,0.00019835795894797292,-3.1411503901870783,-0.00012601559023949331
12.188035726547241,-2.5550057511778608,-1.6435400108416727,-19.833437393804513,-0.05458110496569719,0.23263616733518466,-0.10239925272820484,-0.6772390402221815,0.0031318305383360237,0.2602337194306157,0.00016398605577281922,-3.1411675099733087,-0.00010132050909288218
12.196033239364624,-2.7427126832608346,-1.399306852486205,-19.96051536985725,-0.05742475301420673,0.23052201510420667,-0.10315956037421026,-0.6772354703211718,0.0030888628829884913,0.26023843055288653,0.00020514096979182297,-3.141167367433511,-0.00010821900058414768
12.20607304573059,-2.5095951221938257,-1.4766494470556983,-19.71624517946623,-0.05702183639386795,0.2389062408930331,-0.10136441422078361,-0.6772488604038772,0.0031272412025090054,0.26023344665398496,0.0001066373212349412,-3.141128228005024,-5.5800448995481644e-05
12.21603775024414,-2.6244587818475513,-1.5621695489387837,-19.787538511955,-0.056471595982412554,0.2339693956861178,-0.09958159909191198,-0.6772447753963008,0.0031032940920008366,0.26026218329050443,0.00013891778678988236,-3.1411404874934057,-8.425968998889726e-05
12.2241051197052,-2.523190742217167,-1.4766356669738376,-19.852390249851773,-0.05711965484358052,0.23884383786855187,-0.10222917196710996,-0.6772489950276912,0.003107013666631515,0.260252215878628,0.00017124412475567172,-3.141145149195287,-0.00012780660826773634
12.232014179229736,-2.8784900489631724,-1.8568441915504588,-19.838772504685,-0.05174235179261145,0.22590646296519626,-0.0954360970488936,-0.6772389353177483,0.0031143740991583894,0.2602435620598879,0.00013369987153520727,-3.1411799770808457,-0.00013794618629825464
12.240063667297363,-2.814073170261444,-1.515937196195384,-19.71425984477421,-0.05638827319041687,0.23086482363269142,-0.10054974176586164,-0.6772336698034519,0.0030958647007466545,0.2602407870915521,0.00020943590894453824,-3.1411823049044707,-0.00012259742469665236
12.248035669326782,-2.989982021829482,-1.443312292571502,-19.84665883410016,-0.056328380863135775,0.22978679604859262,-0.09642220867034726,-0.6772299891079195,0.0030930267549603534,0.2602409133051487,0.00022283074861275933,-3.14119089204029,-8.697810213381305e-05
12.256024599075317,-2.75653451592563,-1.4565262332191686,-19.635422517269454,-0.06099112254885976,0.23057457022363662,-0.10271079931896421,-0.6772431795113283,0.00309954700282426,0.2602535314883233,0.0001771430018192586,-3.141156183315884,-0.00011202552201722792
12.26405143737793,-2.596401142706601,-1.5590554698958425,-19.72656415168033,-0.05892089738689009,0.2354623289437784,-0.10689815361871961,-0.6772382508713812,0.003095112617689857,0.2602575486727252,0.00020651371088434409,-3.141143108775617,-0.00012380696779612643
12.273996114730835,-2.3986540174393975,-1.3312737319612737,-19.653404994282663,-0.060681729547738636,0.24111868778121848,-0.10519821009415302,-0.6772494173800969,0.0031239729454197577,0.26025492669699735,0.00010581820087201608,-3.1411609454995357,-0.00011825038394883391
12.284091472625732,-2.7097516121531173,-1.3562069371573269,-19.57633507787838,-0.06476937064256973,0.23411238275261584,-0.10650838477768566,-0.6772420584255534,0.00309809690374733,0.2602650582588727,0.0001330116739610549,-3.141136153326267,-0.00014522785851191103
12.294018983840942,-2.5492525868052973,-1.3398249460586107,-19.6749439450974,-0.06360784536264237,0.23830774136843857,-0.10927495397463614,-0.6772389544661873,0.003117635318041859,0.2602736712097304,9.997119952449303e-05,-3.1411303484187365,-0.00011352811530868361
12.302057027816772,-2.842783802495163,-1.6817152948007985,-19.698480777061135,-0.05566396639363992,0.23363618485830756,-0.10315018862109489,-0.6772509223931248,0.003132904459949491,0.2602710691350607,0.00013919381725388798,-3.1410984840955187,-0.00011688880025522748
12.309976816177368,-2.7404847776530725,-1.589741363225638,-19.904540228625788,-0.058777767796382725,0.23322741488740598,-0.10103037621434645,-0.6772373133249973,0.0031136236560776885,0.2602785490545055,9.45994796862455e-05,-3.1411365184361553,-0.00014522092856403276
12.318063020706177,-2.897347089973718,-1.5616909281799833,-19.716326942963676,-0.055894833529236534,0.23237635721644956,-0.10434841566699403,-0.677245670735283,0.003115670131905851,0.2602402229882508,0.00012027086280852372,-3.1411705281895053,-9.360465122717548e-05
12.328098058700562,-2.7802772101693947,-1.768857221812995,-19.64102329740026,-0.04844873818971288,0.23601062807536688,-0.10391353500106006,-0.6772423389225116,0.003118283858425615,0.2602588909520313,8.845585909349278e-05,-3.1411142079043053,-0.00011851777912896496
12.337985277175903,-2.374643676479586,-1.0307468848312311,-19.600228842541863,-0.06978821042657313,0.24072755951078023,-0.11400766284821895,-0.6772240492350604,0.003104907474507794,0.26023832211764975,0.00015942160718436684,-3.141179070030465,-3.791290715037721e-05
12.348038673400879,-2.70266903920592,-1.6279319688219787,-19.706640801333528,-0.05376663329538138,0.23672049056591243,-0.1098161452611954,-0.6772310644663415,0.003129915737996276,0.2602724243762665,0.00011270674171923496,-3.141135549204432,-2.5454347353166945e-05
12.358068466186523,-2.926180525053699,-1.632526370796334,-19.861143453084342,-0.05799348116942344,0.23260493340441532,-0.0991229740081285,-0.6772533443434029,0.0031192684629290693,0.26023417637819024,0.00013208688537144663,-3.1411835063408677,-7.499089883581178e-05
12.368097305297852,-2.798734466302669,-1.5303994512566557,-19.70876283874582,-0.05426614977338349,0.23629534178449885,-0.09600926012318045,-0.677234808271593,0.0031180032785483626,0.2602476283297043,0.00012674680349519823,-3.141193267455681,-0.0001123382406624673
12.376089096069336,-2.6362480710117198,-1.8273359374447606,-19.63301987669926,-0.05217883366536003,0.23991511511812508,-0.10366028758672996,-0.6772276396852692,0.0030827033666235262,0.26024592973140376,0.00017949058824232326,-3.1411771078474198,-7.913758444496051e-05
12.38598895072937,-2.9922785837883787,-1.6448101021429153,-19.604739343063244,-0.05416524299412633,0.2338908258327399,-0.10073371910582204,-0.6772449987271207,0.0030971980114634532,0.26023402773646054,0.00022512507403511561,-3.1411244264968197,-0.00013642659486759478
12.396108388900757,-2.7692764243354437,-1.3315535767201576,-19.693613664630732,-0.06398026937014903,0.24032537744755514,-0.1018883546134547,-0.6772260104306975,0.003130972398679084,0.2602326587452167,4.302192142826406e-06,-3.141193595155598,-4.013461027364745e-05
12.404055118560791,-2.758748374667937,-1.3279671569657314,-19.6134306541987,-0.0606411367964354,0.23656013139566187,-0.1064767979223327,-0.6772232598789335,0.003109508920781793,0.2602157558959015,0.00016405422960456774,-3.1412692298830116,-8.316851324561775e-05
12.412018537521362,-2.864217085667419,-1.2722757638257098,-19.88203598489701,-0.06169507928477854,0.2298637788829034,-0.09727949487755522,-0.6772458680406319,0.003142592647927305,0.2602750928809895,4.868734477114922e-05,-3.14108798838069,-0.00010109746588610298
12.420029640197754,-2.754369975043481,-1.4650610079565853,-19.55576956761759,-0.059532789482663266,0.23545711380655576,-0.09941366984316065,-0.6772363316334981,0.0031211858791926413,0.2602657677635565,9.973916593982433e-05,-3.141106958731367,-0.00013535300725973522
12.430001497268677,-2.518444539593395,-1.6209454751161432,-19.431259106782626,-0.05248854587884176,0.23982669604685083,-0.10257247467943491,-0.6772216631692446,0.0031327803049469483,0.2602590468110973,7.596031541361885e-05,-3.141180270017382,-0.0001378468369668128
12.437951564788818,-2.7766999181675116,-1.4998659793150224,-19.710694567224767,-0.05706852764263733,0.2405652121492559,-0.09331597165144383,-0.6772409843482012,0.0031219785361238355,0.260237747098148,9.502926833368431e-05,-3.1411619300681597,-8.40300878393901e-05
12.4459547996521,-2.8924076599736255,-1.6433579800843807,-19.6489966438533,-0.056730571524042234,0.23226461316606908,-0.10401519857329947,-0.6772495843785309,0.003094171618871391,0.26025238029268205,0.00024168448680170624,-3.1411362734634354,-5.880776125680056e-05
12.456034421920776,-2.9373802898903127,-1.568468703714748,-19.7750502362219,-0.0584354479145199,0.2350202014626182,-0.09669092543530663,-0.6772379470768765,0.0031141966581832528,0.2602800627469821,0.00012001569261296924,-3.14113737620453,-0.00015185568101339938
12.466036796569824,-2.7627393475974578,-1.600476658463944,-19.733829239684997,-0.054802384168821404,0.2388032108329897,-0.10983914464198315,-0.6772511110549669,0.0031108441133234606,0.26024971814950654,0.00013862231193290323,-3.1411798323184277,-0.0001236726496581771
12.476161241531372,-2.6673673136511127,-1.3433134522410988,-19.666819403370564,-0.06472452507910499,0.24280917557175175,-0.10132603513309467,-0.6772413487021985,0.0031327507201096873,0.26024150883529706,9.430242127790212e-05,-3.14115529345407,-0.00011217226018733645
12.484104871749878,-2.786326813667654,-1.526426982654482,-19.596619514458048,-0.055388966319938476,0.23567929747311558,-0.1022882725149773,-0.6772135298347035,0.003093377917259244,0.26022966715767837,0.00013832739171143149,-3.1412195012160256,-9.13359406374245e-05
12.492079257965088,-2.577327368696149,-1.528050620162601,-19.69203435299697,-0.05933680395786915,0.2402327852132555,-0.10781078205218338,-0.6772408616430293,0.0031070373515308903,0.2602498210247875,0.0001456557442354163,-3.1411670066449653,-0.00010165003836335174
12.50199818611145,-2.3701460715545997,-1.4159533091463306,-19.768833290747036,-0.05987319538414755,0.24922745746623232,-0.10230734980240482,-0.6772363522724167,0.003099549148009239,0.2602633595633387,0.00016491773142585016,-3.1411660459096837,-9.517668468089877e-05
12.512008905410767,-2.8745143463088154,-1.7307720702876404,-19.781042793143456,-0.052868812972252266,0.2401069678791101,-0.09981013853816434,-0.6772359733608597,0.003108520754122063,0.2602902198816282,0.00013874420858918837,-3.1411196367968746,-0.00011020097716286894
12.52197003364563,-2.5996067004824748,-1.444743825788761,-19.68611435654535,-0.058322882142696625,0.24219309412958076,-0.10769185212154371,-0.6772595609683699,0.0031177489270059885,0.26026404093307887,8.162972867324022e-05,-3.141088577451569,-6.194494067137512e-05
12.52995491027832,-2.736039348974354,-1.5233444974068926,-19.682427221501364,-0.06044311601250757,0.24178397345721692,-0.09554630869402224,-0.6772379243712862,0.003105308927961778,0.26023171788487764,0.00014653892827665917,-3.1411947343177014,-0.00017208283019513372
12.540029764175415,-2.8348934785909634,-1.4278959883236888,-19.654020639888373,-0.05837334315219232,0.24067224977135096,-0.10496243385368997,-0.677230740025789,0.003111735376006011,0.26026842569682473,0.00014587120081884506,-3.1411332081708734,-0.0001384552967594673
12.550060272216797,-2.9315061917330008,-1.5206101272636865,-19.796698746113524,-0.05304235748541649,0.23994309388818108,-0.09518570777572907,-0.6772535735913496,0.003121080699951022,0.2602671371541828,5.59977396156258e-05,-3.141108078595023,-0.00012754802992454868
12.560436487197876,-3.018907340002238,-1.780792526215651,-19.802713280177862,-0.05119326345301076,0.23863395612778218,-0.10748435806917803,-0.677234846320446,0.003115993528635854,0.2602495405619022,0.00014573616083605667,-3.14117030281022,-0.0001341653746502325
12.567957401275635,-2.7567110798324865,-1.5858373177867258,-19.814412221208592,-0.05416598320350615,0.24327436464652202,-0.1004736218863809,-0.6772302399886805,0.0031179682482179337,0.26023000028136867,0.00011331508000955475,-3.141224488030834,-0.00011670146026713785
12.577784061431885,-2.7087269819166253,-1.4097031117561143,-19.61337516435191,-0.0595589019198061,0.2458592013799122,-0.10803152698794043,-0.6772406338266416,0.0031270190973385933,0.26021831825903236,0.00014528227776296703,-3.14124863549845,-8.993284090372738e-05
12.586154222488403,-2.689152857338531,-1.7450122592189865,-19.63675892297522,-0.05389458071265661,0.2437152034642449,-0.10209142026417058,-0.6772343340676946,0.0031154789380053887,0.2602264222868842,0.00015071075123157754,-3.1412259943586913,-6.350862968769118e-05
12.593897819519043,-2.847086522581688,-1.6589956074473253,-19.759247902271543,-0.055618456246913306,0.24115141274898821,-0.10243196746983099,-0.6772345173332375,0.0030956548412854738,0.2601908702131853,0.00018345638153498609,-3.141302730204123,-7.696026115343802e-05
12.602023124694824,-2.8015003926616484,-1.6582919564518865,-19.725097797690044,-0.0549421964011015,0.24347607427719387,-0.10198902616540051,-0.6772386530724082,0.0031142228586710286,0.26023261032668554,0.00014564374595531487,-3.1411980835324522,-8.470428206965222e-05
12.61009931564331,-2.8672097010644797,-1.7958059602532157,-19.677723104594257,-0.05351727073039674,0.2378912845629472,-0.09174516428534385,-0.6772468883320688,0.0031105045045913297,0.2602587250138584,0.00017830071226308298,-3.1411081601198965,-7.46514065175304e-05
12.618076801300049,-2.6822342261245957,-1.6768251695982868,-19.664679045869953,-0.0560328463890797,0.246663210788779,-0.10280844671783186,-0.6772344585141941,0.0031313861958636607,0.26022876724649346,8.694208021134624e-05,-3.1412353402837234,-0.00013240086978487503
12.628035545349121,-2.5773078968003262,-1.5999477871398644,-19.79654758287962,-0.06020277516826656,0.24502729444143473,-0.10507545725103093,-0.6772408051441617,0.0031137618620054007,0.2602830766678552,0.00016431163397511307,-3.1411166013961362,-9.663096728795038e-05
12.637855291366577,-3.0752197764901754,-1.5014466438573424,-19.612353118811534,-0.06003343778801973,0.23566489073629293,-0.10425095829148448,-0.6772442386780017,0.003093336383608033,0.26022659317982866,0.00024896172648605146,-3.141210849446559,-0.0001815066311867867
12.645984172821045,-2.944905412062911,-1.5396272180982096,-19.613929503207526,-0.06081638203825461,0.23969655280251723,-0.10244432075375257,-0.6772386889971455,0.0030736940681237545,0.26024897111452416,0.0002190807940035075,-3.1411673675424256,-8.237958022712559e-05
12.653983354568481,-2.9897917532508487,-1.6394043438354882,-19.688560831489436,-0.05481543796338475,0.23812445474253421,-0.09519543989302395,-0.6772382560615777,0.0030849487862974873,0.26023620243752366,0.0002502378638085541,-3.1412118674565783,-6.813145044402891e-05
12.6640145778656,-3.1092992122593373,-1.7432085670129633,-19.986998550924792,-0.055503414994579045,0.24265220595679704,-0.0985704338367389,-0.677252905718063,0.0031079303889667087,0.2602953058034755,0.00015057996713623375,-3.141101984145569,-9.694161801091658e-05
12.67393946647644,-2.9599134164511187,-1.4440159812835924,-19.606188466972174,-0.06322790005107144,0.24348962959713985,-0.09775104829196307,-0.6772440605413733,0.0031064088252677345,0.2602935185234457,0.0001647097447238203,-3.1410677657844976,-0.00015963879782144048
12.684038400650024,-2.8871633826266803,-1.4925630101527667,-19.645775266519326,-0.05934311493919071,0.24475671448726624,-0.10619230385780211,-0.6772392618613977,0.003101766298214828,0.26024684033958706,0.0001599632561837399,-3.141168906993866,-0.00012009588942988183
12.693993091583252,-2.6315881208271232,-1.4736476558512877,-19.653597164518047,-0.059765098327176955,0.2506341879098458,-0.10016928544778624,-0.6772437082897668,0.0031157410950454372,0.26029661914029684,0.00017088834036068385,-3.1411052039392615,-0.00012182791521248091
12.7039794921875,-2.817530765445829,-1.3982880600444978,-19.522436960429367,-0.06385672778191423,0.24831303730857524,-0.10668788268155795,-0.6772376601138498,0.003147291630915767,0.2602586511933468,-5.334509655233049e-05,-3.141136508148871,-5.8668595496502717e-05
12.71396803855896,-2.783367041220348,-1.5965333974174003,-19.59928045865346,-0.05491385827488997,0.24893791052280842,-0.10666114808706134,-0.677250508930258,0.003075772579616692,0.26024581809177605,0.0002881602272845569,-3.1412028010118314,-6.436933256555267e-05
12.722015857696533,-2.8847978742676217,-1.4533484511023145,-19.648340462660876,-0.06056673778311622,0.24779565982307644,-0.09515624046470343,-0.6772389953147544,0.003085500948017583,0.26023865917676253,0.00021163402948846014,-3.1411809466445213,-8.484740737767869e-05
12.732038497924805,-2.839262578214684,-1.4417954898820344,-19.85817219084627,-0.05988688891484962,0.2482961440756536,-0.09893352309037537,-0.6772488336425072,0.003120627650571825,0.26024105397661523,0.00018511082041367,-3.1411914791137097,-0.0001084134575593557
12.739982604980469,-2.758895202565729,-1.4611822581071154,-19.717355792113143,-0.0617781911675099,0.25018083264271834,-0.09969644109463399,-0.6772181256088624,0.0030948817573134982,0.2602322164400846,0.00018328478241410763,-3.1412647195159646,-4.880483599188272e-05
12.747983932495117,-2.9862118850581965,-1.5495560318877342,-19.691084676130124,-0.060979495310426124,0.24669114033334927,-0.10116751895990289,-0.677254558242133,0.00312624700344982,0.2602508596367844,0.0001755000400042165,-3.1411602828447753,-0.00013759002509488205
12.755988597869873,-2.617910229119258,-1.5060726418750185,-19.55586771275116,-0.05992996613237316,0.25569022639075184,-0.10038327634813604,-0.6772329352509077,0.0030859661011229168,0.26027417830587607,0.000197960831832777,-3.141146687457756,-0.00012278823388438447
12.766016960144043,-3.0016680491850694,-1.559988636440377,-19.79980130190562,-0.05843228444546312,0.2500981613859996,-0.10198131743934642,-0.6772375587179295,0.003128952516544289,0.2602408920787189,8.94290711732647e-05,-3.14118806691136,-6.886465090908103e-05
12.776081323623657,-2.9619305153625994,-1.3857436677528774,-19.8175591715501,-0.06333034543311424,0.2517686267572866,-0.10519801269746154,-0.6772421319129499,0.003101302475932472,0.26024864854499696,0.00022460926678686708,-3.1412042668710876,-0.00013721261015623137
12.786020278930664,-2.745648759131722,-1.588869340141693,-19.961887730671208,-0.054805863674162514,0.25524280857018417,-0.10823285018489973,-0.677242568499115,0.003117627330750543,0.2602582863542712,0.0001387230236187021,-3.141168339065061,-0.00013497028855584034
12.795998096466064,-2.994904700726365,-1.317636898267023,-19.618444735632966,-0.06076936713389032,0.24861034910005522,-0.10337515185922896,-0.6772578579141117,0.0030720831579954975,0.26024803245318967,0.0001937357044049518,-3.141196386779502,-8.100622766781558e-05
12.806043863296509,-2.953062218953871,-1.6322998447102848,-19.539749077273306,-0.052045650479770854,0.25603668382940786,-0.10084335484117184,-0.6772239688811752,0.0031154913978714543,0.2602458526455178,0.00011256078446331178,-3.141266407518625,-0.00012948888991368008
12.816134452819824,-2.890345453325439,-1.6458455914450716,-19.73222467363618,-0.05823368582684555,0.25199374580769995,-0.1105109249939439,-0.6772525850849633,0.0031309378601964023,0.26025031602172377,5.4724580003275436e-05,-3.1411729362447907,-4.0308687825719735e-05
12.824082136154175,-3.1282671398143,-1.4534200458982098,-19.72543585323232,-0.05780951168649649,0.24671594965398533,-0.09845228633246406,-0.6772260789711859,0.003141112449610264,0.26022379655067146,3.5656226644157386e-05,-3.141281456616275,-0.0001244992468637788
12.833934783935547,-2.7325044762319335,-1.4468580950491328,-19.699823609118404,-0.05916127983197696,0.25922424366177155,-0.10312523712362491,-0.6772127750600886,0.0031349802493734367,0.26023274156981097,7.33586336085939e-05,-3.141258769776956,-7.892932095486376e-05
12.842359066009521,-3.036843687166342,-1.3711582675320453,-19.7521625840639,-0.06131587370817472,0.25645501444229823,-0.10167249648183152,-0.6772218627098809,0.003099808173469085,0.2602484266882146,0.00017733259224764862,-3.1412318490080504,-7.3977811560455e-05
12.85210371017456,-3.2339588814946842,-1.6273980453298122,-19.722078142860767,-0.04892823887734585,0.2538486689515953,-0.09812944760170497,-0.6772417523847895,0.0031048010557880395,0.26024059218272816,0.0001826215350042847,-3.1412189112233677,-9.197059476559577e-05
12.862017154693604,-3.0678255550003386,-1.7171244567240793,-19.69087659703241,-0.05348506436827577,0.2600907025777763,-0.10881883659919173,-0.677234505827881,0.003115507090042314,0.26022308899320234,0.0001473289814352689,-3.1412643715750157,-9.637883035107867e-05
12.872027397155762,-3.0584562333792875,-1.246214740026108,-19.72323979183356,-0.06110221650532262,0.2629898451679408,-0.09618077683384793,-0.677241727399374,0.003145631950262043,0.26022331405228694,8.648924514150199e-05,-3.1412697175605784,-0.00010242050933773435
12.88200044631958,-3.108206220913012,-1.375176727713492,-19.594242047444325,-0.05923986716261526,0.2607678669551275,-0.10103304026431918,-0.6772227037287942,0.0031178245012767067,0.26022187467329966,8.758285875296293e-05,-3.1412632695078666,-4.4618459850985915e-05
12.892021656036377,-2.7439398618412327,-1.47082217793431,-19.622123698073754,-0.05664571154605514,0.27407142310651084,-0.10571232979052002,-0.6772344878060788,0.0030769194472695803,0.2602337851623632,0.00019054736275131228,-3.1412619905491366,-6.437081618201119e-05
12.901962757110596,-3.0791367499575366,-1.1405432817401007,-19.647737311139466,-0.06291045620593391,0.2686353337810738,-0.1016079615245333,-0.6772281385984911,0.0031011584862545073,0.2602450617964931,0.0001446892281945624,-3.1412642793470362,-6.37150366268223e-05
12.91207242012024,-3.2028611730862377,-1.7119561098955969,-19.61901318476261,-0.05140454874247341,0.2681130711609617,-0.10310930095880663,-0.6772307951087458,0.0031025857813916182,0.26026563098524313,0.00011292829637160334,-3.141191126216498,-5.585013140550622e-05
12.920015096664429,-2.6981574132254225,-1.439225337257146,-19.582533426447664,-0.05136491430804751,0.2783311738271661,-0.10470145689661962,-0.677229140737468,0.0030910856782990757,0.2602567679839824,0.00020388128674416375,-3.141243467376486,-9.185585364907139e-05
12.92802906036377,-2.929980030105955,-1.4297913169790055,-19.563513695640015,-0.0542682296857268,0.27677542788786796,-0.10478031330292542,-0.6772267301333103,0.0030971384495548948,0.26024186612936684,0.00011332762623004325,-3.1412633236529777,-5.631769557186531e-05
12.93801474571228,-2.8973450496714395,-1.4115084704827503,-19.597194344322748,-0.056597285173225625,0.2787714856082482,-0.10442889167773693,-0.6772344579969222,0.0031204731639597723,0.26022569530109474,7.277088193613291e-05,-3.1412909797827515,-6.88547192613399e-05
12.945998430252075,-2.843046496775112,-1.4877047043059999,-19.3328103869171,-0.050101531953426634,0.27894334906674684,-0.10787199050238747,-0.6772290105495735,0.003126932933307092,0.2602734660849876,5.460405300919655e-05,-3.1411757311914847,-9.90205503925132e-05
12.953963279724121,-3.467580393345218,-1.6261527629041757,-19.662184467804927,-0.05064535874939431,0.2687995009338008,-0.10287258341341066,-0.6772394140793186,0.003114448941442054,0.26027833689775404,0.0001960120469253438,-3.1411660123389957,-9.541034558472387e-05
12.964011430740356,-2.9985244877664803,-1.4633944406503387,-19.540045152129032,-0.05265280715784585,0.28089902753421736,-0.109008553020586,-0.6772287014994598,0.00313576868688479,0.2602788424435995,4.223409412560676e-05,-3.1411981747396327,-0.00010418877006239059
12.97397780418396,-3.2741586343068407,-1.2562985404133342,-19.473331185879434,-0.054291276303653664,0.27133381854485816,-0.10155695151299556,-0.6772341964663896,0.00313811135935924,0.26021658410437015,3.3032734369786517e-06,-3.141290235668411,-4.7593263668207164e-05
12.983947277069092,-2.84351565259688,-1.1313015899059842,-19.570407784098517,-0.061232883371715535,0.27927354985958136,-0.10456862169559694,-0.6772197512623694,0.0030922365322597566,0.26022583523642817,0.00011835577340707307,-3.1413161019189637,-6.606013192537861e-05
12.993952512741089,-3.24610933115681,-1.5318102390480386,-19.541951662972615,-0.05070961783663876,0.27022935156720684,-0.09958635548418568,-0.6772221604530034,0.003084163564521201,0.26022507395257977,0.0002292720902358293,-3.1413062653213215,-3.0999891357609406e-05
13.002023220062256,-3.0035579429486066,-1.556258454132759,-19.711140627748247,-0.053057505700544405,0.279896487951717,-0.10021596253738337,-0.677232884433916,0.0031168872183820525,0.26025504991988146,8.728319818670385e-05,-3.1412230121222136,-9.072939964356587e-05
13.012063264846802,-3.4300170257118094,-1.5435605361283395,-19.718953796943598,-0.0486961310788212,0.2650786184549755,-0.09976026722272088,-0.6772329208441625,0.003151909699535087,0.2602609783890935,9.30563480162385e-05,-3.1412318994744575,-0.00011475367378379788
13.02000117301941,-2.9206638089294903,-1.4117297558188568,-19.691376465533338,-0.054231381952297326,0.278474676298461,-0.09946586037476468,-0.6772376916175328,0.003115776036778275,0.2602587096188032,0.00016494990788132587,-3.1412295664379597,-0.00010098151915435598
13.029948472976685,-3.3845704279304534,-1.7340218880646987,-19.801999875883766,-0.04444192460491403,0.26535734855695575,-0.10219715263423594,-0.6772380852439949,0.0031154751907763252,0.26024850983360687,0.00014423162763425168,-3.141284025686162,-7.671153106682174e-05
13.03993844985962,-3.15752352432301,-1.5528388114025595,-19.834918656138576,-0.04851608933666452,0.2752397287311322,-0.09732050571527288,-0.6772398925151084,0.003138200405258821,0.2602251105642269,6.16588061503711e-05,-3.1412800970424057,-0.00013044641714420987
13.050073146820068,-3.169642084103942,-1.774883220886214,-19.739056046298746,-0.047067371622554324,0.2731002978403036,-0.09726346335162857,-0.6772273297924292,0.0031159592649690204,0.26027236441620494,6.603645872989764e-05,-3.141228057806905,-0.00016872419789096268
13.060140609741211,-3.377792466210515,-1.3400925935589239,-19.910469509135833,-0.05382159569020052,0.27144108793656296,-0.09543556449535966,-0.677232715602717,0.003103271897510446,0.2602420362821978,0.00019605663835703133,-3.1412278276464765,-4.856244380084828e-05
13.067855596542358,-3.1568944509282573,-1.6813003475378725,-19.766951565319737,-0.04790317009997867,0.2714635044526292,-0.09893278408169401,-0.6772387984311166,0.003103798520227717,0.2602322061705199,0.0001499868752703677,-3.141269104115734,-6.903653780425384e-05
13.075934410095215,-3.074521596685024,-1.5630786569361066,-19.710102295884692,-0.05319163114717511,0.277068678590703,-0.10064354560735914,-0.677235230764138,0.0030913295757171474,0.26025679222016684,0.00023372223333145288,-3.1412408381531645,-2.5519073484795744e-05
13.084006309509277,-3.4033497947772444,-1.2543782493596882,-19.729938587005126,-0.057093855784391,0.267356960648541,-0.10139742751058824,-0.6772364569001167,0.0031171889166587085,0.26025715729493015,0.0001382439509598107,-3.1412123486998773,-8.730759331581134e-05
13.093994617462158,-3.312514191751266,-1.4404282192665636,-19.633503474156882,-0.054381894666827184,0.26796081001254957,-0.09433634521529446,-0.6772206233888894,0.003123274145768942,0.2602663678606577,0.00011208394358104954,-3.1412710950761666,-8.770272502397987e-05
13.104074716567993,-2.9257342576824663,-1.4702817583399024,-19.61642743479164,-0.047802600433378854,0.27949121147077705,-0.10135849456910874,-0.6772318010492714,0.0031194732142588435,0.2602708785802583,9.346969943234635e-05,-3.1412420354659187,-9.250394516604523e-05
13.112102508544922,-3.1836716852169813,-1.5472523217055256,-19.763498785890864,-0.049699805063960434,0.2708282365788639,-0.10426555408440738,-0.677239452702087,0.0031063548945050473,0.26026594827226285,0.00020773191730227126,-3.141206678762699,-8.159852796013877e-05
13.119873523712158,-3.410526984754215,-1.6276975638412903,-19.695954402972358,-0.049793344786864376,0.2691178112738059,-0.09557877171771771,-0.6772351501000031,0.0031096295588413617,0.2602758388347485,8.0443770637831e-05,-3.1411946127961694,-0.00010533659124787521
13.127795219421387,-3.089790070836652,-1.7411767162699838,-19.914511381539292,-0.04878614190420891,0.2770278920267308,-0.1015900818231319,-0.6772278178568385,0.0031040163162968973,0.2602455306793975,7.26537700911312e-05,-3.1412745639084445,-6.044516039482179e-05
13.137853384017944,-3.2021526920869237,-1.5176891602850622,-19.808107392748436,-0.05054639809791553,0.27002424468698416,-0.09589943449143919,-0.6772272544187343,0.00310783258025003,0.26023994456117194,0.00017025211285082547,-3.1412645825905527,-4.445814693016376e-05
13.14794659614563,-3.108394934963189,-1.4243547287127867,-19.713232097985358,-0.05607860358747669,0.2756626710766158,-0.10473450223874009,-0.6772343974733315,0.0031139234790983164,0.2602523275644195,0.00014564300613123892,-3.141236241500973,-0.00017745462084404456
13.155945301055908,-3.3747667126348504,-1.757143622970974,-19.804246414392633,-0.046050399043840125,0.2709312253726914,-0.0887667219707873,-0.677218505314819,0.0031276873954187634,0.2602447711325881,0.00012503588347079382,-3.1412934562381465,-0.00010632857193905485
13.165926456451416,-3.5710352165816013,-1.54827158432752,-19.72273923483128,-0.05137955449934331,0.26739928644576916,-0.09590016838070217,-0.6772285190878966,0.0030951271570936996,0.2602698520261973,0.00013902907247428941,-3.141261843599959,-0.00015110874574478985
13.175934553146362,-3.2044788077314963,-1.7072227551580146,-19.844478768121288,-0.04603890398058641,0.2748438316796514,-0.09801651191983475,-0.6772215682333256,0.003123169317875072,0.26025044341624887,2.9022467462235517e-05,-3.141290135358608,-7.689600615743787e-05
13.185922622680664,-3.2894423901967937,-1.8589792092254467,-19.824041721734286,-0.044592775652439624,0.27540226225361075,-0.09471555040250183,-0.6772294964321643,0.0031131736565802926,0.26025161691295406,0.00011984143414663408,-3.1412609814758587,-4.575255536440901e-05
13.19397759437561,-3.114255471717355,-1.612642893908266,-19.73161108610101,-0.049856277354206245,0.2802640845137192,-0.1012657300365736,-0.6772243261221891,0.0030974399357851586,0.26026334421074454,0.00016361392233924462,-3.141220096198621,-3.204928324033331e-05
13.204018592834473,-3.48945684686559,-1.5028238137316972,-19.52622316484373,-0.05219848454805555,0.270490543115128,-0.09500674748103595,-0.6772371623603418,0.00313081719668603,0.2602551069679341,0.00012518383813885615,-3.141242644323838,-0.00011131094472500324
13.21195101737976,-3.0873963380449876,-1.33233274026083,-19.594838570926267,-0.05689351656508374,0.28168737897106144,-0.09385776057865647,-0.6772233075054176,0.00309176802114658,0.2602575216113958,0.00013856962897771803,-3.1412595570766775,-6.529130415373592e-05
13.219990968704224,-3.2607888184145724,-1.4250636969525998,-19.509300064128656,-0.05118419064887023,0.2790819496470973,-0.09570727362586928,-0.6772204230302661,0.0031380527836264373,0.26026762601389236,9.064894050467816e-05,-3.14124984322301,-0.0001349654228142531
13.229929208755493,-3.0439067507689144,-1.4645362290961996,-19.622890002728546,-0.05004075360004915,0.2797501214457293,-0.09941678673548862,-0.6772153190551581,0.0030980050936967292,0.2602300688257902,0.00021440200978649316,-3.1412982835409484,-4.4984289876231764e-05
13.23995041847229,-2.97023913744927,-1.3455846006972478,-19.56849087234876,-0.055368252664806696,0.282196261841501,-0.10764058053479272,-0.6772297409596828,0.0030954794662091307,0.2602640717887932,0.00019083730403663445,-3.141256933329335,-0.00011365369085017139
13.250005722045898,-2.980731279714624,-1.1995013797034693,-19.563490767718395,-0.05821830201472253,0.28520536904075816,-0.1051162845853746,-0.6772214335879162,0.0030951533342185355,0.26023189788650347,0.00015731708575547908,-3.1413058394202555,-0.0001099085496288517
13.25999402999878,-3.245424760768187,-1.7056785209352632,-19.83888026239148,-0.04883899446681151,0.27860885573433836,-0.09057428179423113,-0.6772330654260998,0.0031058044290907484,0.26029614899222797,0.00015191302853095242,-3.1411975944910524,-0.0001114822615942813
13.267936706542969,-3.263941550507847,-1.484776708972961,-19.80029528346303,-0.05198655840827442,0.2769061166636909,-0.09284065123855921,-0.6772217806907876,0.003093237383336664,0.2602386188390857,0.0002096212151011897,-3.141299238839785,-4.484316411194883e-05
13.277892827987671,-3.304656442784929,-1.6396661103887487,-19.757822925392496,-0.04690365568831123,0.27921651541997583,-0.09668887912801884,-0.6772142116964557,0.0031421255297111807,0.26025885299196205,1.6105438644565443e-05,-3.141297160538458,-4.5656258110467384e-05
13.290724039077759,-3.3548482985941197,-1.5492777762354155,-19.785287823133608,-0.048649990547830056,0.2823253687856025,-0.09468337471661886,-0.6772290716733287,0.0030834496538168165,0.2602279730711521,0.00020394914133783416,-3.141280190581185,-5.755052318999065e-06
13.30190896987915,-3.001367555209564,-1.283470924797357,-19.677794229866162,-0.05752990761805817,0.28880325968031595,-0.10239960712145577,-0.6772230587800632,0.0031206099101676625,0.26025831488690354,0.00018114386886760944,-3.1412678331683836,-6.957920873463547e-05
13.311943531036377,-2.9884554300855286,-1.3739423132719089,-19.6562890442532,-0.053930033943174145,0.28739638892063574,-0.10367824365998121,-0.6772246732304941,0.0031245015685073415,0.2602600268575717,0.00011793960980445926,-3.141284181041098,-3.844152904837466e-05
13.321954011917114,-3.2082422889194566,-1.4173330738880552,-19.72663661585479,-0.04763578088981951,0.286863743569408,-0.10359778990570535,-0.6772406876558527,0.003111973329291517,0.26023744610189614,0.00011936103905168816,-3.1413135139542683,-0.00010011180541443029
13.329949855804443,-3.076891853634158,-1.140458109506795,-19.485004236541442,-0.0566532807317867,0.2834892443811343,-0.10484948981826334,-0.6772305139656631,0.0031266519222896824,0.26023417198734367,0.0001699985500852874,-3.1412945224310627,-0.00010142318934454436
13.337968587875366,-3.2415720151435585,-1.1592413961358443,-19.62990515437064,-0.056941793429733795,0.2856947072705845,-0.0991821329482291,-0.6772220113828181,0.003109033883256445,0.2602583125305141,0.0001429000219207548,-3.141279137282758,-0.00015689682973626148
13.347927808761597,-3.091688567261695,-1.4682323119830067,-19.682408537143395,-0.04428207603810568,0.28678537034702795,-0.1010715646053864,-0.6772319658414984,0.0031331392262121662,0.2602697255226311,2.8092200150515893e-05,-3.1412625589299497,-0.00011196217720954047
13.357932090759277,-3.3061271112636694,-1.6298300852871492,-19.899310974336892,-0.05024995044477563,0.28002048939000806,-0.10003356680396597,-0.6772171900770676,0.003109433184127236,0.2602196691334705,0.0001255603330458882,-3.14134928004101,-2.8703729277768175e-05
13.366012334823608,-3.3013624515207427,-1.723682587712939,-19.664009198282226,-0.043864410599270584,0.28401235636635774,-0.10067739502199008,-0.6772254628262963,0.0031316653141261483,0.26022604383289416,6.574074367355297e-05,-3.141322267769993,-4.508564378277489e-05
13.373979330062866,-3.072913211520838,-1.5117514782878338,-19.526969135927065,-0.05187505538474493,0.2898271676131981,-0.09269663694488374,-0.677231023528644,0.003133335040039799,0.2602582893332102,7.448108110662557e-05,-3.1412225366525,-5.041138474892631e-05
13.382014751434326,-3.271540925890455,-1.6088177394205352,-19.806664304113184,-0.048754439271710956,0.2838624078078334,-0.09849090085300928,-0.6772199203250555,0.0031211016436316803,0.26026295408069283,0.00011916630709228993,-3.141251861803174,-0.00010827705426216574
13.38999319076538,-3.0884498392794737,-1.3806322984545771,-19.760539074990202,-0.04576526688842778,0.2909966950612948,-0.09802825720449165,-0.677233243682781,0.0030905349734711473,0.2602313314627821,0.00022477746587829268,-3.1412877461946307,-0.0001012581734139617
13.398101568222046,-3.339687817160271,-1.4465674109393123,-19.76382538152261,-0.049077056204949086,0.28319582246807595,-0.09526273709460939,-0.6772204970238149,0.003148794265247975,0.26027276984086006,6.676456758936891e-05,-3.141290780966579,-8.612460466842588e-05
13.40595555305481,-3.45887196528311,-1.573895968965746,-19.799351097240905,-0.04662958772287323,0.28078708107093675,-0.09406315985761114,-0.6772188617924955,0.0031183707882867662,0.26025635348572074,6.097975885311209e-05,-3.1412981365369776,-7.151080251439964e-06
13.416106224060059,-3.2445328079225604,-1.4834445662195428,-19.72240299087754,-0.048441789452991116,0.28928044237948264,-0.09240231288022266,-0.677220060359876,0.0030954560826993737,0.2602678920115293,9.425851660012884e-05,-3.1412582778605276,-9.863093596863995e-05
13.426116466522217,-3.0992728533472627,-1.569190178150154,-19.68249365803269,-0.04932230409021507,0.28600500118080396,-0.09514530044865309,-0.6772276825571752,0.0031259730635700405,0.2602595611102082,6.768568150483824e-05,-3.1412917577944492,-0.00010024606095246587
13.436074495315552,-3.123685692209623,-1.3804404096216933,-19.861778510138635,-0.054412432472437273,0.2887987097339026,-0.09357264185502058,-0.6772208469412344,0.0031447194172773765,0.2602438904078625,9.29938830721239e-06,-3.1413202650685146,-5.733420130641416e-05
13.446076154708862,-3.5586460831752227,-1.68544280479858,-19.705640114155937,-0.04347249605407881,0.2812465096131607,-0.09843887653825287,-0.6772351324741214,0.003131159699268748,0.2602661092580222,0.00010691079023853519,-3.141245856030509,-4.543990444450345e-05
13.456003189086914,-3.3986945696954516,-1.6316110958136127,-19.566510581784048,-0.045738099097865095,0.2855339759891904,-0.10186066154176754,-0.6772345750427701,0.0031142837292355697,0.2602509865761367,0.00016426143631936588,-3.14129843874473,-6.448823092304098e-05
13.46599006652832,-3.429320443038886,-1.2414421066919907,-19.667870884852455,-0.05364830743319554,0.28391602328709503,-0.09388139274128925,-0.6772196002811047,0.0031141986081679976,0.26024800039919993,4.9202085365726614e-05,-3.14130235675117,-0.0001111727365033499
13.476168870925903,-3.2517413848573726,-1.3869958165075427,-19.717385015113592,-0.052811917759845436,0.28763555841249006,-0.10082523668004646,-0.6772248296052624,0.0031366989326487567,0.2602658218390189,4.668121947971926e-05,-3.141287440187955,-0.00010166015485979941
13.48403549194336,-3.088847226419542,-1.5293642056293912,-19.60164659408239,-0.04726461888681087,0.2954077202246564,-0.10144181015123027,-0.6772267489467265,0.003126223372620154,0.26026920640927487,3.0168940643356483e-05,-3.1412861715983382,-0.00015483521617067037
13.492054224014282,-3.1434520998384805,-1.7430581459662828,-19.701621477944865,-0.0432714106882362,0.29233704644555036,-0.09377094666878737,-0.6772188363083271,0.003136977968980415,0.26024016198967936,1.6204879368598686e-05,-3.141316752655245,-7.060687184650557e-05
13.501963376998901,-3.210184873879869,-1.233509793739739,-19.70184511928852,-0.055775861433828955,0.293002379097272,-0.10414673578093606,-0.6772133074743806,0.003075492574247839,0.2602217376199867,0.0002544287561518929,-3.141344050703103,7.871902508992885e-06
13.512039184570312,-3.1983487963985495,-1.2585131501736093,-19.650332491383654,-0.05107397718361515,0.2904424011651929,-0.10265805210800154,-0.6772203573925909,0.003114388233875074,0.2602378960999963,0.00014401247650940903,-3.1413418376422313,-9.855475135542152e-05
13.521979331970215,-3.299743673215069,-1.6007733682251262,-19.76034481256313,-0.04536808193603781,0.29130625242715813,-0.10436475956476257,-0.677236582689392,0.003087192852779669,0.2602211251171107,0.00017800251486761005,-3.141322582859141,-2.593175764441075e-05
13.530027389526367,-3.2443664951523723,-1.4119267573059475,-19.69668761916317,-0.050298680757309554,0.29301588429747333,-0.09831057594670153,-0.6772256363317958,0.0031197872237660406,0.26021581478661415,9.976643393893122e-05,-3.1413719127052464,-2.9216406120809257e-05
13.540237188339233,-3.163987120647085,-1.265467749406663,-19.869290791642708,-0.05685971927454395,0.29483512682860596,-0.09466152451503541,-0.6772249563538448,0.003134844020508944,0.2603023365011525,6.956296105046783e-05,-3.1411916257904404,-7.287313650203157e-05
13.548158168792725,-3.2498579257044344,-1.4576863327429592,-19.67861528502745,-0.05671018194070501,0.2904518499979712,-0.0991129413328508,-0.6772103963287153,0.0031199653222695987,0.2602942049490261,5.42247788296863e-05,-3.141251100408744,-7.513175431032961e-05
13.556264162063599,-3.115975710441896,-1.505970524962424,-19.76296692230943,-0.04692941700812931,0.29671965611317064,-0.10334333326416933,-0.6772282906617855,0.003114626936131295,0.26024317542688,0.00013774353126447657,-3.1412825491962773,-5.0267324234552156e-05
13.566002607345581,-3.352934565469821,-1.623326689462504,-19.691241842387377,-0.045043751663733235,0.2907408551165122,-0.10052395365296257,-0.6772212387070625,0.0031376713497103504,0.2602529363716342,6.670325982701466e-05,-3.1413267568291006,-6.990146190223962e-05
13.576130628585815,-3.020371978016652,-1.4987283270843024,-19.771245880311138,-0.04672222096594193,0.299121108419551,-0.09984524522573207,-0.6772271426393021,0.003122558421016921,0.2602840389115063,0.00011839597072883043,-3.141271387649485,-0.00013601892918971772
13.583897829055786,-3.437312046684957,-1.3856894656973189,-19.864258265461746,-0.05096331456052783,0.2913578040395558,-0.09382227313373004,-0.6772274002466031,0.003129235470432318,0.2602353841382604,5.588143304394563e-05,-3.141321298468252,-0.0001433262150739378
13.593988418579102,-2.9929106630857407,-1.669408955344015,-19.790560976487996,-0.0462378767796173,0.299063900106222,-0.0962835870101188,-0.6772247621364627,0.003128522974925999,0.2602612950999718,5.509656808199691e-05,-3.141333791229055,-8.18974031586897e-06
13.6038978099823,-3.430479405104512,-1.3658171169007798,-19.7332838062183,-0.05293844887054185,0.29172136785501857,-0.09658234392384778,-0.6772214359639507,0.0030969366866849413,0.26022109761914075,0.00016326561735964472,-3.1413872623962154,-0.00011070329710957479
13.613905668258667,-3.3970314724696564,-1.539273338199694,-19.937219003109725,-0.05051224910784649,0.293044069389267,-0.0932179476628411,-0.6771965608961947,0.003080795535396749,0.2602188961910281,0.0001885241822358194,-3.1414228504405934,7.436018954981378e-05
13.621994495391846,-3.2729074620985528,-1.491587078578142,-19.769563546638494,-0.045877549193113036,0.2956968312088294,-0.09920356988046612,-0.6772232585943845,0.0031436203721117682,0.26026552646073886,8.764752703368568e-05,-3.1412481180955405,-0.00010190330160575742
13.629918813705444,-3.2297831139094475,-1.5343348278964826,-19.628347335920864,-0.047831074354208976,0.2998118237632389,-0.09385109117860556,-0.6772226854062305,0.0031312393951650357,0.2602727797621615,3.491212089845856e-05,-3.141256568863402,-3.279841116243564e-05
13.640066385269165,-3.2794817609503943,-1.390190675658729,-19.676101755432054,-0.04792804735126248,0.2964378133681109,-0.0960639968770366,-0.6772250471090544,0.0031152458007989068,0.26025314964980173,5.389740216387604e-05,-3.1413268251813173,-5.538786336135305e-05
13.649962902069092,-3.312725494414161,-1.5693780159776654,-19.655051112389067,-0.04400710611817486,0.29752694701819227,-0.09526795128748926,-0.6772428501138725,0.0031335612519379046,0.2602705937492359,0.00013844995412550575,-3.141285306934839,-9.03719139757288e-05
13.66003131866455,-3.287144377701652,-1.415394520477721,-19.751858155076192,-0.050062301390285266,0.2969945105714435,-0.09301007788304033,-0.6772069894786654,0.003080237126639942,0.26023888889200597,0.00020254389971139156,-3.141398638127788,1.2845289338157915e-05
13.669959545135498,-3.162005230215554,-1.331898571008521,-19.685348408542197,-0.054155113755004154,0.30414294700598377,-0.09816413577625546,-0.6772296982455237,0.0030874675502435625,0.2602466907303836,0.00018952057756088366,-3.141326889918742,-5.0758790958955854e-05
13.677995920181274,-3.5587938891888435,-1.502632801359411,-19.675746358484197,-0.04629188578037495,0.2933467408138526,-0.09904663714775831,-0.6772415920910392,0.0030997698074545156,0.26026031383121867,0.00011907036210038604,-3.141292308910885,-2.8390025276791678e-05
13.688058853149414,-3.671817313842885,-1.5460961336080972,-19.84246118729662,-0.046416832842835695,0.292345011211037,-0.0962390459922326,-0.677233842921,0.003099385487339034,0.2602502223279384,8.615148306188756e-05,-3.141313461859073,-8.077556514219661e-08
13.697978973388672,-3.183084986391934,-1.674575040439677,-19.787681498512967,-0.037599182431926705,0.3058680035701773,-0.09836555113242015,-0.6772226328381541,0.003125274613787539,0.26023822959217724,5.3648945722268596e-05,-3.1413109117999527,-2.9395859473224863e-06
13.707980155944824,-3.482201724619016,-1.4576801249157851,-19.59483332601087,-0.04526554896515777,0.29842118119216626,-0.09687530622204983,-0.677232290853319,0.0031457762071275533,0.2602717642608823,5.331241667073635e-05,-3.141276261981769,-8.625981179979842e-05
13.718109369277954,-3.347151189750628,-1.2677409717759647,-19.751810351172168,-0.04979003420663786,0.3017217551451818,-0.09465123236493314,-0.6772109855752734,0.003128994914935185,0.26024457456057815,8.06594182998607e-05,-3.141373081630993,-4.811462397762275e-05
13.72599482536316,-3.4621468119022376,-1.3743736231373374,-20.016289561052833,-0.05155852118044694,0.29829697280605266,-0.09213568531611976,-0.6772351723920214,0.0031003638101044155,0.2602532185149269,7.483947634689549e-05,-3.141317483000722,-6.0747792209479054e-05
13.736012697219849,-3.366189090669015,-1.478301623124438,-20.066666551873286,-0.05104924564941565,0.30134319288294126,-0.09593950333074622,-0.67722373585777,0.0031348935590276516,0.2602326320419935,9.171182355214274e-05,-3.1413851633761163,4.741053691021082e-05
13.745942115783691,-3.4533279819730427,-1.5219528902953292,-19.796238821784424,-0.042807739799788275,0.29892793883629376,-0.10586065604801874,-0.6772225555012503,0.0031289128071691668,0.26025075681154874,6.877774248878615e-05,-3.141342237215823,-6.497372304002135e-05
13.756014347076416,-3.053892124760962,-1.1651600067857186,-19.82629232807457,-0.05620385705606729,0.3097792192060997,-0.10249941575070204,-0.6772243155720895,0.003145939921277963,0.2602444849318305,4.8101660748887475e-05,-3.141326946507514,-6.290613393682703e-05
13.763988733291626,-3.3236397423392066,-1.5312656303611518,-19.64886139944698,-0.04011644092656796,0.3019574452768498,-0.09358630179576073,-0.6772233913009187,0.003114538840634943,0.2602601574347773,0.00015746897144461157,-3.1413032968881276,-0.00010342608825288105
13.773947715759277,-3.559776619350758,-1.5003672510955846,-19.851252510244716,-0.04881094439232371,0.2971801019705799,-0.09669381853865976,-0.6772306130912941,0.003077852574883952,0.26024269124557864,0.00017328447251870253,-3.1413128413583125,-4.3710174337434564e-05
13.78400206565857,-3.2613237543754834,-1.6793933604992168,-19.695155433746713,-0.03547661016142316,0.30787526874348625,-0.0978737878507751,-0.6772064801158849,0.003107425001784327,0.260243520149849,0.00012496142211018517,-3.141372869582972,-6.950958602487083e-05
13.793994426727295,-3.6500255083600033,-1.6859977014574448,-19.783928155287597,-0.042641157755413994,0.29730789337553865,-0.09472508175774987,-0.6772205968924249,0.003089814240055726,0.260269310125739,0.00012063514782378883,-3.1413009292129583,-8.512223460491491e-05
13.803945779800415,-3.253136153089582,-1.3411471145103342,-19.671685561316032,-0.0473399297453026,0.3067528444974309,-0.09959891986869053,-0.6772206686234356,0.003103344736995141,0.2602456000786605,0.00012356391127567312,-3.1413431656550057,-5.00718616722041e-05
13.814006328582764,-3.318016052509426,-1.5532353668942254,-19.935161879820065,-0.044779929443076995,0.3018708541873125,-0.09538950427156016,-0.677217440233022,0.0030952272113867305,0.26028343988358876,7.985314335610487e-05,-3.1413073934179434,-7.631651313099167e-05
13.824085474014282,-3.274806590541846,-1.5779214283908383,-19.84514077202374,-0.04443885247357662,0.30895243050126747,-0.0984913909462454,-0.6772139169484608,0.003122319002920501,0.2602347110796345,0.00012270003327787555,-3.1413753299670173,-9.114736610830915e-06
13.833930730819702,-3.4536002196213333,-1.3920590530991974,-19.740116830410926,-0.04539453758613507,0.3042442935880794,-0.10015431581340328,-0.6772225348615304,0.0030905810438668535,0.2602548790660602,0.0001584389007189938,-3.141352849991012,-6.85156599322356e-05
13.844151973724365,-3.440579811661744,-1.5367205467118124,-19.775054553655238,-0.045478971437155256,0.3042216185838032,-0.09941568593093833,-0.6772128427117375,0.003097861711573081,0.2602439152046794,6.884251049092888e-05,-3.141364593274195,-0.0001249241579935709
13.851950645446777,-3.3904219693841955,-1.727054577728103,-19.89084863285323,-0.03509143346714538,0.3071964905072522,-0.09958203749227071,-0.677217097038807,0.003107166575533192,0.2602438733919907,0.00017849151575988087,-3.1413916596221623,-7.513505552700985e-05
13.861994504928589,-3.7085677737856373,-1.772793212977281,-19.64825938652355,-0.03310753525105348,0.3013797068393514,-0.09910683769794768,-0.6772146593414828,0.0031005603518731496,0.26028731954249923,0.0001504480573492589,-3.141289611749536,-8.88619501671331e-05
13.87207317352295,-3.3142934474226817,-1.426948973079015,-19.755337622021074,-0.04240915585196472,0.310238785733751,-0.09365560503704222,-0.6772214304448506,0.0031274396501539577,0.2602586337476617,0.0001222313412985823,-3.141367367455281,-5.708041902995017e-05
13.881974220275879,-3.7337664079841266,-1.3925502459324155,-19.721332434100905,-0.04539649132810914,0.3007018576786623,-0.09913274082842999,-0.6772250304940827,0.003094453344732311,0.2602379817643873,0.0002345701057168138,-3.14133723153589,-4.046136279335466e-05
13.8920419216156,-3.676086052341726,-1.4822408193354766,-19.566494525515793,-0.04306373102482386,0.3037094899582033,-0.09279153492807372,-0.6772173976228423,0.0031275396774300235,0.26023123876374976,0.00011753719980981424,-3.141375930359958,-7.999368195971524e-05
13.89993929862976,-3.4045242329156444,-1.3210494649773978,-19.762050404117105,-0.04608163516008789,0.3110337497556143,-0.09946273309040414,-0.6772199225952993,0.003096235768157217,0.2602519907571861,0.00013681600041096453,-3.14134681716146,1.5215510500452326e-05
13.910005331039429,-3.3491428662959555,-1.5583938674580062,-19.603262378043667,-0.04509623690972779,0.31183369964549,-0.10130772985701426,-0.6772232638772615,0.0031340178989536587,0.26024285011343884,-1.687061643211928e-05,-3.141373620847504,-3.582408913051767e-05
13.920162677764893,-3.311211195794671,-1.4366895487886295,-19.623609959860055,-0.03981868778503866,0.3134577638713262,-0.09433912941525184,-0.6772422002071204,0.003138226478679618,0.260260440808914,8.72917009089287e-06,-3.141313013333438,-6.00487137879164e-05
13.928072929382324,-3.288482356116303,-1.4552674447684604,-19.506073085894997,-0.04347147200062173,0.31263631290273974,-0.10376298043855876,-0.6772163545795444,0.0031074747081478718,0.2602812521596095,8.13761900904799e-05,-3.14131256294922,-0.00010827136408799488
13.936025619506836,-3.5727231956497225,-1.569835156406481,-19.37635986409176,-0.040326522374806974,0.3080981600282516,-0.09947131837531079,-0.6772132085899791,0.0031147046507894083,0.2602437168243177,3.448726716371023e-05,-3.141414686294981,-0.00010216360967414138
13.946030855178833,-3.473097937472435,-1.4353501104016297,-19.536499610370463,-0.04093297088101821,0.31268905432188887,-0.09174104302889079,-0.6772086011925055,0.0030769990017231303,0.260245855315698,0.0001775215002200436,-3.1413562279725,-7.253338932865455e-05
13.95595097541809,-3.826999237315967,-1.5634161818107435,-19.629839335569574,-0.03937216421482543,0.3062905500031898,-0.08862535047999044,-0.6772284174015578,0.0030795910467475793,0.26027072655631855,0.00018399240643676696,-3.14131513038153,-0.0001074639609159894
13.964059114456177,-3.6637163044381693,-1.9094770059506985,-19.694026573049307,-0.03401383898129412,0.3098850404806834,-0.09465586895552014,-0.6772198245205499,0.0030781661304053447,0.26027732982886254,0.00028645080318167974,-3.141322940017073,-6.44781502937041e-05
13.97205901145935,-3.6200360850899327,-1.5612316965831612,-19.667249108620016,-0.042208712250002174,0.3148375386821556,-0.09640997474364643,-0.6772107893845053,0.0031310845080365626,0.2602673771328991,2.260166020345579e-05,-3.141368668735375,-8.262183264149242e-05
13.98201847076416,-3.4842025932715215,-1.333314491747686,-19.706235431078525,-0.04086952227213574,0.32023079300381907,-0.09999922183039936,-0.6772166061651291,0.0031268467266522128,0.2602647958363518,2.948789790446079e-05,-3.141348683069761,-3.4101855126687494e-06
13.989975929260254,-3.4209465864136446,-1.4886127711023422,-19.86308100112152,-0.04217164549541676,0.3199570707838627,-0.10014783497449663,-0.677209859639406,0.003083467982986073,0.2602752673624717,0.00015105958328862686,-3.14138211396921,-3.333463028700497e-05
13.998019218444824,-3.621076917413036,-1.730123877160031,-19.964941113645303,-0.03704074491541273,0.3160874557108424,-0.09300504110914096,-0.677230650006387,0.0031445333780333574,0.26029079844003755,-9.890223811087036e-06,-3.1412695220477564,-8.399747621355949e-05
14.005964994430542,-3.815331583503657,-1.424316941006483,-19.965175658152457,-0.04465545406349043,0.31443393346810267,-0.09092150344458153,-0.6772128209739948,0.0031219993196160366,0.26026010354958207,0.00010502588737696144,-3.1413698790273465,-8.822338104153925e-06
14.013965845108032,-3.525504619167963,-1.496642958478033,-19.805671850666588,-0.03531209480111725,0.3225407003504327,-0.09265965882430578,-0.6772226157928929,0.003132367709074497,0.260262278348552,9.232865987973736e-05,-3.1413529252451453,-2.3508735162353766e-05
14.024067163467407,-3.4554271154459335,-1.3293548150238819,-19.817787057817824,-0.04483793742308315,0.32616487336079864,-0.09699913343401796,-0.6772210683833016,0.0031112973925594544,0.2602513746948232,6.667819846420773e-05,-3.141388409717025,-3.1199480484541786e-05
14.033995628356934,-3.522055952445245,-1.3581741539334984,-19.855062066666427,-0.04473003168933518,0.32536879373584554,-0.0956327329840534,-0.6772351888146799,0.0031077950079161218,0.2603004150129794,0.00013157101652700034,-3.141259580823945,-0.00014537389606245085
14.043922424316406,-3.4037484828628113,-1.5305137826985276,-19.784536942014753,-0.03879037606945892,0.3299090279194968,-0.0949416341825371,-0.6772098916557682,0.0031265339228581913,0.260263258479143,4.731700281679181e-05,-3.1413770315302396,-8.7554253548388e-05
14.05195665359497,-3.7527884063866566,-1.5702086347700115,-19.79446033109899,-0.03920117994313787,0.3219727481395832,-0.09988110456370494,-0.6772231028661038,0.0031205466343909934,0.2602291710724367,6.018129172284342e-05,-3.141400735204963,6.557176716626037e-06
14.060053825378418,-3.521179464346234,-1.4420663808173455,-19.689087067885605,-0.04003292103334043,0.3212289416461415,-0.09884791222040233,-0.6772234068484239,0.0031067195155353835,0.26025061393636034,0.00017021891981610374,-3.141373570305452,-4.815920179308668e-05
14.067956686019897,-3.6854547438267926,-1.5037158861391131,-19.67761281825228,-0.03973993168315458,0.3146038418757679,-0.09558010129769592,-0.6772283423971535,0.00310976558797048,0.26027799500750914,0.0001498552970163568,-3.141338976256393,-0.00012674139108558385
14.075911283493042,-3.477414785439733,-1.368550500313352,-19.824421608228867,-0.042229073241223956,0.320242492717924,-0.10233148538982789,-0.6772192135241072,0.00314364293094773,0.26025711257843953,4.567353572145568e-05,-3.1413889722035577,-0.00010367649549849106
14.083916664123535,-3.4983085928837254,-1.6191865613219059,-19.866744724161865,-0.03908262398329555,0.3200610905124966,-0.09764389118391639,-0.6772126541057388,0.0031078600042468043,0.26025125127281906,0.00016324162787487712,-3.1414039159268694,-4.529701652984446e-05
14.093931436538696,-3.2539336701897934,-1.625284019102924,-19.643127354865737,-0.03688450170832916,0.31748502438390835,-0.09531665743530811,-0.6772177263995466,0.0030976039537347184,0.2602507259965832,9.2341274699515e-05,-3.1413790494994713,-4.8639560656476e-05
14.103846549987793,-3.395576063261093,-1.4001328592356646,-19.719766822685504,-0.041351581873086,0.31232204822910653,-0.09666791576908516,-0.6772145947406215,0.0031348199241420433,0.2602144063497788,7.267679047313703e-05,-3.1414585295308606,-4.897801420082759e-05
14.11200761795044,-3.1995671127486,-1.6015996068888416,-19.84273090024801,-0.03788867209348384,0.3121335301151925,-0.09825499008543147,-0.6772170451488607,0.0031372971922927384,0.260256940385481,5.942544165601725e-05,-3.141367339726886,-6.389889356446181e-05
14.122075319290161,-3.3267687433131954,-1.3470904762930962,-19.806499443785636,-0.04498223533761263,0.3096683956175026,-0.09570813697347887,-0.6772181340267202,0.0030996586077066957,0.260250015949161,0.00019436236115655364,-3.1413660228234535,-3.826133233397883e-05
14.13190770149231,-3.124039045501158,-1.5277204350649662,-19.74259576625388,-0.04182056233985541,0.30412271068373004,-0.09940078553434475,-0.6772317179844336,0.0031228120771731034,0.2602542077540568,0.00015644751092920806,-3.141381103429171,-5.278519594049324e-05
14.13985276222229,-3.2164772977370366,-1.5824176228909743,-20.18202564117144,-0.0474131793715091,0.2813684469009674,-0.10116531656190389,-0.6772196423343757,0.0030985342532572698,0.2602343379832751,0.00017022979696307609,-3.1414666974487875,-7.87530601560728e-05
14.147887706756592,-1.6777741889540518,-1.6699793446993911,-21.01201233421308,-0.061206123991238634,0.20267857318614668,-0.09958412834220275,-0.6772364307294199,0.0030936386486830523,0.2602842177127784,0.00020825667791710402,-3.141378858364941,-0.0001073648598613663
14.155954837799072,-1.8977937827099438,-2.2075653014823144,-21.105573687242234,-0.08016221492474632,0.16276539809396065,-0.09752807275354035,-0.6772337132519521,0.003092933895176275,0.2602996477780182,0.0001496809345840665,-3.141365100292935,-5.83754445662401e-05
14.163954496383667,-2.308030960316568,-1.9681909282062648,-21.3431422041431,-0.06260133587954136,0.19133743637233266,-0.09508048505115321,-0.6772487190018744,0.0030968966743969563,0.2602958106345534,0.00012531132754437625,-3.1413284056991095,-8.924111080117589e-05
14.172021865844727,-1.8485184492935824,-1.5629747705397505,-21.037218055121944,-0.04565230974873538,0.20604283900429013,-0.09943014153347715,-0.6772314148793573,0.003099508043740515,0.2602616059509372,0.00014255294137528428,-3.141396740671065,1.859420152710055e-05
14.181957006454468,-1.5633850549396628,-1.7134772731528072,-21.090874835373494,-0.08512127409847885,0.1777929265631287,-0.09443794605019207,-0.677256977862004,0.0031057015865217272,0.2602832767120475,0.0001424161262717285,-3.1413468451690063,-5.7367909653869626e-05
14.18995976448059,-1.5435688003529426,-1.4613857567165967,-21.20582804192435,-0.061292695381994576,0.16894340225891905,-0.09699936022187297,-0.6772480957758598,0.0031113174026012264,0.2602915830165594,9.156668926718574e-05,-3.141339209363912,-8.576519765379618e-05
14.200090885162354,-1.9089913784516261,-1.705984713846103,-21.45221462502011,-0.06826104164988404,0.17587830816138628,-0.10012337323294261,-0.6772531184338897,0.0031366979075114826,0.26025569797485826,0.00012106542648979959,-3.141426575667195,-4.3194964504477635e-05
14.210041046142578,-1.4860807113835874,-2.0792938791259687,-21.381530298948814,-0.09927312918876502,0.16294394729992595,-0.0976770471272236,-0.6772586661887188,0.00313790971902013,0.26034380642272426,0.00013722871420574222,-3.141243533391478,-0.00011914077045877939
14.220073461532593,-1.3502800729292423,-1.5359641265913269,-21.190460752286203,-0.06980478670077465,0.14991554311547167,-0.10071862250755394,-0.6772628032969327,0.0030888672029458428,0.26031464243843677,0.00017591077388872845,-3.141307006575553,-9.639463102533425e-05
14.22991681098938,-1.5970440565081436,-1.6319931356462838,-21.185874696187685,-0.08971505657396536,0.1405919473257815,-0.09574193208757863,-0.6772393983053225,0.0030908572326571694,0.2602978199415974,0.00016412300711834572,-3.1413450070341535,-6.479210152978836e-05
14.238064527511597,-1.4162105028585337,-1.5705880491933533,-21.282510723372617,-0.0735249230794949,0.14344203914509654,-0.09485201892295952,-0.6772547479956142,0.0031595486393714107,0.26030170526032753,-2.299326557258084e-05,-3.141318538409179,-0.00017887506670327002
14.248012065887451,-1.3568607603217822,-1.1720933161148426,-21.432581620309165,-0.0726241364375592,0.14474891378252439,-0.09837593608195098,-0.6772561787173926,0.0030767411420057375,0.260264769119085,0.00028011617106390177,-3.141395996614331,-0.0001684047871710702
14.255938053131104,-1.5767500525041451,-2.00333362312792,-21.706633714136704,-0.08572279612139976,0.1293955638486569,-0.09170499953999771,-0.6772650249647874,0.0031090294488002493,0.26033394219005124,0.0001802824420637347,-3.1412208075930033,-7.891616051041276e-05
14.265978574752808,-1.7904880252202307,-1.8846246053237232,-21.501438981989914,-0.09186013183848311,0.14638727200705212,-0.08946025955661832,-0.6772526679493167,0.003100181657053166,0.26032940121467474,0.00015030339107702855,-3.1412409731615405,-2.418071265313262e-05
14.274060726165771,-1.1640914852667605,-1.8732578553361212,-21.297125730518022,-0.08710549606986687,0.1331861770526881,-0.09636238832610228,-0.6772546219114361,0.0031077501924253845,0.2602563177049309,0.0001489400567440205,-3.1413580215990597,-0.00013526091901404385
14.284006357192993,-1.1138348647240672,-1.5353156389737883,-21.250313391578462,-0.09297690681196896,0.13778078617547682,-0.0938905044873414,-0.6772550116828563,0.0031326642707562567,0.2603395621918463,0.00012410828774397776,-3.1412304908401354,-0.00018049304720773552
14.293989181518555,-1.6712497222970712,-1.375418307020131,-21.351856627353,-0.08456720366783521,0.12949453258571325,-0.0982928559935381,-0.6772614190719131,0.003119368580759233,0.2602919594290844,0.00011070443412685847,-3.141293558233988,-0.00013861271450823568
14.304016590118408,-1.3721138894120206,-1.7093242640482247,-21.309809184188254,-0.07286928418593842,0.13036980718321847,-0.09693839719635891,-0.6772740369855618,0.003143244770718714,0.260290915592295,3.8629367078107655e-05,-3.141293122667251,-0.00012207370112821307
14.313963651657104,-1.4191357413586527,-1.4766160955658976,-21.277546719098012,-0.08370058882869427,0.12905286362375074,-0.09309131708909249,-0.6772617781073874,0.0031133088840008968,0.26028768505546995,0.00018250896839272764,-3.1412487319188473,-0.00014897547953077975
14.322004556655884,-1.5925296535696079,-2.0658318117618695,-21.287986128744187,-0.0920653750292098,0.13441248274727735,-0.08797266758963905,-0.6772477443991908,0.0030952898714350736,0.26029766820316835,0.0001762267031230827,-3.141264147295074,-3.781470582534817e-05
14.331949234008789,-1.3855728881568312,-1.8096498387162168,-21.4289519014257,-0.09212954254649235,0.13462931185946156,-0.09696418091696181,-0.6772565975254502,0.00313697343085009,0.2603019908792974,5.4683835140676054e-05,-3.14126803321209,-0.00010398507962526912
14.342097997665405,-1.3592784584523054,-2.0723787487118233,-21.275312393576975,-0.08637124394219739,0.12244319462673334,-0.09582318587592827,-0.6772801667184187,0.0031137098338883205,0.26036314409167766,0.00015733705091107143,-3.141077805707253,-0.0001507539148692998
14.352014064788818,-0.9080565782306046,-1.5570352849482296,-21.39375929430327,-0.09625457364801086,0.1352130488406742,-0.09080530326952976,-0.6772588371697223,0.0030828620401463416,0.26031531452848433,0.00017044099366131068,-3.141209168324395,-9.3767912371173e-05
14.36206316947937,-1.2306520733281754,-1.7629201291303302,-21.42403664431585,-0.0761851252319264,0.11934971250045771,-0.09621369283669214,-0.6772581623803143,0.0030807032105525396,0.2603061148750188,0.0002351112092295901,-3.1412054647029564,-0.00010935978130583726
14.370084285736084,-1.1437682838318264,-1.91873117916474,-21.434981044342702,-0.09161606991066086,0.11549967126407606,-0.09828631921380897,-0.6772482705096653,0.0031214483798703563,0.26028758433505667,9.264738069513115e-05,-3.141260507107354,-9.847295319265376e-05
14.380048274993896,-0.8197828146336135,-1.9302027219892628,-21.433072280631137,-0.09043636761005198,0.12332397818226694,-0.09724145672117168,-0.6772584328745068,0.003121398318913895,0.26026306669492866,3.5173825391929626e-05,-3.1412744515042945,-0.00010610189633761308
14.389984846115112,-1.3458955895538727,-2.183643294709386,-21.51618400782697,-0.08603738055594498,0.10847951761607565,-0.09412812732049096,-0.6772588572772433,0.003107929299254563,0.26030668547898006,6.741671360810003e-05,-3.1411972053686865,-9.059460683067037e-05
14.399993181228638,-1.1815642659368373,-2.210939419611933,-21.59851490977319,-0.08452713118650626,0.1091722575579838,-0.09295132907009516,-0.6772601538029194,0.003125993767335687,0.2603080675330066,0.0001051327922134371,-3.141176394257023,-0.00015914346442446925
14.40994906425476,-1.2344183060375202,-2.034386823933285,-21.47783787513362,-0.08600778817912434,0.10783953001621618,-0.09403182224824991,-0.677259503385248,0.0031284955804002277,0.26028270017562,5.5358208283864014e-05,-3.1412458474088263,-0.00014216091179157273
14.419987440109253,-0.773014727367358,-1.8245692754707081,-21.407570060309926,-0.08607675219094092,0.11533252100122103,-0.09592727250656534,-0.6772580746667922,0.0031431271258600406,0.26028076624659524,0.00012492079625257065,-3.1411937814331825,-7.920299113906313e-05
14.429965734481812,-1.0012485657747172,-1.8426895959457483,-21.29812598907163,-0.09539047573719366,0.10780991517807074,-0.09697503110122936,-0.6772601197263772,0.0031064698828269757,0.2603223738376913,0.00012486162072311045,-3.1411300921663723,-0.00012660140962721822
14.439929723739624,-1.3882232985485932,-2.0445364249023616,-21.23463409737638,-0.09117937572428823,0.1099273792200282,-0.09255326383052559,-0.6772584837657692,0.003137626831498758,0.26029335427438893,4.684161077956223e-05,-3.1411872774335476,-7.451424867660262e-05
14.4480459690094,-1.272903447201623,-2.0289408870858936,-21.184480774563426,-0.09341817717750009,0.11795502828300537,-0.09006331710417192,-0.6772633899423111,0.0030936438899883435,0.2603010849549183,0.00014722829242477657,-3.1411703501742028,-0.0001350130550907057
14.4579918384552,-1.4032214365992872,-2.0690019551590546,-21.417116086174012,-0.08993708951997151,0.11514673986189113,-0.0905670515881796,-0.6772664593778237,0.003125314880959272,0.2602914662566001,0.0001069169567205625,-3.1411695758318263,-9.471320871350587e-05
14.46793270111084,-1.2884333205310388,-1.9112362388726827,-21.209167594544287,-0.08775528028638982,0.12063159099665309,-0.09358011008043426,-0.6772584016231811,0.003099657090326116,0.2603038839609177,8.879745496885549e-05,-3.141174322550838,-0.00015817518698264208
14.476001262664795,-1.4303315239741976,-1.6682611424039977,-21.086892544685533,-0.09286787177876679,0.1208636409996108,-0.09137454012177738,-0.6772674484381305,0.00311634509096842,0.2603313955131446,8.03911057657846e-05,-3.1410708152852944,-0.0001455860601509277
14.485948324203491,-1.091421570960431,-1.9789508604052377,-21.05391935160533,-0.08361768943404316,0.12020904602688516,-0.09903146413121758,-0.6772551690265689,0.0031258452977153115,0.26027785548367016,0.00015245721312588786,-3.141219022752518,-0.00012384106136471737
14.495939493179321,-1.031827679239978,-1.614787173986711,-21.008161404364706,-0.09619185111814942,0.1277795472890557,-0.09961476355468378,-0.6772589917932424,0.003154449325204122,0.2603201469672727,0.00012050020831662289,-3.141125860160743,-0.00014935607759440368
14.505944967269897,-0.9829757317635242,-1.7764904898996037,-21.08492959474782,-0.09648643870529257,0.12999536168716613,-0.10044101506934407,-0.6772491893296532,0.0031130259816461473,0.2602703569916003,0.00015114488675199136,-3.141225599417363,-0.00014833689922823094
14.515979766845703,-1.313184485475477,-1.7995514711162033,-21.034325972771413,-0.09921060803024218,0.1242185744062082,-0.09595354974445353,-0.67726683653042,0.0031298009883361367,0.26034870135907345,0.000105658311863171,-3.141060859365973,-0.00018945013295180007
14.526065349578857,-1.5642263737016004,-1.8853666916352496,-21.0987088266319,-0.09133638037333165,0.12405117710251697,-0.09571891078876556,-0.677269983436893,0.0031362749759151244,0.26029821655786717,0.00012522164781762584,-3.1411270043545785,-8.160748188107834e-05
14.535948038101196,-0.9786954323726852,-1.8332283343577749,-20.819471652812013,-0.08822098367691862,0.1330437500809374,-0.10027462900446614,-0.6772669492965699,0.0031210131517923675,0.26028585405947546,0.0001306295478094782,-3.1411394284289496,-0.00010192856547882828
14.543929100036621,-1.3685360254981813,-1.541208786919863,-20.982617236074148,-0.09162664117703638,0.12702428525801032,-0.10355870212894086,-0.6772553972991979,0.003116132123264898,0.2602959969626548,6.81379827720932e-05,-3.1411634698820934,-0.00011566527437518057
14.554012298583984,-1.4244953081226432,-2.1056382396368387,-20.949056698812626,-0.08706879934037219,0.1268948251204484,-0.09293000078190394,-0.6772606417029425,0.0031279468459261468,0.2602804324415777,6.21308435139411e-05,-3.141130707211856,-0.00020465184712673945
14.564178705215454,-1.5583520370707749,-1.9887618831969773,-20.91294108914904,-0.088835302419931,0.12237099155480753,-0.09736178749748957,-0.6772516139982376,0.0031228256666331,0.2603066297423527,8.72148069646396e-05,-3.141121727405704,-0.00010989546041534081
14.573827505111694,-1.2737956068375023,-1.9336636133934983,-20.911325855573814,-0.09438496917883486,0.1345250513382459,-0.09649291483743702,-0.677262032795535,0.0031610985942310413,0.260312448892415,2.246083551664876e-05,-3.1410717392271432,-0.0001710431694313195
14.584082841873169,-1.4656358245009853,-2.127789739884474,-21.12851750304903,-0.0867889540074206,0.13208865487979607,-0.09498763775080467,-0.6772626842999561,0.0031002073107004352,0.2603023225056502,0.00018450026491792024,-3.1411219513415047,-0.00011447602399877112
14.594118118286133,-1.3072564627043652,-1.7586951380290636,-20.87739050948042,-0.08826007027046395,0.1401016497054763,-0.09877820494525641,-0.6772348436480056,0.0031042031582288027,0.26024369982338014,0.00017741117071031788,-3.1412876877943887,-0.00021452716287924219
14.603919744491577,-1.8493650995686395,-1.9497979434807902,-20.675447503865414,-0.08485689786128055,0.1387289833108418,-0.09943446024904697,-0.6772681240362766,0.003136699808520247,0.26029929738670987,6.135815599934391e-05,-3.1410890189237026,-0.0001532336042547647
14.613830089569092,-1.5871112739733253,-1.7685535296102823,-20.353206831118722,-0.08540791226612555,0.17079752942680956,-0.09703420691640334,-0.6772521389761355,0.0031313580271186787,0.26029933951076756,0.00012654341562576526,-3.1411062114157517,-0.00016671814848374076
14.62177848815918,-2.4558519681995623,-1.8136901379613108,-19.962628964321414,-0.07941857000612115,0.1906331504194045,-0.0962371872667399,-0.6772477748838768,0.0031477127938048673,0.26029197951079663,2.4394150553019044e-05,-3.141086162700968,-0.00014008953082430552
14.629988670349121,-2.4041344487882417,-1.7592188786364202,-19.7396781050853,-0.08134439584385571,0.2095863651898282,-0.10329371728440268,-0.6772501140689275,0.0031431061273441527,0.26024409589158776,8.827237782316335e-05,-3.1411476321359157,-0.00017280725380083175
14.63999342918396,-2.5414618366772004,-1.893202664545856,-19.65065273961498,-0.07578094868777016,0.22143560197749726,-0.09842903770354322,-0.6772485652694978,0.0031321935080843967,0.2602622780231865,0.00010736627264406758,-3.1410884158176318,-0.00015280528997771545
14.650027990341187,-2.519238885196862,-1.5063639823576382,-19.591538260511246,-0.07903233896027265,0.22872561268435593,-0.09371555517131826,-0.6772306061609128,0.003090104073639608,0.26024563554541746,0.00020407942263330685,-3.1411845389326176,-8.675452896916224e-05
14.658019065856934,-2.572054873735551,-2.1157927897239936,-19.450637127742265,-0.07359663713239874,0.21858719271003482,-0.09913728796093403,-0.6772252191178396,0.0031004355704749007,0.26021940856837894,0.0001389749233694425,-3.141229653598633,-7.438002175439519e-05
14.667957067489624,-2.7297854759201132,-1.780507615635406,-19.51134713430965,-0.07248840487379912,0.2233971765192205,-0.0992669362568593,-0.6772282463602358,0.003103318327683048,0.2602699482149886,0.00010224295819222992,-3.1411520067469567,-0.00018594778818749699
14.67598581314087,-2.240880222897653,-1.7382170483878194,-19.41940936669458,-0.07255131209532323,0.23848410852992877,-0.10279554379181406,-0.6772382085373302,0.00311154500125864,0.26027012649518316,0.00017131037052124735,-3.141118957890259,-6.97306883904216e-05
14.68598461151123,-2.5829582785729244,-1.6372805534529462,-19.29825187770463,-0.08126589888550831,0.23317210201934715,-0.09895820756446873,-0.6772418893512983,0.0030778486377600316,0.26023267466633027,0.00018638747222311992,-3.1411733868029583,-0.00013074990840872735
14.695940971374512,-2.6524749797429115,-1.7360011850527557,-19.37246037792349,-0.07322769038935918,0.23039967240289308,-0.09770802348099579,-0.677223367291556,0.00311669755384769,0.26022253436741744,0.00015246407322641768,-3.1412254342724837,-6.810974041868835e-05
14.705993413925171,-2.457470776242679,-1.8006208832944601,-19.45341976139396,-0.08092617533560416,0.23346550159386034,-0.1005722745466681,-0.677233000781447,0.0031276449420817964,0.2602362885224258,5.0363540947128304e-05,-3.141153835281616,-0.00010559405401453966
14.716078042984009,-2.6898463775210066,-1.7056177599027909,-19.54703921940844,-0.07861291192169317,0.2267180230796454,-0.09506103124761305,-0.6772284425531898,0.0031118896164769117,0.26025205004152197,0.00017816632875875964,-3.141161347967492,-0.0002210161518452092
14.726036310195923,-2.612817104949768,-1.804626271998099,-19.537402124565983,-0.07422031088413016,0.23437447562011907,-0.09566789151886873,-0.6772183253245109,0.0031073158048815696,0.2601880809976954,0.00011519804757989614,-3.141283039930555,-0.00018844801403653972
14.733949422836304,-2.840957570767309,-1.6991003469017596,-19.363441461257338,-0.07407129445031693,0.22900503402676697,-0.09849034728342018,-0.6772289165352695,0.003091078644616824,0.2602367923764116,0.0001279789870546616,-3.1411768135078915,-6.4623322557321e-05
14.74399709701538,-2.7666799521950702,-1.552552845761893,-19.268600940575407,-0.0728651218051927,0.2357207653234077,-0.09769458348879143,-0.6772313992791011,0.0031118866901868056,0.2601904522651032,0.00011493658363567315,-3.141277585333342,-9.177928684901171e-05
14.75404143333435,-2.80639024280049,-1.3499804047964883,-19.337141607693034,-0.08268581631536828,0.23571725763477566,-0.10064763070377668,-0.677228861812142,0.003084950029913831,0.2602052018331419,0.0002767564503166856,-3.1412485645152644,-4.1524620542373384e-05
14.763994693756104,-2.9152901815060157,-2.037884213322221,-19.38750452899968,-0.06886943745719741,0.23745030015090327,-0.09568163692448972,-0.6772366981713378,0.003115083667991547,0.2602411859855036,0.00011531457904956847,-3.141161371527063,-0.00016289673887750518
14.773997783660889,-2.409929546803396,-1.6074551343200056,-19.245504718228112,-0.0779822436501419,0.24965824841659792,-0.09695186543555642,-0.6772326999707869,0.003141199654396452,0.26021987229284654,-4.080733048562069e-05,-3.1412263264468803,-0.00012290137236542332
14.783976316452026,-2.7794835415181693,-1.7768211041556004,-19.185669241916667,-0.07766053772267341,0.2394607289511133,-0.1040251087666091,-0.6772241167584861,0.0031006226789129167,0.2602527505967147,0.0001339586817756617,-3.1411593925828605,-0.00010390759838598248
14.793942213058472,-2.5378333062624603,-1.6967591508081756,-19.227442842044635,-0.07073270492780312,0.24308461003420237,-0.1013338485432033,-0.6772511046605657,0.0031109430662585864,0.2602700226100521,0.0002172436466341621,-3.141087260440724,-0.0001204315521528709
14.80394434928894,-2.884674763351234,-1.5999094698486829,-19.251964235123612,-0.0802693154001362,0.23815724900938073,-0.09797528029860438,-0.6772401101018017,0.0031267416663891354,0.26023638344413363,0.00015225615016999222,-3.141201401749434,-0.00010282566904880421
14.811946630477905,-2.729649773503561,-1.718738495145807,-19.340854686042906,-0.07263318501140514,0.24113807698377843,-0.0977063825960367,-0.677226542195864,0.0030929990076411177,0.2602622683639024,0.00016554770743823394,-3.141130882026513,-0.00011766760810330967
14.821968078613281,-3.0141618571650053,-1.7747409178715057,-19.254841721804528,-0.06950851659689414,0.23476117970625118,-0.09969517372689798,-0.6772275328663429,0.0030892553609169517,0.2602317622512198,0.0001162886685087109,-3.1412269228910628,-0.00012047764236751296
14.832201719284058,-2.533540153442132,-1.6008578709089794,-19.22322538710411,-0.07845405945690244,0.2430482639871082,-0.10210219207724232,-0.6772336727397601,0.003131729710373045,0.2602277004849104,7.640590788487464e-05,-3.141179245103607,-8.293558514151324e-05
14.841984510421753,-2.451003768331559,-1.8188587862144032,-19.287278235937443,-0.07258142093805332,0.24523243743365852,-0.0996379953423004,-0.6772165694005682,0.003097312214300319,0.26023922521406634,0.00013258563508674522,-3.1412427094242745,-0.000135311374864646
14.850039720535278,-2.8067464348883706,-1.885779271467346,-19.245087617273747,-0.07357858968844769,0.2383969201070511,-0.09891961297999766,-0.6772397373184856,0.0030876534120670668,0.2602643206318191,0.0002183005887606868,-3.1411459086791935,-0.00012758917916864325
14.860068321228027,-2.876744362580517,-1.8161044093047276,-19.3506738721604,-0.06703289131497682,0.23565060357800163,-0.09542846299596386,-0.6772337784954189,0.00312559676477775,0.2602407960269259,0.0001333252548472407,-3.1412178679583103,-9.986929632528121e-05
14.869949102401733,-2.6722267883935396,-1.7907665687138017,-19.74694207286367,-0.07484831716968919,0.24372506249435616,-0.1049193740047618,-0.6772254276338209,0.0031257994736158708,0.2602272059881785,1.799871291983422e-05,-3.1412510840258205,-0.00011963207472924444
14.878012418746948,-2.6477692691800465,-1.5946788169757482,-19.276792142744107,-0.08009214137672474,0.24433705051007754,-0.09700003824957347,-0.677219178651586,0.0031008802165400475,0.26022270351038634,0.0002104238134591926,-3.1412679901019644,-8.81797492923472e-05
14.885997772216797,-2.5976877444163353,-1.4198350764343255,-19.397207691777968,-0.07925817582902975,0.24985637720522824,-0.10371045576008066,-0.6772308829609263,0.0030886634458880853,0.26024288591483413,0.00010698836196228099,-3.1412244403929983,-4.959809147274867e-05
14.895951271057129,-2.347853801935664,-1.5674009901713102,-19.301897607852652,-0.07995120610788733,0.2567493125218338,-0.10265236573304876,-0.6772395618029304,0.003093121075064791,0.26023346258229735,0.00017234073436030238,-3.141220778159474,-0.0001439849314086763
14.90605354309082,-2.732670736790722,-1.562922557682693,-19.344498485818196,-0.07349384870775953,0.24871617703102109,-0.09662833779898178,-0.6772245673440591,0.0031342365466709415,0.260214854662393,9.256615444359801e-05,-3.1412357261007604,-7.241784353009315e-05
14.916031122207642,-2.697434505161117,-1.7006824836535743,-19.347443800782905,-0.0728090272642045,0.24858098418872315,-0.1009762057501992,-0.6772297608749969,0.003133317186312792,0.26024385992233134,8.699068883676979e-05,-3.141212335872926,-0.00013981932764001685
14.925901889801025,-3.0932457092457164,-1.836014038193534,-19.417675063697864,-0.06806399867059806,0.24313510976465766,-0.10004368654536157,-0.6772377627296211,0.003124764579472773,0.2602264062248666,0.00012441315315208615,-3.1412312185908684,-0.00010009771754197107
14.934069633483887,-2.599137381360144,-1.3045447849831784,-19.30533451715641,-0.08197516205239473,0.2590158995715321,-0.10666482615159564,-0.6772439856664489,0.003111488675505746,0.2602676270889518,0.00022814757793535322,-3.1411908558361303,-0.0001990180279259076
14.941945791244507,-2.825156801869985,-1.7973746264000787,-19.239971671055383,-0.0697013832262436,0.2518626633997285,-0.10190275556589291,-0.6772166985378492,0.003112326212219575,0.2602392083423275,0.00010408595067768323,-3.1412430083771685,-9.625667762051423e-05
14.95209288597107,-3.0901703033364405,-1.6515808394374778,-19.254575205447512,-0.07282462417389286,0.2520692501703822,-0.10598996782075772,-0.6772219709758054,0.003103561286697493,0.26021027702188226,6.119911905367152e-05,-3.141304989643643,-0.00015501835834318074
14.962015628814697,-2.910661738517403,-1.7923351130827363,-19.288992968658107,-0.06811288944102162,0.25873622246274863,-0.10100911272391429,-0.6772327683473467,0.003129054525330277,0.26025108719944073,8.06308814905867e-05,-3.1412239807280153,-0.00010948933707869729
14.969930648803711,-2.778470784950773,-1.643375494694858,-19.556080518660632,-0.07093272610338472,0.2661071662199062,-0.10020100631886762,-0.6772204801777342,0.0031138974986735023,0.2602692648601522,0.00011782279417512425,-3.1412266576435863,-8.27228605850711e-05
14.979936122894287,-2.690825721325321,-1.5299552671778522,-19.2655249154692,-0.07417320095700097,0.26955697805653106,-0.10314555529174896,-0.677220684697773,0.003088634764003302,0.2602523994473333,0.00014503987926042084,-3.1412923076601555,-5.939860887343347e-05
14.987944841384888,-3.166095514372971,-1.601620903652301,-19.39207243984806,-0.06998989170838214,0.26469440246718645,-0.1021815733751993,-0.6772208450055306,0.0031043457817953447,0.26027088979214835,8.693214244348168e-05,-3.1412370071853846,-6.492928030527312e-05
14.998002529144287,-3.1280336814684997,-1.7819852513650167,-19.33233519963713,-0.06341887077762075,0.2632783365690243,-0.10013213647853338,-0.6772260002072488,0.0031031467796059854,0.26025528294196226,0.00013789388624842422,-3.1412538176093623,-5.948477530773455e-05
15.007948160171509,-3.118067977722967,-2.095916259997759,-19.48514804994294,-0.05838749814764835,0.26218883030704554,-0.09698181609349298,-0.677230210029887,0.003126759351072779,0.2602420153269061,0.00011930232961982589,-3.1412610530372516,-6.932933730010594e-05
