time,x_force,y_force,z_force,x_torque,y_torque,z_torque,x_pos,y_pos,z_pos,x_rot,y_rot,z_rot
0.3394944667816162,-0.46138460077083904,-0.6893481972199643,-22.8742255168516,0.0005812864008116037,0.04255653145732268,-0.038538952067298286,-0.6771853634597145,0.0031189456150054503,0.26597140502162003,-3.0284346009508026e-05,3.1414415990943643,-5.67003826589948e-05
0.3494601249694824,0.9000019694268272,-0.4966473940804867,-23.624138991866154,0.008665996311229449,0.005784148283603122,-0.04973957356364541,-0.6771824715745592,0.0031278328014591947,0.2659836490944655,4.4752659720424314e-05,3.1414488468444075,-6.804967514447902e-05
0.35945653915405273,-1.005521175466021,-0.034049394830646604,-23.530402873712195,0.03357677970963641,0.07774513884936346,-0.04378370013659525,-0.6771946793115505,0.0031675805945991188,0.2659680695719897,0.0001630687314126284,3.1414351628368586,-2.5815442165694103e-05
0.3694624900817871,-1.633592249853109,-0.5491632720112324,-23.801058351398108,0.007519720885916281,0.09523597993097531,-0.040278237661291606,-0.6771922406018251,0.0030990289917774963,0.26588524637980304,-6.351080151741146e-05,3.1413313020651277,-0.00011244597871535469
0.3795020580291748,0.19273826247040982,-0.9894558129298209,-24.145658657564145,-0.010336594836792447,0.025833461164489605,-0.04785716545869549,-0.6771865138094985,0.00310031030286876,0.26587643733282823,-0.00010846218756113545,3.1413121378459126,-0.00012557279873493346
0.38945436477661133,0.402798701170031,-0.6734084613257751,-24.35846530892154,0.015530498182877533,0.011535166234134702,-0.03910117610094213,-0.6771829598591758,0.0031235753104765893,0.2658886312702061,2.561362537346371e-05,3.1413245753616135,-9.47781049967082e-05
0.39742326736450195,-0.32888628463736796,-0.3244831154580334,-24.117816169031656,0.026441896757415026,0.0528602476921107,-0.042385577530425496,-0.6772021794574243,0.003138824653625734,0.2659102992713138,6.976273968555169e-05,3.1415003347677644,-3.166478397546663e-05
0.407407283782959,-0.36983702485909214,-1.0175446731526496,-23.62748821793173,-0.006264489225306466,0.05984335591307103,-0.052421862350714436,-0.6771925244465846,0.0031144020263281598,0.26586151458720275,-1.8578898124587763e-05,3.1414109829509136,-0.00011340019270522623
0.4174666404724121,-0.4340198844207569,-0.6127816518763087,-23.248890293080663,-0.003500504914839501,0.074893227825234,-0.048383854433275225,-0.6771924854083812,0.003110720600667702,0.26589954615857025,-4.8777235367086454e-05,3.1415417500262146,1.4884487140736919e-05
0.42746782302856445,0.4691575906802919,0.09618763251599104,-23.062290515215082,0.013104551196633731,0.04446783765797009,-0.05225053140582098,-0.6771969678238562,0.0030996817161337733,0.2658821403266306,1.737378127264885e-05,3.1415627129251216,-3.8978268333717515e-05
0.4374959468841553,0.35589494883598866,0.0342794895198582,-23.368763757447336,0.022750397724007783,0.027459205679076795,-0.04706000556930025,-0.6771851338303422,0.0031355420683502177,0.2658464023491999,3.598773849108796e-05,3.1414926585442378,1.7741901732062814e-05
0.44750118255615234,-0.03889129666876465,-0.17878226437610673,-23.636239709992825,0.009052852332204984,0.03966627901250442,-0.046959424137894286,-0.6771940354980981,0.0031258685623452684,0.2658265962368077,-2.252548486529416e-05,3.141539718927862,-2.017364849295314e-05
0.45748019218444824,0.23847158967751567,-0.545353766060676,-23.972921787150344,0.0014465364669205357,0.053462763838393365,-0.0467741644844048,-0.6771935577067942,0.0031083870180699195,0.2657984647473867,-2.286765042132306e-05,3.141527902782159,-0.00012435346949124875
0.46744728088378906,-0.32143500639712025,-1.129443262983426,-24.02632958891042,0.00466161583532226,0.04426207027233391,-0.04376882925901028,-0.6771927768020729,0.003118654394372363,0.2657631554194665,-6.065718566364106e-05,3.1414854331760433,-1.9013224130017184e-05
0.47740769386291504,-0.23467315728462168,-0.7606379142400044,-23.903339837203113,0.003557856557867954,0.04706590386096672,-0.04502695816727239,-0.6772042130115251,0.0030758783493174215,0.2657056844376423,-0.00014619846001736225,3.1414786703697732,-7.439503819203442e-05
0.4855020046234131,-0.08284563735545475,-0.33029630579763747,-23.702548599107107,0.00585449476021758,0.040474116061982486,-0.044482595548784566,-0.677189593721048,0.003156529497457365,0.2657205766531162,9.446847522450719e-06,3.1414904260077607,1.5691804101204193e-05
0.49344301223754883,0.1842076867418456,-0.2913149505594832,-23.62384375367225,0.0017197513144194038,0.04770316250806479,-0.047692578276055914,-0.6772085205857857,0.003142079926880651,0.2657501008020692,5.1417122902417456e-05,-3.1415544960934016,-9.365794896200743e-05
0.503450870513916,0.10914372088369245,-0.2123040324019338,-23.562420035044696,0.005026765526027283,0.044035704211135576,-0.04563204659660405,-0.6771888132405773,0.0031484089718873806,0.26566256901228863,0.0001282664804053347,3.141479318176775,-6.107575942881826e-05
0.5115237236022949,-0.32945809737338605,-0.5020956614224426,-23.576098859370997,0.023908804534131013,0.036896046070319106,-0.04479157716704246,-0.6771962107576347,0.0031130906526570363,0.2656776681587395,-2.4594864541814768e-05,3.141569228860673,4.031262040594053e-05
0.5214583873748779,0.11543289404084216,-0.2773257834882104,-23.32657446410186,0.016168391991082675,0.0444390084910056,-0.04197928771553608,-0.6772058895419444,0.0031273575894075183,0.26564816111824896,-1.4729051090186798e-05,3.1415811683244965,2.9362331235513418e-05
0.5314342975616455,0.13767505609590674,0.025425218210118568,-23.323338114677078,0.0005517641039469498,0.04476038690718391,-0.05173569227995971,-0.6771982873578658,0.0031425658472037524,0.2657307348645995,1.9832647796850574e-05,-3.1414299799934335,-8.089555226723412e-05
0.5415258407592773,-0.3350131586732503,-0.6495508981264617,-23.463086032608132,-0.00018337781907627296,0.033646808226504156,-0.0497205010148019,-0.677200529803053,0.0031522662186652768,0.26563062489001776,-0.00010711183948357459,-3.141563088141357,-5.666389811129291e-05
0.5496549606323242,0.25590951085512653,-0.4370230996165401,-23.554911392786416,-0.006147989601474182,0.045060405020525524,-0.049173763161846795,-0.6771932844021021,0.0031165166425939786,0.2656139460268935,7.861643393879861e-05,-3.1415382331947153,-4.6803366046337425e-06
0.5575590133666992,0.2245790410166961,-0.6542725096994899,-23.55849006653752,0.0052152548448943835,0.05226840626961178,-0.04937022046404368,-0.6772054714373749,0.003094649191980659,0.2655961568926108,0.00013918129273189872,-3.141505137019647,-3.422481487545818e-05
0.5674619674682617,-0.09710271220912862,-0.34127221114048506,-23.699898959096764,-0.0014395161943184494,0.043909266245032684,-0.050636553492193384,-0.6772020129479664,0.00310064527544659,0.26558744661330946,-2.0015549200077766e-06,-3.14148865315775,3.2517060978855504e-05
0.5774710178375244,0.04869097234774151,-0.2891814117950252,-23.748482691747952,0.014003928640424101,0.03993166079337072,-0.05000458740229474,-0.6772043733148873,0.0031444281059022842,0.26553408109038756,-2.094226108854744e-05,-3.1415379119556976,-2.8480621472192076e-05
0.5855593681335449,-0.01693570785344814,-0.46996635304316225,-23.491958401319703,0.02355925571405116,0.046208887158876576,-0.04469989147488071,-0.677221959508903,0.0031383524163577335,0.265545105363866,2.516624696994329e-05,-3.1414688906408164,-7.133745320363105e-05
0.5954899787902832,-0.05581334938858092,-0.5572863735338279,-23.345002639353282,0.0078114740427131105,0.03830513080965902,-0.04621878484988338,-0.6772007529291045,0.0031358810250028315,0.2655226608415582,-8.507634755090789e-07,-3.1414558455671777,-6.124442725396902e-05
0.6034555435180664,-0.4138780308382421,-0.5650024557557133,-23.537985437468777,0.013638139145068569,0.034794388874595863,-0.04231432969596974,-0.6772131519943764,0.0031245964667483864,0.26548426894166555,5.817164325822594e-05,-3.141458593189644,-6.696031876164148e-05
0.6114563941955566,0.03503830622478707,-0.6056833086206117,-23.462929152474768,0.01092467956662614,0.04138853112566547,-0.04645326005464103,-0.6772043630344181,0.003138223307013046,0.26548794281484384,2.5516715998611577e-05,-3.141437420100016,-4.764772257476157e-05
0.6215276718139648,-0.7767765270759699,-0.9850393585614242,-23.40897894295553,0.006065036970287578,0.029034100987753903,-0.04674500703476304,-0.677216353890433,0.0031014467038629327,0.265445317592538,9.60900982766916e-05,-3.141479672619547,-2.165816806242384e-05
0.6295177936553955,0.07264099512376329,-0.41906532110897493,-23.465513633037343,-0.00678392071843408,0.040525100594788505,-0.05387718895179463,-0.677200044736332,0.0031311420236730483,0.2654009756942923,-1.31619642842628e-05,-3.1415046769944173,-6.181797644604042e-06
0.6394860744476318,0.38160751524516834,-0.5187180760841922,-23.62149420444987,0.004344633169409486,0.04941634835766793,-0.05398089623063878,-0.6772000724607422,0.0031308942330606163,0.2654145117547474,-3.775313538220308e-05,-3.1414702132864813,1.711972350046993e-05
0.6494536399841309,-0.1413728069271581,-0.482632482812593,-23.620213623116296,0.006163687792270588,0.04089810692301858,-0.041802859861503706,-0.6772202448580593,0.0031133279333173257,0.2653735832081323,4.649289768941459e-05,-3.1414317343915017,-3.612690774322342e-05
0.659536600112915,-0.049381282149548206,-0.29415709700775455,-23.582549413055283,0.0071592908009898044,0.04087548172204952,-0.04791512479001988,-0.6772137876364162,0.0031386613176639373,0.26531283671480244,-4.833272828887858e-05,-3.1415149757379113,-2.0897586239557223e-06
0.6694145202636719,-0.5022905596995826,-0.26599977742355163,-23.627861988606572,0.008205412303085321,0.031159917043748417,-0.04946269973489343,-0.6772033945967028,0.003147234891026847,0.2652922298531643,-2.529071003570298e-06,-3.141493302454439,-9.929004940795209e-07
0.6775083541870117,-0.3796518873556289,-0.14831636234866782,-23.546902350557154,0.005711905490224701,0.031261469308716004,-0.043623689270838144,-0.677214625614154,0.0031253560103914066,0.26527431844563404,9.410125933549944e-06,-3.1414595394622196,-6.435874273156977e-05
0.6875355243682861,-0.3054445878568182,-0.3352052865166597,-23.493238442610025,0.006827747419331317,0.04027221797085924,-0.043699569094401605,-0.6771984317597209,0.0031486993439765487,0.26525462037429165,2.955785797519293e-05,-3.141515109108842,-3.4107141632188674e-05
0.6954495906829834,-0.20391212725678898,-0.7634615772449752,-23.44918980272711,0.008414797484698543,0.03870719355087207,-0.046592412239248836,-0.6772058187511866,0.0031197279681101768,0.2651971329316531,6.803791681442386e-05,-3.141517691358598,1.3126012190089085e-05
0.7034730911254883,-0.17569304137131886,-0.8570701582427706,-23.573093606177448,0.012091611754993016,0.03410264031759231,-0.0478861632097435,-0.6772104879062498,0.00313884403844444,0.2651615433868857,-4.540141488612119e-05,-3.1415414477091277,-1.1088744155611162e-05
0.7134850025177002,-0.18994534745353864,-0.806534829623338,-23.39325891692019,0.011013438786225753,0.03537277218827578,-0.048669861728643606,-0.677212697741723,0.003135870058405816,0.26512930384714134,-1.9623623867567637e-05,-3.1415632634521327,4.9665325125500185e-05
0.7214291095733643,0.002276583344312032,-0.7361863175083045,-23.749894136419627,0.007598425436507506,0.04243107991956182,-0.05043113915806586,-0.6772070344001817,0.0031421770212459307,0.2651037321262835,8.277941689838618e-06,3.141576855928943,2.900386793076825e-06
0.72947096824646,0.027888323400105924,-0.14384529250023512,-23.55782969309932,-0.006691651091603933,0.036154544003816305,-0.05075035135504362,-0.6771984240901102,0.0031148681908090264,0.2650506253897651,-6.506824108945344e-05,3.1415295069035043,3.457324966436793e-05
0.7394940853118896,-0.13270622214661065,-0.3152300575773569,-23.724881567486143,0.0065537551840386355,0.029562866236046235,-0.04940068056605746,-0.6772166978777081,0.003164668833177928,0.2650514108938812,6.670235906646905e-06,-3.141567537729585,1.0565124725531669e-05
0.7494478225708008,-0.31646608169283413,-0.6094014161238361,-23.6561730183806,0.020637433316373393,0.026812117015996784,-0.043892496736224855,-0.6772034289394014,0.0031513244159887903,0.26505018076012093,-4.378118574767682e-05,-3.1415487081320075,-7.481250553506554e-06
0.7594470977783203,-0.000986894811505874,-0.4582633553322798,-23.341975470449494,0.010897704180199145,0.03924976581057158,-0.04356154250882036,-0.6772083381924676,0.0031284420286619486,0.2650010613724151,-1.5176631964081132e-06,3.141587726526149,1.2875123462157842e-05
0.7694394588470459,-0.09668832735255026,-0.4693101452251878,-23.397485908192078,0.0036477371752810625,0.04219255787035503,-0.05082895254630869,-0.6772068297874934,0.003118710871330094,0.26498381672622995,2.091867733245308e-05,-3.141577475737423,-4.503415303975369e-05
0.7774791717529297,-0.26232349384238796,-0.6770515848023155,-23.43435596422519,0.0070881355729223074,0.04274897416151571,-0.048902495643501624,-0.6772076751472151,0.00314475964723126,0.2649514959065407,-9.986494410733186e-06,-3.14158744816192,-5.298697528126026e-05
0.7875049114227295,-0.06546684487277046,-0.5308060794449485,-23.461502470247847,0.012788338237601343,0.04266452075863414,-0.046060273737929494,-0.6772202586082369,0.003120434917686871,0.26498071167487314,6.114977824741463e-05,-3.1414666668605453,-6.579808331239745e-05
0.7954437732696533,-0.09711586640041177,-0.5057714595089643,-23.562397648690144,0.006602152964707872,0.03364684093770139,-0.04764853741456312,-0.6771954947806599,0.0031115976116107605,0.2648695957004391,-0.00014516132637512258,3.1415183505388566,-6.154448067587202e-06
0.8054990768432617,-0.31891031618053195,-0.5343878990134151,-23.469144884584605,0.0023532130755253237,0.03200954186231156,-0.05112365787154963,-0.6772120683023031,0.0031356123036898487,0.26488748364829695,1.783051232737663e-05,-3.141555007140611,4.2075820122951185e-05
0.8155303001403809,0.052871140417871706,-0.5317330075697964,-23.500628323743584,0.004270058387502216,0.03866988927530191,-0.04905410049796373,-0.6772180310069507,0.0031037365479642197,0.2648950821826043,5.212351904818926e-05,-3.1414884859104557,4.756382248554565e-05
0.8235197067260742,-0.11789849826687905,-0.49758818280865397,-23.572650362672288,0.007403329336048496,0.04357128661370347,-0.046783661910119394,-0.6772033021371598,0.0031158961242421113,0.2648396858827595,0.0001021367599253587,-3.14155858409104,-2.2653809256904074e-05
0.8314347267150879,-0.31615202898825573,-0.3485289005998865,-23.54855400209753,0.004676489907594741,0.03791371698985244,-0.05143153952178273,-0.6772226265395036,0.003113215862187156,0.26482503454718825,7.842208260585997e-05,-3.1414822532755786,-4.005145828961952e-05
0.8395276069641113,0.03933181015625965,-0.5255461115699158,-23.529984776466865,0.008270608246100807,0.04166024076712786,-0.05304065014152521,-0.6772217631506564,0.0031257166316899375,0.26481642353782675,7.0116282587675395e-06,-3.1414601591318996,-5.91870856119339e-05
0.847480058670044,-0.32869690766450604,-0.46550648144781215,-23.409846342516875,0.010612000357271972,0.0374237279077262,-0.05274277330546703,-0.6772139434122987,0.003091085107480397,0.26477149640614045,0.00011712567370347192,-3.1415362735783163,3.739399387414496e-05
0.8554708957672119,-0.21367671826251955,-0.654831802095431,-23.335643862238843,0.011968346322675632,0.03782651819248785,-0.051536378857041786,-0.6772255534573718,0.0031318801143638488,0.26475368030155144,8.096951357028336e-05,-3.1415093685590936,3.4266072329986205e-05
0.8634660243988037,-0.23038780119055124,-0.2701250052059745,-23.453779048103065,0.0013538394368950463,0.03056223177303988,-0.05125716957214439,-0.677214948999596,0.0031395250099714215,0.26474848263811107,5.365060391130682e-05,-3.1415081968768486,-7.598348974209847e-05
0.8734471797943115,0.03511133991019244,-0.384936633128448,-23.484863737098006,0.006520619279845642,0.04329638556839663,-0.05239977839172342,-0.6771979189034962,0.0031173681538472302,0.26470472600725387,5.393243476569856e-05,-3.1415784702287066,-6.064740445695062e-05
0.8834550380706787,0.039293631255633676,-0.30480469472973193,-23.5126476539609,-0.00034261678540237135,0.04249382960416831,-0.0507894944569597,-0.6772032833961757,0.003135829119107266,0.26471506874811895,2.24199832764957e-05,-3.1414958289139014,-1.5217364597822318e-05
0.8915166854858398,-0.05866339590130502,-0.39088895178570165,-23.45847496111419,0.0049882418208169795,0.040195505932893456,-0.041681719643068195,-0.6772055364061059,0.0031235470216902377,0.2646527851212291,2.290616286885547e-05,-3.14155911701087,-1.3567111190640756e-05
0.9014706611633301,-0.3374532725627683,-0.7926364014228701,-23.353900992660968,0.01016035632767927,0.03241006322997555,-0.042349261098163817,-0.6772204652089706,0.0031629597093624125,0.2646500682958193,-9.963569826023284e-05,-3.141462158484829,2.900964194027319e-06
0.9114460945129395,-0.46151590828625394,-0.39005627306981533,-23.376821236875802,0.0023585492859263335,0.03204712293716205,-0.04651543562754366,-0.677214335059693,0.0031187406893242535,0.26464595683441683,5.498820281133472e-05,-3.14145244394812,-2.681303437105135e-05
0.9215185642242432,-0.09416903630311162,-0.46748352140507465,-23.348180633790506,0.005436756393419879,0.03886425597726595,-0.0495354029309603,-0.6772229648610855,0.0031349168646591795,0.2646114385424614,-3.976039631061948e-05,-3.1414742878633435,-7.384986816608693e-05
0.929520845413208,0.08750461349554597,-0.39429942022394365,-23.466252504514014,0.006504663424125091,0.030215958705543687,-0.05047066621795411,-0.6772186382025263,0.0031208525514466777,0.2645905523654434,6.92123262299818e-05,-3.1414823412246977,-3.7392837338647215e-05
0.939446210861206,-0.1609513267079246,-0.8170226335101505,-23.59849216714778,0.01756618338614673,0.041879958987748364,-0.04736091739267581,-0.6772125347683444,0.0031313675071067888,0.26459707060623294,-1.9926310363710794e-05,-3.141425956160221,-0.00011490009332831457
0.9494321346282959,-0.5269489455609874,-0.49302720417977275,-23.52655547631727,0.008130753741569857,0.037010655498069193,-0.050725974762600365,-0.6772092800384498,0.003136037717639671,0.26451120489028646,7.5533963445712e-06,-3.1415234573220694,4.911681298926406e-06
0.9594311714172363,-0.0410298437510097,-0.5666727094112242,-23.430598133300656,0.008862594836354702,0.04204374035548679,-0.04618736253322608,-0.6772204153251654,0.0031153031857119183,0.2644897255266281,5.977436141591334e-05,-3.141510497775334,-8.009002928359568e-05
0.9694149494171143,-0.19594826346949176,-0.4628048571167948,-23.497182159804286,0.0030347091951114717,0.03278138788786236,-0.048924241869737525,-0.6772099201671229,0.0031350697220509432,0.2644770989860533,2.4736356798806834e-05,-3.1415251597008504,-8.698745347536468e-06
0.9794960021972656,-0.02283820102261309,-0.4957186363878781,-23.358965285787058,0.004704913362348148,0.03821055701670777,-0.05480148301962931,-0.6772084959856596,0.0031116287427340257,0.2644747951515108,8.55694934119722e-05,-3.1414528554929744,6.162818004965327e-05
0.9873855113983154,0.025924062628072005,-0.5064119846280714,-23.42916409313666,0.008801757643549396,0.037286778336862544,-0.05300207101568629,-0.6772156275905952,0.0031609175896952896,0.2644282200996152,-6.974589284630079e-05,-3.1414977124449335,-0.00010252813157734542
0.997464656829834,0.08600280641456212,-0.33721029784094997,-23.508548533193988,0.00010611025554774036,0.03943805706588836,-0.04564213415171073,-0.6772044330181871,0.0031071501954415817,0.26435667972554217,0.00012026995099623235,-3.1415847527487912,-3.3478822025166523e-05
1.0074245929718018,-0.3074913921984842,-0.5094698934000846,-23.376464971484356,0.010389024991113093,0.029186234365556712,-0.044314959322762866,-0.6772160920453612,0.003100883668954075,0.2643616789475894,6.910423739844312e-05,-3.141518473238025,4.913962169326846e-06
1.0174305438995361,-0.08230444479169008,-0.28696083405002865,-23.476435447276735,0.0049387840165098775,0.03794575507598955,-0.050326641111924586,-0.6772139043384691,0.0031163485627546464,0.26434714955582406,0.0001396221883160207,-3.1414801933364376,-3.533527376466227e-05
1.0255095958709717,0.09119557757100738,-0.4151494299023919,-23.530464467623847,0.00655596445323765,0.04207592222927127,-0.05842841157188894,-0.6772209667944212,0.0031557310076156635,0.26432742266604126,-1.6872283871370515e-06,-3.1414230270664145,-6.169203655987014e-07
1.0334744453430176,-0.06674592181824635,-0.8159320466792342,-23.397281229925635,0.016879621882428857,0.03811280050745342,-0.06075945893883572,-0.677205663278211,0.003104799751192988,0.26428627614650035,8.300661993571576e-05,-3.1415131840042414,-9.516804004966474e-05
1.0415294170379639,-0.49079873956363357,-0.5633203607562824,-23.435697348185936,0.006618741899607339,0.03446453108147185,-0.048835960217996674,-0.6772027094249052,0.0031311262230454893,0.2642602418021409,2.4711829997586134e-05,-3.1415478483976513,-6.550876779526318e-05
1.0515820980072021,-0.03724307640690329,-0.5386546142742448,-23.470776824328738,0.0042584014112355744,0.03987010005028988,-0.048276573794776234,-0.6772012097878287,0.0031092085385291146,0.2642390125982078,1.882713088703522e-05,-3.141508708803061,4.230783072234099e-05
1.0614991188049316,-0.0412126156756329,-0.696159804686591,-23.450062944144275,0.006495507682982059,0.03301397943478469,-0.04942243318584464,-0.6772037050243,0.0031427561244272264,0.2642121843612843,-1.4293587652256553e-05,-3.141506547376191,1.4372527389035794e-05
1.071453332901001,0.04030275789227559,-0.6664593904025929,-23.674452060257565,0.008256830023176445,0.04384316420882162,-0.051071245357578114,-0.6771913790086872,0.003114193608193636,0.26416440229702215,5.859390030634912e-05,-3.1415876484729197,-4.404879308034623e-05
1.0814409255981445,-0.5261540619907805,-0.5935234052030435,-23.48599400756369,0.012691784813244964,0.03327484554994084,-0.04921036569141137,-0.6771996609193474,0.00310432850154132,0.264170300643907,3.594236474759882e-05,-3.14151781932304,1.8464628128368595e-05
1.0914943218231201,-0.1609149424751199,-0.6571160106304182,-23.4453354593155,0.01135195541414355,0.03964238665709296,-0.048483980864485854,-0.6772080035449817,0.003138530500974502,0.2641377989393765,-7.035261154187924e-05,-3.141500006480494,-6.029312800565153e-06
1.1015007495880127,-0.22763753823989907,-0.8121263676698673,-23.558083795622604,0.015406727517816611,0.03697954241903733,-0.04615812924073242,-0.6772167892856933,0.003111527132360267,0.2641098671968458,6.107453807869067e-05,-3.1415079618882165,2.060003488989022e-06
1.109440803527832,0.061063302266874335,-0.7358609866329426,-23.570406429608433,0.00816910662876423,0.04094079183915607,-0.05005435550477193,-0.6772068781559787,0.003107825128975839,0.2640570796564048,7.39845368401379e-05,-3.1415386074707823,-4.483825934140946e-05
1.1194539070129395,-0.27654187694552657,-0.6712598222259559,-23.693958772245818,0.012569972036792845,0.030274755464039647,-0.04872384352785637,-0.677209999980539,0.0031396554065143962,0.2640307676280414,6.188416926628329e-05,-3.141530006239049,-6.107337509002786e-05
1.1274473667144775,-0.24563123818771726,-0.27329201683394616,-23.614507271927987,0.0034537780625852614,0.03285538157279485,-0.049144020512582445,-0.6772042126946293,0.003150366308381539,0.26404705921624233,-3.323226849706397e-05,-3.141514158357767,-0.00012659364257179583
1.1354904174804688,-0.26418323534724275,-0.8448143144031116,-23.625418266388337,0.01036242516654436,0.03902184438332748,-0.051306349797878396,-0.6772138713165502,0.0031274141377377845,0.2640371075529673,-6.843841937771429e-06,-3.1414348407394366,2.0953771772351773e-05
1.1434922218322754,0.20735908506197462,-0.38451435936637046,-23.451267196077907,-0.00019102318518566638,0.048838764917737136,-0.05660815675394638,-0.6772190979116904,0.003142998689661898,0.26400854563756726,4.606596804416081e-06,-3.141465296472797,-5.548152034472797e-05
1.151449203491211,0.18429190544085927,-0.6429957215401838,-23.436001925050668,0.008136865064238084,0.04456453695665779,-0.054625059713523876,-0.677209976138194,0.00310616887287608,0.2639534483636215,6.576581597256878e-06,-3.141531593809729,-5.970473913304178e-05
1.161508321762085,-0.4616561474081279,-0.5290549039647641,-23.485933982563967,0.005371356364508269,0.031957193532250724,-0.0497159066956426,-0.6772196110514201,0.003128742994190538,0.2639603658438635,3.202894332511884e-05,-3.1414500998284867,-5.9773709283514536e-05
1.1714506149291992,-0.4522592361392803,-0.5400556628814941,-23.470129825511183,0.0059832503896296635,0.030314933235356518,-0.04761439326674093,-0.6772081019088182,0.0031439085522234696,0.26392425754493043,-7.593894088882155e-06,-3.141517142977652,-4.4849951179355024e-05
1.179455280303955,-0.5012013279282547,-0.3233639959459485,-23.265940898497917,0.005313970671190108,0.03158613340900799,-0.05179729749289024,-0.6772099345690781,0.0031193066823764983,0.26390641554149075,-2.4594990542150346e-05,-3.1414693521263644,-6.51813744259793e-05
1.189495325088501,0.05607490434245442,-0.4731718220046287,-23.279580221786453,0.008442306846546888,0.03832571290652233,-0.053247519133402955,-0.6772219449806979,0.0031145652119370917,0.26385353956885477,9.090922732077713e-05,-3.141530832366569,-5.897474833737695e-05
1.199418544769287,0.2840358185394359,-0.28300640537609684,-23.52235103855296,0.003214464775536952,0.04097849013395893,-0.0551056053648737,-0.6772133605645173,0.003123899711842036,0.26385969195918896,4.7202302838221784e-05,-3.141490521594465,-3.888324273912767e-05
1.2074735164642334,-0.3197689024039655,-0.8047195412525535,-23.395022940110028,0.01221823606015642,0.03298604541292142,-0.05012813553075389,-0.6772218120002818,0.0031437500891603534,0.2638337848774643,5.7080415321514555e-05,-3.141453091639073,-3.6820637247659e-05
1.2174081802368164,-0.6443297885533936,-0.5402100364060725,-23.398802921030523,0.006302495232435073,0.030607796276428983,-0.056595580788661,-0.6772092494354972,0.003086804457445889,0.2638155047572942,0.0001393158804074732,-3.1414535306266296,-6.230870662327316e-05
1.227440595626831,-0.20578558279172304,-0.5653231628968494,-23.475400805621693,0.008589025995969399,0.033285630162910584,-0.0485589980591858,-0.6772023438703451,0.003107629485367269,0.2638007066060406,5.6419290321311665e-05,-3.1414665685501957,-5.2585822858802606e-05
1.2375142574310303,0.006737267992964841,-0.5442998030843876,-23.506632403261797,0.004557020212487987,0.041392715559760866,-0.048760590828287285,-0.6772170740480915,0.003147745044987172,0.26373082505837664,5.390587390957238e-05,-3.141529942011445,-7.695735629352579e-05
1.2475802898406982,-0.2366571511890949,-0.4333128596805658,-23.39126904474205,0.008520846367379665,0.034811779711086434,-0.05046809032690382,-0.6772064263300237,0.00313560082195341,0.26379293923490843,-2.6348204236439063e-05,-3.141386917788843,-6.407249530574133e-05
1.2554283142089844,-0.1190756474368659,-0.20519353983590924,-23.555690040104345,0.0010065382635860128,0.03456331311580741,-0.05385926101643622,-0.6772058801893981,0.00313838375061299,0.26370411136937216,1.1970844679857059e-05,-3.141468931510539,-8.443747686513433e-05
1.263446569442749,-0.15059043407785982,-0.4279284054611522,-23.387892442951173,0.005604423559838762,0.033283328842114615,-0.04482874350460343,-0.677214444395688,0.0031062240737326596,0.2637079670150733,0.00014917227568542402,-3.141439136349617,-5.352353596568787e-05
1.273418664932251,-0.07663307908862135,-0.21931011243723292,-23.450986741781982,-0.00036365717752515905,0.03813317176412139,-0.04840274663364126,-0.6772117880319234,0.003097515478442165,0.26367118072872753,0.00011087442127334541,-3.1414521704955636,-4.894454231615232e-05
1.283449411392212,-0.25105006464565455,-0.8281198438581905,-23.45861678068836,0.013744669572990422,0.03745937813169015,-0.05513375559457573,-0.6772171950754224,0.0031198023168649835,0.26358576033969994,7.096057730093034e-05,-3.1415455570704407,-3.217860647117084e-05
1.2915034294128418,-0.2366706884532188,-0.4316951116118202,-23.32031894345309,0.0055224423840322025,0.03634746011630958,-0.053039228172073426,-0.6772106641975338,0.0031493964792247155,0.26358197869933114,-7.405901270375434e-06,-3.1415447013183697,-0.00012328413302928418
1.3014159202575684,-0.25479084724997486,-0.3628219687543399,-23.490479669411055,0.00378435538962913,0.03471536010551391,-0.054224906156993255,-0.6772208150283483,0.00310574970457435,0.263600572907061,9.851454716372344e-05,-3.14141280632005,-6.763271245332319e-05
1.3114335536956787,-0.15806204925846873,-0.39910492938794445,-23.36264483262804,0.006118094973309243,0.03580970237034646,-0.05201407033049358,-0.6772211252857787,0.0031190386000783097,0.2635313011656987,0.00013238219226132772,-3.1415132002675006,-3.5011507307685464e-05
1.3214759826660156,-0.16310454241710387,-0.6103235831220264,-23.433898367505556,0.009285993885834565,0.037965920771361544,-0.05030877911357679,-0.6772239988442215,0.0031013128192854587,0.26350439129724307,6.188219649971263e-05,-3.141500728106385,-5.8346094989419095e-06
1.3314440250396729,0.1357359628431013,-0.21560348581717909,-23.39078048766932,0.0027365740747460304,0.041715819907962956,-0.05792046013633057,-0.6772044794391351,0.0031414889888977944,0.2634694186607519,1.0661462551468109e-05,-3.1415444722110144,8.642815101033787e-06
1.341468095779419,-0.03278295282975117,-0.6862450158250705,-23.33277177768455,0.010385335025033672,0.03584488962517689,-0.05714421469362082,-0.6772165247984929,0.003131857224328789,0.2634471551641344,-2.2690759352155135e-05,-3.1415448462126685,-5.531613712893136e-05
1.3516392707824707,0.003464234832319178,-0.5828851757803712,-23.50637643484621,0.009082795388771494,0.035904922449687994,-0.04959754476655038,-0.6772239327884373,0.003117383056173288,0.2634469570636717,4.9599251430218494e-05,-3.1414463140655275,-5.533139088108689e-05
1.361424207687378,-0.19453694284751452,-0.4884692586024775,-23.5063503706907,0.006465382061316259,0.03964221681173399,-0.04853420759543398,-0.6772083638842935,0.0031147396780100063,0.2633927317844842,7.763388351824936e-05,-3.141526380207566,-8.516644842867952e-06
1.3714807033538818,0.020635595427128273,-0.5520681903862582,-23.64479400483982,0.00260760514094821,0.038528381220804264,-0.046871880235873575,-0.6772216963255995,0.0031302214658738277,0.26338439493574384,6.969718548682579e-05,-3.1414442031626812,-4.841234461452586e-05
1.3794753551483154,-0.2066866835062079,-0.8153740771624371,-23.49649762691082,0.00918909107900575,0.033041496680397624,-0.0482502901870844,-0.6772200155569826,0.0031363835544883476,0.26336148677455495,6.90780838101084e-05,-3.1414775071239185,-8.953751522750631e-05
1.3895061016082764,-0.16009046294051174,-0.3510118446306084,-23.61066009826929,0.006026662867286196,0.0405144487534897,-0.05500153129686341,-0.6772055613440685,0.0031096543475804105,0.2633080314265569,8.462477237341851e-05,-3.141533814479093,-1.8942646628024044e-05
1.399416446685791,-0.14788741350020995,-0.617215177944776,-23.451716296980184,0.010866919747029033,0.03194316748187694,-0.05617088575536568,-0.6772104796153101,0.003103901651523695,0.26328619533726005,4.790108348141915e-05,-3.141502951757708,3.106272850382689e-05
1.4094552993774414,0.02597721741263445,-0.6624567894048888,-23.42533912897708,0.009354182740064401,0.03442577239763031,-0.05170601147759074,-0.6772021423089056,0.0031163218150456937,0.26331307446294616,5.9521747644765916e-05,-3.141444929326008,-6.856989851864385e-05
1.419485092163086,0.02385907642631593,-0.3141989056325851,-23.33332322775634,0.0027608771664563727,0.03908441400190505,-0.05611714636684301,-0.6772283462922533,0.0031240935061572954,0.2633042111804161,6.557071924461807e-05,-3.1413661246418485,-8.61272996825741e-05
1.4295165538787842,-0.1815366596570264,-0.5358957527849637,-23.535193037606387,0.009640075784520705,0.03247585954533256,-0.05467337989555359,-0.677217685928691,0.0030979844560328667,0.2632501197755475,8.715272896868967e-05,-3.1414186583098815,-5.497382137940422e-05
1.4394092559814453,0.2649811364720501,-0.4217334608881952,-23.327665957253558,0.0006701758003497038,0.04682567818186722,-0.05942771340818399,-0.6772075409002234,0.003082268229984785,0.2631946960852555,9.339867915507169e-05,-3.1415014131087804,-2.79836212762529e-05
1.4495744705200195,-0.3539582920400642,-0.37263232897630805,-23.63449596183524,0.0005272419486442802,0.03060928094658094,-0.058564362418612424,-0.6772239038380653,0.0031283928487582688,0.2631759136539118,1.622889587925266e-05,-3.1414547212869453,-1.4505742480414305e-05
1.4594550132751465,-0.32653947924987564,-0.5975496329621879,-23.338449492632332,0.008817149375707873,0.03472381137906437,-0.05107620138695037,-0.6772020676208933,0.00312177853528458,0.26316519277679046,-1.3630735996309896e-05,-3.14143282127485,-3.561481050357037e-05
1.469508171081543,-0.055676655783840075,-0.522136220481462,-23.507842042751932,0.009936221611325305,0.033720544860003504,-0.04995772744336914,-0.6772312828983738,0.003154757736779343,0.26316616872092796,3.1673389393783236e-05,-3.1413745085882336,-0.00012783124152711023
1.4794185161590576,-0.13874536399957177,-0.9367464366081997,-23.6632873599773,0.017684381656095923,0.040575250788214584,-0.04407351391658604,-0.6772072428419829,0.0031119655778289314,0.2631063671760041,5.947114866377341e-05,-3.1414245956652076,3.496802221684175e-05
1.4874298572540283,-0.04047421090574706,-0.5174791289254688,-23.487877899827,0.006822842337478808,0.03876624432680792,-0.05860121491892176,-0.6772170925651436,0.003129739427646658,0.2631119022504554,-3.255754526852629e-05,-3.1414047223796455,-7.696500271142899e-05
1.4975035190582275,-0.27057596385270843,-0.7394900268438044,-23.456401839016152,0.007927794288356237,0.032512296245233024,-0.055015208400018445,-0.6772274352007066,0.0031149218971160634,0.2630600724579803,0.00012578045475127782,-3.1413939558265764,-5.39441153741613e-05
1.5055005550384521,-0.20539727298442803,-0.7012904873578825,-23.513625689011437,0.011607674245928871,0.032000835504184005,-0.057948425669248925,-0.6772248075773017,0.0031156186950264523,0.2629882806281799,8.420513567596501e-05,-3.141485930623982,-2.3925485711224393e-05
1.513434648513794,-0.20315161157688974,-0.4534246902096686,-23.560719865462843,0.003937693974373459,0.0366778295305016,-0.050402812676185335,-0.6772230720638336,0.00312832146148167,0.2630505186337209,6.566636373986171e-05,-3.1413741300610645,-9.294378726530718e-05
1.5234615802764893,-0.23579167138591972,-0.6323869775659194,-23.52969380698995,0.011311867832329346,0.03577929420613707,-0.050111996659502264,-0.6772287619942942,0.0031163884434843836,0.2629893927728853,6.052978274452977e-05,-3.1414027194940846,-0.00010235144721763346
1.5335304737091064,0.25011670168364775,-0.5463433637555463,-23.710219277441695,0.007031991695327184,0.041647239833726625,-0.05693106354661783,-0.6772190337436848,0.0031395306553185327,0.26294105163413284,8.43209544694602e-05,-3.141502626723088,-1.804565201609827e-05
1.5434818267822266,-0.3281518209798164,-0.43319883554303834,-23.475712503332332,0.0050998403075872,0.030876667502472813,-0.05158634246938326,-0.6772197348410338,0.0031290466657686524,0.26293767789354217,2.8661504080717745e-05,-3.141413892889641,-0.00010501477829080094
1.5534515380859375,-0.19689367834571642,-0.6056880032190538,-23.306938565736033,0.007900758024655495,0.03456845976595368,-0.05219201272694719,-0.67722369781997,0.0031150827182648347,0.2628846725309527,9.35846579086004e-05,-3.1414520199706697,-3.352581272862981e-05
1.5634503364562988,-0.25087318916061885,-0.5633239110035834,-23.43671506836371,0.007050456763292357,0.034923332911477735,-0.046617265458725764,-0.6772117213481004,0.0030971937497711027,0.2628872779377123,9.01513866559931e-05,-3.1414399675904927,-7.010217298917136e-05
1.5714309215545654,-0.083755333083417,-0.7689051275471582,-23.50358355474923,0.012819487636466757,0.0328117470218481,-0.05008540977799285,-0.6772229927201229,0.003121868792471312,0.26285363891331004,9.4853811256441e-05,-3.141413385684166,-0.0001570084363276677
1.5794134140014648,-0.3503653749431851,-0.5917520471398824,-23.574727990638756,0.010488610924762724,0.028519259044641577,-0.04990294200888628,-0.6772226360386503,0.003153414675442989,0.2628171206215778,-5.84966488767065e-05,-3.141453305965767,-7.209832537060741e-05
1.589512825012207,-0.05845020701102701,-0.4463513386312095,-23.65782959734188,0.005537860150742102,0.04393323034555723,-0.05172038529542987,-0.6772249359595305,0.0031286933752253253,0.2627988743485056,-2.4944245742551993e-05,-3.141428291180611,3.885152508041718e-07
1.5974266529083252,-0.144301056402327,-0.8446935464020241,-23.386045765270996,0.012231527599210501,0.033438370461151265,-0.056185960067988414,-0.6772333469252666,0.003102892252744868,0.2628019225366782,7.831842755907952e-05,-3.141363222346868,-2.038247006097157e-05
1.6074159145355225,0.025557216667649048,-0.577526193897421,-23.543461902996956,0.007783465012055526,0.04185528747854277,-0.05255835756800736,-0.6772207049356131,0.0031312808842144566,0.26272763223701134,6.912294625865429e-06,-3.14146749682273,-7.880334580014917e-05
1.6174864768981934,0.28130357166708636,-0.5658490473290388,-23.736370116292893,0.011629797681409785,0.04207629957439861,-0.05864380036065999,-0.6772189995816322,0.0031108740723716426,0.2626927474651021,3.513847800516827e-05,-3.141483281384881,-2.8294993128232308e-05
1.625582218170166,-0.4782892544965658,-0.397033007221228,-23.66473814444025,0.004497578027762066,0.02999310777601491,-0.0538679419449021,-0.6772225625560743,0.003105159246906816,0.26271979864381595,5.933593481030784e-05,-3.1414191323359035,-7.497194190238391e-05
1.6354200839996338,-0.5857910970388192,-0.8530365930116968,-23.40994159689965,0.00979614520210165,0.02494080631471995,-0.049099631561329356,-0.6772064947679942,0.0031178852692798106,0.2626183620709743,6.83626269087868e-05,-3.1415423637667037,-3.456850933301654e-05
1.6454310417175293,0.4956789911266443,-0.4705365743960547,-23.494485412022172,0.003072676890377274,0.046414923878269204,-0.05571945025405288,-0.6772164045523138,0.0031592876445574467,0.26266153654911945,-2.889430380288417e-05,-3.1413935173987917,-8.240528355965325e-05
1.6535863876342773,-0.19212090765767306,-0.6368630573465328,-23.498404886623756,0.013053420447139101,0.03416354980213856,-0.05390751548087063,-0.6772102898419333,0.0031051939161356313,0.2625985627012095,0.0001367753889686177,-3.141492000179897,-4.349480020182724e-05
1.6614103317260742,0.0024876890718324267,-0.6961503096534276,-23.550174758900013,0.009169684905481196,0.040742561553898944,-0.05682472673118863,-0.677222489355957,0.0031528542168761074,0.26258459638669085,-3.0629033624644142e-06,-3.1414843062438895,-5.967811037316418e-05
1.671422004699707,-0.23668118144111638,-0.8049311536084034,-23.53804306657884,0.013578949385282306,0.03213443241004757,-0.054310793766218904,-0.6772194032261329,0.003098724710384372,0.26255380303318654,0.00010273284451465485,-3.141462160217648,-1.970177095802804e-05
1.6814990043640137,-0.35889987140571805,-0.6324827623833235,-23.507646325457173,0.00687402318232116,0.028070253320730626,-0.04653882117798771,-0.6772119638385488,0.0031223338118762808,0.26253521231996774,7.553283448885773e-05,-3.1414612498206504,-1.970995610353361e-05
1.689406394958496,-0.2899889413996354,-0.6240146767570455,-23.57910392493471,0.004336614482877258,0.030350551821609784,-0.04545162947803706,-0.6772187545843183,0.0031300392029354838,0.26249845404309535,-3.756187115810987e-05,-3.1414532096078567,4.824787696331395e-06
1.6994309425354004,-0.08231429470798357,-0.5069745566427604,-23.431640823335954,0.007616651769648232,0.03819066561238021,-0.05172580769495048,-0.6772261895952225,0.0031303505968946,0.2624722744219611,2.5183789692762912e-05,-3.141443370851487,-1.0319430674293998e-05
1.707453727722168,0.016509729949791392,-0.6487165558411279,-23.689015822300266,0.006257741333297753,0.044712115086641566,-0.050518086440497725,-0.6772182542193177,0.0031166711635413156,0.2624348358802653,0.0001021998191682287,-3.141530053890719,-6.254805341774635e-05
1.7155137062072754,-0.15598776792751767,-0.6769850752465858,-23.560069576542684,0.011531569045064234,0.03570445562078685,-0.055346833898915614,-0.6772288294305536,0.0031449526452918646,0.2624733351151526,-8.980690950754168e-05,-3.1413513180089305,-8.237821037196618e-06
1.7254352569580078,-0.03984900577924317,-0.8607556559881362,-23.712598387821068,0.017297088856692934,0.03689212872449057,-0.055880611730764106,-0.6772202480871481,0.0031510866417666086,0.2624611980725884,5.010844282457317e-05,-3.1413975367769473,-7.207033778099428e-05
1.7354586124420166,-0.3365078432387251,-0.9772812856775325,-23.62310048171551,0.017132855835422255,0.02896026462601154,-0.05154403245441292,-0.677211262583039,0.003143680387295634,0.26238441940181334,6.406073664507943e-05,-3.141493745612887,-7.532286912946126e-08
1.743436574935913,-0.12723803015757493,-0.6014283291115863,-23.665280640476734,0.0061352762510903484,0.03879004535781369,-0.04916850492574411,-0.6772215672532905,0.0031586587856503095,0.26236764709317395,-4.931639667331928e-05,-3.1414230070816402,-0.00013020279338203777
1.7535200119018555,-0.587418475354277,-0.6356443462819769,-23.619587458145766,0.0075963884055434425,0.02095441752329892,-0.04876878752243918,-0.6772257493838246,0.003136331051967884,0.2624018506530141,3.2855513780653096e-05,-3.141377961637627,-0.00013040041960314872
1.7615118026733398,-0.18753601994849703,-0.6001902753219194,-23.444143142597174,0.01273956983196503,0.030552499719074012,-0.05427344589461184,-0.677212924031137,0.003147240535969404,0.2623276901453581,-8.858242207818608e-06,-3.141435160795242,-7.231274348875778e-05
1.771421194076538,-0.2396449055262661,-0.8426714798252047,-23.792532904882265,0.015398509680772594,0.03609495737845624,-0.049320817363073484,-0.6772189249457101,0.003128147527597505,0.26231295085639267,1.7989801990369056e-05,-3.1414022393903926,-6.889967044304191e-05
1.7817366123199463,-0.41941989735039614,-0.6866327399094783,-23.634758726428934,0.011362804725566781,0.029018627366276667,-0.04907305890014592,-0.6772380581692876,0.0031298982237698007,0.2623298049617932,7.065046134067492e-08,-3.14129116731826,-0.00011676393680602561
1.7895326614379883,-0.2980859535738434,-0.9017226166236192,-23.86412801756793,0.014964170326694151,0.033592037573865814,-0.05083245986523994,-0.677224210389953,0.0031034502418341055,0.2622762382619646,0.00010164852401203248,-3.141356995900741,-7.602249629265523e-05
1.7994167804718018,-0.20157262282865057,-0.7077910706123504,-23.544996706677253,0.014527599460593309,0.03234174402347014,-0.05762705681247529,-0.6772218496392487,0.0031180233953705338,0.2622652534815914,6.371563949159445e-05,-3.141361410180601,-0.00013408293495779992
1.8094396591186523,-0.25567929210741724,-0.7020440874827667,-23.389767318609106,0.00919624754619982,0.03618435054179459,-0.05788626329612977,-0.6772195132066271,0.0031331812643619356,0.26221064781591014,-1.1991415829728609e-05,-3.1413960835377503,-6.97208371279227e-05
1.8194472789764404,-0.1749284069573498,-0.6247104313700614,-23.503435147552146,0.010440826064660295,0.03268609811426413,-0.053852642781706817,-0.6772244952602032,0.0031281139333391226,0.26221004628213923,-6.231164845285766e-06,-3.1413502691987936,-7.054861575934017e-05
1.8294868469238281,-0.15684311645303992,-0.6723597204220599,-23.491735239626156,0.012605835736857217,0.02969653002665627,-0.05212833399027827,-0.6772233227049836,0.003135942502378376,0.2621301734010751,-6.274749299774347e-05,-3.1414538716301035,-8.338639283521826e-05
1.8394334316253662,0.3245112601026259,-0.5193958280345666,-23.514918430196637,0.010027872053398708,0.04182218143897096,-0.06128261200461334,-0.6772225517811541,0.0031320208072519303,0.26215243115709186,-1.5141411601416354e-05,-3.141326924397546,-0.00011244591710037695
1.8494362831115723,0.10853838194728367,-0.6033281592902833,-23.51383739279319,0.008821656529409545,0.036587963310532795,-0.05312714213229101,-0.6772241980866778,0.0031168987885623984,0.26209307116584324,5.3198472518611405e-05,-3.141408603001546,-9.734811171185474e-05
1.8594295978546143,-0.21212985894774525,-0.7190229606983176,-23.43329951097811,0.014030980056037555,0.039383755723804675,-0.05673951748740687,-0.6772127669489678,0.0031485519687834153,0.2620675658942464,-4.860546482435696e-05,-3.141398392397777,-6.73264687897257e-05
1.869438648223877,-0.0490499130938919,-0.8283614116401571,-23.68378599073476,0.010739863206149376,0.037139674400417884,-0.05739535081897097,-0.6772190807291549,0.003092603388052584,0.26207162746250884,0.00013935357303036542,-3.141330822950664,-0.0001148498061994045
1.8794445991516113,0.0730053783620669,-0.8190298683573543,-23.409108957468437,0.01385334764768568,0.04550585444213529,-0.054935467828068615,-0.6772188824688656,0.0031393087904916963,0.2619920604917755,8.944006393374064e-05,-3.141442904123447,-0.0001128049079281336
1.889500379562378,-0.05068902139901489,-0.6378928770754297,-23.390429510018006,0.009194958996489836,0.04237204587256946,-0.05084379841602194,-0.6772242123690038,0.003139299351663328,0.26202531200220625,-4.008701413238813e-05,-3.141315994068359,-8.624506667753826e-05
1.8974266052246094,-0.14678875530524885,-0.8560678574875805,-23.503795450964237,0.016891325690636363,0.03509799877368761,-0.04863860429469357,-0.6772376140251825,0.003103855567004055,0.2620042526077315,4.497910049680883e-05,-3.1412995479869315,-6.537963050201995e-05
1.9054112434387207,-0.06659070206005496,-0.794027583226294,-23.442388001097328,0.00920087895980555,0.03926543350939218,-0.0557534281627445,-0.6772252159983096,0.003129627573376235,0.2619471918873989,9.11928338679429e-05,-3.1413706655971785,-0.00010778406392536382
1.9154760837554932,0.0101176710942826,-0.6327653967999092,-23.541182821460065,0.011934213950791032,0.037035630438197506,-0.054135524967196494,-0.6772164098705291,0.0031272933533976395,0.26188795186743297,5.148176246241379e-05,-3.141474435736084,-1.5249903502459203e-05
1.9234249591827393,-0.12542979664196424,-0.7212817273218531,-23.715230278519094,0.01127262953157761,0.032324501692336347,-0.05133511523878198,-0.6772133162416714,0.0031180549156461204,0.26189462796922447,4.5471300057836534e-05,-3.141410020856225,-2.8850708524850406e-05
1.933422565460205,-0.30448754490111,-0.6424578166586034,-23.623628833402556,0.008593903317531805,0.03649476553306755,-0.04811328032696205,-0.6772180278099733,0.0031340706029206506,0.2618416240295185,-4.869580933233208e-06,-3.141446684212009,-3.578465703605802e-05
1.9434404373168945,-0.25760799972927256,-0.648047869695365,-23.682989171105426,0.008734382579217456,0.03354831935216193,-0.05294932596795157,-0.6772265990718024,0.003131783471451655,0.2618552672000327,-2.0511826781209655e-05,-3.141350915596508,-8.0171438148121e-05
1.9535160064697266,-0.0027163904222509447,-0.382648161244091,-23.563773386981886,0.007865274693015099,0.04388015173747487,-0.061396947693570306,-0.677237205988575,0.003149209352917692,0.2618414713339827,-8.809376218670191e-05,-3.1413157817946225,-7.752827317845084e-05
1.9614531993865967,-0.2376741251998934,-0.688770958577138,-23.5622663431024,0.012430991316492423,0.031676456598774945,-0.049873414628534354,-0.6772218655935972,0.0030984419362458655,0.2617436579453776,0.00011162426529218012,-3.1414514266161895,1.262757207645331e-05
1.971506118774414,-0.5038212955394312,-0.823889541008578,-23.589090559317555,0.014057927157831367,0.0251145593102853,-0.04879552552505289,-0.6772305238102637,0.0031187651973248955,0.26176252474100825,7.622965111426235e-05,-3.1413702763271134,-5.1644408270077877e-05
1.9814081192016602,-0.12676123773079082,-0.8924305418350492,-23.873743260044783,0.01004780595557401,0.03602287851076173,-0.049544146271320866,-0.6772191928655303,0.0031217006001014276,0.26171426866280534,3.0888466068981965e-05,-3.141376307117202,-3.760400406524987e-05
1.9915499687194824,-0.18472747865598843,-0.9471226958397316,-23.567301044466866,0.016903309629285858,0.03918377022230043,-0.047023913116603706,-0.6772232252780805,0.0031103989076710498,0.26173980654810103,8.260356345355153e-05,-3.141329545094527,-8.562816215159985e-05
2.001377582550049,-0.13437991113514694,-0.5766143904479557,-23.703819464399082,0.009327061357780948,0.03280831921344239,-0.05396425796055616,-0.6772208849222758,0.0031221365713635404,0.2616817471167809,6.134768952364159e-05,-3.1413909839459317,-6.546540641048114e-05
2.011432647705078,-0.5809701263134971,-0.7729349824636358,-23.63670311232701,0.01414806715084606,0.031754976984547205,-0.04680409055957874,-0.6772276968169244,0.0031173885892883117,0.26166194144431815,-2.867262773257137e-05,-3.141365320433837,-2.8363551308060286e-05
2.021388530731201,0.03159185235411418,-0.7504488133889203,-23.57208673942288,0.009134254806023116,0.03410119252461578,-0.05198152574622266,-0.6772097287322861,0.003137477775148182,0.2615908958304183,1.1686884638641146e-05,-3.141455479779926,-6.984969122374465e-05
2.0314090251922607,-0.06910152635653802,-0.9304549215250035,-23.529411826380052,0.012840762105882763,0.03637032811424884,-0.05126412197726812,-0.6772182787889532,0.003112698762045903,0.2615765816067111,0.00011020819083045181,-3.1413779615826183,-7.527418966421924e-05
2.0414798259735107,-0.21191529411210092,-0.5447911798188841,-23.68716921758255,0.010471021476412195,0.030816592983379316,-0.05252846006467867,-0.6772285429312112,0.003143840345364041,0.26155730369409935,4.5293171471838486e-05,-3.141382829386241,-0.00013400650911218366
2.0514345169067383,-0.5194335744957826,-0.5985682097778332,-23.598184804993775,0.009971614500480914,0.0265274949402295,-0.05248890957148252,-0.677220417877375,0.0031235101997624205,0.2615327054746804,4.205128281472221e-05,-3.1413895111957473,-7.802005371979511e-05
2.0614373683929443,-0.10415784187639972,-0.6236768064378901,-23.432259670599656,0.007340224579718505,0.031965612745955135,-0.04895355617609764,-0.6772271745233395,0.003103190258401922,0.26148105751177814,0.00011296345743174687,-3.1414335059603204,-0.0001552559786787115
2.0694708824157715,0.03309560837421341,-0.6174369672012672,-23.495855553110427,0.007735942155996667,0.0339185325303277,-0.0534552837023209,-0.6772196308739274,0.0031191592944045652,0.261459932864214,6.815779396145599e-05,-3.1413988206748646,-4.138671649271022e-05
2.077423334121704,-0.424840963799632,-0.5632546889334008,-23.536073940292543,0.006987195831643473,0.02655674119116467,-0.051872333614458054,-0.6772013176980308,0.003120389087907807,0.26143728972149366,6.822910769016936e-05,-3.1414573719619208,-0.000101830617682916
2.087398052215576,0.017042686686621945,-0.6457140327894288,-23.49586639199924,0.010991876210173227,0.031187109673245138,-0.05967530758901277,-0.6772192912561078,0.0031278752186735988,0.26139983616310386,-9.424279798292271e-07,-3.141455060357209,-3.509186378857763e-05
2.097421646118164,-0.38263885135949754,-0.6205793808070896,-23.560497467227396,0.009307361816444808,0.028238954995306643,-0.04993212284782983,-0.6772301123625162,0.0031370800025880513,0.26136945928003874,-2.730238826097033e-05,-3.1414467176566543,-5.6625031618593744e-05
2.1074163913726807,0.048363579821562135,-0.3046388446264731,-23.40268881777216,-0.0007152916296060254,0.03822360439635848,-0.05377503133429857,-0.6772216611279992,0.003104498911957806,0.2613736106991934,8.822949296371252e-05,-3.1413798838889377,-0.00011828031755894793
2.1155009269714355,-0.296939358076957,-0.36082459853582594,-23.65780435343378,0.004752665170502312,0.03615865486384426,-0.055629355140381115,-0.677217344538538,0.003134650009831294,0.26134300679562605,-1.90809423448374e-05,-3.141393532503995,-0.00012502954767585302
2.12544584274292,-0.08157383378093584,-0.4067573717705168,-23.67904973395645,0.002107474556140686,0.03627398535283737,-0.059937056279704644,-0.677224532823058,0.003148182236147021,0.2613248469350887,-1.71543459870285e-05,-3.1413768329918748,-6.602187168955116e-05
2.135481834411621,-0.2359049825491557,-0.5183303285395485,-23.543691492195034,0.008894680131441133,0.027174457758910833,-0.055191184255066875,-0.6772249032910699,0.0031277671997042285,0.2613249035761609,0.00010937813421527786,-3.141325739410722,-0.00014261034781957343
2.1454880237579346,-0.1812656022783693,-0.49211408374794957,-23.604191627351835,0.00879195254673935,0.038729947545367786,-0.05284769939757306,-0.6772177896213912,0.0031011836933387492,0.2612855092799077,0.00010596710186879278,-3.1413672280327596,-5.4788534753742824e-05
2.15547776222229,-0.13696608318949938,-0.4219556982483884,-23.510837521496402,0.004424271484097476,0.029726840770951644,-0.05268059887995593,-0.6772174656473131,0.003115727615288723,0.261232094024861,7.830610147023699e-05,-3.14139202906104,-3.86830762509851e-05
2.163428783416748,-0.45130374900766385,-0.8376777812443903,-23.45711668997202,0.01269049268729197,0.02622457719820999,-0.04668081527883293,-0.6772307379825913,0.0031155248115944077,0.2612210907230929,8.771811026489593e-05,-3.1413594866134673,-1.8465503147936913e-05
2.1734416484832764,-0.11259587874184895,-0.4791512698156719,-23.421357831698515,0.00967214406330088,0.037956220921673806,-0.06274700947817566,-0.6772192760851734,0.0031037811083319848,0.26118845644986666,8.788711713762438e-05,-3.1414147706292965,-2.640948659457785e-05
2.1834259033203125,-0.2524461524187418,-0.5912655459031128,-23.496927286104597,0.009682543443352468,0.030948195566250156,-0.048735298738806714,-0.6772226313178368,0.003099029015563934,0.26114873328207777,0.00013321220526141123,-3.141387326032237,-3.2420029023710726e-05
2.1934351921081543,-0.08817509994347221,-0.9758596400968826,-23.578723018522172,0.01906957935632481,0.03777545043996105,-0.05327148248271611,-0.6772258627390415,0.003117716042164812,0.26115918448761816,6.206810338523026e-05,-3.1413152901515335,-0.00016241202983952892
2.2034037113189697,-0.377215357223348,-0.6417572197448294,-23.556246634411167,0.011264844752669043,0.030863700733461025,-0.05275560900449573,-0.6772307802343938,0.003094121875462341,0.2611135299881201,6.306669268310832e-05,-3.1413601923579755,-8.121503060403576e-05
2.2134311199188232,0.03786821697212698,-0.7974791612297053,-23.527331060700092,0.009307303483347863,0.03979552815321196,-0.048087432422379964,-0.677241951973131,0.0031203740070811967,0.26112163414667117,5.8439631984432215e-05,-3.1412847574479743,-8.627314024487677e-05
2.2234318256378174,-0.18609219614724168,-0.27669257507641865,-23.572957223450608,0.003779455594636744,0.036059225217615745,-0.052916614811456174,-0.6772285625769936,0.0031016556351857434,0.26107123038888413,0.00010138061523673457,-3.141369272476451,-0.0001443282737518726
2.2334179878234863,-0.14338091032927805,-0.4277551081057008,-23.607083066054937,0.009216738799455419,0.034530840504271375,-0.05926395678769089,-0.6772356855859376,0.0031653915392016595,0.2610037964292474,-3.93852396097136e-05,-3.1414042577391847,-6.074139550812125e-05
2.243403434753418,-0.09794081379034623,-0.7938750029888243,-23.635890442395876,0.012226029846002986,0.03324433577489837,-0.050493216781883066,-0.6772280360975911,0.003133948180754939,0.26100177540827396,5.289885685758611e-05,-3.1413476702759398,-0.00010380202187026742
2.2514262199401855,-0.23364809995575714,-0.47881995060408994,-23.592233429811365,0.002896462820476405,0.038462260770013725,-0.05186806937960267,-0.6772291406516777,0.0030951145583830064,0.26096904196101994,0.0001313389238355177,-3.141354579073331,-6.226901830201258e-05
2.261413097381592,-0.09985050128625271,-0.4251067521705071,-23.43178777322961,0.008474960512675978,0.03029708862147781,-0.056169258912485254,-0.6772362172067963,0.0031417051892308465,0.26096111813451495,-3.778069381666244e-05,-3.141350662969307,-0.0001024809571126707
2.2714178562164307,0.0053837832816144935,-0.7381431357450129,-23.538751683161983,0.015153560336967213,0.03440525556602608,-0.05166095781051608,-0.6772347048268029,0.0031398042650956407,0.26089682876551173,-3.62237562736171e-05,-3.1413998293509118,-0.00015950614398474707
2.2817769050598145,-0.04812691189051126,-0.3825281137388396,-23.628920773068288,0.005625302842297185,0.03604329310998779,-0.05769648497879924,-0.6772321886689938,0.0031487917717493716,0.2608476085325095,-1.701504676993953e-05,-3.1414364691887595,-2.8097810433886215e-05
2.2915585041046143,-0.40990658974981264,-0.7222821672272197,-23.703267951382536,0.011273224750434793,0.0313888751546406,-0.04952191852134807,-0.6772361634091015,0.0031084019342294705,0.26086882015100143,0.0001328091082351943,-3.141335023305438,-3.3816759308671544e-05
2.301421642303467,-0.4251468230544935,-0.5316758276455981,-23.573361357784478,0.010594306529687573,0.025746280805945765,-0.05116564186284102,-0.6772246060160447,0.0031407988458932883,0.2607675933338108,2.301330825801951e-05,-3.1414973882802135,-8.191641908612192e-05
2.311401605606079,-0.45937069834943145,-0.6858557170718769,-23.51788996708256,0.013187380821740423,0.029206003356781272,-0.054284244651867306,-0.6772190586466859,0.0031411805270839866,0.2607862476416689,4.910418611812785e-05,-3.1414265191118247,-0.00012977237647789446
2.321420431137085,-0.46236332502763444,-0.9929221315289244,-23.593245072863297,0.015745849508455347,0.029772183970229762,-0.04516665455867913,-0.6772381649783626,0.003122150663096954,0.26075998257200744,7.85286986841441e-05,-3.1413694526591662,-0.0001080503303203659
2.329512119293213,0.10413921586349334,-0.7897861629864228,-23.30541380209145,0.012036908879717617,0.048530574941919244,-0.05233184477273435,-0.6772280465772179,0.003110885018824549,0.26072856604264893,6.997276076297464e-05,-3.1413939856209363,-3.2551071973797806e-05
2.3394110202789307,-0.22314308859513252,-0.6723097518632776,-22.935954504628953,0.01301873125328226,0.047263794465508366,-0.05952116494771696,-0.6772305304015875,0.0030962433904111295,0.26074553280483714,0.00011699366576406319,-3.1413170506904646,-4.341908382974119e-05
2.3493993282318115,-0.28017475673408687,-0.778978843065403,-22.304457483002288,0.021259263099654747,0.023516945293519706,-0.05734415770717766,-0.6772284382671098,0.0031150933159148435,0.26071935081213743,1.2803274281216696e-05,-3.1413130881419447,-7.951047598957632e-05
2.3594605922698975,0.20630992811587465,-0.7408593228974348,-22.131946326562204,0.011876435298635472,0.03297417438001162,-0.05918202169046998,-0.6772168190494714,0.0031440228851639337,0.26062293458043856,4.948637889826346e-05,-3.1414882475802406,-6.859736966508695e-05
2.369403839111328,0.09548966609534028,-0.6849140117347564,-21.939414993779373,0.00526072413935533,0.027209666319802442,-0.053012709183327324,-0.6772198485823528,0.0031072373774598126,0.26063990944625187,4.0355982873368816e-05,-3.1413450528031728,-2.1009112261840528e-05
2.3795385360717773,-0.25796054383539324,-0.7979962675144406,-22.15893579557201,0.00830218358704114,0.026309549988341615,-0.05444209334809353,-0.6772323990719514,0.0031332934451657533,0.2606582844425177,2.1169618348278935e-05,-3.1412853302530603,-0.00014041724871875224
2.389416456222534,-0.7580918631631247,-0.7285679003646397,-22.126085383862613,0.01387495505780623,0.041442929777432067,-0.05147403675555414,-0.6772438815794034,0.0031282374453716435,0.2606351899563963,6.115810928389754e-05,-3.141288660389358,-0.00016520993892344638
2.3994407653808594,-0.2697811446130678,-0.33990174634116427,-21.950280168208504,0.008971742275305138,0.04699974184644263,-0.047513119934249025,-0.6772392013404287,0.0031320228848973368,0.2606456709763234,2.0683389969526863e-05,-3.1412166636266137,-0.00012163550666413835
2.4094114303588867,-0.3535297348481273,-0.7069277880731428,-21.946793025716463,0.030258558401570847,0.037583226667495064,-0.05472494622726599,-0.6772279189994872,0.0031184975592510617,0.26060457834320616,8.067946686645879e-05,-3.141293794601862,-0.0001447214530434251
2.4195122718811035,-0.39739633082629033,-0.7275151240227413,-22.05347250586875,0.029154074840062546,0.03551968917686923,-0.05333314141653874,-0.6772341547775759,0.0031158632226906133,0.2605437719019965,6.277736125947536e-05,-3.1413177055435573,-7.615235245581203e-05
2.429476499557495,0.0021689037336410045,-0.25856161242714826,-21.604545686141563,0.010898913089890943,0.040257617511252695,-0.057165579025931466,-0.6772341717123505,0.003148686574096664,0.26054150889439764,4.698269724594372e-06,-3.1412944149975752,-7.665557797221272e-05
2.4393794536590576,-0.15860378149759488,-0.7248799691799406,-21.518687967858767,0.0038449104935921953,0.043815493062854455,-0.05017326045069932,-0.6772214092020362,0.0031317895473732885,0.2604841897749861,3.11815590514509e-05,-3.141328955405996,-0.00014284994655178204
2.4474194049835205,-0.24925985268473286,-0.8970440099355058,-21.426183423942323,0.0010191648945146463,0.051767660191866974,-0.05409959555618064,-0.6772509453445898,0.0031332367826763415,0.2604820927449434,2.0219559311776538e-05,-3.1412698589393573,-5.7974851706672e-05
2.4554708003997803,-0.1732965508466207,-0.7838305527397641,-21.16716240937491,-0.017861553945570863,0.04662630997364115,-0.05319263302426996,-0.6772454056276357,0.0031138986828766414,0.2604943068048618,0.00010851389415080621,-3.141263630752569,-7.377975411655284e-05
2.465437412261963,-0.28329087197274366,-0.934284678692921,-21.160622962319028,-0.023069288833480448,0.04800621071348856,-0.050475105954434475,-0.6772322960462255,0.003130973063420654,0.26052345631389356,7.167595039457599e-06,-3.1411925536988186,-0.00010873646705354511
2.4734086990356445,-0.24987947216156747,-1.2370182538020371,-21.075256373972003,-0.031156159065923457,0.05424626399059632,-0.053872327104890726,-0.6772462931295756,0.00314443009869342,0.2605112474736671,3.979778249003298e-05,-3.141165656874434,-0.0001570383483541274
2.481393337249756,-0.5571691040199641,-1.6716025007915967,-20.8077621840396,-0.03375523370515012,0.056970530604476516,-0.0467715013199367,-0.6772452303607861,0.0031213477804906443,0.2604553486812195,7.245976216758209e-05,-3.141218613389989,-8.074809533893081e-05
2.489473819732666,-0.37525256386370354,-1.4326123800839246,-20.250050024681673,-0.04157413781528288,0.06484217429830313,-0.05290177960723927,-0.6772362935495237,0.003126849387291215,0.2604776479267037,1.9741773070407226e-05,-3.141155576047038,-7.491559395326583e-05
2.497422456741333,-0.5787028821585258,-1.5682763249028604,-20.220862945104997,-0.03825927251423949,0.058420774116477954,-0.04615395562956663,-0.6772337839399059,0.003101428802974059,0.2604402583699563,8.14825038647064e-05,-3.1411955565302194,-8.775214698721177e-05
2.5073702335357666,-0.5533208478458994,-1.4865110436563593,-19.96519047803626,-0.0470577211592422,0.06263105722446473,-0.053478800721159445,-0.6772448480907319,0.0031066532665389454,0.2604105858135408,9.877665886684433e-05,-3.1412275056396655,-0.00010339274276795588
2.5174384117126465,-0.6613974346046111,-1.6670169255977993,-19.937571537413753,-0.055286429220306924,0.05505628724514148,-0.050397316069382254,-0.6772527861709443,0.0031496160902783426,0.2604312515865016,-5.642641728031995e-05,-3.1411400860817382,-0.00013145413095260334
2.527374505996704,-0.7768470492036735,-1.6861740482704501,-19.673809030760793,-0.06036074514281837,0.05429671525613866,-0.049659336897855504,-0.6772460462800338,0.0031320406273939627,0.26045213956997415,7.329030959194931e-05,-3.141101780321411,-0.00014377804087868187
2.537431240081787,-0.3936247135490395,-1.594027999217425,-19.36564943372228,-0.0671313056045776,0.06568163982505486,-0.05287663811389242,-0.6772387966500878,0.003120481318033551,0.2604180423785174,2.9889719840576072e-06,-3.141101517651649,-0.00016476318414207887
2.547372817993164,-0.8712431654830655,-1.939187664591854,-19.253502975443837,-0.05803462236196636,0.05923359500527971,-0.049471998547374656,-0.6772507617897212,0.0031219952744027304,0.26043831924566346,8.732698055634362e-05,-3.1410177892969697,-0.00017718557059239428
2.5554325580596924,-0.5909140041897383,-1.7787174843219908,-19.00168760894284,-0.05827043118229535,0.06600474343744903,-0.050044287433268185,-0.6772483161064667,0.0031076264626467157,0.260411825452942,0.00015704859450764766,-3.141055318186838,-0.00011987870273633576
2.5653836727142334,-0.9053548441695347,-1.8046952936355225,-18.995527791986696,-0.051816837132976426,0.06500399270671248,-0.05829424610024767,-0.6772482636039798,0.0031073977913298806,0.26040460616320427,3.4878056356239635e-05,-3.141016814506839,-0.00012968480655318497
2.575413465499878,-0.7726214921254079,-1.8056955003542579,-18.57083941742857,-0.05286565391198784,0.0678192097467654,-0.053069084594420696,-0.6772502099987904,0.00310259802845016,0.2603956450013961,0.00010210786868635849,-3.1410432058393,-0.00013576349798364478
2.5853803157806396,-0.9523085020460191,-1.906004837664053,-18.511532540202783,-0.06710197406373551,0.05635549501484763,-0.052170420514781025,-0.6772472822427278,0.0031123719873705842,0.2603629556123064,4.899725855705291e-05,-3.141094169142833,-0.00010468233337613793
2.5953783988952637,-0.7105376948232388,-2.206247104431771,-18.273840213394283,-0.0762742951932655,0.06492073810873052,-0.05056578594103211,-0.6772593688025169,0.0031124978088882794,0.2603862196587735,3.6808643946252865e-05,-3.1409981654865393,-9.884836902222486e-05
2.6033480167388916,-0.43314013243225213,-1.750966281744548,-17.98559061996435,-0.08351742409009312,0.07465328053014973,-0.05370197132811475,-0.6772613103510116,0.00312066615427963,0.26042501958331493,5.667018452192278e-05,-3.140906799526637,-0.00020546653506592209
2.6113672256469727,-0.4004249386556585,-1.8971262989904059,-17.6464877799983,-0.0763985972361651,0.07478077482441724,-0.0540616260309931,-0.6772504810801221,0.0031338757768595202,0.2603583991054767,-9.06494928347176e-06,-3.1410133617135245,-0.000144827954955104
2.6214683055877686,-0.693423512590513,-1.9590853047096173,-17.55849322020178,-0.0631806223320494,0.06592870134002662,-0.04981247702684153,-0.6772671275617602,0.0031139360203076357,0.26037105907975655,-2.222403988981921e-06,-3.1409627349824008,-0.00010846187467421862
2.6314504146575928,-1.0061224748480513,-1.7216979266406995,-17.364152055153735,-0.06378301211775536,0.06326132108411278,-0.05077518579281093,-0.6772433365511219,0.0030981036441277126,0.26036530217256093,0.00011024740233642716,-3.1409917994621357,-0.00015165118449468113
2.641409397125244,-0.6518270097096236,-1.6245061094177382,-17.155041118468855,-0.07781561129664098,0.06832604781662127,-0.05649149076512344,-0.6772482241778282,0.0031488521273388822,0.2603746916035702,4.9382427175294895e-05,-3.140932201146229,-0.00023724192174393396
2.6513898372650146,-1.0562680545302694,-1.8341854424944741,-16.987464860139053,-0.08208460034875108,0.06281196374296905,-0.04642211594434133,-0.677252256287997,0.0031220000119811524,0.2603305105134003,3.8276885363586716e-05,-3.140987905047045,-0.00018545921755979842
2.6614553928375244,-0.8053180684309256,-1.855181075411078,-16.812952708916615,-0.08362648594912986,0.07001997859900173,-0.05113843119829095,-0.677249388668805,0.003105344524399633,0.2603447366786171,9.647476990264001e-05,-3.140929421729588,-0.00025760814025226064
2.6694395542144775,-0.5980481956405197,-2.0233270515623483,-16.67964530882906,-0.08385219574512183,0.0753503035404124,-0.0540402450186591,-0.6772558848558695,0.0031145551768224766,0.2603738169211066,-1.4340382858141308e-05,-3.1408676387963124,-0.00017214408533363515
2.677476406097412,-0.9585766162143775,-1.9729670935320036,-16.494392509690744,-0.07883208913484245,0.06571652700561713,-0.04746053816296826,-0.6772557014694189,0.003090728585291413,0.260320609405239,0.00019342428467406368,-3.140991528373864,-0.00021021239973738218
2.687476634979248,-0.7390868158296028,-1.9333628612590714,-16.39802957892664,-0.07210289159221014,0.07107091208146683,-0.051535464035525516,-0.6772566805977712,0.00310442887013721,0.26031220340841393,5.8165059596076564e-05,-3.1409790677637455,-0.00016745593767573526
2.697409152984619,-0.6786631519139694,-2.136376982174609,-16.044242744821357,-0.07295995168560282,0.07037824055106866,-0.05095949075714231,-0.6772465240689115,0.0031051644120803643,0.2602796851195951,0.00012298186608693452,-3.1410112966624144,-0.00015143287103705234
2.707371950149536,-1.0621034049667946,-2.288005446040441,-15.693234310778225,-0.06502395220558983,0.06396193006196098,-0.055072716513814894,-0.6772623901779896,0.0031235352059550783,0.2602495577055047,-1.1561974166761852e-05,-3.1410233504000598,-0.00016653068701841275
2.7174501419067383,-0.9306793096602629,-2.2160186756159823,-15.446461157982792,-0.07694799168428962,0.06593739135782914,-0.04619872476776542,-0.6772653244934255,0.0031107167693267264,0.2602848329571186,8.400981712744413e-05,-3.1409850544101725,-0.00018598944086789925
2.7273716926574707,-0.9388056508037648,-2.370754869316562,-15.065838114610552,-0.08114452945172103,0.07077590315702283,-0.053774035041920194,-0.677245101441047,0.003123343073498142,0.26028714270685654,4.567924007219639e-05,-3.141018014501407,-0.00022119205827465636
2.737393617630005,-1.0770995548656286,-2.197701053060891,-14.859608486054789,-0.07766338995333577,0.08722197070203822,-0.05214635639167587,-0.6772486412331189,0.003092390194982999,0.26028915394605073,0.0001247103252394932,-3.140976753125946,-0.0001838919444792641
2.747429847717285,-1.352760574606322,-1.988330891710717,-14.381733227261714,-0.07632777251324387,0.08905810871320971,-0.04687762821882831,-0.6772499972238049,0.0030946306572175635,0.2602391902430592,0.00011143293734441134,-3.1410400845513533,-0.00014874394369421734
2.7554244995117188,-1.5488805814152273,-2.1666604272779404,-14.327477161754253,-0.07419078320657504,0.11235044124930826,-0.04426747370913408,-0.6772510440730821,0.003111979510259841,0.26025564499920306,8.617562682763677e-05,-3.1409909923479824,-7.819368666487237e-05
2.7654690742492676,-1.7641465103331049,-2.1472868301637766,-14.20388835781898,-0.07498062914823604,0.12091703614807593,-0.043046288819270966,-0.6772513438045771,0.0031294746252907195,0.2602411783104032,3.331598024508927e-05,-3.140993016124953,-0.00012859234764054143
2.7754745483398438,-1.5144623501942158,-2.19472824870934,-13.962828975908762,-0.07484008649391857,0.1341406419243922,-0.050141279956653656,-0.6772409717196138,0.0031210831710936325,0.26024744524404686,5.291302011303742e-05,-3.140989661730856,-0.00020983023359714666
2.785419225692749,-1.3421053145512172,-2.0750687816421167,-13.913492223310516,-0.08626227011301806,0.10834404063859676,-0.04971218968862121,-0.6772427319177631,0.0031165988912033493,0.26021925724766926,9.85782867454509e-05,-3.1410330918571745,-0.0001652039464624315
2.7954437732696533,-1.427892590285153,-1.8211560370250193,-14.15964908440188,-0.09149440303970022,0.12727082494655934,-0.047523854680624394,-0.6772319433598285,0.003115100427231325,0.26023649597248893,5.953778265432174e-05,-3.141025819805625,-0.00017903470670170552
2.8054234981536865,-1.3692896300340371,-1.8426775255697863,-13.790124686967168,-0.08306655305630106,0.1229208336788314,-0.04862189814174742,-0.6772573303512124,0.0031124059402226107,0.26029224580957117,3.1284809255150536e-05,-3.140945483846515,-0.00016032242226834083
2.8154304027557373,-1.5294847982662385,-2.0784341119996235,-13.557141796009015,-0.08163729410046061,0.1089227700634897,-0.05012288089633553,-0.6772575361183705,0.0031407694181406405,0.26022862685761966,-7.064074084957698e-06,-3.1410052219669806,-0.00018577260116891124
2.8253977298736572,-1.4270345893575591,-2.1546667409692493,-13.336534826630174,-0.06839313279492631,0.12670388205417502,-0.045941931114434155,-0.6772342356451676,0.0031026861275497016,0.2602047752610357,0.00014496465366352853,-3.1411304312879276,-0.0001653930278528593
2.835392475128174,-1.7740639229879427,-2.2205372385006075,-13.334244145655882,-0.0855497936384621,0.11466995952385246,-0.050835485290645535,-0.6772489160370272,0.0031021889980578734,0.2602191822311536,0.00011113728360272707,-3.141043002417842,-0.00022017599264846372
2.8434081077575684,-1.4465336325832017,-2.1315149720324906,-13.484281471470283,-0.08966094666343023,0.12318922953954531,-0.04566167162530224,-0.677242290374835,0.0031387159815429357,0.26024382187331063,3.30031007033208e-05,-3.1410261823035186,-0.00016538636804789466
2.8533926010131836,-1.6683531553399957,-2.363414047679027,-13.70042049360663,-0.08177277293662946,0.13018852832740507,-0.05056679002305894,-0.6772510892481669,0.003143100771705187,0.2602160078166369,-7.626785118278485e-05,-3.1410558097954397,-0.0001503979462119261
2.8614351749420166,-1.5410300472098348,-2.217067638850968,-13.377825307933445,-0.08019249625949387,0.1381402056428758,-0.04468726483432097,-0.6772360699541625,0.003095765992417238,0.2602341899612719,7.128640240834778e-05,-3.141039539195639,-0.00011584790172138696
2.871520757675171,-1.8516452454184287,-2.1482685779619515,-13.451299911835344,-0.08153152922165083,0.14053954709375732,-0.04628640709381429,-0.6772554199151652,0.003108994803158978,0.260251746100923,0.00014064402996126997,-3.1410116642343975,-0.00013735726225658709
2.879420280456543,-1.6383956603207224,-1.9562205085987117,-13.246957045080276,-0.07958984326215372,0.1513718361737146,-0.051361180257691055,-0.677249837980352,0.0031448066795512907,0.2602467147599633,1.8963734643404898e-05,-3.1409938757966027,-0.00010469890114320062
2.887498617172241,-2.12489645141704,-2.097536260484218,-13.317915826811872,-0.07831685588446977,0.14948317235670805,-0.049007502164619306,-0.6772577687624752,0.0031069789877301384,0.260273902276448,0.00010352000496668299,-3.140945800266548,-0.00011954420747454581
2.8954410552978516,-1.7425540034240443,-2.0951244219580984,-13.384031294102053,-0.07869171124429446,0.16734104567468902,-0.052165401146908714,-0.6772453627690554,0.003081154528975946,0.26023086017444763,0.00012477717895425204,-3.141074091494204,-0.00021038430530811292
2.905407190322876,-1.882128622234779,-2.0433285037215594,-13.52413339126155,-0.07985633104246667,0.17905610716056594,-0.05012258918608808,-0.6772489327860604,0.0031090373580969404,0.26023263728258295,7.070172330735376e-05,-3.141071805209829,-9.352745991542467e-05
2.9135262966156006,-2.0479427582400196,-1.9415873655100688,-13.4407674033913,-0.08195757427711943,0.18770941864326732,-0.04465445018206763,-0.6772462746594525,0.0030918053536209246,0.2602089073796786,0.00020727293448505766,-3.141154431012162,-0.00012433834147612872
2.92140793800354,-2.434478488061105,-2.0068479061991655,-13.428790614039768,-0.0757786983889202,0.19131305801910609,-0.04219413155159664,-0.6772433314550753,0.003113795780350501,0.2602356169083932,6.524880811234429e-05,-3.141093298654718,-0.0001439910376393187
2.9314792156219482,-2.422585784218923,-2.047681695733981,-13.47837357367839,-0.07483283709765577,0.19561133330415417,-0.039301420347706194,-0.6772459590483959,0.0031167972505487976,0.26023633948679725,0.00011632665019143335,-3.1410767326161015,-0.00014242281110139556
2.9414093494415283,-2.467544650882452,-1.8318771944796297,-13.281384615494204,-0.07816299726285102,0.20551692508078787,-0.04724362056710312,-0.6772466592257066,0.0031051773997956807,0.26022004444699354,8.409887802294879e-05,-3.141103759557463,-0.00012142706493000154
2.951399326324463,-2.482789653958208,-2.148852371541578,-13.505195514843093,-0.07000221751795267,0.21518186395004302,-0.03988594130360345,-0.677237511039292,0.003109141596296774,0.2602287610851946,8.325972099643252e-05,-3.141168255322773,-0.00014605196403530104
2.9613986015319824,-2.731534694708076,-2.073806748633152,-13.557911568262913,-0.06921307095514571,0.2128338019148555,-0.04252128225561215,-0.6772256585817907,0.003108861067735037,0.2602388470332443,5.707835052703519e-05,-3.141165340470591,-0.0001813385442602835
2.971407651901245,-2.4475920878423643,-1.970372982958258,-13.44558296686106,-0.0706400576050172,0.2237714676968311,-0.043535008949491395,-0.677235678212504,0.0030801228495252143,0.2602172032841778,8.48849287859544e-05,-3.1411796185103547,-0.00014456033170140434
2.98136305809021,-2.512643297922555,-2.009198594467564,-13.51366916465513,-0.0761631989072236,0.2288073973557461,-0.04462884212882968,-0.6772371267349226,0.0030957050978749705,0.2602424711343056,6.269153417944157e-05,-3.141171315491388,-0.00011235645835896036
2.98934006690979,-2.53760089538762,-2.0763653142848386,-13.577083009187344,-0.0705554334178226,0.22879781083171763,-0.04489759406063101,-0.677237469419749,0.003119390127161864,0.2601911471535745,8.999470962779249e-05,-3.141232364433478,-0.00015968968549805548
2.9994308948516846,-2.696065889667769,-1.901756212071912,-13.465123793724517,-0.07312215864696146,0.23131086491220254,-0.04886382424058955,-0.6772352972526914,0.003096322710997185,0.260207594798486,2.5517361925093858e-05,-3.1412135666824064,-0.0001657782966871367
3.007380247116089,-2.4481698670999674,-2.039604489824784,-13.443153273950845,-0.06803396107494925,0.23097600400393167,-0.044472621679460825,-0.6772268179781964,0.0031325935965402668,0.26020618883799074,6.354701529308796e-05,-3.141239618325724,-0.0001757871075286568
3.017533779144287,-2.6383131988542594,-1.7336583634810472,-13.27060111862529,-0.07709647088517128,0.23403103835319994,-0.035668307444725246,-0.6772331228080989,0.0030708215748437924,0.26020192838723416,0.0001300830567413488,-3.141242236528566,-7.71275646906954e-05
3.0273866653442383,-2.947758701025854,-1.9742791205919752,-13.319159503147407,-0.07301587353115943,0.22651287541842796,-0.04427149563501643,-0.6772407208142875,0.003128404624564911,0.26020672451483995,6.35344568956035e-05,-3.1412161860637666,-7.181476624879167e-05
3.0374624729156494,-2.6104655949560787,-2.0647801621758597,-13.472280173927837,-0.07300959651486201,0.24060449269986012,-0.04363548553659061,-0.6772230981335841,0.0031236849313837356,0.26021970668553146,7.786813031339898e-05,-3.1412126586162956,-0.0001531168525284893
3.045474052429199,-2.902821462294287,-1.8508553021045389,-13.450331999409693,-0.07490637132919288,0.2369224648909785,-0.04688192280336296,-0.6772337905410453,0.0030841137087518227,0.2601680481389229,0.0001287018460314527,-3.141288910869838,-8.106451931784823e-05
3.055396556854248,-2.800958929850521,-2.088039228109329,-13.665430642285646,-0.0674894826859758,0.23843901038584037,-0.04030423368619244,-0.6772513772095844,0.0031401886577341327,0.2602388037326729,-2.7260651785942326e-05,-3.1411721187011405,-0.00019094320711765642
3.065416097640991,-2.977626577576382,-2.204505855791874,-13.778461913223024,-0.06637398813734675,0.23884116632250899,-0.042116216828464344,-0.6772247387225251,0.0030819820983280766,0.2602132771409116,0.00010357256772503441,-3.1412550648199105,-5.1704562157263785e-05
3.0754263401031494,-3.1385624699128782,-2.0932691462205897,-13.64589394453579,-0.06401819545024862,0.23908180573272703,-0.039192393997132806,-0.6772378517532242,0.003118587235870423,0.26024300533573824,6.29429766910713e-05,-3.141205150724585,-5.657884628560853e-05
3.085381031036377,-2.8971315296882465,-1.9302737789571183,-13.639473734254134,-0.07400869579200423,0.24532281543755785,-0.0389420050777614,-0.6772402947667683,0.0031187449909219514,0.2602431473895854,5.673524336554865e-05,-3.1412219184303454,-9.636850229731848e-05
3.0934641361236572,-2.8899432068173323,-2.142319312517704,-13.604867242924264,-0.0703405150590186,0.2484988848886044,-0.044338198994286294,-0.6772551106872333,0.003123699668418661,0.2602342738134554,-6.542781573549526e-06,-3.1411893615237463,-0.00010140152768545657
3.103433609008789,-2.7516442910634202,-1.942251677302785,-13.517604434753105,-0.07144973276399498,0.25429794684163204,-0.04532449664007851,-0.6772377185157461,0.00311691031984002,0.26025399235252294,-2.0788692164543873e-05,-3.141180696814771,-0.00013549952933185954
3.111464500427246,-2.807997630395482,-1.7714301024144217,-13.675517825083753,-0.07532730649876203,0.24315266691377513,-0.045225137508774466,-0.6772391400749482,0.0031232187876460366,0.26022172262576987,1.198518791522262e-05,-3.141240104157465,-3.761899351143256e-05
3.1194350719451904,-2.8171120195796306,-1.9674659776932888,-14.015218150792181,-0.06779059728205615,0.24161072505086,-0.04664607725795678,-0.6772426422739622,0.0031007319436498508,0.26023875603684876,9.472581364794173e-05,-3.141243312414126,-0.00010330234575974883
3.1274187564849854,-3.0668450278930983,-2.4997657000685254,-14.050523582531353,-0.05854247914530848,0.23175778794008556,-0.040241593345894514,-0.6772206018404509,0.003115579466535455,0.2601903284935938,4.948682746976041e-05,-3.1413711664743253,-6.196412898338069e-05
3.1354105472564697,-2.2031712513732686,-2.1332696335389927,-13.8635368745186,-0.07480230018186258,0.2373053775048434,-0.04653888160542022,-0.6772503609211068,0.0030871633973467275,0.26023568974229383,0.00010350584248510676,-3.141255586261541,-9.944831427677568e-05
3.1434011459350586,-2.4647343726365754,-2.150230397622659,-14.029969381766373,-0.07380237398473752,0.22057146013437662,-0.04096762212429417,-0.6772464699615683,0.0031024873680570563,0.26023785100808383,0.00011488178443514774,-3.1412440231730696,-8.248234924455766e-05
3.151428461074829,-2.2882422348199176,-2.086717812976713,-14.207573503102525,-0.07465719963397892,0.2049161986679216,-0.044224014619275116,-0.6772421269731299,0.0031261525848475945,0.26025271160383023,1.53180378000844e-05,-3.141277580206206,-4.521473470272331e-05
3.1613714694976807,-2.0068105061256656,-1.8674363267598804,-14.307387169731424,-0.08557327158130927,0.19924888533371826,-0.04848255219649848,-0.677258634985364,0.0030954455751291085,0.2603014439927247,8.230663228827814e-05,-3.1411539985618817,-9.276754594481545e-05
3.1715471744537354,-1.987657942867168,-2.138463915317673,-14.416446227150427,-0.07744186652096326,0.20059951745086382,-0.0420476242752837,-0.6772342807891185,0.0030929502466186596,0.2602505031551101,0.00014706083831412126,-3.141299227300994,-8.560680721739515e-05
3.1813642978668213,-2.4535800445307947,-2.2577877636495685,-14.531325352542726,-0.07263951318708506,0.20294089214308156,-0.0448562244347937,-0.6772388605892771,0.003071483426971788,0.2602378868640226,8.683529039509765e-05,-3.141276865574619,-4.062285283844213e-05
3.1894257068634033,-2.00052289131069,-2.3431657929076612,-14.326715918477182,-0.07343364489870272,0.20221555849339357,-0.03630157605653287,-0.6772394505028073,0.003097657642020303,0.2602607487628597,0.00013314804402585504,-3.14125225471497,-0.00010755787256406187
3.197399854660034,-2.158339749092216,-2.1870107014272766,-14.512886625496298,-0.07646969385907261,0.2021737694158579,-0.048789089406633734,-0.6772391479098433,0.003127882470275948,0.2602407961980823,3.051909705500081e-05,-3.141286802962127,-9.485156119686601e-05
3.2074060440063477,-2.259971913913026,-2.1806516554728086,-14.605230689059523,-0.07607597359674657,0.20541832780395008,-0.04628844503805069,-0.6772398566725694,0.0031204200875551025,0.2602712695758222,8.790634125210185e-05,-3.1412586632247814,-0.00011100805273219489
3.2154057025909424,-2.1315133158553317,-2.0643162140227407,-14.620757445965246,-0.07971458226144686,0.20246182218266442,-0.04661536036326146,-0.6772391236496536,0.0031539210288633007,0.26021026895250376,-2.096038983444159e-06,-3.1413110833228606,-0.00010057528572814437
3.2254343032836914,-2.282384080888177,-2.0714777111804934,-14.514956168744117,-0.07620900667141284,0.20322249836580844,-0.03914701905713432,-0.6772366055095955,0.0030974461392213556,0.26022033106188464,0.00015865328782905348,-3.1413155522596505,-4.726212446911506e-05
3.235396385192871,-2.3321124299957536,-1.9416495089227812,-14.500851194134928,-0.08232039267687673,0.20444255403577064,-0.04986505017869461,-0.6772467292640951,0.0031319728200804873,0.2602825759024194,-3.2191262373804283e-06,-3.141208993794621,-6.277594558835292e-05
3.245429039001465,-2.0749242919531,-1.9972953191563723,-14.298685117302687,-0.0803245569254697,0.21237704146106148,-0.045085262701853965,-0.6772374964074773,0.0031261934390057916,0.2602728149100333,8.724757948372783e-06,-3.1412461255799498,-0.00016310735725353533
3.255396842956543,-2.1023436960309447,-2.184806848385238,-14.38952653876936,-0.07434583830919086,0.21043253580824536,-0.046026180067910476,-0.6772383373192769,0.0030974004899172675,0.2602091655794424,0.00014712242058681455,-3.1413543543070572,-2.7966342000244052e-05
3.2634012699127197,-2.271010779594142,-2.006959580993873,-14.529087969052839,-0.07905257376013082,0.2113113328630384,-0.04088755660776735,-0.6772442325620501,0.00310782568595088,0.26020497044715446,0.0001458457230039693,-3.141341341520521,-9.095873428384328e-05
3.2714650630950928,-2.313153192742693,-2.2023570869982727,-14.585981835017888,-0.07709702610122326,0.20971157141899568,-0.046188609075743,-0.6772438220341506,0.003094900400192431,0.2602349722179634,0.00014056565020883233,-3.1412944285475364,-8.70598874409545e-05
3.2813968658447266,-2.5339527798370165,-2.2266891853811623,-14.798173781744273,-0.07473734052278312,0.20540539753846218,-0.04001177407316946,-0.6772439734894375,0.003130104665033644,0.2602701109630398,2.3291568864057427e-05,-3.1412110348806634,-8.794184258868162e-05
3.2914481163024902,-2.275579955755487,-2.181458015768599,-14.688476447214645,-0.07514433544188816,0.2098420729239405,-0.04392393856962692,-0.6772472459117364,0.0031198701399267107,0.26025267721122886,4.336599860353665e-05,-3.1412506005485694,-0.0001271841192462265
3.2993783950805664,-2.414985530285036,-2.3988219250339466,-14.728488251271413,-0.06901651031817996,0.21436633244652578,-0.04558977035777548,-0.6772436989308922,0.0031141751775399977,0.2602519975574914,4.305572445214721e-05,-3.1412777081969923,-8.567678602807742e-05
3.309407949447632,-2.3436251060055566,-2.1997458818529316,-14.6863874135135,-0.06850626525068344,0.22000780657802357,-0.04488050924528551,-0.6772301924995111,0.003142525058052274,0.26026278568893024,4.807817119439522e-05,-3.141295983554999,-0.00012725155678023508
3.3194541931152344,-2.307700166240015,-2.0191236994985666,-14.622453169410388,-0.08191502866261795,0.21702215633472927,-0.045977259322471715,-0.6772320982493641,0.0031227579133078064,0.26022191038381276,7.597229160498756e-05,-3.1413429697347746,-6.451953049596763e-05
3.3294260501861572,-2.7259287806832595,-2.402370654036863,-14.852204091643834,-0.066473660845251,0.2138880576366269,-0.0351653058992601,-0.6772493209995433,0.0031046601385757867,0.26030448271977036,4.9247095849452234e-05,-3.1411702275697144,-0.00012041123779496668
3.3394486904144287,-2.531575977771266,-2.54311470982369,-14.77061553449406,-0.06924398000351177,0.21258332375787103,-0.03513933214522451,-0.6772434380144735,0.003134107804643545,0.26024787428330076,1.5259081549461158e-05,-3.141287659901004,-3.052100772532638e-05
3.3493924140930176,-2.3881975269844755,-2.3354476607110555,-14.661394349384196,-0.06787380257590385,0.21517999923994055,-0.040638090196001744,-0.6772329595575463,0.0031165058737381815,0.26022489797592774,0.00010666258991735984,-3.1413403035609124,-9.138906545548457e-05
3.359441041946411,-2.5051490905842257,-2.0335731828666455,-14.737489253302627,-0.07323155935468592,0.2173007983758056,-0.03874073626120741,-0.6772497445298733,0.0030923552863990436,0.26025746914314596,0.000135281505282663,-3.141253145826446,-8.671513376589838e-05
3.3694629669189453,-2.0898251894989284,-1.9469042796466374,-14.862751451954098,-0.07992265404055107,0.22253036897782336,-0.041680051270228564,-0.6772467286615074,0.003121052810165844,0.260263135953479,4.911262019502164e-05,-3.1412514159587563,-0.00010105908832727907
3.379514694213867,-2.43114581529803,-2.2360403949091094,-14.788832708598031,-0.06728360604615047,0.21439368933230815,-0.04848155154206602,-0.6772499328360547,0.0031222128500808556,0.26029005984951586,-8.08040560098191e-07,-3.1411790637545995,-5.098572658771779e-05
3.3894035816192627,-2.1875912141321203,-1.9768028937508262,-14.817891467687197,-0.07732351271846977,0.2202320002874825,-0.05020135061678714,-0.677241250589456,0.0030934443863465375,0.2602544114114771,0.00015226512537880506,-3.1412955594934666,-0.00019921750924716897
3.399399995803833,-2.2638452923205317,-2.0934548766508185,-15.033798568199158,-0.07418698567482294,0.2168541678169334,-0.039896467928914756,-0.6772238668118084,0.0031084345559594835,0.26028001014132435,4.289011256913315e-05,-3.1412660762557096,-6.347956746583667e-05
3.4094464778900146,-2.4448282089525115,-1.9980151441030722,-14.849207861149495,-0.07889123205237669,0.21591741588661262,-0.0412666071581264,-0.6772487436687121,0.0031012982461060645,0.2602565709355531,2.189495782311883e-05,-3.1412728858352152,5.160094361062699e-06
3.4173810482025146,-2.447105311011196,-2.387046024977537,-15.200118532207393,-0.06761789341901848,0.21441486815761013,-0.04428977539290165,-0.6772420894078264,0.0031094883282709084,0.26028262386874634,6.786711696091778e-05,-3.141219970965137,-7.146151779280134e-05
3.427441120147705,-2.5117155081217364,-2.2389110041271647,-15.025455516321154,-0.07215591387864258,0.21242553399435304,-0.035473466154479195,-0.6772580451444864,0.003106315867298275,0.2602676789481751,0.00012733118911723717,-3.1412636459616228,-9.735348658625721e-05
3.437466859817505,-2.1300620722017825,-2.3050592671602277,-14.976512181004553,-0.07172583251154419,0.2206825096158319,-0.047719537400950855,-0.6772466481388769,0.0031189667137207157,0.2602337428658703,2.2728526922465103e-05,-3.1413103882372657,-4.9157324869951616e-05
3.447474241256714,-2.0539686360390594,-2.079295192034126,-14.979751724683526,-0.0729125087914478,0.22432351019048874,-0.0426162155814519,-0.6772563388746088,0.003139816043239218,0.2602801526040508,0.00012411748219598605,-3.1412615819879397,-9.128003729234287e-05
3.4574015140533447,-2.340354542683072,-2.007871629740554,-15.189272891462878,-0.07574577976517993,0.21485687162770806,-0.04201647555428978,-0.6772461683328547,0.003080298443290057,0.2602730902052659,0.00017935683624720525,-3.1412401674325463,-8.561587928795993e-05
3.4654133319854736,-2.4043536111183736,-2.2418207584121075,-14.981876184662728,-0.07176166692021438,0.211649003415043,-0.044888652690837444,-0.6772369282319023,0.0030987731926156,0.26024488252853495,5.5630567088759524e-05,-3.1413121532042694,-0.00011355754835619137
3.4754066467285156,-2.0717023211873578,-2.2317626054554767,-14.969655511555382,-0.07266332185150785,0.2196238277338228,-0.044299191909416995,-0.6772235539130448,0.0031187869656690743,0.2602602770720991,8.06690980977247e-05,-3.141336032550397,-0.00011290354651084455
3.485410213470459,-2.4146820313966333,-2.067292864992491,-15.163222448726582,-0.07957069784952904,0.208163643869204,-0.0414160749761592,-0.6772493447404621,0.0031232649624535805,0.2602998398593038,7.44282481781175e-05,-3.141201767500713,-0.00014323491372685677
3.4953665733337402,-2.423152486192291,-2.234343151447874,-15.12332232951462,-0.07056167102539251,0.20889590510440634,-0.04275181300722442,-0.677239902711628,0.0030779509401739264,0.2602861469073853,0.0001998720724462372,-3.141263868912493,-0.00011179755752533785
3.5053467750549316,-1.9171190297844072,-2.0774563652053684,-14.961230622209824,-0.07545018082464253,0.2201423337997216,-0.043083647007369066,-0.6772254413819057,0.0031487804968725478,0.26024002889851516,1.7577833624439811e-06,-3.1413276602634745,-8.861884651795988e-05
3.5133414268493652,-2.040953979660615,-2.155421178993201,-14.821859722305414,-0.07248511128662874,0.21655722921269502,-0.04285899760005875,-0.6772349405123861,0.003104730554298734,0.26031566910216386,6.844332507083228e-05,-3.141190475351668,-0.00012083891366762272
3.523418426513672,-2.2600885531994623,-2.114436861241433,-14.77166490494176,-0.07326617084566571,0.21473245877811764,-0.04439733820619507,-0.677243219541786,0.003093922156467279,0.2602491829179445,5.743490474517768e-05,-3.1412680734756004,-4.13066718389324e-05
3.531369686126709,-2.1234248983351605,-2.08146611312422,-14.762588790400116,-0.07543281928735088,0.21541209613039405,-0.04405797789386109,-0.6772311672210134,0.00313735954396573,0.2602676603425016,3.372873821629038e-05,-3.1412956468055846,-0.0001190119345744264
3.541377067565918,-2.423179788268146,-1.7626983185998808,-14.870761852234102,-0.0850195322410708,0.20834754587449858,-0.045117091048420696,-0.6772395855213631,0.0031006644631405554,0.2602595456969746,0.00010747980410720386,-3.1412731797649314,-0.00014751756943673792
3.549403667449951,-2.0050166978794954,-1.8192518549711318,-14.952698990978526,-0.08169737768096048,0.21839116405267123,-0.04938669870650537,-0.677242833500109,0.003119820875814064,0.26029395180826465,-2.636186337505039e-06,-3.141210927105151,-0.0001073180098532101
3.559476613998413,-2.3699001214743656,-2.1051341203460363,-14.947513804667539,-0.07288700943859551,0.21099189993031295,-0.041625081956331196,-0.6772555240329323,0.0031035554948874154,0.26030835555005416,0.000128315832688144,-3.1411242400362416,-0.00015422678828506858
3.567415952682495,-2.424988753504733,-2.002189535113746,-14.838082860852216,-0.07778696418867628,0.21066696677579108,-0.04454406763423205,-0.6772441086720705,0.0031152256957396886,0.2602524646263661,6.706066092228563e-05,-3.1412734445278874,-8.70437278219392e-05
3.5754451751708984,-2.4890352546352474,-2.103132806818198,-14.85260669707131,-0.07194867841325232,0.20656546538028486,-0.04032047080951726,-0.6772303900895823,0.0031257762353803695,0.26026494410807444,8.102204005627026e-05,-3.1412902486381973,-8.859035789715407e-05
3.583353281021118,-2.106580980750473,-2.3586230855423556,-14.966364043482125,-0.06920000635135515,0.2143541820586785,-0.046888393791287904,-0.6772376303732593,0.0031100034062476823,0.2602684952192417,6.151863190791253e-05,-3.1412837005756646,-0.00016489084928965214
3.5933806896209717,-2.1278389046032045,-1.9247767817626247,-14.82198159174106,-0.08238484192590227,0.21557284590227513,-0.04417218013309254,-0.6772383445597656,0.003083627255521968,0.26028377807545455,8.150627913046919e-05,-3.1412719950520804,-0.00010687057628764832
3.603397846221924,-2.2010107934279923,-2.0164757082310842,-14.947362724499744,-0.07794811660282218,0.214167250586206,-0.04741925605019307,-0.6772265391126803,0.0031307622557026956,0.26028254508381266,3.2982275628988395e-06,-3.141255865975756,-0.00014014355545141364
3.6113903522491455,-2.378309422201428,-2.20853293340761,-14.884425673495,-0.07313439062276865,0.20539758798020713,-0.04051109213790161,-0.677245703606867,0.0031214769266806105,0.2602757761171408,5.7169311882930554e-05,-3.1412443459505335,-7.745422486069145e-05
3.619403123855591,-1.9984704839997616,-2.009314511144619,-14.705373923083155,-0.07849081736543097,0.21725194963984534,-0.046215027308169,-0.6772492778643617,0.0031161765116187548,0.26025019720658676,8.783369184642233e-05,-3.141281013729733,-5.971754894497008e-06
3.629436492919922,-2.214632988076439,-1.9192282932458162,-14.760553468267931,-0.07756714607374261,0.2103319933034749,-0.04360656597739646,-0.6772406937464269,0.003080071975197502,0.26029337256584595,0.00016120691163180913,-3.1412314353158743,-0.00015349875538672286
3.6373910903930664,-2.0391777740536403,-2.036933068688891,-14.831409652684862,-0.07404026304190477,0.21787409609209082,-0.05216174431495969,-0.6772403102892183,0.00311132673644898,0.260263220606094,8.095475674728191e-05,-3.1412808293432914,-4.545265088000694e-06
3.647430658340454,-2.121140721173801,-2.1796283014843043,-14.795519402301858,-0.07354760514930819,0.211535807831812,-0.03985664651943731,-0.6772410960820548,0.003100157630606298,0.26026229880691076,0.00013774153969671097,-3.1412942536654165,-3.543406686396901e-05
3.6574180126190186,-2.1851260030345907,-2.135863932886249,-14.6989099853172,-0.0742391267283272,0.21077359352553487,-0.049090527607722964,-0.6772286431792973,0.0030909130189154524,0.2602346975788885,0.00020465779548725649,-3.1413395253395424,-0.0001046834697436511
3.6673691272735596,-2.1903295267519587,-1.6506944529873167,-14.873011274890452,-0.08788368835503545,0.20928464282225173,-0.03927204974066161,-0.6772394370959568,0.003109795422160866,0.2602704379647553,4.132285963924579e-05,-3.1412726605726475,-0.00011341424345762702
3.6774089336395264,-1.8825508015884238,-1.8027299629305642,-14.87945734923022,-0.08224097315402291,0.21718543542202517,-0.04956280213986539,-0.6772278002106117,0.0031173928000279897,0.26024907285257276,9.261703034577964e-05,-3.141284625998825,2.2966945504240606e-06
3.687372922897339,-2.295777779038512,-2.0716022869943553,-14.82459754260633,-0.07639081229153004,0.20596842097915513,-0.04174966132273459,-0.6772347301518302,0.003084524572194374,0.26027055874221905,0.00010740861821468016,-3.1412622944365856,-9.06621473800516e-05
3.69744610786438,-2.704139640345518,-2.1684808623659495,-15.052777017644004,-0.07368698935267354,0.19624697438029487,-0.036095192365441994,-0.6772447337501967,0.003120217237982241,0.26024430252319736,5.568548667418856e-05,-3.141300166925856,-0.00012433159978689082
3.707427740097046,-2.0271412908543547,-2.0583119628040056,-14.727258016065967,-0.0752535315274634,0.21064945044903527,-0.047864719593802445,-0.677240532963971,0.0031301740004983708,0.2602772673262045,7.384132366659883e-05,-3.14123892997203,-0.0001723652171685508
3.7154738903045654,-2.2232895926575753,-2.136570717125547,-14.975824498684801,-0.07449438417919134,0.20638669141538232,-0.039381005230860355,-0.6772469828667504,0.0030960425387678886,0.2602523086314262,0.0001086786821141598,-3.141296539129245,-9.349236678414032e-05
3.7234034538269043,-2.69115042138515,-2.039202106400323,-14.793209442170713,-0.07548097514194949,0.19651854981391886,-0.04596368515051725,-0.6772460379178644,0.003117319070820114,0.2602854924520284,5.7281165406889536e-05,-3.1412150025070584,-2.039472620892583e-05
3.7333791255950928,-2.4051657547325664,-2.219679453759835,-14.87236556129373,-0.07506301862550875,0.20305391001918552,-0.03727144184126447,-0.6772413407638735,0.003125636286441493,0.26028626365090013,8.06201369776524e-05,-3.141218426803576,-0.000150704300834695
3.7433722019195557,-2.3990275241595427,-1.9445732217247098,-15.002773188899958,-0.07973515498204017,0.20421189498930534,-0.04054768026678004,-0.6772526147177337,0.003106561047250477,0.2602844221241609,9.501363494230516e-05,-3.1412528841476557,-0.0001222859282787167
3.7533957958221436,-2.0508825550878416,-2.2369196856238487,-15.022553617022384,-0.07225081352354468,0.20908277910953402,-0.04530425503098552,-0.6772412841171215,0.0030900351599543532,0.26027607644145256,0.00013246230035010963,-3.141278568244157,-9.93956994461438e-05
3.7634825706481934,-2.274172568401669,-2.2410997626889104,-15.05104841382475,-0.07289495356266257,0.20827840651384055,-0.04036983201036919,-0.6772346865878984,0.003125688056051496,0.2602749421763305,0.00013117482431347305,-3.1412664011311437,-2.984400787128422e-05
3.7714149951934814,-2.219408493464883,-2.2930335583200985,-15.032374091396699,-0.06781432438761233,0.20428192650581825,-0.04145561557283323,-0.6772529674298152,0.003105170450933851,0.26027738652301713,9.465117256664083e-05,-3.1412289157570474,-5.6458564134053755e-05
3.781538724899292,-2.340000197650709,-1.9140867902341234,-14.83910250116059,-0.08040605283623083,0.20372491558614111,-0.04496734313168339,-0.6772247154893888,0.0030857039223140584,0.2602823900971637,0.0001064521864849381,-3.1412707103021993,-8.801691221559475e-05
3.7894644737243652,-2.4135983852043377,-2.211317648147584,-14.667481900890245,-0.0746568219717888,0.20131746530955147,-0.039341552555773526,-0.6772237943207156,0.0031413373104931543,0.2602536457878449,1.5035180602748501e-05,-3.1413185330994637,-2.516516720176703e-05
3.799407720565796,-2.446170948312431,-2.2827958902525465,-14.998669555114244,-0.06910260471776092,0.20186711121276726,-0.03577156767466504,-0.6772323714978193,0.003116164758952844,0.2602590047959997,0.00010573935187872088,-3.1413007326983697,-0.00013106332692831054
3.8094193935394287,-2.236204779442709,-2.2824394560994063,-14.980811782619583,-0.07387584853176932,0.2036461207153093,-0.04284056435235182,-0.6772540260334539,0.0031166223985570223,0.260235553079579,8.155806265558263e-05,-3.1412659457480285,-4.884629466625386e-05
3.8194165229797363,-1.9571010193472087,-2.225770295476021,-14.889196447593912,-0.07344009109590291,0.2074165355620071,-0.04123938696738498,-0.6772268140736748,0.0030885536499344964,0.26023445874999585,0.00010199453267517049,-3.141340914570568,-2.7027752476581456e-05
3.827449083328247,-2.2888228780084323,-2.042133373629821,-14.948839434345032,-0.07660682650875685,0.2026851809110712,-0.039336963603915524,-0.6772380128605798,0.003134277972850349,0.26030973035104144,-1.0315004370702493e-05,-3.1412067164097692,-0.00012789298652463434
3.8354134559631348,-2.118774945311414,-2.1585939493240263,-14.896770498226529,-0.0744085402087792,0.20327368768216814,-0.04649075082775331,-0.6772315880163304,0.003097485808104975,0.2602944579948379,0.00015997764221493624,-3.141212607528037,-6.159564965498838e-05
3.8453872203826904,-2.0860044600410514,-1.9177470133993304,-14.75904997947445,-0.0795547605116475,0.20594047905684904,-0.041550943765699636,-0.6772326908168329,0.0031290208064167404,0.26023736981414686,3.358898030003337e-06,-3.1413143643975863,-7.376940947381619e-05
3.8554368019104004,-2.2538696039211183,-2.1996427589800978,-14.886793738773248,-0.0743123688123234,0.1981482019450685,-0.039591113599595155,-0.6772394667774436,0.003100954572492281,0.26030665054517776,0.0001515206656997409,-3.1412048993491792,-0.00012844936748866395
3.8653934001922607,-2.2005872491553045,-2.0691438783762335,-14.974680692210985,-0.07608697765308653,0.1985264383749953,-0.04723339880572748,-0.6772487551253865,0.003126753438300221,0.26024986080770446,6.0231668126640574e-05,-3.1412786693028236,-7.85387054756741e-05
3.873523235321045,-1.9535844668248248,-1.9091954427745046,-14.939639489570938,-0.08038174784013184,0.20372674174901506,-0.05199609298339906,-0.6772440021305483,0.003127860457064598,0.26028403156282526,-2.7105805554568568e-06,-3.141231144994572,-9.622911475998413e-05
3.8813881874084473,-2.121467241804925,-1.9003399829235548,-15.030846281716018,-0.08197145551839384,0.19819756211670728,-0.045119284630494,-0.6772403336124773,0.0031280875812954917,0.2602795122693249,1.5700011284367763e-05,-3.141264527611423,-4.963797407049368e-05
3.8893861770629883,-1.99225502610169,-1.8167181506578964,-14.855654701707245,-0.0820138965879239,0.2030486695841552,-0.04608302933540354,-0.6772517425649006,0.0031363848522738915,0.26030626225439024,9.307171248985213e-06,-3.141181085617645,-7.883337902588279e-05
3.8973939418792725,-2.350799294487805,-2.230523775110312,-14.866718486489178,-0.07278462359542465,0.19242536564512072,-0.0451243809161456,-0.6772316885543472,0.0031146545925143736,0.26026916924318144,3.5679425219307403e-06,-3.1413057586631106,-7.683406514324588e-05
3.9073691368103027,-2.0230049836813206,-1.9691794493718668,-14.968086764555876,-0.08074588609989311,0.1989713547245408,-0.04729421819514997,-0.6772413350388579,0.0031468482471203063,0.26024551520184924,2.237966111649255e-05,-3.1413317109865972,-0.00014717328301498754
3.917424201965332,-2.0079985016157593,-1.8179908709585653,-15.013329196305637,-0.08245859282191743,0.20150216164815132,-0.04976371684217067,-0.6772496163790027,0.0031098772936172443,0.2602521891700442,6.0735140212475874e-05,-3.14128989319863,-2.9916387198440756e-05
3.927363395690918,-1.9148809166538707,-1.9679706938514612,-14.976669033506262,-0.08060810488385571,0.20114369778169042,-0.04579885247957974,-0.6772317802433019,0.0030735587770466095,0.2602693341211118,0.00014691913937650127,-3.141277019221327,-1.4115154042745485e-05
3.9374663829803467,-2.3488811715765294,-2.075904627097569,-14.96310319298601,-0.07765000921101434,0.19378292761865082,-0.04861983957132508,-0.6772379705486249,0.003127329104598349,0.26030061066884974,2.358355814544238e-05,-3.141205534515006,-0.00011593979819669006
3.947356700897217,-2.369142689729258,-2.5225136031386906,-15.115269515408396,-0.06694973004828347,0.19129460886337962,-0.041271579588851116,-0.6772384176186412,0.0031109370007280286,0.2602639156998326,5.546443382155697e-05,-3.1412839246744118,-3.5462486940359932e-06
3.957383871078491,-1.8688502582528168,-1.8045840363643386,-14.872753453462911,-0.08623786085771457,0.2025476474375401,-0.04583601721619341,-0.6772434588896761,0.0031509561130673605,0.26025242398135523,-4.305487094662059e-05,-3.141278538633022,-0.00012592977234453177
3.9673891067504883,-1.9151526606389842,-1.9961377853777857,-14.895681117784386,-0.07841628990321428,0.20130265701787897,-0.042381859404098256,-0.6772368323812902,0.003071848119420958,0.2602782610883075,0.0001916472854466982,-3.141217205870345,-7.221951245935518e-05
3.9774422645568848,-2.020664482967254,-2.200096903215923,-15.011566673044626,-0.07725605001741616,0.19693597295521725,-0.04665295088908334,-0.6772360795031688,0.003086175973542947,0.26024734423860685,0.0001217898056075816,-3.141282664510292,-2.4357275659696696e-05
3.987391471862793,-2.0103039409438277,-2.1049357735534335,-15.008643545943528,-0.0787842733669406,0.19657361457483824,-0.047130185469978395,-0.6772414559392469,0.0031101906960143175,0.26025268408017466,6.772648751059821e-05,-3.1412844409002045,-0.00010950512507910647
3.9953787326812744,-2.010091705685269,-1.8978524726889163,-14.90486807381066,-0.08373386305313468,0.19358794002688315,-0.047525813790763136,-0.6772434620812364,0.0031199743469395667,0.26028048645785634,-2.158614216800785e-05,-3.1412497027975177,-9.487081832771748e-05
4.005360841751099,-1.827314200700926,-1.9601282571053882,-14.957075030657638,-0.07615585916959641,0.19249273453707225,-0.04703941660312748,-0.6772498323755297,0.0031312509682128384,0.26025332221273534,9.23587732822501e-05,-3.1412824204376584,-0.00014465084505642918
4.01342511177063,-2.0408656652654704,-1.9360151151838332,-14.975863854244244,-0.07927906161806896,0.18864683090499446,-0.0471741095183302,-0.6772376781620995,0.003137939810368308,0.2603121601884511,4.3621831477102015e-05,-3.1412038674192453,-0.00015710640790460897
4.02340841293335,-2.1923790617510615,-2.190851028332423,-15.043045360361852,-0.0734596994579877,0.18454791810548338,-0.044021943060630446,-0.6772423921284209,0.003092984594142407,0.26029650169102136,8.196869211546788e-05,-3.1412079690967407,-8.9168060994523e-05
4.033437252044678,-2.0308993682803145,-1.8868876732328752,-15.029356280501549,-0.08066677660139543,0.1915658216849466,-0.04272128825603671,-0.677240335174804,0.003117142460936503,0.2602613680285957,6.271521804269954e-05,-3.141252595334589,-0.00010594334208420627
4.041500806808472,-1.8111307060306403,-2.4083156850945,-14.903668153496934,-0.06743671451110278,0.19344116390197427,-0.04568235696590354,-0.6772523650311679,0.0031395362269100507,0.2602820158359441,-4.7499148529481e-05,-3.1412119011099358,-8.100957309802594e-05
4.051399230957031,-1.9892161208976058,-2.11222582399558,-15.106001385311721,-0.07812133027424448,0.19115677291422092,-0.0448920518103551,-0.6772381285098995,0.003158279487956355,0.2602226428998233,-4.97185855716732e-06,-3.14133906678495,-6.58450183580603e-05
4.0593788623809814,-2.1283622299735074,-1.849378327154935,-14.878106872472612,-0.08283512483433594,0.18300443261508217,-0.04637347826259799,-0.6772484100652665,0.0030933655304998977,0.2602465839178842,0.00010807338291680706,-3.141289803626029,-4.8966484334310774e-05
4.069434642791748,-1.9960491197287593,-2.165690807573973,-14.982293869700825,-0.07471422779291503,0.18660189768141247,-0.04173469392266268,-0.6772430949070956,0.0031114480196713233,0.26027264207733025,0.0001067283846788262,-3.1412464882967908,-0.00013631155212355083
4.077415227890015,-2.102735696789882,-2.0908422406331453,-14.847861044846555,-0.0749971803853006,0.18284007693498988,-0.04426243816526741,-0.6772499002753329,0.0031395924809492866,0.2602939545883136,-2.175935613941049e-05,-3.1411768563740194,-0.00013732072511774031
4.087387323379517,-1.9242436049990017,-1.960450168313661,-14.854392040850607,-0.07488028700500768,0.18824590120181892,-0.04877910002701882,-0.6772414630904101,0.0030823363411968327,0.26027427846061946,0.00017243297253431594,-3.1412492576352165,4.338469703417383e-05
4.097409009933472,-1.9735957007312723,-2.1805400122446765,-14.936814932641068,-0.07014187686134948,0.18812121365065015,-0.046694354837971984,-0.677237589374391,0.0031265162114009616,0.2602853186617966,8.638512917883443e-06,-3.1412295627808957,-0.00012724087821745759
4.10737943649292,-1.8700673294898065,-2.200880150474824,-14.969934309659756,-0.0706385185049233,0.18624165121554678,-0.04754031959214071,-0.6772303259566949,0.0031100227861200944,0.26024429901097196,0.00014403820989193356,-3.141316428744826,-8.692630669229751e-05
4.117383718490601,-2.0203200757677005,-1.9924146546818486,-14.824672811157,-0.08011909915191272,0.1794558256724983,-0.0390911671760735,-0.6772607684616402,0.003123487720603708,0.2603039293598457,9.915723007789616e-05,-3.1411751767758123,-6.703136462248728e-05
4.127398729324341,-1.5626896410843183,-2.0710390251469395,-14.811489016567233,-0.07393122015187113,0.19111928465812655,-0.050671883131070974,-0.6772441854201984,0.0031058269340802766,0.26027637712118606,0.00011332201270789421,-3.1412442887748866,-4.46013759688143e-05
4.137402057647705,-1.6688919606270944,-2.031830988451399,-14.987351358713001,-0.07862026076123481,0.1905516692078335,-0.045812686078017216,-0.6772426385332275,0.0030933838485480486,0.26029535288650646,9.579191101984651e-05,-3.1411863241202873,-0.00014798450384860746
4.147366046905518,-1.7057961351145923,-1.9963947870999759,-14.957110576341758,-0.074999301250878,0.18463134248427812,-0.046012581394709366,-0.677249222399362,0.00312715607849793,0.2602928800552154,0.00012274676014305188,-3.1411817977031404,-0.00013040243246028875
4.1574389934539795,-1.8116168292017139,-2.1967635782790786,-15.043981086575304,-0.07341598693674238,0.18684346566954793,-0.044451428928995104,-0.6772459023237334,0.0031259682819718172,0.260292279961474,9.473982866049045e-05,-3.1412061284833985,-6.838233910692586e-05
4.165426969528198,-2.078018903623489,-1.9242468482870763,-15.003979924477433,-0.07669779130375816,0.17769423243092924,-0.04837778451247578,-0.6772398171810622,0.0031112334597056712,0.2602948294939677,9.975061510276364e-05,-3.1412329967225032,-0.00014767969027967346
4.175396919250488,-1.7875811992251307,-1.90745045569558,-14.992496338761311,-0.07839261351355474,0.18311665231476082,-0.04868165417062533,-0.6772380259023707,0.0030978121201534806,0.26029471103561763,8.695529028136772e-05,-3.141235325047376,-7.355156437756443e-05
4.185371160507202,-2.100678823306246,-2.0088093297348424,-15.129733888452552,-0.07860915528109369,0.17796513324458438,-0.04115541299754662,-0.6772456739945415,0.0031098566237018205,0.260279978200288,8.120835247741042e-05,-3.141236745371433,-0.00015173210398683663
4.195390224456787,-1.859722403995779,-1.9267510343885135,-14.884655196959857,-0.07810891163094971,0.180825736225917,-0.051209456139495534,-0.6772449084139531,0.003109589499866797,0.2602798299199845,6.679209564217396e-05,-3.1412515832277976,-0.0001347870117626879
4.203400135040283,-1.7924633806581598,-1.8975899378826293,-14.962793886734483,-0.07939446853168462,0.18155526527978258,-0.051061440719738935,-0.6772499366224076,0.0030908914106660525,0.2602259749696787,0.00019591054502677923,-3.141307588895051,-7.59779939604876e-05
4.213341951370239,-1.9883324846217252,-2.0553168381066635,-14.907410000207978,-0.07319725008970711,0.17413663400797744,-0.045892237693573326,-0.6772532067976829,0.003136187260337903,0.26027409777874855,2.1385907192131017e-05,-3.1412268074397596,-0.00010219085033672202
4.2233405113220215,-1.8687292412763714,-1.9267027741433653,-14.836273887581633,-0.07945421309999194,0.17883884423878008,-0.04937881590141633,-0.677230876600733,0.003100680024092774,0.2602702026087061,2.9962348578882364e-05,-3.1412914811342953,-8.823632564664148e-05
4.233389139175415,-1.9091639428660183,-2.21250756430389,-15.0561778631249,-0.06944068746722112,0.17766144138321635,-0.047542733364795066,-0.6772547760437733,0.003103373702313055,0.2602927117499988,0.00013261560388159514,-3.1412233043488005,-0.00011039420309396322
4.243384122848511,-1.901698303796789,-2.0798428712214436,-15.04443881861239,-0.07522572106293637,0.17627450536764855,-0.04446832334315829,-0.6772478560712938,0.0031043192872876745,0.26030658403925955,2.1304469517192952e-05,-3.1411831661245846,-6.43508733246522e-05
4.253492116928101,-1.7578312061164183,-1.6160352941617067,-14.884644511298118,-0.08716332022364329,0.1788622159822916,-0.04771208765227234,-0.6772486991932597,0.003102961493289203,0.26027897044570497,6.283787727318984e-05,-3.141208404033034,-0.00017525081932973798
4.2634241580963135,-1.9668145196815336,-2.174650257848617,-15.021411818259464,-0.06999302506884283,0.17398786149339393,-0.044775782328796705,-0.6772454143769948,0.00311458388277084,0.2602569445801366,0.0001321586193462454,-3.141266151348501,-4.434817026099343e-05
4.271377086639404,-1.9381844970878364,-2.166602223001359,-15.014919784117858,-0.07731340481555393,0.1748339550305899,-0.04021032338015979,-0.6772503727701497,0.003120608885285087,0.2602560734563223,3.62674042337759e-05,-3.141266212852447,-7.722001941636677e-05
4.281396150588989,-1.7412485161979685,-2.1140651433709152,-14.912250172704738,-0.07004316778107443,0.17838723334384257,-0.041280564581873735,-0.6772539017827487,0.0031241062304612974,0.2602598557205993,4.179815323673146e-05,-3.1412331181098154,-8.092685025479878e-05
4.289446830749512,-1.6791341633823735,-2.145791182949189,-14.97636868582097,-0.07605552163674471,0.17678296890084894,-0.048112873869199296,-0.6772520560016277,0.003112566124053869,0.260279435496395,0.00011315581258674348,-3.141251682084661,-0.00016846032359027163
4.299354314804077,-2.0910200798998275,-1.8343386724680526,-14.9047877703271,-0.0821490716976712,0.1708427259288874,-0.0522858016614419,-0.6772478884286337,0.003124215307309086,0.2602740023250497,4.2259455475404703e-05,-3.141244220186105,-0.00014932428787138612
4.309420824050903,-1.631821821360857,-2.0339947185442275,-15.000729108347512,-0.07294571398954997,0.1800460674247989,-0.05031060657517696,-0.6772628348130784,0.0031117180406398824,0.26028435176936904,9.367596370456773e-05,-3.141167260140528,-0.0001021885124638024
4.319518089294434,-1.588727052250481,-1.9861388598955376,-14.988056730006551,-0.0811186713516357,0.18013738481360725,-0.054186706245984616,-0.6772403880114063,0.003125749126147689,0.2602701050234428,4.050284911270648e-06,-3.141254927094309,-6.709349794635605e-05
4.329431772232056,-1.5474979457176437,-2.024824820854572,-15.038841573762657,-0.07605947732620033,0.18215721629181864,-0.04848964785114468,-0.6772499310469098,0.003134135234222046,0.2602740587516479,3.0519700026695746e-05,-3.1412157852687255,-5.3692253183557744e-05
4.337361574172974,-1.6785185592525562,-2.1548300582002176,-15.005695892956593,-0.07539680721679559,0.17462632764441927,-0.04752442324822433,-0.6772380426455572,0.003100029459910288,0.2602512952395389,0.00015324686955987406,-3.1412761025132814,-6.0141888572599735e-05
4.347350835800171,-2.0155794783778216,-2.104878266881305,-15.11492584850507,-0.07586630383287538,0.17181433761613865,-0.04561877824585066,-0.6772476674301344,0.0031211834421210733,0.26028125117564643,0.00011412325876703779,-3.141173854779864,-0.00012589057569589368
4.357409238815308,-1.9325443555025597,-2.167155055642672,-15.111042047792854,-0.07455823980602079,0.1693671870542439,-0.04818622393187131,-0.6772545942605162,0.003110055835520736,0.2602602192502981,5.426925508630602e-05,-3.1412520477914674,-7.492301009109948e-05
4.367437839508057,-1.4866330538425656,-1.9650581884415603,-14.989581369438971,-0.08020580535626322,0.17762221521524757,-0.044443499785657314,-0.6772528190809902,0.003097966579961261,0.2603120762534269,0.00012204637760874206,-3.1411434407627508,-0.00015501753549972269
4.377378940582275,-1.7653469287896884,-1.98749765883606,-15.045661759367777,-0.07742690424079052,0.1716775832095132,-0.04453238745519086,-0.6772527281929652,0.0031324572468837235,0.26027005973813033,6.670948377324578e-05,-3.1412020710291335,-8.401402485581792e-05
4.387444496154785,-1.9589901784281034,-1.9686701414849284,-14.831071793207933,-0.08055934317586916,0.16661388208095773,-0.04774530318924607,-0.6772452761585068,0.003124738494131213,0.2602288438442657,6.72310441425234e-05,-3.141298633421521,-9.79115397232337e-05
4.397338390350342,-1.8277029105057674,-2.092799499702552,-14.865003835138994,-0.07404233631157023,0.1686329418509788,-0.04960154338601731,-0.6772487027274878,0.0031479946232211503,0.2602422886876505,1.751349613102655e-05,-3.1413019298344786,-0.0001971650371052881
4.407372951507568,-1.6359245000166416,-2.002137873852714,-14.825472427810972,-0.07994550986583507,0.17054961194618484,-0.04659895605000031,-0.6772475874430782,0.003117463738667312,0.2602724978241714,5.5735962573370614e-05,-3.14124335145383,-8.997554171987208e-05
4.41538667678833,-1.8691819854444667,-1.9492971705589108,-14.989866252588184,-0.07998522982471372,0.1644729172679445,-0.04085357121196667,-0.6772435186684373,0.0031105678541834113,0.26029205775869335,0.0001056816421514151,-3.141178165392462,-0.00014368829655561472
4.425363779067993,-2.0214598149920295,-2.049876541236976,-14.963294436428873,-0.07802895129278364,0.16241414873181526,-0.04384511874739727,-0.6772528441132711,0.0031132503008445885,0.2602897249845041,8.770740783965588e-05,-3.1412247265501345,-5.793051574926e-05
4.435354232788086,-1.9227751400028308,-1.8371657258745608,-14.878722492280051,-0.08404558094593734,0.16285594469382225,-0.046384464542183645,-0.6772288209482995,0.0031303212338404805,0.2602425768370761,2.9402906923367122e-05,-3.1413258131866852,-0.00010301586026089392
4.445373058319092,-1.7648867259942569,-2.2173082831142814,-15.022682778120128,-0.07203863810087141,0.1685492859508401,-0.042458376216271285,-0.6772440770287479,0.0031108053221698094,0.26025766619950674,9.974706071495621e-05,-3.1412844548910885,-6.450682993234112e-05
4.455399036407471,-1.8002822821074767,-2.049190062390792,-14.85368204919014,-0.07388903718233997,0.16826835890189912,-0.05090134374855551,-0.6772313418043187,0.0031124180296673094,0.26022243830426045,-9.99483214466045e-06,-3.1413280752013835,-3.636633852899524e-05
4.463376760482788,-1.582940037984683,-1.959288772106158,-14.828710883754525,-0.0785331752987977,0.1739153025020222,-0.04548517236818265,-0.6772405407253362,0.0031083404936300403,0.26028302502935163,7.461901605937297e-05,-3.1412224181998716,-0.00010352948990568689
4.473400115966797,-1.9417472071860504,-1.939189279064278,-14.799080265811428,-0.07995367149129151,0.16409926413070444,-0.04599567617763564,-0.677245062476748,0.003094149134089172,0.26026014535360914,0.00015698316647316145,-3.141257475346689,-0.00011359799087158174
4.483409404754639,-1.7445888117507993,-2.2347246926374082,-15.001930706072752,-0.07213550033181189,0.16316813650625817,-0.042454457581683244,-0.677234647133307,0.0031139474511259852,0.2602743344614767,7.601310609968526e-05,-3.141253204841573,-0.00011958678627263046
4.493448257446289,-1.2153390925572605,-1.7471281354601234,-14.853994728061942,-0.08488080286851198,0.1826721391130709,-0.05154068930409148,-0.6772464722149981,0.0031361717472022906,0.2602889870013344,9.930786027170733e-06,-3.1412320226205384,-0.00016786893947372898
4.503474950790405,-1.610198906251746,-2.0197305549880364,-15.013849177467618,-0.07789254787920656,0.16824699923026898,-0.03993053134951986,-0.6772557982143115,0.0031200202998069833,0.26030588263287924,8.815922911347447e-05,-3.1411632662265423,-0.00012960684996805253
4.513415336608887,-1.5395323632296325,-2.2103183040625347,-15.056805269639456,-0.07257954502677037,0.17120132486640732,-0.04790162623994047,-0.6772577124008436,0.0031452047341376968,0.2603159747501411,-1.6014252379297148e-05,-3.1411498681796064,-0.00012711867432077355
4.523354530334473,-1.6197639177578866,-1.9973118297346826,-15.019636056035779,-0.07828798624272038,0.1725289237386216,-0.04058083342430095,-0.6772392849929715,0.003129748167671132,0.26025333627049896,7.926002009968397e-05,-3.141262473631699,-0.0001164758112404385
4.533453464508057,-1.7046441624927493,-2.330824505499872,-15.174580501111947,-0.07176401168124134,0.16812219467971756,-0.043083247085055384,-0.6772423215096921,0.0031207195549970033,0.2602971418322485,7.642314326986887e-05,-3.1411722170272967,-0.00010054278924731572
4.541419506072998,-1.914751411741297,-1.973991383333196,-15.096349299174395,-0.08212403922006171,0.1634544577887651,-0.04657455627493652,-0.6772502649532054,0.0030978122764647197,0.2602498079463464,0.00011445701075590705,-3.1412528439945064,-7.450627122530766e-05
4.5494396686553955,-1.4427687579777948,-2.197523624467437,-14.909149907558012,-0.07668658708419143,0.1689503820385499,-0.0506019253854041,-0.6772547232786674,0.003112504503665101,0.26030366965598534,8.84908799952373e-05,-3.141140246829028,-0.00010400928466656295
4.557455062866211,-1.6159747761839829,-1.9391504027191488,-15.002995846701664,-0.08485921941290485,0.16836243629743738,-0.04959542691061922,-0.6772345262304471,0.0031213114533476752,0.26026668570572853,6.714107307083553e-05,-3.141255048052322,-9.294005034436538e-05
4.565383434295654,-1.3394428469543933,-1.8497107444986471,-15.058887193242635,-0.08448269322425028,0.17194365312993162,-0.043578141791039575,-0.6772541268578515,0.003120101077083308,0.26028193547496953,8.14658047629925e-05,-3.141201068622962,-0.00012420396040412095
4.5754101276397705,-1.5404334740911068,-2.0635612052454015,-14.87978832663667,-0.07989568768747445,0.1685397043169582,-0.048308633224945184,-0.6772445808199059,0.003116598479093051,0.2602756304243489,7.594018129027205e-05,-3.141245888639655,-0.0001312019016693766
4.585478782653809,-1.66729999929823,-1.906762363236144,-14.966150222012788,-0.0842935387597248,0.16716058647157075,-0.04314554938447094,-0.6772453625898902,0.003115351776212162,0.26029283946717807,3.673908517169327e-05,-3.141177233757417,-0.00013177782923495224
4.593427896499634,-1.3026968984314558,-2.122344230431355,-14.764879107671891,-0.07901270630362511,0.17303606728661558,-0.049617122634254406,-0.6772501019768523,0.0030817264698909403,0.2602932090191857,8.445444254821123e-05,-3.1411819862146024,-3.784652510589679e-05
4.601361513137817,-1.8310944558452693,-2.1440788002128546,-15.097207742962706,-0.07756211485740745,0.16175108879117894,-0.04728734550662488,-0.6772553336784923,0.0030957481534344094,0.260315089424487,9.667682324156677e-05,-3.1411262771216033,-0.00012765929271885146
4.609432220458984,-1.6054214272105516,-1.9674520554895494,-14.935766542252479,-0.08428334418750746,0.1640510464252298,-0.05102507831133076,-0.6772482549061618,0.003131351509143984,0.26029446048117644,2.989125587806477e-05,-3.1411777364501807,-0.000104176059471679
4.617305040359497,-1.3383164146619622,-1.7053767635338553,-14.857721106139948,-0.09219268162456089,0.17317602817311573,-0.049592364561212285,-0.6772577108511431,0.003098898952498063,0.2602606907697941,6.823656187752824e-05,-3.141209481969093,-8.157989492248792e-05
4.627393007278442,-1.8504937993203663,-2.279548955356827,-15.079488159049639,-0.07795973783686085,0.1598213366496771,-0.04142697329290444,-0.6772438989403718,0.003070873197087497,0.2602327120488678,0.0001710886806379379,-3.141306897480531,-4.360280682292936e-06
4.635366678237915,-1.5496743126571249,-2.055613906770115,-15.010581537627896,-0.08450430175348565,0.16629293677785192,-0.051138726488227475,-0.6772430676493578,0.0031050968561846734,0.2602939521821625,0.000145658255894552,-3.14120921570985,-9.412368825140259e-05
4.643428802490234,-1.6280089906173334,-1.990287865254525,-15.001071789465412,-0.08445583666009053,0.1620318870136153,-0.051932066060878045,-0.6772483310849853,0.003115911351435034,0.26030252699822004,4.956951834851845e-05,-3.141147327777181,-9.479945943361077e-05
4.653432607650757,-1.80361047972794,-2.068083924025511,-14.944558589717717,-0.07886105065505046,0.15818011618839106,-0.04763918771291672,-0.6772416127615158,0.0030980323480114275,0.26026819584025074,0.00010074535373676156,-3.1412529547415247,-0.0001059094381846538
4.66140341758728,-1.5825517400115345,-2.1801117579124636,-15.059715802211988,-0.08162188637879242,0.16216213471092308,-0.049086945711895494,-0.6772448151201573,0.0031339973945920473,0.2602114331826688,2.291085619471163e-05,-3.1413359255397664,-5.989951941380946e-05
4.671411991119385,-1.709527902856788,-2.198082629642857,-15.033815367115016,-0.07962653680390792,0.15692292421235754,-0.04688688270471188,-0.6772385055726523,0.003096973725355251,0.2602619400129207,0.00012600071546728652,-3.1412825255538754,-8.955110753344451e-05
4.68141508102417,-1.6512005539235424,-2.3193080901693297,-14.9506132180509,-0.079028823564187,0.1607032990102263,-0.05478924365869876,-0.6772528030893249,0.003126541204501975,0.2602847516194861,3.990480387776242e-06,-3.1412195494270114,-5.034445395934431e-05
4.689397096633911,-1.2947570959222932,-2.1225781445732363,-15.151244562737192,-0.08210689594297473,0.16793456630260997,-0.05233016986356274,-0.6772414701905295,0.00315234804888275,0.2603004971897677,-1.418991445426427e-05,-3.1411709127587564,-0.00015906961595724405
4.6994123458862305,-1.6315850528246771,-2.2056828859902,-15.019408667906092,-0.0786986565713395,0.16084589135927896,-0.05086988082321533,-0.6772514974975935,0.0031182845351121697,0.2602854375267517,7.484276571362361e-05,-3.1411849540989336,-6.361156947803024e-05
4.709349632263184,-1.665837751583537,-1.9122830941390125,-14.948281192800883,-0.08293397281129053,0.15754519530151007,-0.049481468619528464,-0.677245084719491,0.0031306743880062595,0.26026823138739424,9.262554501110286e-05,-3.1412432103826426,-0.00016408242846079147
4.719451665878296,-1.374553903453514,-2.135333387739017,-14.986051165333745,-0.08067903520878188,0.16335968333980827,-0.04978997891060731,-0.6772339201325963,0.003105755245104874,0.26030219768317303,6.865234685951034e-05,-3.141195639189613,-9.306099448979089e-05
4.729423999786377,-1.4918458902233618,-2.1823016630146364,-14.919176589284554,-0.07730947197690201,0.16096550970251539,-0.0491366862577615,-0.6772371295957567,0.0031026566513226456,0.26028327930850625,5.631286536661978e-05,-3.1411948161424332,-0.00013134409424004744
4.739368200302124,-1.4647899945848057,-1.995157248703569,-14.996079927505795,-0.08438795828476994,0.15895091804225506,-0.0444151617163501,-0.6772516228798462,0.003140550144936507,0.26028321767121076,-2.8378854367571815e-05,-3.1411812678186455,-0.00010984037164530048
4.749378681182861,-1.6899329497292588,-2.146926398042584,-15.263246601207651,-0.07930853803172125,0.15892031635282794,-0.051039428728905906,-0.6772521964325608,0.0031102765916819685,0.26028304226165316,8.176287267187386e-05,-3.1411800713919806,-0.00015606100563921239
4.757377862930298,-1.3745252630758007,-1.817487509104805,-15.07012192504615,-0.09121252216283311,0.16247075584722448,-0.05052839596951045,-0.6772357086048604,0.0031214839172597625,0.2602100493892566,5.5743983256450786e-05,-3.141300425988585,-7.792064697590459e-05
4.76735782623291,-1.8398085982371848,-2.214841621853102,-15.038935145131843,-0.07977314820935799,0.15163986412566544,-0.044049187884740694,-0.6772514489999734,0.0031178690683113706,0.26030605467365076,9.47840278721207e-05,-3.141178700534073,-0.00015064337241758722
4.777427673339844,-1.367848121423187,-2.106789517085547,-14.971188827495826,-0.08195800412297737,0.15980601265622718,-0.05191057224817779,-0.6772559965321786,0.003152882784700965,0.2602390528469873,-4.714528169844009e-05,-3.1412517686962538,-9.391207792572716e-05
4.785436153411865,-1.4813838718046166,-2.236965924321825,-14.928921461653514,-0.07780427570291931,0.15382457284779893,-0.04738573721228464,-0.6772428283625663,0.0031365124825370296,0.2602435880930719,-4.173377336364229e-06,-3.141295362236464,-7.310542559762175e-05
4.795366287231445,-1.370031663540532,-2.0343220920937095,-14.925081985316458,-0.08199133672138473,0.1609712142599009,-0.05066028937929232,-0.6772481863953115,0.0030941554333245884,0.2602675781310906,0.00012714980909299536,-3.1412293200131547,-8.214387849589784e-05
4.805411338806152,-1.652075583214473,-1.833149952097398,-14.897002591385553,-0.08835182141132222,0.1518123599642075,-0.044062854679995184,-0.677245144969252,0.0031243148934525836,0.2602886999447226,7.368824045204486e-05,-3.1412227268918365,-0.00011578561181052643
4.815377473831177,-1.6060463180579083,-2.2120639500128334,-15.004951121230194,-0.08140258018157749,0.15237615289375658,-0.04726865425936942,-0.6772428590547955,0.003083290219762359,0.26028080577833956,0.00012699833767714405,-3.141227030641978,-0.00010205280341394895
4.8253724575042725,-1.7821106842352952,-2.308713862561983,-15.03514806352356,-0.07589502561104777,0.14737918394774796,-0.04690172717814967,-0.6772395452520752,0.0030834835554867748,0.26023563581296316,0.00015232984601781807,-3.1413159009642526,-8.707938652341527e-05
4.835405349731445,-1.521643652210481,-2.143306822206113,-14.879330155016403,-0.08384218519613365,0.15676330941566266,-0.04385114469643492,-0.6772556565655493,0.003119913836293268,0.26028167893094795,3.5537544675330834e-05,-3.1412150660368314,-6.55170616119429e-05
4.845348119735718,-1.6787462264010409,-2.051271407574973,-15.10382028030146,-0.08378155659083157,0.14891140742431863,-0.03768326590406877,-0.6772422177043088,0.0030973291582643745,0.26027371119120235,0.0002027608696745274,-3.1412384042422494,-0.0002252256869580243
4.853348016738892,-1.0530479305365419,-2.0392536477768424,-14.852578558392645,-0.08096924937445972,0.1637948943998536,-0.04794364551530232,-0.6772439617548927,0.0031229167217594533,0.26027037818103105,1.647254986284937e-05,-3.1412210947490475,-0.0001496937406705802
4.863450288772583,-1.8931739970452337,-2.290929394296843,-14.925734684664132,-0.08228503710404249,0.144077783794912,-0.043247134576364435,-0.6772499974510797,0.003131447137542719,0.26028161118385323,-9.162916363327651e-06,-3.1412082865763673,-0.00014096139496646678
4.8734118938446045,-1.048812546366646,-1.9637737387334002,-14.88969190490237,-0.08196799175480741,0.16118951430035244,-0.0525067676068721,-0.6772366133098859,0.003127172500841832,0.26025692139035445,8.061020794179086e-05,-3.1412753173479953,-0.00017201149613558714
4.881347894668579,-1.2508058567360683,-1.8134700420933274,-14.934107843153951,-0.09087636119556411,0.15549934286519912,-0.05151135911587218,-0.6772457659236856,0.0031287822111998025,0.2602647415159186,5.591443020581502e-05,-3.1412449397319198,-0.00010083680760432908
4.891435623168945,-1.4320634705109978,-1.9987030561516945,-14.88241630510303,-0.08660066430387685,0.15303040536973206,-0.051375645520057446,-0.6772603177017866,0.0031189915831569283,0.2602967603372718,7.596625987505793e-05,-3.1411902452543528,-0.00013550924492045636
4.899422883987427,-1.6497419815690337,-2.2392560177501024,-15.038160719752925,-0.07899740771697647,0.14883470114819145,-0.048579756795318986,-0.6772482123657199,0.0031457980632439075,0.2602933748373144,-6.587269649907433e-05,-3.141170202383926,-7.980484745560695e-05
4.909397840499878,-1.2623376206570012,-2.0332761127967243,-14.980364927819158,-0.08426731132254953,0.15542278691743727,-0.04809615283116699,-0.6772645893335382,0.0030994429567832537,0.26029876674693064,0.00015856422494535218,-3.1411611727580357,-8.290594547432117e-05
4.919375419616699,-1.0846357254366068,-1.9838906095601754,-14.915189844108626,-0.08860479339024531,0.15592580343093676,-0.05439517792119863,-0.6772440151091897,0.0031136034116470163,0.2602980662726686,8.675533478281369e-05,-3.1411836081866054,-0.00014203366952609606
4.929387331008911,-1.1142001264369492,-1.8978798952873146,-14.946548470059158,-0.09057796786753193,0.15689481361953742,-0.052540761777121546,-0.6772408503342697,0.003136132305528224,0.26029196709185176,6.238514412611486e-05,-3.14117126487338,-0.0001603831759479881
4.939284563064575,-1.5299878192444714,-2.2382978318578983,-15.307673975569704,-0.08146393302514761,0.14464329876270313,-0.044444080025133975,-0.6772479529162668,0.003107244664421802,0.26025036785307487,0.00012564348939354388,-3.1412598767981583,-9.595381097179138e-05
4.949312925338745,-1.4218554937297387,-2.0909482464898046,-15.042793820011239,-0.08731108668960952,0.14886598679519233,-0.04284630375676474,-0.6772606502611516,0.003120557453190299,0.26032033557574497,8.848076455999403e-05,-3.1411086290551378,-0.000140277665817188
4.957422494888306,-1.0223812286573557,-2.1389454935021406,-15.036307524065323,-0.08432785269705362,0.15760175427046086,-0.05034655462873907,-0.6772410948204572,0.0031284539735464785,0.260298991765462,4.386224011622032e-05,-3.1412035976139023,-0.00017006182524431887
4.9674131870269775,-1.6700361038627844,-2.431086808656773,-15.167695757432307,-0.0752104852513955,0.14390098359757,-0.036506417701866654,-0.677251140846855,0.003100241302598578,0.2603052969920414,0.00016035101264341977,-3.1411449525621795,-0.00010937456422020371
4.977351903915405,-1.0876242118771824,-1.8562515531934696,-14.846532356752782,-0.09102039292873879,0.15074193978116285,-0.047939936035473044,-0.6772536974275521,0.003153000651654823,0.26028330770430563,2.3310786558415956e-05,-3.141183909428133,-0.00020685322148851433
4.9873948097229,-0.9815474012283193,-1.8604871405381052,-14.82077106654981,-0.09441073967599062,0.15469808915584207,-0.05525292699311045,-0.6772465290590086,0.003153452252899848,0.2603088063165011,-4.0881716106112326e-05,-3.14118880775422,-0.00015353564361664327
4.995373249053955,-1.1401726708843158,-2.1632834682031117,-14.957931393440326,-0.08322184643545283,0.14519515400922414,-0.048094037913733366,-0.6772481030473396,0.0031094703569706987,0.26028351205193423,0.0001323277781606556,-3.1412061163013822,-5.6077337053596844e-05
5.003368139266968,-0.9878936253401627,-1.828081821697837,-14.92880273367224,-0.095168794441055,0.1501979951959504,-0.05572113763470395,-0.6772446903506634,0.0030845032126427053,0.2602838344982779,0.00013367184980143785,-3.141222952779711,-7.054598741544057e-05
5.0133631229400635,-1.20222364401973,-2.2506975663995332,-14.998023544851605,-0.08670746233002449,0.14461506680741076,-0.049569782554011795,-0.6772365798953665,0.003086102894459988,0.26027896389086147,0.00016598925727110173,-3.1412349438965017,-0.00011856579646108736
5.023328542709351,-1.167460251857727,-2.0257095740302793,-14.850100920082332,-0.08658291346122063,0.14896522519154734,-0.05036919372545515,-0.6772476230264753,0.003123776315287426,0.2603036112515667,4.944076288363009e-05,-3.141161509267951,-0.00017054208838451426
5.033360004425049,-1.5275608153353242,-2.1714686159347707,-15.001581138917972,-0.08647929190331441,0.1394604202046745,-0.048695822697071296,-0.6772512926108546,0.0031052639468472443,0.2602669928883826,0.00013787022183102185,-3.141206412156455,-6.11788915572759e-05
5.043385028839111,-1.3939346040781448,-1.7595593491973442,-14.969422913079192,-0.09025649354543742,0.1465262522814847,-0.056171322529435984,-0.6772550931263355,0.0031294147946105393,0.2603256781873228,4.842989977512505e-05,-3.1411380423903283,-0.0001913090999028247
5.051387548446655,-1.3098800122950034,-2.0108887840476695,-14.836159074111034,-0.09009952177697876,0.14319044664627778,-0.0543730863326367,-0.6772337440160864,0.0031158900517029454,0.260279838814267,5.625800359008315e-05,-3.141211271793415,-0.00016732331796946498
5.0614173412323,-1.2800015602253663,-2.1573365726088447,-14.806673763452945,-0.08487927847836516,0.14766736110444215,-0.05148129451676214,-0.6772668377478392,0.0031150569066879606,0.2603300114952231,8.817513980399095e-05,-3.141107874084483,-0.0001147074804684845
5.069347620010376,-1.1878799125607187,-2.1125848234003857,-15.000698037756875,-0.08606264814805116,0.15053703611264588,-0.04583002150009809,-0.6772343229829539,0.0031091189506230175,0.26031016091216247,0.00015792116540578206,-3.141174065809923,-0.0001519777133299737
5.0793280601501465,-1.0739372133106353,-2.099603627148882,-14.886865335692535,-0.08881516635849797,0.14976935991843848,-0.046898719393498496,-0.6772553885794933,0.0031198153305246113,0.2602963786147562,4.477265499127406e-06,-3.141163879681605,-0.0001277548010168861
5.087464332580566,-1.2801041961219164,-1.895910015305615,-14.858852322046642,-0.0889943479082227,0.1446751957847062,-0.048246230429362186,-0.6772458168532627,0.003126514144350556,0.26027757010982866,9.306577460901183e-05,-3.1411883585597358,-0.0001143522758892379
5.097424030303955,-1.246758402600514,-2.0105393101074776,-14.798215478795752,-0.08863425945773544,0.14654624281796613,-0.050378205399524235,-0.6772373095434343,0.003125498602811343,0.26025830803895256,3.0680763767783343e-05,-3.141245713155396,-7.673257896878528e-05
5.107351303100586,-1.355440747647045,-2.0379624071530653,-14.805187824625618,-0.08633479526689629,0.14126230760845054,-0.05561590204985097,-0.6772491618962526,0.003134509744095725,0.26030372970934473,-2.1897432615711315e-05,-3.1411734363500963,-0.00015225508860064672
5.1153647899627686,-1.1398950981063973,-2.149661529804354,-14.949658310961567,-0.08551732233028803,0.14552016896247205,-0.05137087710470545,-0.6772515333056802,0.003087082473413063,0.2602751563486295,0.00014087009221400761,-3.1411948275065105,-9.855088916061249e-05
5.125473976135254,-1.4599226070768312,-2.2659056591551954,-15.058886799080817,-0.0845036894606467,0.1402089373299059,-0.05359218213406468,-0.6772434143057876,0.0031324668561264367,0.26028448394991405,1.6536941646258823e-05,-3.1411859194889833,-4.334292173250068e-05
5.135350942611694,-1.480360447484786,-2.0761815881645136,-14.99356315326919,-0.08871010801093364,0.14130016117288793,-0.04754839414314846,-0.6772517137742465,0.0031618599890648603,0.26028180105256826,-4.6877875828886485e-05,-3.141170588511069,-0.00018429183022143023
5.143377304077148,-1.2633554922222714,-2.006321134432951,-14.796408441238192,-0.08952956845911034,0.14122929251404506,-0.05105025407990293,-0.677269982279841,0.00310052547593586,0.26031878147674914,0.0001454384427033093,-3.141094721413999,-0.00010426694008795577
5.151401042938232,-1.6866176380368623,-2.0346406421962224,-14.955184101119947,-0.09148091091774911,0.13179090348312059,-0.05229117493612096,-0.6772460335356125,0.0031541702476869837,0.2602510678437073,-4.049151259113487e-05,-3.1412540035013756,-0.00014595551013403977
5.16136908531189,-1.4715468904724238,-2.056919571826159,-14.989023031875577,-0.08729353448428867,0.1403529985510966,-0.05305859925827086,-0.6772469090022538,0.003137781016970829,0.2602469874375911,5.36312024664627e-05,-3.1412750202688735,-8.652922517439459e-05
5.169344186782837,-1.4211953214116313,-2.0624669711209274,-14.930555479467712,-0.08790272623896045,0.13993071248861877,-0.047669088081050005,-0.6772401166735585,0.0031081789337835584,0.26029465656802586,0.00010076223553933133,-3.1411510390865245,-0.00012630316288836211
5.1773765087127686,-1.585059187802773,-2.113492332993867,-15.10542590405192,-0.09027304660089415,0.13650093551265277,-0.039956251459176084,-0.6772375887836367,0.0031246450761510023,0.26027928703444353,-1.5369235203800336e-05,-3.141180641577352,-8.385016454604176e-05
5.185358285903931,-1.317366685622589,-2.341644287011563,-14.992332118757334,-0.08109499230961399,0.1432980716188197,-0.047140200448455155,-0.6772570760639525,0.00315045490628383,0.26029707993733453,-3.361862791609075e-05,-3.141161035609642,-0.0002547802634291064
5.195369243621826,-1.2684202255740686,-2.1255710499793827,-14.934373208954865,-0.08966647849600509,0.14302053468037465,-0.05424961936119504,-0.6772489283323949,0.003142129976039151,0.260288584270837,-1.5687270470575967e-05,-3.14117794094691,-9.870559541515696e-05
5.205430030822754,-1.120091545781554,-1.9348292755858156,-15.07039466233716,-0.0954007074645157,0.14692293497548514,-0.05512426703998509,-0.6772455379012873,0.0030829037139451926,0.2603136588469457,0.0001344119544302598,-3.1411169920805744,-0.00012359940725468745
5.213383197784424,-1.2289888319683662,-2.2565171716371357,-14.930704107821978,-0.08847438123142677,0.14113662670379543,-0.04635529558453813,-0.6772516427467747,0.0030788204882802837,0.26026850564221815,0.00010934608510797631,-3.14121144776574,-0.00010006874943711322
5.223419904708862,-1.087050912879012,-2.1474152097217893,-14.950734375481954,-0.08813192711185114,0.14027815444046665,-0.05544235501429512,-0.677260421283018,0.0031107722017141262,0.26028854998787554,8.759672697714475e-05,-3.141175212438826,-0.00017914900623173708
5.233382701873779,-1.29370639669283,-2.0686786255306107,-15.024501104526683,-0.09156909262800528,0.13517886216341604,-0.04771254685763644,-0.6772538926476931,0.003141829352646896,0.2602701384985775,-2.8680023313349576e-05,-3.141221007791659,-6.349198505862539e-05
5.241346120834351,-1.1940577543905357,-1.9530453541894834,-15.117258482892675,-0.09311943111706696,0.1425292630457416,-0.05094803442559473,-0.6772453177774367,0.0031266432392412346,0.26024335249609243,7.66286367449106e-05,-3.1412429755324394,-0.00011573554737192515
5.2493627071380615,-1.0036582470586972,-2.270776691420856,-14.98371820297843,-0.09055624715960295,0.14235633208153586,-0.04617128322626704,-0.6772422383922564,0.003141119693489304,0.26029360167240845,2.483294736714207e-05,-3.1411747593938397,-0.0001516642720647017
5.257361650466919,-1.1393046207978068,-2.0387156136324016,-15.046625194526424,-0.09413901881337204,0.13619886780141982,-0.05197448034897032,-0.6772634533368744,0.0031441608067169823,0.2603063086364548,9.27246711399108e-05,-3.141153470906085,-0.00021840648813559047
5.265371322631836,-1.3732186876124595,-2.206670712145034,-14.993798302030802,-0.08903010715790095,0.13363251562096817,-0.05589652361267317,-0.677247065695098,0.0031081674742137718,0.2602593097063894,0.00013483050068648962,-3.141238437504814,-0.00021746392658855785
5.275351285934448,-1.0848166600352378,-2.498137209504367,-15.092188939120508,-0.08614965547305331,0.1378191841539622,-0.04569803968813578,-0.6772426478588738,0.0031028597256201862,0.26030281752994355,6.819400079794632e-05,-3.1411687585425314,-0.00020636487822538473
5.283352613449097,-1.147317054117724,-2.34003397519019,-14.990549120186184,-0.0850015755409074,0.13521458709026216,-0.047336775110623106,-0.6772363341166981,0.003135211846945129,0.2602683057560781,1.6519147266694515e-05,-3.141229240649177,-0.00014166657819068325
5.2914206981658936,-0.9859523836322531,-2.0822661446378143,-14.98360167296443,-0.08951686271912909,0.13781438629550427,-0.05748107722999534,-0.6772428979631782,0.0031020107651480297,0.26029738264301483,0.00014639985346318635,-3.141199141552747,-1.8650933024547958e-05
5.301367998123169,-1.2300025936504018,-2.2277367318107086,-14.986891085696245,-0.09466551986443923,0.13436184381958155,-0.05107128278019459,-0.677255580171227,0.003119002050152595,0.26029321507622205,-9.167595825690553e-06,-3.141177674237833,-6.3743455608506e-05
5.309365272521973,-1.0601337639129065,-1.945943523093734,-14.943049120870672,-0.09423851565808644,0.13943996642341525,-0.048930392156312084,-0.6772408925672784,0.003107432674783279,0.2603001866059227,8.71670694776813e-05,-3.141149126052952,-0.00011245905007310224
5.31944727897644,-1.0882109794473904,-2.2075763875826286,-14.928395562042022,-0.09385312062671945,0.14186417860409595,-0.05261618429391938,-0.6772548434509517,0.0031317014237034423,0.26027484522238875,5.440165423810205e-05,-3.14116106219617,-0.00012995368526358682
5.329356670379639,-1.230955103101539,-2.067857877325263,-14.900385565137721,-0.0962376703221546,0.13549550875339292,-0.047766227512350025,-0.6772429381070196,0.0031459058069553437,0.26029816923155774,1.147487672563086e-05,-3.1411587312076734,-0.00018431695688067383
5.339340448379517,-1.1934600294031332,-2.0418315482676097,-14.993130997776095,-0.09079804895390375,0.13919202481795412,-0.0571379874114189,-0.6772457849040631,0.003114741348619088,0.26032229698963005,0.000144930191792252,-3.1411031137878287,-0.00018086217725659317
5.347341775894165,-1.1952454480982895,-2.388371965072119,-14.937640051630783,-0.08589746448916874,0.13522702546939655,-0.051291291270163304,-0.6772620480718403,0.003094243053129697,0.2603103196350062,0.00019631308454056348,-3.1411251028189007,-0.00014870165115061108
5.3574254512786865,-1.0328215792327737,-1.9983713353289947,-14.840391926391153,-0.09800165569332281,0.1402299700730354,-0.05370277315791205,-0.6772529282054488,0.0031141311978828217,0.2603056402173971,0.00011908725799398394,-3.141149575137253,-0.00013238838412419493
5.367344856262207,-1.321841312365673,-2.209825372188687,-14.909557935965516,-0.09357544583173859,0.13448448899760695,-0.04739614649077229,-0.6772553162591933,0.0031327969719166953,0.2602490620906285,8.6194418987467e-05,-3.1412299977161537,-4.1329186018794725e-05
5.3773438930511475,-0.9888424132574223,-2.130266424515919,-14.86890854724555,-0.09515412750573926,0.14154902235108904,-0.049183292590001995,-0.6772573376507025,0.003105571242184825,0.260306432311822,0.00010012538231255467,-3.1411580779448274,-7.166404685094577e-05
5.3853607177734375,-1.011163658410572,-2.1486462781109794,-14.971632039142449,-0.09345267427203317,0.13936395307624544,-0.04866277707168359,-0.6772547181585237,0.003134794951826173,0.26027244264677796,-3.50063370670168e-05,-3.14118524984678,-8.938050136813437e-05
5.393436431884766,-0.9287367915671741,-2.154248877102339,-14.937791297252678,-0.09573305935459749,0.14199144890333767,-0.04581985669973005,-0.6772364966967359,0.003116793853877749,0.26027019008757085,6.157358510899919e-05,-3.141212388969714,-8.054960237561078e-05
5.403356313705444,-1.1247199693469,-2.036111875733716,-14.899783409863009,-0.09521580652219254,0.13878678019120275,-0.051382889829259225,-0.6772516404532757,0.003117514662054234,0.26027795043356655,0.0001252058446235053,-3.14118678900976,-0.00012714030934342133
5.411486864089966,-0.7311496981751778,-2.0691054341885,-14.907722976413634,-0.09612417836531084,0.14865515707603513,-0.049948718116853724,-0.6772503234434292,0.0031217278812927887,0.26028608292420596,6.849166047526117e-05,-3.141161803147053,-0.0001756323851038568
5.421361446380615,-1.0049335604214995,-2.098368578692634,-15.00208881452213,-0.09538956923818447,0.14251220446136573,-0.0554087680257173,-0.6772609401914005,0.0031377311037596774,0.2603099821191375,7.440932570042133e-05,-3.141112824144243,-0.00013885141342921589
5.431356430053711,-1.256980689527972,-2.3218133945857202,-15.134012952692792,-0.08823464763374823,0.1419961419733862,-0.05228368710507825,-0.6772449730714265,0.0031049527414943245,0.26030439960587326,4.880885219082951e-05,-3.1411498595982974,-0.00010542976446108974
5.43936824798584,-1.1215814248272657,-1.8423678445315834,-14.992553306744272,-0.10327924788106674,0.14003861299943857,-0.05440474412566065,-0.6772639448115445,0.003124429926092551,0.26031230220089807,4.3327168383192406e-05,-3.1410770957548952,-0.000155567864257361
5.449374437332153,-1.1752980404008706,-2.0733226447058395,-15.074888712365722,-0.09510544838470486,0.13691692148979795,-0.04975471572758618,-0.6772507789540786,0.003123300107014838,0.2602611096429745,4.1914830847418316e-05,-3.1412254691234773,-8.104052765791924e-05
5.459339380264282,-1.5094739748914037,-2.2351453683208544,-15.128306540703072,-0.09264894835499639,0.12913629827496984,-0.050507666769229353,-0.6772513766380119,0.003106853033582844,0.260266001663886,9.436076012938353e-05,-3.1412216315948807,-0.0001778259679024013
5.469474792480469,-1.2708018664007668,-2.1482257131153077,-15.033054265031062,-0.09407247966124763,0.13335375756989812,-0.053399549436373484,-0.6772585562096466,0.003119296749152091,0.26028064599448925,6.29734446401487e-05,-3.14118136287167,-0.00014958635272047007
5.4793477058410645,-1.0950764178950174,-2.1986132707733956,-14.935697985291053,-0.09367490081235821,0.13940141312896698,-0.04860837682735465,-0.6772503897596702,0.0031241154384421383,0.2602848610691424,0.00015076206289338037,-3.1411684139019087,-0.00011394375578828175
5.489380598068237,-1.122682764108144,-1.9152620768185435,-15.044128931807188,-0.10291734727409824,0.13692555228199768,-0.052237609540942295,-0.6772393045891789,0.0031448182253686935,0.2602655884312099,-2.0506375030746397e-05,-3.1411931081500257,-8.665673804489265e-05
5.499347448348999,-1.2224314257058793,-2.1749331732625845,-15.060303930312008,-0.0928365739016725,0.13386914972517588,-0.05001939133695716,-0.6772541529089044,0.003095367003226803,0.26031967219087626,0.0001222116880662077,-3.141113778052787,-0.00011944286464143465
5.509358644485474,-1.1830334440579173,-1.9331309941056762,-14.953214935909164,-0.10187415440314829,0.13514357754502115,-0.05214075447224099,-0.6772498471172356,0.003119526165561433,0.2602732140576193,-2.1887233319050555e-06,-3.1412031168593955,-0.000128741571905938
5.519385576248169,-0.8050142988725519,-1.7698939533156937,-14.988337804263269,-0.10490863421109399,0.13742562577717846,-0.052367368130462076,-0.6772532464037639,0.0031121828924283047,0.2602867255466011,9.38483612899188e-05,-3.14116061156847,-9.73441087939724e-05
5.527372598648071,-0.8185314546880466,-1.7768467943320398,-14.774915807129641,-0.10307375900352321,0.13696070358225002,-0.055938150409523005,-0.6772707065085218,0.003120513422697127,0.26027295740195056,5.620249982246613e-05,-3.1411778955950487,-8.425619802991594e-05
5.537339687347412,-1.017351252169315,-2.1865955770375636,-15.108989520268274,-0.09560778963100243,0.13141814471474228,-0.04912705436148588,-0.6772580821865872,0.0031272825333238476,0.26032487240428226,-2.0166214880668825e-06,-3.1410379166783087,-0.00018181635336108137
5.54732346534729,-0.8560736923275533,-2.03917332752288,-14.935892327914864,-0.10057613171609345,0.13604604642170856,-0.05572241406309339,-0.6772519536191662,0.003109315241278854,0.2602688306350327,7.49297069393173e-05,-3.14120678436042,-8.706014466213187e-05
5.5573389530181885,-0.9525690226361322,-1.8510188517701585,-14.989131928681129,-0.10089546715185321,0.12888989268849407,-0.05443174514629788,-0.6772450824195214,0.0031063267013342315,0.26028872527866215,7.579998447387984e-05,-3.141174290346293,-0.00011890761748664185
5.567355632781982,-1.013147237441682,-2.3380927768793796,-14.979028452845423,-0.09443391112657655,0.1252312581726168,-0.05175667120912354,-0.6772522090368577,0.003109881810834953,0.2602689778582827,4.2140119782939826e-05,-3.141197169814625,-0.0001443590611009878
5.577445030212402,-1.3324383442815333,-2.2105372775495664,-15.22895693961186,-0.0943439640672233,0.12050900231325092,-0.04834912337672167,-0.6772408912142907,0.003120966649038497,0.2602630273058913,0.00010037037774594718,-3.14123695224172,-0.00016977695978252132
5.585331916809082,-1.0622770868746452,-2.027741625943846,-14.973217830833041,-0.09885165249540215,0.12768274963011572,-0.058813941942478305,-0.6772553359485792,0.0031125852374296044,0.2602714651288053,0.0001835292254839843,-3.1412007834881335,-0.00012955098906573226
5.595515966415405,-1.0933374712049033,-1.9185169271167226,-15.076429366143707,-0.10470588438002612,0.12003929719659448,-0.05315006384077884,-0.6772497885805847,0.003101662150583814,0.2602757364642342,0.0001709000617188272,-3.1411908764705734,-0.00011127363333827321
5.603334903717041,-1.0828066789485007,-2.176469280619808,-15.122644155997634,-0.09713423087373028,0.12204542133475679,-0.05201838975118907,-0.6772549932479242,0.0031368999525929783,0.26031136527385274,3.56539774248383e-06,-3.1410944501375404,-0.00015148939723667296
5.613358736038208,-0.8668070415048897,-2.023717036257422,-14.917850382354587,-0.10067373753926664,0.12459870083050337,-0.054838834696770436,-0.6772469337976893,0.003100892610944182,0.26029892668190546,0.00010917086505775892,-3.1411287746325995,-0.00022593225723042344
5.621446132659912,-1.1281325742991133,-2.4620440324488553,-15.180698372284404,-0.09163071709637464,0.12074327969678958,-0.055458500870234,-0.6772478926231529,0.00312762212194098,0.26028252705564225,1.1446809771109301e-05,-3.141178568615436,-0.00014349924624869472
5.631366729736328,-1.316964470292656,-2.0798422027946155,-15.002311797437223,-0.09928815084301365,0.11982046158582535,-0.04761127045440231,-0.6772561484614351,0.0031166610062565753,0.2602628784985571,8.214651550003031e-05,-3.1411759654054974,-0.00011821909084308417
5.63935923576355,-1.0753480369835355,-2.302551745370742,-15.029503421231919,-0.09411965617820783,0.12341473807345756,-0.04524734673219903,-0.677251859766387,0.003133019426073924,0.2602778392930357,5.665840718609818e-05,-3.141161795672079,-0.00017556894360967667
5.649423360824585,-1.0613817267340906,-2.256153383376096,-15.235795940302115,-0.0957635729906962,0.12373361635192573,-0.05113867512131956,-0.6772524866351939,0.003076387999964284,0.2602897080659621,0.00014163528633204112,-3.141105490163719,-4.8350190692595025e-05
5.659359455108643,-1.3323925554706197,-2.382088592336591,-15.107835854042312,-0.09496720736597089,0.11363710721610507,-0.05013705300689627,-0.6772514384811393,0.0031122008533417244,0.26028133868124803,0.00019113730216399684,-3.141180321717217,-0.00014298896534054728
5.667368650436401,-0.7965770319211799,-2.1316122136538445,-15.133243078866888,-0.09986408259760082,0.12932692162360337,-0.057141513737246165,-0.6772477240607359,0.003136593696179358,0.26024523671120314,4.250542165397038e-05,-3.1412120546893014,-0.00013247258652796358
5.677375555038452,-0.9579974714429623,-2.298551055740937,-14.940469088456146,-0.09553534638625047,0.12728990989708774,-0.052303257541365764,-0.6772492083860149,0.003109223834078252,0.26030309317084643,0.00010179487789276091,-3.1411099209732396,-0.00022358684268210285
5.687361717224121,-1.0847835647167388,-2.280383922675317,-14.948541054807784,-0.09169652080163065,0.12349191566408849,-0.05292222698341965,-0.6772443801414041,0.003113618371053861,0.26028501614614186,0.00013821378671388543,-3.141163025192618,-0.00014843177003328047
5.695394992828369,-1.1169091019480526,-2.03340880743867,-15.07003927147873,-0.10347004586138694,0.12070797405537884,-0.05556216830781072,-0.67726441578361,0.0031012028992944167,0.26028266838177155,0.00011508894911590286,-3.1411290436138044,-4.0951714550063685e-05
5.7033655643463135,-0.8999226338384859,-2.2770318733183985,-15.0420976190227,-0.09421614502905812,0.12591744393429918,-0.05049968498094046,-0.67724324249208,0.0031294853026604575,0.26030327640615364,1.0890138380721589e-05,-3.1411318775453045,-0.0001065371496137405
5.7113566398620605,-0.921553871619176,-2.0330481205351014,-15.000198805967369,-0.10422663180546578,0.12420032762189195,-0.051486038096396854,-0.6772543187230707,0.0031234937575876217,0.2602673809719044,8.809376904191683e-05,-3.1412399432897833,-0.00021028446486619795
5.721336364746094,-0.7903604167122208,-1.9782755793766489,-15.116267299615496,-0.10382916497524265,0.12607875256017564,-0.05581757700500202,-0.6772444211145671,0.0031151961607194657,0.26027439181812057,6.973316206274918e-05,-3.141208240604751,-0.0001683416665676052
5.729390859603882,-1.1558918464296515,-1.9924644867790355,-15.140574663839852,-0.10236928303890037,0.12128485297685977,-0.05091072103882946,-0.6772731514155682,0.0031372941618527397,0.26029323418262734,4.948415191540523e-05,-3.1410842479839918,-0.00014785472451216123
5.739355802536011,-0.7938152180710818,-2.054837935514925,-15.074705862889536,-0.10306916883015675,0.127530418116388,-0.052832430113588055,-0.677255836262224,0.003109254179731129,0.26031522559910913,0.00012148257090483191,-3.1410611156011226,-0.00016745913954972796
5.749342203140259,-0.9049520996549656,-2.098289611722155,-14.992247297509346,-0.09876438348956673,0.12192467221106265,-0.06158644645757216,-0.677252954074346,0.0030933571574776756,0.26027449667085323,0.00012945226840483225,-3.141154095839539,-0.00017108102402195037
5.757450103759766,-1.0203355655706963,-2.3463172579749267,-14.976534058109632,-0.0969160153689629,0.11609865544879347,-0.04703691217859976,-0.6772552953430229,0.0031362023649079166,0.2602625578208272,4.904798322268364e-05,-3.141188387948258,-0.00010893004288669516
5.767357587814331,-0.6461827023671105,-2.1698731023939977,-15.12271804185307,-0.10443612404770791,0.1221412544187057,-0.049893495473260156,-0.6772543896895995,0.003138426366813701,0.2602474592697097,3.4449851090822364e-06,-3.1412102335322696,-0.00014001855525266684
5.775362491607666,-0.8733880394788746,-1.9315764695161641,-15.176194506710312,-0.105929766445683,0.11167495078625045,-0.05606479218182217,-0.6772519137020712,0.003147261535862078,0.260307068481143,-1.7749156269885201e-06,-3.141112552973464,-0.00014567665355728687
5.785363435745239,-0.9393869733390595,-2.332264072792233,-15.033441730537948,-0.10230217309551908,0.10845645564782558,-0.041031279375605474,-0.6772562338324662,0.0031162323283169652,0.26024874286712973,9.57014328524018e-05,-3.141192676767257,-0.00010588585039873206
5.795405864715576,-0.6817571593115589,-2.039674241939013,-15.047197036181348,-0.10647838618626825,0.11547462930216196,-0.05392758738838754,-0.6772584605130937,0.0030909248439155023,0.26026676573278923,0.0001721473820431826,-3.1411614320711143,-0.00019394803179934053
5.803426504135132,-0.9366004060776932,-2.0624550122779177,-15.067352658298397,-0.10556594248102204,0.10999999116718517,-0.05240876394659653,-0.6772488901870362,0.003089252048551049,0.26026085648616387,0.00012914832377529213,-3.141198351498417,-5.903950478874085e-05
5.811417579650879,-1.1155626707580626,-2.0977318978020385,-15.106644587211433,-0.10695517593415715,0.10325068024936493,-0.04658481355326922,-0.6772476777554657,0.00311654977815142,0.26025159594906555,9.562414292252153e-05,-3.141206101697842,-0.00013442245790494178
5.819383859634399,-1.1117768247262183,-2.3207167611588155,-15.171333598098048,-0.09736803581369648,0.10491756255741103,-0.05063152913937936,-0.6772633118090571,0.0030826613761987826,0.26027449227543903,0.00017240273692346089,-3.141119175276973,-0.00014329875962027533
5.827345848083496,-1.129859742583894,-2.4322535835478507,-15.209810959302882,-0.09815197097141094,0.10536205489711821,-0.05413929175435713,-0.6772588333084979,0.0031059070649708596,0.2603087033537202,0.00012185611612340044,-3.141099642465895,-0.00018881190580369173
5.835341453552246,-0.7663858592221482,-2.208643223592538,-15.204602540070178,-0.10348116605957226,0.11589292079057308,-0.054529149858138545,-0.6772647492956976,0.003110485440621489,0.26030189112537183,0.00018470492717373706,-3.14110890911208,-0.00019275746083130513
5.845365524291992,-0.7901596863174454,-2.2599386697411528,-15.120892921600031,-0.10161831848733657,0.1133054345048558,-0.04870934842697968,-0.6772696079031707,0.00314882166410267,0.26026685485123224,-4.1261975344657846e-05,-3.1411395759172343,-0.00010398226717702606
5.855378866195679,-0.8361025202890059,-2.063675875768552,-15.220922042509331,-0.10762870781713982,0.11007775323581659,-0.04975498193259397,-0.6772543704532431,0.003111449904880542,0.26025204440286703,5.6005674210283526e-05,-3.141190517400592,-0.00011880026799519734
5.865349054336548,-0.9216999801675719,-2.192689872791081,-15.030420663577514,-0.10447502391618638,0.1094644022229554,-0.04706228028919881,-0.6772429086860461,0.003100944422224624,0.260262977395364,0.00015411673604894387,-3.1411836987188573,-8.964245205039635e-05
5.873412370681763,-1.090599106506071,-2.5159251406720915,-15.043681195632846,-0.09461623902917007,0.10517873673314364,-0.053346605566154275,-0.6772467936386958,0.003109081412197787,0.2602594699448792,0.0001011259317632969,-3.1411749488766274,-0.00015736620863100056
5.8813371658325195,-0.8028540358571781,-2.1261502080632466,-15.188928435341875,-0.10585933327344975,0.11020023710007915,-0.05077648020547745,-0.6772641966469699,0.0031151771999618693,0.2603166674705849,2.4393318095748352e-05,-3.141029630949384,-0.00019816137032143772
5.891322612762451,-0.8530794906973496,-2.20529773390225,-15.215419888635122,-0.10325754547478314,0.11277713186115308,-0.05204421415792988,-0.6772604420850752,0.003114383768231912,0.26027474330281664,0.00012138871084303101,-3.1411304325572935,-0.000164939648642016
5.901423931121826,-1.0385014602445233,-2.1733452162442424,-15.090074888509127,-0.1064186163142372,0.10825081285379544,-0.05092773417940766,-0.6772540088169439,0.0031391195995465306,0.2602741671198267,4.469285013841403e-05,-3.1411644384455375,-0.00018235759359113394
5.911351442337036,-0.8339487430605703,-1.9184914578855605,-15.182204341718506,-0.11097544313526705,0.10876677648367739,-0.04847524087162828,-0.6772561617323081,0.0030973710274091884,0.2603070433332879,0.00015492659540343115,-3.141096633537857,-0.00019659272301498555
5.919409275054932,-0.6690785984796191,-2.264306054787879,-15.339404325006472,-0.10458199165572911,0.10876532114811004,-0.053076537659216196,-0.6772662146339947,0.003092058578926919,0.2602862004023744,0.0001080028782637513,-3.1410937518647954,-0.00011179004716721092
5.929375648498535,-0.6982359148788924,-2.2137071664552876,-15.19159570578768,-0.10572824003247369,0.10810063294347957,-0.05856222254559689,-0.6772424625833661,0.003154993387191391,0.26027611840699605,1.7227131795460358e-05,-3.1411537634909763,-0.00015814557802285576
5.939436912536621,-1.066631757538062,-2.288224362007535,-15.160106256975281,-0.10047298794395439,0.10111271173230701,-0.04281736845660381,-0.6772547907847076,0.0031240479688843885,0.2602753068915513,1.874558999059626e-05,-3.1411339996037997,-7.969295189942122e-05
5.9493420124053955,-0.5004750610864868,-2.273631490336328,-15.25352412333254,-0.10201491874479603,0.11350929538443646,-0.04876989970856062,-0.6772566241657454,0.0031107403911529528,0.26033740278241646,0.00015358172623768207,-3.141033213798924,-0.000197206073411181
5.957338571548462,-0.9211435256529756,-2.5324429713696404,-15.308204354995093,-0.10408561265828455,0.10260039192640015,-0.05258067675385041,-0.677246576949404,0.0030904187609184994,0.2602731515933111,0.00013259785399902463,-3.141149402075713,-0.00013198730165893193
5.96730375289917,-1.1288540367529798,-2.1516723726525444,-15.209536110240133,-0.10823493639681744,0.09877871717408472,-0.05027752060402664,-0.6772630919616011,0.0031218943102340087,0.2602793855629643,5.702744280348967e-05,-3.1411180657280267,-0.00019720698551975725
5.975301504135132,-1.1591876997884194,-2.1022967924494025,-15.386372616698551,-0.10854393111406355,0.09864667838338369,-0.04655987781161704,-0.6772685171586957,0.003120861305653066,0.26029400602132585,0.00010927107887187606,-3.141099739260615,-0.0001688713952583891
5.983312368392944,-0.7926719483573648,-2.30757864459042,-15.232706541276652,-0.1029426522727516,0.10478281528839,-0.05440691799176867,-0.6772677372201169,0.0031126196809184606,0.26029893864264847,0.00012648757611503564,-3.1410932584407463,-0.0001709679189585962
5.99333930015564,-0.7735852483829749,-2.27192217588137,-15.211006315410188,-0.10227769228072374,0.10054371760668375,-0.051306755203711064,-0.6772435006615785,0.003075908150647907,0.26026532739507646,0.0001362293918025102,-3.141175961933695,-0.00014405743419703817
6.003436803817749,-0.767566692260988,-2.0317342360845654,-15.262528332265521,-0.1076446165534973,0.10091586164005974,-0.0540472600519152,-0.6772610369534381,0.0031225919388209286,0.2603227744317386,3.081967378139035e-05,-3.1410448763615992,-0.00014676670243185034
6.013345003128052,-0.9417212007106643,-2.2398826649830945,-15.387180171065204,-0.10520552947493195,0.09649782022937747,-0.050512239769961546,-0.6772444887002653,0.003125038727824952,0.26025298424597937,4.8562003790798696e-05,-3.1411986004505494,-0.00014365904868120528
6.023335218429565,-0.698519888398004,-2.511049618159082,-15.169664012215263,-0.09922294328729078,0.10082905102160798,-0.04846144841741181,-0.6772395162489968,0.003108022531041467,0.2602941467209527,6.884627729577263e-05,-3.141130238554866,-0.00013288169867306098
6.03337287902832,-0.8031294565398438,-2.1490351347009287,-15.14758018769107,-0.10758397481039357,0.09767801895433259,-0.05273756029363173,-0.6772486706877396,0.0031310408941391736,0.2602386669289243,5.036734930453314e-05,-3.141196165203406,-0.00019016852087090034
6.041372776031494,-0.6138564299945035,-2.4991671955992696,-15.287862396694393,-0.10270757461297314,0.09826972850404107,-0.05253827248873233,-0.6772617630390215,0.0030991742284359543,0.26026994639761936,0.00015329597715082815,-3.141097404299621,-0.00011042122759458157
6.05136251449585,-0.7130885468763795,-2.3346701577422744,-15.222602380001343,-0.0999914490646258,0.099251933627035,-0.04775168487608856,-0.6772725013161716,0.0031184742740657263,0.2602981716949714,0.00010803397988799365,-3.1410699327725546,-0.00020973827388081438
6.059350967407227,-0.9587645317429895,-1.9003214421534436,-15.24544814091359,-0.11536407171876435,0.09255890968833448,-0.04986761107174098,-0.6772591933072428,0.003127855791630434,0.260297625112628,-2.5322254056217205e-05,-3.141092063086349,-0.00023081600649026618
6.0692994594573975,-0.6277315636561668,-2.2114911710319443,-15.221699420578371,-0.10970748123638767,0.09978214361507326,-0.05047555444329755,-0.6772692449182329,0.0031007355893526195,0.2603099190905014,0.00010234119371473356,-3.1410259587431675,-0.00013360061987131318
6.077301502227783,-0.6691242559947795,-2.181661440257268,-15.209019024403688,-0.10792058983753787,0.0968629847675798,-0.05157085039741322,-0.6772552183111723,0.0031083314393749706,0.2602955977903346,0.00010815136722434983,-3.141081535759391,-0.0001485260724256654
6.0853049755096436,-0.843976590343981,-2.21312032480881,-15.116323321190922,-0.10915048763507273,0.09147109335793459,-0.053643011481218215,-0.6772526944830497,0.003135516130129951,0.26030358697772227,7.499624088735853e-05,-3.1410895465398436,-0.0001850399437480495
6.093315839767456,-1.0037398987166162,-2.6085043877756267,-15.220847319967184,-0.09820785149295276,0.0841710938002671,-0.04847812142700358,-0.6772614981842705,0.003114191000899719,0.26025763476324104,4.2950858301635115e-05,-3.14114139356886,-0.00015515193002793253
6.101288557052612,-1.0039133880743947,-2.0125076781905875,-15.137090540237839,-0.11119323243531687,0.08405152723135079,-0.05648277452587139,-0.6772575937027431,0.0031426119313955445,0.26028190114858435,1.2655393890355603e-05,-3.14113171127139,-0.00014472503123572623
6.109354019165039,-0.8161581817687033,-1.9305779074484308,-15.288604200223572,-0.11086830264909286,0.08699877397882672,-0.05455694558161359,-0.6772524986704153,0.0031371357994527034,0.26025227034729914,-9.046740349201603e-06,-3.1411850407645288,-0.00013428618191747195
6.117403268814087,-0.6443626192377678,-2.1972764714525295,-15.206921748627439,-0.11015479996134427,0.09109428492750275,-0.05233534169437215,-0.6772553439761096,0.0031355957017530018,0.2602607807162022,4.9803173726062186e-05,-3.141132013132409,-0.00011839067125727265
6.125324487686157,-0.7629189787343222,-2.1289848061137486,-15.209662838272003,-0.11082176546806162,0.0881798043760388,-0.055956609966378044,-0.6772521849831723,0.0031211565446059423,0.26028259284437616,0.00012693884401125032,-3.1411007001225637,-0.00013541254607919262
6.1353418827056885,-0.6021942176059826,-2.2866747521051303,-15.296290639834746,-0.10617414313362414,0.09632539387479665,-0.049689863453903936,-0.6772568443039686,0.0031191898024523716,0.26027911894843614,6.948945896052946e-05,-3.141084225953175,-0.0001406333160648049
6.145336866378784,-0.6266913021319356,-2.127472826827547,-15.283313609944521,-0.11172558417291165,0.09205601736893133,-0.05480411427082088,-0.6772591888512336,0.0031019732259881584,0.2603191164557427,0.00010733239423012457,-3.1410452110830605,-0.00017944614391062226
6.155344486236572,-0.7665451550994419,-2.3323229850861593,-15.290956412330507,-0.10489178040789823,0.08927648106351961,-0.048492192556961515,-0.6772473396056331,0.003127576763397951,0.2602873478299291,0.00011562226778375527,-3.141109418182293,-0.00020371045863878435
6.163390159606934,-1.1093166584310081,-2.4917981764716157,-15.392798170715949,-0.10182916894569634,0.08147714566124065,-0.04690201873232028,-0.6772576416628179,0.003094273245431419,0.26033168659296263,0.00011731771613657116,-3.141005926362199,-0.0001729210842778183
6.173406600952148,-0.8424305154177187,-2.4862038941058926,-15.30660119137371,-0.10396105940217104,0.08460501564606358,-0.044719485221007986,-0.6772704316332628,0.0031135750951418444,0.2603009876398141,0.00011486636235782389,-3.141059065103761,-0.00018874059235438173
6.181379556655884,-0.6201004259504116,-2.1125188356458118,-15.339328068221079,-0.1118920112755495,0.09089461411527328,-0.053744745361614575,-0.6772459838535982,0.0031447687737381057,0.2602606761444612,7.106858943676875e-05,-3.141126180897608,-0.00021948332212691024
6.191430568695068,-0.9189375546079198,-2.4542304405634106,-15.157334510252856,-0.10586262221693242,0.0814474324777508,-0.0485019915713324,-0.677266004326326,0.0031211185222023686,0.26029984375039766,3.10701019253504e-05,-3.141057449555281,-0.0001494498887846951
6.201404333114624,-0.6922565647839565,-2.3545815448235126,-15.309806545104218,-0.10615027683952043,0.08690865437300162,-0.05022544210450026,-0.677272210819911,0.0031194493510285116,0.2602519024426405,8.985294639406098e-05,-3.141099691857841,-0.00013559401401490082
6.209345817565918,-0.5966385134673935,-2.309432129783274,-15.3697035067858,-0.11113858326635781,0.09102618169413458,-0.056566968830752996,-0.6772517874369479,0.0031213839170404116,0.26029069328695326,8.933179775842353e-05,-3.1410396034731582,-0.00010979318731630232
6.217331409454346,-0.732154611472144,-2.249245877673217,-15.313828162986804,-0.10756677897392555,0.08636472400559966,-0.05584623982968118,-0.677262840886721,0.003119978902329453,0.2603011384143295,0.00011537267170734101,-3.141025335713236,-0.00015276250058483124
6.227379560470581,-1.011438513103699,-2.464847505930997,-15.340592629117499,-0.10379290113800346,0.07644835416073814,-0.050484588073843394,-0.6772569675247878,0.003110405310025499,0.26030526259445474,0.00012676749730408765,-3.1410708221617116,-0.00013295782628321487
6.237335443496704,-0.8009387493021748,-2.6779491310618457,-15.422273857977855,-0.10233776094536547,0.07900564812682082,-0.05233765027588449,-0.6772633033932762,0.0031090116746677475,0.26030232242454493,0.00014642877220350723,-3.141058955563247,-0.00022691754321340054
6.245325565338135,-0.5185569128211167,-2.410659974824949,-15.331218314003426,-0.10320287743384136,0.08544810730514986,-0.05191854848216332,-0.6772713307077193,0.0031284252622524656,0.2602440664801805,0.00013407795295868933,-3.141110759964171,-0.00013888372696580842
6.255342960357666,-0.567232973570015,-2.4563929344516913,-15.304702741534111,-0.10590677378822351,0.08337788007784123,-0.044753700022414494,-0.6772745243721665,0.0031290790092465873,0.26031010881747024,1.1427422169592906e-05,-3.140986468341271,-0.0001790519595248606
6.26533055305481,-0.46451530308897565,-2.4944725229787448,-15.223449621746754,-0.10520415492935543,0.082065774980073,-0.059848444524441796,-0.6772634520061809,0.0031243558415990154,0.26033152147391886,7.617554080582132e-05,-3.1409961603439474,-0.00018298752431546188
6.273326396942139,-0.7079380321305324,-2.3344617567219053,-15.154522982266574,-0.10977056725789903,0.07775818217739325,-0.04707522885665084,-0.6772650023535091,0.003136322898972724,0.26030686078537896,0.00010092702013062555,-3.1410318504113945,-0.00017677920981187982
6.283387184143066,-0.5129268688372975,-2.471267989239697,-15.24361244578383,-0.10596209298141057,0.0797479434775993,-0.05224733124894132,-0.6772568254093725,0.0031077187224803193,0.2603116412881343,0.00012621415556414138,-3.1410480983028863,-0.00018531055989906935
6.2933313846588135,-0.5934377552810022,-2.24671295976267,-15.300907650836285,-0.11381972122245416,0.07471455611946232,-0.049323941229185035,-0.6772611873295467,0.0031710576607114132,0.2602959797202258,-8.466808473445224e-05,-3.141043551271826,-0.0001675508872425847
6.303384780883789,-0.6604949099622355,-2.3848814087060717,-15.12064237608565,-0.1084033457364534,0.07385155094805365,-0.05261816736452001,-0.6772698315644481,0.003150869015568312,0.2603109763927329,-7.801770183949437e-07,-3.1410109562154944,-0.00022398979471778253
6.313398599624634,-0.37022540290464134,-2.3701285422027647,-15.296777454679411,-0.11034940440746328,0.08272518620455202,-0.04996641931244454,-0.6772667549139113,0.003135963229005573,0.2603129220265424,2.4079306935405712e-05,-3.1410551119895556,-0.00015724017934926594
6.321367263793945,-0.5506163546311316,-2.597472911986122,-15.31824428317239,-0.10776411212155726,0.07311668146782385,-0.0493532174045575,-0.6772627896266424,0.003112303471698069,0.2602557135618077,1.73864960360927e-05,-3.141090685337104,-0.00013836454180842547
6.329351902008057,-0.6668428500010205,-2.630581944290229,-15.464024331950535,-0.10871461945943124,0.07262834763159356,-0.048191461882218976,-0.6772597528567879,0.0031394434306642365,0.2602564265959406,3.802531483446909e-05,-3.1411210402182865,-0.0001684806097120947
6.337350130081177,-0.06112164353066066,-2.4193708936352545,-15.278717155379699,-0.11036434449166939,0.08191878072435489,-0.05140638185247273,-0.6772626070298744,0.0031081068685290198,0.2602909997227866,0.00012890496336189769,-3.1410400953113595,-0.0001808051829834923
6.347325563430786,-0.18974259616387823,-2.1344054285390235,-15.394731330072835,-0.12070453127121406,0.07951111122130035,-0.05500405350787413,-0.6772609936443116,0.0031065833575583597,0.2602845314529376,4.481710171126286e-05,-3.1410679148083296,-0.00015276599679635934
6.35532021522522,-0.22717756416308857,-2.7344439749464207,-15.27051108403697,-0.10411857638786917,0.07156317688148646,-0.04767683771559376,-0.6772638972671101,0.0031150293630221974,0.26031292305375,0.00010861800211943292,-3.141006072523315,-0.0001590073185350675
6.365322828292847,-0.8117190371783465,-2.4171847928053176,-15.387985414820823,-0.11315026389820236,0.060844350482828026,-0.05802106077364216,-0.6772653708240527,0.003115384738636122,0.260291067335268,8.98036659636992e-05,-3.1410554825833756,-0.0002813907428130719
6.3753578662872314,-0.2339236145936636,-2.174636674672328,-15.233072903138767,-0.11342723126720128,0.07335565885181011,-0.055352180110383835,-0.677267234686119,0.0031015036777094825,0.2602919574962605,0.0001606378027015246,-3.1410121894860326,-0.00020346893792418618
6.383339166641235,-0.2414446101047556,-2.1848433030003216,-15.206501706200884,-0.1167172340121521,0.06760697932304784,-0.0538864974662281,-0.67726482638675,0.0031171571638838867,0.26030101540844364,7.014650504649172e-05,-3.140987017900076,-0.00015040334960366803
6.393319606781006,-0.046420656893157386,-2.544974866178668,-15.106312811631216,-0.11109602601073774,0.07257030526631174,-0.05425231081757022,-0.6772576905948476,0.0031131131507535254,0.26025970398889536,0.00019825379163717336,-3.141118105028106,-0.00012282422338288261
6.40338397026062,-0.2198006188779152,-2.304636240161624,-15.16064453240073,-0.11185440296865153,0.058661531591923305,-0.05365033307593148,-0.6772793492138703,0.003112023327252768,0.2602714636328949,0.0001288200743188567,-3.141059642195157,-0.00018144845156330597
6.413393974304199,-0.15916002871220503,-2.188965530422323,-15.084675419266322,-0.12101363727695133,0.05573105424746985,-0.05655367999137093,-0.6772538769345028,0.0031083791764582674,0.2602827951035735,0.00010238929225966051,-3.1410282702567955,-0.00017213855870587072
6.421326160430908,-0.2569222441123646,-2.3224269416593737,-15.192033407409765,-0.11693720931451762,0.05115910078379296,-0.05509992225072909,-0.6772637456376928,0.003117443186559254,0.2602816115319069,0.00010250960545011682,-3.1410105012268126,-0.00019698122596551777
6.4293434619903564,-0.089056770284143,-2.5625369218640435,-15.28160232895353,-0.10995568418909475,0.05154490645140865,-0.05535561294518937,-0.6772788732945139,0.0031209997568942033,0.26026007702416976,1.6107921522943823e-05,-3.141047559937531,-0.0001453995445348652
6.437346696853638,-0.2778181951179108,-2.2795641104314774,-15.175477595094142,-0.11428142347970446,0.04583370014862757,-0.05678308212723661,-0.6772635184149176,0.003119571589288818,0.2602854064184535,4.3690299648955487e-05,-3.1410409460097095,-0.00026680960623769233
6.445327281951904,-0.18770986939817302,-2.3735390815305335,-15.429372968021129,-0.11382470314869134,0.046981873627320654,-0.05329545338749777,-0.6772721000049835,0.0030882329138005875,0.26026549831959195,0.00010977599496478252,-3.1410422378299776,-0.00014705645884828907
6.455386400222778,-0.11983704813471022,-2.4290168969654258,-15.046841114987284,-0.11121421510427912,0.04367382980434125,-0.05578816989727296,-0.6772753944179215,0.003132117886008779,0.2602613101335274,0.00013462272514909234,-3.1410382006094344,-0.00020798765992106384
6.463322639465332,-0.2799944565503429,-2.2757009565668427,-15.294467949368032,-0.11458019342052779,0.03969926132568433,-0.05684069388725675,-0.6772535109900475,0.00308950870766174,0.2602589054280007,0.00012927689673625464,-3.1410771002176676,-0.00021672054176154058
6.473326921463013,-0.10188240946928766,-2.3138726450726224,-15.118666723191303,-0.11556639718389171,0.04402236374804864,-0.060451589930698726,-0.6772792848022116,0.003110294239719292,0.260262292622403,9.631150227003777e-05,-3.1410411017192414,-0.00020173108235011758
6.483389616012573,-0.14419892908853732,-2.4554909397109306,-15.08778687528938,-0.1129391480181974,0.03663349418272135,-0.05901546313931996,-0.6772737233482504,0.003125571961565049,0.2603126425722243,2.4868947117349148e-05,-3.1409858495100575,-0.00017239079888796104
6.493311166763306,-0.3620719581152844,-2.415827913351812,-15.101905609517368,-0.11448699988557151,0.028589505643604594,-0.05002736218852375,-0.6772543113557146,0.0031260971212842253,0.2602633368563412,4.430606880835483e-05,-3.1410927476544757,-0.00016370619298852114
6.503360271453857,-0.38442065616537713,-2.400744894088327,-15.190195487603386,-0.11522481666847087,0.027185506569940704,-0.05130565148333848,-0.67724966181301,0.003123054036600861,0.2602666441613393,7.164312662970087e-05,-3.141064250056278,-0.0001864886152043147
6.5133490562438965,-0.07434435123360056,-2.3916735478052207,-14.995912706997235,-0.11645177616048588,0.027503648967798278,-0.0562069882249453,-0.6772612098483016,0.003123334803162129,0.260293018101341,5.848634671846208e-05,-3.1409808186523827,-0.00018051551262104494
6.523368835449219,-0.22196933581360784,-2.5634326641161125,-15.30919429328871,-0.11229291996934151,0.03017189372133773,-0.04883744217886282,-0.6772545707817744,0.00312064388644987,0.2602771839757816,7.005442067130446e-05,-3.141045199525272,-0.00013845199074904072
6.531314849853516,-0.23183985155406608,-2.4497234035961015,-15.3126650459599,-0.1162778104573871,0.03078335347995163,-0.05376003564875787,-0.6772739499908922,0.0030958902803268655,0.26029078949469747,0.00019397580974218567,-3.140972690437038,-0.00015722877669541638
6.541370868682861,-0.2871846292809141,-2.4823186926659484,-15.195686247477756,-0.11682897260595934,0.026519341935592043,-0.04730784247839748,-0.6772609381479192,0.0031429734517227936,0.2602528977130836,1.8338282232328216e-05,-3.1410871604409545,-0.0002319201238420166
6.551377296447754,-0.023699348722808072,-2.638854239767989,-15.201828699162968,-0.11140080539037996,0.0319430035954207,-0.050946784925694995,-0.6772655140328957,0.003156905885518472,0.26029128981339544,-2.732581536241408e-05,-3.1410168834854053,-0.0002401800512335104
6.561313152313232,-0.13293282002587858,-2.4144184735878804,-15.21433029513861,-0.11627610391463987,0.026595851392550576,-0.05301909496406903,-0.6772535648560772,0.0031148758320963085,0.2602560101878639,7.044530642057168e-05,-3.141052948144909,-0.00017623249303400524
6.571331024169922,0.11929850929291674,-2.160596559372495,-15.08323148511895,-0.12405086007426251,0.03158748567560231,-0.05613581612675181,-0.6772704694414777,0.003104579292127341,0.2603041058016038,0.00017429500472966218,-3.1409768794865984,-0.00025304814303125375
6.579359769821167,0.3333386446843907,-2.5542997934413543,-15.31174872922477,-0.11790049015546962,0.029875291218738716,-0.05570490265083595,-0.6772602218477145,0.00314994401034215,0.2602831969456677,2.5490749249173336e-05,-3.1410054736004427,-0.00024365766165708623
6.587327241897583,-0.24445348793642258,-2.361349460321221,-15.248405732662075,-0.11966342629295988,0.016577126667903768,-0.046932715794243254,-0.6772709520223332,0.00309816080085871,0.2603058900916786,9.109484487821737e-05,-3.1409763834110875,-0.00020124277086077487
6.595338344573975,-0.3476103949040316,-2.8132613782532307,-15.295806372057916,-0.10834362655302111,0.015393024833976865,-0.05058770351005149,-0.6772681847524796,0.0030920947559312847,0.2603270022633831,0.00018047826441725394,-3.1409264399638346,-0.00025856257130580344
6.603484630584717,0.11446393029485846,-2.5983919994545635,-15.266335429923613,-0.11530782257834216,0.019543433562124395,-0.05321771898819452,-0.6772747104645792,0.003137031422916353,0.2603032900014223,-8.15204675909232e-07,-3.1409590223382904,-0.00018081507274852584
6.6113293170928955,0.14692540699203596,-2.4016329535664904,-15.120412142314311,-0.1184935847119936,0.02109149755146765,-0.05676741955148664,-0.6772706219477475,0.0031156010240369356,0.26031463602162075,0.00010231833064606278,-3.140960570769422,-0.00016130659301164424
6.621438264846802,0.02461194717090661,-2.3559260674829927,-15.227507158347821,-0.11661537625301151,0.019088759696682136,-0.04972209623517364,-0.6772619149111689,0.0031041164122556078,0.260314099467285,0.0001286125410456185,-3.1409691326779883,-0.00023029818327617764
6.631344556808472,-0.08728774090611227,-2.370579845712433,-15.286318845379206,-0.11797382243775813,0.015142268906920789,-0.053302580917564624,-0.677269615764363,0.0030767489024053833,0.2602934843629172,0.00025905713656916,-3.140982273859314,-0.00021299145350440557
6.639348745346069,-0.07444410554174234,-2.3154858967557432,-15.097071875694006,-0.1206004488466028,0.011982456654044713,-0.05495744809360249,-0.6772757257130378,0.003131784909811877,0.26026794429358246,0.00010253706714926507,-3.1410202457283702,-0.00025348075205819604
6.64931845664978,0.08174883030263405,-2.4004663069722434,-15.144001450619209,-0.11888233383437655,0.014127796627641794,-0.055465607029845515,-0.6772782783259561,0.003124747668914594,0.26025843299348894,4.566444091522889e-05,-3.141025255672344,-0.00017843974546809683
6.659343004226685,0.2886628961717649,-2.2722312337474313,-15.0443780681368,-0.12378018865192562,0.020343893093437142,-0.048584004599085066,-0.6772683913153791,0.0031332426250799067,0.2602429093887211,5.846590559505157e-05,-3.1410532558433424,-0.00011657429957446021
6.66930627822876,0.3119544892987634,-2.2304050809212574,-15.092286472037927,-0.12597882360962356,0.018810453482473354,-0.05798344246814329,-0.6772537008986332,0.003115762290706334,0.2602586114212684,0.00012780166725277566,-3.1410733211186104,-0.00018280599584321862
6.677381277084351,0.19509681695438874,-2.528052565918742,-15.178383438514487,-0.11590855712702539,0.010764379629586374,-0.05734962541248839,-0.6772735098378472,0.00314131998277873,0.2603004518399642,5.7764049376716553e-05,-3.1409534264537595,-0.00020854748283697354
6.687340259552002,0.21596254771498727,-2.5113948704981044,-15.285703415935117,-0.11750988127735927,0.011200902980150177,-0.05562841890084491,-0.6772690870564189,0.0030989002856965874,0.2603068758136165,0.00012874452692162157,-3.140958978384058,-0.00017391454217710264
6.697322130203247,-0.011714285365965495,-2.469021251301843,-15.141349466259875,-0.11925280598566619,0.005652711656342753,-0.05230178508973509,-0.6772647950997385,0.0031286283062353505,0.2602819506149775,6.377881149511011e-05,-3.140992276255362,-0.00020278198504403248
6.70737361907959,0.188686840028968,-2.3850428419987892,-15.20991959965427,-0.12109100889820643,0.008950905392036303,-0.05482058285669052,-0.6772630967072073,0.0031237345948970747,0.2602600242030871,5.836880754389262e-05,-3.1410415375071503,-0.00016090736233583656
6.715344429016113,0.3307729156540882,-2.4523339846356937,-15.128499434822,-0.11949511654052562,0.009457631116337364,-0.053571630513081114,-0.6772864275078744,0.0030956960817294767,0.2603066014542028,0.00014291409926227354,-3.1409479666745224,-0.0002486407568789495
6.725416898727417,0.15895496162393094,-2.3331649528662877,-14.916233008172924,-0.12306762906301111,0.007283333216426532,-0.05260086328443989,-0.6772570706429041,0.003111362506069598,0.260252979873517,5.1198041096203473e-05,-3.141032474274417,-0.00011624917989608009
6.735337972640991,0.38695055403432826,-2.3108978612937614,-14.909125509597512,-0.12402176619779645,0.008879290607188789,-0.05854211806156095,-0.6772698372497943,0.003103268512696339,0.26025872463616273,0.00012871015513461312,-3.1410433035118905,-0.00021311473176285038
6.743348598480225,0.47798688119368415,-2.6199172494731098,-15.003887303807312,-0.11392279690607683,0.00497536575799432,-0.05665222967632096,-0.6772799488942599,0.0030905335961319137,0.26026293486383273,0.00021959960317451647,-3.1410000243530596,-0.00017199520613464533
6.753335237503052,0.011598835624293943,-2.2910900123495743,-14.90545239166744,-0.12229230331378767,0.0008020477995983704,-0.05409987644878565,-0.6772715502543194,0.0030829342374092306,0.260270425543859,0.00022635150256049549,-3.141003981846534,-0.00029755029155220116
6.76129674911499,0.1456709919258035,-2.3938632920329366,-15.014743591202498,-0.12222358919325274,-0.002263541387507061,-0.051820772420458114,-0.677257475031473,0.003122466824032183,0.2602801366741168,6.51920939491369e-05,-3.1410059887946753,-0.00012497867222296792
6.7713117599487305,0.2185735255942723,-2.5122505876083836,-15.18963832385103,-0.11649361439902894,-0.0007598415552756765,-0.05076064054059926,-0.6772641671963004,0.0031138463067677423,0.2602835065030651,0.00014186949644211648,-3.140976275358062,-0.00024224977505813471
6.781352996826172,0.3115581914805275,-2.296065247997686,-15.088770790749136,-0.12380951251388253,0.0018451053932696476,-0.05246274497610204,-0.6772738222182986,0.0030784027635445536,0.2603117694355559,0.0001808499115516668,-3.1409125543085796,-0.0002024784941029355
6.789391040802002,0.5894327250440106,-2.41892022707531,-15.076082765536977,-0.11891521003861939,0.009457703941643735,-0.057649789539476845,-0.6772740965939436,0.0031045748233461015,0.26029222790975726,0.0001374364648335543,-3.1409412483877515,-0.00017179950912850876
6.799349069595337,0.22526295914308073,-2.1630152610900257,-15.015426231140648,-0.1267744865836215,-0.00343463816327145,-0.060290745550343895,-0.677276903612691,0.003093262438581645,0.26028991681093044,0.00019357852924247414,-3.140944781605899,-0.00019207475783091082
6.807435035705566,0.45192704175410503,-2.2940836907719797,-14.809330675139359,-0.12290852508565439,-0.0014993003035803304,-0.05670181217639219,-0.6772596151481057,0.003130352695807755,0.260232847146026,6.968137519083009e-05,-3.141084826838878,-0.00016594658092830341
6.817311763763428,0.25062155475911235,-2.517912746433973,-15.173532267293204,-0.11750423873168869,-0.004528971985221731,-0.05939295178669719,-0.6772642198298443,0.0031210280927629524,0.26030025679387964,3.248484242763042e-05,-3.140949340697697,-0.00019060086981363586
6.827341556549072,0.06593917719518888,-2.5076174154935895,-15.228273973918098,-0.1171268397266634,-0.00849677798834366,-0.05013499894540746,-0.6772664752597934,0.0031055720688003487,0.26029668729477917,7.219568950437328e-05,-3.140952061282448,-0.000208810532617837
6.837299585342407,0.23699097012408696,-2.535718638523435,-15.056211120901242,-0.11510903843897491,-0.0052332481710059015,-0.05543566426627105,-0.6772730144136093,0.0031055510649097393,0.2603025718861742,0.00011701764996819691,-3.140944206090508,-0.0002252042231383418
6.847352743148804,-0.0361047804011798,-2.4780104855831886,-14.975598841760444,-0.12050242372840868,-0.013930966289424232,-0.05141624004315062,-0.6772566839188803,0.003131430782867154,0.26027725823353,9.530416415683463e-05,-3.1410021177493723,-0.00017355745511581666
6.857320070266724,0.4276540421439208,-2.21464008908622,-14.92830047812476,-0.12080388858085069,-0.0021970666680595254,-0.05281031309187368,-0.6772743802791302,0.0031071471893170184,0.260316253346268,9.096901229053025e-05,-3.1409041017443196,-0.0001723821322231805
6.867295742034912,0.3667749104265596,-2.5534450818576744,-14.973052617661166,-0.11807930302224315,-0.004043738376821202,-0.05303856215331897,-0.6772637136110469,0.0031169023432376557,0.26032063490951524,7.752526397962158e-05,-3.140911773005812,-0.0002669214762295713
6.877342939376831,0.6086617557013326,-2.2732891934636035,-14.883431748127721,-0.12127158117112143,-0.0007608716777577669,-0.056692983721823596,-0.6772819297703653,0.0031211025441867965,0.2602745102927692,0.00016075218359436517,-3.1409557945169455,-0.00021370914898327612
6.8853936195373535,0.3744066447091969,-2.2009894564170787,-14.915767714487988,-0.12353650066619888,-0.00908157026111957,-0.059996020333340914,-0.6772559098795575,0.0031242398417420424,0.2602522278793301,8.416918020471716e-05,-3.1410381451927987,-0.00019391601994130382
6.893329381942749,0.33971326613693537,-2.339276405116358,-14.932268980503249,-0.1234191778178041,-0.0121091572931545,-0.05836676400765527,-0.6772795653061588,0.0031254105187741056,0.2603043368800858,2.6329352558783062e-05,-3.1408781906487664,-0.00018740641064663151
6.903324127197266,0.5415278539018558,-2.314065759285343,-14.944818908568845,-0.12450835497018453,-0.004488013835988604,-0.05638035658578073,-0.6772812266605485,0.0031244389254694105,0.26028633380445126,8.389226157706085e-05,-3.1409727813739927,-0.00018092262198369353
6.913400650024414,0.23909856427484757,-2.496688865191618,-14.995290099909697,-0.11504522448360532,-0.014170295707560994,-0.05560184298632575,-0.6772683336575169,0.003140740637512037,0.26029306640652283,7.769225402842801e-05,-3.1409391417618373,-0.00027253776480506585
6.92333722114563,0.2145341712118481,-2.3435559223348044,-15.117591561164582,-0.11894259963404753,-0.017783938622217124,-0.047013995483452836,-0.6772621892503816,0.003117043840257157,0.2602642125063321,0.00010317745837918744,-3.1409886829283233,-0.00020368970733909163
6.933391094207764,0.4233357722936579,-2.33953660828643,-15.14445189383559,-0.119014012902897,-0.014479314603986005,-0.05009924199609371,-0.6772696952374136,0.0031181639932776634,0.26027292811795055,5.826753340473772e-05,-3.1409636618457593,-0.00020491542502192655
6.943302631378174,0.3989573399716717,-2.3747647447539726,-15.097060655810449,-0.11995961927878322,-0.015927568076462725,-0.05275820369390949,-0.6772717908486899,0.003107715952622658,0.26027021489220326,0.0001492142652589765,-3.1410010820014365,-0.00024500404035854816
6.953317165374756,0.5783111323077001,-2.2804396685871478,-14.931335960050966,-0.12164141849988497,-0.012367640124406337,-0.05235705765242273,-0.6772582558870629,0.0031153054354390486,0.2602593770860888,0.00010316769889171427,-3.1410037233222097,-0.00023014479487468373
6.963321208953857,0.5670555798698156,-2.1740716980987655,-15.036467787823714,-0.12742683202724753,-0.015801198325052904,-0.053432028727406294,-0.6772673441962805,0.0031102298857750314,0.26025996787949074,5.8072723257200755e-05,-3.1410011912276774,-0.0001668539103044246
6.971307277679443,0.144761634471344,-2.2358273692597828,-15.10966591349207,-0.12378079930479072,-0.022579956078064713,-0.055901830277898294,-0.6772795410706953,0.0031009987537659977,0.2602657988850973,0.00018174882632131164,-3.1409684589474334,-0.00017057953625574068
6.981348037719727,0.3863539190725412,-2.2897334783721672,-15.014694959906137,-0.12274195768748214,-0.018956574913555433,-0.052452004241619554,-0.6772601345933049,0.0031183972221448713,0.260244174509259,6.613278176137974e-05,-3.1409922965513877,-0.00019541169726367889
6.9914469718933105,0.130781224350421,-2.460216548382692,-14.945902992930058,-0.11843736140603571,-0.02927225937503927,-0.05010565843787605,-0.6772801186169372,0.0031207260246417525,0.2602677393102331,6.489565406777887e-05,-3.140969102918966,-0.00020936170295424397
6.99931001663208,0.6376794791465528,-2.42794066182249,-14.981996602769602,-0.11348873861162677,-0.021853536435486445,-0.05824842721892141,-0.6772697267849539,0.0030787780452253455,0.2602580410389998,0.00010398463561910286,-3.1409826878775156,-0.00015359275028324897
7.009341716766357,0.5756614926824192,-2.276747716325011,-15.037832328448498,-0.12084039404203953,-0.02133654647900707,-0.05538340084825065,-0.6772789086916222,0.003126974598020456,0.26026282283640473,9.768562526310554e-05,-3.1409895072806644,-0.0001776291649175449
7.019440412521362,0.3497671091085856,-2.622299714630045,-15.065806757127056,-0.11463033801889856,-0.02639880956900081,-0.055968921611891,-0.6772774561963031,0.0031212773349899078,0.260294836476774,0.0001487473239302778,-3.140931074639205,-0.00024923002171523857
7.029378890991211,0.5261311147201492,-2.4768155696445726,-15.079679374586936,-0.11590669536794791,-0.027126054682784513,-0.0582834953060813,-0.6772720668323507,0.0031214202724678046,0.26029442574283745,7.089375484902934e-05,-3.1409318378643816,-0.00017708462509867612
7.037332534790039,0.934709589826105,-2.137084985834638,-15.085541056737645,-0.12750117239662842,-0.01635582610591324,-0.06050785142877948,-0.6772667425621031,0.003120329422036072,0.26031336448984194,7.228994249763496e-05,-3.1409150302443054,-0.0001825693390694428
7.047314405441284,0.5044896641806534,-2.4031687053275004,-15.103277507155484,-0.11974738193541923,-0.025796465875646997,-0.056997660280548056,-0.6772669725168159,0.003136244310345496,0.2602628299350711,3.345804216834656e-05,-3.140990310527021,-0.0001894646389751439
7.057324647903442,0.46977422891448106,-2.3791428965063712,-14.96893509669366,-0.1195901662330586,-0.030459326434760937,-0.05793848858135037,-0.6772792191740089,0.0031134542236065494,0.26029275042172734,0.0001484029818498226,-3.140959240243771,-0.00023798731116917257
7.0653977394104,0.5288022833635297,-2.433977347616568,-14.970501696376076,-0.1213864674405068,-0.0319292815623357,-0.05623393795091117,-0.6772687055849733,0.0031367691589449386,0.2603144883365631,5.878578143640514e-05,-3.1409171433766345,-0.00026141022089428914
7.075287103652954,0.6186340222068495,-2.2986974780939993,-15.075382186796848,-0.12111983638130874,-0.027630841300220046,-0.05612173609108409,-0.6772734839592888,0.0031072812216546824,0.2603042748178017,0.00012954753714325778,-3.14090204867523,-0.0003111828337635107
7.085344314575195,0.5535872817896225,-2.204726855535166,-15.185973687923573,-0.12247981274169617,-0.03344822016786186,-0.05438968106404719,-0.6772894475423945,0.003110931361433619,0.2602838151299213,0.0001228350694620139,-3.1409101852683348,-0.000222219016820702
7.093312978744507,0.6440033970884895,-2.5218369395981486,-15.10070234879644,-0.11606629743425514,-0.02914894259437576,-0.059184132754985165,-0.6772649496887463,0.0031147273694871404,0.2602439040869189,0.0001606169552208408,-3.141038875952332,-0.00023342594622358077
7.101320743560791,0.5398567565464071,-2.2537894189751455,-15.021466889584431,-0.12124012509130111,-0.03294063062612484,-0.0649252887539639,-0.6772741405834023,0.0030901992686696187,0.2602625617189552,0.00016912677098072628,-3.140973076752008,-0.00019497632826858408
7.109428882598877,0.35434747097098773,-2.29373467624599,-15.043102554810512,-0.1208904431496668,-0.039617648503216085,-0.05478437076173718,-0.6772631357286214,0.00314292282110879,0.2602457248238301,-7.244572432794723e-06,-3.141046977854014,-0.0002377252213663715
7.117395877838135,0.5387729865242951,-2.2295213841901647,-14.98765032918491,-0.12198321040160258,-0.03593430868324024,-0.05781274850501288,-0.6772775083374463,0.0030969667388914763,0.2602700098935931,0.00012473107395897802,-3.140974334819186,-0.00020844576887610794
7.127296209335327,0.46251092912611236,-2.0420703894462426,-15.132919961270083,-0.12634761667615893,-0.039705542686272556,-0.05666428188133624,-0.6772757611368425,0.00311279473322928,0.2602904737254358,0.00014159461193155224,-3.1409697546267354,-0.00018951038082237634
7.137314319610596,0.6056988456654747,-2.5255550872672896,-15.078346089970053,-0.11350487394705801,-0.03810068258825938,-0.05561702976335045,-0.6772697962254286,0.00311949463798045,0.2602751994860539,5.147682325612835e-05,-3.140970143303311,-0.0003151938544241389
7.145288944244385,0.5875681512435179,-2.335441981215539,-15.030692125528848,-0.12139974746741244,-0.04281281244758725,-0.054948047366416175,-0.6772793102044551,0.0031232273745692854,0.26027000227133795,3.9727216507307526e-05,-3.1409413591895525,-0.00017920940593840724
7.15331506729126,0.40644626173894344,-2.315381208748819,-15.118035949430654,-0.1222564195506908,-0.041336586435226884,-0.05265709532331844,-0.6772660531497537,0.0031328814590897334,0.2602530958899224,1.1900700959242837e-05,-3.1409963644249355,-0.00021415433240012374
7.161315202713013,0.8522043618244683,-2.196618375375299,-15.2884643128334,-0.12179035574457257,-0.03422661241291786,-0.059704499118090136,-0.6772844017205367,0.0031268594467935115,0.2602688727960586,5.240799025523346e-05,-3.140940875806891,-0.0001740667862270345
7.169310092926025,1.022964422406717,-2.1380418761770805,-15.17214114471352,-0.12282288572328592,-0.0306008582893802,-0.05935560945687985,-0.677269368667863,0.0031180246587837294,0.26024832279998134,0.0001797427596981598,-3.140994470908213,-0.0002399781899383616
7.17730450630188,0.38642471431729564,-2.5141011424893143,-15.185112269760527,-0.11344365751915493,-0.04578038793985506,-0.0489821537743181,-0.6772741095462838,0.0031230621000667945,0.2602949511029835,1.9162798465741564e-05,-3.1409343314202522,-0.00019540659025130675
7.185328006744385,1.0848166877007335,-2.375724304585392,-15.188801787807956,-0.11907674657182084,-0.028900376133573654,-0.06286366700841439,-0.6772801611240892,0.0031171581011786055,0.26027652826768277,0.00010971958897501359,-3.1409651282731983,-0.0002458738859673435
7.193318128585815,0.2132908952696891,-2.5535720036002694,-15.175149788531144,-0.11342068258537272,-0.05009412448296174,-0.052198691217725725,-0.6772655775979184,0.003126251979486005,0.2602664693048215,3.9618399373612176e-05,-3.1409766639234005,-0.0002602740344870844
7.201328277587891,0.6842744047359685,-2.2540907075880434,-15.070529662971081,-0.11752410984882805,-0.040325162127418386,-0.056538407442199505,-0.6772766417140927,0.0030905520267992576,0.26030405433346726,0.0001554528947099107,-3.140856337212565,-0.00017977231998844167
7.211464166641235,0.9509114401323536,-2.123644580231349,-15.102935881071174,-0.12065033393143967,-0.031631764789447146,-0.055619265918991294,-0.6772512074654892,0.0030833494874912136,0.2602314007957397,0.00022681495808132574,-3.1410495157428,-0.00018313147009538827
7.221324682235718,0.7284516252522262,-2.26283547590412,-15.126011885672659,-0.11634511402593942,-0.03722721889914886,-0.052354557095945047,-0.6772876541633617,0.003108108165847776,0.260289651627686,0.0001293816085615838,-3.140918172732915,-0.000226605252706531
7.231321573257446,1.0134002964071924,-2.2162644610308138,-14.942208844362902,-0.1195822568806201,-0.03373514319616383,-0.05425392174673647,-0.6772753569502854,0.0031191539926339563,0.2603047056152393,8.624304090340974e-05,-3.140882370539735,-0.00019292631960529072
7.239320516586304,0.633673267748377,-2.1852858474998493,-15.039986845904453,-0.12254888585008665,-0.04115158652686021,-0.052754721208367696,-0.6772689305481113,0.003113401085259538,0.2602665723081893,0.00012921145791428432,-3.140993844519149,-0.00025487060168979784
7.249300718307495,0.7201974664505386,-2.156978962181265,-15.256487910607069,-0.1224068927533195,-0.04108421533459905,-0.05621600146210285,-0.6772719524713943,0.003106095416058924,0.26029356012130683,9.73193526313182e-05,-3.1409202746301212,-0.0002456634744135095
7.2592878341674805,0.907246523139361,-2.1291025599008155,-15.339703745562604,-0.12497886228791985,-0.03713771476841425,-0.06008486663064538,-0.6772570483324352,0.003124039720355731,0.26030839054316335,8.468006338774223e-05,-3.140905015239975,-0.00023067202046662125
7.267291069030762,0.5707596728299739,-2.0051748969511096,-15.2934538251856,-0.12671364079866435,-0.043740601123616815,-0.05558103718550915,-0.6772689352417608,0.003129439483362552,0.2603027921622343,0.00010317894150994587,-3.1409177029562034,-0.00022672783712718945
7.277397155761719,0.8818012780924707,-2.3044712235186964,-15.290678302939357,-0.11819376773476266,-0.03701237766384922,-0.05341260330073461,-0.6772760595249521,0.0031196000846689317,0.2602795492370795,5.916458694342252e-05,-3.140932100049403,-0.00018145474772129723
7.285374879837036,0.5428766050441899,-2.347440419273171,-15.250673755212803,-0.11599719519022487,-0.04911657330267292,-0.05255288142940895,-0.6772730712588216,0.0031417176804097017,0.26024298232850734,2.0022589678480608e-05,-3.14101602307279,-0.0002476258132499491
7.2953338623046875,0.8926349959237858,-2.2012390685904477,-15.247935732618597,-0.12313680854281127,-0.04259435959661535,-0.058604842038531196,-0.6772757257893047,0.003139067630884349,0.26025710207107244,0.0001049972384723514,-3.1409575608266636,-0.00018080985001386882
7.305352210998535,0.5041887510305173,-2.223899707434145,-15.282104814565997,-0.12087064102981943,-0.05123762873191618,-0.05207281481641628,-0.677283596165686,0.0031444078480766693,0.2603056392498945,5.349798029562179e-05,-3.1409148355694545,-0.0002064426955035099
7.315405607223511,0.7653538307488112,-2.1591652418082665,-15.123905840325543,-0.12282319696662326,-0.045611498838391065,-0.058865104333790275,-0.6772772925231009,0.003109247720211185,0.26026253546912953,0.00016203414370941113,-3.1409422014987207,-0.0002712977053656825
7.3255016803741455,0.7109920648089398,-2.2832562321803525,-15.204608375676017,-0.11868614972779705,-0.05043813841642538,-0.05300101424472765,-0.67726843188195,0.0031266086851274044,0.26028679919115366,0.00011706464902020978,-3.140908459290637,-0.000151548569445506
7.33525276184082,0.6460039337481333,-2.4597468314027195,-14.99244009357041,-0.11676172009964701,-0.056258620236828545,-0.05912835161533276,-0.6772885383434424,0.0031078535039360243,0.26028520539004707,0.00011728955806640642,-3.1408696940391714,-0.00014949440242315604
7.345410585403442,0.7244367959106331,-2.0414255785402213,-15.042473088471843,-0.12609558970215098,-0.052267928522756066,-0.06155438663116122,-0.6772912600828114,0.0031441184662879414,0.26030928160889905,-3.183882918911916e-05,-3.1408395890090883,-0.00023269138515707953
7.355365991592407,0.6762565692854859,-2.1229281011696073,-15.134135691023566,-0.12221998714788775,-0.059818409920972974,-0.051387298494543265,-0.6772653675127177,0.003119854492294369,0.2602954765924078,0.00012324092393955282,-3.1409505225241006,-0.0002956439769508517
7.365323781967163,0.8543953142921998,-2.2309570938377496,-15.025499452570902,-0.12059282764005758,-0.06080837621888161,-0.05414204431428902,-0.6772884364849486,0.003095793160313694,0.2602815589424686,0.00013684152914998938,-3.140934314695804,-0.0002488893571628701
7.375328063964844,1.1088193386852143,-2.58916345863919,-15.129380282638028,-0.11130299211462255,-0.05250484443758777,-0.05593815736073259,-0.6772744595173441,0.0031338522216783926,0.26028356772503125,3.9444911310144376e-05,-3.140893562045892,-0.0002869279759708719
7.385293245315552,0.6928761006151712,-2.0378183251352686,-14.893024142761373,-0.12456998551081615,-0.06698699388066255,-0.0566915174236741,-0.6772614869880771,0.0031012995715147666,0.26024876616787035,0.00013625977257739497,-3.1410059521887015,-0.0002224667663966296
7.395363807678223,0.756577628410111,-2.09000226715884,-14.946064453205409,-0.1212067947732311,-0.06324316460809379,-0.05222340818691221,-0.6772711541168218,0.0030987010062590464,0.2602972736760548,0.0001757093771315404,-3.1408717830904047,-0.0001938600787094915
7.40531063079834,0.8237661673845167,-2.1050722025787816,-15.02438020828803,-0.12327751950002495,-0.06217355943885512,-0.056534712669650544,-0.6772891624633286,0.0031290651139859026,0.2602837678059696,0.00014223096284514828,-3.1409152342704636,-0.00020155156465891222
7.415440320968628,1.0314135012541368,-2.0373704233573893,-14.932101149500042,-0.1234225024464122,-0.06111549769872109,-0.05445164066826743,-0.677286487332583,0.003117941300426152,0.2603312536070353,0.0001038883897404151,-3.1407970860312355,-0.000292970094253812
7.425294876098633,0.5922092528088695,-2.3437653093861965,-15.13915303569071,-0.11514925222936219,-0.06590126923789996,-0.05156155011829455,-0.6772613930370007,0.003117696640309767,0.2602754919735245,7.1061110852978e-05,-3.1409627041681616,-0.00017918602608567733
7.433352947235107,0.8237513468115473,-2.1158536748500474,-15.082467648463751,-0.12126885058924985,-0.06318778634048433,-0.05757613399919908,-0.67727651362224,0.003088255013365679,0.2603127594063755,0.00018129747718206298,-3.140871473253961,-0.00018958864212202748
7.44133448600769,0.7314569907411426,-2.2687109026266516,-15.059236917583341,-0.11485187892942471,-0.06648795841333249,-0.055387382179642446,-0.6772761837891539,0.003122757173799663,0.2602819991228895,0.00012953851762018,-3.1408757057139085,-0.0002857292572320515
7.449387788772583,0.6326630405394593,-2.3414680763093116,-15.093696999462786,-0.11199759647217519,-0.06905257092977306,-0.0525055052134474,-0.6772785966825213,0.003126837093457556,0.2602621318622373,0.00010506120749596665,-3.140944082758552,-0.00023786888008207904
7.459303855895996,0.7673652455558376,-2.1974141760256645,-15.104514954440095,-0.11927826997848755,-0.06753773460627072,-0.054455234232993775,-0.6772705003025986,0.0031153823645871984,0.2602582993278506,0.00010934414959047858,-3.140979572588797,-0.00028605818814674374
7.469279527664185,0.9774057959807502,-2.1359045057886425,-15.068101857802924,-0.11805775742094211,-0.07005459884675369,-0.05386197796021878,-0.677281950642503,0.0031284769169913594,0.26031367675718264,9.143490679107118e-05,-3.140868198481674,-0.0002770634042178763
7.477268934249878,1.1451256849482392,-2.1600517879714616,-14.936664989773243,-0.12092394156113366,-0.06752912075617179,-0.05817233921666466,-0.677255301798617,0.003100191415908087,0.2602409599251352,0.00011769750216984955,-3.1410136159207407,-0.00022293128255371943
7.4873247146606445,1.157467614970065,-2.1538503493210945,-15.0157986089535,-0.12273425051010504,-0.06605021910530333,-0.06316046645678118,-0.6772833946106429,0.003131911168261717,0.26028186443129353,9.679090598535843e-05,-3.1409098222326897,-0.0002673491190263603
7.4972991943359375,0.9748328628141256,-2.264111681885293,-15.034795607000326,-0.11693196907161095,-0.07106936871870288,-0.0530443145416621,-0.6772603241779733,0.003108682474682771,0.2602657902771066,0.00011731308492983842,-3.1409353455225615,-0.00018774403496122773
7.505269765853882,1.04092990770235,-2.5446503775400253,-14.993620302701775,-0.10805688442380486,-0.069155072323301,-0.05856540786037361,-0.6772770409060407,0.0031089566670491255,0.2603079542446399,6.607725144615917e-05,-3.1408741669592954,-0.00025361859195556155
7.513360261917114,1.0835340863992864,-1.912807896807661,-15.072073014926216,-0.12373857412792799,-0.06689438141152924,-0.05726353813467138,-0.6772775096909143,0.003114324736760498,0.2602575975358845,7.168421971012081e-05,-3.1409266460664647,-0.00022344118171969976
7.523308515548706,0.9278156373197156,-2.282151934760613,-15.01036775182991,-0.11826967938007873,-0.07466564484544233,-0.05163902131993176,-0.6772661206344207,0.0031195111969432093,0.26024869885050894,6.461586418915043e-05,-3.1409814155066575,-0.00023259534671932045
7.531424283981323,1.1222873327860234,-2.297569471122662,-15.150232151330222,-0.11551682429395477,-0.06863674440728555,-0.05695395269062171,-0.677269922770027,0.0031212240501418435,0.2602403898283221,7.12033973511506e-05,-3.140998525785349,-0.000159887791574916
7.539351463317871,1.0716705757396239,-2.285678221647567,-15.009483189136134,-0.11871585740412034,-0.07102194792249185,-0.0554094757429629,-0.6772829093432016,0.003133838249833576,0.2602827896499949,7.141693760832528e-05,-3.1409013362089055,-0.0002562885338890637
7.547303676605225,1.202337119045218,-2.22050234845383,-15.072209144560468,-0.11889606897288639,-0.06666681153096651,-0.057609435798878485,-0.6772712147738577,0.0031589021241953713,0.26026686649917585,1.1516292081391618e-05,-3.1409395632498454,-0.00023394927263152224
7.5572896003723145,0.9548235882329107,-2.0575230538514795,-15.01511215152645,-0.12219012876731718,-0.070737075681946,-0.055852526560962,-0.6772714110659804,0.003126548640194646,0.260272411373764,0.00011565712019763813,-3.1409253978671514,-0.00021709687087857695
7.567323446273804,1.1791558100120734,-1.9840008819667498,-15.005784323540746,-0.12521203255298585,-0.0734359000772408,-0.060551312920591585,-0.6772727245072262,0.003116687171226557,0.26031257542958286,0.0001615016925335669,-3.1408485522140475,-0.0003015228417740642
7.575308322906494,1.0154582045843852,-2.045085490193655,-15.074510317441806,-0.12585414693360888,-0.07847431957674211,-0.05598986819635424,-0.6772838443878841,0.003119418287620264,0.2602565285828929,0.00022667315279455345,-3.1409287162121644,-0.00032833085875313934
7.583306550979614,1.3370052874167975,-2.2310777425975,-15.003740670771247,-0.11710708612237221,-0.06926075587661201,-0.05584143733398549,-0.6772770075682769,0.003123568823112039,0.26028465075532525,0.00012931531127512342,-3.1408864457760566,-0.0002563878144595401
7.5933191776275635,0.8900511417760031,-2.1287466859054915,-14.987561194098504,-0.11695065163317632,-0.07828528046118802,-0.05452968659077782,-0.6772843430840826,0.0030731168828114063,0.2603084483155873,0.00019041065029210826,-3.1408623899269266,-0.0002444300727612603
7.603304147720337,1.2302688937467245,-1.996549144777114,-15.12340456228533,-0.12661933142577125,-0.07153025257023336,-0.06330223491725914,-0.6772726822170589,0.0031254016379713306,0.2602547741582879,7.868132884146021e-05,-3.140915178848449,-0.0001987481703008873
7.613459587097168,0.6691283375999523,-2.0375345870908093,-15.19645734648223,-0.12258349926937233,-0.0834626541989677,-0.05255629929847623,-0.6772747256169265,0.0031157334027666433,0.26026699339812853,5.0729212506772726e-05,-3.140915240387995,-0.0002584519700378018
7.623319864273071,0.8540789157955292,-2.326729228152902,-15.274222468878472,-0.11746060947350806,-0.08170991056554891,-0.05402816272945029,-0.6772766189833395,0.003091081603287809,0.26029062926092134,0.00020721493138447475,-3.1408742998373698,-0.00023353385956328003
7.631323337554932,0.9861410586521557,-2.1401548996262174,-15.011096819064424,-0.11659723100119203,-0.07872715716984505,-0.057884936223323046,-0.6772738924245647,0.0031182580260716514,0.2602810279159333,0.00011712005091787478,-3.1409130917318206,-0.00025548907270423827
7.639338254928589,1.0233298111128575,-2.270427720576942,-15.100681636914626,-0.1165715329715758,-0.08136490070472184,-0.0523044721757065,-0.6772737065631073,0.003137929912273486,0.26030763116038713,-1.095251978850536e-05,-3.140869403969249,-0.00023372200902331826
7.649378776550293,0.9339680011283369,-2.3939980026617893,-15.230004732480744,-0.11281683188911971,-0.07977545257779274,-0.052645451841079105,-0.6772755585928095,0.0031194150506605872,0.2602865946510993,0.00011197389016746369,-3.1408977433678715,-0.00031926304339876263
7.657351016998291,0.9767515403570883,-2.059696985264777,-15.303708898147772,-0.12358298610318072,-0.08732344846640588,-0.04481634824593147,-0.6772868295126521,0.0031120604709002735,0.2602694904320334,7.154483498749639e-05,-3.1409036896374785,-0.0001644842935662807
7.667324066162109,0.9479919708693447,-2.4655832578606707,-15.287598992482113,-0.11649842364309475,-0.08711257180792098,-0.05265526180666991,-0.6772703131091729,0.003121383042748847,0.26025864732170256,0.0001627194076333378,-3.1409615871898175,-0.000265050602758337
7.677298545837402,0.9500530763478348,-2.482105821850874,-15.274213830280841,-0.11230869697101543,-0.0873532540752973,-0.04931618551267972,-0.6772759563116612,0.0031037883589859062,0.2602424098566219,0.0001691673560239675,-3.1409414532394155,-0.00019030550081466254
7.687366724014282,0.8970542521739261,-2.3056934661497643,-15.106451157675265,-0.11670177601218581,-0.08464802706566134,-0.05466575698548939,-0.6772775714906539,0.0031534161219816475,0.2602655383720554,5.254987274564808e-05,-3.1408872869519864,-0.00023607455190532433
7.69731330871582,0.9128436820758593,-2.3242848790537955,-15.301520599816685,-0.11606076154082039,-0.08672207633366853,-0.05802393428601317,-0.6772820153853419,0.003115153471266904,0.2602969047163409,0.0001175195857292811,-3.1408426467155612,-0.00020322168291925908
7.707289218902588,1.1483278065124842,-2.2197438038790867,-15.274259380009939,-0.11637601836110498,-0.08579572352052722,-0.059119557147465994,-0.6772851969973286,0.0031355155967326513,0.260327429351213,0.00010182080330365656,-3.1407890718108025,-0.0002611120973045694
7.717268705368042,0.9261209558974101,-2.130936563288508,-15.23680025263462,-0.11892838998295231,-0.09533149715850017,-0.05835964786187682,-0.6772829476713632,0.003154579922833778,0.2603119614206192,1.9975814640766866e-05,-3.140834482407081,-0.0002533912248488623
7.727361679077148,1.0054612395957088,-2.3432886772893107,-15.217887173778097,-0.11607732030051905,-0.09203540850446229,-0.055186015063519125,-0.6772859317154349,0.0031164177887795957,0.26025422157601763,6.490329020507342e-05,-3.1409233728394126,-0.0001840415912747164
7.737308979034424,1.5351217686626137,-2.273499999145581,-15.136448956026191,-0.11595869269628076,-0.08950967198953817,-0.05467485866836066,-0.6772899572738345,0.003142427562702835,0.26026214793769725,-1.2601382250407205e-05,-3.1408765349576147,-0.00019904548890758975
7.747365236282349,1.1419924541033655,-2.3241659484688606,-15.172796099559392,-0.11733289707664167,-0.09509155475975191,-0.04914624841195972,-0.6772740030996245,0.0031122842450797,0.26030965362755154,0.0001233206696159087,-3.140847006266831,-0.000223283977845515
7.757348299026489,1.5538603035553504,-1.994023415263242,-15.071701455061087,-0.12106178728981577,-0.08879299556668661,-0.0619772112732824,-0.677302068698051,0.0031113443990355197,0.26032783349970173,0.00019319796722226388,-3.140765689100471,-0.00023508801505177975
7.767314672470093,1.5325129149069845,-1.8718850906144342,-14.892356459611884,-0.12606788972663366,-0.09450772355822382,-0.05582104216728571,-0.6772811897549463,0.003099418519248423,0.2602695422034814,0.00011669468330671455,-3.1408974887843555,-0.00024583872767481386
7.775313377380371,1.0895224695455334,-2.104180905401197,-15.267204565385532,-0.11733748556685511,-0.10026236166226792,-0.05056911574193073,-0.6772633652668184,0.0031502071083827445,0.2602737812248723,0.00011038443161994201,-3.1409376731704586,-0.0002658850080556538
7.7852630615234375,0.8565301885680665,-2.2936341202623938,-15.236531559758388,-0.11373570538933002,-0.10989252317704655,-0.049943657727693366,-0.6772777877184357,0.003129472063650171,0.26032281721039907,6.519914845762477e-05,-3.1408032944217914,-0.0003282540427809842
7.793285131454468,1.119792048870709,-2.53390238743905,-15.175831779782362,-0.11095765534729957,-0.10438177806917683,-0.0499589322220759,-0.6772778336443134,0.0031109122204443455,0.26025286219981353,8.460348560414801e-05,-3.1409185620535904,-0.0002122023747337323
7.8033082485198975,1.1819545477489852,-2.2115472025874205,-15.280788623114633,-0.11602189305929111,-0.09888913296934991,-0.05443665516283009,-0.6772735164195346,0.0031006959551157947,0.2602728755174082,0.00015554127540343336,-3.1409106806767753,-0.0002867007051449945
7.811307430267334,0.9685979967199289,-2.2992606774941593,-15.321281098871475,-0.1151861924747536,-0.10435228392976027,-0.0518506598951808,-0.67728816097707,0.0031034012836087927,0.2602865399391358,0.00010382953123265952,-3.140874239133363,-0.0002932046251190787
7.821342706680298,1.0342968641999026,-2.3167883534370137,-15.29178806091179,-0.11504460186772493,-0.10571586623216135,-0.060211673483382015,-0.6772894323789825,0.0031039780999462053,0.260307940187565,0.00016774053091386275,-3.140817678958386,-0.0003167657142033365
7.8292717933654785,1.0981177453333704,-2.374245900348922,-15.233058251836303,-0.11588653372577515,-0.1063297927561066,-0.05542676446713349,-0.6772829833659174,0.0031317581893877643,0.2602241748318887,9.733004518617177e-05,-3.140962558783569,-0.00024997202128385684
7.839340448379517,1.1034300951276161,-2.1506806943279875,-15.120569126005522,-0.12188527357152837,-0.10255198299286102,-0.06504987216182931,-0.6772778069940801,0.003117606739073502,0.260282611157469,0.00010419286920899229,-3.140859309749022,-0.00020460688250898887
7.849366664886475,0.9300010324048631,-2.2223064776865207,-15.284798411822555,-0.11538072933644783,-0.1103896833433279,-0.055212682354424863,-0.6772750779625408,0.0030981192223750237,0.2602671440169418,0.00011697454235543638,-3.140886668468969,-0.00024917553134312897
7.85738468170166,1.0337185377179183,-2.3007798183252777,-15.179752468496158,-0.1131235556696643,-0.10944078152409506,-0.05993160277096376,-0.6772733132234128,0.003142004282227364,0.2602607877183658,1.379974494915334e-05,-3.1408856496786632,-0.0002441006560783077
7.8654139041900635,1.1268109153319257,-1.810725438868419,-15.147080205237971,-0.12750602927465765,-0.10648981526014857,-0.060705811311876384,-0.677278435564745,0.0031102701339920692,0.2603236589675604,0.00020665496339422352,-3.1408046444721442,-0.00028278867974633454
7.8753228187561035,1.558491991585955,-2.204468996021693,-15.286051361277547,-0.11267950182373657,-0.10365875705624378,-0.05817530531106545,-0.6772659585160233,0.0031094500720347104,0.260261481617605,0.00013613359245089748,-3.140930353258112,-0.0002290746121864663
7.8853325843811035,1.2617327327153653,-2.268709410641052,-15.179076854954667,-0.11460681615147117,-0.10982273597131471,-0.05986143827023184,-0.6772840593723456,0.0031097319135583446,0.26030590198524994,0.00017543436234550899,-3.140805794493512,-0.0002150446114892056
7.895301580429077,1.273561544793374,-2.0499551307146926,-15.123917468027718,-0.1161310034730371,-0.11288263098659584,-0.05428381649626302,-0.6772777412413171,0.0031333255321163603,0.26036161092717697,-7.226124417810229e-06,-3.140722133664934,-0.00032384362617235115
7.90536642074585,1.3327653600729654,-1.7923754572931565,-15.091435684459045,-0.12345735358928007,-0.10628045333936761,-0.05535180138609977,-0.6772695817108277,0.0031005141524720445,0.26025095687238,0.0001585844427774043,-3.1408903058481665,-0.00031961386936309167
7.9152679443359375,1.399004207887681,-1.901389595303051,-15.146231166329375,-0.12319617149527576,-0.10945863454628635,-0.0536311587494175,-0.6772841390880533,0.0031277281893478392,0.2602533549374601,0.00010951058982566623,-3.1408987924021075,-0.000285048860861377
7.925386905670166,1.515100410190887,-2.171437861888515,-15.171674448617308,-0.11608637751759862,-0.10787486417416109,-0.061313512848326604,-0.6772966272515005,0.0030974829176608127,0.260291596658747,0.0002070211725516115,-3.1408053947730927,-0.00024110778152219674
7.935272932052612,1.5465500293519558,-2.062467870144433,-15.084162206870296,-0.11861545722070188,-0.10528097187334647,-0.05577680707645676,-0.6772770440992053,0.003128064277329548,0.26029343906245483,4.684779917461081e-05,-3.1408200713643724,-0.0002576516829397779
7.945333957672119,1.101102221166586,-2.287250890709374,-15.331189897908867,-0.1130276949260378,-0.12065213240569364,-0.048701435875728574,-0.6772758812460115,0.0031341208652450173,0.26028536593801305,3.9685097582525214e-05,-3.140870254815282,-0.0002943553786101334
7.95524525642395,1.3999952742527804,-2.1893252620961445,-15.160415779916764,-0.11279833514241815,-0.11673323765369308,-0.05464886162096475,-0.6772738308521351,0.0031100990821695427,0.26028833802100837,0.00018239794197967208,-3.1408332770242646,-0.00029158811839480965
7.965245485305786,1.4558988612604675,-1.902577111238811,-15.095189843103059,-0.12061583890565482,-0.11605855134925976,-0.060420858534603626,-0.6772806124721089,0.003102335033587776,0.26029405329582384,0.00020664608869372812,-3.1408468066452584,-0.00018276562717509554
7.975314378738403,1.3584093145202292,-2.255463724270529,-15.304704790426788,-0.11404292079951552,-0.12228401432825525,-0.061879449293382904,-0.6772772293091306,0.003114565508325365,0.2602662651259632,0.00013554512006472446,-3.140899053448673,-0.0002781472009605895
7.985342025756836,1.5068087398449186,-1.8919887575435999,-15.054757253028772,-0.1190511604518498,-0.11673093569179312,-0.05828029279744548,-0.6772858822833308,0.0031560764544284236,0.2602939906784095,2.3986038898517537e-06,-3.140833045344169,-0.00031937283242688833
7.99329137802124,1.355653594716328,-2.1710181508226634,-15.213152062234949,-0.1178856094270838,-0.12183281209242461,-0.06081184106215369,-0.6772747470562046,0.0031242408042865223,0.26031410279352735,7.338429487255808e-05,-3.1408237921151874,-0.00029487911299233273
8.003301858901978,1.6135578329617781,-1.9785207713977981,-15.241533864717233,-0.11927252441384262,-0.1176893667141721,-0.06604212677434301,-0.6772818685257778,0.003138242743901633,0.2602906362468564,6.539806964313032e-05,-3.140837349272581,-0.0003507682704450099
8.013355731964111,1.4195193085489892,-2.019586380811338,-15.204029365939158,-0.11939042819737979,-0.11756227031105,-0.0569090852470159,-0.6772769208937595,0.003152176671512062,0.2603034155469364,4.033644649253135e-05,-3.1407877897931615,-0.0003024221878822764
8.023350238800049,1.2775032101126993,-1.9705689056309967,-15.056429393272184,-0.12004045867433859,-0.12519403655069775,-0.056372683815399616,-0.6772856026280766,0.003135317054015512,0.26026855843674535,8.573446465976329e-05,-3.140859350418361,-0.00033136287731778984
8.03135871887207,1.5932188117180062,-2.0654813094366804,-15.150432555591474,-0.1166106056753829,-0.11966454175729707,-0.05599538775917935,-0.6772873294161633,0.0031330845164096698,0.2602795034349901,7.92412974017551e-05,-3.1408158031391595,-0.0002589814655849235
8.04130744934082,1.6108181667050303,-2.064236338787583,-15.198669456867158,-0.11816669572781609,-0.1167144040616849,-0.05662914602970613,-0.6772887322176845,0.0031248853260351732,0.2602994760778474,7.752181300620395e-05,-3.140798558245936,-0.0002577971099913617
8.051348209381104,1.4607358849011018,-1.975242535853886,-15.096141442403631,-0.11769745117452825,-0.12467201525723069,-0.0552416042391252,-0.6772838121858601,0.0031397997224555593,0.2602764540294704,0.00011551543496680377,-3.1408608875751307,-0.0003103372792920504
8.061345338821411,1.598575750269773,-2.09617466833133,-15.249612461610935,-0.11741115288028682,-0.1247591512195333,-0.06357587381795707,-0.6772866420967777,0.0031410112574361375,0.2602838252334497,0.00011679891280851443,-3.140800445261898,-0.0002639241012285537
8.069363832473755,1.544754105442153,-1.9155392510966114,-15.153815107402178,-0.1162281419263644,-0.12434824641736707,-0.05869495487093742,-0.6772907325177242,0.0030973149780209783,0.2602986920727756,0.00022101374142376696,-3.140824764205018,-0.00034805033007928636
8.079278707504272,1.8896207903480646,-1.981128874026417,-15.265621258071713,-0.12040988550401445,-0.11548690067685433,-0.06065515770527389,-0.6772811838451064,0.00310832570187635,0.26029458169971503,0.00016324708762030225,-3.140789081392854,-0.00029504629243827036
8.089279413223267,1.6823535181933351,-2.185117565811219,-15.166204471577897,-0.11354186671166408,-0.12160135865017818,-0.060250773521623745,-0.6772864731694314,0.0031296027396296162,0.2603272706015519,0.00011112815386058723,-3.1407628392363756,-0.00026943590005509144
8.099283218383789,1.8056232747447485,-2.083279698089533,-15.144919677532807,-0.11587432722172718,-0.11945324727776842,-0.06231698778574978,-0.6772663899919185,0.0031144932072731525,0.2602579743660819,0.00011817389306594725,-3.1408803969875603,-0.00032433883351356695
8.109345197677612,1.24076815457652,-2.1878817855577557,-15.11382056074837,-0.11180826642051511,-0.13133466804561822,-0.06040575891145609,-0.6772856234132234,0.003144855264217462,0.2602480160476762,5.3110680105991535e-05,-3.140863646630043,-0.00025643543228226945
8.119362115859985,1.2597440293980335,-2.128257286061171,-15.151330685635099,-0.11439705866585252,-0.1284660139391036,-0.05762399285578921,-0.6772832179628262,0.0031337556913352553,0.2603217354740005,7.278844035713874e-05,-3.1407304967857286,-0.00031090934952528534
8.127418994903564,1.5929513363815886,-1.8206545042831264,-14.952494754191875,-0.12025260503666707,-0.11995859140621966,-0.05284873051468239,-0.677278670844114,0.003133018121932702,0.26028389291021387,7.926657239210674e-05,-3.1408139044104812,-0.00020529997665678882
8.13734221458435,1.7519656091823226,-1.6711519109655197,-14.906466695446246,-0.12379951746904216,-0.11626889720732132,-0.05866147863444039,-0.6772816938606923,0.0031319173459525037,0.26031776884103897,7.250480130573693e-05,-3.1407618922565606,-0.000322278157010139
8.14537000656128,1.722283873488307,-1.9323642434495525,-15.164736885034815,-0.12017364661459516,-0.11872392892644196,-0.05675304067463139,-0.6772798196954203,0.0030942430945295057,0.2602686280444689,0.00017529155682309704,-3.140830207604769,-0.0003191098264874657
8.155362367630005,1.298281451131209,-2.0052449898740616,-15.123139244362374,-0.11601311428020593,-0.12631500049908273,-0.05410401052404618,-0.6772911966963167,0.0031351476520381323,0.2602787684464649,2.8621609526282104e-05,-3.140788375247029,-0.00025241775421191553
8.165290832519531,1.147904343940487,-2.15926128996607,-15.034173824337914,-0.11092407515203768,-0.12884223480454499,-0.05674626847603715,-0.6772813932255098,0.0031411740929624967,0.26026499829928884,5.394127049195606e-05,-3.140834838198386,-0.0002725867215229092
8.175329685211182,1.4044382239888524,-2.1746720980223926,-14.961687365142815,-0.11171054116884653,-0.1230607864556757,-0.05573654262103999,-0.677282397515036,0.003135916767739399,0.26024603211959074,0.00012495454808552392,-3.1408723722332414,-0.00022000673268812978
8.183332920074463,1.2609457699016884,-2.0576435008904093,-15.121218863505725,-0.11103319943260195,-0.12714165413332867,-0.056280153445426716,-0.6772722795712758,0.0031111896594829256,0.2602760249195648,7.408937517154193e-05,-3.140828544987372,-0.00018823348964662644
8.193251609802246,1.5817959638314003,-2.106552004109,-15.169548004718939,-0.11767548281700395,-0.12386476636229939,-0.058280092900982836,-0.6772708036455082,0.0031242803740819027,0.2602903181309111,6.718043514958945e-05,-3.140826200659617,-0.00030831946130792636
8.20130205154419,1.233202431921629,-1.8669022608190093,-15.037617017568722,-0.11522331517587957,-0.12456401759934754,-0.058706703196245845,-0.6772806008565512,0.0031051389643869907,0.26028148757111425,0.00016142081554593933,-3.1408343407046218,-0.00023164070699027318
8.209282636642456,1.5587489629886946,-2.2831140473840033,-15.079025488872118,-0.11183389469124302,-0.12015336065090029,-0.06115048435157217,-0.6772761488244189,0.0031051732449064347,0.26031665330746445,0.0001178701992459717,-3.1407293404555348,-0.00018964047976391266
8.219287633895874,1.6606270122474431,-1.9098057319723056,-15.087713000898306,-0.11594725248454864,-0.11733690171415317,-0.05789415630550931,-0.6772828549502693,0.0031194432020045498,0.26029862094495215,0.00014909386359042093,-3.140776508710865,-0.0003365456018809639
8.229295492172241,1.310045307333534,-2.3579807941752704,-15.244116306318263,-0.10671229074056506,-0.12071930945865347,-0.057504416500938474,-0.6772867631656275,0.0031479200705402644,0.26027648497018063,9.94001006491485e-05,-3.1408296726885694,-0.00032715423265899045
8.239365816116333,1.1023258358315535,-2.175992981800696,-15.26086477020224,-0.11051650510436875,-0.13096094367779987,-0.05185641821473889,-0.6772869100388335,0.003116998505089828,0.2602940960339481,3.968754771455471e-05,-3.1407827848786005,-0.0002825503248907113
8.249319553375244,1.393526009944371,-2.173417817328443,-15.26001715092622,-0.10930091102806598,-0.1259968186616644,-0.056683961320398935,-0.6772801819955042,0.003120614613195305,0.2603055798723827,0.00018105199109999523,-3.140786119217477,-0.0003144644775177068
8.257314443588257,1.4045367776909083,-2.00419335704619,-15.124652053178826,-0.12087758594077651,-0.1272725348225078,-0.04943230671788543,-0.6772727633150986,0.0030923418829005905,0.2602561605425863,0.00016407238390879077,-3.140855851884517,-0.0002733219019819408
8.267296552658081,1.5596918350012872,-2.0426803166934135,-15.030871961950218,-0.11675492268520214,-0.12846109086855217,-0.05745720836401173,-0.677288228264805,0.0031014413615669664,0.2602844756930103,0.00013349688882425363,-3.1407799530846754,-0.0002635000110477067
8.277294635772705,1.5670983379925876,-2.199210757012444,-15.034360842537724,-0.11047989026767875,-0.1271688762699847,-0.05865359822505522,-0.6772858110665343,0.0031425456883495376,0.26029032512806494,7.296130299205717e-05,-3.1407654272232883,-0.0003025814732026328
8.285309314727783,1.796698670566618,-1.9653961712994183,-15.187712546781682,-0.11674106758564985,-0.12519285783650505,-0.055487190878721976,-0.677287994586364,0.00310506460196862,0.26029140411050666,0.00017014463900573545,-3.140774946022272,-0.00031789623931276613
8.293299436569214,1.4327434067400289,-1.9502499131453552,-15.143225764373888,-0.1140286778630171,-0.1334447001579447,-0.058732660942626365,-0.6772984030337984,0.003121809116091839,0.2602732209476327,8.516272862031799e-05,-3.140821035479068,-0.0003031870938824865
8.303293943405151,1.4578638868083222,-2.160915778739982,-15.104444791356547,-0.11246761223022374,-0.1350865227794265,-0.04980710273777799,-0.6772857404032725,0.0031070487155492738,0.2602729472039256,0.00019430399789744244,-3.140789750909588,-0.00026027302247936005
8.313274383544922,1.3792428791645472,-2.116565310745532,-15.170685924531607,-0.11091080860118656,-0.13625914203038564,-0.04973350309183985,-0.6772786681830426,0.0030799382567757738,0.2602835915313651,0.00016430202736913654,-3.140784162627849,-0.00025514757706188667
8.323296546936035,1.5612838322285396,-2.040421692606656,-15.15602856400931,-0.11375775069658703,-0.1296995200327836,-0.052249285132314464,-0.6772865458143708,0.003130420675582992,0.2602736803357331,6.074050222436028e-05,-3.1408117689927986,-0.0003128867310704382
8.33133578300476,1.481904627677541,-1.8713258973459783,-15.121411171332344,-0.11832690293443789,-0.13682378335289974,-0.05583790893537096,-0.6772842859892644,0.003109419538932369,0.26029087086412317,0.00018857448044684222,-3.1408022629781476,-0.0002977451844818203
8.341283321380615,1.790564163613951,-1.8438005659580956,-15.154588799085477,-0.11449131902639788,-0.12512578920653944,-0.05631867083084574,-0.6772806779597931,0.0031497854230087886,0.2602880427833105,5.440809282934203e-05,-3.1407622126993395,-0.00030734745842122597
8.351333141326904,1.5147704025758368,-2.0171219141128978,-15.0678446755673,-0.1159379373812499,-0.13718238043508482,-0.05236208037617847,-0.6772979439960692,0.0031201732873502408,0.2603043173734676,0.00014934268482180577,-3.140728416187342,-0.00031459067472300155
8.361376523971558,1.855242740662936,-1.95453990579796,-15.0466551487683,-0.10862664920335081,-0.1322097019397605,-0.05623625708506748,-0.6772794888939494,0.0031406022080149643,0.260286329622371,5.3813934699586815e-05,-3.1408119913268187,-0.00027699446168929863
8.371304273605347,1.5214754483716506,-1.7617843754409546,-14.992313225144084,-0.12029504160543385,-0.13780919558617416,-0.06277992585550791,-0.6772737833332011,0.003106295633141893,0.2602896301416385,0.00013784962402767665,-3.140802808097758,-0.00032874150680983657
8.381260871887207,1.566284412077704,-2.0148731243303164,-14.863734558047897,-0.11600033897915978,-0.14053404065962719,-0.059633249847423235,-0.6772687161717715,0.003124165112374959,0.260263565555801,0.0001172448585773903,-3.140817923406856,-0.00022507999169178462
8.391286134719849,1.723657904070296,-1.9356473969852654,-14.951132614657936,-0.11607752198405583,-0.1358518955245,-0.054611330685584145,-0.6772767806917225,0.0031375601071365593,0.2602845118466859,4.9068093386955157e-05,-3.1407798651967154,-0.0002947653665798997
8.401278972625732,1.625959763304597,-2.075285469808533,-15.015146949382158,-0.11288885875570388,-0.13571831944287788,-0.057494699712509686,-0.6772868096927118,0.0031194368097827666,0.26029185184866965,0.0001323293736966842,-3.140746590587386,-0.000333769536594329
8.409274578094482,1.9648130648944326,-1.6511854059963085,-14.968759830372447,-0.12007650879264178,-0.1301250101000383,-0.060755049275321354,-0.6772899908267708,0.0031108927045708046,0.26029043350927505,0.00010490763912822309,-3.1407765691110923,-0.0002241775146035025
8.419272661209106,1.4276587477284688,-2.0933178330616466,-14.994261181286264,-0.11093524400668511,-0.14036878330855784,-0.05893877386594455,-0.6772843224992212,0.0031310706948736327,0.26028806718940156,7.955391670937179e-05,-3.140779907899358,-0.000249035594431876
8.429343223571777,1.8943313434534623,-1.7659261765678196,-15.098671823420592,-0.1202778637344856,-0.13007481431249993,-0.06186431864939869,-0.6772747325178212,0.003125097190691027,0.26026225959863414,0.00011177263042097917,-3.1408331286051516,-0.00026079603236906765
8.43930959701538,1.7462287739534805,-1.9293654530137339,-15.087622827814187,-0.116474440379224,-0.1360864672481728,-0.05854204867683751,-0.6772849761333314,0.0031203111840483167,0.26025689987552325,7.317319881299501e-05,-3.1408068479188778,-0.0003340900703669831
8.449352264404297,1.4887986093143566,-2.0096968434762936,-15.045597180498675,-0.11355477455164098,-0.14177936083698706,-0.0628299492472868,-0.6772805226380413,0.0031293388685823082,0.26030227914298987,0.00011729445697179033,-3.140743202844169,-0.00037386783410205094
8.459267854690552,1.9471280747472148,-1.7950011879035375,-14.973305025131529,-0.11872583833344155,-0.13089158070632895,-0.05769078331905294,-0.6772846340474534,0.0030983295470671936,0.2602716060516286,0.00011767056279119081,-3.1408126698097023,-0.0002460551066243719
8.46725058555603,1.4699904816233322,-2.3035364389909527,-14.966013370740097,-0.10292841254330042,-0.14093343692168794,-0.05574680926903209,-0.6772819417495123,0.00313194936431931,0.26030807563100355,0.00010484188896083236,-3.1407689202656988,-0.00036579264364873976
8.47729754447937,1.6520083830456962,-1.5916667618281988,-14.959578141193573,-0.12159976015043644,-0.13529525642907544,-0.06191433882490296,-0.6772985892945371,0.003111219074391082,0.2602802260720815,7.822012800214071e-05,-3.1407654360547275,-0.0002918443815491762
8.487284421920776,2.024841005583944,-1.7432784049721586,-14.951145405614835,-0.11794087736575526,-0.13205519525885492,-0.06520742534452172,-0.677261969909676,0.0031114558937040747,0.2602716941340044,0.00013006889780573067,-3.1408680526838433,-0.00029474449362438133
8.497370958328247,1.6039013186593132,-1.6316687737128979,-15.07165356690628,-0.1244050998163331,-0.13773025060524077,-0.06471052397506179,-0.6772790450623298,0.0031296599653331796,0.2602957068183178,0.00016288261278529624,-3.1407592163424347,-0.0002969118000759284
8.505366802215576,1.799247849047826,-1.8197041016876614,-14.937006078114194,-0.12150828233146652,-0.13737893542976926,-0.05788481096585617,-0.6772894351818434,0.003100156159167402,0.2602862166613228,0.00011202087734997718,-3.14076181970541,-0.0003678159467841879
8.513360023498535,1.6496439523625426,-2.1044145878762808,-14.835825235911114,-0.11036686997123127,-0.13640865430000018,-0.05197875489600654,-0.6772955380217266,0.003103675953685188,0.26026354996765355,0.00017053428240092685,-3.140779095027287,-0.0002705105484920327
8.521295547485352,1.5182915602164224,-1.8233586608085923,-14.979867219090586,-0.1168027989548802,-0.14386045912048903,-0.061860748977692503,-0.6772756939197545,0.0031058445807241953,0.26031523950034174,7.96621350265094e-05,-3.140743006693726,-0.00038083247854345795
8.529343366622925,1.3942472744703167,-1.9359404964778355,-14.966842549498745,-0.11285333900923003,-0.1416955469811733,-0.059086528487559624,-0.6772768610679899,0.003113623362077444,0.2602615253942442,0.00011854916920436655,-3.1408282854736957,-0.00024781235066074375
8.53928518295288,1.2638216961639617,-2.1557340936321645,-14.971754698075609,-0.10556859443363556,-0.136399544090104,-0.06092744072080278,-0.6772829028667485,0.003143867467127162,0.2602814322675922,1.5403443400037937e-05,-3.140776918497743,-0.0003293418598650365
8.547295808792114,1.2409317034203888,-2.002027431875741,-15.026898046716386,-0.11128006013232027,-0.1337051345940939,-0.06159887451089859,-0.6773019475242488,0.003115244972029706,0.26029446836044795,9.307623507688605e-05,-3.1406875078565237,-0.0002785694526841033
8.555287837982178,1.3009301496442534,-1.8594654534992727,-14.967910773035456,-0.1124878448297628,-0.1308906123823004,-0.05631134577039789,-0.6772926397929601,0.003108589760038156,0.2603140009121744,0.00015095059456115658,-3.140708875980291,-0.0002933143478217554
8.563298463821411,1.3359539288675637,-1.8394532665698395,-15.008621146397365,-0.11435626388630786,-0.13337258813174085,-0.05647186164423515,-0.6772828733144793,0.0031275598870046327,0.2602722515731079,6.761904628807578e-05,-3.1408058681452373,-0.0002818506927293459
8.573343992233276,1.8194538913803655,-1.5515034078848742,-14.972171395286502,-0.120172613343525,-0.11800049460675201,-0.05834878412322637,-0.6772867731827867,0.003118048495839048,0.2603022950936771,0.00014978392297219993,-3.140710410502029,-0.00032397459953788113
8.583269596099854,1.2395551160429255,-1.7562407593173894,-14.982885140033293,-0.11950319717062552,-0.1312025658691834,-0.053641805336511236,-0.6772898627459112,0.0031146471285832715,0.2603118590556588,0.00013757475011782856,-3.140706015155473,-0.0002613274723755505
8.593416452407837,1.4828882959657468,-1.9614250280812964,-14.996735218110299,-0.11327202687151339,-0.12721396195202947,-0.06177335649829027,-0.6772891987358828,0.003130836075591646,0.2603088877329292,0.00010530778940397569,-3.1407208396935125,-0.00034063641013143354
8.601366758346558,1.7236724415075066,-1.9792413908375541,-14.851020505790364,-0.11139858462606399,-0.12257399387137269,-0.059106956219206266,-0.6772888368875403,0.0031435429406919974,0.2602680738192241,2.6836898342417826e-06,-3.1407921264620113,-0.0003458167522892768
8.611267805099487,1.509128288507792,-2.085652615785173,-15.142669089891674,-0.10935025217666804,-0.12460399640768435,-0.05921421764051455,-0.6772729791604806,0.0031305173945872476,0.2603053268887048,-1.6034602350192436e-05,-3.1407443535299544,-0.00025346629178601694
8.62134313583374,1.298740182916202,-2.277180389327114,-15.120925769078973,-0.10773649231483959,-0.13038969704281764,-0.061882476353742596,-0.6772894359043642,0.0031023292309297645,0.2603112336864306,0.00011281560015394786,-3.140710691605455,-0.0002452809085228344
8.629383325576782,1.4004834893779237,-1.8597953240764877,-14.902030635319345,-0.112163186562931,-0.12714921883652602,-0.057822165893155135,-0.6772907897920892,0.0031325634407930766,0.26028342139516725,5.9693541188602835e-05,-3.140754553776588,-0.00030597907378485085
8.639282703399658,1.279756384974728,-2.056740451059227,-14.998546730339317,-0.11017910013705559,-0.13170460744106274,-0.05208105251722789,-0.6772720279142092,0.0031445148311966264,0.2602704075206642,9.331431509649059e-05,-3.1408049372745435,-0.0003202504193483762
8.647290706634521,1.275937160699124,-2.0357576896124763,-15.013179571725477,-0.10853332937860526,-0.13016874109039692,-0.056310676372933084,-0.6772888646622411,0.0031346053879268434,0.2603179954204469,0.00011200485469853057,-3.140708138419014,-0.0003134539534904166
8.655295610427856,1.6099300454483896,-2.090429791080925,-14.813338206358317,-0.10752563582269248,-0.12696029747006207,-0.05542135008624745,-0.6772980673006685,0.00312129261956831,0.260319423279427,0.00011884350901608232,-3.1406886122488915,-0.00034494184199336693
8.665262699127197,1.4241409410323451,-2.0422092554173394,-14.984837934369274,-0.11029192480408705,-0.12741724915531558,-0.05367450644550547,-0.6772855802651923,0.0031144853067566376,0.2602704682104284,0.00013078249171759426,-3.1407832125937607,-0.00024779160645411823
8.675290584564209,1.2573253006739062,-2.0650220015489804,-15.07795974886996,-0.10690910960508458,-0.13022502279348172,-0.058047015809824,-0.6772727925308367,0.0031174638693795345,0.26027394301997586,0.00010033277139423274,-3.1407707991474343,-0.00021342806539094547
8.683291673660278,1.0804641818426062,-2.1924046417461835,-15.013747887691997,-0.1103691738789699,-0.13800510569258856,-0.05548933333308802,-0.677289537340746,0.003114509716547634,0.26030153847673076,0.00016901015158423647,-3.140728436255748,-0.0003396693622499975
8.691258907318115,1.1655524187248594,-2.171228555038298,-15.062362574090326,-0.10649295536963321,-0.1331820160233641,-0.05248059537125831,-0.6772956005102149,0.0031060990006747573,0.2602680435203293,9.909904683776397e-05,-3.140794415802506,-0.0002572757328549778
8.701323747634888,1.3210581234891086,-1.7164456817561655,-14.939124745462099,-0.11391217536321877,-0.12769025239160056,-0.057907521794786684,-0.6772927778927819,0.003104842738501016,0.2602994984081913,0.0001384196911825814,-3.140718231989052,-0.0003176734096569956
8.709352731704712,1.5455918087406835,-1.9897353434111582,-14.841729365716368,-0.11035407900252774,-0.12257063655001565,-0.05275737072141664,-0.6772910832489178,0.003135211516665067,0.26028906386527295,9.311905841948128e-05,-3.1407641012045193,-0.000261785349510436
8.719295978546143,1.59897050685178,-1.649176501138083,-14.94927219859221,-0.11804936103650869,-0.12554321995777845,-0.0575580011230947,-0.6772745722142248,0.0031384505547262334,0.26028957064883795,9.859033659895647e-05,-3.1407651477163894,-0.0002750431601860168
8.727315902709961,1.419487709132967,-1.9210540588743132,-15.0048661406928,-0.11734670280213831,-0.1269428341697,-0.04922184967406145,-0.6772806305060715,0.0031230822897981903,0.26030295796963154,9.1643548547301e-05,-3.1407543756656633,-0.00031683525520382727
8.735289812088013,1.5994818293701012,-1.7975333802568718,-14.964173282235302,-0.11635588078208726,-0.12625737026914974,-0.06090338510867643,-0.6772763654894614,0.003115437300436906,0.2602413351785899,0.00010625451351888901,-3.140831573079651,-0.0003183480664487397
8.745296955108643,1.738663961827086,-1.7953563996816477,-14.814529484371281,-0.11692692408635892,-0.11928570735678233,-0.05657929161805104,-0.6772770153752163,0.00313598602964042,0.26030088596953066,6.126255824334587e-05,-3.140737230269745,-0.00032909989903921315
8.753303289413452,1.4626053847433782,-1.8110382704932313,-14.872245249450007,-0.11305109842046715,-0.13095216298634402,-0.0521514558100507,-0.6772854168416164,0.0031324555370247985,0.26028178372570043,8.137394786957601e-05,-3.140765222398177,-0.00028266732145854865
8.763346910476685,1.960977053349016,-1.7711761781848046,-14.816255452112589,-0.1144778270468124,-0.11696417637910571,-0.06361432411148164,-0.677279588022859,0.003150977793504887,0.26026009329409094,3.329059735942317e-05,-3.1408211597392484,-0.0002951961276273853
8.773330926895142,2.0175733322896257,-1.708571825766373,-14.818184897554731,-0.11718457636845453,-0.11328812385780944,-0.06225851258139354,-0.6772786458142549,0.0030928911292197256,0.26025364388758737,0.00016922718687740915,-3.1408007102515922,-0.0002763301175260544
8.783358573913574,1.5240317291339898,-1.8143486740855266,-15.010221969724256,-0.11661857063004911,-0.12797173872653636,-0.05414426428473873,-0.6772880369550581,0.0031058926301176532,0.26028970219681213,0.00011781402363355649,-3.140767034203757,-0.00024168219403653536
8.793333053588867,1.8362467620142415,-1.8370325689402514,-14.843638953588167,-0.11465242946943399,-0.1208162431590353,-0.0576165053109056,-0.6772870275449692,0.003132956104207907,0.26028467921986365,9.182281040056513e-05,-3.1407609491882544,-0.0002764383134007122
8.803291320800781,1.5337164601382802,-1.8381784795981067,-14.834610562174568,-0.11758808721633753,-0.1261881776603846,-0.05819240726256391,-0.677293349651817,0.0030950744783444064,0.2603136788029896,0.0001501243140782073,-3.140712451447,-0.0002447926068352122
8.813295841217041,1.529310400812092,-1.8217906325721571,-14.968969523565182,-0.1106504113640285,-0.12665065999603525,-0.0554662613171904,-0.6772917190354517,0.0031141873233902105,0.2603582728646262,0.00016999660808936936,-3.140612068203118,-0.00032452115270104677
8.821285247802734,1.7167859926940459,-1.8650392583279531,-14.776807027123304,-0.11690546781178715,-0.125166219366773,-0.05672994181217929,-0.6772888347488045,0.0031460915046980955,0.2602591920330694,4.064224414047807e-05,-3.1408220604707924,-0.0002842972434812132
8.831427812576294,1.2696271254457971,-1.9461238812998343,-14.884539225422106,-0.11165331114510188,-0.13498622468608198,-0.05817788941452815,-0.6772957557431407,0.003134915398865976,0.26032527763513713,6.673095028104512e-05,-3.1406524390861668,-0.00023271029982126383
8.841339826583862,1.2036666215981116,-1.9248602118093359,-14.865185958481453,-0.10933235922390229,-0.13670154898614167,-0.05471316513588274,-0.6772714801826601,0.003136176305656198,0.26024982318579215,4.893988101414826e-05,-3.140854755266966,-0.0003118202747208551
8.849354267120361,1.691686515921803,-1.8286875517299543,-15.005744271527027,-0.11583883627072342,-0.12195810516344417,-0.055926145645461334,-0.6772805252652172,0.0031607852499013025,0.2603002751831427,-4.3288501633713066e-05,-3.140769646553261,-0.0003051055799946625
8.857322454452515,1.6013263156540485,-1.8034141999142794,-15.067216622534705,-0.11537672689677171,-0.12247040934569878,-0.06386402635660024,-0.677286714506631,0.003138404559279531,0.2602995594585155,0.00013078673859373232,-3.1407330357054986,-0.00024499517667343626
8.865264892578125,1.4541736931933589,-1.8654425211066548,-14.799139395147934,-0.11600434536709221,-0.1328903436721172,-0.060870858383500634,-0.6772819564586434,0.0031399963117491733,0.2603027375374461,3.558611609914889e-05,-3.1407432058919307,-0.00028220423266771613
8.873326778411865,1.5043037431709214,-2.1148612325464913,-15.066914364038412,-0.10689203758533414,-0.12961609115697303,-0.05528200944772262,-0.6772789683828702,0.0030917354989098127,0.2602635687704455,9.85160631754905e-05,-3.140808187173722,-0.0002541811666628131
8.88334584236145,1.625095652695183,-1.6704470028772027,-14.8609250002549,-0.12167246444325351,-0.12667481604028816,-0.0547817983811502,-0.6772797892219566,0.0031481172897551584,0.26030148370789596,1.079484401025759e-06,-3.1407543172518047,-0.0003168412027388076
8.89328408241272,1.3525002261816361,-1.8796714540540425,-15.235620494970894,-0.1157112803232351,-0.13182393349685512,-0.05809994901806629,-0.6772890223650906,0.003120346158952724,0.26029027538783,0.00011156966249101826,-3.1407869339021155,-0.00028125083814812933
8.90127682685852,1.3968843975665999,-2.023161069455321,-15.381235400035179,-0.11482316457152851,-0.13123434862434866,-0.05304756266479872,-0.677290884874112,0.003128688067380486,0.26028309492393165,0.00014443507121526757,-3.140746667473219,-0.00033906251760021936
8.909272193908691,1.5503749130578466,-1.85400505136238,-15.071445931464762,-0.11430844842007115,-0.13054932861189236,-0.05661038014207823,-0.6772808509489804,0.0031197797950905026,0.2603153037288488,0.00014410150636669846,-3.140730402414292,-0.00031771878391424735
8.917282819747925,1.4682814123341918,-2.0048974618452284,-14.986528927877506,-0.11539533266554806,-0.1356285291792118,-0.058785779138092464,-0.6772822826855911,0.003103397780943648,0.26028170011103435,0.0001383715785730492,-3.140761596508937,-0.00026923266998924204
8.9252769947052,1.6069685174845603,-1.7836974345513479,-15.027595387419034,-0.11749826295129456,-0.1275819408895045,-0.05738059731340902,-0.6772813155076233,0.0031095138152911666,0.26024069204288797,0.00016263907950423096,-3.140862527187613,-0.00020316117207057658
8.93529462814331,1.2159550942726536,-1.7469590962200519,-14.985340984026582,-0.11560682003761819,-0.13823968601743497,-0.05770683913602668,-0.6772908591616656,0.0031256453889630022,0.26027303974325067,5.980144631249623e-05,-3.1407639438624746,-0.0003212056460122829
8.943228483200073,1.5471966056688593,-2.0550027053458333,-15.061378014462667,-0.11474816721501813,-0.13331958271652372,-0.052102862951609735,-0.677266038658562,0.0031037763593369516,0.26025215425094306,0.0001381925143132488,-3.140843308081785,-0.0002558038591570029
8.953276634216309,1.7802257561804309,-1.7563450663154572,-15.023740488959277,-0.11549668813089149,-0.1269997561199994,-0.058867865913275474,-0.6773000136266234,0.0031192854916856035,0.2603248813295437,0.00011872322914159537,-3.1406871753595915,-0.0003531135526738355
8.961292266845703,1.5182746769822253,-2.039395947060271,-15.04131202015301,-0.10841451853761377,-0.13076925019122684,-0.05776093835169238,-0.67728756216989,0.0031216378340819632,0.26027168465206296,9.856562074178754e-05,-3.1407809909102555,-0.0002630467838121267
8.971308469772339,1.4172813843230792,-1.7739617257769151,-15.08041128556225,-0.11449179177537248,-0.132286510759038,-0.05568551456622051,-0.6772871590803037,0.0031410852257151654,0.26029859327747745,0.00010513687369603493,-3.140750863410513,-0.00027981691761073355
8.979279041290283,1.6998905148246657,-1.9419687146823312,-14.862469481613417,-0.11126803801042066,-0.1292104772006173,-0.053404973855781336,-0.6772717732720456,0.003104580298461627,0.2602699838742708,0.00014491460304010432,-3.1408108850634284,-0.00030607597997918715
8.98727560043335,1.537217358539666,-1.9640358472270176,-14.899113582660771,-0.11295321923829779,-0.13668811998554817,-0.05906513191087019,-0.6772907817694662,0.0031240088005220715,0.26027708202247896,0.00013597167283107604,-3.1407702165976206,-0.0002474805085319587
8.995338439941406,1.7160724648786472,-1.5638163094786244,-14.78490550667809,-0.11824774218975108,-0.12901165488031655,-0.05697497282724527,-0.6772768796223226,0.003101728200484488,0.26027511904446843,0.00011977919250364114,-3.140829104456051,-0.0002889360999025471
9.005269289016724,1.5161957407407645,-1.7870283878844555,-14.755554673614323,-0.11159021230955755,-0.13791940482635895,-0.05942058006204565,-0.6772663240076512,0.003121457566736563,0.26023050724914615,9.34758936655224e-05,-3.140862563017659,-0.0002678087780289786
9.015235662460327,1.4844723363503,-1.9436497162230315,-15.08059010469364,-0.11176349169397967,-0.13834035345774232,-0.04932167823467725,-0.6773005523008734,0.0031606089936268068,0.2602710040518016,5.475118166266041e-05,-3.1407409448411476,-0.0003286505449026313
9.025259494781494,1.6785521598586592,-1.996356284389203,-14.982756785839774,-0.10963295878742772,-0.13153261374536945,-0.05244532986471656,-0.677294708537085,0.0030881984010614895,0.2603147180057793,0.0002009884022515914,-3.140716330457306,-0.00030394457798203935
9.03538990020752,1.4112585615879238,-2.018792163035761,-14.941330071550318,-0.10827393200159083,-0.13761146693999254,-0.05507525515004916,-0.6772906139917158,0.003117709053234453,0.2602829940480808,0.0001630026950636127,-3.140756953994252,-0.0002907099076875626
9.043270587921143,1.460099238092473,-1.7204641144582329,-15.10883639838678,-0.11900931694426518,-0.13649377109975694,-0.058789409589692046,-0.6772889038128608,0.003131736044686266,0.2602934422216545,5.405281179033842e-05,-3.1407688345119658,-0.00024806355815282737
9.053328275680542,1.4479937339291993,-1.915453557992717,-14.927537206916073,-0.11800925891052566,-0.13756182089734284,-0.04974434022333815,-0.6772824592971523,0.0031303344376204766,0.2602729479747691,7.477571248945622e-05,-3.140774933183092,-0.00033750853270771256
9.063370943069458,1.4812820626267162,-1.8830721557488432,-14.934816014202427,-0.11082626501419238,-0.14079543071439543,-0.0602966127449229,-0.6772774799017668,0.0031106898986165005,0.26025622289487504,9.269257457411959e-05,-3.1408084352434216,-0.00024716339954924076
9.07126498222351,1.471807650261165,-2.164017838748511,-15.066849351901022,-0.10568096934734897,-0.13851674805995448,-0.0600794941776165,-0.6772717562105364,0.003137303518200535,0.2602470980870854,9.17338424796998e-05,-3.1408506423420173,-0.0003199911695250719
9.08122181892395,1.2459575288450782,-2.1396632088724035,-15.07245857677471,-0.10510989716237232,-0.14733626607608502,-0.054607121903000724,-0.6772824927144304,0.0031404587144024908,0.26025837532217794,0.00010025708702549315,-3.1407940364122875,-0.0002717314271491524
9.091254472732544,1.2465072503954904,-1.9795407243698706,-15.12990602758559,-0.10943968970262247,-0.14455733990102299,-0.05735254302253646,-0.6772900454304278,0.003116767065403346,0.2602880617772408,7.315581209470938e-05,-3.140747865665271,-0.00028061579413824557
9.101288557052612,1.5899647060183209,-1.8315521161305475,-15.053731513019853,-0.11548742291072855,-0.1387899215910322,-0.05926437969986513,-0.6772895624697077,0.0031512248127184535,0.2602635001447894,9.38046105160223e-05,-3.1408120197673095,-0.00023867626216055645
9.111327171325684,1.5638920516912487,-1.8312641774545608,-14.892838549597489,-0.11664297784983486,-0.14323846144553515,-0.05269882529504273,-0.6772755551117683,0.0031129254679520954,0.26024500427397945,0.00013668965656092879,-3.1408454458420674,-0.00027655461659259315
9.121227025985718,1.7444881676462258,-1.8519422676043986,-14.913802739601891,-0.11225661621207123,-0.14077746158746002,-0.06160301281398559,-0.6772736431822107,0.0031222891218896202,0.26029853468688213,7.977434810969313e-05,-3.140755256464146,-0.00019954499318660112
9.129247903823853,1.5991168232976745,-2.0806742591088483,-15.09725429416896,-0.11047229911722808,-0.14417928894321233,-0.05422772584058248,-0.6772840089975971,0.0031557386089103336,0.2602536532408255,6.225389233007526e-05,-3.1408426285717055,-0.00023643290820939022
9.139347076416016,1.7359914372333967,-2.113273597269712,-15.076135364130941,-0.10788981855762297,-0.1406825034062387,-0.05825423935234907,-0.677285385478737,0.0031161689856328383,0.26030741816941116,5.388072790982342e-05,-3.1407068704380636,-0.0002998836234307833
9.14922046661377,1.6133908557040668,-1.8247586403565732,-14.8560007616151,-0.11178600142583517,-0.14190712850592285,-0.054913169451300925,-0.6772694287490421,0.0030999346777056264,0.26025872758686647,0.0002149148351200444,-3.1408006914998325,-0.0002442411350028406
9.159279823303223,1.4460779776365555,-2.102863760806119,-15.134426966385695,-0.11412022551073171,-0.1504466557944386,-0.05568009730384629,-0.6772853281165168,0.003123770314288734,0.2602601772460684,5.33408008160062e-05,-3.140829733775774,-0.0003337479344083101
9.16925048828125,1.4640167709583376,-1.9151828192228018,-15.129375495714601,-0.10988149912453041,-0.14663479111925595,-0.05650582515402428,-0.6772802906348251,0.0031269908741801654,0.26027933019179206,2.1499960775737308e-05,-3.1407733293983457,-0.0002922006145295962
9.177361011505127,1.6548117023787936,-1.8192903421335545,-14.89161790638117,-0.11726069093047646,-0.15047491681585445,-0.05557265393401649,-0.6772843786034901,0.0031227462655662847,0.2602678797499862,0.00013130733288178292,-3.1407460355385206,-0.00022136139920879712
9.187267065048218,1.8331395161574315,-1.657037545094918,-14.877325540776576,-0.11840283020724486,-0.1411723871444545,-0.06457832568387495,-0.6772806200815443,0.003137424412962609,0.26029643885211007,7.325375404224286e-05,-3.1407417352304345,-0.0003742667273970208
9.195282220840454,1.8590827211948846,-1.7000723030256926,-15.084118498417544,-0.12228842984895034,-0.14540018768825966,-0.05910509983294341,-0.6772766054340268,0.0030932513951951353,0.2602639158189232,0.0001567462848588851,-3.1408258663701307,-0.0002799013460633717
9.20534873008728,1.5645357926390357,-1.7410961779005527,-14.795015585115188,-0.11580099745907997,-0.153717486549676,-0.051131224628855415,-0.6772783408100269,0.003116778232659883,0.2602467961177714,9.840686360396103e-05,-3.1408470151365737,-0.000286794761396931
9.213352680206299,1.505675943198324,-1.916908052303125,-14.927410106409084,-0.1112758768016914,-0.15551921150170026,-0.05248634978163746,-0.6772906246037842,0.0031316065780133684,0.26031271452131344,7.99946922255367e-05,-3.140697607364965,-0.00026402277419290167
9.221331119537354,1.6350149459189662,-1.7680137459764016,-15.130513975033383,-0.1154142084005385,-0.151367710685735,-0.0532183899803279,-0.67728208855297,0.0031233258799008997,0.26029649481778966,7.303515645016445e-05,-3.140752257660042,-0.00027084343099939426
9.22930383682251,1.9872504710314918,-1.6583564332601828,-15.047199612888754,-0.11485749024305521,-0.1452594311567013,-0.06152464357424639,-0.6772924235752739,0.003126133160942918,0.2602905186298292,5.475887939326105e-05,-3.1407143451623005,-0.00025846178428858897
9.239258050918579,1.906866773713575,-1.9098193587930854,-14.995701211969246,-0.10996719450140251,-0.15035456032772393,-0.0618994609038594,-0.6772851614844798,0.0031414586595478427,0.26033763841597946,0.00010553346948338342,-3.1406570322806058,-0.0002771468920695317
9.247271299362183,1.5687205091194938,-1.7181576880831002,-14.879716302932865,-0.11727059618639576,-0.15502044394824369,-0.06198114279111421,-0.6772839698695837,0.0030961461753494846,0.2603017730414469,0.00017017441572166894,-3.1407603458445355,-0.00032258085737663637
9.25527572631836,1.7970385642719686,-1.675222963167319,-14.88123654982384,-0.11404279862202599,-0.15068642340228103,-0.057844388777184695,-0.6772827428899794,0.0031438133535851226,0.26030074445738643,6.653530380950472e-05,-3.140728980338852,-0.00034478098908475126
9.265255451202393,1.757545326056108,-2.009049428069504,-14.90794185363721,-0.10914807095471923,-0.15611129249265568,-0.06320594822588084,-0.677298481375143,0.0031247927333555863,0.2603483716238379,0.0001382229445661083,-3.140584196736728,-0.00025999926388780404
9.275282621383667,1.848048930836417,-1.785434102410868,-14.959077121106219,-0.11493719908483349,-0.14702376292065605,-0.05785340724287585,-0.6772675958636671,0.0031115060616898342,0.2602925305660753,4.773046479547252e-05,-3.140765403533796,-0.0003061649341097838
9.285280466079712,1.7330965907669051,-1.7944655425215739,-14.917404651069493,-0.11402451886826115,-0.1571445364106882,-0.05462735273755471,-0.6772833739760846,0.003116622453192186,0.2602708904803307,0.0001751531395659419,-3.1407722716259805,-0.0002925175611419858
9.29524564743042,1.879747757252543,-1.9500703983706955,-14.964028354129793,-0.11204958071165758,-0.15296835174008425,-0.05857531982813263,-0.6773028717577834,0.0031446979756025546,0.26027588015808373,9.868962730259807e-05,-3.140747290031692,-0.000286979087154061
9.305275917053223,1.783793994651468,-1.9927925893302534,-14.823594518008253,-0.10985150079662054,-0.15237891684578592,-0.05070333909312036,-0.6772879253425333,0.0031142166321411293,0.26029043066380037,0.00016997792747584144,-3.1407294999315933,-0.00029946698234834657
9.315305709838867,1.9890485328262235,-1.5457201294956677,-14.808185829043547,-0.12198471119730434,-0.15348543624912767,-0.059710160398805764,-0.6772908113132189,0.0031150144976276944,0.2602883557909708,0.0001690617554064702,-3.1407402870563828,-0.00024792781612798355
9.323343992233276,1.9727534195041525,-1.6387863995728473,-15.01590906113364,-0.1116359587509491,-0.15270794147006628,-0.0572371550404253,-0.6772838112338994,0.0030968934486987386,0.26029193280830576,0.00013163979605554675,-3.1407435132516697,-0.0002949430875606692
9.333356142044067,1.7453899036401108,-1.710269605424352,-15.173124767580852,-0.12019721556373734,-0.16017654830198408,-0.05637099180562428,-0.6772940686161143,0.003107811147566268,0.26031703215531976,0.0001573233847791939,-3.1406714605330692,-0.0002838403456317523
9.341403007507324,1.87597311482213,-1.9410496093564373,-14.883544449885685,-0.10959071354950256,-0.15678955884543863,-0.05976598734196823,-0.677276673123331,0.0031220637915492845,0.2602696296623538,0.00015107785693832968,-3.140792200196698,-0.00031208666222376437
9.351284265518188,1.6453699254851628,-2.0502480141354353,-14.984776577277744,-0.10733818342500041,-0.16312120935429528,-0.05642971530918368,-0.6772878285870866,0.003098118022036424,0.2602958082755559,5.9414562689469926e-05,-3.140700965899926,-0.00031536447148161644
9.359280824661255,1.7491074555226689,-1.8210222907120148,-15.085276959121712,-0.11315952343154108,-0.15930289666094405,-0.05464217124126299,-0.677292301689339,0.0031261139277317857,0.26022214371635627,0.00013773515636121678,-3.140837061754849,-0.00021880887729540787
9.369258642196655,1.544754671026777,-1.758132760963002,-14.820087877457587,-0.11376118200971357,-0.16392892401664588,-0.06086983654015564,-0.6772878266484801,0.0031288308814045452,0.2602594219031981,5.981924350866363e-05,-3.140784955215321,-0.00024713866724262887
9.379270315170288,1.881574783545899,-1.9334774968499102,-14.818973816361709,-0.11016372607571677,-0.15772992491262985,-0.05385958810048177,-0.6772813751986555,0.003129172437619431,0.2602834124883156,0.00011911833057608554,-3.140745683728182,-0.0003323918715555615
9.3892982006073,1.961906907065619,-1.8537618673635528,-14.824115047199562,-0.11399436483844531,-0.1556756056707223,-0.05653408776205171,-0.6772975775591591,0.0031010578248791554,0.2602601067012806,0.00010048207145282551,-3.1407538081409716,-0.0002311145281722959
9.397260904312134,1.8956265249817796,-1.6444897884861664,-14.884652447406305,-0.11626614427295769,-0.15529881605191206,-0.05917581329669749,-0.6772830224494164,0.003099896008670679,0.2602897602186827,0.00017746791746898338,-3.1407369010898294,-0.00031154739722017056
9.40723466873169,1.5386587160215845,-1.683451044775758,-14.833933544436698,-0.11810931000006233,-0.17065821688327062,-0.05726855129730637,-0.6772952847975875,0.0031516277779097593,0.2602923584075577,4.269814055568462e-05,-3.1407141236556466,-0.00025863271401759295
9.415268898010254,1.6138831108186866,-1.7393244521936333,-15.024669840503936,-0.11467314926490836,-0.16180677059205464,-0.05746109056549322,-0.6772879062219725,0.0031321873091587258,0.26026758779384374,0.00010553202342456375,-3.1407714220311638,-0.0003042600106017566
9.425278186798096,1.8191997743473418,-1.9126045619850705,-15.09150215532888,-0.11082357963109794,-0.1578744060857895,-0.053164240349990226,-0.6772948350001218,0.0031197482131495777,0.26031718155989825,0.00015676132997762742,-3.1406560554933605,-0.000296401387527203
9.43325686454773,1.562472122137687,-2.030536682396591,-15.033749417831826,-0.11090017113124045,-0.16219272174954463,-0.06384603004523329,-0.6772896711526224,0.0031322955932905957,0.260300422933181,9.851211128519785e-05,-3.1407395539714433,-0.00035600160057671525
9.443355321884155,1.8265218433969719,-1.9844457115962635,-15.122419388198175,-0.1080865564290582,-0.15781109765207046,-0.05226338298997933,-0.6772794633613991,0.0031077650002414347,0.26030969047405356,0.0001244417231409854,-3.140753576592073,-0.0002575480430397911
9.453286170959473,1.7475578060396144,-1.9398398215727537,-15.049997478754037,-0.11154599819670566,-0.16040510351203374,-0.054509860145389964,-0.6772826327076292,0.003145709320953386,0.26030909116771267,8.159247351061447e-05,-3.140706739963268,-0.00030075582822203706
9.463284492492676,1.8139561773528714,-1.7798357321504579,-15.053842807466017,-0.1128174033732628,-0.15923398526544733,-0.05699823989304022,-0.6772873333894793,0.0031397684595335404,0.26026243063497145,-4.875987731407769e-05,-3.1407806106767655,-0.0002492850564448162
9.47330379486084,2.02709611153978,-1.9654817735356127,-14.855994968968657,-0.1106694958396755,-0.1590295321614584,-0.056493000960905336,-0.6772995959371307,0.003093522318518142,0.26030301329935635,0.0001571432240863953,-3.140703081774391,-0.00029507209921769494
9.481324195861816,2.1079986060252436,-1.8105510428569507,-14.873846686843276,-0.11058332767492869,-0.15502170439802787,-0.05695464179447586,-0.6772929840190615,0.0031051627117889497,0.26032399965146885,0.00024043365158499903,-3.1406621341701824,-0.0002945357788944533
9.4893319606781,1.7816428091556507,-1.770259777786173,-14.754104986192393,-0.11136121145137541,-0.16295243722834096,-0.06177414046788764,-0.6772837308553347,0.0031326903004937796,0.2602617344083855,8.66875186229548e-05,-3.1407965601353025,-0.00031756105507825067
9.497270345687866,1.9774434391764382,-1.7701123868532918,-14.880886073983495,-0.114388347938955,-0.16084528154764285,-0.05183110550638654,-0.6772705174671071,0.0031286029025992634,0.26028806837029794,2.821417664126564e-05,-3.1407728837461937,-0.00030380084133251213
9.507299900054932,1.5542908040115517,-1.6039778150194406,-14.846369404365744,-0.11549846936557522,-0.16653521024862708,-0.055856908270116516,-0.6772968608805513,0.0031340501178911927,0.26030505225039874,5.311959422489604e-05,-3.1406995036406222,-0.00032756246574738846
9.515278577804565,1.8388897181233836,-1.7658703456186247,-14.88163220655816,-0.11236853621368394,-0.16413419395703369,-0.05916779781422879,-0.677272930687615,0.003127022234308397,0.26029324987691416,7.315968702593436e-05,-3.1407565136580247,-0.00023040749938775618
9.525275468826294,1.555839199017638,-1.8311026771617642,-14.970265418523685,-0.11095685880017328,-0.17178804005163642,-0.05468461609614595,-0.6772831841302852,0.0031262298029573845,0.2602732813874971,9.205322650734663e-05,-3.1407677699046883,-0.00030846957691241136
9.535289525985718,1.6000763338413224,-2.040125848079334,-14.901085056159934,-0.10510131282189622,-0.1650047833553755,-0.060331686002634374,-0.677277330520004,0.003127111838608573,0.26029814396749074,5.485765089996179e-05,-3.1407125614536575,-0.00027805252080531894
9.54529857635498,1.959419184499573,-1.8111479502725996,-14.91333985339747,-0.11208987092480956,-0.16193075250082115,-0.05837107948992074,-0.6772857731535994,0.003104068155097401,0.26030128284318266,0.00011866333391634713,-3.1406858501694015,-0.0002935007940925776
9.555262088775635,1.8370864773633329,-1.9739559946575103,-15.01860652833876,-0.11066932330689659,-0.1613785622275818,-0.04945357926548755,-0.6772920004913232,0.003125384116830083,0.2602875080197424,0.00012434015663095345,-3.1407276123104353,-0.00032528919291903685
9.565220832824707,2.042934688387105,-2.145138368013431,-15.044120071964302,-0.10481050673851403,-0.1588734917613979,-0.05916989482785836,-0.6772843249095927,0.003110371582430093,0.2602951928041232,0.00015752833096134027,-3.1407015290790428,-0.0002548652432367406
9.575330018997192,1.6767979598049225,-1.6026202905546227,-14.98814518487138,-0.11819636922726233,-0.16397609593818152,-0.058188308201323515,-0.677294943507381,0.0031243795634790816,0.2602909710264703,0.0001686737279404049,-3.1407053248490944,-0.000307235887242114
9.585263013839722,2.1326878889734315,-1.8919591021376279,-14.96527611137661,-0.11010425099071529,-0.1587087529070198,-0.05572012310940637,-0.6772926745857468,0.003104627400166957,0.2602823797205419,0.00018260585355258293,-3.1407435069824636,-0.00026059402604285993
9.595266580581665,1.6305652231678132,-1.850103494547586,-15.041544356668096,-0.11159848255153396,-0.1655639883831351,-0.05117661363246168,-0.6772859885375735,0.0031215396395103652,0.2602626453690432,0.00012592304264945095,-3.140767123110803,-0.0002818526261136808
9.605307579040527,1.8419837670731072,-1.8223660976637976,-15.2080799257549,-0.10897508331783255,-0.1592503008625128,-0.058470231930695796,-0.6772864751423937,0.00315771145394715,0.26033608469639435,7.333468787716458e-05,-3.1406615575039982,-0.00035441096432087255
9.615301370620728,1.8953954472027168,-1.772465645157698,-15.127105097582552,-0.11633615965658273,-0.15770219786395268,-0.05143560057597539,-0.6772981633776086,0.003117884374785796,0.2603003982599428,8.695875373996565e-05,-3.140692689415966,-0.0002899419966486417
9.623272895812988,1.7228818568665898,-1.9818808674390667,-15.081679650254609,-0.10719794158996729,-0.16084963491748366,-0.04989996510513429,-0.6772939070062064,0.0031144668786397016,0.2602932340543222,8.689289941598843e-05,-3.1407166340066244,-0.000328814427542543
9.631316661834717,1.761207804675233,-1.6558318559827359,-15.141942262802065,-0.11660980140538878,-0.16365954124940993,-0.05470776708244403,-0.6772930194105609,0.0031628495445294117,0.2603079618714593,4.785424109375699e-05,-3.1407022064130445,-0.00035502294937043803
9.641343355178833,1.927369433933448,-1.8034219414291779,-15.107982050663827,-0.11398936543737917,-0.16336544976963946,-0.05749503963141281,-0.6772706354517516,0.0031403781764492464,0.26029249201202054,7.901422702965167e-05,-3.1407126943466377,-0.0002443035685439884
9.651275396347046,1.7171166027533304,-1.6649338551035644,-15.038435364066917,-0.11294880102603695,-0.16930231445869312,-0.05624676763425133,-0.6772824729987542,0.0031025675620308586,0.26030437351339086,0.00014514445916596823,-3.1407188744108554,-0.0002234522835753087
9.661355018615723,1.8182599640023678,-1.9204048048929767,-14.970599145056374,-0.10983967658027127,-0.16746943118699936,-0.061258229155043295,-0.6772832795756002,0.0031312285017235913,0.2602756666426874,4.159581492273847e-05,-3.1407254510262534,-0.0002737792605391735
9.66928219795227,1.7435880592254624,-1.8000552195598258,-15.035094462626818,-0.11543573358304936,-0.16752401232299294,-0.05555437677052278,-0.6772909855533874,0.003115282048566193,0.2602772209049911,0.00012435959073221902,-3.140741060844142,-0.0002567080487829872
9.677251815795898,2.003377876699316,-1.788540096331349,-14.976637576016469,-0.11479612767862878,-0.16391318651688602,-0.06363678344918455,-0.677295581509364,0.003126302522165537,0.2603014312129903,6.723371944970969e-05,-3.1406521339323312,-0.00022564356310557569
9.687314510345459,2.010206855602061,-1.8456980896917319,-15.025257859292635,-0.10901355463346131,-0.167315766768082,-0.058553609423170186,-0.677295300209724,0.0031059749158050946,0.26030442626641387,0.00020830557140630638,-3.140684129253009,-0.00024686608848524815
9.695250749588013,1.7373850858078843,-1.9155480019030613,-15.173564833021493,-0.11138077522775605,-0.17051065267432222,-0.045660463414371626,-0.6772904826847911,0.003129837227251874,0.2603451702861653,8.67799511790945e-05,-3.1406477169341254,-0.00042610671745433774
9.705334424972534,1.9933449363678901,-1.7092969327548233,-14.999112506370096,-0.11248651810858215,-0.16887174287971796,-0.060667251290321335,-0.6772945959481841,0.0031125777082505234,0.2602977178964733,0.00015726433646993872,-3.140708273214038,-0.0002994666339166215
9.715311527252197,1.8765520073237705,-1.7516290719029872,-15.098687505439491,-0.11622893624755526,-0.16842420931138433,-0.060817245412145726,-0.677289678058037,0.00312804551011974,0.26028970004317,4.791427811382588e-05,-3.1407288813074854,-0.0002927742906744725
9.725269794464111,1.9530671508887076,-1.8564944171896638,-15.127101972926548,-0.1096038893754961,-0.16614933264526005,-0.05570580632013982,-0.677296974461036,0.003135457500443848,0.26029360934744017,9.933861183460962e-05,-3.140670999285484,-0.00023184575210398695
9.733277559280396,1.715703097429166,-1.9736325040602156,-15.104660432124323,-0.10592302416357773,-0.17293814946924485,-0.059306743481309876,-0.6772877332788076,0.0031368724977539446,0.26032920319229386,6.159406484809603e-05,-3.1406497405289833,-0.0002908188963070117
9.743417501449585,1.8698906738222951,-1.932456443013648,-14.908787492025091,-0.10532009418033388,-0.16825159506529483,-0.06149135281209813,-0.677312829313069,0.0031057462664158767,0.26029386569203145,9.89200422405131e-05,-3.1406910220684616,-0.0003569899184380085
9.751287698745728,2.0403530053693713,-1.6523630847444017,-15.000804046482532,-0.11570595360938526,-0.167369886290042,-0.06046909654981146,-0.6772728517506145,0.003088291067294383,0.26029422169072874,0.0001962980195099103,-3.1407296094495414,-0.0002457967767230596
9.761293649673462,1.7259043238333704,-1.755589960935721,-14.987962514866176,-0.10799886251538429,-0.1726481273329164,-0.05722009604245975,-0.6772895359919927,0.0030967955842212337,0.26028561963848806,0.00018848999636383813,-3.1406903381943483,-0.0002468876528047904
9.77125096321106,2.274762864684244,-1.2639800022309362,-14.986574818914258,-0.1245519142303333,-0.1603949906539631,-0.062479559575389386,-0.6773037366557235,0.003133945764368383,0.26032932547292764,8.024958484760011e-05,-3.1406357614052522,-0.00028855001052484255
9.779258251190186,1.785336936173029,-1.737252781433344,-15.104398521271804,-0.10852208533506864,-0.1666976359332701,-0.05579370720075825,-0.6772889141676701,0.003150698324904006,0.26031217790744254,2.9637119051110086e-05,-3.140657097294636,-0.000283740747611677
9.787300109863281,1.6967145097715266,-1.6908387071342048,-15.046421169646116,-0.11416533381570255,-0.16936199897554868,-0.054467458199384644,-0.6772892117033965,0.003150580418819522,0.26028708683200447,4.679733380701285e-05,-3.140706105142944,-0.0003466095353168944
9.797268629074097,2.003768081066152,-1.100602941568272,-14.830468888595693,-0.1245302136398914,-0.1606411481612329,-0.059638582762456385,-0.6772856818319724,0.003095039570479128,0.26025321870847085,0.00011265690331085437,-3.1407672626882683,-0.00029844595325360414
9.807258605957031,1.8507823774197023,-1.6705800222770355,-15.061627293636914,-0.10427805323906524,-0.16279693254075578,-0.05089840333959525,-0.6772922388922886,0.00315702264394087,0.26026090843675787,2.4504820535709953e-05,-3.1407307513800133,-0.000313327016935507
9.81532335281372,1.8690645839430775,-1.8388725529306686,-15.103580580921417,-0.10201087223022846,-0.16040116428158596,-0.05586390587239831,-0.6772869559851928,0.003140896400689979,0.26029644427050685,0.00010075207343399586,-3.14068991596866,-0.00034418895615798346
9.825294017791748,1.8083357533944504,-1.8311979902691011,-14.9936234585933,-0.10508016331953342,-0.16000939757755164,-0.0573206316290454,-0.67729665377653,0.0031261594900706137,0.2602890696345646,7.370288838768234e-05,-3.1406959382907647,-0.0002971840208325947
9.833221673965454,1.7925132295844588,-1.5527686820864255,-15.16457577130947,-0.10458639365549138,-0.15975326755366231,-0.056058714819948764,-0.677301860853599,0.0031490017359160267,0.26034239504800705,7.32633767307673e-05,-3.140638395759807,-0.0003474557956201429
9.841266870498657,1.7025094973732207,-1.7210623267239398,-15.255424689071415,-0.10825019085112628,-0.16121117783634512,-0.056567024845551976,-0.6772928278068172,0.003116791294723958,0.260282549865986,4.7998679774260926e-05,-3.140671520818459,-0.00029790487113000313
9.85128116607666,1.632592902743794,-1.8493607142973707,-15.396852668034418,-0.10585287501731049,-0.15802364122652074,-0.056336890169579816,-0.6772898284676856,0.0031166737222906023,0.2603202004966043,0.0001634880483926114,-3.140658520767977,-0.00030934644422394886
9.861268043518066,1.7289569894443806,-1.6613671340846823,-15.167974721741068,-0.10436715158969037,-0.15337301227456845,-0.05929194274931786,-0.6772945727016605,0.0031145922492265533,0.2602664610136367,0.00016934438467698087,-3.1407532330635686,-0.0003169524245522311
9.871288776397705,1.6070544058872271,-1.6937859157901274,-15.052626300110852,-0.10660114959262162,-0.1601226216179357,-0.05006925060257949,-0.677296394438004,0.003104296405702757,0.2603028476487073,9.383093877252021e-05,-3.140681183990346,-0.00030961330781815717
9.881338596343994,1.9014544882965119,-1.81864774046686,-15.098672705711087,-0.09918139017653893,-0.1510146954104646,-0.057798089466784185,-0.6772946628962582,0.0031411810035296855,0.26028799880678005,9.259363831886116e-05,-3.1406856267716527,-0.00027907400814410755
9.891315698623657,1.7847730981349332,-1.576517220958307,-15.200818699662396,-0.11075632287454737,-0.15426002903665206,-0.05794980976168399,-0.6772754994180362,0.00310652295478362,0.26026331344018677,0.00013897607813281228,-3.1407558587031725,-0.0003433530611482331
9.901303052902222,1.9938847020899313,-1.8572423388512835,-15.325985953217712,-0.09931502557356639,-0.14894422400202303,-0.051911572790182485,-0.6772945211294771,0.00311463358984628,0.2602918964190481,9.388247912746288e-05,-3.1406967401151134,-0.0002953947405559026
9.911239862442017,1.877535032025785,-1.6208029485119733,-15.10314212638873,-0.10630984688727084,-0.15226675196106232,-0.06251968834492064,-0.6772961967268243,0.0031213504638129036,0.2603041483718508,6.750414169036411e-05,-3.140690529285177,-0.0003517582742933918
9.921341180801392,1.6113623062498839,-2.088092887743318,-15.240618370527507,-0.09082837766176668,-0.15644343739191624,-0.06331733649079076,-0.6772775484277131,0.0031722329030666233,0.2602615520633059,-1.033432797044002e-05,-3.1407775703898624,-0.0003052203609627472
9.929320573806763,1.766003499743462,-1.5545601084161316,-15.11754012371754,-0.1023963852790929,-0.15585953718746617,-0.05205740063169142,-0.6772982310865834,0.0031235919153787604,0.26031967854005467,0.00011928637965601693,-3.1406514044457636,-0.00031168128444767035
9.937246084213257,1.9071132843759735,-1.6907141067581,-14.967801520553035,-0.10313971388370582,-0.14973853603217438,-0.05425683628097254,-0.6772934949758169,0.0031317018437526946,0.26031045634846733,0.00010600520609816201,-3.1406568212421115,-0.0003159336232126912
9.947306871414185,2.1669633077783987,-1.6662624338793581,-14.986918956999645,-0.09803194829841137,-0.14720096889578071,-0.05584400008713237,-0.6772835595857555,0.003129604871231526,0.2603233756522908,9.286198029793716e-05,-3.1406211270673228,-0.00032728126668728896
9.957279205322266,1.7016179461221517,-1.7094849282579896,-15.095425639487756,-0.10143397124098909,-0.15580447357069568,-0.056652915586065576,-0.6772789478462886,0.0031084542007821106,0.2602928249201212,9.961957044498557e-05,-3.1407348997223488,-0.00032285217112905655
9.967310905456543,1.5615578732065674,-1.5780718103528528,-15.237876697630178,-0.09956640207864226,-0.15463512587060496,-0.05584754942693226,-0.6772859691269211,0.0031182607701981334,0.2603047727605292,0.00019597509506729063,-3.1406673905803597,-0.0003445331330258021
9.977288961410522,1.8509185658270593,-1.8961463044892912,-15.299948095130881,-0.09502293448150033,-0.15367104061594047,-0.05275628760788925,-0.6772829279129222,0.003125654846286641,0.2602998890030692,0.00016389777327551538,-3.1406652406874165,-0.0002526990539815697
9.98524785041809,1.5183170634690026,-1.3959514216515132,-15.214242055840186,-0.10650291901457641,-0.1589300829771969,-0.0493340422940079,-0.677288480543436,0.0031462651907905865,0.26030451968365803,0.00013179285581312484,-3.14064985935806,-0.00039140104285683786
9.995310544967651,1.8575689993653353,-1.558086438978519,-15.274930752106162,-0.10223338428751412,-0.1505263604532125,-0.05811939274109028,-0.6772834604358515,0.003098364753258198,0.26026702500481924,0.00016326385858126183,-3.1407116817202434,-0.00028490910184447385
10.005258560180664,1.6392963498532713,-1.7838933735801208,-15.273504221318861,-0.09793719039613247,-0.1564198057012483,-0.049767511884258125,-0.6772978660966992,0.0031209127888843875,0.260285861855973,0.00016234786493273033,-3.140679328583192,-0.0003437074862890757
10.015263557434082,1.8843279091605813,-1.8728590518247226,-15.322940939876098,-0.09396321863876489,-0.15364630823284722,-0.05553074356432196,-0.6772974326871731,0.0031557897513686535,0.2603091987701099,-2.366081248011335e-06,-3.140637276212965,-0.0002969547639150865
10.025266170501709,1.8711621537902527,-1.3148035363322212,-15.326579185813749,-0.10989284041548844,-0.15192074076849346,-0.05113729860019845,-0.6772789625730717,0.0031110630429835168,0.26027668589559216,0.00010587465934000674,-3.140738450395224,-0.00027648317999887464
10.035324335098267,2.325385799595433,-1.6039609785944124,-15.195919584397322,-0.10223779835122082,-0.14500917620954584,-0.06045715597280011,-0.6772794337983392,0.0031401783890381875,0.26030832644546475,2.99196296994194e-05,-3.140654148208067,-0.00032346655297490795
10.045314311981201,1.9368212111070973,-1.5595161742043218,-15.184440553014594,-0.10331749526076728,-0.15666272718972563,-0.05624547174144402,-0.6772963919830043,0.003113334993561759,0.2603281010151024,9.336813500306349e-05,-3.1406178512686984,-0.0003353444258367464
10.055221796035767,2.0123871500224095,-1.84110998381142,-15.45741564930722,-0.0982241805401873,-0.15331205869537182,-0.052083701393834544,-0.6772777061129962,0.003129195602789703,0.26024816412996477,0.00010556016260429143,-3.140809779775297,-0.00023217513577091715
10.063305139541626,1.8783461990209072,-1.5749856583485025,-15.224072433586004,-0.10087470210824272,-0.1564924806923267,-0.05635759918487991,-0.6772865923040209,0.0031080549321608193,0.26030576455825655,5.5137629590751486e-05,-3.140668730095235,-0.00031348099964840305
10.073208332061768,2.0372914241172873,-1.6257154755063095,-15.103340776114308,-0.10242075009671087,-0.1553057567288442,-0.05765895960004522,-0.6773049932212701,0.0031514418555558333,0.26032329668658905,2.98907888772027e-05,-3.140598993030574,-0.00026197938341180894
10.081231594085693,1.985467794357087,-1.513744670632438,-15.31664818145424,-0.10316371365442153,-0.1553514309830085,-0.055575335940390824,-0.6772881333542394,0.0031375742351942124,0.26029957841602874,2.269073373756612e-05,-3.140697468492121,-0.00033110325025341013
10.09121298789978,1.9249530279446792,-1.7535814537171457,-15.194259632255218,-0.09565247073229503,-0.15680717130878938,-0.05860996145919096,-0.677286165596965,0.0031424689517291523,0.26031213510458623,6.18990234473041e-05,-3.140659816429013,-0.0003813866481939231
10.099239826202393,1.9665998191597864,-1.2299361456818267,-15.0769910474778,-0.10881620724062406,-0.15526029985773646,-0.0580758168640364,-0.6772924024383857,0.003129867259470245,0.26029439250263275,8.102012996718864e-05,-3.140648353727458,-0.000339799677915882
10.107307195663452,1.8782072689475708,-1.792915417950489,-15.113614995307765,-0.09574967755899307,-0.16016688285792136,-0.05293580263808733,-0.6772971226979538,0.0031196731060318724,0.2602896217973295,0.0001385970652301781,-3.140654778963096,-0.00028887409486834403
10.115259408950806,2.1589335619283383,-1.5390241974658894,-15.07514197664204,-0.1011217329722119,-0.1521725258041314,-0.0601152141778382,-0.6773084584299345,0.0031145419688051157,0.2603069833327628,0.0002031705594918008,-3.140598304575217,-0.00028114561468532847
10.123216390609741,2.2447345243882486,-1.6394738061854641,-15.117785600469993,-0.09904720885345067,-0.15034581778983705,-0.05929353950751933,-0.6772969077813497,0.003131939840521652,0.26028082987983486,9.470507915093182e-05,-3.1406499778824877,-0.00035752496561709487
10.133231401443481,1.946003594595872,-1.784754067469899,-15.140728554147525,-0.09899467660788555,-0.15547591949523482,-0.056935886712769695,-0.6773069513679721,0.00311251672583581,0.2602889621446671,0.00014663241230944727,-3.14060332329247,-0.0003396485894628366
10.141285419464111,1.4854606812631919,-1.592394957575391,-15.26228721485444,-0.10057309489124659,-0.16303262041361138,-0.0528127408567955,-0.67727927823616,0.003127459026860183,0.26026706285093,5.533254440935855e-05,-3.1407240313501483,-0.0002740886649721273
10.14931845664978,1.661195271971009,-1.2424571358302388,-15.111565967267488,-0.10972334074872742,-0.15892740392330135,-0.05981179980463248,-0.6772899961974497,0.0031437513897890354,0.26029880599920324,6.937169473575708e-05,-3.140616781870124,-0.000322363279520153
10.159342288970947,1.8411618847599853,-1.4750175190927177,-15.232670833400856,-0.10501654546278462,-0.1505869810732772,-0.058661275362009796,-0.6772844925454719,0.0031393832471384615,0.2603030227837685,0.00013188316411708094,-3.140649309362026,-0.00037775055258828675
10.167256832122803,1.9372219755261357,-1.504048299464881,-15.234049171096572,-0.09916706029149484,-0.14886187053793035,-0.05551881663366545,-0.6773054586528819,0.003149784035590233,0.2603452285069562,-3.471602413191314e-05,-3.1405220520103376,-0.0003056872152052331
10.175280570983887,1.5641184758540747,-1.6092700904423134,-15.26995574062329,-0.09698384924593985,-0.15770226673725737,-0.06049296870904494,-0.6772891192420798,0.0031121728740381746,0.2602539793893679,0.00010654190742037497,-3.140711097318309,-0.0002704989410394576
10.183293104171753,1.588078926104685,-1.4481945761935135,-15.12277831938058,-0.10226105700615055,-0.1515542893835716,-0.05598021824749684,-0.6772998374916989,0.0031299664904874255,0.26027522020029353,8.80571737003347e-05,-3.1406488847385763,-0.0003631790312816046
10.191210508346558,1.5643141904777405,-1.4309464551720406,-15.091615001260228,-0.10240856839863152,-0.15358865116857492,-0.059664622671103076,-0.6773028458152347,0.0031497396648702764,0.26033899314312603,5.572216471534486e-05,-3.140549958047172,-0.0003502591392741627
10.201320171356201,1.8821125982358942,-1.1698116968603793,-15.016247005989094,-0.10537620972748503,-0.1391179790299392,-0.06416206590756184,-0.6773054580191585,0.0031140338893138426,0.2602846078259002,0.00013136671375681881,-3.1406340256826697,-0.0003122758878696049
10.211210489273071,1.406297346635943,-1.3017584758089604,-15.093189598779308,-0.09866441916123216,-0.1462750877275316,-0.05682724561837786,-0.6772904681998188,0.0031466366644287746,0.2602774272061936,0.00010703971089897261,-3.1406311998851977,-0.000270220986056014
10.221275568008423,1.80493926419147,-1.375256594544925,-15.263616673243044,-0.10280975034067455,-0.13981217661721546,-0.05488101571210825,-0.677287559922474,0.003113604681457315,0.2603055261313816,0.0001016692729921577,-3.1406032307221836,-0.000379359422087227
10.231324434280396,1.6640498874810477,-1.4490955827563685,-15.352898213207506,-0.09679382202331724,-0.1403941783702775,-0.054697762498654164,-0.677300787017002,0.0031609418698966265,0.2602960438019005,1.1973133741709133e-05,-3.1405909189910948,-0.0003833671482593175
10.241237878799438,1.7678127836299695,-1.5085794752501178,-15.251760671938252,-0.09612602607540648,-0.13427149609566102,-0.06028576030657798,-0.6772954729169816,0.003118525801095287,0.2602729096095937,0.00014553029516069796,-3.1406724558748214,-0.00036250867810582566
10.251315116882324,1.5016107577550115,-1.5658525915360568,-15.348763997399914,-0.09641895349613108,-0.13813825036137573,-0.053738667408309564,-0.6772954056672306,0.0031210678610053885,0.26028252170855515,0.0001336615606220695,-3.1406498061644683,-0.00041028320601743234
10.261323928833008,1.682514996613172,-1.579905070029669,-15.045766441773747,-0.09321452165230407,-0.13097715314971026,-0.05529592076233525,-0.6772953262444951,0.0031484100571429713,0.26028422536272244,8.170779784798281e-05,-3.140603199630342,-0.0002456106943278792
10.271273612976074,1.7440732420583924,-1.3910336587750547,-15.051489274910084,-0.10289218238206764,-0.1266569698732726,-0.06025354812004204,-0.6772933833111122,0.0031549298635659764,0.26029158763556165,9.32919944780127e-05,-3.140628962739441,-0.00034599329736847994
10.279240131378174,1.7611240165214224,-1.2061288420725758,-15.377701089068857,-0.10329888099090084,-0.12496696007621916,-0.05927242528752399,-0.6773027746887331,0.0031488048550310996,0.2603408464137917,0.00010676026099132908,-3.140538365009109,-0.00037536828950354104
10.289300680160522,1.3842390911259534,-1.6906679299797558,-15.259224111042203,-0.089922304093248,-0.12628345173603586,-0.05877459764871598,-0.6772937206893677,0.0031073124482025602,0.26030588309007835,9.50612405575657e-05,-3.1405803077623875,-0.0002675159032174018
10.299243211746216,1.4810799829552797,-1.6411721809997353,-15.131981154706763,-0.0914446155810932,-0.11693544630366684,-0.05325017314870292,-0.6772807153948764,0.003102500299165387,0.2602916692336339,0.0001337937846141646,-3.1406348981689702,-0.0002621386849232561
10.30730152130127,1.3498791022801828,-1.6426008134578847,-15.14723502021857,-0.08970296914218476,-0.11030934139901616,-0.05708990385069519,-0.6772966131395648,0.003115049415823121,0.2603149441131606,0.00010168935041213976,-3.1405735700683133,-0.00033626229511607376
10.315262079238892,1.4598109220639122,-1.734176432959814,-15.066026434637816,-0.09140778508502737,-0.1114903439447899,-0.05512929886316493,-0.6773009949605072,0.0031243796258479174,0.26028980367643967,0.0001275508429651368,-3.1405783360104347,-0.00034066326854696434
10.323273181915283,1.365729117253159,-1.4102007738521327,-14.827968700958976,-0.09429738175835875,-0.10185692365363816,-0.055441327505115594,-0.6772903932733473,0.003173403201836679,0.26026416873899216,-3.4500081241798545e-05,-3.140654837596014,-0.0002770813958618975
10.333269834518433,1.2065435267268634,-1.4730717432499778,-15.140474969902328,-0.09289101005165036,-0.08534405029961876,-0.0495217228368476,-0.6772928827327928,0.003128928832712866,0.2602444678425669,7.003951392783712e-05,-3.1406507466651035,-0.0003239654486993055
10.343251466751099,1.1892480404838819,-1.7112259504079679,-14.985645723643472,-0.0840519697451611,-0.09278545303912292,-0.055486967995938004,-0.6773062424115085,0.0031159713154208834,0.26031390132851323,0.00011423088184528711,-3.1405179252264555,-0.00029213359480492843
10.353314876556396,1.0068424546593835,-1.6424793072431483,-15.031090514819414,-0.08961340092356192,-0.08595344063957079,-0.062487950199710054,-0.6772911050636737,0.0031261640631501998,0.260314748883173,0.00010683708504905843,-3.140590259839974,-0.00039663191768373796
10.361257076263428,0.7817794540964066,-1.5654748820296078,-14.985529301381414,-0.08694642539942718,-0.08191255583112309,-0.059063965310573084,-0.6773052729116134,0.0031066239794949485,0.2602985990631657,0.00012752523220505843,-3.1405580023301085,-0.00027235235321441535
10.369297981262207,1.0647091724531057,-1.2133176475557328,-14.953524045545175,-0.09464374087451341,-0.07165730060832406,-0.05522185381361882,-0.6772942679360011,0.0031149613394192695,0.26030207524071397,0.00012553472922335556,-3.140606560410629,-0.00033175575988451646
10.37929391860962,1.0913683727812913,-1.3627460348293154,-14.879312580224223,-0.09587425944774058,-0.08132188442499536,-0.05601426825533564,-0.6772951372930126,0.003144462905674509,0.26030024904114357,4.312520812132449e-05,-3.1405545442004423,-0.000373476185692615
10.389320611953735,1.1722506790334677,-1.3192977791555263,-14.63123742196755,-0.09132285080052577,-0.07237911291747866,-0.06202311615180976,-0.6772817977773068,0.003117462028599092,0.2602475069359236,0.00019171053460964114,-3.140686038018777,-0.0002592483356028985
10.399246454238892,1.3142202388235502,-1.4961827379378032,-14.755295179745973,-0.08859174314951428,-0.07050594357533262,-0.06396781855342086,-0.6772791721309446,0.0031212450982201247,0.26027381531709126,0.00011913796343441086,-3.1406419606515796,-0.00028569152092552074
10.409260749816895,0.8679500263953026,-1.5444332791215014,-14.888351652854075,-0.08831895182099969,-0.0796643167924179,-0.05699614850605056,-0.6772846524502221,0.0031229902882480864,0.2602996694262001,7.515920766752306e-05,-3.1405802825377216,-0.00036134147354892056
10.41925597190857,0.7038601940234567,-1.3553881558380114,-14.713142510431638,-0.09163178122263066,-0.07973603351920833,-0.060288057800244134,-0.6772977966702854,0.003132553619298155,0.26029197262126674,6.29238895257439e-05,-3.1405950960577456,-0.000300952523735129
10.429285287857056,0.5819394676534899,-1.4227726467074944,-14.960813345256426,-0.08790134104970644,-0.08156512232902602,-0.04925319280288004,-0.677281749520482,0.0031145005755308626,0.26025868239789973,0.00012106531237761495,-3.140633286364907,-0.0003577976613589194
10.439212322235107,0.7547926214763474,-1.5727368150792773,-15.04371546908547,-0.08659679047924215,-0.08138131546723568,-0.05155257559020456,-0.6772883142659125,0.0031308923207467813,0.2603156083316393,8.162400818867802e-05,-3.1405725990359654,-0.0003945720686110175
10.449280023574829,1.230192680747341,-1.632193778001787,-14.948055214094003,-0.08421489409306404,-0.07230287215856675,-0.05701187124892049,-0.6772796228853408,0.003111402338188896,0.26025352290514947,4.795185978675188e-05,-3.140677648496565,-0.00025499849309906856
10.459235191345215,0.9245154867784207,-1.0714592506488998,-14.976237634477837,-0.09660073777289346,-0.07350483048366582,-0.0612973111603504,-0.6772849002600851,0.003093200000386032,0.26028236504299695,0.00020291857340476896,-3.1406312576219353,-0.00036331186824493933
10.469227075576782,0.8063255558845634,-1.4373665407614111,-14.706158685402126,-0.08726200732831423,-0.0806134962030894,-0.057590947167448475,-0.6773023821711426,0.0031362720969732587,0.26031748199137617,0.00015137701140988452,-3.1405437262490765,-0.0003970727141317203
10.4772629737854,1.1484195935042567,-1.2543491240922016,-14.8110539631942,-0.09193730966656836,-0.06919568987936574,-0.0651409606008884,-0.6772723268698758,0.003144326295230807,0.2602548355174662,0.00010079354745534227,-3.1406553483372335,-0.00036752461150630906
10.487247943878174,1.1477162465663184,-1.4242916357539943,-14.815350185763288,-0.08874299262858949,-0.06389318606033481,-0.060212255779436175,-0.6772838360341515,0.003117928867275327,0.2602550786703044,0.00010861750224842743,-3.1406716272219195,-0.00031048545407526
10.497247457504272,0.9612136021765557,-1.2799171628420831,-14.659040364898535,-0.09260817322213778,-0.07473510075586623,-0.057412400956493435,-0.6772803547530778,0.0031215910785179074,0.26027750255342197,6.860099627670381e-05,-3.140607048808316,-0.00034491564002212113
10.507235765457153,1.4050861007881887,-1.2667865577053594,-14.783490588097054,-0.09164402104852845,-0.0583187703995836,-0.058685238870849,-0.6772897098285904,0.003122316006064158,0.26027184596609554,9.363455501919543e-05,-3.1406397284193712,-0.00036057499844642033
10.517231941223145,1.1497305709372028,-1.1369017184001784,-14.806579501990095,-0.09523638756876758,-0.06644090190768855,-0.06075186648137749,-0.6772649696748179,0.0031120275611885447,0.26028695381643685,7.512138462276326e-05,-3.1406241000783375,-0.0002844341688897058
10.527373313903809,0.9152185838356673,-1.483703751781689,-14.88615006843509,-0.0823223294561944,-0.07345839802453592,-0.05487228827633287,-0.6772860911550865,0.0031539517401807118,0.2602958477651599,1.0720278235962806e-05,-3.1405900346894637,-0.0004033325420399613
10.537258863449097,0.9736222436619849,-1.4416451755429127,-14.672985884531615,-0.08657396956966086,-0.07239701179563701,-0.06163588330844433,-0.6772901237309173,0.0031346559836316784,0.2602938170440028,0.00010030178577504372,-3.1406042333189306,-0.0002644082957827631
10.547369956970215,0.8860161092047802,-1.1919592442337728,-14.820820188982564,-0.0887706473386145,-0.0710435139945732,-0.05571608745837159,-0.6772934233488274,0.0031555728304787575,0.26024821388820474,1.098022782768394e-05,-3.1406356108881344,-0.0003089855262229929
10.555323123931885,0.8582633864669953,-1.6293148183047137,-14.769216293734718,-0.08512072012527744,-0.07238056428526117,-0.05046505873016563,-0.677289801345248,0.0031237163473641365,0.26027152148008825,1.1383093153278801e-05,-3.140628581181268,-0.00030448737286115004
10.565268754959106,0.8907173320541071,-1.6792505173782122,-14.785823108777688,-0.08004066270459534,-0.06869647679999737,-0.05285428526656773,-0.6772870554944421,0.003133177541819334,0.26028176592983493,4.423586946151368e-05,-3.140623629605392,-0.0003367369794220925
10.573240756988525,0.7107594233548196,-1.5564069600790267,-14.795385865702263,-0.08403379783099268,-0.07801132767259239,-0.05355536566881713,-0.6772824590169861,0.003131767302021505,0.26025420856060205,3.031071235220413e-05,-3.1406496572941967,-0.00031131102465665225
10.583250999450684,1.1127087035842955,-1.397626481095279,-14.886614979927154,-0.08855697316494004,-0.06734593524844062,-0.057951016191199405,-0.6772946817810205,0.0031430464624511403,0.26029185215747536,0.0001018353974751423,-3.140600872988853,-0.00030142327971602496
10.59331226348877,1.0316218346361101,-1.2268354177839957,-14.825141603153398,-0.0902765436118698,-0.07250060238001466,-0.062248796850025115,-0.6773015078466005,0.003136171000868779,0.26027319094227946,9.531492960543945e-05,-3.140609814517891,-0.00037710889047096164
10.601306438446045,0.8872394881186406,-1.315495739522631,-14.801277991940735,-0.0899005244163712,-0.07652801682170011,-0.05960360835265305,-0.677293616718632,0.0031388389746188424,0.2602802205480823,7.65884908927015e-05,-3.140605447392976,-0.00031890470879743205
10.611282587051392,0.6081759495148462,-1.5382431580359688,-14.80821001383576,-0.08416903014433452,-0.0809217629377173,-0.051845820254328316,-0.6772955907948442,0.0031310586796773803,0.26028640675786674,1.1555430363750178e-05,-3.1405844634318827,-0.0003240684121273406
10.621350765228271,0.9734400483449618,-1.323285695626771,-14.726771391854358,-0.08963889420277836,-0.07102274941376338,-0.05288623816822518,-0.6772838123274049,0.0031368332016581597,0.2602654427122097,-1.8473746973332786e-06,-3.1406244053178205,-0.00026751091527912023
10.631323099136353,0.9605917646377629,-1.4471434893648973,-14.731046994118397,-0.08637576790338493,-0.07424114561099196,-0.050446198155763386,-0.677283993174753,0.0031219899384813785,0.26027540885529044,8.884572195874285e-05,-3.1406023344341265,-0.0003051880703964929
10.641249656677246,0.7643232160034144,-1.5474648954108503,-14.703047590108774,-0.08211744747539756,-0.07722111365981937,-0.05223036111316816,-0.6772872446289901,0.003118412036415878,0.26028241258430185,5.544802783626882e-05,-3.1406248819807763,-0.00035770763835715714
10.651313304901123,0.8304899221530135,-1.324858327118992,-14.94683113019005,-0.08937514115124069,-0.07489297220842998,-0.05677744671676254,-0.6772816630144795,0.003087098789389858,0.26025534587184623,0.0002111376889129069,-3.140678919975925,-0.0003081304396270817
10.6612389087677,0.6725077027620957,-1.3921924102250351,-14.901474012682336,-0.08550419252113388,-0.07970003594468737,-0.055139811643664736,-0.6772928069956049,0.003103735640632362,0.2602923130526702,0.00019109383928573724,-3.1405901911914342,-0.0002978699942088831
10.671236276626587,0.8421874538492679,-1.373706114783022,-14.73679190456886,-0.08614865380222705,-0.07572606302231498,-0.05494152429635073,-0.6772934566323516,0.0031091993620428445,0.2602334083181861,0.0001530513853132415,-3.140672060452312,-0.00022312423739502774
10.681309700012207,0.712817175552902,-1.4925622396610834,-14.991327263119887,-0.08441740037953441,-0.07499241610092823,-0.060577560865054635,-0.6772937502352101,0.0031064003443309423,0.2602403879391896,7.423017337061912e-05,-3.140679736667374,-0.0003078123191084235
10.689285516738892,0.8056476892946294,-1.4625112816256356,-14.608268333379774,-0.08091111904552559,-0.07560010559265895,-0.05602133569944989,-0.6772854558178711,0.003108734854742506,0.2602800490221948,0.00020998695430306092,-3.1406056707707823,-0.00030422569206504306
10.69920563697815,1.0378069464643884,-1.2807842404508774,-14.686715358634151,-0.09045856488765933,-0.07174155754722922,-0.059236057275426794,-0.6772891277522867,0.0031448874501497173,0.26030134377585334,5.007773917983431e-05,-3.1405441306858046,-0.00040346642647229514
10.709245920181274,0.7168078596257667,-0.9593840125023824,-14.793023018459785,-0.09294343558325258,-0.07350516484300175,-0.056235775250771815,-0.6772808827773993,0.003130757677910283,0.2603049378238752,7.627899853096671e-05,-3.140602241240276,-0.00027955908328091203
10.719239711761475,1.0257235233777027,-1.4993362658206493,-14.836393077505804,-0.07841672128653164,-0.07131096133994455,-0.06377722378856021,-0.6772976361829717,0.003097837695047742,0.2602815002020616,0.00022878092127270985,-3.140583732061059,-0.0003189488503586465
10.729308366775513,0.9171283307325703,-1.2869255183538835,-14.776068623121585,-0.08412029576200898,-0.06831084530468502,-0.06001890988123034,-0.677285294016126,0.0031429855998826115,0.26024252124588787,0.0001004698438932168,-3.1406807026609953,-0.00024947862839368087
10.739348888397217,0.8956844372662965,-1.6367793084713322,-14.772703793535575,-0.07948618041570171,-0.0697647588527061,-0.05542335069283303,-0.6772768474782346,0.003099937302220588,0.2602358146566235,0.00019105015342043313,-3.140704064420093,-0.0002533087403987022
10.74929141998291,0.8904381219997523,-1.3820808852157807,-14.646895008710894,-0.08152053795560044,-0.06833014455593009,-0.055456270890774685,-0.6772767827595279,0.0031162926450655653,0.26025325510974506,0.00015125883315048077,-3.1406853092568188,-0.0002930813505986594
10.759272575378418,0.7354424821080561,-1.6062095033974055,-15.192213490657457,-0.08079488116171314,-0.07057233250949349,-0.0493545682696433,-0.6772804806432879,0.0031165987615235156,0.2602993957972744,0.00013956278681524884,-3.140583155077031,-0.0003191527384668707
10.76723313331604,1.0238590911400194,-1.5222237655541848,-14.933300658465768,-0.07393373844235446,-0.05936080534415051,-0.053906548972789,-0.677289808774028,0.003151940880339695,0.26026359076282335,6.316505703534194e-05,-3.1406326491037793,-0.000310076163082069
10.775240182876587,0.572371839848367,-1.4339683547438271,-14.770765449544877,-0.07519530488744228,-0.0715111821716038,-0.054037173249978296,-0.677294169434537,0.003107200849118374,0.2602628303828559,0.00012157804948958873,-3.140627530462798,-0.00029027108207135133
10.785301446914673,0.879639958002549,-1.1890253348093052,-14.91017457117558,-0.08505528879643062,-0.06395730113825115,-0.054714100141860664,-0.6773140550165078,0.0031165155036378183,0.2603293065002771,7.613468375450709e-05,-3.140477918945664,-0.0003340785488085945
10.795305967330933,0.8671169705676148,-1.3686794149512862,-14.762793596617113,-0.07586565571019245,-0.05616417539646396,-0.05714518682953323,-0.6772869656910125,0.0031342852636962225,0.26027159059016614,6.957089692992089e-05,-3.1406507482275834,-0.0003456071122559979
10.803260803222656,0.9214683034899955,-1.2464272307119144,-14.70989778991932,-0.08032041461829684,-0.05482958186791612,-0.05555291635445432,-0.6772831242996105,0.003132808787308776,0.260248535842686,0.00013931587390278566,-3.1406856883956547,-0.0003594660261192175
10.811282873153687,1.000162146112548,-1.1650382664198882,-14.82353338443467,-0.08324821242321218,-0.05477558993774986,-0.05657198354734999,-0.6772763689053808,0.0031343391746330887,0.2602917655877952,-1.3996745892737824e-05,-3.140604623900246,-0.00030454240685979996
10.819284677505493,0.7422377016102079,-1.2471684070616247,-14.646176821170181,-0.07940130173033924,-0.060453451831849775,-0.054887966882696586,-0.6772849963502205,0.003139989060173195,0.2602983949503914,6.960540652111646e-05,-3.140604759956148,-0.00031923455932186796
10.829328775405884,0.9248717402880274,-1.023671935034631,-14.862207676347483,-0.08642903738260915,-0.0544011082807992,-0.05748000382348553,-0.6772903139161689,0.0031070609041625734,0.260262993912618,7.485216192673566e-05,-3.140657648502217,-0.00033642267730726383
10.83726954460144,0.6861882335552928,-1.3676749726319168,-14.985942397546061,-0.07637464643616697,-0.06063351100200368,-0.05621515210537137,-0.6772899295765621,0.0031565620453264344,0.26022317726111743,1.077630335812042e-05,-3.1406974957288276,-0.0003157803432559044
10.845235347747803,0.6318349462107343,-1.3073393495404595,-14.88493819664791,-0.08015504628008494,-0.06480038284737959,-0.05227847194125546,-0.677279922461616,0.0031082870942868547,0.26028966104653783,8.223960706755417e-05,-3.1406304472537525,-0.0002657993576082214
10.853308200836182,0.9001129396850971,-0.9048457160356078,-14.891221856439262,-0.09221425104855747,-0.055931881175961345,-0.051446323031050435,-0.6773007017152317,0.0031399761771914642,0.26030589637239776,9.5286466840357e-05,-3.14055680280953,-0.0003293589541674307
10.863316774368286,0.38462236028704566,-1.1420728559165043,-14.713278545721698,-0.0818003989589348,-0.06834986182997861,-0.054041113033224425,-0.6772749519846286,0.003089919830105213,0.2602667948983734,0.00017901599226460287,-3.1406608380489516,-0.00028870446704623576
10.873223066329956,1.0586640924896558,-0.9252822877516969,-14.83734366821219,-0.08940479583593135,-0.05006994926462255,-0.05723097422266161,-0.6772818335421292,0.003134353618991988,0.2602673393311715,0.00011359836619340185,-3.140674158679862,-0.00030983849233610737
10.883215427398682,0.7846988796954844,-0.9663748400974499,-14.685995974211735,-0.08669289836304435,-0.05988116349209112,-0.05484643464187154,-0.6772808134643795,0.003131462743741687,0.2602538322754684,0.00013256158411322695,-3.140678169699881,-0.00030229539019009904
10.893229961395264,0.68300645147099,-1.1743785786305148,-14.92453550006168,-0.07846200196963338,-0.06105421298697727,-0.055681536681731245,-0.677281289267631,0.0031391729997681706,0.26027946377244937,7.000351188480242e-05,-3.1406089355852616,-0.00031765733726588503
10.90329623222351,0.7112064509387772,-1.152688014561345,-14.940216715979075,-0.08260733133844242,-0.05999738042582678,-0.05551220897385681,-0.6772936777494186,0.003113106158125745,0.26029309483498375,0.00010100923502544874,-3.140606181396295,-0.0002996699809856143
10.913228511810303,1.0239736192067799,-0.9358694222167022,-14.801838907558423,-0.08623428104328797,-0.047470441371657124,-0.057596463445660565,-0.6772881504585624,0.003123345752820423,0.26026326564709346,0.00015314594880987082,-3.1406250671495446,-0.0003055609062701954
10.923320531845093,0.6282110895114845,-1.1339357063736513,-14.936727806761054,-0.08002239742896029,-0.054235726577045285,-0.05543668833312489,-0.6772879231116437,0.0031196608528132217,0.26029279158910035,0.00014602290932365185,-3.1406065268391123,-0.00029953466652068273
10.933261394500732,0.4282472657517352,-1.3033916800392336,-14.846633405127541,-0.07949021191617218,-0.06307389420506265,-0.056423249564400174,-0.6773007564499918,0.003119623113708604,0.26026962824726957,9.359441920107075e-05,-3.1406302533560337,-0.0002849859501039192
10.943346500396729,1.0407114908852797,-1.0319791121529298,-14.798407865633298,-0.08581232665200475,-0.048163224555302885,-0.060011472209652805,-0.677274020251915,0.0031157158354776747,0.2602889894492304,0.0001191379307455157,-3.1406241242287773,-0.0003128387786856232
10.953463315963745,0.7519065180844702,-1.0259945372878019,-14.808950435667878,-0.08459551731620417,-0.05728519525085481,-0.055935720570371265,-0.6773041615577148,0.003157071492927385,0.2602595028486577,-2.091888474896309e-05,-3.140643291131834,-0.00038622081800713994
10.961217164993286,0.8466788752567291,-1.0626658978992514,-14.692718897854716,-0.07803669767768785,-0.05407470079166992,-0.05570991896345388,-0.6772824924062213,0.003145442429191592,0.2602756908834683,3.717306707941124e-05,-3.1406613683280997,-0.0002673870910520963
10.969253778457642,1.2149472376223316,-1.2208773595026383,-14.479460120289865,-0.0784930108756905,-0.04533086633575062,-0.05798609848043688,-0.6772815668715565,0.0031248800975624876,0.260279086274557,8.83860238105854e-05,-3.1406372237528264,-0.000346854107530225
10.979257106781006,0.5665148311764654,-1.1220907650560537,-14.73373953459777,-0.07878164803336547,-0.05543761695698035,-0.05726694044109853,-0.6772977076917824,0.0031123427481905244,0.2602840505856434,0.00012681504390615685,-3.140593989342105,-0.0004165389075429551
10.987248659133911,0.5863217581230901,-1.237755657396511,-14.89752458882664,-0.07819138546125144,-0.056934412644454355,-0.05520542306134377,-0.6772783310076572,0.003131865856263497,0.2602869653239383,0.00014597545452270738,-3.1406309752724684,-0.0002962268150250688
10.997222900390625,0.6557529134849468,-1.1626266077421814,-14.822185457150265,-0.07869796146526505,-0.05368263737630199,-0.053241837328328656,-0.677283807210888,0.003110526962081986,0.2602728192532324,0.0001272916899256621,-3.140646745727388,-0.00032925979737323844
11.007182359695435,1.2347933312877681,-1.203069913317365,-14.801570447091683,-0.07883374900810562,-0.04108344999500244,-0.06127088269559259,-0.6772830020460193,0.0031086086862006012,0.2603080723915753,6.706357468560798e-05,-3.1406142405548607,-0.0003116552075360813
11.015238523483276,0.6882481873319021,-1.4125222335000918,-14.925392852075094,-0.07224874232611486,-0.05081476309442675,-0.051258919846025215,-0.6772773570797789,0.0031478623563204466,0.26029726793393443,6.267685238781991e-05,-3.1406310711388845,-0.00033220095882839016
11.025240659713745,0.6700601190538669,-1.0896008729984799,-14.984897619433713,-0.08027467065770001,-0.04908966015912218,-0.054231119935390905,-0.6772750367390096,0.0031016484738373372,0.2602614871617415,0.00019101951386960844,-3.1406701744631853,-0.0003430092868646715
11.035278797149658,0.5236977187354702,-1.135092789590432,-14.935206974973353,-0.07941390266899512,-0.051345201877501474,-0.05160487007385816,-0.6772899354279707,0.0031368339731028157,0.2602845811009937,4.135059787639734e-06,-3.1406439827556913,-0.00024019604913072063
11.045218467712402,0.8115242889401203,-1.2118319991741442,-14.840061696080673,-0.08093974550415749,-0.045656644953926594,-0.05860210745620997,-0.6772789287077279,0.0031260825035325473,0.2602857039897563,0.0001070871226142578,-3.1406301028287467,-0.00033083747343793567
11.055319786071777,0.573679888427194,-1.5030435963237334,-14.883135900975217,-0.06821433310665012,-0.047841822108554186,-0.05666033490867887,-0.6772723787164437,0.0031231937939897227,0.26025482016840845,6.79260517313407e-05,-3.1407044251549943,-0.00028238392930404207
11.065304279327393,0.403322503349106,-1.3329710286226193,-14.68286843272404,-0.07264376815521353,-0.05458687293826246,-0.05120390626204392,-0.6772962954934143,0.00316384564070824,0.26027459302719147,-1.244441323702761e-06,-3.140607980861327,-0.0003112127671967227
11.073340892791748,0.38335931146969016,-1.215881353354383,-14.894767363491555,-0.07615807274943709,-0.05434464858007426,-0.05167636051923831,-0.6772893338835262,0.003113901944952307,0.26027800472314633,7.490939131177313e-05,-3.140628837511599,-0.0003243427079886044
11.081290006637573,0.5806055588541597,-1.2100084632768549,-14.85930455203664,-0.076150410711266,-0.04681244758136306,-0.05967788301944994,-0.6772950529082677,0.0031008838780824275,0.2602555913431302,0.00023644843545224473,-3.140674501376223,-0.00030971893468453914
11.091223001480103,0.6359949933206486,-1.536918029114896,-14.913209902326908,-0.07309558328735542,-0.04538387246551107,-0.05466739019710352,-0.6772764438972929,0.003131810918110797,0.2602879167794767,2.3293633573489048e-05,-3.1406261332799756,-0.00038477358422741713
11.101343631744385,0.4867640819495307,-1.359668529151066,-14.819983946217837,-0.07263466560866516,-0.04853982523902201,-0.057200586656468315,-0.6772736431399892,0.0031211454007149847,0.2602751312795627,0.00014613466969947984,-3.140642210813988,-0.0002664840375229347
11.111314058303833,0.502283031690321,-1.3792335886642464,-14.924821089915621,-0.07147917196297175,-0.04925618122950464,-0.05453412665085976,-0.6772941760191916,0.0031196625811153304,0.2602974118489256,0.00013209915567885357,-3.1406291146200416,-0.0003528285576421065
11.12121868133545,0.4670242390295607,-1.1193613257980273,-14.868867513358019,-0.07745203644006125,-0.049918318537207025,-0.054556270416143984,-0.6773053270702596,0.003103391433091415,0.260304630222901,0.00017264964783366424,-3.1405359753625137,-0.00036115133013745913
11.131327390670776,0.89071417451298,-1.2398766496467002,-14.895608811919972,-0.075233114573476,-0.0384211013116262,-0.057179820293730754,-0.6772921880706186,0.003147069535279175,0.26027949832105424,0.00010193266840214675,-3.140619419019518,-0.00036719039399716496
11.13925838470459,0.7411957419787507,-1.2970958624338524,-15.018012630800524,-0.07345556476766073,-0.047092290607825354,-0.06022408127252632,-0.6772766531043344,0.0031269721791763586,0.26026560067092375,8.258754762757241e-05,-3.1407106025655462,-0.00037151029730284307
11.149250745773315,0.43370427279424295,-1.2628928686207543,-14.913293008251737,-0.06979912986277372,-0.04350345788857758,-0.06390716050577873,-0.6772739142400975,0.0031424762547685287,0.2603128995065953,8.791253996473113e-05,-3.1406236879178375,-0.00026058466729504426
11.159292221069336,0.7848761719076923,-1.3022384902216395,-14.94132536407675,-0.07516686458658427,-0.04207472253639173,-0.05697857429662746,-0.6772774830850262,0.003133540075186327,0.2603074587814585,6.280025267189104e-05,-3.140604460734769,-0.00033384594861258934
11.167251348495483,0.8032290080935354,-1.280682728925413,-14.92817953007796,-0.07701200446566346,-0.03812978194800058,-0.06050012510767925,-0.6772863940216947,0.003115245846191926,0.2602741269471982,0.00011359746170668469,-3.140655654774169,-0.0002646066628283804
11.17518949508667,0.6181957744979879,-1.330424409738683,-15.119458411912833,-0.07477047624987096,-0.04576772977561982,-0.06135021268541607,-0.6772880994503013,0.0031136402605862912,0.26029139602885076,8.8045527361502e-05,-3.140632996118332,-0.0002765706415371539
11.185296058654785,0.8726309074591485,-1.395540338592049,-15.084293731245983,-0.07322009716247588,-0.04243956235057676,-0.05977465657715849,-0.6772819226738411,0.0031145066268616086,0.2602826601081324,9.462287731785288e-05,-3.140668469663766,-0.00029877494430629296
11.193186044692993,0.3109155268200213,-1.4059653515656483,-15.069149650532284,-0.07295819130465962,-0.05154164753853114,-0.05792738934996088,-0.6773057100488546,0.0031625589538855706,0.2602808379113556,0.00010277325336500408,-3.1405915668428093,-0.0003112910812465797
11.201244592666626,0.42961593600292386,-1.7058114121899575,-15.121781238878542,-0.06504964467142561,-0.05045508323388808,-0.05276473217276705,-0.6772907958033924,0.0031555085929438204,0.2602600132027727,3.077646814846961e-05,-3.140654503334984,-0.00035581596127798505
11.209219455718994,0.19020640468072864,-1.558487896425686,-15.079372886057612,-0.06817417418306891,-0.05280752122270589,-0.04994920487458719,-0.6772862722404882,0.003123774585675069,0.26026643787735315,0.00011244658907808977,-3.1406448375898823,-0.00034741250117790046
11.21725082397461,0.4277855840740865,-1.0622832369355306,-15.094107302058463,-0.08385704877237973,-0.047516633047850504,-0.054104538154431114,-0.6772911472447466,0.0031375724723092207,0.26027000404578604,5.6168786553354995e-05,-3.1406401918615323,-0.0002955106659511341
11.225204706192017,0.513237758777469,-1.354952946046865,-15.232477878086883,-0.07603663452458673,-0.04576499205165848,-0.05339863881281322,-0.6772865890599024,0.0031082747554075007,0.26026375521688155,0.00018419833777369533,-3.1406582981575393,-0.0003217268508866637
11.235236167907715,0.5590323434293887,-1.0690513276305396,-15.161798944244437,-0.07741872440640978,-0.04511536735218751,-0.05637323119595736,-0.6773033961082227,0.0031095484550861152,0.26027926582731215,9.466643171701636e-05,-3.1405868788982207,-0.00031030916193444734
11.243275880813599,0.8357793777569628,-1.2267840179144458,-14.983262691824752,-0.0778255465607412,-0.03705499423976432,-0.05461877347144649,-0.6772886788782985,0.003109162091930583,0.26026228869790463,9.418088383263553e-05,-3.140671245673817,-0.0003244616841750716
11.25126576423645,0.47346023571688534,-1.1222928363621198,-15.208520604803793,-0.0778738265159176,-0.04804170324667436,-0.058175853751077124,-0.6772883866149949,0.0031121835698484555,0.26025429103259096,2.3679127424907097e-05,-3.140693915520171,-0.0003247940669086651
11.259271144866943,0.45227466989281917,-1.1213307584037042,-14.991429382067924,-0.07679978234883468,-0.049233127992396215,-0.05619009361541654,-0.6772844139719947,0.0031044460557078943,0.26027740983827896,9.424104904059947e-05,-3.1406441291006457,-0.0002728263227247452
11.269282341003418,0.5683405269105356,-1.609296972851571,-15.270854956145966,-0.07062803426668224,-0.04410963401226768,-0.05876498667605976,-0.6772891724153111,0.0031218906324530973,0.2603408220310507,6.850214640830336e-05,-3.1405002287995596,-0.00035514444971992596
11.279194116592407,0.4864932501318979,-1.4936578430263563,-15.220648955420621,-0.06680765260382732,-0.04890342559787699,-0.04585999342481244,-0.6772783697186542,0.003101959093399984,0.26028609113338175,0.0001079013730679087,-3.1406239682963215,-0.0003059885130499203
11.289357900619507,0.5067646590680606,-1.5193176895556237,-15.093069638637376,-0.06807194952141798,-0.050015680570535334,-0.05708812822543307,-0.6772983800867407,0.0031259616979758243,0.2603318927560305,4.3393781769465626e-05,-3.1405351160627353,-0.00034178531721107235
11.297225713729858,0.6853344149070046,-1.2558537096906597,-14.968803068010693,-0.07399421748455776,-0.04647221292023881,-0.061000676376636045,-0.677294047196868,0.0031380816765746826,0.2602987240217977,3.747738325034154e-05,-3.1405858547785304,-0.00026572645642729546
11.307278394699097,0.6941183893184453,-1.2334960481522856,-14.977944268528917,-0.07619843074990175,-0.037632101956575105,-0.05974116362698227,-0.6772732133000999,0.003123206940789924,0.26027244724645704,9.503814937117302e-05,-3.1406625093176674,-0.0002936034809828608
11.317290544509888,0.47349205447926307,-1.23980161675317,-14.985347128674947,-0.07421041978679055,-0.047182420614619545,-0.050619430505683766,-0.6772809184749671,0.0031033892531292743,0.26031414926236085,0.00015855823399490458,-3.140597996089473,-0.00037417460931761536
11.325258255004883,0.4337664185367889,-1.5717380976209894,-14.958742317609577,-0.07193624898996095,-0.047584421237284055,-0.053711875752079724,-0.6773054100941995,0.003123130691860788,0.260289999368082,0.00010767099823637952,-3.140543403033991,-0.0002723353787281458
11.333265781402588,0.5614579175339445,-1.3944108786932439,-15.097108274100586,-0.07722115582209685,-0.043581845785593175,-0.05736594077379816,-0.6772874564179545,0.003110535624031382,0.26025824382908624,0.00011457144833695275,-3.1406669300516965,-0.00035175656500564307
11.34125018119812,0.5970532669838008,-1.5415856398246348,-15.132307473524527,-0.07101840458961706,-0.04165647295441559,-0.05275289254917058,-0.6772802433516723,0.00313947502704084,0.26027334984164446,8.796474567490327e-05,-3.1406794821640167,-0.0003020890948078023
11.349225759506226,0.4162469585409922,-1.3995279444387279,-15.05970581799483,-0.07300601333315274,-0.05083477427103575,-0.05245113457488684,-0.6772786342665995,0.0031183611195647228,0.2602563518571938,0.00015812842446039075,-3.14066705122596,-0.00027983646794617394
11.357285261154175,0.48761926129273714,-1.507013614479014,-15.128489423617353,-0.07032279334958365,-0.048385733903025134,-0.055904441173179026,-0.6772766881684833,0.0031532311576210974,0.26026203442502455,3.8730316484602404e-05,-3.1406862845141608,-0.00027380249545573906
11.365326881408691,0.5359357111594151,-1.2997069555101215,-14.940893072737635,-0.07373879533937083,-0.04310296410812739,-0.059039526080037694,-0.6772807026044109,0.0031475120659541114,0.2602521229944105,-8.24219905842935e-06,-3.140681159818024,-0.00025393526481776353
11.373284339904785,0.6574814676929707,-1.3201461810760629,-15.018123306425432,-0.07172441075180538,-0.04813149166878216,-0.05547390017305542,-0.6772878870085182,0.0031043606857426077,0.26027794347600963,8.223031195994653e-05,-3.1405828824754187,-0.00028082435840676915
11.383272171020508,0.6405075334160532,-1.4640392329873162,-15.037829109273963,-0.0693613351874446,-0.04699511705709157,-0.055010175659525,-0.6772873177107783,0.003094180533543065,0.2603052478655068,0.00015348000519804677,-3.140589307690714,-0.0003027778161300532
11.391237020492554,0.78418070503369,-1.1363943252010607,-15.107865229767695,-0.08154296536876902,-0.04316972377137622,-0.06132673587357612,-0.6772855819554604,0.0031458907249183703,0.2603008297106292,3.5796244200855515e-05,-3.1406108911800716,-0.00036238898332505
11.399245262145996,0.5275902862265802,-1.002622659646881,-15.007092855026508,-0.08499406235905617,-0.05014151760423617,-0.059974236880396624,-0.6772890115562685,0.0031113650984090865,0.26027697039371517,0.00012058083710386481,-3.1406295452513424,-0.0002851622178739003
11.407231569290161,0.7822459575462061,-1.1110064957720662,-15.078754299910369,-0.07702980135612118,-0.04411441433753432,-0.05824343736797137,-0.6772752915356643,0.00310395165986519,0.26030708896744037,0.00015870366219816368,-3.1406039393424257,-0.0003538205882269054
11.415238380432129,0.9538981504740588,-1.0573519874061745,-14.9944042818397,-0.08316199684198793,-0.04623392050401183,-0.0556355271319704,-0.6772813053442501,0.003142722040099244,0.2602813025636482,6.455224966143156e-05,-3.140623092471888,-0.00033305504250050026
11.423241138458252,0.7859901441386213,-1.2079323910425774,-14.92314103007577,-0.07893796339166466,-0.056285422970199325,-0.05671635589272668,-0.6772824644144276,0.0031099953486611828,0.26024806731088856,0.0001393663965418013,-3.1406791583514444,-0.00026904200058133136
11.431236028671265,0.9149547892608716,-1.3093678799891428,-14.946691811265621,-0.0714603636705889,-0.05120123761949402,-0.05430186063325063,-0.6772889158179565,0.003144724998585372,0.26027162782922647,3.7723937552797765e-05,-3.1406184216858484,-0.00029554211557380827
11.439239025115967,0.7133637511401623,-1.1279289928103184,-14.94821209241011,-0.07853587692243288,-0.06359643285687629,-0.059856781031075064,-0.6772973901349448,0.003142126491367945,0.26028841867351327,4.262433535455697e-05,-3.140608347753138,-0.0003112325857097937
11.44723916053772,0.6827742120980898,-1.4461002374035001,-15.271023369101105,-0.07714982323890913,-0.06873047952462008,-0.047315772898836525,-0.6772788229035525,0.003135956570942048,0.26028123775417344,6.135640478062998e-05,-3.1406425422569186,-0.0003451755924668504
11.457353115081787,0.630440491255328,-1.751903086323208,-15.1226133830204,-0.06543646534080348,-0.07721372776171778,-0.04949275172587751,-0.6772829184590096,0.003130543552441595,0.26028415858289455,5.6220985827466874e-05,-3.140622502926005,-0.00029888345993925054
11.465246200561523,0.7098879929882144,-1.2145891181207789,-15.145409207911998,-0.08269927555827375,-0.08353571174410952,-0.05575661627915722,-0.6772852842629579,0.003106259161145369,0.26031340048336715,9.363820374827719e-05,-3.1405760976870636,-0.00036661568281318743
11.47332501411438,0.9417594115782075,-1.3431093778320906,-15.23606700149109,-0.07776809580940347,-0.07913194154618614,-0.058977614963086775,-0.6772950833916596,0.003120471658927369,0.2602849463634645,0.00017197207568602122,-3.1405757792165976,-0.0003810907244983234
11.483241081237793,0.8961492379432013,-1.4809261801408014,-15.202587706881541,-0.07612708100667887,-0.08811562956794627,-0.05336736021245065,-0.6772897665355779,0.0031200197573462017,0.26031958327092014,8.33428935243201e-05,-3.1405456549912714,-0.000364955861825992
11.493234395980835,0.9817389362609882,-1.3500607544217007,-15.133872038701739,-0.078728665823676,-0.09278989873530903,-0.05893448718156525,-0.6772816370712789,0.0031163240596325755,0.26025143326072775,0.00011281963206086508,-3.140643195238965,-0.0002919357184096731
11.501221895217896,1.1225446700205066,-1.2342437477509889,-15.024598085153102,-0.08747535057811828,-0.09320136119890991,-0.05749709298653359,-0.6772926877777781,0.0031174622284800427,0.26024855340812764,0.00012054480456014257,-3.140674076494333,-0.00026313653068431347
11.511291027069092,1.276543668780959,-1.2149674677697495,-15.127492561790216,-0.08362213350875401,-0.09432515437202768,-0.059775284891865135,-0.6773015680555653,0.0031491107343998817,0.2602845036750395,4.3394835236503046e-05,-3.140552056730165,-0.0003810429377603236
11.519281148910522,1.3933558568155715,-1.0341693595596122,-15.095289947654628,-0.0882624403849842,-0.09519391324757832,-0.060642383619809795,-0.6772819000009251,0.0031553784778843214,0.2602736891338212,1.759333118486306e-05,-3.14061869506854,-0.00034889089267436593
11.527246236801147,0.5474112108864055,-1.5519384400929706,-15.13457541957582,-0.07702856244605351,-0.11785457873472335,-0.05203808227705212,-0.6772980293740416,0.0031487463074744973,0.2602593126304975,1.2289956033680224e-05,-3.1406254859223584,-0.0002810350057424013
11.537245750427246,1.2210337353795386,-1.417334689241591,-15.028616740636457,-0.0806411139435111,-0.10159618976650227,-0.052340392288439855,-0.6772923162422358,0.0031414981413348197,0.2602655407076282,8.210030141136802e-05,-3.1406078871376266,-0.0002728936079041253
11.547217845916748,1.357237355495435,-1.3153946967895138,-15.046728279434639,-0.0800144098275492,-0.09923451975073846,-0.053645173780011365,-0.6772996802267828,0.0031278730064927497,0.26031397977000403,7.530328161157368e-05,-3.1405279595617146,-0.0003706240165157851
11.557198524475098,1.4500929888113017,-1.4320916506421706,-15.019251905940397,-0.08136669936753652,-0.10200178925830969,-0.05829129748152849,-0.6772764132058494,0.0031074558086201503,0.26026298271651527,0.00019778926799269637,-3.1406655491260653,-0.00038577349425853515
11.565320491790771,0.989426020439921,-1.455239013853961,-15.132615813503033,-0.07740766763827837,-0.11346884138420064,-0.05275084813238411,-0.6772801272410935,0.0031166284191199555,0.26026652926378974,0.00017160950445631535,-3.140653175425034,-0.0003897850857847718
11.575230360031128,1.2980251616441387,-1.1510130788221495,-14.994112753969807,-0.08533418332624379,-0.11025188531018557,-0.055445554190139815,-0.6772964878667164,0.003113287495989979,0.2602910641933843,0.00021638829547302656,-3.1406046639568124,-0.0003857688323202993
11.585220575332642,0.8190493308304977,-1.2004914812192027,-14.922606732049207,-0.08684245904947886,-0.11940341670316842,-0.05421484579622615,-0.6772924652406095,0.003111924347505566,0.260268179193674,0.00015913198104214782,-3.140613288800274,-0.00032923285035518605
11.595281839370728,1.2338110099516815,-1.4691372592481147,-15.085621079691702,-0.07793245154705493,-0.11182319941042239,-0.05548573160085686,-0.6772952810723709,0.0031096481731302692,0.2603055023997417,6.900890668301224e-05,-3.140511868928227,-0.00036331126800563716
11.603189945220947,1.3056833218591892,-1.3952043882166711,-15.051543331000522,-0.07923494039994097,-0.11240419257114151,-0.05487593130824946,-0.677304059192048,0.0031606583455414516,0.26028750317589244,3.1064110211694256e-05,-3.1405715231019102,-0.0003749527655497991
11.61327838897705,1.2363317514373764,-1.05242432803949,-15.011257568177108,-0.08555704039723629,-0.1138982364970741,-0.05949078741065657,-0.6772904433019669,0.0031162328173958936,0.2602831681028114,0.00015265644382469096,-3.1406284036089547,-0.00031160774794632026
11.623220443725586,1.5652861527197395,-1.3929851228466676,-15.019835677380748,-0.08157420714102315,-0.10738690362916274,-0.05755587132884246,-0.6772793627693023,0.003136683267418639,0.26026631106273024,0.00010072317710643884,-3.1406316793752,-0.00032327201415327473
11.631200075149536,1.1441235194808241,-1.3364460012880537,-15.087831650877126,-0.08494101539803872,-0.1197431609106565,-0.05210577734683105,-0.6772851809048908,0.0031416898009226277,0.2602835728170728,0.00010582456443733011,-3.1406082401020554,-0.00034472461810804953
11.641239166259766,1.5007606356871004,-1.3532151053489696,-14.847619958281495,-0.08399705108768983,-0.11052378220859539,-0.057566023335626264,-0.6772910806285879,0.0031349709337335227,0.26028881088012157,0.00012077392006900722,-3.14059154280433,-0.00027068990690850306
11.651277542114258,1.6200076313935234,-1.3194608688296683,-15.007235174162336,-0.08210716146234978,-0.10705769303235894,-0.05930931367558423,-0.6772879288964099,0.0031336624858127977,0.2602868040250901,0.00010758108944690443,-3.140581208449955,-0.00039153599653394226
11.66129183769226,1.2979936339246396,-1.158631711125002,-14.991279339029484,-0.09279734386058894,-0.11728503959567708,-0.052086165108430706,-0.6772965837966691,0.00311784023926011,0.2602942431887963,0.00010791986974042347,-3.140530307935086,-0.00034975756351860685
11.669230222702026,1.3901954497424547,-1.206735340404719,-14.971914131159615,-0.08509084760947852,-0.11291599195098839,-0.06068400481169327,-0.6772937248388415,0.0031371759215023205,0.2603143671154351,0.00010094235719470448,-3.1405179591940673,-0.00032107072033505036
11.677238464355469,1.1090139079953216,-1.308043065613034,-15.052800550143644,-0.08492763726824676,-0.12131495568947187,-0.0486274964357276,-0.6772788761244674,0.0031025317393685477,0.2602570874073145,0.00014024151495922109,-3.1406579191182904,-0.00025672650416737683
11.685224056243896,1.403785915214302,-1.528250612029229,-15.057290269257447,-0.07892890713923834,-0.11540078352157002,-0.05410955104803489,-0.6772915481187942,0.003134905238458888,0.26027001328047333,8.877483118909887e-05,-3.14061158541632,-0.0003893858609748734
11.693237543106079,1.4116886107833277,-1.2766752110697197,-14.924359188347303,-0.08154810875230857,-0.11520754508076768,-0.05349736317098174,-0.6772892165485342,0.0031133617025746346,0.2602994573015821,0.0001074480966483964,-3.1405651408862925,-0.0002913235281284632
11.7012357711792,1.5938057777208647,-1.2282143764139053,-15.07101858391207,-0.08710888233149731,-0.11137045667747099,-0.05990316450116952,-0.677300720491469,0.00315377197395932,0.26028549304541465,3.77132733626934e-05,-3.1405835207119974,-0.00031913429167609565
11.70922565460205,1.397495520293305,-1.3215013987584727,-14.814366828870504,-0.08111299148484175,-0.11219194752088862,-0.06149745096399692,-0.6772839558955123,0.0031438201164400866,0.2602650575042013,8.79134653303369e-05,-3.140574669537243,-0.0003024404071426158
11.717236518859863,1.1577011336382372,-1.3674968427019256,-15.11912249323479,-0.08462231351164567,-0.12253796676247741,-0.05336354122039338,-0.677282318334509,0.0031145788754322755,0.2603093256510531,0.00016484763623089805,-3.140576729261659,-0.00028313603117158205
11.725241422653198,1.0649513436831657,-1.6843987675541419,-15.078595118342971,-0.07492021609343137,-0.12439423247936796,-0.05705000714295207,-0.6772810760486714,0.003116415888889273,0.2602927409964946,0.00010073173456014624,-3.1405868694005976,-0.0003591345228734217
11.733232259750366,1.0523874643324933,-1.3196985779340573,-15.166131876573894,-0.08270787968383371,-0.12463963981880676,-0.05369240421155545,-0.677301740100883,0.0031151474433060425,0.2602771163122204,0.00010776059277164428,-3.1405622644492652,-0.0002799003731260897
11.74123215675354,1.2172843896051304,-1.2856806427220502,-14.963918613603335,-0.08753928445013538,-0.12057472463388591,-0.04631659270620209,-0.6772823879680181,0.0031272429145511654,0.2602662947303906,0.00011273711758230956,-3.140622266039154,-0.0002491209173459786
11.749228715896606,1.4792766168378935,-1.4035571331416772,-15.017534899021722,-0.08389105882522388,-0.11907299752015217,-0.05362968624075681,-0.677293185461745,0.003154731413441921,0.2603176973592684,-2.0221460680269267e-05,-3.1405031366147984,-0.00033953075008178585
11.757220983505249,1.5348458030279621,-1.2370883386095746,-15.001627021140314,-0.08886262867520722,-0.11529945150495619,-0.0601450292070737,-0.6772988796653063,0.003110439955573558,0.2602794492991418,0.00012789334640745466,-3.140569441884036,-0.00030435392398370025
11.765249490737915,1.3396859403194505,-1.3874782367675096,-14.906182644844554,-0.08413253225874466,-0.12742235227946483,-0.05719886558872712,-0.6772847964170187,0.0031317487880680394,0.26027852931224216,9.563009155311966e-05,-3.140595258289189,-0.00036708396082269396
11.77322268486023,1.8154837468772718,-1.393597986230644,-15.005859637233534,-0.08787151444724711,-0.11421532979291915,-0.06058496579114648,-0.6772795296512717,0.0031480902822902403,0.2602967215710501,3.788954437636106e-05,-3.1405789924716845,-0.0003922609684649951
11.781219482421875,1.6257879917950686,-1.21375449251802,-14.967307092068026,-0.08932212122317044,-0.12060259205648748,-0.05049653841188476,-0.6772920513898703,0.0031396981956406467,0.26025988650601245,3.159661052683636e-05,-3.140586120816982,-0.0002987968118456731
11.791286945343018,1.4722747771334856,-1.3137986937804198,-15.048716444503999,-0.0881031765201494,-0.12434670539125241,-0.05593010094027239,-0.6772985194381892,0.0031343324943703503,0.26028189532302365,0.00015336290347681773,-3.1405661587984692,-0.00033681004903551935
11.801222324371338,1.3244371949699674,-1.238170197948671,-14.939152110445692,-0.08992313419834493,-0.12745532725126274,-0.05640009513980539,-0.6772960521897214,0.003109021976774688,0.2602811299794369,0.00019083400065965874,-3.140567914226433,-0.0003377019154795067
11.809203863143921,1.5763940910995107,-1.703079189006094,-15.121522051434795,-0.07917663763368497,-0.12168710556860331,-0.05265030860285385,-0.6772941302145208,0.003082000542217205,0.2602728312743334,0.00020329908022640646,-3.1406030720636258,-0.00029353426707264414
11.817229270935059,1.3678118654073226,-1.4907751016166588,-15.046537015921567,-0.08758793251868056,-0.12780502689817966,-0.05429793875418425,-0.6772970795372599,0.0031204067910343687,0.2602650484784769,0.00014644212465301842,-3.1406113206390365,-0.0003619672198799801
11.827274560928345,1.4612060845656358,-1.4035324623499015,-14.978273032875883,-0.08692111416434116,-0.12965184749100497,-0.053802489847817755,-0.6773036527385474,0.00313277083464909,0.2603113861528535,0.0001677858651515738,-3.1404999860668026,-0.0004444957946958998
11.837242841720581,1.6515708361684722,-1.702127001674876,-15.04139577147333,-0.08005304613826893,-0.12577574379504922,-0.056594678962245494,-0.6772867901686959,0.0031144605261338295,0.26026718199880683,0.00015198695044205,-3.140593562348211,-0.0003079205678750256
11.847296714782715,1.6015918390917006,-1.4902523428391439,-14.8951916785261,-0.08890817645656025,-0.13349753635250214,-0.05691139638911254,-0.6772818659029812,0.0031612510118290116,0.2602596589564134,7.646616444624175e-05,-3.1406640043014926,-0.0003451008086847179
11.855285167694092,1.9606839684190618,-1.3744817114883017,-14.98854254945946,-0.09442754744404225,-0.12191599509750393,-0.05606285961651558,-0.6772922290432567,0.003104814238176209,0.2602846373724495,0.00010808197194501878,-3.1405962331654593,-0.00031491938525008193
11.863321781158447,1.619967511129852,-1.557180241355226,-15.147552376451724,-0.08912119610440948,-0.13130900198842002,-0.05049564466029041,-0.6772785746689101,0.0031195002653345424,0.2602628512940807,0.00013274961294817603,-3.1406531255306693,-0.00034848196454558087
11.873299837112427,1.3516483701010038,-1.523753076654839,-14.984459274026046,-0.08934436388713385,-0.13888696262170477,-0.05717521435629166,-0.677288521633031,0.003147462047620159,0.2602762088631394,8.27262765864692e-05,-3.1405472685972917,-0.00031818484698289365
11.883229494094849,1.6421386969033998,-1.3898545804078464,-15.013989304202633,-0.09346756749820442,-0.1318991448890622,-0.06121711940347862,-0.677301169176057,0.0031693560209511006,0.2602729634785025,4.342069089956614e-05,-3.1405700571967987,-0.0003951130440024841
11.893261194229126,1.6709241170045472,-1.687183904617135,-14.99364469315325,-0.08382769108741572,-0.13374851686809466,-0.057340457256315425,-0.6772990434432232,0.0031137107813058655,0.2602406102737756,7.559142564385137e-05,-3.1406200060478833,-0.00020155128610154259
11.90125584602356,1.197414334305464,-1.6510327988917688,-15.143268903419902,-0.08563792299110068,-0.14505791347367394,-0.047592545711760914,-0.6772951688104261,0.003130515794703365,0.2602697280371708,0.00013341790263910353,-3.1405701013822505,-0.00036821376077045146
11.909271955490112,1.4569745906318472,-1.6098887286253756,-14.990916714542497,-0.09113111518662988,-0.1420066275203192,-0.05623399481298652,-0.6772897593779301,0.0031570211272863575,0.26029235483583174,7.516914691524841e-05,-3.140585373901938,-0.0003597838755742464
11.917193412780762,1.5336204505640298,-1.415059369516723,-14.911715417985274,-0.09269222887130651,-0.14289210253107856,-0.0590735935709622,-0.6772886320043451,0.0031136677734732413,0.26026355523108835,0.00012619880370197024,-3.140622209365845,-0.000279703630401952
11.92732548713684,1.5444288273912063,-1.4386976874297774,-15.016472738996507,-0.09639894408401557,-0.1468907380582159,-0.05806166755069192,-0.6772949624134199,0.0031378582348960877,0.2602564817423763,0.00017955538099885372,-3.14061388351866,-0.00034276204963048964
11.93522047996521,1.526704480938102,-1.445163328948161,-15.129770350160488,-0.09485040125315933,-0.14712270238746847,-0.06293709979825314,-0.6772914590574801,0.003128360512434151,0.2602930679138671,8.728520955509241e-05,-3.140572499070891,-0.00038063170925578093
11.945253849029541,1.70130184103672,-1.395353571106827,-15.157405481206434,-0.0966470083706538,-0.14313207388146784,-0.051698600133891985,-0.6772884462860375,0.0031195031911924317,0.260321004179804,6.253598752271673e-05,-3.140531968252161,-0.0003555356427945699
11.955196380615234,2.0281668248974816,-1.6139944859348907,-15.187958216769172,-0.08990317177444279,-0.13401047683280032,-0.05798099515774797,-0.6772743986670718,0.0031323420836135664,0.2602705706838556,3.795900470810755e-05,-3.140619814377359,-0.00032087730810567206
11.965383291244507,1.5465707668901163,-1.4149529593235115,-15.183529147330242,-0.09299991294809497,-0.14225311272407432,-0.04792044444582982,-0.6772951545843899,0.003104904735224486,0.2602836397020025,0.00017126727053245704,-3.1405716837118898,-0.00031511700940804705
11.973271608352661,1.7569767763277906,-1.5846028117810145,-15.133885336471712,-0.09006219285438599,-0.14319116291756748,-0.05436569153670814,-0.6772832866915657,0.003128520102795651,0.26028920888218654,3.579591619775094e-05,-3.1405742917560806,-0.00037379639959146243
11.983216524124146,1.8126148135697537,-1.5035391490798242,-14.914416350988231,-0.09426146478368111,-0.1429626612737407,-0.05332083356392695,-0.6772940537947849,0.0031417693041127836,0.2602604529838589,0.00011987385513331784,-3.140590057499932,-0.000323597726426673
11.991228342056274,1.5907708809911276,-1.6218713294384315,-15.148197376537418,-0.09115440725062728,-0.14830724015175512,-0.05046283628390582,-0.6772818372879891,0.003109747745824834,0.2602624233604905,0.00021019446720253615,-3.140625718130452,-0.00037173051459723437
11.999236345291138,1.7290019792988398,-1.768100305708974,-15.000747621406363,-0.08972645877898557,-0.1450941346544323,-0.051525869175699394,-0.677299445642107,0.003141803248134259,0.2602715781743511,9.410786406350618e-05,-3.1405927437098056,-0.00039700871057091164
12.009222030639648,1.8640087294219305,-1.3461986763753662,-14.937733228012975,-0.0989053980611034,-0.1435682255651322,-0.05652583623059233,-0.6772923895183497,0.0031258529573978213,0.26027993789471515,9.612100273330773e-05,-3.1405448693184654,-0.0003579358088105541
12.019222021102905,1.7877581408991539,-1.2954791501647178,-14.955332267483348,-0.09788719005107953,-0.1462742064222149,-0.056407643356312404,-0.6772888343562717,0.00310773006910967,0.26024799545384175,0.00019173041847442672,-3.1406189081770997,-0.00031955365480016535
12.027236938476562,1.726135269132964,-1.5304083927825507,-14.906450176303032,-0.09436387434783497,-0.14751092428650617,-0.05499006742415207,-0.6772903718536898,0.003128611568840973,0.2602844433945426,0.00011985539201853384,-3.140557618688022,-0.00035776129637846507
12.035254001617432,1.717275123635089,-1.9022207374456965,-15.161559002176103,-0.08760773381327522,-0.14865225433581783,-0.05254581406944387,-0.6772830850668917,0.0031198531992490232,0.26024569387591245,7.692430727629944e-05,-3.1406458767120284,-0.00026047202272242484
12.043241024017334,2.0242855114558544,-1.3726019625256338,-14.93894060548693,-0.09806728727854305,-0.14270421775651462,-0.05766527278286775,-0.6772756497913845,0.0031263844560197786,0.2602698001221413,0.00013333348432574446,-3.1405952408553968,-0.00026683486769605886
12.051245927810669,1.4487114544062212,-1.2691912936207477,-14.99147087104408,-0.10115580972353842,-0.1589887143061924,-0.05915943750202629,-0.6773024144468995,0.00311984356572872,0.2602862412976402,0.00012839508808383618,-3.1405169626711125,-0.00036696219801110103
12.061225652694702,2.1647237315061445,-1.339245692700625,-15.001447582146294,-0.09922687269956841,-0.1368216091185018,-0.05897660692283234,-0.6772732738810365,0.0031164553596662817,0.2602629365415067,0.0001260784975785273,-3.140652475280399,-0.00031806749947684964
12.07126784324646,1.8749119020267977,-1.659330005348031,-14.995017531693787,-0.09284377926114426,-0.14936591048900272,-0.06171520382792058,-0.6772848638013009,0.0031483321119839002,0.2602645227709443,1.235871131277604e-05,-3.1406284555543187,-0.000316677569467517
12.07921576499939,1.803287795323703,-1.4855061472795512,-14.90554017244225,-0.09814539531437111,-0.15178665226073673,-0.057877793379144754,-0.6772899357783738,0.0031003583388617352,0.2603039547445725,0.00013370356733524187,-3.1405572907224224,-0.00039238716089233977
12.087235450744629,1.8943478247155607,-1.6275143617460315,-14.972661747261494,-0.09356954173258097,-0.14945682354161435,-0.056564981132742255,-0.677300499168215,0.003116491167270011,0.26029093598245795,0.00022214114484491975,-3.1405579452267505,-0.00034716583656570644
12.097229480743408,2.161960046193948,-1.4271537732559623,-15.004647788603803,-0.10030952799621987,-0.1448585996247709,-0.06953821880416647,-0.6772841975661024,0.003127098054466707,0.2602281101576145,7.551854111874453e-05,-3.1406689997376493,-0.00031790060767854163
12.107268571853638,1.9197738789428358,-1.48058162312077,-15.011231490296788,-0.09646922930853728,-0.15018106674259415,-0.054015989409337536,-0.6772794665357567,0.0031285556528084543,0.2602890551308183,6.916458239944598e-05,-3.140544711473345,-0.00035106986101237026
12.117188930511475,1.8959378024437004,-1.6494357285767138,-15.107171549730506,-0.09184613969560566,-0.15382098386293566,-0.05981434774033251,-0.6772887215461054,0.0031265134583471515,0.2602454882698321,0.00013834956254773345,-3.140639110002267,-0.0002932757579426368
12.127264022827148,1.8759679209803943,-1.6315465210926443,-15.180541719585683,-0.09468059292499216,-0.15054860795076055,-0.05488446256969327,-0.6772817844079382,0.0031180287142410406,0.2602650591039674,0.00015193617851601247,-3.140609875687365,-0.0003752466443576001
12.135288000106812,1.9695814301751522,-1.438900337428079,-15.100068162578419,-0.09946793421760051,-0.1517580925050364,-0.049586368844868466,-0.6772941786994191,0.003141764413763781,0.2603301722634195,8.907148607407563e-05,-3.14048585500835,-0.0004024747011399272
12.145195960998535,1.7252834606051155,-1.4647923716190847,-15.065697274621698,-0.09661530104187,-0.15925761338505356,-0.05994094197362029,-0.6772844497933772,0.0031264895324913085,0.2602831365359432,0.0001317129172589486,-3.140577093358898,-0.0003728974560377006
12.15516185760498,1.9384309525293106,-1.4983934485304329,-15.003524857611461,-0.09896888198499657,-0.15055846106365675,-0.055304172010824534,-0.677293783889261,0.0031256863708846233,0.2602831277683225,7.717952286132722e-05,-3.1405531864384977,-0.00030186933621085356
12.163220167160034,1.9605257367289133,-1.4734349039219001,-14.882602061998902,-0.09970915504020401,-0.15392662360101483,-0.061591606476057895,-0.6772852483094298,0.0031090587280717817,0.2602713967265764,0.00017163238598636043,-3.140576861609988,-0.00036594995936104017
12.171250343322754,1.6098006454919083,-1.4275578040637953,-14.861024671992062,-0.10269540414625082,-0.16588336459819872,-0.05641502434847353,-0.6773071898061405,0.0031215853294243863,0.2602742083615898,0.00012669326518491208,-3.140545633182229,-0.0003234176875979577
12.179196834564209,2.025830429786758,-1.5422648023812089,-14.950002330383887,-0.09680825346907646,-0.15714942511914376,-0.05666812486882158,-0.6772811110829284,0.0031334240538592314,0.2603069349091728,0.00011992695564370317,-3.140526549279269,-0.00038229347271775965
12.189190864562988,1.9285175661758511,-1.5360138800082817,-14.892533041255405,-0.09792982991136141,-0.15610503256865688,-0.061688875782753866,-0.6772884129276852,0.003107309655616519,0.26026917913978775,9.603017595385076e-05,-3.140571698483825,-0.0002888753964583007
12.199322938919067,1.9954641666484298,-1.4987628018992274,-14.932941730995667,-0.09617319179158552,-0.1562131427314192,-0.05517816185343242,-0.6772906291194518,0.0031448190238200988,0.2602807419838471,0.00012682591434773943,-3.1405448173236032,-0.0003518974688925523
12.207199335098267,2.103966093976312,-1.6057084648300932,-14.90949792629988,-0.09514830889745696,-0.15307634736318554,-0.0632349508334768,-0.6772891506425478,0.003092628096505681,0.260282048229538,0.00021730142131044293,-3.1405532660814095,-0.00032086855803595916
12.217212438583374,1.9031337752808195,-1.7046202556403065,-14.990886915239352,-0.09725237892226275,-0.15972537590305053,-0.053439275146171465,-0.6772999020019689,0.0031456145039654364,0.26030094625176103,0.00010920551539990923,-3.140529994329859,-0.000302682104497034
12.227198123931885,1.9022595398350655,-1.3882954851778007,-14.828604088302404,-0.09737180630347246,-0.16105710193602124,-0.05482523500299765,-0.6772912509429632,0.0031276258643311828,0.26026843968351665,3.081241259655754e-05,-3.140575326698634,-0.0002877633207252633
12.237165927886963,2.120610110051707,-1.180913079174233,-14.771200036599407,-0.1078485884086981,-0.1567395502219321,-0.06574202203888421,-0.6772900388570559,0.0031211691005778724,0.2602567419959054,0.00014201418867777432,-3.140567664460936,-0.0003305752316541912
12.247186183929443,1.7210795541555541,-1.7332613724582413,-14.984796960342251,-0.09037791516233855,-0.1647866183930422,-0.054053250802758045,-0.6773013256024314,0.003134681987673948,0.2602640018794268,0.0001335980813156891,-3.140558242656954,-0.00037198565628343664
12.257221221923828,1.7424139959420157,-1.406454527266478,-14.875327841689272,-0.10038744839910771,-0.16438860086381138,-0.05299188386227505,-0.6772791300757929,0.0031179406224337344,0.26026470188752643,0.00010798217675686812,-3.14059443228657,-0.0003418960683276769
12.267250299453735,2.0223274544601533,-1.4021023267883364,-15.042755773128876,-0.10019727498677403,-0.15594352265166572,-0.05913391337701956,-0.6772951971944337,0.003126765692502488,0.2602863707347995,0.0001519600252716829,-3.1405542466549576,-0.00031384815366255234
12.277220249176025,2.1075170598547412,-1.6310822607559325,-14.8831764721445,-0.0996551593088502,-0.1577306910934896,-0.056829480223560665,-0.677302248781533,0.003128223302038818,0.26026699506749684,0.00011978910231219925,-3.140575671163437,-0.0003068980816528672
12.28727650642395,1.943171111766816,-1.6130747831011147,-14.95809020128477,-0.09568589593317109,-0.16147204328918946,-0.05691076637762559,-0.6772763194442464,0.0031514860149716014,0.26024661293289586,0.00012149663763620079,-3.1406250301545735,-0.000350381460413038
12.297280073165894,1.7756559900062299,-1.588888702274621,-14.879719865677773,-0.09645714675204432,-0.16956308337230133,-0.05364629954652372,-0.6772951550770699,0.0031140560922887054,0.2602973864947123,0.00013917282879257704,-3.1405433162014025,-0.0003769775253296952
12.305260419845581,1.8125579180750084,-1.508337989903683,-14.952405905992903,-0.10063453572456078,-0.1673519612641561,-0.05241459004986427,-0.6772990757162093,0.0031169838286545268,0.2603140529400483,0.00014553881932517394,-3.140480122866081,-0.0003445495458192349
12.315203189849854,2.218257030554211,-1.5516764588598069,-14.917313840591458,-0.09618111526948546,-0.15608621700304157,-0.05528112134541078,-0.6772813151803339,0.0031240199379038397,0.26024795962157926,9.435063965700788e-05,-3.140629476431928,-0.0002916696609526267
12.325231075286865,1.9115971497021367,-1.493995067801409,-14.762236326092138,-0.1043635048643181,-0.1658159292681805,-0.06459478254016177,-0.6772803143722465,0.0031413529927091497,0.2602352385335714,3.660940352703653e-05,-3.1406604182841837,-0.00033900794530392374
12.33528447151184,2.0117355255851055,-1.4233229002404453,-14.872385040702449,-0.09706687190164438,-0.16619580803130957,-0.05376797849364442,-0.6773095307482518,0.003119624860767627,0.26034097843708737,0.0001841498214190595,-3.140451202011784,-0.00040686342473330347
12.345279455184937,2.0961723963632295,-1.379245216943064,-15.043281841107676,-0.10337359653623894,-0.16249888900300652,-0.0568220140684349,-0.6772984435394136,0.0031405111415397508,0.26031883948752393,3.867837265805539e-05,-3.1404558492374446,-0.00033320144000677406
12.355278730392456,1.7581422478774873,-1.6891380289963627,-15.019008963741584,-0.0941663085506971,-0.16816936067519014,-0.05235420275944545,-0.677305756075979,0.0031389952178777045,0.26033972585889376,0.0001317550927273775,-3.1404564374667667,-0.0004120480804634791
12.365213394165039,1.8937342973323685,-1.390573196252776,-14.950875996436881,-0.10039918188255365,-0.16603562613928083,-0.05942301188382111,-0.677289946204284,0.0031113729519488685,0.2602460591318174,0.0001530033407440308,-3.140608672679135,-0.0004228448656512166
12.37527847290039,1.9690953014536445,-1.3005630355158917,-14.949047533633653,-0.10045195574875718,-0.16962740217168656,-0.054592970682223574,-0.6772934217025004,0.0031561735440158423,0.26030299047544614,-7.4083986478007646e-06,-3.1405211202567087,-0.00035582806406597576
12.38321328163147,1.809869758844854,-1.6942563277625875,-15.08024395117398,-0.09596861166132063,-0.16927669243352236,-0.054008900161838395,-0.6772905650739023,0.003131031056135266,0.260261061547827,5.6809615321813356e-05,-3.140603288460139,-0.0002528569084165977
12.39321494102478,1.889429408868763,-1.4815507720758905,-14.988213146831718,-0.10033824095652445,-0.1687523544593538,-0.05443407339778894,-0.6772948637922356,0.003081155092759831,0.26026888616950733,0.00025490758870436186,-3.140554055291252,-0.00029455039219873565
12.401209592819214,1.9130536582971336,-1.2264719489703633,-14.829190386351772,-0.10524768633039845,-0.1691055966629568,-0.062471205554138896,-0.6772878493928741,0.0031376063424285515,0.2602915720715676,0.00010762585670912468,-3.1405673045557574,-0.00033108009462163765
12.409286975860596,1.689669744165817,-1.5034071177061183,-14.93072356212674,-0.09766177688517551,-0.17428524145538574,-0.0569281109414066,-0.6773012332911524,0.0030963928302115617,0.26029138290043724,0.00014618979134703013,-3.14052316156096,-0.0003504770187590899
12.417280435562134,1.8223584016581857,-1.4423614602510368,-14.841170581375176,-0.09960273461964589,-0.17020047735775923,-0.05701144250456079,-0.677291247082426,0.0031406529281770294,0.2602865925422384,0.00011508159965562219,-3.1405171305225603,-0.000385175344920951
12.427256345748901,2.0032372774550518,-1.6314485038341051,-14.896663242570122,-0.09549317180582731,-0.16798512030854607,-0.058945414083338026,-0.6772876938475126,0.0031328262080009763,0.2602855230250922,0.00015895284047841418,-3.1405442103295167,-0.00031008712463966227
12.437272787094116,1.7036617150408455,-1.704997774236821,-15.03154866515054,-0.0961059028573015,-0.17713758435595184,-0.05715104973556234,-0.6772919217957905,0.0031450128703531454,0.26030579942460613,7.617619186637196e-05,-3.1404816571452767,-0.0003714301827673799
12.447259187698364,1.9982254767406362,-1.5675617505464192,-14.870141676541158,-0.09816216158504475,-0.1675840992640211,-0.05132415175980791,-0.677292790477272,0.0031082175975544074,0.26029545693092593,0.00012060311263968263,-3.140536049706808,-0.00034101798691847293
12.457200527191162,1.9826706203739504,-1.5489098909344898,-14.96240109122231,-0.09826315594015915,-0.16761692925639587,-0.05476316335348965,-0.6772892650331049,0.003120028334007675,0.2602870915802578,5.576398882245855e-05,-3.1405290682378277,-0.0003171258877595631
12.465218305587769,2.057939852275346,-1.550900787118711,-14.951351579293966,-0.09892685952605741,-0.16949327278665555,-0.05579295480185194,-0.6772974081069861,0.0031288469783216886,0.26028741771437436,5.081756548874377e-05,-3.1404956115247247,-0.0003133311957068923
12.473266363143921,1.9186088349399029,-1.4590901761142918,-14.923480256580042,-0.09853968584800088,-0.17362826426364508,-0.054354147989244234,-0.6773030882488321,0.0031188515939132495,0.2602819958053035,0.00017943442070309526,-3.1405145698255352,-0.00039596737704161576
12.48121976852417,1.9039751145456345,-1.513497925664297,-15.120039155881827,-0.09711659648024164,-0.17162308790260963,-0.059379543417589255,-0.6772950865514926,0.00314622160544687,0.2602771961475103,5.7125633193075784e-05,-3.140549365781198,-0.00032216615910080315
12.491168737411499,2.068441618519434,-1.3739716449097663,-14.98590724227282,-0.10286505461460542,-0.1709698367506371,-0.056373092454966675,-0.6772816790047778,0.003124755319802139,0.260286850232118,9.646908413073157e-05,-3.1405195657026694,-0.0003842530156994593
12.5012686252594,1.8066591944764898,-1.5075512988742892,-15.08927327633479,-0.1009173184905718,-0.17273054650894806,-0.05845695218437589,-0.6772833859954156,0.0031256239576578633,0.2602949259302176,8.229332048625896e-05,-3.1405591106405555,-0.0003786921650337156
12.509259939193726,2.2837994952083203,-1.3721835902759882,-14.86759850856156,-0.10451755263435995,-0.16626247850837925,-0.06629810436131145,-0.6772930161128816,0.0031195536441320872,0.26032128055928105,7.59369915482343e-05,-3.1404733966186464,-0.0003611795008491984
12.51921010017395,2.047079783105805,-1.49486632657291,-14.950211054441988,-0.10012948490871001,-0.16885423414085407,-0.055745571051090556,-0.6772949069250734,0.003167498478445145,0.26029442311639267,1.0647122537249099e-05,-3.1405246644037046,-0.00030425016972668713
12.527231454849243,1.8479747253965124,-1.4221969665427183,-15.07946930197418,-0.10041962213355408,-0.17456763440049936,-0.05984658023497088,-0.6773021181084938,0.0031695886521728844,0.2603452634055353,-2.0732634431507276e-05,-3.1404306408330354,-0.0003950423868784611
12.535220861434937,2.4527579807200937,-1.554299850970491,-14.897029813335138,-0.10123101792063757,-0.16541348692838462,-0.060534964827012976,-0.6772878317740887,0.003105519381787363,0.2602309636194325,9.59878666717426e-05,-3.140640607706306,-0.00032693332191850727
12.543227910995483,1.7844256912756424,-1.481688688574252,-14.94434687476425,-0.09699892577706257,-0.17760280460386574,-0.06276358125357663,-0.6773091562151103,0.003131479685669378,0.26030516371255435,0.0001652000773245007,-3.1405288548841264,-0.00039636980420500775
12.55319595336914,1.7665792106402103,-1.712160299181691,-14.73798486480474,-0.09428839148613732,-0.17710711884362063,-0.0587153972080027,-0.677294921539875,0.0031301948661035866,0.26025896806334015,6.401640936635394e-05,-3.140569550213837,-0.00036440887390565345
12.563199758529663,1.9870305846372227,-1.438989544407621,-14.954951817431516,-0.10209104754426042,-0.17401836146769228,-0.0550301114447764,-0.6772920219877459,0.0031235270731255664,0.26026209567664715,8.103326800885294e-05,-3.140581271976672,-0.0003003443902723942
12.571278810501099,2.2082916800402823,-1.5152997190063064,-14.937377892468538,-0.09372551622623453,-0.1698914315120775,-0.05380864364020063,-0.677298339897611,0.0031210769576027393,0.26030307887241433,4.983076933960979e-05,-3.1404911439737346,-0.00040809724133366476
12.579275846481323,2.0588065639287536,-1.5444228502601902,-14.953965125257314,-0.09672890962019026,-0.17294700672700367,-0.05414377344815548,-0.6772812107735888,0.0031450461291507017,0.2602713434475281,1.9627570288277468e-05,-3.1405787469768223,-0.0002935175990922749
12.587223768234253,2.1211554459585074,-1.165885275565566,-14.946213627139752,-0.10426060608250556,-0.1691012389776113,-0.059261664110266,-0.6772972950708367,0.0031178507896430703,0.26026947342715145,0.00013370914594759822,-3.140544049641926,-0.00034361658161308873
12.597208499908447,2.1638022575506244,-1.2847069182009578,-14.957771985622456,-0.09960817434798132,-0.1733664082751679,-0.055217275118886036,-0.6772909467665288,0.0031254054727181077,0.2602666220718924,0.00014033695887273143,-3.1405632912113135,-0.00030382959034588067
12.607225894927979,2.2738484335887055,-1.486141887760119,-14.814697075583656,-0.09817025668997155,-0.16845599267150166,-0.059986621652876625,-0.6773054219225814,0.0031353856692999857,0.26027470974321715,0.00011328222504191856,-3.14054218105326,-0.00033904083995454383
12.617249488830566,2.0001226105490484,-1.4359068465392912,-15.12486942163867,-0.09692913095540631,-0.17192236119102014,-0.05771690398917649,-0.6773077568102671,0.0031655000220628666,0.2603014705278461,4.391421689943648e-05,-3.1404773820991663,-0.0004248808038924358
12.62722373008728,2.1026183781145353,-1.1244749211803042,-14.910175141667267,-0.11059721451982364,-0.17359629200959573,-0.0581812048221314,-0.6772880266260177,0.003108130408056647,0.2602749146748563,0.00012840947819752374,-3.1405492056384414,-0.0003105997031099322
12.637211561203003,2.122835619534837,-1.46558153252772,-14.892619758305223,-0.09656124404963962,-0.17321187152995793,-0.058101188988187336,-0.6772810481452827,0.003148640773834176,0.26030271734696536,7.595444721014698e-05,-3.140520118149856,-0.0004515179992079361
12.647216081619263,1.6685587031406663,-1.480906779681217,-14.983252654152183,-0.09711941740079386,-0.18683503543519656,-0.06069764772769478,-0.6772959890902394,0.0031418700783895554,0.26028969989832473,8.118884973614412e-05,-3.1405217774453447,-0.0003768965192912987
12.655194759368896,2.1078427490180878,-1.3861409400873081,-14.941094892775764,-0.09975046227349096,-0.1766818148460206,-0.06146528592333555,-0.6772945870876605,0.0031148728647176194,0.2602678694018288,0.00017215503764416584,-3.140586409351788,-0.0002911935201766609
12.665299892425537,2.3257621261374,-1.1701513370268424,-15.088340852281144,-0.10334126925030752,-0.17048579220094637,-0.05451847102686137,-0.6772970177520239,0.0031074213139247525,0.2603212550145727,0.00022420296326150925,-3.140466784968453,-0.0003373987816687758
12.673376560211182,1.8923126321625974,-1.3299856464250157,-14.8955335452152,-0.10383425461725261,-0.18271644422585584,-0.058850981345950695,-0.6772785969122033,0.003138910741112066,0.260291180378882,0.00011985114725348714,-3.140557878397047,-0.000293493040242452
12.68121075630188,1.8573906611003996,-1.296274224840192,-14.926491834521466,-0.09859967960946511,-0.18486538247403456,-0.05497677644728553,-0.677291757167878,0.003141290256150917,0.26031669512881295,0.00013344386054070346,-3.140493672014162,-0.0003547776162829697
12.69121241569519,1.8348604923752463,-1.5164028714025486,-15.007877818661948,-0.098195412532147,-0.18647342505876596,-0.05995926561336677,-0.6773018540882234,0.0031454475896325607,0.26025382029529165,0.00013401957223847173,-3.1405392887324988,-0.0003275020686832298
12.70123291015625,1.9013476961542426,-1.3987638838458314,-15.037989037673123,-0.10060385229796547,-0.18235746655023938,-0.06091522255346898,-0.6772881382032724,0.0031456395430675154,0.26026776868451656,4.3428307165009314e-05,-3.140591876168587,-0.00035738453774842086
12.709318161010742,2.1965424507613136,-1.2727880925407538,-14.981805357698002,-0.09929958116789671,-0.17913248531305948,-0.055036679170538574,-0.6772991771643295,0.003125045392590541,0.2602946198258892,7.775029760197943e-05,-3.14048459551213,-0.0003428983052610644
12.719258308410645,2.1052927521411795,-1.5367354185600541,-14.906567544682904,-0.09589585753145698,-0.17778396491432902,-0.06466278958821682,-0.6772876443258754,0.003135497550429118,0.26027822159189284,0.00013479393945572436,-3.1405752753615386,-0.00038799003865483525
12.729294300079346,2.027598168326096,-1.42765364007887,-14.917778617608834,-0.10262006456083729,-0.1815358049083682,-0.05744093840882086,-0.6772917754460421,0.0031179855075894386,0.2602539939744524,0.0001320649851326485,-3.1405841154644554,-0.0002588770946547701
12.73920226097107,1.7629336765934154,-1.2233701836133233,-14.986890074725208,-0.10497633428062135,-0.18622300724659543,-0.05626270088433071,-0.6772906142980158,0.0031477284667118448,0.26031124166956304,8.113019022420456e-05,-3.140498438590029,-0.00041275933477807273
12.74720549583435,1.8980264866828884,-1.361009839037377,-14.9771857334511,-0.10236793189210669,-0.1816438956595499,-0.05672247760143553,-0.6772999328739363,0.003100531407287136,0.2602951289229105,0.00019853952220921548,-3.140521152239132,-0.00029313012961499875
12.755207538604736,1.879351217004858,-1.5942202888257946,-15.176740593990045,-0.09459512308043962,-0.1822470663609999,-0.05468216719480568,-0.6773007150245157,0.0031026371550861255,0.2603014833999793,0.0001345358740287058,-3.1404807676009456,-0.0003373017958170698
12.763207197189331,1.9707832606834548,-1.5453392856568846,-14.97961816954217,-0.09292367998242863,-0.17630938656144474,-0.0581422899362995,-0.6772984402132252,0.0031360944276171737,0.2602819013864355,0.0001404447624614828,-3.140523727507905,-0.00037928909659775426
12.771223783493042,2.212776981044303,-1.1074203670392522,-14.972760010282189,-0.10576557793246046,-0.17271149206810477,-0.06233471207893086,-0.6772973863025629,0.003154248749877564,0.2602778291536126,0.00011299121552196687,-3.140567565734426,-0.0002973787970326597
12.77925729751587,2.314822249955991,-1.4639897946445093,-14.830839147088392,-0.0947987666019322,-0.17357235600143936,-0.06874109304506079,-0.6772906222039853,0.0031135743508267305,0.26025944759891645,0.0001402782896898413,-3.140581418278693,-0.00033157742316914626
12.787204027175903,2.2001870035550173,-1.4520969124590704,-15.069362893110807,-0.09511487203982694,-0.17224880677165597,-0.06247471566095024,-0.6772880693599672,0.0031261774432464855,0.260322143183371,0.00012684433543304008,-3.1404762515199605,-0.0003075757452561592
12.797191858291626,2.1346399738916566,-1.4055426010533083,-14.979521850831118,-0.09983373243859378,-0.17760516818917743,-0.053404020404724736,-0.6772952108836984,0.0031095028370725663,0.26032166582450667,0.00015368104831765188,-3.1404790015201796,-0.00033118525208745546
12.807204008102417,2.2248435743231854,-1.1087792153840113,-15.001078911041471,-0.10200983693770627,-0.17026453883802586,-0.06196104242986898,-0.6773019369555514,0.0031084769080316314,0.26026244229529977,0.0002361413364391683,-3.1405662134679706,-0.0004435265941175216
12.815212488174438,2.0907602012389366,-1.4436423810468653,-15.017529427039763,-0.09383114013849705,-0.17486116858621,-0.05835225502655528,-0.6773019284413747,0.003111373185795198,0.2602755482130003,0.00015991519113646977,-3.1405312651417807,-0.0004088909401435819
12.823195695877075,1.6099585623710615,-1.5145369166047007,-15.12063189079249,-0.09201795649752813,-0.18388788278581158,-0.054900467318641004,-0.6773009915440666,0.00313708452606976,0.26031273956678463,0.00010001141804704062,-3.1404685605951648,-0.0003482505261522341
12.833181858062744,2.015800952708892,-1.2169032521582752,-14.975183703063962,-0.09682669367841713,-0.17123253090156323,-0.06482154479273182,-0.6772985936571834,0.0031182395815157575,0.2602940225007258,0.0001335367675499493,-3.1405159385408554,-0.00035434739140244754
12.841213464736938,2.1905223160224856,-1.199461006803297,-14.902414370761178,-0.09752308578611031,-0.1677056155075456,-0.06015535372187822,-0.677308198183345,0.003142031460455249,0.26030254873497866,9.692644236296002e-05,-3.1404246073080686,-0.00033619245247370073
12.851253747940063,2.16180319444801,-1.5597070539932123,-14.984795625441485,-0.08869968682595442,-0.17108211312733992,-0.060508891817510034,-0.6773020335058285,0.003099111555996953,0.26028787266163855,0.00017180251627086022,-3.1405156590027468,-0.0003474990247605556
12.861203908920288,1.7530875709471427,-1.534381837039027,-15.063369314004467,-0.08876733416305707,-0.17749933866758666,-0.05646523415538805,-0.6772836017708956,0.003115050844109395,0.2603248932238055,0.00014685288763202983,-3.140497160776773,-0.0004047902207042963
12.871222019195557,1.934282790984108,-1.4991822729102953,-15.151487679418029,-0.08668001305109616,-0.17348839890816156,-0.05068053380781282,-0.6773014591486133,0.0031428664095051483,0.2602958662436163,0.00010647453902697472,-3.1405172814272913,-0.0003402736923569524
12.881245613098145,2.0202466967302257,-1.494847228972107,-15.135866567400003,-0.08651513449455422,-0.17366804931336857,-0.05880343591832702,-0.6773029139293022,0.0031124520580903025,0.26026979629525154,0.0002630123948531122,-3.140552848528395,-0.0002828902395834214
12.89124846458435,2.07184257253048,-1.220670766515645,-15.238617589093947,-0.09408078639505339,-0.17394206720921504,-0.056903732334383186,-0.6772917134930256,0.003123139435125827,0.2602942003957728,8.27490181098326e-05,-3.140510730550315,-0.0002825855757204986
12.899188995361328,1.9241979982290598,-1.2940619531189483,-14.873678086168805,-0.09265588062749713,-0.17552975901288845,-0.05756509321546869,-0.6772929025456568,0.0031329135674785812,0.26024498484082514,0.00015921905314887082,-3.1405864252153415,-0.0003627554006624848
12.90920090675354,2.2206900171164756,-1.4434213145871955,-15.162547812516417,-0.08888567723918736,-0.1662524126570128,-0.0570978883579987,-0.6773013097469764,0.003127509514369059,0.26027713980682543,8.800806514781209e-05,-3.140530788297105,-0.00039530781034079264
12.919200897216797,2.184678583480931,-1.3670485058090527,-14.943877173352181,-0.09222884858524415,-0.16765188664557662,-0.06384571893470782,-0.6772940710856236,0.0031216296152494333,0.2602745596324724,0.0001467386310140671,-3.1405739093551537,-0.0003219659689892695
12.929194211959839,2.0944270206629136,-1.7120231738853935,-14.95625405390209,-0.08084880141694895,-0.1725472214583781,-0.060038180781640325,-0.6772859522446391,0.00311518651612593,0.2602559561540968,0.00012669894123335602,-3.140600198715508,-0.0003201839652381104
12.93921422958374,2.051828082366541,-1.3696089141973724,-15.018351566983995,-0.09056227203172443,-0.17134859454582071,-0.05729493684953319,-0.6772854201455842,0.003114981277468322,0.260299316531421,0.00011562853373395711,-3.140459100969156,-0.0003653964354289677
12.949187278747559,1.9992284553365802,-1.2385375174258308,-15.058194115250764,-0.09122921612272698,-0.17392317875178967,-0.05929677860965791,-0.6772965179108241,0.0031293338544876614,0.26028294268414354,5.180696559238409e-05,-3.140542329992728,-0.00027248898447258026
12.959185123443604,2.0739917083677444,-1.6627259682849616,-15.072488974814403,-0.0832189660561696,-0.16708555267228853,-0.062202578972640324,-0.6772915517368687,0.0031413384207668138,0.2602936583313687,0.00015400170256378988,-3.140503601773009,-0.0003177710195102766
12.969260931015015,1.793822688257745,-1.7437866277635299,-15.141379069978903,-0.0819282990597553,-0.17348654696671958,-0.05616851883196655,-0.6772865007864759,0.0031194754686795266,0.26028099861001475,0.00011993293908174881,-3.1405615715417525,-0.0003525860154545778
12.979238271713257,1.9132881328198013,-1.2943145277343884,-15.074698783813659,-0.09047768230602159,-0.1673191652492973,-0.05870319853358058,-0.6772967099748696,0.0031525213816547193,0.26026775053773177,6.42711805454679e-05,-3.1405331733880373,-0.000376118510882358
12.989149808883667,2.160127121663258,-1.4333602507288603,-15.230532103588514,-0.09062284230509873,-0.15729738395765425,-0.05314168658362523,-0.6772986931647204,0.0031471216077163166,0.26028256573132325,0.0001151369621298894,-3.140510586139945,-0.00038348193824077573
12.999268770217896,2.1422965818766646,-1.1934369868513173,-15.097519346721187,-0.09172102583156583,-0.1584033005946311,-0.06537071530536588,-0.6773044309637881,0.0031309154738165487,0.2602615875813702,0.000128699535881043,-3.1405276490241385,-0.00027703412210860817
13.00919222831726,2.0848766260684743,-1.2943862288558545,-15.111024297593143,-0.09004602863765332,-0.15893078067392843,-0.05851328383699974,-0.6772893093022421,0.003113220830456946,0.26025084158666745,0.0001905586620666757,-3.1405899057738464,-0.0003685210661143461
13.019189834594727,1.6682002544788486,-1.736511350792196,-15.246708180931488,-0.07849891180423109,-0.1673019904884685,-0.05244166576404134,-0.677300487694683,0.0031318492584850705,0.2602937123193685,1.9314945154967934e-05,-3.1404878954190134,-0.0003632276802550158
13.02923059463501,1.9137829771208301,-1.5424972621568727,-15.161847418616482,-0.07938984781216275,-0.16191751225892104,-0.05013584566510148,-0.6772997633189975,0.0031358720468307663,0.26023820931204483,7.763780779310781e-05,-3.140584385947447,-0.0003060745723842474
13.037223100662231,2.077630361435813,-1.4730930384469385,-15.160597995549693,-0.08351271433598362,-0.1594679161724683,-0.05590522954028219,-0.677311989370686,0.0031323728990516773,0.2603123697195364,0.00012217248897269942,-3.140425866967884,-0.00048181500407044154
13.047188758850098,1.658474545057376,-1.5933671255039734,-15.277864687521875,-0.07893256821628077,-0.16421223444944474,-0.051054758240095435,-0.6772974744823606,0.003112166105747312,0.260301374928013,0.00014719373401771277,-3.140493011683596,-0.0004075078573372356
13.057174921035767,1.7479016318203802,-1.5673139654243091,-15.131773120769802,-0.07952562196155785,-0.16052067441648896,-0.053776965886107655,-0.6773017894650448,0.003134653847422116,0.2603238597400242,8.291762753554313e-05,-3.1404384865982995,-0.000327350803563869
13.067223310470581,1.91583744501561,-1.242671261138749,-15.189536229164,-0.08759451518830709,-0.1548772284484261,-0.06240891870752764,-0.6772960033925988,0.0031366280211937974,0.2602820603080451,0.0001272666980477511,-3.1404999892477123,-0.0003119317363001536
13.075304985046387,1.7336426094518254,-1.5445075229271212,-15.154704071970697,-0.07603653287457338,-0.1592219371223234,-0.053623705536068975,-0.6772994156111154,0.0031056911774728435,0.26026478615557413,0.00010248883672893738,-3.1405307644015186,-0.0003278905595142443
13.085188150405884,1.8451550163896784,-1.3469862115725337,-15.208031210022385,-0.08386873837548431,-0.1563395791525029,-0.0593705367769843,-0.6772882708101099,0.0031215734212975167,0.2602528817854113,7.618126460887823e-05,-3.1405700215070134,-0.0002961230990146224
13.09528660774231,1.9836562077610718,-1.310115122248339,-15.135684782667967,-0.08473702601149082,-0.15149842857093984,-0.06258407419598397,-0.6773097590242043,0.0031100043669795834,0.26031165568220027,0.00014686635926514406,-3.140426182808182,-0.00035026162428132204
13.10519289970398,1.9576008312473285,-0.9441690823196283,-15.279203678393737,-0.09427650759985975,-0.14897436804372347,-0.05655886404333258,-0.677279374504079,0.003114652720450424,0.26025303433388935,0.00014621964535802524,-3.1405506926337186,-0.00035030177150974326
13.115156412124634,1.7641875645895582,-1.2418196451497683,-15.241128369785661,-0.08581465597884909,-0.15474240122352048,-0.05758392312914969,-0.6773079553085921,0.003112958497376201,0.2602754042872026,0.0001661468170047804,-3.140502457565822,-0.0003371283909004591
13.125229597091675,1.9643343686596002,-1.3410746380418854,-15.199645803965826,-0.07881690667411942,-0.15225743083555193,-0.062207566954423435,-0.6772945378050557,0.0031439564102621947,0.2603219282063617,6.272967775781606e-05,-3.14044898560527,-0.00035678196685945613
13.133172273635864,1.8966774369316084,-1.302575572978782,-14.991208915710898,-0.08171075580044868,-0.15345366858792306,-0.06396784173372605,-0.677316066571949,0.0031510265352017518,0.260289534047772,0.00011513036519006356,-3.1404762506028203,-0.0003075657694331874
13.143155097961426,1.7738331005713754,-1.3458697516604812,-15.012200865921326,-0.0834536356560203,-0.15567354004029857,-0.05623789465948164,-0.6773000034845252,0.0031287387711737774,0.26027901681287396,8.986514177261224e-05,-3.1404989567543407,-0.0003481250741857236
13.153179168701172,1.9566232076408578,-1.371330106515874,-15.306357068937057,-0.08370432487596884,-0.15022864672061795,-0.056391531013676235,-0.6772908302185577,0.0031326699953140077,0.2603024049133585,0.0001391370992018413,-3.140484460469531,-0.00039875510143142374
13.161190509796143,1.8839112911157392,-1.2801222166274548,-15.278441612390695,-0.08620495113046255,-0.15391364802733368,-0.05638503848049594,-0.6773051719417602,0.0031432682628122575,0.260268671811258,0.00015905876005440858,-3.1405475508418825,-0.0004167522160943202
13.171194553375244,1.3645590049886553,-1.4535180726299166,-15.342721405293718,-0.07866535444979061,-0.16006357527326706,-0.0557282226802786,-0.6773051572207814,0.0031443931124837186,0.2602958652021597,0.00011419487044159808,-3.140438689446343,-0.0004248210739884077
13.181326866149902,1.4142946958044715,-1.4871931374852314,-15.479796898211983,-0.07660730345563443,-0.15972694093596765,-0.058162928873160644,-0.6773032194463375,0.003124930383609228,0.26030065480137754,8.863076936969299e-05,-3.1404415471271485,-0.00042387782148328355
13.189217567443848,1.7889250251185094,-1.532971421243719,-15.265329151606016,-0.07893715439380317,-0.15482811593220452,-0.05507213920257632,-0.6773141467167334,0.003095910633383856,0.2603161333503342,0.00019103610547376859,-3.140416576667249,-0.0004175473242229011
13.199163675308228,1.750687731046953,-1.3713452790765186,-15.292226500399531,-0.07845227833613791,-0.1518680203925402,-0.054959867877028216,-0.6773002644650048,0.0031248046898632105,0.2603089805639018,0.00018476468231678022,-3.14046706861052,-0.00042277828989427364
13.209192991256714,1.8718325316070576,-1.3764963031066255,-15.127893774598968,-0.08439554218147931,-0.15887459352423433,-0.05407938276304021,-0.6773085735366396,0.0031207785526216874,0.2602961835306109,0.00016587995904154536,-3.140489679132256,-0.0003704658151318727
13.219201803207397,1.914216233761036,-1.290320283940832,-15.309185976395584,-0.08166441218983429,-0.15636377497192305,-0.058089988738221784,-0.6772873519961569,0.003111710101293483,0.260262702280185,0.0001274517840860391,-3.140528404083694,-0.000330809346390306
13.22920274734497,1.8428500499672866,-1.3318473021279347,-15.290685828241761,-0.08207134057939547,-0.15874127636541688,-0.060502914739352806,-0.6772921897216913,0.003125715067065624,0.26030601312239954,0.00012104870924863443,-3.1404237322799906,-0.00030499291339899513
13.2372567653656,1.6828620318033247,-1.0218800812910824,-15.299226280269323,-0.0861006339085382,-0.16189906481765284,-0.05484538967495052,-0.6773056374090587,0.0031234999792876914,0.26032371042796104,0.0001102418568625214,-3.140405077065754,-0.00032345549272414615
13.245267391204834,1.7034242295816822,-1.3112582994283493,-15.300494742572202,-0.07401262744715463,-0.15358616621444557,-0.056169245935918974,-0.677310926730643,0.0031415525737804725,0.2603000702211908,6.447671822706109e-05,-3.1404479890754398,-0.00040361122001115584
13.255221128463745,1.805829615171321,-1.4833360887485896,-15.286470465638967,-0.07777992920963617,-0.15536134069934143,-0.05378933161131196,-0.6773011568692796,0.0031023604556312395,0.26028117445554044,0.00021832286674147727,-3.1404605408179003,-0.0003389557857162072
13.265176057815552,1.627501576293779,-1.3047676811615816,-15.400324651772209,-0.07898464500118357,-0.15777639135628807,-0.054997876649882385,-0.6773053575193575,0.003120392254498735,0.2603329506597071,0.000159743039860375,-3.140384903249948,-0.000363580578558922
13.275201797485352,1.8260723747455805,-1.4586401527112625,-15.316425474720912,-0.07711496087987209,-0.1545334492744527,-0.052693058972336615,-0.6773074978203262,0.0031126053088692267,0.2602899185198402,0.00018506129161306658,-3.140462127201153,-0.00030043600059670536
13.28535008430481,1.7676379775883693,-1.2004742056846742,-15.340635737688546,-0.08487709500439426,-0.15713256064140407,-0.058379051244065644,-0.6773047518318781,0.003111824387014821,0.26031598765574765,0.0001218715080184336,-3.1403889065616197,-0.000362066411470572
13.29322099685669,1.525752347763948,-1.5658242663435915,-15.263711852024237,-0.07726155163597845,-0.16136643958133565,-0.05130940769751834,-0.6773327383142036,0.0031276719428464305,0.26033539966358393,0.00013996335783539055,-3.1403160741720275,-0.00041169477539250876
13.303138732910156,1.5868148061603362,-1.3551254134475514,-15.19564323113782,-0.0795799584339693,-0.1611617485649284,-0.060907651551657574,-0.6773004900275176,0.003121937033390074,0.26029151123601635,0.0001530613847981694,-3.1404552497291474,-0.00038124150926915906
13.313216924667358,1.75133208259543,-1.2605033720656247,-15.252667981575515,-0.07890422360925112,-0.15036827503400443,-0.051565476738864406,-0.6773075159774462,0.0031111630395576568,0.2603056119755431,0.00017251915297729226,-3.1404243168598702,-0.0003767495897969838
13.323206663131714,1.5541753562009926,-1.2383224457053288,-15.51812938773664,-0.08223950467046452,-0.1541511393723172,-0.05434516784374367,-0.6773116517494068,0.0031124129116617324,0.26029712373604386,0.00016762988992524803,-3.1404077813973177,-0.0004346424007565013
13.3331778049469,1.496776531250948,-1.198067183356136,-15.31537517492362,-0.08180782933918639,-0.15047562674033882,-0.05522839657075378,-0.6772874658885198,0.003124216470785388,0.2602820148525683,9.059465744723692e-05,-3.1404506987747305,-0.00033429172968767824
13.343165397644043,1.4907586678098428,-1.2474650368501925,-15.295574584503258,-0.08011258017674365,-0.14994283076734313,-0.061785438496176376,-0.6773019821271206,0.0031182564964959626,0.2602543456507326,0.0001349028979228609,-3.1404682508704593,-0.00031482877238220086
13.351204872131348,1.9121433699510109,-1.100080953647139,-15.367892814327057,-0.08450273710786713,-0.1636866206105683,-0.05407544999780812,-0.6773122135141488,0.0031333244535627193,0.2603006152601857,0.00014687627712271672,-3.140385241836298,-0.00045410295881413845
13.359194993972778,1.4503040781416414,-1.2403554086928124,-15.609894760010247,-0.0770852542360303,-0.14495912399990035,-0.05120977125065646,-0.6773200379177469,0.0031271364909024996,0.26030599190673775,0.00019305245832244592,-3.1403269506771374,-0.0004421861504774486
13.369199991226196,1.6523242963156226,-1.3780791449150602,-15.54409484995717,-0.07452178097800703,-0.13181564243184057,-0.05269498817242688,-0.6772959568869571,0.003124227625952149,0.26028435845658343,8.921978664102902e-05,-3.1404311291996483,-0.00044066851668729876
13.379184007644653,1.2715022490462535,-0.8288259027259265,-15.587918354697893,-0.07973837379318534,-0.13862268482724036,-0.050620187523512085,-0.6773083005564917,0.0031309552270396422,0.26029334920248187,6.418106425617238e-05,-3.14036587230178,-0.0003546620212172371
13.389263153076172,1.7440588932268628,-1.2656879813789634,-15.760210030083416,-0.07180739886878588,-0.12339793482991854,-0.05667732985251838,-0.6773163444905506,0.003120753465379872,0.2602849043418408,0.00024429815303420916,-3.140339893074628,-0.0004416392843085267
13.399230480194092,1.0920768587106044,-1.5982793538734177,-15.732070943596504,-0.06399946740455188,-0.13518887656178116,-0.0478684715593271,-0.6773165069013314,0.003097792138360359,0.2602679617459766,0.00019905278232394693,-3.140390817305347,-0.00036792503731322273
13.409214973449707,1.7861794976910261,-1.0743510954974058,-15.472493207242485,-0.07603526909383361,-0.11613748186569495,-0.055659484677821426,-0.6773171413089752,0.0031622135029811386,0.26033149705888303,4.0343567245645336e-05,-3.140285106054606,-0.00041676835692373404
13.419176578521729,1.7725831598830681,-1.1974261912789996,-15.538708445911304,-0.07429068447322755,-0.11191260528490728,-0.05268866067128321,-0.6773096903412613,0.0031263178582572435,0.2603173603818646,0.00014905953810537728,-3.1403043206588195,-0.00038901317108387597
13.42923641204834,1.447964953887644,-1.107626702230549,-15.532001541380563,-0.0743334383159823,-0.11312085383958151,-0.05377458122897643,-0.6773256927225276,0.003126006734249007,0.26029710406668777,0.00015959365816699118,-3.1403155892078387,-0.00040982602846265147
13.439173698425293,1.249970396393523,-1.2659927429472213,-15.44807656319979,-0.07752065243120133,-0.12065428044075442,-0.05503946394182616,-0.6772989121522834,0.0031560134061467135,0.2602810034850441,8.977005850237291e-05,-3.140387557837002,-0.0003812462797150202
13.449186325073242,1.4702422173430987,-1.0260401742717637,-15.38387998388165,-0.07629882111929755,-0.10949522601830156,-0.05320576942742577,-0.6773079134682901,0.0031532854646807306,0.2603171801114777,3.923059309727217e-05,-3.140289766260409,-0.00043257115427858473
13.457188844680786,1.2754456909880387,-0.9763479186185399,-15.545922054716362,-0.07681088667922656,-0.11626047567421942,-0.05440445382438531,-0.6773100014462211,0.0031254653288838264,0.2602852444062953,9.666427376107904e-05,-3.1403574390560736,-0.00043899004935470505
13.465168237686157,1.514337308653713,-1.226632255425147,-15.53900474764862,-0.07281471801293918,-0.11217974000118468,-0.05212508626876508,-0.6772994181355351,0.0031177921678727256,0.26028725572060607,0.0002048066797562312,-3.140398051154796,-0.0003848258355184332
13.475176334381104,1.0705044292897972,-1.120998306155638,-15.47604267435639,-0.07206494436355354,-0.11661607825430116,-0.05051773167565595,-0.6773179490760569,0.0031477606273588974,0.26029588949256216,0.0001683821172433339,-3.1403424324376985,-0.0004226786054138358
13.485260963439941,1.7399663145837845,-0.9077850549434215,-15.271832559345263,-0.07887526752765162,-0.10500570310656705,-0.05438770925835557,-0.6773078211650221,0.003119475595482164,0.26031331577814865,0.00011703116506053804,-3.140300992192902,-0.00041592852419264023
13.493199586868286,1.0528084447849952,-1.199574182181983,-15.455001822821412,-0.07068749038681149,-0.1118131382491552,-0.05277630488395707,-0.6773143791637726,0.003128643696366008,0.2602930145676061,7.265089502700126e-05,-3.140343900274521,-0.00044340909647294034
13.501192808151245,1.487140363751085,-1.0046051266044234,-15.25139027820975,-0.07410211641034724,-0.10070935974731679,-0.05756664753595021,-0.6773034495445616,0.0031001647988138704,0.2602912434524806,0.00012943150977967485,-3.14036549105281,-0.00032868887120543076
13.509169101715088,1.3930298298173651,-1.2779051917735225,-15.383658611488462,-0.0744186511629334,-0.10467992694916507,-0.06091394802467731,-0.677309206532996,0.003130715990632251,0.2602902722703709,5.922502712418633e-05,-3.140350499056483,-0.000445049051812758
13.519176006317139,1.7147841839179963,-1.0300176719076328,-15.475181713388775,-0.07337224033495728,-0.09457387054842108,-0.05625148953819622,-0.6773110054769663,0.003104387266067059,0.26031099356880344,0.00020771904957230796,-3.1402919507200235,-0.00035924148114575686
13.529216766357422,1.503164651916712,-0.9653154914858586,-15.34592964892561,-0.07963300247515609,-0.1038666368366496,-0.060440141681842065,-0.6773145569235639,0.003099681740212511,0.2603095500230719,0.0001874699204464403,-3.1402924266450096,-0.00034457198898706597
13.539201736450195,1.2944012416950268,-1.3290983905846303,-15.337902593103301,-0.0717472136949453,-0.10093156047465121,-0.05843060593782704,-0.6773063244202394,0.0031559405251136677,0.2603119933886384,5.23848352419484e-05,-3.1403280597676866,-0.000512786543119565
13.549218893051147,0.9797724107428212,-1.3484592548222885,-15.518523186505453,-0.06771213093544687,-0.10581584419111671,-0.057174349609505896,-0.6773092137399704,0.0031367944528417862,0.26025865197613846,6.715958654949647e-05,-3.1404244713885268,-0.00038918738053147453
13.55923318862915,1.1804498458425514,-1.1169559250647718,-15.351922139526744,-0.07075785194023253,-0.10269503472871566,-0.05233745115239124,-0.6773037614565172,0.003143519969513818,0.26029692710179175,0.00012182812731405112,-3.1403684471447857,-0.00043945521225402333
13.567168474197388,0.8520965803133849,-1.1943058149813814,-15.459706339634003,-0.07025158231156328,-0.10887432097522791,-0.05066998607425016,-0.6773152540402267,0.0031344954962713584,0.2602798522549185,0.0001153784855181074,-3.1403588253655395,-0.00039046671439788624
13.577206134796143,0.9546365246131964,-1.3166268098955305,-15.188764855623617,-0.06869717140483003,-0.10298591495513178,-0.06030892651013347,-0.6773092768018654,0.0031302997316495188,0.26029798005611854,0.00012882022195981539,-3.140340369853659,-0.0004415169775738386
13.585350513458252,1.0631990068044654,-0.8077816544505534,-15.136852491184264,-0.07667315739782099,-0.09345728887088435,-0.053060558291068066,-0.6773144301139626,0.003125043833210921,0.26028877130991923,0.0002103694189535615,-3.140352138820987,-0.00037361483011435516
13.593195915222168,1.0809490153818833,-0.8871474071568238,-15.17133802825592,-0.07840613567064267,-0.09404094551319984,-0.05899308494374315,-0.6773129501773197,0.0031160572390259533,0.2603285176639569,0.0001234897097647681,-3.1402940832310904,-0.0004847813845874621
13.601192712783813,1.3734796540826641,-0.9887697443267816,-15.113837928947696,-0.07369723531384267,-0.09515998858658915,-0.058465017949818295,-0.6773007691934616,0.003110494461221005,0.26030112822144824,0.00012956961623075689,-3.1403458163040088,-0.00046106168005779667
13.611185789108276,1.0853212683676152,-1.0206091033291749,-15.279658803947017,-0.07696018060003036,-0.10054272257071928,-0.05131574417311399,-0.6773111057301365,0.0031429634128269557,0.26024804936101076,7.27722556361617e-05,-3.1404106150713313,-0.00039350294411935746
13.61919617652893,1.0934150340628022,-1.3618559274204447,-15.239282501831946,-0.06777389405214111,-0.10557604593118003,-0.05791678083093705,-0.6773072758808159,0.003117743658761461,0.2603174845943026,9.657204945412162e-05,-3.1403130178905654,-0.0003861707100421109
13.629245042800903,1.2874156456566845,-0.886948657513657,-15.05871372829807,-0.07848300621045426,-0.10390153588144257,-0.05517971032867574,-0.6773130525843837,0.0031356937236862547,0.26030110773604054,8.356993453017206e-05,-3.1402974366011907,-0.0004368600298180795
13.637165307998657,1.2727072146067941,-1.2172428178105779,-15.21457461330298,-0.07115887352236339,-0.09957042097236056,-0.04524372958912004,-0.6773124327146482,0.0031246438187762394,0.26027285722050975,0.00010839296413105104,-3.140392133293989,-0.0003606698169237956
13.647188663482666,1.4917379713287264,-1.1492517770908115,-15.09058523228713,-0.07327440156547274,-0.09853250626006622,-0.06337749555457695,-0.6773091634206344,0.0031472397821575055,0.2602850305693728,8.49131873510545e-05,-3.1403381750174537,-0.00036342259050544805
13.655200958251953,1.124683972582223,-1.1782502153777574,-15.234717535843007,-0.07118916198131303,-0.107215375829257,-0.05111765877310335,-0.6773032874361535,0.0031100755519103355,0.2603001086446135,0.0001350009368269735,-3.1403292335013946,-0.0004518240073864514
13.665289163589478,1.0246502212848598,-1.0435953862980398,-15.095792415295708,-0.07718790292745134,-0.10711966953231057,-0.05741855068137122,-0.6773096104482581,0.003123713587716813,0.2603362475402246,0.00013579910758942088,-3.1402555533809253,-0.00036419081449056106
13.675182104110718,1.5910273108859,-1.0190762728104767,-15.105706112042865,-0.07663046691062331,-0.09645642018354016,-0.05684956780520708,-0.6773226558246275,0.003097367685733549,0.260278182237274,0.00018083028488651034,-3.140327491705296,-0.00036219916446318505
13.685393571853638,1.1177926036727353,-1.002020773408277,-15.082966451095496,-0.076968488668059,-0.10852426626965456,-0.05092409061106769,-0.6773196841125259,0.00311671690414021,0.2602616706109799,0.0001998957243174958,-3.140332334822214,-0.0004109277992809371
13.695228576660156,1.2247459419898001,-1.497710206316371,-15.260649513621635,-0.06738600135523375,-0.10595459614353168,-0.05340683155678207,-0.6773043929602275,0.003114616675017611,0.26027414292499906,0.00014935486220952226,-3.1403613053622754,-0.000468896135736656
13.705209970474243,1.0962427543198854,-1.1465716973421562,-15.241264697917307,-0.06889254747886735,-0.10817293596609964,-0.05364973692261216,-0.6773176169210109,0.0031393130693366227,0.26028000985442934,5.9824380329100965e-05,-3.1403101865482173,-0.0004394983828190552
13.715161323547363,1.3150116536671732,-1.1409614373775905,-15.016843119364903,-0.07365466013428498,-0.1068776476595541,-0.05416225531781823,-0.6772944720160846,0.0031268720623777915,0.26026821434246694,0.00014812401230381776,-3.140358817578885,-0.0003847729057388868
13.723172426223755,1.3330890914668223,-1.0349019581851064,-14.838535850526348,-0.0755198677956593,-0.1072329453768038,-0.057005494928594413,-0.6773208088330807,0.00314813971046328,0.26026907791058385,0.00011675576693542335,-3.1403788629566045,-0.0003718715485784788
13.733188390731812,1.353868319059371,-0.9093285371683952,-14.910318837375529,-0.08166163457793484,-0.10955964736009928,-0.05479089534796991,-0.6773079423937435,0.003149133645088965,0.2602575416013179,0.00011692419166844547,-3.140399863835681,-0.000377171687294744
13.74119758605957,1.4302739887234663,-1.2188243631838698,-14.9117793037318,-0.07414972877292361,-0.11424353791740617,-0.059905227172131446,-0.6773011947221583,0.0031501828586394643,0.2602707494179821,2.06075901972832e-05,-3.140363404349087,-0.0003360527074754836
13.75116777420044,1.6911291615679918,-1.00732540508001,-14.960462356920372,-0.08077323749275593,-0.10919473614438172,-0.05664886672400552,-0.6772970196843948,0.0031001115204327165,0.26026272124274646,0.00015506050434819732,-3.1404083483425054,-0.00038117946093109027
13.76118016242981,1.2321298073762916,-1.4693514446072877,-15.02147371120891,-0.0661287421611035,-0.12544051351686392,-0.0497578277130738,-0.677303952058828,0.0031395738492804937,0.26029283975779877,8.354126204528721e-05,-3.140325099386636,-0.00047297609440656596
13.771154880523682,1.2235814147238269,-1.1535020117190218,-14.968726580970742,-0.07592176879044511,-0.12175502241694353,-0.04895950425030452,-0.6773106019049899,0.0031408792246019356,0.26028541549605777,0.0001341972216131623,-3.1403453414578153,-0.0003375043320318675
13.781165838241577,1.536238775398648,-1.2636212975823977,-14.910416521294165,-0.07181268051355834,-0.11402342369718785,-0.05742875055069076,-0.6773025529926814,0.0031465907428178063,0.26026001179356956,2.0641449369392497e-05,-3.1403789518527265,-0.0003974549168564387
13.791280031204224,1.4387106452177552,-1.103235197087339,-14.835506075781288,-0.07758270512151821,-0.1175763614386991,-0.05854254228881259,-0.6772987126319066,0.0031437921570132603,0.26023991154351006,6.627941208445607e-05,-3.1404180961093435,-0.00036341178122628907
13.801177263259888,1.4061746185064068,-1.1227782414794425,-14.873982178528943,-0.07848882378977959,-0.12164244055739193,-0.049424382954330354,-0.677318747461454,0.003104611869537509,0.26027731645726193,0.00018781085020112107,-3.1403145175698888,-0.0003662889255654545
13.811205625534058,1.5058633668153172,-0.9866024127609379,-14.760067527919496,-0.07977198369650156,-0.11755431035494625,-0.06003083589191353,-0.6773158747883606,0.0031280201030740376,0.2602666500723661,0.00013567072867669782,-3.1403732963324003,-0.0003735096903800201
13.82114863395691,1.232684677074225,-1.115984776868239,-14.925057189252339,-0.07994048130833231,-0.12793652119930435,-0.056638152179638634,-0.6773060374274247,0.0031501014147942434,0.2602685269806823,5.922168434523931e-05,-3.140388801848024,-0.00040213604782092147
13.831171989440918,1.522350540913871,-1.0181937113548698,-14.688902299144535,-0.07929692949925514,-0.12166038322202809,-0.057873032733233645,-0.6773049572393103,0.003102074104479219,0.26026750146255395,0.00023317635668726832,-3.1403705593902322,-0.00035286964595078663
13.841177701950073,1.4894401441426393,-1.3643471352408034,-14.595535784809988,-0.07184075896865494,-0.12299728735900875,-0.05180153251762002,-0.6773141218653195,0.003116117810607781,0.2602636878356154,0.0001943218219830195,-3.140302030073616,-0.0003891813989385421
13.849201202392578,1.336718564713056,-1.2910631595557527,-14.739419773732454,-0.07332813610705527,-0.12949856809510651,-0.05649788807118597,-0.6773108491916522,0.0031364304376900504,0.26024792951530784,2.5288753905096065e-05,-3.140376591479633,-0.0003843791781663472
13.859179735183716,1.0001741485115054,-1.1758540806365043,-14.809150048222593,-0.07720486722655655,-0.13592512742183416,-0.04932410290856037,-0.6773055082683549,0.0031478102231159892,0.2602880735901429,0.00012220562937973516,-3.1403534352499896,-0.0005067762925960505
13.867177248001099,1.1707914417185936,-1.0116095486805794,-15.031195833571816,-0.08005383509139488,-0.1319722704284816,-0.0529396886113074,-0.6773186168066123,0.0031551418605675783,0.2602956137100064,0.00012931918794191594,-3.140291984799017,-0.00038063217840005135
13.877190113067627,1.1610545854063696,-1.277417787600526,-14.95095627632748,-0.07204637110301873,-0.13362575503530108,-0.05523706588711891,-0.6773076287891553,0.003149854028340884,0.2603130838725268,0.00010429477505761226,-3.140243957614582,-0.00044097001146018886
13.887309551239014,1.466977867561809,-1.0554065431962287,-14.987551831452581,-0.07919553669221335,-0.12327314362681341,-0.05021517750242985,-0.6773228349552244,0.003124055581893993,0.2602766692775937,0.00014939011728276307,-3.140330236298687,-0.0003942180051168313
13.895159482955933,1.5964411101122533,-1.4088919664862352,-15.00358758302488,-0.06982227354466844,-0.12328118527026477,-0.05456713117698028,-0.6773211431619806,0.0031067621580380747,0.2602956571155489,0.0002454218086733074,-3.1402856401790165,-0.00040168678613711195
13.905181407928467,1.786031558186424,-0.9160385841753247,-14.776957734258099,-0.0826281960868329,-0.1178364936223935,-0.0505364185815376,-0.6773084688719989,0.003120790087102771,0.260303748228895,0.0001734102386872306,-3.1403002270183933,-0.0004810303521653703
13.915207862854004,1.4999625865588024,-0.9708817892989868,-14.900460362394522,-0.07923899012212078,-0.12197327182260796,-0.05682573957009264,-0.6772964280975554,0.0031255164775936366,0.2603004287509417,0.00010904063881547435,-3.1403173628573855,-0.0004517318246177352
13.923166275024414,1.1228005260429417,-1.3613062539369638,-14.894610101432878,-0.06976186090607471,-0.1339580363499956,-0.052212529888555195,-0.6773129374060876,0.0031415534080400692,0.2602755844405152,0.00010440090141584305,-3.140288760190223,-0.0003599263049915474
13.933183431625366,1.561112879202329,-1.3370337766225333,-14.824495603725303,-0.07174716765123561,-0.12428384257691821,-0.054941213521178436,-0.6773177994227276,0.0031210366661478077,0.2602642645952823,0.0002135033976018552,-3.1403181707317587,-0.00035740446253955014
13.941220045089722,1.8552215973120987,-0.8600226914590018,-14.92031606135129,-0.08522366193769329,-0.1174743193138777,-0.05667695076998332,-0.6773185779922045,0.003151707036809506,0.2602709035307196,9.21132763653973e-05,-3.140315682744597,-0.00041099258061069483
13.949157953262329,1.4450918483098996,-1.0404755411613191,-15.024814381148815,-0.07854603909632397,-0.12537656412590006,-0.04785856517399249,-0.6773140399058662,0.0031393721190089625,0.26026164515259825,0.00011051062523546378,-3.140360845378263,-0.00038962116145005763
13.959192514419556,1.2676834714656757,-1.5325908960679493,-14.949407188153328,-0.06873622031605654,-0.13466906678657248,-0.05024910226600604,-0.6773124667149619,0.003149249976886644,0.2602752676936466,0.00012411620928297652,-3.1403299594014413,-0.0003873697654807315
13.967185974121094,1.2903599210771948,-1.2923488266132732,-14.857896906910932,-0.07198666360312186,-0.13218328076558375,-0.048766061465044745,-0.6773114305190262,0.003139326177660693,0.2602698757528331,9.027449662165824e-05,-3.1403492410590124,-0.00030933749741841394
13.977179050445557,1.4237252684934372,-1.226552879727842,-14.645312787233404,-0.07614962349682122,-0.12519785099151642,-0.06087236413174305,-0.6773162792377941,0.003110375149095371,0.26026852598444933,0.0002019459741576462,-3.1403406481169194,-0.0004159527647582633
13.987231731414795,1.1863091029985537,-1.2732412918128182,-14.813570755598453,-0.07486667141847388,-0.1337160936918823,-0.05536743244219194,-0.6773016681419405,0.003116982372169295,0.2602704262634554,0.00011553313041839538,-3.1403775435039654,-0.00037201157640672573
13.995179176330566,1.4348923799834572,-1.1039684934961878,-14.8515518647861,-0.07995480513069719,-0.12785420940528425,-0.05404455574622584,-0.6773155372164064,0.0031400673321072825,0.26027435798339993,0.0001828655571987068,-3.1403012515095026,-0.00041559846424871894
14.003176212310791,1.2530028663571757,-1.2306150455714406,-14.824694302034434,-0.07547180223650041,-0.13440797681638783,-0.05257984184486299,-0.6773154633181692,0.0031416279289492436,0.26026935009202856,0.0001040437634888224,-3.1403249927030337,-0.0003865817424075692
14.011180400848389,1.4459156907161177,-1.1862610684350023,-14.757809591985422,-0.07515137417123537,-0.13098712919858924,-0.04857864493353195,-0.677313382782835,0.0031168134953818284,0.26028881770792095,0.0002129727363292182,-3.140327134217221,-0.0004342091768937245
14.019185304641724,1.629177480268986,-1.0654322706775865,-14.931247380488745,-0.08055506210013492,-0.12650235678378394,-0.05629082529075441,-0.6773152428128134,0.003145544169202674,0.2602920850577629,9.20926529203617e-05,-3.1402853758289004,-0.00038030668015602673
14.029181718826294,1.3635709189804857,-1.0638435228041336,-15.163048462252938,-0.08213173224110971,-0.1339105742162726,-0.054432376716811795,-0.6773122370091869,0.0031183636297380454,0.26028525323730317,0.00015478108126529074,-3.1403176624104714,-0.00042490753814594304
14.039238691329956,1.3327039907615799,-0.9889450240211877,-14.78448021824568,-0.07735924944645238,-0.1309612734804904,-0.049495284863396466,-0.6773076806683077,0.0031358735164199432,0.2602826000585401,0.00012256059824062153,-3.1403314872381345,-0.0004922740519941654
14.049173355102539,1.7024128843748716,-1.0129786708315383,-14.936023241403289,-0.08009031560038667,-0.12341307993854546,-0.06734754246053948,-0.6773010498751239,0.0031050621742135295,0.26022865994694516,0.00018773419622196714,-3.1404210908196606,-0.00035086477901246873
14.059148073196411,1.4066363334047167,-1.37665482380788,-15.061976775063357,-0.07187500283907126,-0.12923325461507418,-0.04800737307672563,-0.6773076797406343,0.0031262566954337965,0.2602804334056005,0.00011750227180706235,-3.140318936313326,-0.00043662266309526555
14.069244384765625,1.214867312123931,-1.0543180776499268,-15.01512971239329,-0.0799370194282212,-0.13818164947565537,-0.053283540091584376,-0.6772996669431175,0.0031211225810987976,0.2602798701422384,0.00012079068608371022,-3.140364014447343,-0.00040236986539955705
14.077183723449707,1.5070660773424458,-1.2582657237023358,-14.941068135696508,-0.07650464873625648,-0.12474725281326801,-0.05699673951422637,-0.6773046316324453,0.0031547474429642116,0.2602781379065679,5.7857309684371285e-05,-3.1403623635618363,-0.00035105055933847007
14.087182998657227,1.515556238369185,-0.9471269206061542,-14.942776308885836,-0.07967386231316023,-0.12885990128803468,-0.05150501365736461,-0.6773101469285817,0.0031435980602217647,0.26026777952070407,0.00016152490112911842,-3.14034700544171,-0.0003818625372080545
14.095191717147827,1.0823138814104163,-1.5520956100207082,-15.04371947417398,-0.06836528915199705,-0.13941898508790032,-0.046156292257187315,-0.6773077052981927,0.0031115662661349956,0.2602474368920689,0.0001551142449060039,-3.1403572459008315,-0.0003660403000528754
14.103212833404541,1.3176853133036155,-1.0131460154729564,-14.943995561733656,-0.07868492305968915,-0.13251736931051128,-0.04821162231337055,-0.6773082519331242,0.003158893212020429,0.2602658200634455,7.877295997385483e-05,-3.1403244140584663,-0.00038210505766722304
14.111248254776001,1.489647735775029,-1.2371685155286098,-15.110005947340923,-0.07669452258590669,-0.12854172714184248,-0.04822674992666368,-0.6773140250251866,0.0031278984955127017,0.26022499668063803,0.00010367854142419769,-3.140427732013034,-0.0003603264724399876
14.121206045150757,1.6792869382207674,-0.7897943684922472,-14.870917480566016,-0.08466128263064869,-0.12749103372293882,-0.051006099613441526,-0.6773164641331002,0.00310353935144761,0.26025627537750445,0.00018085174681106014,-3.1403711406318036,-0.00041986420089366286
14.131187677383423,1.7487665422339231,-1.0604190955120165,-14.96404952143111,-0.08037900782888163,-0.12488756336947476,-0.05737693110883538,-0.6773204563856512,0.0031525048857686143,0.26025412338518783,0.00010395693943818358,-3.140348615007364,-0.0003148486877661483
14.139233350753784,1.6599368050745151,-1.0686326592834159,-14.820422253992339,-0.08056445769965671,-0.12868773674618247,-0.056284110094823536,-0.6773166528012501,0.00310942827086239,0.260275284325044,0.00015505832187681336,-3.1403633498589256,-0.00034082708665455493
14.14727783203125,1.8023629269720545,-0.9959923162638589,-15.092538720083981,-0.08093656594611023,-0.12324655433073607,-0.06193406218064824,-0.6773088507700886,0.003098586090362792,0.2602677064300351,0.000206614599969582,-3.1403356172387604,-0.00037847589807684805
14.157133340835571,1.6458107578570746,-1.0840537033659943,-14.980399367727975,-0.07535708576766015,-0.12749267691611937,-0.05820172365835507,-0.677317479447321,0.003123256553543984,0.26027580168525816,0.00011743618231104272,-3.140319264335926,-0.00040295425527448625
14.165162563323975,1.4741191354982948,-0.9178792613716781,-14.910958971484147,-0.07891404769351563,-0.13019511213577997,-0.056761177567005314,-0.6773072426539455,0.0031193511458239807,0.2602826599565936,0.00012227360215058143,-3.140351604927567,-0.0003995361664260589
14.175165891647339,1.6844692497467406,-1.223506291306736,-14.933747469388459,-0.07220324177087213,-0.12650133342086664,-0.05889863456262567,-0.677308982016008,0.0031298177536816293,0.26026039926330596,0.0001358833763229781,-3.140373506310543,-0.0003328260648519501
14.183166265487671,1.503798965506647,-1.243452749956304,-14.8549988171841,-0.07303611008947092,-0.1306727077086973,-0.05146058724994,-0.6773168624719244,0.0031556467639620436,0.2602666387249637,-1.8975651628417543e-05,-3.140347012783519,-0.00042231829462935285
14.191251277923584,1.4357337725980925,-1.2004952748129913,-15.000259406505723,-0.0751594588268121,-0.13080398710893418,-0.057020762989081465,-0.6773114302864924,0.0031252562424357298,0.2602943270932475,0.00019341504270778564,-3.1403291334616386,-0.000486329683617666
14.201191186904907,1.8145434740069732,-1.0497648180204562,-14.872043500269514,-0.07665052951938386,-0.12503710292088602,-0.05895430035207237,-0.6773167207405045,0.0031497190033108863,0.2602799703039375,5.953410796142383e-05,-3.1403321521311582,-0.00037985733717767585
14.211186408996582,1.4928127102269129,-1.0308035787440821,-14.84791259454422,-0.07762932369091834,-0.1304932801918746,-0.05648338253158247,-0.6773151041159142,0.0031632583954132364,0.2602794108432942,6.650869913402453e-05,-3.140316496635886,-0.00038484510532082496
14.221160888671875,1.650442193988273,-1.2160192943071693,-14.976248497912131,-0.07296232398094069,-0.1278005112595945,-0.05401470263237655,-0.6773214972474227,0.0031589384330803437,0.2602794920860864,6.492170182400668e-05,-3.1403157292931447,-0.00037750380983080144
14.231155395507812,1.3599293038285682,-1.1711964031560238,-14.909941051677311,-0.07145774153940086,-0.13488704023647993,-0.054951119499139105,-0.6773053481508424,0.003141706404581774,0.26028967072046827,0.0001040833661814169,-3.1403015267365006,-0.00042851388370468554
14.23919129371643,1.6552826121177289,-1.2643025475071397,-15.005065889104774,-0.07180603232771068,-0.1251621024121931,-0.049635162086564676,-0.6773133986277604,0.0031310957842027934,0.2602332482469377,0.00010243875018329203,-3.140397971837812,-0.0004584557343263044
14.249210357666016,1.3736674537943325,-1.4681156431942473,-15.033949639429496,-0.06718179438658481,-0.13347234194402294,-0.05052606642676196,-0.6773121330278006,0.0031595807940622963,0.2602764178371918,8.492268995610342e-05,-3.1403510379855097,-0.0004524959592012851
14.259151220321655,1.605734000405265,-1.3460557919820146,-15.025902582779333,-0.07363725627161002,-0.1287088609541492,-0.05242118183862059,-0.6773234994611665,0.0031034273110956477,0.26028379711766947,0.00020118076497891384,-3.140307133831291,-0.0003802132576909545
14.269227981567383,1.5507898581269743,-1.417265801447764,-15.017587838062635,-0.06989869010187423,-0.1277826652655317,-0.05115923707258069,-0.6773090573997237,0.003144541963902828,0.26026732593809715,9.076306653422412e-05,-3.140321096271999,-0.00040911349420945506
14.27916955947876,1.8656343008170644,-1.4532387499371433,-14.875047922063741,-0.06842161083454794,-0.12687057566049756,-0.056051684814054474,-0.677303931841103,0.003110236068454925,0.260271892298938,0.00014717597359300438,-3.140357893385987,-0.00039737531380266506
14.28924036026001,1.8576274139252829,-0.9189624601801393,-15.033713999048553,-0.07939414879309746,-0.11968403851376001,-0.0518161327797934,-0.6773076081957148,0.003124787924709371,0.26025483260334964,0.0001478953378138499,-3.1403834928401637,-0.0003822762365167149
14.299287557601929,1.4673881241430435,-1.2679166252913596,-14.92421648500379,-0.07198742941116927,-0.13024842132697897,-0.05376483015257608,-0.6773098679191667,0.003159447117718624,0.2603027400167387,7.007723417597283e-05,-3.1402979268299953,-0.00038329354196637753
14.309248685836792,1.5460204349058746,-1.0835954332269586,-14.900331050304308,-0.08062822887686488,-0.13203087832714983,-0.05485712593725809,-0.6773095282083407,0.0031393223225256324,0.2602748613950051,7.819908556724822e-05,-3.1403540343916374,-0.0004056090181437279
14.317163944244385,1.7317283525867357,-1.2887786106394412,-14.806234697470208,-0.06793297679784766,-0.12946586673276064,-0.054708199304266306,-0.6773105404565763,0.0031102455703852934,0.26026475395184884,0.0001933622995290138,-3.140319604366046,-0.00034308557424610214
14.32723093032837,1.2798738219287582,-1.3154390387314845,-14.973929708374731,-0.07637823216724929,-0.1398141527946021,-0.04968880140348802,-0.6773054254784878,0.0031331947880836953,0.2602686887818195,0.00012916668491314796,-3.1403645812553833,-0.0004006390751103249
14.335227727890015,1.3390542678285795,-1.377789589805018,-15.070582863645381,-0.07056954313918494,-0.13560110578216128,-0.04996471431118321,-0.6773076756534665,0.0031044093140931398,0.2602248797651906,0.00021349586443404346,-3.140397919160903,-0.0004185912364717131
14.34319257736206,1.345142865967994,-1.091668671708761,-15.105440836890208,-0.07741400684027747,-0.13647846464261934,-0.05210062548389707,-0.6773146253600099,0.0031490004325439957,0.26025968603028526,0.00010227651145498818,-3.140362044673215,-0.00035564263785731567
14.353142023086548,1.4071325170962574,-1.2214379665409372,-14.968576491829088,-0.0747011300630848,-0.1374602433533326,-0.04711312117788121,-0.6773139261190751,0.0031349407959541777,0.26027724949534004,0.00019226673469028118,-3.1403230373532662,-0.0003682162157651446
14.363234043121338,1.6578916921012914,-0.7965619066965304,-14.84197493523167,-0.08134524176792743,-0.1311293135841101,-0.05695383230225593,-0.6773179998975097,0.0031526656532989607,0.26028406054488845,9.062943136252703e-05,-3.140295431941022,-0.00047025589657089537
14.373205184936523,1.6255850914583252,-1.2585900216820651,-14.828276768573788,-0.07665117071232498,-0.136171274990451,-0.05544357610634835,-0.6773109495770456,0.0031196149042400844,0.26027353980146506,0.00016709957799338482,-3.140309701811663,-0.0003600881624450681
14.38118052482605,1.6540928482601829,-1.1752595400628931,-14.698721252099565,-0.07515115323668577,-0.13658417078815654,-0.057870212354486146,-0.677322909505639,0.0031433845384218452,0.26029549376949945,7.176081699415484e-05,-3.1402793493201324,-0.00035863878681170795
14.391305208206177,2.062925459814428,-0.9796670918268716,-14.719351704120065,-0.07921583616743905,-0.1292113322336449,-0.06331792508852131,-0.6773004621515641,0.0031032382061139336,0.2602808415640267,0.00020658111995105685,-3.1403255848006566,-0.00035499906444534174
14.399218559265137,1.671255370255226,-1.1569472192226107,-14.599685499771455,-0.0765190520074571,-0.13533119097982274,-0.05201172322525533,-0.6773009183980898,0.0031358306818740555,0.26021593652700425,7.865142018716123e-05,-3.140423979682591,-0.0003567023525887131
14.407159805297852,1.7104624600152745,-0.8869339453509564,-14.86236406483432,-0.07999915405616545,-0.13632716010702361,-0.0557242854489707,-0.6773127556077033,0.0031178587703413418,0.2602947723199,0.00015568277478538668,-3.1402891136603315,-0.00041955832503382537
14.417165994644165,1.6811149031991675,-1.3235789710078623,-14.900671488617373,-0.07159263058262927,-0.1401557307553641,-0.048272672345794146,-0.6773101573734535,0.0031228741622788938,0.2602976689097934,9.049243465050886e-05,-3.1402901158257817,-0.00037415769866405756
14.425156593322754,1.6043366765734415,-1.1227860579647162,-14.805693166469409,-0.0770555094904038,-0.14065333893099047,-0.051522405520409355,-0.6773214342786016,0.003172702224586425,0.2602897155825703,6.643675700239642e-06,-3.1402894749950985,-0.00037907386272378847
14.433166742324829,1.5376809984025124,-1.3959049192060085,-14.79299505319869,-0.07324198329044847,-0.1409075844931601,-0.05279339655519596,-0.6773000456011398,0.0031177074376888664,0.2602357364255564,0.000142947731193157,-3.14039916421164,-0.00033650955248726826
14.441254138946533,1.9329624258902105,-0.9544998318572248,-14.795088234922064,-0.08245592865923128,-0.12955451914369462,-0.06044683765966433,-0.677308277200289,0.0031272242043252356,0.2602670300821874,9.67202472420418e-05,-3.1403816115724554,-0.0003371651190006873
14.451258897781372,1.5065670305871044,-1.0447115876602757,-14.867391609432135,-0.07862728416805467,-0.14215222459340485,-0.052414859230551496,-0.6773227269694342,0.003115850197179923,0.26026437830294424,0.00018068067019158675,-3.1403639198964104,-0.0004223465772044005
14.461171388626099,1.7506876646715936,-0.9744902815400364,-15.022631633803307,-0.08148101040012366,-0.1353759863884816,-0.056378247543529575,-0.6773168623328326,0.003150900894373857,0.2602281950344108,0.0001363974880787729,-3.140377021356053,-0.0003383698110405392
14.469186782836914,2.0593042878472327,-1.0991699477724526,-14.910828081547072,-0.0759211552936602,-0.12899362088266725,-0.05327032374357857,-0.6773072209073592,0.0031391519667891533,0.26028312447943497,9.728367753830699e-05,-3.1403173621666265,-0.0005043843397055702
14.4791419506073,1.6984500941558454,-1.2858334361082906,-14.898632850554423,-0.06944843545400602,-0.1403894646723697,-0.053605532378875866,-0.6773213840845166,0.0031126414220995864,0.2602772030194322,0.00019289761993463757,-3.1403244699615924,-0.00038915576940270173
14.489166498184204,1.9251394992770932,-1.0854419469231285,-14.954623724334274,-0.07357301061282012,-0.13639979142181385,-0.056017501581382044,-0.6773248990086456,0.0031347430235029792,0.26029915695828,0.00015486812440712228,-3.1402719365887455,-0.0003916288228983085
14.499193906784058,1.6970211653435903,-1.2148343886592121,-15.003591496117021,-0.07271944251421858,-0.14183319785483964,-0.0557933604858514,-0.6773165727124747,0.003146439953747517,0.2602484097083291,0.00011623667742165962,-3.140340589399396,-0.0003623414195494041
14.509223699569702,1.802788213232704,-1.1398324511490008,-14.89652956445257,-0.07265767692138374,-0.13455123198614444,-0.05866285548599345,-0.6773220800489997,0.0031292308388300547,0.260269271803359,0.0001310894532519065,-3.1403118718903147,-0.00043890543899099396
14.517167329788208,1.9224927914134047,-0.925042454787216,-14.75094605469723,-0.08015165354658418,-0.13608486312333878,-0.05665892241695864,-0.6773181284049904,0.003154082090241209,0.2603002909879703,0.00010906128723357115,-3.1402916865946207,-0.0004930283583846587
14.52721643447876,1.9360913683213803,-0.7883569363160338,-14.681628865821132,-0.08250407847724302,-0.1385459488337844,-0.05253119276699283,-0.677322144888341,0.0030943013943004415,0.26030224430358373,0.0002591829744636175,-3.1402507519268514,-0.00038683399581958223
14.537166833877563,1.6401640530805288,-1.183800592643445,-14.92715805395103,-0.07201852395347759,-0.13959723940402768,-0.05983506682986858,-0.6773229231405408,0.003134633275293198,0.2602938195523431,0.00011092117761851696,-3.1402643888618527,-0.00036336200696751933
14.545238256454468,1.3531905858956839,-1.219534102502525,-14.921432993034571,-0.07325686607350493,-0.14907845859599866,-0.04754922712181628,-0.6773164962378503,0.003110675582220059,0.2602631230054556,0.00023209892694815303,-3.140331754878633,-0.00037214452255672264
14.555182218551636,1.6796841867860592,-0.9933607334066574,-14.899591686958045,-0.07339994922976407,-0.14466681403644832,-0.05568236764829425,-0.6773060546477089,0.0031470382561968324,0.2602855164556935,0.00020803315886827551,-3.14031689382329,-0.00042368649354623274
14.565222024917603,1.5583582499440185,-1.0700818445243863,-14.97078543100786,-0.07435939969814953,-0.14080631650256115,-0.052111226902250105,-0.6773183691394965,0.0031284834703260212,0.2602942569224687,0.00020806999792096135,-3.1402845325818256,-0.000402038377588532
14.575202226638794,1.580109343523948,-1.1867981533698586,-14.936316711134474,-0.0710759243788126,-0.1429613727166189,-0.04893614972720675,-0.6773071397539376,0.003126770201175224,0.26028719263436545,0.0001993452497322749,-3.1402888310956065,-0.00040046812620022406
14.585169076919556,1.6272221086360341,-1.2069175294964194,-14.831366382982019,-0.06934584527027282,-0.14319958364278518,-0.058766174219575515,-0.6773170365709149,0.003130660508582953,0.2602799683929926,9.746273962877017e-05,-3.1402920979465496,-0.00034670056555668023
14.595317125320435,1.6407381429262033,-1.206109091226204,-14.854197973038284,-0.0673249833869411,-0.1444499285853895,-0.04789813481947982,-0.6773164745825766,0.0031595895271710754,0.26024361942666707,5.81841342809861e-05,-3.1403792035608786,-0.0003378239101683379
14.60517168045044,1.8983682641095547,-1.0378865996817879,-14.974663124634048,-0.06940593012560235,-0.13530105258458974,-0.05348814940905711,-0.6773190274517177,0.003127522807571667,0.26028286672417283,0.00021819324775300216,-3.140272518054558,-0.0004248244797053443
14.613181352615356,1.7752236252841882,-1.1498537021729414,-15.053964739057387,-0.07334834820697457,-0.1407660669392828,-0.0626167609305912,-0.6773033775776085,0.0031633994459881846,0.26026713852731764,0.00010385326004585285,-3.1403584814253,-0.00041177528479981824
14.621175527572632,1.3799682812157177,-1.4378307420309735,-15.143289745360025,-0.06356819854456412,-0.14825697554042405,-0.04871566037042617,-0.6773179578220893,0.0031303655644138815,0.2602711149213715,0.00015508178613623304,-3.140309104607853,-0.0003794431901240222
14.631222009658813,1.7641597160065992,-1.0219584657990943,-15.014415210794626,-0.07527422886111083,-0.14126051113289723,-0.05215878442031772,-0.677329060009138,0.0031338893911732595,0.2602941474754141,0.0001939569613384972,-3.1402636754851176,-0.0004133524070089545
14.64113473892212,1.8058390366825543,-1.2060079392517475,-15.055218028240455,-0.07116379938024776,-0.13965300518192256,-0.051687592245916555,-0.6773166945220587,0.003136066329785115,0.26028481639895645,9.171017678573777e-05,-3.1403285292356617,-0.00046657970570636564
14.6492280960083,1.4411234100513144,-1.0816775058721408,-14.970085335058798,-0.07105727164647399,-0.14561893321212704,-0.057309550498456846,-0.6772925215481101,0.003155178886279293,0.26030306674993137,9.872215353191459e-05,-3.140302345022742,-0.0003817210157007626
14.659251689910889,1.4327996725288126,-1.2233993669602352,-14.972838683152442,-0.06576187405841498,-0.1488894769475974,-0.04867125385924384,-0.6773267605958496,0.0031221006838472545,0.260292801562205,0.00017546436328308917,-3.1402522559725203,-0.00045812463636904456
14.667240381240845,1.8884747187486606,-0.7946153620936517,-15.044463757444008,-0.084713151572987,-0.13742082737503095,-0.05432165818217174,-0.6773149504173174,0.0031285454320122176,0.2602704315258523,0.00017366753088558082,-3.140323377447616,-0.0003557906544862705
14.677242755889893,1.6640857392405797,-0.8616850790866255,-14.93330379896539,-0.07574042870868247,-0.14408400212293274,-0.05884589322807502,-0.6773158926985765,0.003120243173053947,0.26024616104102216,0.0001734559861476843,-3.140378167486479,-0.0003312553174745414
14.687157392501831,1.5958073888886564,-1.2128213565624855,-14.75455266190123,-0.0722029197142131,-0.145786702131708,-0.05229308736092215,-0.6773238358535173,0.003118542569130064,0.2602921855300867,0.0001615658850389096,-3.1402867680413316,-0.00035394838719670415
14.697273969650269,1.7743735802754081,-1.1769338133314151,-14.998067108140518,-0.0694349952822794,-0.1458861972883019,-0.058010539163999716,-0.6772996729862059,0.003146569971287226,0.2602560021149243,0.00013629615890599768,-3.1403605891436124,-0.0003773066453363641
14.707143545150757,1.8037417400384603,-0.969552598448667,-15.045856060982207,-0.07319260590938127,-0.14114129367906886,-0.05808306038354216,-0.6773250812879253,0.0031276773871011885,0.2602826181304868,9.51704201257475e-05,-3.140342012240205,-0.0003836770764233572
14.715180158615112,1.3683114629672117,-1.4893656422122616,-15.113806833683128,-0.06257024429595617,-0.1550210185303535,-0.05169011243137497,-0.677320688310539,0.0031618998307800334,0.26029695649586826,0.00010436253145695675,-3.140249084686649,-0.00041337187732829833
14.72521424293518,1.5297577472315131,-1.0729908001942066,-15.027298272255994,-0.06949044557424885,-0.15122494064485434,-0.05093826203036014,-0.6773132736229398,0.003124269540923944,0.26027144313009865,0.00014830774563317174,-3.1403182751361225,-0.00042305606624450196
14.735192060470581,1.895422827811748,-0.9178439968038262,-14.946336288644426,-0.07457506705276544,-0.14358912039458166,-0.060218395774777424,-0.6773091779239929,0.003115551392071068,0.260281477929331,0.00011776387951668275,-3.1402937268961844,-0.00039878345100946685
14.743151664733887,1.9832888982561272,-1.2460850611767929,-15.06957058484824,-0.06760671367441834,-0.1430344165271047,-0.057352411998271687,-0.6773191322256065,0.003130668894909467,0.26024900527700945,0.00015491704522672403,-3.1403582179558462,-0.00041022544718810047
14.753137111663818,1.6616008220813987,-1.2497780792791529,-15.06063419260596,-0.07015272412407333,-0.15388852074987994,-0.05931623857093115,-0.677303504611901,0.0031337434123907344,0.2602481974147906,0.00013639014646026578,-3.1403617910550317,-0.00038142208085071807
14.763161420822144,1.7173932727219368,-1.089133695811035,-15.093511591863473,-0.0681232478556862,-0.15158164501080082,-0.052363914041768635,-0.6773175916966381,0.003093753269158338,0.26029982576497795,0.0002643022849111929,-3.1402710432576706,-0.00043226215092087355
14.771213054656982,1.707564961886816,-1.1247838562693997,-14.93872883242588,-0.0700918324826219,-0.15594061361763165,-0.05447330637058041,-0.6773182085374018,0.0031521043880497063,0.2602859499486125,9.75027945000787e-05,-3.140278822955461,-0.00038466251314337
14.781133651733398,1.8959730544382722,-0.8200597384481142,-15.048861886826911,-0.07703129372539842,-0.1528438798222041,-0.06156591526097759,-0.6773207939738064,0.0031567634306414903,0.26030790386173575,7.729522200122613e-05,-3.1402400403495316,-0.00041632794968984133
14.78930401802063,1.966363122084387,-0.9269849697832159,-14.936590208318401,-0.07331296983124766,-0.1498176807776694,-0.05188900694422523,-0.6773119800567542,0.003140156038885124,0.2602761206866013,0.00015477759183019768,-3.1403355916182147,-0.0004986167339187426
14.799215078353882,1.6431730129660091,-1.5048825893009388,-15.072826780536852,-0.06077484542434306,-0.16036924960975743,-0.04967231975919755,-0.6773311485805186,0.0031378477815153516,0.2602867198864619,0.00010269505580111311,-3.1402688414398585,-0.0004673569019250095
14.809140682220459,1.765415439734767,-1.301049892926345,-15.108891924325118,-0.06730826026806398,-0.15945576177547255,-0.05451693377930236,-0.6773031204739413,0.0031309910213052658,0.2602588684244854,0.0001226913618575307,-3.140361884149724,-0.0003746172869249471
14.817169666290283,1.6544880745263866,-1.511999123241293,-14.963776319467142,-0.06046342766801192,-0.15998326296040527,-0.05271421802654375,-0.6773155747709223,0.003133268816644213,0.2603064656556878,0.00017376981415925582,-3.1402580130971396,-0.00044949828361165385
14.827160120010376,1.8180821006782817,-1.1433720564956507,-15.184471070650446,-0.07332343951029058,-0.16248106397031492,-0.053513975109245465,-0.6773052019774873,0.0031114272224366836,0.26027575888553045,9.042266426282923e-05,-3.1403361230534377,-0.00033250733843525433
14.835160970687866,2.1459225622937748,-1.16808322536726,-15.112241121481283,-0.07164026223210852,-0.15726100884242925,-0.05588253080814447,-0.67731794150181,0.003118304281117477,0.26026917419507717,0.0001805084677332719,-3.1403155679121655,-0.0004063734176424716
14.843183755874634,1.9015689190343374,-1.1553752536024569,-14.958852037036834,-0.07088809798737736,-0.16796127018666926,-0.05202907890128125,-0.6773163699095516,0.003122836759142332,0.2602573558764041,0.00012990916767041427,-3.140313247747897,-0.00043825533224739054
14.853140115737915,2.1395782870894307,-1.0633711784396513,-14.848060963997476,-0.07431545850683577,-0.15916567144934068,-0.049459465378184825,-0.6773217606795853,0.003134987218581618,0.26027181441351743,9.066717394347118e-05,-3.1403060054225973,-0.00039495696972911284
14.861156225204468,1.9964879587900113,-1.1392346999796152,-14.833399535474998,-0.07150724654429028,-0.15992598814143152,-0.05788902555795814,-0.6773177786697142,0.003155750418051249,0.26032426881391696,6.525804658630616e-05,-3.140223752879878,-0.0005071693365977479
14.871232748031616,1.8578659468428302,-1.170654176689445,-15.280941277521643,-0.07234203293431854,-0.16526689423669494,-0.05192865091172494,-0.6773170262747009,0.0031494107170797355,0.260282018255166,0.00011598572536541138,-3.140305085245267,-0.0003831557722213181
14.879216432571411,1.932320555581086,-1.077897986322717,-15.016751245986061,-0.0711777538644233,-0.16378620608411662,-0.04601968458126528,-0.6773021138094405,0.00310572905382947,0.26026987543128577,0.0001938585781920665,-3.1403409021701756,-0.00034316243502914546
14.88917350769043,2.179220724581984,-0.8059511082399478,-15.070112181860676,-0.08143235457512414,-0.16318229900020767,-0.05122920857089564,-0.6773270012860433,0.0031382136174598497,0.2603084552806823,0.00019919882711378465,-3.1402434052543358,-0.0004489584469414209
14.8971586227417,2.1237500563067364,-1.1108319876507162,-15.061016954487215,-0.07145377707504397,-0.16238654679737483,-0.05740145735260412,-0.6773084958229231,0.0031270479949935186,0.2602765182158049,0.00012820084941757436,-3.1403074813742213,-0.00044022836667226533
14.9071626663208,2.126225524770127,-0.9715391531038072,-15.042542143549346,-0.07601062892050406,-0.16594360908104358,-0.057160361151948044,-0.6773180142016929,0.0031317305648080568,0.2602616269919944,0.0001738110460890605,-3.1403243120955975,-0.00039591701704330305
14.917131185531616,2.4326914752305053,-0.9213719165456667,-15.015891636068313,-0.07811549861673084,-0.15707733760448736,-0.05583830805582218,-0.6773213709310644,0.003112621183302381,0.2602425838020386,0.00017425944366840528,-3.140376389995118,-0.00041812098989919003
14.927167892456055,2.2752653673552925,-0.9726675937653741,-15.248318378711064,-0.07785738467759008,-0.15831134926268048,-0.06042692216455214,-0.6773199180607163,0.0031398526967244575,0.26026595410612124,7.173492103591259e-05,-3.140332879832293,-0.0003412920377866615
14.937160968780518,2.5507161519424817,-0.7489168943586496,-14.913536020722773,-0.08291512423816465,-0.15780507251723794,-0.057013109416539136,-0.6773146202893051,0.003105389598344065,0.2603052732359806,0.00018792012285188234,-3.140267266189496,-0.00045333359175962106
14.947162866592407,2.143484399398255,-1.0446614025299972,-15.003711667825048,-0.0738827847791594,-0.16863007123824095,-0.05021435888285151,-0.6773096233564709,0.0031269408890850516,0.26028841046999,0.0001363532471669073,-3.1402919745166886,-0.0004040523891579378
14.957202434539795,1.7364355210044762,-1.0862169208062045,-14.967031647614558,-0.07575601988712485,-0.17884727720338314,-0.0530425625415866,-0.6773242131050555,0.0031279400337045488,0.2602773144832117,0.00018086121399653958,-3.1402675502713486,-0.0004263676961113639
14.965215921401978,2.0395068556600484,-1.1915924798332642,-15.134152154710742,-0.07122258387852154,-0.17395577115026373,-0.05340945034383442,-0.6773094878296553,0.0031315251786598304,0.26025892746631785,0.00013668022173179457,-3.1403156264340044,-0.0004237312748235934
14.973187446594238,2.12416568135367,-1.186336469449233,-15.017866463678327,-0.06926934529187562,-0.17060334182715386,-0.05915672462224706,-0.6773217629346945,0.0031269936927788788,0.2602549301511786,0.0001247370285578759,-3.140303089733169,-0.0003620842633251433
14.983164072036743,2.460050981752997,-1.2862875804002858,-15.04983395745481,-0.0715407898863095,-0.1650643819573129,-0.056130918139079534,-0.6773179446667654,0.0031257218863343554,0.2603108929302942,9.74159793290848e-05,-3.1402483787804933,-0.0004991368599399846
14.991140365600586,1.918742454668214,-1.2411645192630663,-15.130517471102,-0.07143058212895934,-0.17577796323029765,-0.05369447717612156,-0.6773057610938279,0.0031306252475159554,0.26031629843745474,0.0001105741322419944,-3.140275744163009,-0.0003980091078915385
14.999225378036499,1.9595825056973182,-1.0503696583743642,-14.990458357493415,-0.07613921008657397,-0.1773974787243684,-0.054106594761852714,-0.6773161441264606,0.0031242422521077927,0.26028958898687515,0.00010401679422342013,-3.1402916042732136,-0.00034006587925143736
15.009131669998169,2.0626283910989405,-1.2036535695963766,-15.177021449934228,-0.07491964327929401,-0.1768568657130098,-0.053308814365094714,-0.6773202288526299,0.003168422356902762,0.2602795975803393,3.299687910894413e-05,-3.1402968502251607,-0.000410218500898777
