time,x_force,y_force,z_force,x_torque,y_torque,z_torque,x_pos,y_pos,z_pos,x_rot,y_rot,z_rot
2.281557559967041,3.7108222092840446,0.39273866051309886,-20.62984214716937,-0.07135464866503709,0.16384342076158703,-0.14986243507788294,-0.5485174764350144,0.08720290486658415,0.35453073628451115,3.207084216014447e-05,3.1412385109745586,-0.00016995675034009767
2.2916107177734375,3.6473822180111726,0.277200744715639,-20.714543613223846,-0.06401118402350477,0.1602408164863076,-0.14825803648188457,-0.548517436887214,0.08719101214450632,0.3545315291884513,8.604816611708153e-05,3.141250836872564,-0.00023898065345490628
2.301513433456421,3.3575798943309105,0.2505624747150024,-20.57774595342531,-0.06544505589782902,0.17356627412006195,-0.14158201158991118,-0.5485312103349517,0.08718547166744686,0.3545503430638277,-4.3360135941476885e-05,3.141320000022272,-0.00010777823395920905
2.3114912509918213,3.7092640348539767,0.4045928790815667,-20.34011976210368,-0.06121130331247369,0.18356806878479714,-0.1524476612046569,-0.5485146931189614,0.0871710923656324,0.3545014940317449,-5.195062466490256e-05,3.1411868517831145,-0.0001938326140368844
2.319497585296631,3.7260600765417755,0.8578636169680215,-20.392188409990943,-0.07795341307193261,0.1468432366526151,-0.14645147335442066,-0.5485233154449392,0.08721299062278254,0.3545172149281794,9.651749134380727e-05,3.141275510695817,-0.00017409020675701375
2.3275723457336426,3.5513573202927637,0.4631223760463844,-20.527116032475156,-0.06710484880546229,0.1710333087746496,-0.14869710530759642,-0.5485090365668468,0.08716701792531298,0.35451783406502774,3.342920908705709e-05,3.141298931525203,-0.00026351380376795025
2.3375205993652344,3.7292987774456154,-0.085737724675976,-20.615631252663487,-0.06079567624304639,0.1634843256145196,-0.14570467564740397,-0.5485127027244621,0.08718858861062655,0.3544849416585907,7.121858468807135e-05,3.1412517921165275,-0.00020316156117915598
2.3475873470306396,3.3111490902535876,0.5588965292157725,-20.5225509142946,-0.06849122328385367,0.1556517387549655,-0.14274356656914575,-0.5485165016650473,0.08718156127024464,0.35446499179788243,5.627155181960663e-06,3.1412591417470805,-0.0002545870988446196
2.355546236038208,3.4029646715073736,0.44361640408516684,-20.61459517395189,-0.06836798885692863,0.160043862930959,-0.13795958189651022,-0.5484974712440356,0.08716956295804215,0.3544266315608101,3.864585663189718e-06,3.141223457231356,-0.00015355366415141576
2.365525722503662,3.6644415879785335,0.37922390124166316,-20.699092216129568,-0.07025642558313193,0.1629969599678251,-0.1457676651827349,-0.5484934404905822,0.08715814921829676,0.35440118522960246,-1.4901763823410476e-05,3.1412370705652504,-0.00017738046582105858
2.3735132217407227,3.756881075867156,0.32667710669593825,-20.458213666607655,-0.06694319933717237,0.16480553689899063,-0.14197432210504732,-0.5484923070461978,0.08716402437250213,0.35442049063328246,-2.8446675149349617e-05,3.141345100102874,-0.0001627661351959717
2.3815224170684814,3.7860892962229182,0.5206667695096863,-20.49098862959895,-0.07114587353400498,0.17244922130901236,-0.14274382216964748,-0.5485036970624191,0.08717660937973712,0.35440741335863707,1.5711401733617898e-05,3.141366816026589,-5.590131858479723e-05
2.3895156383514404,3.7234594896324547,0.48267668817261183,-20.463706390664797,-0.06537795723333056,0.16914155924023652,-0.14662713472968747,-0.5484840768783651,0.08715886020621362,0.35439975549989994,-1.1640048588505629e-05,3.1414465251804984,-0.00011887097517843786
2.397528886795044,3.6786009531757418,0.41455897615313303,-20.56250075979682,-0.07056654437927445,0.16173476586375388,-0.14511665808505647,-0.5484835213519578,0.08716108535084534,0.3543683053465825,-3.7725633032945455e-05,3.141416751857625,-5.925832575797997e-05
2.407546043395996,3.8075385260258834,0.5988421232810817,-20.443442419030987,-0.07167415211584509,0.1629261227902324,-0.1496618468278289,-0.5484909607578259,0.08719314192023819,0.35436234381507015,9.518827354507487e-05,3.1414953521605766,5.601473359251694e-06
2.4155771732330322,3.706754005270287,0.7868732593798942,-20.381703668766693,-0.07208222688219197,0.16279992270452015,-0.14442748219000995,-0.5484687346571182,0.08717204570367196,0.3543116528347634,-2.178046688656222e-05,3.1415045516223885,1.0965184361183659e-05
2.423524856567383,3.5297767918674006,0.2713389262217105,-20.474516386378323,-0.06359766454389311,0.16358470114059354,-0.14420472727486314,-0.548487391501809,0.08717747695018474,0.3542938440119747,1.0232852640556988e-05,3.141566640763383,-2.535062040034417e-05
2.4335310459136963,3.316437549845121,0.3619614017769202,-20.496331138943386,-0.07008509680951709,0.1484168398902699,-0.1468238678414519,-0.5484584215869005,0.08717757852577461,0.3542757604838893,3.4533409881702746e-05,3.1415451482310823,-3.2572367335320255e-05
2.4414970874786377,3.6813166345006545,0.17793129779215439,-20.55917616155225,-0.06119730690181787,0.1690056720134482,-0.1475976754693074,-0.5484697764676602,0.08715520793748983,0.3542454191866613,5.080770373866786e-05,-3.141577719540088,3.473466678176522e-05
2.449657917022705,3.803424271122412,0.29267423186565716,-20.74803617407527,-0.06389264645862862,0.17153962487803298,-0.13672256248103457,-0.5484708122378519,0.08715687205987935,0.35419370335708283,8.808724203392888e-06,3.1415703327392794,3.190876032033799e-05
2.4594473838806152,3.781174361593357,0.6588473836908801,-20.515156791862175,-0.07736736871836104,0.16822983748142498,-0.14455102187662847,-0.5484566330199396,0.08715758284808649,0.35419064435371883,5.909733064477037e-05,-3.1415222565593726,-1.661838234157897e-05
2.4676003456115723,3.396978356053053,0.35553099407185573,-20.60818329164719,-0.06453808386304119,0.16353791896556993,-0.13954273477999488,-0.5484580958654468,0.08715153857347807,0.3541206776811896,2.8029306415105296e-06,-3.141555049693583,-6.367354452015437e-06
2.475511312484741,3.7786344242858596,0.7203944114254189,-20.574985344664835,-0.06894655879513846,0.1629207870788877,-0.14094021110802796,-0.54845139498114,0.08716437238112149,0.3540855363165873,-9.458850733449405e-05,-3.1415734433879052,-9.24153486800428e-06
2.4835565090179443,3.3861190344778307,0.7868593758855486,-20.544817267532267,-0.07708499855372704,0.15470384656218814,-0.14268316897443314,-0.5484568251612831,0.08714309779674687,0.3540863106912224,7.425452668951405e-05,-3.141494627757639,-7.426980649461025e-05
2.491499185562134,3.533528558557119,0.6261775002127218,-20.505108494648265,-0.06810474430930938,0.1638955641517664,-0.13692754045042513,-0.5484547565341653,0.08716233420497303,0.35403804761468194,-1.4321278105764045e-05,-3.1414990068248345,-0.00012201934666058263
2.5015323162078857,3.7767663099934796,0.6277685008372539,-20.63776210979517,-0.0680725175102933,0.16452848151062394,-0.14157387325017057,-0.5484646653640125,0.0871815331564719,0.35400222372117296,-5.195036353795772e-05,-3.1415198740504704,-0.0001209068792306002
2.51151704788208,3.505789114778214,0.24738137961367526,-20.738197422929613,-0.06468919624153675,0.1577049575355432,-0.13529971373831223,-0.5484662110592375,0.08717454462099684,0.353970331574763,1.4241346410440758e-06,-3.141453517728189,-0.00015701991203406293
2.5195186138153076,3.762930830923189,0.5506354799172759,-20.58510266503273,-0.07210207489857733,0.16318406732894486,-0.1402988791390309,-0.5484515857547897,0.08715204146465642,0.35389124346486145,4.713277759004085e-05,-3.14149787614676,-0.00010644307745536594
2.5275518894195557,3.346842846774543,0.40894852042812274,-20.727685841373752,-0.0665570368495475,0.1572944246137404,-0.13865220118592508,-0.5484627420335829,0.08716531303046698,0.35387031436364536,-3.673911608906305e-05,-3.1414626210503847,-7.184863718349116e-05
2.5355417728424072,3.4681572157182536,0.4483199645352286,-20.598089901920222,-0.06578410582153016,0.15909793871808592,-0.1360066073194465,-0.548465960621677,0.08717570136287443,0.35380495135570794,-6.050509791576677e-05,-3.141525689408044,-9.450622906642644e-05
2.5436437129974365,3.8456679302486148,0.5791316813584942,-20.579211930725197,-0.07320189478900295,0.16290225747215833,-0.13728964202573024,-0.5484661050190046,0.08716746441783271,0.35379052617588846,-1.373073447677508e-05,-3.1414641508518963,-8.538436181801272e-05
2.5536863803863525,3.711404824288332,0.6961627589251645,-20.673840946456348,-0.07044818862554272,0.1675249289299067,-0.13054857867002917,-0.5484512187285538,0.08713382916524516,0.35373486939181237,8.391146407659892e-05,-3.141502841346159,-4.4490222450529e-05
2.563530683517456,3.5628355522764026,0.5988882692113334,-20.548707806400856,-0.07445442306784479,0.16157412214225725,-0.13745031112172199,-0.5484845236591676,0.08716456389253054,0.3537311475546355,-5.043320529914384e-05,-3.1413913265482036,-8.246841714907445e-05
2.573519468307495,3.5474064126989924,0.4323278140935052,-20.680208867566858,-0.06734003212372043,0.1569430900805952,-0.14154674242093274,-0.5484685567094572,0.08714619083228627,0.3536178678080914,7.962695446393889e-05,-3.1414794479223445,-7.330993775143603e-05
2.583498477935791,3.7055752761846708,0.24336309938794584,-20.633368752951707,-0.06102490228593202,0.16136308095517002,-0.13680573444240252,-0.5484757042592938,0.08716546550741988,0.35357723863998536,4.3563848151080174e-05,-3.141508899488361,-8.190094175981683e-05
2.5934951305389404,3.5871792385684502,0.6217349342442456,-20.670499982522216,-0.06992922229901252,0.1594274898668903,-0.13557318919802916,-0.5484919882480528,0.08717365440321657,0.3534921050162122,1.836841833119148e-05,-3.141519667441627,-2.2724334418360003e-05
2.6035375595092773,3.3242887793558533,0.5145261495050957,-20.767046983699366,-0.06824295375987971,0.15885134135171944,-0.13752780795339428,-0.548488534501805,0.08718077043064014,0.3534492679276618,3.234302850713662e-05,-3.1415216010851457,-7.94453614891271e-05
2.6134986877441406,3.395478805494305,0.38874215465207834,-20.680326831175176,-0.06884504104680136,0.15690177709963393,-0.13619159748589357,-0.5484988128931475,0.08716215825079096,0.3533720907589156,1.5218950385025109e-05,-3.1415347347273155,-1.4680010207324528e-05
2.621508836746216,3.4490153068977873,0.5476294885436235,-20.600454345454455,-0.07135568152809561,0.1574258413995096,-0.1357723809579474,-0.5485058453492904,0.08715486817645496,0.3533039464696417,-0.0001114003669512876,3.1415896594163844,4.279683123729641e-05
2.631528854370117,3.2715673334341595,0.45753867996890424,-20.647425103806317,-0.06589743342626428,0.15828780815023027,-0.1262108100090846,-0.5485015755838606,0.08717309875858754,0.3532657878032533,4.13272916784437e-05,-3.1415693464057473,4.022746310278205e-05
2.6415927410125732,3.5730014484914503,0.3871565395956941,-20.891811862230107,-0.06308960023671997,0.1597524659852958,-0.1405005365945756,-0.5485153093579724,0.08718935706690759,0.35322833545389437,-8.588146343773532e-07,-3.141555823968561,-6.0157953664648526e-05
2.649531126022339,3.5135907352431612,0.48236447492537216,-20.712559640534863,-0.06582316742723122,0.159515794531563,-0.1394643562422794,-0.5484943519907266,0.08717160939660762,0.3531696836303371,-5.9120534685441515e-05,3.1415535445472007,6.531732534796389e-05
2.657576322555542,3.624390891251283,0.44535635892044534,-20.818910825447247,-0.05771259513255339,0.15680084355685947,-0.13618971867182014,-0.548528526848437,0.087181516562083,0.3531354600205918,1.7344423491205135e-05,-3.1415326927456353,-2.566767578132161e-05
2.667541265487671,3.8691352595585586,0.4983849572953617,-20.560919466699662,-0.06642182163842023,0.16687668766836247,-0.14109583895845004,-0.5485162037688611,0.08716437373880223,0.3531135888915239,3.5447715472255756e-05,-3.1415043396727653,2.7446551842192193e-05
2.6755282878875732,3.4562805540777637,0.22367929167660502,-20.72431925551362,-0.06637418067467174,0.15621960944329757,-0.12809560346752258,-0.5484964211149057,0.08719449653258542,0.3530423756442825,-3.275040668026598e-05,-3.14154722260311,1.8446765224290698e-05
2.685565710067749,3.511215745234228,0.211326586646061,-20.719271274982038,-0.06038374117368869,0.1666513212011469,-0.127941856477456,-0.5485118144467309,0.08718436917767895,0.3530175071772168,-3.935660215298501e-05,-3.141528492968816,-3.187921171344861e-05
2.6955747604370117,3.2845302481001837,0.0665508186719483,-20.643964983630493,-0.05715224480585491,0.1478222022668052,-0.1288309654757032,-0.5484858369603167,0.08719628168513059,0.35296034736592774,-3.786050288567223e-05,-3.1415390501451284,-1.9265718666598382e-05
2.7055113315582275,3.6867236839568847,0.5467441405420154,-20.42069888917645,-0.0655764608525077,0.16154159244202262,-0.12885560993339976,-0.5484998894612826,0.0871471571345985,0.35290326172273884,0.00012209075741239207,-3.141549320443163,3.1201170507670796e-05
2.7155535221099854,3.369974420488387,0.24769215040831255,-20.599874896957466,-0.05726006040271032,0.15115799932051355,-0.12927012461131326,-0.5484941140219289,0.08718998196982877,0.35284687637876644,-9.87582199280732e-06,-3.1415635618661146,-1.822910511754474e-06
2.725529909133911,3.7822680815776466,0.36091459489875005,-20.76371699773638,-0.062130525102228815,0.15831225409610625,-0.12887463059404575,-0.5485076689973438,0.08714386015657823,0.3528018659190485,0.00015834614126387225,-3.1415516609629197,1.8438097512131086e-05
2.7355146408081055,3.9631430297879717,0.6165288205143732,-20.699851976690237,-0.0668345479982767,0.16090483346483503,-0.13302382541194868,-0.5485002149958662,0.08717703012307308,0.35274023046786995,-7.012180808063609e-06,-3.1415554570097624,-2.627635383921077e-05
2.7454919815063477,3.3760188036232117,0.4129710235245073,-20.819220657495194,-0.06530060289561752,0.15401811247400876,-0.1291695674984612,-0.5485121764884989,0.08719486489156436,0.352706165229677,-1.6885314893133705e-05,-3.1415001659003727,-6.386754869227045e-06
2.7557036876678467,3.4839295064833737,0.30284111654562823,-20.66597492544273,-0.0606470120878852,0.16651266385869856,-0.13107833471692598,-0.5484996552581441,0.0871870292671572,0.35266538088509264,-4.106707809325929e-06,-3.14149268706032,-0.00012371202097194025
2.7635130882263184,3.578262765667345,0.30409884421874017,-20.60538858699501,-0.06354816058029647,0.15767071240552905,-0.1309475816135539,-0.54848807528956,0.08717233208568823,0.3525863170897393,-9.651620705282669e-06,-3.1415540814594443,-4.078643571934157e-05
2.773620843887329,3.71294459990058,0.19387393482055548,-20.79616648010633,-0.060218717054339115,0.1572150156306224,-0.12728781382203636,-0.5484923563923416,0.08716930772705576,0.3525749364162467,-2.9040903805451697e-05,-3.1415118521922207,-6.853626909835503e-05
2.783600330352783,3.513760461698999,0.3920433629350543,-20.69264759111994,-0.06401396134943121,0.1532231176102148,-0.13165578977676465,-0.548494176371722,0.08716363309129439,0.35248725697351085,7.02993432317264e-05,-3.1415755981915687,3.383836489979206e-05
2.793545961380005,3.5540893233874185,0.47238077238291876,-20.69479390860389,-0.06323197259567745,0.1570871446638337,-0.128601683524949,-0.5485006933317709,0.0871623487482161,0.3524796495865885,4.523362775554651e-05,-3.1415182412232046,-9.169609591362872e-05
2.8015270233154297,3.5627007682191563,0.2831516978477571,-20.63264671964317,-0.05911003751737334,0.15876359368556944,-0.13140068046892922,-0.5484945947993144,0.08717351217810364,0.352444675261811,2.7534408037539186e-05,-3.1414474042402993,-9.414325576529925e-05
2.811551094055176,3.454697538538077,0.4015466819521297,-20.530848709311044,-0.060842033076235924,0.15380566422230507,-0.1267175833388478,-0.5485027728124043,0.08718048760694902,0.35240747199144473,-1.5791136537389368e-05,-3.141459295075698,-0.00014278171354622338
2.8195037841796875,3.739751625691215,0.33350959341652414,-20.678331845095038,-0.05938160462040203,0.16294953124771297,-0.1281358903279648,-0.548499583002482,0.08716383411129136,0.35233971435448475,-5.053172951847358e-05,-3.1414853952097324,-4.025346139532211e-05
2.8295319080352783,3.568480788545549,0.36719905350980236,-20.563603512899892,-0.06965040147848885,0.15358924633209312,-0.1290954352952442,-0.5484941589629782,0.0871836167936357,0.3522642654984024,-0.00010483779216226058,-3.141547913576494,-5.437168955754304e-06
2.8395373821258545,3.5086072303076232,0.45883907497132476,-20.638738301581586,-0.06759222025203455,0.15304520288713033,-0.1240750551134157,-0.548499844385143,0.0871861994691144,0.3522014655857024,-1.4939919665743462e-07,-3.141581499784975,-6.708114890192581e-05
2.849506139755249,3.4603879147202337,0.4165459622879973,-20.65659500311183,-0.06162478258571899,0.15777106525842682,-0.11908768636613626,-0.5485017409609725,0.08719711959751798,0.35217086606847436,-3.646350404171378e-05,-3.141547999916031,-6.122821032431672e-05
2.859585762023926,3.649668591166257,0.8978921415061224,-20.658750789796013,-0.07197565452596891,0.15972677797217305,-0.12657838203443325,-0.5484975810120367,0.08719630229524349,0.3521198568632572,-6.868845862529844e-05,-3.141526719395078,-1.7787692814294887e-05
2.86763858795166,3.6028068747323214,0.41648750778605015,-20.643777500446856,-0.0636050912169278,0.15570175748164408,-0.13219115364245673,-0.5485003112687569,0.08717127626268224,0.3520496058484078,2.483935452902695e-05,-3.1415498800798405,3.4061111258107244e-05
2.877520799636841,3.6697759308027442,0.5455447494078944,-20.762720341863506,-0.0714032605035712,0.15919305672081943,-0.12545608760314553,-0.5485043951110069,0.08717598347421227,0.3519987766701256,4.795825185080657e-06,-3.141583992730858,8.384907233847297e-06
2.8875315189361572,3.764257853238722,0.5834626613322156,-20.58106941474188,-0.07163367975359147,0.1633090426551436,-0.126081991706102,-0.5485127192291007,0.08715369187061746,0.3519629909584625,0.00011550394573328129,-3.1415582982505033,-5.692551712660931e-05
2.8954954147338867,3.2219800158362486,0.6812950026041781,-20.6807651065969,-0.06885888053259609,0.1538782598256769,-0.11204959781894308,-0.548501792062296,0.08719883017228623,0.35192279523497866,3.755501972795245e-06,-3.1415356517657114,-6.651693763003421e-05
2.9055793285369873,3.529553209814156,0.5216317274396887,-20.74606268942327,-0.06626603548815467,0.15153342557460084,-0.12010039224345238,-0.5485168407027926,0.08717887099414579,0.35185993879891,5.320384863845919e-05,-3.1415914002433993,-2.906225397980341e-05
2.915607452392578,3.4743513358272176,0.36365505624384487,-20.877591574326274,-0.06653567190043369,0.15173892463129365,-0.12736120070145002,-0.5485101957897671,0.08715848324386322,0.3518180413139948,3.755453439037285e-05,-3.1415433899513787,2.4290159238991747e-05
2.923515558242798,3.477190355450292,0.3185061996124829,-20.665062135327897,-0.061629457670603786,0.15476196006464293,-0.12362559396145598,-0.5485017438373007,0.08714142542278365,0.35175575923415603,-6.909531293673999e-05,3.1415688384843095,-1.965991006388307e-05
2.933509588241577,3.72262492076455,0.3991556826970981,-20.660791038819504,-0.05779656657524635,0.1591314794485514,-0.12162106120703708,-0.5485036815028165,0.08719453543278652,0.35171764641691433,-7.150734390173461e-05,-3.1415562893255973,-1.9657855999077717e-05
2.9435055255889893,3.5572343539249998,0.7494257458793674,-20.494424602631916,-0.0692614117379962,0.15947929525065213,-0.1213026694561969,-0.548495433960673,0.08717226860373016,0.35169713376668876,7.109338318286024e-06,-3.1414869518166477,-3.180158820570525e-05
2.9535610675811768,3.6396963361394663,0.47481292122852514,-20.614547874227398,-0.06223215188246188,0.1551700951790703,-0.12254601330863803,-0.548500646540183,0.08717562258015822,0.3516161637459198,2.915421706126356e-05,-3.141561286817395,-2.157421154935986e-06
2.9634668827056885,3.6324056278776786,0.3424267600208077,-20.552035500327055,-0.061447418604676424,0.1546579422825051,-0.12309500058451114,-0.5485061525457856,0.0871861318979606,0.3515674293262008,-3.663221594004925e-05,3.1415865409375496,-2.7894684254676434e-06
2.973581314086914,3.5646063846839318,0.15699319679132495,-20.690205845795557,-0.056996319723295434,0.15651967165324523,-0.12396596279399787,-0.5484997189579947,0.087186172030876,0.351525789508325,-6.011387101459505e-05,-3.141525861116102,-5.29245486503108e-05
2.9835848808288574,3.53394558863379,0.5080938184547091,-20.6524427238141,-0.0669298366006778,0.1499131716221714,-0.12656957973318173,-0.5485094599579802,0.08716778710157651,0.3514647784515918,-5.989315322083939e-06,-3.141551112870992,4.890470760452866e-05
2.993572235107422,3.381973769711481,0.5843147976353978,-20.732071264743187,-0.0630194386694885,0.15384384652915142,-0.12466246481596309,-0.5485141106180874,0.08717479829761698,0.3513931429956343,-1.857044859695338e-05,-3.1415695334734965,1.879894772984781e-05
3.001591920852661,3.6303942819199126,0.4384746076185751,-20.663228796707283,-0.060522048965515766,0.1543603342867957,-0.12030215157307904,-0.5485079973624905,0.08715690672710538,0.35136872957140813,0.00011932300110786729,-3.141572248424689,-4.3265137619186595e-05
3.0095131397247314,3.6779724587218263,0.5869712794002866,-20.690861467664547,-0.06861276817138583,0.15799617665291854,-0.1237922325264304,-0.548510034208735,0.08717409743388994,0.35133472394419774,1.723412934025667e-05,-3.141531126208837,-2.615657497560423e-05
3.0195069313049316,3.5732770204725055,0.6099280785067299,-20.67771322088358,-0.06795006570714168,0.15502476422383335,-0.12399962751550586,-0.5484972216630322,0.08718796668640881,0.3512672977202809,3.272156685907052e-05,3.141591431602794,-8.769017497994624e-06
3.027562379837036,3.705898074051308,0.8238022203915728,-20.594564230274965,-0.07175293006891965,0.16258832000037435,-0.12240564585443213,-0.5484996079371685,0.08717296887251065,0.3512489009047831,1.2939218071168444e-05,-3.1415295007816217,-8.305159505721515e-05
3.037529230117798,3.1891054389793703,0.5108235996605086,-20.67431565221298,-0.06564588133163662,0.14707670886077862,-0.11830831776128677,-0.5485024605820241,0.08715647048891845,0.35117434203134573,-6.604508284903922e-05,3.141582728465652,-5.86477879078185e-05
3.045522689819336,3.5789833792093306,0.6039029210890541,-20.647785305633892,-0.06714765296595286,0.15786366295734502,-0.13067039870882363,-0.5484987120420003,0.08718765157596761,0.3511607495379646,-5.1226744919042277e-05,-3.1415685778124987,-6.844124290516724e-05
3.055615186691284,3.8886838769230696,0.5403364132270738,-20.5076850098585,-0.06772275736735467,0.1623903990204708,-0.12000826212617424,-0.5485134386402987,0.08718007138399572,0.35108692296394334,-1.66814844544599e-05,-3.1415626763586206,3.326033892657478e-05
3.0655295848846436,3.752632699632288,0.8425941978620903,-20.54098008761816,-0.06847293210383208,0.15699845851460104,-0.12273740409917606,-0.5484932064920921,0.08719690264169504,0.35105830517208697,2.6374825004125185e-05,-3.141565476085538,-7.253190119256532e-05
3.0755395889282227,3.6096686349903133,0.7984071470974339,-20.707315674338805,-0.06907364809718436,0.15156051349263414,-0.12170251315344882,-0.5484945420063448,0.08714926249186049,0.35096246338738535,-9.80927850078335e-05,3.1415319175510006,1.338099160415337e-05
3.0855374336242676,3.7038902021778988,0.7202539670219147,-20.611719304839756,-0.06874040113526564,0.1600201947775621,-0.11797017032285866,-0.5485055023442595,0.08715764779666567,0.35092512836713585,-2.646863081053817e-05,3.1415695513319073,-9.052835178696864e-05
3.093496799468994,3.728129014736323,0.6553997731353094,-20.357667622414848,-0.06549414974188777,0.15668082687199342,-0.1275007581722465,-0.5485143268659415,0.08717344079371525,0.3508750974449806,6.571925474225942e-05,-3.1415860246736704,-7.37086921794887e-06
3.1035587787628174,3.7476420990030537,0.7512239273708737,-20.411294870924966,-0.06579736821130679,0.15890862825664062,-0.12801687437982093,-0.5485194224217506,0.08716832215689624,0.3508617116098961,0.00013285151858082744,-3.1415263823262247,-8.80231175923918e-05
3.1115736961364746,3.634305283912703,0.559569503787865,-20.37640423609508,-0.06560158961696357,0.15607640999232364,-0.12105903679973005,-0.5485045256849447,0.08716780146751177,0.350769807922091,-2.9908685398244886e-05,3.1415752140940607,-3.253551875853395e-05
3.1196374893188477,3.590825645614567,0.5339571559589235,-20.501260591825798,-0.06307877467286133,0.1518270747416037,-0.11672473615392548,-0.5485191397836227,0.08716415860196211,0.35077466083701675,-1.3851684773424323e-05,-3.1415540745714132,3.119695115687072e-05
3.129596471786499,3.359085444438002,0.584901608656374,-20.573391742537062,-0.06546192331087476,0.14968989118636988,-0.11710875901012935,-0.5485312934045331,0.08715287161036048,0.35072448736963935,0.00014121984555458728,-3.1415366106815745,-1.3916043958398802e-05
3.137498140335083,3.5104269890318993,0.5628373801888841,-20.523493100129812,-0.06441522051668906,0.15226939343210372,-0.1190733572565947,-0.5485092515287036,0.08719738551391731,0.35066328506200845,-8.860747221756696e-05,-3.1415404427374365,-4.91607373827062e-06
3.1475539207458496,3.449356913728343,0.758900703201755,-20.67749512492771,-0.06869452503574286,0.15333090272247518,-0.12146198922043665,-0.548504154818359,0.08715377889066017,0.35062594987675144,0.00011810136412519924,-3.141574729092083,-3.8669558176501525e-05
3.157698154449463,3.224485536144858,0.35881262914239753,-20.810088188428296,-0.06558322275563706,0.14721436738646826,-0.1218032735567933,-0.5485096215609087,0.08714757202366777,0.3505422159671344,-0.00013252241376937292,3.141542501711528,-9.981336708486786e-05
3.1676385402679443,3.181133331650566,0.331787551708856,-20.913316291884083,-0.05843823867670356,0.14901861097301275,-0.11400408158319922,-0.5485145794236735,0.08717626097484892,0.35048272785556955,-2.441675194683989e-05,3.141573778539624,-3.10780240204055e-05
3.177621603012085,3.433849476265468,0.7608226968866021,-20.71144597335095,-0.06887132407858368,0.15226566008163853,-0.11340899184880505,-0.5485262937574826,0.08716928160185586,0.35047364162644945,6.530469339955146e-05,-3.141535877004531,-2.609499525600453e-05
3.185448408126831,3.8557183017727628,0.4828332516283465,-20.642714762555816,-0.0656690146187252,0.15938238124982443,-0.11744250784506392,-0.5485130072300478,0.08717899692207581,0.35040187474876566,1.380346940294411e-05,3.1415891343185813,-4.301775196908333e-05
3.1934964656829834,3.360685747975231,0.5165340736235242,-20.769784420510835,-0.06719079150406354,0.1501196498042794,-0.11887367501451204,-0.5485210362767251,0.08717740540105152,0.35036921510628677,9.288368319643187e-05,-3.1415742284239587,2.64434097658409e-05
3.2035181522369385,3.6763333471369197,0.5000389704163563,-20.66464964785488,-0.06569413889964851,0.15404353590878417,-0.12179326111065035,-0.5485200330065707,0.08718570351824118,0.35036358803749895,3.652925373946095e-05,-3.141485238857731,-2.246114413957622e-05
3.2115283012390137,3.602398451320364,0.4417336253658592,-20.594412796115034,-0.06267182460706228,0.15955180404861027,-0.12402925433242584,-0.5485107983714564,0.08719170304935601,0.35031890838026203,2.427861867109181e-05,-3.1414984805879063,-9.278132191918728e-05
3.2215051651000977,3.459992102060745,0.5747399859002161,-20.594059002260266,-0.06479037643259912,0.15361788075166652,-0.1153984356542074,-0.5485156779776137,0.08717973344128752,0.35027142733357536,-1.4143407937865813e-05,-3.1414732204815317,-8.974732379435317e-06
3.2315521240234375,3.4031311500123964,0.4737058339230098,-20.539696254322436,-0.06528887153293954,0.1486414983931739,-0.11918479465917135,-0.5485058451390876,0.08718524808868279,0.3501890586614703,-1.9403989394031774e-05,-3.14158654882692,3.105567368392672e-05
3.2395503520965576,3.3814578749427713,0.16581115284322043,-20.574601365945156,-0.05586164978145841,0.14902540059084973,-0.11891718239397835,-0.5485079812047065,0.08714044373252185,0.35018339531060527,0.00010444680741694196,-3.1414695865464903,-4.601459417570161e-05
3.249533176422119,3.469064642932771,0.3485536010786552,-20.5416960646362,-0.05960146354316775,0.1509132780190105,-0.11613562611543969,-0.5485165218177838,0.08715601964415247,0.35010197736699483,0.00017060103231088608,-3.141544919986771,-1.1103430398929203e-06
3.2596213817596436,3.5384469912987764,0.5351656387179254,-20.665613431821345,-0.06285022420144885,0.15259711564246273,-0.11520190446952086,-0.548507313671126,0.08719364548929999,0.3500581016080431,-6.710317852542097e-05,-3.141541651472491,-1.7364565371201307e-05
3.2695353031158447,3.4536277803106965,0.27663850400602413,-20.47470377377574,-0.058930885367261904,0.15484016459506236,-0.11515236314543521,-0.5485209862220493,0.08718656916482764,0.35002891258581714,6.542163112461468e-05,-3.141487590949935,-8.11930098354774e-05
3.279513120651245,3.7041148959075803,0.6954284725764135,-20.614276664759696,-0.06834725792856504,0.15539810181593922,-0.11954298621562628,-0.5485030789120301,0.08717502311379972,0.34996788145825797,-1.8999987951719706e-05,-3.1415391628964535,-2.6039996697512503e-05
3.28948974609375,3.540428958123736,0.5430061636142532,-20.637298261055765,-0.06697127949688597,0.1566727952929056,-0.11884543544114404,-0.5485279812983767,0.08716200171786997,0.3499285231688058,0.00011056657811190614,-3.1414910245525056,-6.232784559977742e-05
3.29757022857666,3.668112898052936,0.21581033071570577,-20.729432593230765,-0.057587990658557235,0.15441066888813948,-0.11738456590755872,-0.5485150628242672,0.08718565289237316,0.3498455313977772,4.1070395807712884e-05,-3.1415875246749034,-5.772167859734923e-06
3.305591106414795,3.466589814277078,0.24385808146135887,-20.593563347359137,-0.05653423490790409,0.14952914357904992,-0.1123667543448148,-0.5485195319246973,0.08718355949850283,0.3498270047344368,4.449218534532938e-05,-3.141529049120193,-2.3034660047117457e-05
3.3135602474212646,3.6692260873746445,0.869011586288385,-20.532040822333197,-0.07068892610749171,0.15817774440353866,-0.12387846321161639,-0.5485055280132787,0.08719063310512405,0.3497985601721729,7.259417416900856e-06,-3.1414594481327267,-4.824968847230219e-05
3.3215229511260986,3.4525383572631627,0.5930046858335186,-20.645826008825036,-0.0661745378861837,0.1550517412539165,-0.1169023309683651,-0.548521658069001,0.0871952441136428,0.34974798949566405,-3.983686518769944e-05,-3.141497568257198,-9.895622968341254e-05
3.3314948081970215,3.157676121907998,0.5799187716562656,-20.60100327806663,-0.0663973120176779,0.13738586063147643,-0.11483426677204081,-0.5485175221399983,0.08716789018413973,0.34974296782604286,0.00015109451377927057,-3.141464703910116,-0.00014084702395908105
3.3415427207946777,3.47999022166574,0.46964240162362425,-20.580658416095055,-0.06342043751462347,0.15378320331661235,-0.11424764761490695,-0.5485297115009721,0.08719413234241824,0.3496494617882424,1.917762146548558e-06,-3.1415215537597905,-5.439845744726231e-05
3.3495306968688965,3.688473390951595,0.4169311463017339,-20.497116112425083,-0.062323812364635946,0.15149217525142594,-0.12023011920000944,-0.5485174420284291,0.08716970234838456,0.34963461981866295,3.631698498348755e-05,-3.1414600804064237,-0.00013774949148296874
3.3576812744140625,3.6252011358383665,0.7017964051222212,-20.640184850480885,-0.06816843110013697,0.15474893092382663,-0.1193019325420984,-0.5485135648687993,0.08718972979712289,0.34954174421884177,3.0191731247136993e-05,-3.1415907370953557,-5.046743581925779e-05
3.3675436973571777,3.8175477589488027,0.5920315699211823,-20.552803251924434,-0.06458423674382532,0.1569315935963319,-0.1160751711788735,-0.5485175080056768,0.08718069405754639,0.34951258918704947,-8.820002039748777e-06,-3.141527296139955,-3.5933761855683794e-05
3.3755080699920654,3.2591626887569474,0.25906265821043556,-20.735366682108808,-0.05732823487383482,0.14412352857060962,-0.1118841186500596,-0.5485405151792562,0.08717585917268446,0.3494871460473519,5.9863017926823464e-05,-3.1414840821724885,-0.0001487454059220821
3.385608673095703,3.6995723571225834,0.33779931276961134,-20.408834686925022,-0.0585487494702024,0.15170327468541064,-0.1149192459854764,-0.5485336825037139,0.08716756735295597,0.3494204319103572,7.117700688070019e-05,-3.1415362425761533,-2.1710339353304592e-05
3.3955330848693848,3.3209769111330423,0.5214124207593546,-20.709530095149162,-0.06660550113567539,0.14971913476410884,-0.1135178153051383,-0.5485174482141346,0.08718742574386087,0.3493544954775649,-1.8249701411904026e-05,-3.1415669076719244,6.354249915305925e-05
3.405595541000366,3.3970706952150462,0.6977764759733253,-20.551833574784794,-0.06448605646915434,0.1502414135896622,-0.10735147420646948,-0.5485164720597988,0.08718495674324783,0.34928237444697774,-2.923951648842169e-05,3.141584515264903,6.924189414885199e-05
3.413607597351074,3.420868491107141,0.1668389254400964,-20.813037968400277,-0.05238065624794127,0.15014428764674245,-0.1098133940581319,-0.5485161455146622,0.087173585400129,0.3492867499767871,3.194615382542342e-05,-3.1414932493819445,-8.416993219993686e-05
3.4215033054351807,3.8101462940522435,0.3927886330677286,-20.60502912323649,-0.06223340836678615,0.15593190858675102,-0.11332608104726243,-0.5485424259942688,0.08718670085945436,0.3492364396716843,3.6994298156860284e-05,-3.141544519832997,-0.00012139430928375786
3.4295456409454346,3.4028642408982654,0.7198106270517086,-20.69359225772016,-0.06713311800333858,0.14410746582000972,-0.11579163773184821,-0.5485274677030225,0.08720092124562849,0.34920173121971576,5.425728734281632e-05,-3.141493920573654,-0.00010312835060843412
3.4394826889038086,3.3572846441070205,0.3097067503995326,-20.64634940506231,-0.057719411062523,0.15148921920887812,-0.11795645258069067,-0.5485236803041541,0.08717968495264548,0.34913384994322283,6.635797500872065e-05,-3.141560819801508,-5.003005006872092e-05
3.4495978355407715,3.7600536649563563,0.33287836810760685,-20.665722966722882,-0.05890903053925823,0.1574375517947775,-0.11304468578887664,-0.54853357838864,0.08716298729672202,0.3491344194770439,0.00015955944388731447,-3.141471866431627,-8.925695652756278e-05
3.45754337310791,3.721809627042198,0.6035647626340374,-20.50686478258541,-0.06585258913174355,0.15668206099203008,-0.11510446834361619,-0.5485095056544587,0.08716263881278474,0.3490532713580086,8.894714233431266e-05,-3.141559802399252,-0.00011384973071416764
3.467679977416992,3.686604811417912,0.14506501262376048,-20.81524405313452,-0.055708720508275376,0.15387342054076306,-0.11557851307710246,-0.5485157231640188,0.08716176182909188,0.3490024307875569,9.059278011578371e-05,-3.1415127047547946,-5.254982627008586e-05
3.475562810897827,3.3077113210560625,0.15185382652799848,-20.80843622516784,-0.05412978675542082,0.14740652354404882,-0.10489244935175474,-0.5485101980927596,0.0871943053130428,0.3489498351866991,-3.6824244425243885e-05,-3.1415744824087106,-6.967175860729924e-05
3.4855685234069824,3.5917779750217593,0.48316164359237523,-20.958792678692806,-0.05963472670185457,0.1587593543088175,-0.11864870819865134,-0.5485336140575935,0.0871855822703099,0.3489240608144093,3.282011349853127e-05,-3.141486592751618,-5.596956055291707e-05
3.4955108165740967,3.690121814546931,0.08619221960092859,-20.92806226871613,-0.056601320846656575,0.15250609982862007,-0.11002083154768383,-0.5485263330924931,0.0871652942833431,0.3488643698213282,9.439487462803581e-05,-3.1415314877438383,1.0152601066585944e-05
3.505554676055908,3.78615399430689,0.507532431105072,-20.615110810193823,-0.06522160214472757,0.1564981291222278,-0.11174792153505032,-0.5485254062211309,0.08717166920941731,0.34879427901513754,6.23980637267654e-05,-3.1415288108219848,5.308117926859168e-05
3.5155861377716064,3.3236650137489234,0.248375151041986,-20.763195795719906,-0.05608753030036161,0.14390429833695748,-0.10804918836244627,-0.5485089491900081,0.08718742228544483,0.34878169210263776,5.929204084226297e-06,-3.1415041426422916,-0.00013439760602486603
3.5254766941070557,3.4221660322690886,0.19988677691884155,-20.75278528729664,-0.05643351339365581,0.15084358921314048,-0.11793503122034601,-0.5485044747830385,0.08718661998010012,0.34870490454487535,6.725950719019751e-06,-3.141583225582956,-3.0115875765881993e-05
3.5355186462402344,3.1797583335349002,0.25379177640602535,-20.798098304563414,-0.05796381096232177,0.14889805300677128,-0.11419136038234576,-0.5485158819563357,0.08718170908617853,0.3486531195850644,8.439255520089509e-07,-3.1415478551581977,-1.2273078137028427e-05
3.5455071926116943,3.5808592414754212,0.1179033596349395,-20.713271404244203,-0.055153920993528956,0.15276059399563074,-0.10972722636760146,-0.5485188134361185,0.08717714871515105,0.3485783549353786,9.44860458147691e-05,-3.1415661324940816,4.940150915049196e-05
3.5555176734924316,3.546939200880529,0.49323059147341064,-20.623204614307554,-0.0643204354094712,0.15321560744967444,-0.10911866908372775,-0.548519897849204,0.08719570677543302,0.3485698357030039,-3.5532463634132555e-05,-3.141505226162921,-9.389405507514699e-06
3.5635738372802734,3.6037974364050758,0.4631776039733052,-20.806560917920898,-0.06119334226292593,0.15321849692407188,-0.10950864403934465,-0.5485194686481863,0.08717930939536486,0.3484900268782961,5.64413121754527e-05,-3.1415745643449524,-4.880690598251669e-05
3.5735175609588623,3.786301452499727,0.40806432904521983,-20.884808097810136,-0.05999190366956073,0.1596941094036491,-0.11071961996054303,-0.5485183480517606,0.08718570703286371,0.3484706364719587,6.5949558529098895e-06,-3.141515596085938,-8.675090824941554e-06
3.583573579788208,3.8023094799299844,0.09868421877006131,-20.70964120888453,-0.05491728233261067,0.15746742508529865,-0.11112691980210218,-0.5485145373452855,0.08719795944999381,0.3484361458825034,2.6098323333453394e-06,-3.1414963169510526,-6.160267768081463e-05
3.5935277938842773,3.5482283855605625,0.5167116980882657,-20.65454116902482,-0.06388090415976061,0.15316472908573842,-0.11788888638897457,-0.5485273630982612,0.08717593912739917,0.3483572452614544,8.269295836714054e-05,-3.1415444992507084,-8.742389662456941e-05
3.603578567504883,3.6004180759441047,0.36782619613192874,-20.82062384636669,-0.06065624537697726,0.15346619023180735,-0.11138197362070103,-0.5485285463451469,0.08717099275792439,0.3483201506657508,9.5767767914434e-05,-3.141517401256561,-2.1185111858774753e-05
3.61155104637146,3.8656285424826744,0.49623125875364577,-20.930654365092177,-0.06327178799718661,0.16078047795147968,-0.11916454307289166,-0.5485276421430499,0.08716740547209528,0.3482866861817004,4.93294973178454e-05,-3.141460557985005,-6.285505234256095e-06
3.621574640274048,3.4285336810630955,0.5637666510571211,-20.752867490314966,-0.06444771287189452,0.15048859482214766,-0.11590242033596564,-0.5485235818431135,0.08717756867736823,0.3481865744837432,5.210429448709644e-05,-3.1415784751041174,-4.266863293644669e-05
3.631479263305664,3.2355660655003775,0.0077709588563500045,-21.02041895381212,-0.05305273338658587,0.1471967713183583,-0.10861379780507946,-0.5485171468191644,0.08720492762328143,0.34814095993589295,-7.324285324530925e-05,-3.141572797961656,-3.855321360276834e-05
3.6395351886749268,3.4051394505189583,0.43674367829946104,-20.774859316326225,-0.0637656633150452,0.14915932570476598,-0.11552690418298157,-0.548525680406356,0.08716687717823028,0.34806045918538364,-8.80533530635081e-05,3.1415476031353773,-6.12611124464826e-05
3.64957857131958,3.4924000661956685,0.3054365309488842,-20.718856585183786,-0.055898494659278875,0.14697181068586557,-0.10797616281764578,-0.5485263214877953,0.08718253502516952,0.3480844096496488,5.233723181172189e-05,-3.1415231007631634,-4.3077684665516726e-05
3.6595261096954346,3.3600251464318975,0.40338621085487747,-20.825614160371135,-0.05995755761798794,0.15174697002512225,-0.10902950614413122,-0.5485217094406812,0.08713166864776606,0.34802524136357904,0.0002365952667859327,-3.1415253458269587,-1.2389664214613364e-05
3.6695737838745117,3.639678195418641,0.1398907620896942,-20.86585308914035,-0.05439462333641914,0.1551265792436463,-0.10715599603479838,-0.5485262675474374,0.08715420735730942,0.34792828440691864,-9.727852427469972e-05,3.141579192471768,2.625553659639653e-05
3.679518222808838,3.6381288681188257,0.4495323832404381,-20.886902267078565,-0.05837823898618139,0.15625190007350742,-0.11318598878366046,-0.5485256296863931,0.08718207492114383,0.3478891586727547,7.234140717256184e-05,-3.1415670999065433,3.0507272894958185e-05
3.689488410949707,3.3114210410617817,0.08321227662224116,-20.819701862860615,-0.05306689964772828,0.14440813237325684,-0.11278829711372751,-0.5485347662977822,0.08717326924263567,0.3478456130698448,5.256157256152349e-05,-3.141561546470132,5.087612282035981e-07
3.6995439529418945,3.1769246834987785,0.35583585768551773,-20.735245843592473,-0.057971182738190095,0.14445344919541128,-0.10699481416934514,-0.5485196191934005,0.08716323425874932,0.34780571543664096,5.469273658977125e-05,-3.141534567298395,3.28270530492311e-05
3.709501266479492,3.6858922189511403,0.00837095622780772,-20.708741878991106,-0.04919145379445112,0.156066941267935,-0.10910365852894653,-0.5485160818389705,0.08715944270093345,0.34769297028501295,-7.124666622829737e-05,3.1414959299671303,-0.0001306162117676705
3.7195370197296143,3.7308578721045706,0.3093116600765735,-20.824762560757183,-0.057311902483701216,0.15077912125975432,-0.11312217102834801,-0.5485123104691878,0.08717473719865801,0.34768608057580497,6.331928998059473e-05,-3.1415831035785557,-1.089257367965831e-05
3.7295098304748535,3.8002415600253308,0.2679700432001987,-20.911191299375464,-0.05344294719498836,0.15452818013161496,-0.11126428973523733,-0.5485123653090052,0.08717504307662659,0.3476247475272564,-5.274091109436164e-05,3.1415893251007474,8.98368405548415e-06
3.7395176887512207,3.7104496054670695,0.5937984300972348,-20.76546653529097,-0.06654507783848017,0.155317637350937,-0.11209075168552844,-0.5485178029934418,0.08714889930797855,0.3475678614654564,-0.0001968516300832413,3.1415728814994237,-6.589816771697885e-05
3.749573230743408,3.8339029312316293,0.46564736068821644,-20.659047270018444,-0.06600303062524518,0.16404242782402179,-0.10941397973960025,-0.5485270138912536,0.08716481845192069,0.3475111772639867,-5.60128513858705e-05,3.141580549523231,-5.4141385220411073e-05
3.7575278282165527,3.6989310183218285,0.44833878507872355,-20.806243793351587,-0.06441254742061037,0.1565629025972129,-0.11571080248342208,-0.5485209963659936,0.08718235385391467,0.3475092458040004,2.5590930331892494e-05,-3.141529546482094,2.4874807520074984e-05
3.7655460834503174,3.586622262298481,0.36178012419378025,-20.755965856744403,-0.06290759223847595,0.15167130409545837,-0.11150469203026199,-0.5485347521896401,0.08716079947382624,0.34747430158595916,9.742550415456991e-05,-3.1414805429224777,8.348348050998523e-06
3.7755932807922363,3.7020402231073883,0.6127915482782057,-20.758523420007606,-0.06417128519113578,0.15632213287465496,-0.11409827675932577,-0.5485266345593975,0.08716106779012306,0.34737737401626245,-4.6619103606023746e-05,3.141578014319555,-7.202751070381585e-05
3.7855403423309326,3.8156046074499326,0.3599346701719651,-20.75283317416928,-0.05827459240297001,0.16199281203837934,-0.10985914902150416,-0.5485189824124459,0.08717859193526757,0.3473492228713605,2.842017199398152e-05,-3.1415814087328506,-1.0495476074939394e-05
3.7954983711242676,3.553745768830661,0.3543261809902162,-20.672358656522828,-0.05818265355660734,0.15759753556965528,-0.10640163070155519,-0.5485268040516392,0.08716175093395385,0.3472980234589947,7.538207769980746e-05,-3.1415707599391016,3.424504792284648e-05
3.8035242557525635,3.591481997619297,0.313708111633385,-20.884490020684225,-0.06055036880811537,0.15331764361236586,-0.11316991201887495,-0.5485201657047875,0.08715649233833354,0.34727295261347785,2.5101406495255532e-05,-3.141511683749423,3.1358045084749966e-05
3.8135712146759033,3.8872314849673844,0.4017271718137341,-20.799151324719137,-0.057531899685851075,0.16091261480663324,-0.10996135197847406,-0.548521298002402,0.08715776341714462,0.3472393398780817,7.761449031450564e-05,-3.1415287495304107,-4.148494635391374e-05
3.821532726287842,3.5902408595496356,0.5292142997178959,-20.859661815270595,-0.06292476639000495,0.15020990407072668,-0.11248152445762218,-0.5485318750662853,0.08719704846174808,0.3471387979093588,-1.8435407748648985e-06,3.1415733032810524,1.308266054669582e-05
3.8315842151641846,3.461578464493105,0.4701014479494518,-20.663887531395986,-0.05891627986837364,0.15200811685487897,-0.10911386328283885,-0.5485112852108189,0.0871610784506401,0.3470853496212067,-7.473505866222179e-05,3.1415552101831112,-0.0001271732590269659
3.8415277004241943,3.4800341978454394,0.4530768013880574,-20.62315034667009,-0.05797416312100645,0.1505838831626103,-0.11497144824370652,-0.5485146654806793,0.08715413209438694,0.3470558876268338,0.00014657404517897808,-3.141590777375281,3.739536753630608e-05
3.851512908935547,3.558440851248412,0.3459946516237819,-20.60282756413355,-0.057970681504574476,0.15527515295118166,-0.11295900715849228,-0.5485167628657376,0.08718371233859847,0.34702290696257615,4.9604836209837256e-05,-3.141577364027562,-4.259433866669655e-05
3.859560012817383,3.5812952790480894,0.1684621620252894,-20.489281398170604,-0.05512978814896423,0.15029101302837097,-0.10997149809985188,-0.548523742699295,0.08715521612876487,0.3469692095220507,0.0001492293747098995,-3.1415655690633026,-4.9746556290083416e-05
3.8696038722991943,4.089057567849917,0.5838970585819458,-20.613867700229846,-0.06350357816943435,0.1585016944833544,-0.1156192712940207,-0.5485088097298716,0.08719046780475136,0.346934596400963,1.7968797304381154e-06,-3.1415677954912384,-2.751146830417313e-05
3.879530906677246,3.3374534086139156,0.40548523648851087,-20.680985708005778,-0.05913088093292175,0.14974713987737362,-0.11022989981659805,-0.5485243792356878,0.08716359911752772,0.34686188069413276,-0.00014954382182856985,3.1415417631299136,5.391843575259033e-05
3.8875036239624023,3.563762709049987,0.16761731510390987,-20.81781206147829,-0.05796428146545536,0.15186241995367822,-0.10471703825876834,-0.5485310808915191,0.08717202812465591,0.34681922872535254,0.00013352177804355973,-3.141555351545395,-1.4135710546591726e-05
3.8975844383239746,3.5774692100489287,0.45705291065329035,-20.945989036673602,-0.05973663487611704,0.15335416329117502,-0.1089473593715427,-0.5485367219276069,0.08714725691020365,0.3467983902479179,0.00015229648599153915,-3.1415174662281804,4.885705606241424e-05
3.9055898189544678,3.7148848349389194,0.39691992623916605,-20.66658761889084,-0.061601316017741645,0.15249526898123505,-0.11113970383796759,-0.5485156965236988,0.08714757690149057,0.3467401299205527,0.00013499000625089716,-3.1415629756172203,-6.899580889362005e-05
3.9154975414276123,3.98361229124807,0.45488925088232207,-20.86976244513538,-0.06126737814179904,0.15920123500615366,-0.10593097115563346,-0.5485227856689691,0.0871913047707559,0.34667816944497026,1.2634307907018299e-05,3.1415842073268467,-6.161951829163472e-05
3.923602819442749,3.380271394038278,0.22306438241134327,-20.83581684356792,-0.056482143087993125,0.14187329625459952,-0.1086479575645809,-0.5485135622979921,0.08713927116986947,0.34665434800715833,0.0001491758172669243,-3.141541823492332,3.020501494537971e-05
3.9335672855377197,3.7749858210848903,0.22506820949125525,-20.843962117274724,-0.0547515555838908,0.15478133680571482,-0.10339505301758996,-0.5485226789722901,0.08718252816738352,0.3465839508726842,-8.831191812153183e-05,3.1415906748391027,6.907298584775177e-05
3.941516399383545,3.543120516618202,0.607366060197056,-20.79960909366413,-0.0664377320848499,0.1496477227022446,-0.10892924346499966,-0.5485319151530499,0.08717656836046826,0.3465403122242433,-0.0001123225341103478,3.141588052675386,-1.6816115954010092e-05
3.9515340328216553,3.779857508300044,0.43436286533998936,-20.661615623482025,-0.062030992369037564,0.15194407216659675,-0.1122134512032625,-0.5485132653679882,0.08715876033120257,0.34651947965922436,8.426039639305972e-05,-3.1415646486167423,-9.20651006720937e-06
3.9615318775177,3.8394227049069882,0.3313446547451499,-20.721267951882215,-0.05691817310517578,0.1580618654262846,-0.11304433742113404,-0.5485296227488109,0.0871694941637574,0.3464537785986065,0.00010378260748633161,-3.141552453005796,3.949565622642683e-05
3.971576452255249,3.9549886573364232,0.6392134863643968,-20.663809682184645,-0.0638664213947987,0.16161132860150118,-0.11606867823638385,-0.5485396189311541,0.08714935986047281,0.34640174463600115,0.0001496667976138253,-3.1415835425737093,2.484416455322997e-05
3.9815680980682373,3.445692288445962,0.30604337916432245,-20.88745876998918,-0.06038869030077791,0.14913443416524566,-0.10647340816057844,-0.54853213048264,0.08718804542856458,0.3463854748059864,9.54124981434361e-05,-3.1414827453455825,-9.750895511453103e-05
3.9895918369293213,3.6550425645734186,0.14587645271589095,-20.87598456480582,-0.054791799805713345,0.15672604280298175,-0.11109011492459397,-0.5485181177502529,0.08716460488414521,0.3463588528950315,8.808697607431292e-05,-3.141459493609718,-2.7942742286557562e-05
3.999727249145508,3.7455493036018734,0.6065566121775193,-20.682893028399143,-0.06325345816491439,0.15537166331739966,-0.10965111508978008,-0.5485261925551067,0.08716621685986649,0.3463043187582465,0.00012085003554824071,-3.141469770625839,-6.930016842895904e-05
4.0095014572143555,3.6157693831752233,0.29598130461908634,-20.75421115431033,-0.053718869074992154,0.15338690184830495,-0.11182952189640522,-0.548527486770553,0.08716963343733702,0.34621119089532026,7.672688363299154e-05,-3.1415786917711164,3.127300369609139e-05
4.019511461257935,3.72434835178321,0.5244373690398284,-20.95196426690909,-0.06421659743922509,0.15378548080299975,-0.10340884812874922,-0.5485293706251033,0.08719924481737362,0.34617981294245603,1.5483332132307067e-05,-3.1415189175368865,-5.5753728671179554e-05
4.029493570327759,3.615878273370762,0.2730056232292972,-20.679270174694448,-0.05790699790021969,0.15272661845771662,-0.111436564543164,-0.5485243418227519,0.08715965465985798,0.34610848228382507,0.00010638855989273387,-3.141580221820431,5.910405432126396e-06
4.03760027885437,3.4191396309752284,0.40723426604242363,-20.706472276570423,-0.05768273405214005,0.14472515665932764,-0.10632759560837704,-0.5485286942526456,0.08715280845299667,0.34606089878650875,8.139787531945945e-05,-3.1415160637449517,-8.234564239247013e-06
4.047507047653198,3.6927176534487556,0.4413142286026064,-20.80327589293625,-0.06406999512101068,0.1559129229262927,-0.10576215270503145,-0.5485408804885994,0.08716739561849478,0.34604698618176033,7.088039255711492e-05,-3.141480501639241,-3.16018689110212e-05
4.057490110397339,3.6456328197385366,0.1707351814010048,-20.83092439103394,-0.05513142681318797,0.15012431636601903,-0.10094458254594803,-0.5485395642541402,0.0871891213353437,0.34594402849876327,8.602155234078382e-05,-3.1415541916339063,-2.0891027682026445e-06
4.067698240280151,3.4619909892039376,0.33271706825719727,-20.847841942327126,-0.052831995239856495,0.1489400010699747,-0.10653821714233928,-0.5485212855518409,0.08716147907673243,0.345929169521102,0.0001504753010492533,-3.141541223479961,-3.309415430837717e-05
4.077565908432007,3.551401547204655,0.3382191831211557,-20.745816581543174,-0.05741752207041131,0.1507828310533471,-0.11314026174207478,-0.5485351348282264,0.0872007187071875,0.3459055859367809,-7.367839882899509e-05,-3.1414777541501664,-7.478107494990512e-05
4.085808992385864,4.0206095181735595,0.48353166724859065,-20.6842229274972,-0.0616582094770026,0.1618175248212973,-0.10543663538335257,-0.5485435057734003,0.08717679635013796,0.345829475916492,8.196849838564779e-05,-3.141501431415634,2.8649254834917782e-05
4.0935218334198,3.5530684074101773,0.7953269498836169,-20.72069290843885,-0.06597788915257778,0.15141426254608084,-0.10026114945737657,-0.5485470579993046,0.08718344877054439,0.34581994441358965,0.00010203691652374112,-3.141425138106649,-6.545827705020291e-05
4.103513240814209,3.4141901542230237,0.33169389204860594,-20.74931645548877,-0.058548296640211585,0.14704632514210828,-0.099403476999447,-0.548534662014234,0.08717609528081355,0.3457518521577537,3.105360997324357e-05,-3.1414932756675085,-1.9624262313160055e-05
4.11153244972229,3.643370576931114,0.44164729261640456,-20.69058237802723,-0.06001341535436392,0.14614344558504722,-0.1026704457794545,-0.5485217743926413,0.08718623309690492,0.34570181335178485,-0.00012552975470938956,-3.1415469929606665,-1.1153177449228908e-05
4.121551275253296,3.767273406379241,0.6165832341134105,-20.81913018817563,-0.05949496420646679,0.15513392479645427,-0.09296118946920261,-0.5485424189263226,0.0871830736661083,0.3456468261406313,-7.77505383307856e-05,-3.14153245052585,1.5554153542570704e-05
4.131524562835693,3.649191443419155,0.437800774150184,-20.819183426975314,-0.053699694352958065,0.15683345134483007,-0.09735087546810693,-0.5485318191002552,0.08716387300475865,0.3455810805559154,-3.175266042471875e-05,-3.1415847840482263,5.580449616471364e-05
4.141537427902222,3.6227852320500173,0.2757227246082712,-20.76113052763159,-0.05712842598691913,0.14866556469230946,-0.09802873328825315,-0.5485306317917276,0.08718175018497111,0.34554548040082456,-0.0001005858562884998,-3.1415472253352674,-3.679210299628901e-05
4.151551723480225,3.9784421697244907,0.26621746483140857,-20.9753399440291,-0.05482134922094507,0.15896045584865306,-0.10147879808807303,-0.5485365830626938,0.0871848501084031,0.34550209494810946,-0.00011777951063451973,-3.1415062852033118,-3.568479228761096e-05
4.161591291427612,3.8509450255961712,0.48307308930995135,-20.755353024214678,-0.0616731929559969,0.15081038737501407,-0.10268378517391857,-0.5485285021971231,0.08716934742987809,0.3454471399878497,-0.00011181488631143602,-3.1414921482066345,3.288369575370711e-05
4.171552896499634,3.717610999140035,0.268659005187138,-20.54848899757107,-0.05643670811604947,0.14915577009502545,-0.09883522930292236,-0.5485450164101631,0.08717129855094788,0.3454039548456442,-3.2108753774493166e-05,-3.141507645909646,-7.670065776285324e-05
4.1795854568481445,3.4082043313391344,0.5778310071552026,-20.75319340303751,-0.06339761728153186,0.14555842473527622,-0.09536999856871091,-0.5485437616212254,0.08715930680276558,0.3453245952703531,-7.051856784738667e-05,-3.1415513605862047,1.646657818561301e-05
4.187523603439331,3.861312119324373,0.6856837022045077,-20.682036923078368,-0.06246375189880476,0.15682241010979964,-0.10203391977143157,-0.5485237484512199,0.08716318694869046,0.3452834461883238,-6.864667498522493e-05,-3.1415499823903077,5.1896498089930594e-05
4.197529315948486,3.9832422668455907,0.29429215231964434,-20.8101282860307,-0.06083979312870785,0.15555044677706564,-0.10421045815309536,-0.5485314206292335,0.08716644854192573,0.3452949650426327,-1.7097319662856924e-05,-3.141485469294947,-3.145512725700475e-05
4.205541372299194,3.5009443498812822,0.34947234488630985,-20.68848718634905,-0.05856375212110672,0.15266494466262556,-0.09859180983516654,-0.5485329311938923,0.08717729982968864,0.34524106017341744,-9.191494874947212e-05,-3.1414631315241945,-2.037179362135846e-05
4.215516805648804,3.6664174374888923,0.3583162786982667,-20.90975556171335,-0.059550081403060985,0.15862459729841905,-0.10199364149213654,-0.5485301150266333,0.08716602500550073,0.34517291288974455,-2.0848259450172295e-05,-3.141495698226162,-3.1360690213243904e-05
4.225567102432251,3.9886071928619624,0.6845163866004046,-20.6663488626913,-0.06652958321558564,0.15936656923580544,-0.10116137751917952,-0.5485259840217295,0.08716009637442505,0.3451367477162637,-1.9992781480237758e-05,-3.141512834407628,-6.996491967666961e-05
4.235513210296631,3.3304737116804017,0.3486524674496403,-20.728980284584313,-0.05501115422246986,0.14373621507780351,-0.09479946526685336,-0.548527914164916,0.08716871183352497,0.34508916442273047,6.721395106981785e-05,-3.1414598592457796,-7.673574013281023e-05
4.245492935180664,3.898527020911923,0.38742405241885425,-20.886173112572276,-0.05905390776737441,0.1605940166811883,-0.10482260048125382,-0.5485263645000318,0.08718364930827102,0.34501439894580244,-5.6110018288687015e-05,-3.141515665570197,1.2148290540683727e-05
4.2555718421936035,3.708003187522283,0.42270138287736175,-20.823334772127726,-0.05873125661657239,0.14982157191429202,-0.10561313491123336,-0.5485161025711681,0.08718761464996035,0.3449742217807814,-7.35318322018287e-05,-3.141512267237629,-5.292796278465918e-05
4.263535976409912,3.5893613184142117,0.30951303727567714,-20.666217921735107,-0.05198699583300159,0.15273839319140498,-0.0981455921180856,-0.5485271656276017,0.08714846010891569,0.34496316561318213,7.523431925032727e-05,-3.141429414336956,-5.22171839375916e-05
4.271599054336548,3.4640281178806656,0.36414093968454786,-20.84962748422462,-0.05682611940187495,0.15470422621438434,-0.09976307434798734,-0.5485326261445459,0.08717940397786335,0.3448617587784939,-5.5713496363348164e-06,-3.1415465269320144,5.705699016649679e-05
4.279571771621704,3.4710166224791688,0.22033194175870746,-20.94403266368231,-0.0546982965034447,0.14762729153692383,-0.09615238190172692,-0.5485360504059266,0.08718381501084617,0.3448991206897063,4.6544419775012094e-05,-3.1414153565334244,-0.00018834477730405647
4.287555932998657,3.875038922911799,0.7639215371849198,-20.804110559517987,-0.06660815701731859,0.15200377719425476,-0.10896784832769266,-0.5485217056816449,0.08717872024747587,0.34479259365891546,-2.6253349353412838e-05,-3.141506012433664,-2.7269961942790423e-05
4.2975873947143555,3.6114907108531282,0.28472233116243834,-20.791085028702177,-0.05702512962975954,0.150487485912847,-0.10629236388105776,-0.5485286141186982,0.08717781766561108,0.3447301973885051,7.706196199819601e-05,-3.1415714077354635,-3.732179511061792e-06
4.307613372802734,3.5844296907361777,0.47746670456613205,-20.90068974235388,-0.06276057089205053,0.14675957576694085,-0.11460019568668191,-0.5485403723497029,0.08715185248139021,0.34472329772346616,0.00019286336818771508,-3.141483853851236,-2.893822450777909e-05
4.315566539764404,3.4378855775823682,0.37637462979659647,-20.892179481558458,-0.06153143955406456,0.15054887811421605,-0.10505854839992394,-0.5485501749017213,0.08716455942209245,0.3446592231752818,0.00019436386086693058,-3.141491386390182,-5.088392998789604e-05
4.325523138046265,3.707307762134669,0.46319105530806076,-21.069355007964777,-0.058955573321216655,0.15625777788863635,-0.11048114199394594,-0.5485351624069659,0.08718532373763252,0.3446162695103916,0.00013805969469009028,-3.1414731234062203,-3.961284759749458e-05
4.335534572601318,3.524420825632902,0.4598787313326813,-20.86836759147515,-0.0584176246098534,0.14968715942630828,-0.1078556171848621,-0.5485239306443308,0.0871812943539119,0.3445338909847851,8.74436950772581e-05,-3.141572652447214,-5.739617238294022e-05
4.34549617767334,3.6558715461573805,0.2214165328821748,-20.878487897253734,-0.061335112783301754,0.14839618507863797,-0.10622297941700136,-0.5485467108343796,0.08716566643773369,0.34451185134613915,0.00023374987218217284,-3.141511463337235,-1.3102719520255982e-05
4.353611469268799,3.7742582703306238,0.5597044799988915,-20.801356664868408,-0.06625978803674541,0.15694012756862488,-0.10786451703216235,-0.5485447464277216,0.08717287727892065,0.3444563063624108,0.00015942873566962592,-3.141511560560424,2.094195343698946e-05
4.361522674560547,3.596666966392438,0.445268109574894,-20.99133242112274,-0.05399385520865373,0.15190161709343972,-0.1036840190477172,-0.5485388158361348,0.08717276325681939,0.34446107687231886,0.00014385393519151125,-3.1414329302493496,-8.081660767020365e-08
4.369626522064209,3.3738573417897113,0.34639903528762606,-20.813244037382475,-0.057635837230085064,0.1469424141582151,-0.11057238762548616,-0.5485352682087864,0.08718784989820848,0.3443862147801249,0.00014356184327489322,-3.141490933125614,8.212522739222516e-06
4.379598617553711,3.7479659386192963,0.4253997098543428,-20.735399446986733,-0.06347003301090312,0.1540086089054569,-0.10585755416845732,-0.5485347158115945,0.08718382438166512,0.3443417870321647,7.358176252125051e-05,-3.1415005664667413,-5.0692328184675835e-05
4.389539003372192,3.8177412603052336,0.4013202647466411,-20.793650322125735,-0.060875746730893784,0.15277600033037605,-0.11039522335146816,-0.5485383297580667,0.08716164168805175,0.34430282052904937,0.00021773507031087964,-3.141492848367398,-5.7747239711949923e-05
4.39952278137207,3.776334640670054,0.5210716660365812,-20.702382895364284,-0.06115052205783353,0.15791840350683617,-0.1104066524382702,-0.5485490642811462,0.08718777987838064,0.34423266940913366,0.00014199968324303509,-3.141497959200821,1.7066399949506966e-05
4.407617568969727,3.694251225680843,0.5994457332478306,-20.665477796819133,-0.06465908898566243,0.15444287101133727,-0.11385330159560252,-0.5485382693627907,0.08717914698127942,0.34417761306091743,6.384755674691336e-05,-3.141497245332897,0.00011806524831969685
4.417520761489868,3.814226300319069,0.6355360677507673,-20.95363104565564,-0.06406180772741052,0.15624267544292045,-0.10966543182858035,-0.5485324154015483,0.08717024405236638,0.3441521686603929,0.00013667585419470247,-3.14151887567151,-6.717385254589089e-05
4.42750096321106,3.7904815946928507,0.6611106197801545,-20.66248818189807,-0.06598830115585214,0.15226360990907165,-0.10550364294025319,-0.5485340405603163,0.08718388971554901,0.3441330104583382,8.074423045056034e-05,-3.1414056669007273,-4.983606727268691e-05
4.435531377792358,3.7985312279732,0.43989128152536017,-20.767141894353855,-0.05985974678605635,0.1528515455318852,-0.10721552593109206,-0.548522219370842,0.08716713883190988,0.34406528268585174,0.00011360418088501315,-3.1415077891616954,-5.79455380199191e-05
4.4434990882873535,3.599737707892393,0.3845995548749463,-20.767040259649004,-0.054841317924185486,0.15106645563587306,-0.10512553917731796,-0.5485328219032307,0.08720123025966467,0.34397748075463985,7.500461682742734e-05,-3.141585413433855,-2.1206635033625792e-05
4.453552961349487,3.418979706121401,0.585888843987014,-20.772765378826854,-0.06553999716011764,0.14647113621667107,-0.10274140063655927,-0.5485338349797024,0.08718729681880469,0.3439715905052233,3.4234667924188205e-05,-3.1414828645235042,5.177627665227592e-05
4.461551904678345,3.5926024510990584,0.6946714005858372,-20.74895299424605,-0.07024845995579852,0.15009587396654564,-0.10283748564535876,-0.5485254418002804,0.08716935365734861,0.3438917903009737,4.67029618886042e-05,-3.141554811827338,6.451300200826806e-05
4.471696615219116,3.484222907889115,0.11062246123771409,-20.902886230606807,-0.05111017638149272,0.14692354980682187,-0.09858613702433443,-0.548520019764939,0.08717573935756494,0.34385446106528067,2.9274418804951793e-05,-3.141544535056332,-1.0847055624104997e-05
4.479511976242065,3.3319976268804226,0.21254729814788723,-20.712058453310572,-0.052907676755641994,0.14379140635480522,-0.09521661191025665,-0.5485311795451104,0.08716082363239461,0.34382211260124007,5.346902217206395e-05,-3.1414704694951183,-5.203461666826956e-05
4.4875311851501465,3.876025451831563,0.4456921825554906,-20.841098627281138,-0.061056744140636304,0.15297579428442423,-0.10150898390693401,-0.548537427346518,0.08718630362393685,0.3437874065440655,-3.5333419729177774e-05,-3.1414962035037233,1.4043784343387018e-05
4.49752950668335,3.7536730802639444,0.34290132226244413,-20.706913618755905,-0.056050843366592905,0.14928172505474085,-0.09465594644106055,-0.5485377370184155,0.0871748079403528,0.34374581137089383,-3.1872417516105686e-06,-3.141468528340692,-3.6962376719589e-06
4.5055036544799805,3.430026708191216,0.4029412226581725,-20.729484516515353,-0.056916543467579614,0.14858364223581835,-0.09061224512384218,-0.5485270298359481,0.08718543153940028,0.34369781110849457,-5.298581262224203e-05,-3.1414973430218565,-7.58640107678266e-05
4.515582084655762,3.4670468544117323,0.22162331615072983,-20.922462056766065,-0.05776065743757072,0.14310514266287322,-0.08932878459109114,-0.5485322212522789,0.08718322238348572,0.34368110021755427,-2.6712996362331193e-05,-3.1414605202177595,-7.153911170145038e-05
4.523557662963867,3.8705074702209394,0.45022938147379793,-20.85466311787288,-0.06353417794942362,0.16079838570454813,-0.10040211741056868,-0.548537997491839,0.0871883207765549,0.34360465689221287,1.980586165550482e-05,-3.1414990831777048,-0.00012970557263310535
4.531584978103638,3.823225983015881,0.4740953844116056,-20.786731046415703,-0.06684890248471173,0.15012070996857718,-0.10118714645300982,-0.5485541146776451,0.08718848763126484,0.34359457895050133,-3.978548305710012e-05,-3.141407307667816,-7.807992116016674e-05
4.541664361953735,3.741253695603412,0.24698937600642684,-20.883043655462355,-0.05487427101443446,0.15253963921635544,-0.10190934916565125,-0.5485405143470785,0.08716403149564624,0.34350049734884774,4.195293340143316e-05,-3.1415195474290494,6.05394097103402e-05
4.5515525341033936,3.615794805343764,0.5628347307911694,-20.893388617620328,-0.062744086430014,0.14763672920448348,-0.0980796721847844,-0.5485383564051274,0.08715521503645615,0.34347308236737756,0.00016490912940595316,-3.1414647203704704,-3.863725335712564e-05
4.561524152755737,3.4395192506417174,0.31871053014526884,-20.808258807766137,-0.05852228938012624,0.14137426288427032,-0.0992975477740351,-0.5485483574151695,0.0871582603344146,0.34341809482091096,6.37300455645328e-05,-3.1414541687327673,-3.766784797019783e-05
4.5716729164123535,3.5806243890083995,0.37663295530704244,-20.851978017585655,-0.05767026624606539,0.14794576811285223,-0.09308341055493341,-0.5485381895968543,0.08718520593022207,0.343336637622375,-6.955791387454947e-06,-3.141512566782593,4.329042499169605e-05
4.579578638076782,4.0929484760093695,0.5863237276536603,-20.932387762149656,-0.0649869009208643,0.16577547454824437,-0.10209443849894417,-0.5485410051039021,0.08718455055476315,0.34328067841472204,3.481477817384852e-05,-3.1415362342209883,-3.711143110897725e-05
4.587531089782715,3.799464684117369,0.3129818937042321,-20.98197547799913,-0.05805246728130404,0.1563758368986808,-0.10126396959996607,-0.548547636544518,0.08715391759534978,0.343290642564817,8.722158324890082e-05,-3.141449250795029,-2.6360158968787107e-05
4.59754753112793,3.586392085269613,0.4448736624524408,-20.9767048961348,-0.06033171312009521,0.15002285142943877,-0.09932560318205677,-0.5485393829470022,0.08718513382034242,0.3432257278489167,3.680061980550604e-05,-3.141482215699437,-1.6822262663115287e-05
4.607540130615234,3.317845497834072,0.3009121308116578,-20.892356591486475,-0.057087963028961373,0.1466199362645723,-0.09248090312697695,-0.5485474041551351,0.0871715932426823,0.3431950808911578,4.277623945071214e-05,-3.1414326912917887,-8.406732134475134e-05
4.617518424987793,3.3617067399396525,0.3862835280246529,-20.982236193685374,-0.05704234967755753,0.1507397102829166,-0.09817237816363392,-0.5485452447590283,0.08720354193764639,0.34313837392514773,-3.830988779429349e-05,-3.1414966475603845,-4.122249235292513e-05
4.627527236938477,3.574629438014846,0.2946423132387991,-21.028612002996237,-0.057950621928094366,0.1511240171273055,-0.09515072766378811,-0.5485346116045083,0.0871791048108943,0.3430668458057433,4.7169092153597965e-07,-3.1415233446835256,6.832104895875056e-05
4.637518644332886,3.415006533532952,0.5164374341246587,-20.904190195030317,-0.059148257459425785,0.15018953438998398,-0.09158214137732078,-0.548525409726307,0.08717498001020402,0.34298927203091356,4.083691053827613e-05,-3.1415848809327636,3.109770101515022e-05
4.6455910205841064,3.5664469121193125,0.6329435241357259,-20.855735020607035,-0.06363177481208762,0.1458964676612249,-0.09864065485784652,-0.5485333544066509,0.08715776538185897,0.34295036501708465,7.432536458073853e-05,-3.1415552683289616,3.476081281270725e-05
4.653518915176392,3.531778106871829,0.5719629840972051,-20.830492690813344,-0.06192612038044803,0.14873485728959962,-0.09179346750224208,-0.548546409443957,0.08718667319289872,0.342944393732786,2.98493260915821e-05,-3.141464216695662,-1.7190045958819104e-05
4.661511659622192,3.6426508106931785,0.4520752873801305,-20.85753772422228,-0.060766943944762876,0.1540432072097202,-0.09657643929429092,-0.5485431019137792,0.0871681594469063,0.3428733295700505,0.0001477385703646312,-3.1415375564810564,-3.9412177816659375e-05
4.669621229171753,3.8924745320293606,0.38633487548732653,-20.66611559874219,-0.05725183988146223,0.1540993561333766,-0.10275502800073384,-0.5485355762065758,0.08713298836596467,0.34286322798844393,0.00016305954895320837,-3.1414610858934893,2.490016238431268e-05
4.679544925689697,3.599891620166752,0.599108869996728,-20.603266489366156,-0.062137570884559,0.14840609773686123,-0.10128351698440345,-0.5485328238672962,0.08715725462548962,0.3427956663602441,3.883664803150557e-05,-3.141542719513231,-1.956204128580595e-05
4.689596891403198,3.4831923171751082,0.6100385701837681,-20.944999140080615,-0.0626965180856007,0.14680190638972515,-0.09889996457956175,-0.5485353806327712,0.08717242810155314,0.3427614515947847,6.72930836545941e-05,-3.1414838355083843,-1.0078935317121394e-05
4.699553489685059,3.5989069886177227,0.1385454578738154,-20.815542426340077,-0.0554222100584613,0.1463212757672177,-0.10120950081198023,-0.5485335335452972,0.08715893927722551,0.34273753451746497,6.0739008815628765e-05,-3.14145228957658,1.817500197234139e-05
4.707594633102417,3.710809418038328,0.36513110837736623,-20.727915417722453,-0.057232057408162555,0.14946119460882593,-0.09838503155034596,-0.5485554191434007,0.0871978867366505,0.3426845815796361,-1.2630188198741225e-05,-3.141433080863055,-5.4929726529984186e-05
4.715652942657471,3.49683177730884,0.7768512039259978,-20.699226486598953,-0.06448794260290726,0.1497966751667605,-0.09638035845652736,-0.5485413598607475,0.08717904318757355,0.3426338588908053,-7.555741495532934e-06,-3.141458208591019,-0.0001367518603629154
4.723559379577637,3.5670750592096288,0.35680510300660484,-20.797832319434043,-0.058656496170591724,0.14976270404998715,-0.09948416591749684,-0.5485386998671533,0.0871607512424515,0.34259178635467574,0.00011021623998703581,-3.1414556702283982,-5.421394425091427e-05
4.731530427932739,3.859520510504508,0.5867629784044864,-20.6208295882671,-0.06113266637513626,0.14890421837896764,-0.10122017429681564,-0.5485369923357771,0.08716939965868029,0.34255162447593734,5.315454921075689e-05,-3.141479322988806,-2.3810798247091974e-06
4.73960542678833,3.2259511351732364,0.7521427482741602,-20.627691969628742,-0.06724399821646174,0.14368202120628415,-0.0952132438401118,-0.5485690641745798,0.08717649696320337,0.3425408247643709,5.880883950205619e-05,-3.14140268020955,-0.00010170468684542639
4.74953818321228,3.666938679654009,0.5032811641281836,-20.68793214794028,-0.061917830401085415,0.15302987707890417,-0.10097966171232294,-0.5485422601240741,0.0871518054673923,0.34247790655582555,0.00018480648402216925,-3.1414767986311505,-8.195815054764551e-05
4.757538318634033,3.762261201081259,0.6064948614673298,-20.541557171171544,-0.0609828735713577,0.15360377012396714,-0.0940864494711352,-0.5485364422699417,0.08717934230924716,0.34238926281788584,6.168631909895392e-05,-3.141563897245612,-7.217807782370565e-05
4.767534017562866,3.640334236068797,0.1728944187670159,-20.67679844047147,-0.055132277553908295,0.1440117425263889,-0.09570215580578087,-0.5485506425926291,0.08717518602965645,0.3424027175299921,5.791840072482759e-05,-3.1414052469605966,-9.82345588056482e-05
4.77762770652771,3.737443566703922,0.7653097774756975,-20.814059549540758,-0.0661299684260395,0.14976162313592706,-0.09915118590930663,-0.5485557471373401,0.08718716544400311,0.34235457951345416,-8.975399574280133e-06,-3.1413966152976585,-9.768895601518226e-05
4.785651445388794,3.4324901669751102,0.5992597047378555,-20.94029832127617,-0.06532918084858758,0.14705564527125678,-0.09450747886193943,-0.5485401062181803,0.08716431945118008,0.3422680394967099,5.236214385466482e-05,-3.141517250275201,3.3312831254054982e-06
4.795544385910034,3.3519592899471737,0.5875669732771244,-20.83232112037421,-0.06573335341005142,0.14572299338461517,-0.09628269510270791,-0.548562773482203,0.08716018455663833,0.3422122603645201,6.587136281283356e-05,-3.141491710752785,7.365725432904056e-06
4.805548667907715,3.6450802240657083,0.2711112245735297,-20.65003923554998,-0.05433453358201175,0.15095993698533866,-0.1000775986516584,-0.5485584167511551,0.08717609587319042,0.34219295984615067,5.5678900400798725e-05,-3.1414548106437574,-3.460007634368083e-05
4.815548658370972,3.5382170646007434,0.3050318188072856,-20.733182527472596,-0.055988488353114464,0.14906033514490064,-0.09798315234195037,-0.5485450931760008,0.08717374073257458,0.34212526786640085,2.3374739477111848e-05,-3.14148894022041,-2.662869756080382e-05
4.825525760650635,3.9093481925946723,0.5540680152223618,-20.657602052279728,-0.061054444921439195,0.15830042811041625,-0.09758020087914929,-0.5485673810761615,0.08714562062533664,0.342097783871605,0.0001230548546888151,-3.1414110298826574,-6.4754993559188e-05
4.835528612136841,3.742412968524486,0.566719624714923,-20.7002791058681,-0.060799038439903544,0.1520378752385559,-0.09609172906807797,-0.5485457160501068,0.0871453138507798,0.3420010254590432,7.356104149663884e-05,-3.1415113060785833,-6.151509340507e-05
4.845554351806641,3.6842122911149677,0.6211198583663885,-20.811097268875336,-0.06141516433129567,0.14717867702176057,-0.10020697007174062,-0.5485580425377523,0.08717005916419002,0.34194322558379403,0.0001194538016800238,-3.141532285872697,-8.883664129339472e-06
4.855514287948608,3.331116544575904,0.46413981948824173,-20.857323521272743,-0.058997784635274976,0.14118479798087194,-0.09239490311960578,-0.5485571547599359,0.08717875634011486,0.3418791787087197,7.58513791899974e-05,-3.14155977491,-2.5721057914706203e-05
4.865564346313477,3.567575681384324,0.15587333127184735,-20.728618823191827,-0.05594077324270859,0.1460395665497765,-0.08971503955259555,-0.5485640458720387,0.08716650926350819,0.3418949575563638,0.00015447706408585536,-3.141399900802026,-4.444754153771283e-05
4.873626947402954,3.477498312534422,0.5357276765304336,-20.775044507641358,-0.06372031971588236,0.14727289600098817,-0.09528234537418925,-0.5485582617007071,0.08720055797028521,0.3418253463751062,4.414204280695401e-05,-3.1414456848361745,-5.890205583332431e-05
4.881590843200684,3.6715581084380697,0.4517882138672605,-20.888896963208627,-0.05471594990113843,0.1513332953059205,-0.09381755596218636,-0.5485638865168495,0.08716981341044773,0.34180395296806243,0.00011016774317222481,-3.1414158124708917,-5.071360919496705e-05
4.8895416259765625,3.703262216227726,0.18320358416434473,-20.857949279509366,-0.05167912720730961,0.1485918944799728,-0.09772968359244907,-0.5485427187176758,0.08716677010609941,0.3417039783718345,0.00011836879105392256,-3.141574899917232,-5.181538963933973e-07
4.8975629806518555,3.859634444915697,0.4610273670475331,-20.609002580465415,-0.060420636921094006,0.14837826150863312,-0.09681371430036968,-0.5485545946247092,0.08719009713808096,0.3416859147410951,4.286091791775602e-05,-3.141475638057364,-5.7719637996734884e-05
4.9075846672058105,3.4436518011245334,0.3077837220606586,-20.790558347353183,-0.05338883603898215,0.14495508036614027,-0.09652699513000479,-0.5485436235009258,0.08716989844909279,0.3416351720634947,9.979656997414589e-05,-3.141533610801915,-7.484395119143604e-05
4.9175519943237305,3.760152923240777,0.46194136857052975,-20.716073629985118,-0.05731371528579181,0.1506447377600098,-0.09921200947106912,-0.5485387141485567,0.08716637856015101,0.3415692092405435,0.00010972624198432318,-3.141589709091479,-2.970092378525421e-05
4.9255454540252686,3.756332642542607,0.13679736125997866,-20.716743105158322,-0.05478182548016247,0.14707425998305887,-0.10405463508338775,-0.5485365626953753,0.087191301529668,0.3415356763874277,3.891012478107046e-05,-3.1415518858871754,4.24297564571224e-05
4.93354058265686,3.8426240536738288,0.41649567166431306,-20.674419610976823,-0.05863741113816681,0.15076975345539748,-0.09475087793770887,-0.5485328443218913,0.08716588639434314,0.3415018656246326,0.0001031654948904588,-3.141527990805656,-1.3491965159409754e-05
4.943601846694946,3.638316863471949,0.6370677502149231,-20.656970415410917,-0.06299871994615683,0.14560883673600916,-0.09809016295719426,-0.5485487991439544,0.08714503978721254,0.34144788739935045,0.00012014725873829381,-3.1415140519792706,5.4279087226757284e-05
4.953548192977905,3.611261355025904,0.5560065921343291,-20.6885735528158,-0.057983151589393704,0.15266222539145222,-0.0988485226404769,-0.5485672552223665,0.08717817364250811,0.3414219085905005,0.00011220348792144741,-3.1414869008611594,-4.711324610838513e-05
4.9615302085876465,3.656443197038687,0.2997331482636031,-20.580885579350195,-0.05322049094016025,0.1475827084548329,-0.10230286575832923,-0.5485536673358923,0.0871607029160473,0.34136223534565435,0.00011467069833893747,-3.1415246454546577,4.1964129469519314e-05
4.971556663513184,3.6527669027944016,0.31190333278386206,-20.725626388001803,-0.052852641864353136,0.14824779874673813,-0.09814724480057223,-0.5485709121566211,0.08716935686899362,0.3413316955338565,0.00016601712156621051,-3.1414735235604407,6.457881895040909e-05
4.97964334487915,3.6049811785062102,0.4935284472423732,-20.59277156328934,-0.05853288984964152,0.15163578634827451,-0.10565585692310384,-0.5485565522931869,0.0871678661886824,0.34127364052733133,0.00012294649519105198,-3.141466558662016,-1.5588233764207983e-05
4.987520933151245,3.730164882769109,0.6031101286173948,-20.68211464357617,-0.06109828649659159,0.1532983483326865,-0.09455290591722937,-0.5485545444035322,0.08716942369657632,0.3412278117727156,0.00013817079331739944,-3.141494890903921,-7.594542756198365e-05
4.9975199699401855,3.4906406809389594,0.39895999688504746,-20.77987328940664,-0.058559920357168865,0.1430917952316607,-0.09694077837065014,-0.548555121249026,0.08718519558315785,0.3411988287526647,0.0001191421526057827,-3.141441046640176,-1.9323438347171865e-05
5.007504224777222,3.7818221791562903,0.553477497205081,-20.70589221208042,-0.06220021073204328,0.15074856149648377,-0.09600025445538704,-0.5485569480865572,0.08718924289846465,0.34113881270226026,6.394413401965698e-05,-3.141489957484008,-3.9958157742316685e-05
5.0155370235443115,3.5827708151376103,0.6109038780339819,-20.697344321295372,-0.06355285581273386,0.14809393648076244,-0.10161311732058494,-0.5485464228830266,0.08716997228576968,0.3410967925880705,0.00012141674883803558,-3.14147818520238,-3.657055878206062e-05
5.025534152984619,3.6093521723572115,0.46316904228852673,-20.67854101545162,-0.059059899458714926,0.15116511382400283,-0.09852446462003317,-0.5485490012664231,0.08715208794325055,0.3410209174887187,0.00011213393486180686,-3.1415354269268043,-1.8194507503637302e-05
5.035502672195435,3.6467018169198147,0.5050468945192751,-20.774588219434957,-0.057657603160718544,0.14499806250867706,-0.09962299476220961,-0.5485547282820081,0.08720148893079513,0.34099626048805265,2.795720417138038e-05,-3.141478238953219,-2.806469722027687e-05
5.04360818862915,3.61947338394071,0.43241420059042357,-20.799072772515217,-0.059631047069321735,0.14691492988524552,-0.09919993829864132,-0.5485626563433744,0.08716624089774944,0.34094844081884446,0.00013695361804528735,-3.1414893339353087,-6.078306727565474e-05
5.053531169891357,3.5568984329581324,0.8127144209591236,-20.789021236138648,-0.06706645266832544,0.14416464655489628,-0.09405606289359705,-0.5485414668122991,0.08719488662427093,0.34089399577875557,-1.119812988131748e-05,-3.141540040319802,-5.421310642448484e-05
5.063497543334961,3.520912593582808,0.6978072217516288,-20.634986881652303,-0.060976054776278994,0.14859820618745648,-0.09498361327744906,-0.5485631139994228,0.08717000756735811,0.34085599075692313,0.00011500200148390841,-3.1414537639484053,-7.011036442773994e-05
5.071599245071411,3.3649661809573654,0.6367221253838601,-20.75709035195002,-0.06300231540803974,0.14241049040269405,-0.09461753557827307,-0.5485423611568925,0.08717665551799947,0.3408136038157286,8.799753908435657e-05,-3.1415031411013685,-9.298102043954884e-05
5.079614639282227,3.201222920809079,0.4202273311586702,-21.072468192175467,-0.0589311243795395,0.13913900649187103,-0.1002946683069769,-0.548542261660214,0.08717427218937253,0.3407461917561469,0.00010534284331945322,-3.1415591746322806,-2.0265934279706222e-05
5.087505340576172,3.51988230587871,0.6626092539680978,-20.663863357859164,-0.06521308230961637,0.14696232131444062,-0.09784395685215971,-0.5485560301147476,0.08717380562355755,0.3407549048657404,0.00013254578928027961,-3.1413936766371098,-7.271723523566575e-05
5.09554123878479,3.5918626624008616,0.6422631745813626,-20.894336177363556,-0.062471247279416116,0.14934345092031018,-0.09635015242171455,-0.548546089243696,0.0871861716444724,0.3407062624347289,4.83787225992749e-05,-3.141476471506545,-0.000130396310447965
5.105600833892822,3.5378982689783545,0.5777200627280883,-20.71092222091557,-0.05720120360977517,0.14876186108553854,-0.10010376623867927,-0.5485522386297739,0.0871787245899255,0.34061902332490646,7.570667568887066e-05,-3.1415251289741084,5.871400278233055e-05
5.113580226898193,3.5624233710772275,0.497001322602287,-20.803266297862166,-0.05576808731097399,0.1492195394172489,-0.09315909844263195,-0.5485610989330508,0.08716713051775862,0.34062911867601725,0.00010797412314677998,-3.1413893619692774,-5.128353960665158e-05
5.123631477355957,3.607878912744948,0.5515953119323338,-20.8109454593826,-0.06298117056435151,0.147578480853862,-0.10272627208663175,-0.5485713523542018,0.08716578227878577,0.3405884266922431,9.648457496524274e-05,-3.1413738092470025,-9.682743012004261e-05
5.131594657897949,4.071615364350937,0.27967226684850965,-20.923818781078104,-0.05449161781698707,0.16238339405575808,-0.09048867130789416,-0.5485441407654077,0.08718537605042953,0.34048974258093817,5.3728411105207356e-05,-3.1415229510795557,2.8507600640981837e-06
5.141653776168823,3.8445359006080824,0.692706697113466,-20.795443837892417,-0.06327628615733884,0.15230579385223464,-0.10392105983017255,-0.5485517158796324,0.08717363716094202,0.3404552432467264,0.0001112960884174808,-3.141477913768723,-1.3455156937526902e-05
5.1515724658966064,3.5794766015123813,0.5138533724764641,-20.971232407495638,-0.06355401172558084,0.1484289146374752,-0.09914682991007052,-0.5485468549221075,0.08718376012104125,0.3404310143145299,4.091482404136824e-05,-3.1414677596619023,-1.9836231308427166e-05
5.161542654037476,3.8449958768615704,0.6245702187855757,-20.8951501616399,-0.06399215902094638,0.15323621951491642,-0.09666878319000416,-0.5485530382065684,0.08717858317686727,0.3403294490718728,6.358037132730054e-05,-3.141522405647234,5.316963947924813e-05
5.1715407371521,3.5145318927373608,0.5182865838357891,-20.790212051262806,-0.06280346091860374,0.14646016193448366,-0.0991285321358467,-0.5485394150046046,0.08715156174329113,0.34031616079057286,0.00014900624963525214,-3.141530406514254,-0.00010539134639795751
5.179582595825195,3.688109050881736,0.5237244506590776,-20.795496337581074,-0.061580730492945095,0.1515423311508412,-0.10046857236890062,-0.5485544099887896,0.08716639254737908,0.3402486672786058,0.00012305723447365307,-3.141496119946801,-2.6529094042403557e-05
5.187552452087402,3.6391744650135407,0.7693304323465966,-20.718314322403486,-0.06376469222330372,0.14806594000389722,-0.09125872354312486,-0.5485417502869151,0.08719476077749279,0.34022477926272854,6.0739988508449136e-05,-3.1415038900149583,-3.488447843371274e-05
5.19760799407959,3.797727290304856,0.731533864199392,-20.63771153051571,-0.06052891402343961,0.1517354868894447,-0.09438774794985023,-0.5485634386198286,0.08715446018410238,0.3401921152063778,0.00015107528957259033,-3.1414620997430567,-4.098675349172599e-05
5.205629825592041,3.6630750570678137,0.4545151943845186,-20.688770715943456,-0.05483487144567947,0.15070622053189778,-0.09918003199313195,-0.5485591105452149,0.08719396674140269,0.3401217290503387,3.673278739012936e-05,-3.141455941309058,-8.456005501137633e-06
5.213509559631348,3.6733412472044367,0.5703018891627397,-20.597467864767072,-0.06266865786008512,0.14884816948932095,-0.09476962696097807,-0.5485586267511484,0.08716218755168646,0.34004981705327186,0.00017255861397893007,-3.14153318326142,-2.889813039067069e-05
5.221546649932861,3.3555326584512923,0.7502451863834632,-20.745136065139565,-0.06434244545091924,0.140873514013904,-0.09712444631788515,-0.5485681616031104,0.08719129067231833,0.3400600070450395,1.564227377178916e-05,-3.1414200390795886,-9.558383089245202e-05
5.231538534164429,3.439471420227067,0.5911305051461261,-20.85854729335685,-0.06140362437854601,0.14335835455769708,-0.0894068899095344,-0.5485546841564701,0.08715844200690463,0.34002286040818785,0.0001025686699068026,-3.1414312324291376,-3.15884382635065e-05
5.239578723907471,3.2762740496148726,0.1940261169814563,-21.02593518612844,-0.05311697118292628,0.14179745390427043,-0.09151226883118603,-0.5485487057533293,0.08719782121344268,0.33993816341784944,6.299834360528124e-05,-3.141537419564723,-2.4708853643289822e-05
5.24754524230957,3.4312614189035715,0.3297925996736566,-20.86619091219822,-0.05430617932625052,0.14315661062534252,-0.09689173193735864,-0.5485584774102968,0.08717883843378171,0.3398975245665928,7.502239367664375e-05,-3.141490517527444,-3.242072191639248e-05
5.255547761917114,3.6694207115010147,0.6660718295069864,-20.651150165480807,-0.06259515383953393,0.15306076996518492,-0.10317371343370547,-0.5485677377157405,0.08717263493343297,0.3398782402096186,4.767757206689811e-05,-3.141442632047696,-8.654045468931457e-05
5.2655463218688965,3.586499305277709,0.2956995297617114,-20.86692102737714,-0.0545692831052409,0.14173033134875127,-0.08910186611181908,-0.5485595758744432,0.08715239605717826,0.339824174186202,0.0001550566426464521,-3.141454284650231,2.99131164608354e-05
5.275579214096069,3.8266364658419,0.5716586144403725,-20.70746239391213,-0.06124048990224243,0.14857718970167216,-0.09331065280110211,-0.5485445762073928,0.0871858438426085,0.3397953914523824,6.316143471389361e-05,-3.1414585789425455,-5.9465745131503354e-05
5.283633232116699,3.8722979964045248,0.5058926657411387,-20.773144202653253,-0.05702159093385269,0.1551078486136993,-0.0991744557270772,-0.5485673481528119,0.0871650514052563,0.33973170155725985,9.152951303043116e-05,-3.14148054794536,-0.0001433902034002641
5.291617393493652,3.9665496115282504,0.6414937336055221,-20.793734764148287,-0.06430427288514672,0.15490009455223225,-0.09615180386723379,-0.54856065282962,0.08716260707168426,0.33970230306977023,0.0001312797357317519,-3.141459991357111,-5.012977362568063e-05
5.301538705825806,3.67992553611565,0.4455336011776175,-20.79312811612839,-0.05529974516689734,0.15247547823968471,-0.0865415975306739,-0.5485630476559054,0.08716303727959966,0.3396554054098358,0.00010719503052604661,-3.141442309121463,-5.472138143638381e-05
5.309548854827881,3.308976643372208,0.30984240678056674,-20.834224422455943,-0.05586969703731956,0.14769884088109145,-0.09494484219165839,-0.5485552612198027,0.0871788399089583,0.33958260288764214,0.00010354761057934322,-3.1414492542744545,2.4702952673963665e-05
5.319555282592773,4.031985399604715,0.6273126731177284,-20.641654619840377,-0.0663713630451213,0.15202384358662357,-0.09626204932349694,-0.5485500142147787,0.08717615588953337,0.3395687996197573,2.5626147189510697e-05,-3.141451725505042,-0.00011724452276222938
5.329561710357666,3.2195864413481536,0.4330493912428808,-20.917036843108814,-0.055169989444542926,0.141907914897114,-0.09137330478006331,-0.5485569648421141,0.08717003778179422,0.33952579443093694,7.809859456552405e-05,-3.141409733253586,-0.00012330966947714093
5.339515209197998,3.4070661420768236,0.22606479081626182,-20.96861253992559,-0.04976986929348028,0.14279725387711623,-0.08556205493378702,-0.5485553699342213,0.08715843681769618,0.33942691395102376,0.00015192465307625413,-3.141507499254296,-4.2170663657871054e-05
5.349549770355225,4.035232844849896,0.47946789836542386,-20.861852923854258,-0.05949287496795899,0.15929692653553487,-0.09852345326935755,-0.5485350840640829,0.08716560774371825,0.3393981313196873,0.00013924668660421642,-3.1415238217096295,-8.781766411184846e-05
5.3595290184021,3.7752307273368984,0.461086086868804,-20.73578584117082,-0.05741630582367075,0.14734435631487516,-0.09451282569376053,-0.5485580528596258,0.08717229763002252,0.3393732774679342,8.886331218862183e-05,-3.1414354048910034,-2.0834670098895952e-05
5.3694939613342285,3.661028183216051,0.6451684783169791,-20.650661627689104,-0.062137727438439615,0.14553991004249694,-0.09740237039297607,-0.5485508927458261,0.08717699950527033,0.3392997108958416,8.409673677106571e-05,-3.141425595101287,-2.8023503953707084e-06
5.379615068435669,3.3056214949407066,0.4772488118328937,-20.78125694938668,-0.057790835724574816,0.14517814280677455,-0.09345186254140223,-0.548571640939981,0.08716893852268658,0.33926514044087475,0.00012284606818159898,-3.1413884300449655,-6.271974546345695e-05
5.387611150741577,3.3880406509743657,0.47629032643785985,-20.6551159205512,-0.05434422010197874,0.14453121749156658,-0.0900663947716774,-0.548562611658986,0.08716480079036572,0.3391890074114548,0.00015131350932230146,-3.141503980714242,-0.0001057616702398936
5.397596597671509,3.5080709041102214,0.28207456579142653,-20.85920106823861,-0.05503442196364411,0.14620955055013693,-0.08930347626772023,-0.5485566908786638,0.08715358948290003,0.3391829356328896,0.00017134254877238295,-3.1414098703363287,-0.00010351815420414721
5.407574653625488,3.7184120767728657,0.4884077810491909,-20.684423999011322,-0.059779108125935516,0.14516838318877226,-0.09348154648527063,-0.5485656748891765,0.08717654172983935,0.33913370219905126,5.552054437983308e-05,-3.141418902560867,-9.702120112006356e-05
5.415518522262573,3.5889692154558763,0.2957870024702213,-20.72827125952275,-0.05480767383031783,0.15146978468232658,-0.08987010586181657,-0.548566808968348,0.08716271806297195,0.3390892044722652,0.00010341846260466422,-3.14138765544075,-8.375636683951587e-05
5.425503253936768,3.6678177153085803,0.5867170611729268,-20.677794705492733,-0.06316119464882344,0.14777232520099937,-0.08754090610610882,-0.5485630880685699,0.08718005849249952,0.3390369533272961,4.8232065758848604e-05,-3.1414203906395906,-0.00010214077894236805
5.433486461639404,3.2346164176262118,-0.19189079487198007,-20.73314116620255,-0.07900968711413353,0.15404318874008,-0.09488568294004461,-0.5485556322538663,0.08716505247251652,0.3389671337228219,5.3881800817551426e-05,-3.1414855128183055,-0.00013382663279457404
5.443519830703735,4.032904350131473,1.0466691168115045,-20.764701070305026,-0.03392953632804369,0.14086590640829708,-0.0973089639923715,-0.5485518955648749,0.08720252293665882,0.3389463533206166,2.804296189755063e-05,-3.1414630145202325,-0.0002775849252711867
5.451500654220581,3.9178967328619043,1.238345156203248,-20.842913550986545,-0.021683165887183522,0.13517191416204197,-0.09251865980776892,-0.5485582629886884,0.08717081193267368,0.33884533655983223,6.057831827517578e-05,-3.141555382709773,-0.00012445021212554517
5.461522817611694,3.361589022877149,-0.5685486683077906,-20.974830022135567,-0.07956884648828953,0.15554629342111362,-0.08970302588090762,-0.5485610828366625,0.0871983831147891,0.3388469130309763,6.3222884993474e-05,-3.1414764596049376,-0.00025534545408300376
5.471510410308838,3.312050398276612,-0.1798708622063089,-20.796627949687593,-0.06725615577438761,0.1519995505323589,-0.09331237865451085,-0.5485488996780951,0.08715995376706476,0.33875821497309827,0.00022622338701794298,-3.1415587562858422,-0.00017144895093642708
5.479624271392822,3.6560218121145676,1.120724596502437,-20.59355467713454,-0.04926832934719469,0.14103644232905285,-0.0960019355777866,-0.5485663786411951,0.08718607039919615,0.3387204280023629,0.00012975132927334936,-3.141548210578071,-0.00017074083184638784
5.489530563354492,3.8564169117364253,0.9564816322989598,-20.93766331387338,-0.06437032194432105,0.14823656704727595,-0.09584198974850638,-0.548550580038946,0.0871928353584641,0.3386725572112219,4.7209081404918954e-05,-3.141545398001118,-0.0001670478544566283
5.497543096542358,3.405896334838992,0.12894112399590152,-20.75027886477251,-0.06998170168711565,0.15141851800157907,-0.08999657270449285,-0.548556365072422,0.08719613544972984,0.33861368219742827,7.397410123897168e-05,-3.141534839460828,-6.608123279798855e-05
5.507579565048218,3.232496808565574,0.31034700453422653,-20.948504270370933,-0.05717078568756994,0.14453607643136376,-0.08765708955736613,-0.5485645144333975,0.08718685710216062,0.3385803791329205,0.00013207112884906156,-3.1415388282753836,-0.00023853766820750312
5.517522811889648,3.466943451457039,0.7574592212999804,-20.814561821364197,-0.05060969151795404,0.14332116155667166,-0.08623560562148323,-0.5485714646869979,0.08719879818078778,0.3385753360347686,8.897180731699312e-05,-3.1414462301709833,-0.00022321550790495106
5.527544260025024,3.6830605110092964,0.41175597843966416,-20.843651988893733,-0.052492237319748926,0.1430376862738092,-0.09058473372819181,-0.5485676964759149,0.08718916339048846,0.3384925031836613,8.528170592711548e-05,-3.141473614007221,-0.00012042930029575787
5.537564754486084,3.3531936320805755,-0.1314198036278946,-21.00278187715997,-0.050109660495771986,0.14164033700082176,-0.08863818381388039,-0.5485651661109356,0.08716622996494129,0.33845481908764885,8.564945745207993e-05,-3.141472192437397,-0.00016147049007850389
5.54751443862915,3.0940136214523153,0.13580828441311815,-20.92937805567956,-0.050260223413778796,0.14189620682821064,-0.08959650939576402,-0.5485523579427051,0.08716519110906738,0.3383682160147564,0.00017094455288244878,-3.141543396108523,-0.00014181506798253147
5.555617332458496,3.5442964017447904,0.10774170456910843,-21.074271493767657,-0.04870430293269778,0.14448048096191224,-0.08920901499138877,-0.5485730696700925,0.0871821751423145,0.33836013960947764,9.563060583668997e-05,-3.1414593078884048,-0.0001785952604286435
5.56352686882019,3.799148278536984,0.10583910731076498,-20.998395148316856,-0.05393277848607181,0.15146930033741873,-0.09410932993980828,-0.5485615373096865,0.0871881621824874,0.3383124642310195,5.0250615536825356e-05,-3.141473400534911,-0.0001532212489747281
5.571539878845215,3.2021677529956185,-0.0003139410841463933,-21.08674055542618,-0.05537239078930565,0.1429389551203535,-0.09512061749415898,-0.5485669380800995,0.08720749625448318,0.338235211523336,7.677521987747312e-05,-3.141549409085556,-0.00017936851795513948
5.581684350967407,3.3572550960012104,0.38029335162789196,-20.783489507079082,-0.058104936900291525,0.14744810601968839,-0.08944248757015458,-0.5485708430386439,0.08716675070233264,0.33818595896969017,0.0001266156730007484,-3.141540141379504,-9.548426711242164e-05
5.589575290679932,3.309528497820141,0.5559810170844497,-20.753984855792428,-0.05779758045168366,0.14370103436404186,-0.09452203286606782,-0.5485691958639021,0.08719757577522198,0.33819128790358544,0.00012626106711740085,-3.1414561916913666,-0.0002272857320492945
5.599618911743164,3.6863658958602983,0.38558843180947955,-20.744348677725306,-0.05459236127367292,0.15116444538315899,-0.09309716272912566,-0.5485639021268052,0.08718102366525421,0.33813074517184644,0.00010062893066334373,-3.1414632721191977,-0.00015763896312300624
5.607542991638184,3.566659182399061,0.3448415096827973,-20.723787755780975,-0.057228376464714174,0.14862074667291306,-0.08812692479054927,-0.5485543241206634,0.08718295772758895,0.33805748694336457,0.00014839891073797974,-3.141495581195824,-7.445234589039025e-05
5.617595195770264,3.60871309794083,0.4896924893922468,-20.732846470508306,-0.05740443445952928,0.14912338135484113,-0.08965770385526975,-0.5485665079932931,0.08719482066880166,0.33801025603341095,7.834437508073484e-05,-3.1414931951472256,-7.30744371934934e-05
5.627562046051025,3.5967177810696263,0.5843666254578014,-20.723912151596735,-0.05525858723425672,0.1450627052161031,-0.0883232450452366,-0.5485586706034873,0.08717164583874236,0.33796871134064127,0.00011169203625265471,-3.1414981617354267,-9.76458348546564e-05
5.637590408325195,3.7982477837181907,0.3052767719045719,-20.8410655668735,-0.0583742683219641,0.15093342532014717,-0.09025768489076225,-0.5485581864966903,0.08718781368030416,0.33795736733911413,5.547611206210516e-05,-3.1414220912083937,-0.00021915285654462436
5.64553689956665,3.6018918754644713,0.5666013013647334,-20.95099317931641,-0.06444974335364224,0.14810023794459057,-0.0946527752452691,-0.5485663304353197,0.08716434456103643,0.3378948128270979,0.00025614369442483997,-3.141476822449209,-0.00013357276911668615
5.6555962562561035,3.4293370745232514,0.6334855423021611,-20.802618238630156,-0.05721592313934182,0.14518898586778495,-0.09643033819595963,-0.5485581238389863,0.08717043765121728,0.3378706371707471,0.00012853653667145131,-3.1414366114304886,-0.00016786401322511246
5.663585424423218,3.763504297458391,0.634433225210656,-20.84464989774715,-0.05373421134011052,0.14462639126665777,-0.08979714505607432,-0.548569134327217,0.08717692077663305,0.3377806533005548,0.00015392395217075406,-3.141491158852012,-0.00012272133851920427
5.671549320220947,3.636057151242957,0.7908847936232783,-20.907907493485858,-0.04912540988230563,0.13988706829391626,-0.09016635994893502,-0.548565071933204,0.08717652148344437,0.3377853964816486,0.00012940539066280443,-3.1413822283849213,-2.8053605447776282e-05
5.679507255554199,3.536809054306717,-0.19985907010514797,-20.894097977070594,-0.07436008896789649,0.15008715598846298,-0.08707383679788959,-0.5485671521455111,0.08715968519520281,0.33770603536348914,0.00014433311621976291,-3.1414071500827943,7.630066529822019e-05
5.6876020431518555,3.6359881343064897,0.6715226992200238,-20.723928419002746,-0.06732929245345189,0.15399432558934098,-0.10214003636412848,-0.5485720697450769,0.08715889190849616,0.3376487903851241,9.284357291008358e-05,-3.1415174752412924,4.494305208254239e-05
5.697535514831543,3.838989151439744,0.8427311487721896,-20.732317672647778,-0.04291925855983386,0.1470862009894009,-0.09332564431437035,-0.5485609383153409,0.08719851906419403,0.33759286725529614,4.8838931864336715e-05,-3.1415032644419556,1.5981641740855377e-05
5.707594871520996,3.6801547223721536,0.4227161497312043,-20.817753320827673,-0.0667588795365724,0.14856992450549916,-0.09233725017662892,-0.5485648073073273,0.08715568845431797,0.3375849314076759,0.00015988848812874853,-3.141382251351145,-8.443764480671152e-06
5.717529296875,3.625389435318254,0.44636686208595927,-20.755059625427954,-0.08162344723532687,0.15580628198127233,-0.09070690145983766,-0.5485660183274733,0.08716072020191899,0.3375402680309964,0.00011623751505281875,-3.14141016997114,8.768289499952735e-05
5.727529525756836,3.0386047757018533,0.26235846143097247,-20.7398646922462,-0.05256979804051462,0.14607675863103806,-0.08701882469094079,-0.5485609487354625,0.08718879544818676,0.337509378644533,1.9614672762551037e-05,-3.141361966962636,3.028779138523035e-05
5.7375006675720215,3.6139932175706813,0.871868114961702,-20.67074381184021,-0.0542491009320274,0.1409758877832246,-0.09703590507956615,-0.5485694787303567,0.08717053085344605,0.33745967848423836,0.00015613695404263843,-3.141393271211987,-1.9150339780815376e-05
5.745553255081177,3.8553293089629284,0.7614028484209274,-20.675912501742364,-0.05952916685139661,0.14902323818528684,-0.09684059987297124,-0.5485726348081715,0.08717162051458356,0.33738868379367226,0.0001139175414875956,-3.1413771935247867,-2.8875979788801545e-05
5.753540515899658,3.4325752074583837,0.14577953933654791,-20.830060034570234,-0.059162960656506614,0.14473381842681002,-0.09234076088692499,-0.5485670640997709,0.08716540684822978,0.33736201599696625,0.0001469815386908915,-3.1413707003290328,-5.309523326619282e-05
5.763462543487549,3.6744751001591696,0.41199807181126374,-20.826034671601253,-0.055435310401750724,0.14891996974052954,-0.09107289891518984,-0.5485717227762433,0.08716205922423984,0.33729025492318193,9.640023298544727e-05,-3.141426303311779,-4.398418784440007e-05
5.771519660949707,3.552940471199369,0.38890962160978965,-20.840217410494198,-0.056195255538368856,0.14371065208458028,-0.0856938034743323,-0.5485778492780422,0.08718976255926561,0.3372385655537563,9.715693583779455e-05,-3.141449926273056,2.822161236096932e-05
5.779577732086182,3.302988131523549,0.6095029206602569,-20.797357201257807,-0.0604922797890198,0.13984318164471865,-0.08401052551628461,-0.5485700847180615,0.08717308796284276,0.3372109593810886,9.261737384692229e-05,-3.141409770929404,-5.389561927508632e-05
5.787574529647827,3.461927585996127,0.2938146571860643,-20.669116700009226,-0.05757945171038794,0.14095981720304826,-0.08629408580148153,-0.5485626978798451,0.08716995995785032,0.33711991530140467,0.00012706727404785436,-3.1415109861657724,0.00011312905719781302
5.797525405883789,3.9757120950943334,0.4629318585583825,-20.868268566652862,-0.05687798362816347,0.15362724666012775,-0.0888725583051131,-0.548575747633989,0.08717742608709529,0.3371189589966863,0.00015982176239043492,-3.1414190738766314,-1.0906304019722575e-05
5.807616472244263,3.276650642094123,0.5553366622400422,-20.756174883409244,-0.05455314685743335,0.13796931451982358,-0.09440361620680514,-0.5485599150684928,0.08713260377359655,0.3370678420627273,0.0002192832653869183,-3.141460195113297,-3.175484671452814e-05
5.81551456451416,2.8915933149773734,0.18456083120149497,-20.821964643068558,-0.048971730705222864,0.13082002346149427,-0.08555796788240977,-0.5485775539572303,0.08718014594143027,0.3370079029114447,0.0001315259856821016,-3.1414524997976425,-2.322760520681438e-05
5.82562518119812,3.725351191081566,0.504348805817899,-20.761857233774645,-0.05956451956384578,0.15208948388898685,-0.0885907690682432,-0.5485796923638676,0.08716055877966215,0.336994152061757,0.00015799474601404286,-3.141415127900563,-0.00010941534161753958
5.835530042648315,3.5570866955300207,0.7131696252310086,-20.720800062527193,-0.06720592856528483,0.14128739156293252,-0.09410040886403376,-0.5485799142073592,0.087214126072509,0.3369579064241762,2.23619559660549e-05,-3.1413579304961394,-7.687965484136482e-05
5.845622539520264,3.5459029949225465,0.30490692816403847,-20.717375287134693,-0.04767298374967721,0.14275536340539424,-0.08564758571467244,-0.5485750600742263,0.08716371393531759,0.3368840650582847,0.00012846772123725815,-3.1414119411936903,-4.6753325342028353e-05
5.855601787567139,3.6601937398780917,0.11052443598717146,-20.748013524620585,-0.05967380945771528,0.15323143219063942,-0.08616249036536107,-0.5485606636743477,0.08717038989177361,0.33679174236606685,0.00014351540127295628,-3.141478389450188,-1.3090799726525738e-05
5.865591764450073,3.6899666269250857,0.7317292264107156,-20.613097974927218,-0.04401188444774235,0.14162077467772735,-0.09056397191706374,-0.5485553603617944,0.08718513375538166,0.3367223442811653,-4.148959303867667e-05,3.1415879249591283,9.29745401123266e-05
5.873507499694824,3.677766565677207,0.776816087729705,-20.75602741882866,-0.05701216372924644,0.1456131889767741,-0.08629681452823958,-0.5485688996279037,0.0871927073506466,0.3366968477547559,6.662914212593762e-05,-3.1414904126636936,-0.00015594344334806377
5.883646726608276,3.69823210520636,0.23246755199345737,-20.669580005898965,-0.06157999833373706,0.15339378985719263,-0.09490463778074809,-0.5485617399849179,0.08717899631651357,0.3366732496479756,0.0001188955840763281,-3.141485739963396,-0.00010181308850186444
5.893648386001587,3.660558930926721,0.4286773263332622,-20.7337014328754,-0.061162806519780934,0.14665987837171007,-0.08603402042411123,-0.5485618041883591,0.08716549130629263,0.33663191828448696,0.00016427023023326496,-3.1414850078762497,-0.00015050033598650638
5.903604507446289,3.6248072374084717,0.7211027965029044,-20.68007830355814,-0.05027793979997931,0.14650550361415562,-0.08397646380188069,-0.5485682573951566,0.08717487548180018,0.33658077896598754,0.00017302189629240928,-3.1414321745655447,-0.00022291027067899345
5.911599159240723,3.7964338095427532,0.7965866484496967,-20.671591982127218,-0.05923015504289839,0.14554149185226953,-0.08158666515151528,-0.5485811148432183,0.0871666165637602,0.3365340770904426,0.00012929058092476305,-3.1414104785473724,-0.0001725058369932297
5.921525478363037,3.3749572702643804,0.20127654741235598,-20.640681055166684,-0.06248244320043889,0.14396195917392127,-0.08599285437700045,-0.5485668864904066,0.08718728823499677,0.33647046885557563,4.182123921326078e-05,-3.1414712923440153,-0.00014537374887082713
5.931590795516968,3.314156178180386,0.5670293342099373,-20.622637901063808,-0.057324632155564666,0.1446546382882951,-0.08611462676141533,-0.5485719072475183,0.0871876070719909,0.3364305120930051,6.187628887089829e-05,-3.1415080272323603,-0.00016373477614095068
5.941546678543091,3.5639079672513483,0.9988766616798967,-20.609625144970266,-0.06091749875238249,0.13928566838562698,-0.08782138778549065,-0.5485778083461482,0.08719036300831963,0.33637127424129554,0.000101022427997277,-3.141489539717253,-0.0001825235632229767
5.949542284011841,3.604906947213265,0.580340403214056,-20.780146220452963,-0.05965714094651985,0.13552246004359395,-0.09253008372280465,-0.5485639410082853,0.08719607970893378,0.3362924105727859,0.00016052883525154667,-3.1415717311352465,-0.00016302112410050454
5.9595489501953125,3.3677367970471823,0.3087419791603621,-20.8059277733847,-0.05896112829967565,0.14082663327126926,-0.08350648703215831,-0.5485837380224299,0.08718816889029746,0.3362907167194496,0.00022764736354558574,-3.141459704740609,-0.00017115669191273414
5.967568874359131,3.5896340046913715,0.7669829253892049,-20.871263069866576,-0.0584992061332501,0.14882023466056518,-0.08898657669161532,-0.5485722558590497,0.08717629018916599,0.3362390347258304,0.00012357164507702473,-3.1414356863255977,-0.00010990182459304524
5.975569725036621,3.54891091195631,0.5824961606351703,-20.81193722334386,-0.05123660183636366,0.13996705151572747,-0.08383146906080034,-0.5485884169892608,0.08718199650843851,0.3362095155982863,0.000149765125543598,-3.141430468954658,-0.00013580735624166819
5.983649015426636,3.865019874609166,0.32358242062127807,-21.060054866394516,-0.053480592592018095,0.15010287193213884,-0.08343977055681688,-0.5485788950772563,0.08717335761344704,0.3361364941411101,0.0001640523304887597,-3.1415085021314884,-5.251441456845785e-05
5.9935431480407715,3.502611527695679,0.19500541562653878,-20.868002848008388,-0.05165526926403927,0.14364415527532823,-0.08264156220302568,-0.5485764677625155,0.0871863495683173,0.33611424252993144,7.51001071619761e-05,-3.141431042122414,-0.0001382278927753163
6.003630876541138,3.266740560899612,0.39152415734515883,-20.833187296803747,-0.05083158462896732,0.14103369614528716,-0.08475590880926183,-0.5485923729798328,0.08720048434456672,0.3360501952252696,7.598287789601503e-05,-3.1414759864378787,-0.00011601649480962552
6.013567924499512,3.358871809168522,0.5705921414791831,-20.68540166404847,-0.05335007841071523,0.13623620710384587,-0.08619780503572803,-0.5485842664643212,0.08719485493666684,0.33598956757317,0.00015506117639803652,-3.141493158518439,-3.239845309685698e-05
6.0215744972229,3.379488208529836,0.6905152233657155,-20.65308079969911,-0.06389167877757553,0.14022189341146993,-0.08594429151339497,-0.5485768586162867,0.08719284617715638,0.3359788363613236,3.3903115618219606e-05,-3.141459467915418,-0.00011372694320804566
6.029567003250122,3.8071496318079134,0.6182638603496845,-20.803721004434873,-0.06590141890123642,0.14883672786747265,-0.0838354373922492,-0.5485800723323494,0.08716854775175117,0.3359215445317312,0.0002290855346593875,-3.141479304543898,-0.00010723295594218844
6.037548780441284,3.5989148385040717,0.6203342204092934,-20.706529797739915,-0.05632352032382514,0.1435122247829979,-0.08346026335706787,-0.5485694290785856,0.08717119177980706,0.33584682308436636,0.00010559071668199169,-3.1415644609208244,-5.496855449888672e-05
6.045559644699097,3.615043505791196,0.6303937941856834,-20.771332733887895,-0.055172069611076784,0.14362037542778477,-0.08764773712717977,-0.5485925442072604,0.08717413557598196,0.3358360115148799,0.00023607630802975288,-3.1414386810243573,-0.00010295211945178692
6.053583383560181,3.447557054947252,0.2903274299207855,-20.822552649877416,-0.04950123887294803,0.14319381127987438,-0.0852064244315965,-0.5485900647425574,0.08717442568779565,0.3357942764637247,0.00017839595686603378,-3.1414674831374594,-0.00010616683484683199
6.063600063323975,3.748256727970239,0.693949881797784,-20.683017417594513,-0.0604624392472153,0.14633696867560794,-0.09014305212637067,-0.5485924585970384,0.0871664874306504,0.3357807061997756,0.00018195281129250554,-3.1413906136309913,-0.0001412362727677278
6.073511123657227,3.6257776451097534,0.5841894377397296,-20.645241435957267,-0.058997531596126036,0.14360027336161454,-0.09020951038915084,-0.548591404229714,0.08717275073043942,0.33571657522904275,0.000180621263414789,-3.1414398857315176,-9.251561946188294e-05
6.083572626113892,3.692393456794996,0.6512411166936248,-20.816310159828333,-0.058039667156679214,0.14196810377803698,-0.08884665502058738,-0.5485893979323424,0.08718455750630864,0.3356452006442033,9.723136403763899e-05,-3.1414774407929924,-4.8985404387995406e-05
6.093539714813232,3.716952696393588,0.7105337390419546,-20.67729684213963,-0.06220714265260936,0.14713756211086726,-0.08348210901069711,-0.5485695627326562,0.0871740301994162,0.33557419061466665,0.00014711447253415411,-3.1415433908771515,-5.323262290105511e-05
6.103498697280884,3.4995354556611242,0.7146963516055878,-20.714734236792467,-0.06161745505384501,0.13915398482223787,-0.09088928339235162,-0.5485790769178728,0.0871852922301637,0.33555508138518086,0.00015465509404117574,-3.1414685189742584,-0.00017064908814064432
6.1135876178741455,3.935064369021221,0.910267461257119,-20.53476573520328,-0.06311549756095558,0.14770525655839994,-0.0863525859885757,-0.5485653967823121,0.08716751265419548,0.3355059566399173,0.0001229587635247324,-3.1414769280603876,-0.00016763665989906167
6.121540784835815,3.7023332589250204,0.5100090888477442,-20.745173512617143,-0.05759744552329998,0.14106368800987654,-0.08504762278161238,-0.5485796892582785,0.08717448145865841,0.335441697183751,0.00013035463758139163,-3.1414804353466277,-0.00015078743717624471
6.129566192626953,3.3469001790970925,0.3600529468063262,-20.775538928785927,-0.04907144919600199,0.13702040331807464,-0.0839545205724303,-0.548578054482682,0.08718030979039494,0.33540640381762504,0.00015268993264007597,-3.1414925936467792,-9.683604793135659e-05
6.137591123580933,3.917004016284571,0.2669886820512655,-20.99929926274956,-0.053744839272441246,0.15239538195276792,-0.08409231985349776,-0.5485822367204978,0.08719098576774637,0.33536403544942084,2.7682344926932052e-05,-3.141446850657166,-0.00010698762869303816
6.1456077098846436,4.157176304818506,0.614058264004314,-20.68403122297637,-0.05814353161691628,0.1519288955721766,-0.08422815266324221,-0.5485707219039505,0.08718534636665999,0.3353236762024132,5.687654720763815e-05,-3.141468336702333,-5.569299906350594e-05
6.153538703918457,3.677453468243089,0.4414503675332815,-20.76435066909243,-0.05280582562894739,0.14142590251700593,-0.08248919040892329,-0.5485792550071799,0.08715482734887582,0.33527528226492176,0.00018302876041770573,-3.141498415639855,-0.0001506127828515726
6.163522958755493,3.5782822693973526,0.5890816266825426,-20.711881003076225,-0.061713106693780224,0.14455479126506626,-0.08105192661512746,-0.5485889150032957,0.08720298744735103,0.3352601566449003,4.075948111999585e-05,-3.1413885315615127,-0.00015878949968700092
6.173562526702881,3.6080107072251866,0.5742190510143103,-20.73040570725443,-0.05714303683126043,0.14394101608502347,-0.0875357556485252,-0.5485886759216667,0.08715745714265209,0.3352301356827022,0.00020272109596931043,-3.14136597050126,-0.000101746630806332
6.1815454959869385,3.8081317747622347,0.19343037963325097,-20.70858242014226,-0.04530680274034044,0.14148390001199565,-0.08390419368243461,-0.548582738175421,0.08718037147863346,0.3351677837042224,0.00019047507995665066,-3.141408793152458,-0.0001637050900747448
6.189584016799927,3.818351965164107,0.6221648415019619,-20.65364080779261,-0.05955951126016333,0.14206575780672703,-0.08607555136437818,-0.5485902584988303,0.08716453712553343,0.33514357804603356,0.0001657699007003277,-3.1413402407117674,-0.00022402799471519489
6.197523593902588,3.7318718254315724,0.5732641902721153,-20.586194912197318,-0.05746272949063789,0.14575111990917636,-0.08140921312240466,-0.5485950187855936,0.08717132602268297,0.3350799567729053,0.0002104340670655605,-3.141419854930214,-0.0001634747321870884
6.2075464725494385,3.785376638047904,0.8862382076308224,-20.50349037724987,-0.06586107929203433,0.148270889243233,-0.0867644126040431,-0.5485681667946678,0.08719134238038839,0.3350530230331461,5.8031672906376223e-05,-3.1413927731759475,-0.00014593400741923741
6.217536687850952,3.662655292008232,0.6607736520967976,-20.655229128067372,-0.05885137557103092,0.1408246104949436,-0.08569804108308449,-0.5485704861735473,0.08718502298459235,0.33497606162125915,9.917786852209668e-05,-3.1414224230435686,-9.698937096154611e-05
6.227562665939331,3.543915648402004,0.4531478966734368,-20.623141246763137,-0.05747574088828306,0.1410955106669346,-0.08323636993185568,-0.5485984174047818,0.08717863503525991,0.3349331711268441,9.914253274615253e-05,-3.141435609779969,-0.00010088708402893954
6.2375524044036865,4.100537525383482,0.4973433619295502,-20.74075675294758,-0.062235602967429055,0.15045402585089046,-0.08978449877100733,-0.5485890460118028,0.08720650949827786,0.3348601204719277,1.7385613203016813e-05,-3.1414828114337743,-0.00012487512560399187
6.245635271072388,3.7105333043963316,0.850024791395143,-20.749965008127422,-0.06414220734901863,0.14660206631449493,-0.08769776637205111,-0.5485888554998063,0.08718772018928442,0.3348518999683351,8.858652708122857e-05,-3.1413848704130958,-0.0001966191330211142
6.253626108169556,4.034001389377305,0.8719386594838052,-20.59862043289678,-0.0636950819968574,0.1489712077911842,-0.0818250541127271,-0.5485928074987807,0.08717185791651544,0.3347614371964037,0.00015274915123720438,-3.141450559218482,-9.856480470661524e-05
6.26163125038147,3.620108559333192,0.6937935751734874,-20.75509534141824,-0.06237666971399801,0.14101657581475643,-0.08669438360213418,-0.5485843474896955,0.08717970525736858,0.33472382785409976,0.00011692102424366824,-3.1414662098436223,-0.00012022591984915599
6.269605398178101,3.8746837807271315,0.8634307924904798,-20.530805988372865,-0.06327535858421035,0.14795084140994696,-0.08887899225680382,-0.5485866971989118,0.08718686380495214,0.33471293645210615,0.00013871862146384831,-3.1414200930804164,-0.00013913853028911782
6.279550790786743,3.4710050396411636,0.47989916091725815,-20.745253009378494,-0.055594653396529914,0.13365952975328121,-0.07769387714009249,-0.5485848232397519,0.08717982999867971,0.3346403241074885,0.00014622694590036374,-3.1414903355150083,-3.503072748014671e-05
6.287647008895874,3.806490609920488,0.5961876124833466,-20.505388508251563,-0.052755370318957724,0.1419371376322164,-0.08559597002739601,-0.5485795780733868,0.08718025356238833,0.3345978859386187,0.00018950420477702342,-3.1414737833740802,-5.025106563232145e-05
6.295623302459717,3.4709438702858946,0.5796692251324173,-20.525600053319998,-0.05948057810213306,0.14246593276522207,-0.07917218408926349,-0.5485798526011533,0.08717751255197348,0.33456724940814414,0.00010383996898149342,-3.141446640232116,-0.00010430271513360781
6.30356502532959,3.832903303022269,0.8254775432514407,-20.570049050199124,-0.06617021681285655,0.14393947861786766,-0.0801472489607998,-0.5485703050605645,0.08719006992857678,0.334517596989614,5.1572562149526e-05,-3.141482747594502,-0.00011476122566743218
6.313578844070435,3.6786545627780107,0.6775675188033796,-20.538491596043936,-0.06182716672712568,0.14260010342491095,-0.08361048202451538,-0.5485757732294054,0.08716458996219528,0.3344926009686054,0.00017617618477459949,-3.141441072205849,-8.424494941395868e-05
6.321594715118408,3.625670614450544,0.7446320279924995,-20.51042342027242,-0.061000600430478676,0.14212838919265897,-0.0833368611211666,-0.5485735372816668,0.08718040168127597,0.33441605882199293,0.00014452757491925747,-3.1414880817728803,-5.959945639332896e-05
6.331566095352173,4.051255149012632,0.6901912794686347,-20.4210639871104,-0.0590739414376339,0.14894984765226618,-0.08191125264334799,-0.5485772398628207,0.0871557923065236,0.3344007906871289,0.00023368901159693826,-3.141450170922932,-4.296090523742805e-05
6.3395915031433105,3.659271264891099,0.577488045833817,-20.61871103409902,-0.05424475581510723,0.1422690052448524,-0.08202238053286715,-0.5485725516766253,0.08718117091023113,0.33434824536517516,0.00013385956338949603,-3.141406968071282,-0.00012763648775723741
6.349555730819702,3.70733081539315,0.7708379572622708,-20.6308045937522,-0.058891630966372704,0.14071020840217938,-0.07968652801311737,-0.5485798015677475,0.08715109224832963,0.33426455221838125,0.0001717498440784118,-3.1415247665248973,-2.049182720281517e-05
6.3595802783966064,3.666400995397968,0.6114324216309964,-20.45287814672609,-0.05674858626417138,0.14123152968714706,-0.08048869123228644,-0.548563863397437,0.08716226968936866,0.3342253756411655,0.00013691653093684131,-3.141526850279991,-3.9665649766300464e-05
6.369531631469727,4.151806998815291,0.6519169338769044,-20.57801947593195,-0.05910020782936088,0.1524415823422459,-0.08516797267792044,-0.5485935232428631,0.08714464484571043,0.33417749542354175,0.00025372637195157297,-3.141502196267749,-0.0001188077590081648
6.377526044845581,3.4310374347512034,0.5946475553346506,-20.468545707344077,-0.058049143268690234,0.13233692662013047,-0.08155645486943387,-0.5485645911859812,0.08716088599743564,0.3341159153632766,0.00013288484295935547,-3.1415244206769666,-1.8754594638470117e-05
6.387615442276001,3.596676465431351,0.6497564996530464,-20.5682537145686,-0.05910077207053721,0.13736602866306105,-0.06525487963193863,-0.5485783292717668,0.08717532832156491,0.3340876915915224,2.1288719057862234e-05,-3.141460004134765,-8.937262933768141e-05
6.397537708282471,3.5544261008485245,0.9174012681665336,-20.602824178638258,-0.06380769477198182,0.13615050202542792,-0.06381365897114792,-0.5485851803537065,0.08716706259765594,0.3340504958147477,-3.2308791056112615e-06,-3.141443356221392,-3.572461580135696e-05
6.407571077346802,4.04729611388197,0.4946766066294819,-20.63523799909289,-0.055617031861283105,0.14923109840122342,-0.06300372737475692,-0.5485815073194158,0.08716229459082249,0.3339930421438347,-1.937057928980166e-06,-3.1414633587273126,-5.752363382702256e-05
6.415549278259277,3.794271049055326,0.48317337994035203,-20.604003696153445,-0.055787666306669426,0.14345310960317367,-0.0647247760310275,-0.5485686927561764,0.0871913442965263,0.3339466546083844,-7.805013427618328e-06,-3.141492268698423,-5.083996341422767e-05
6.42558217048645,3.529527395934016,0.7128245588534642,-20.64201358614575,-0.06160186592231606,0.13771100277456147,-0.06557578211744261,-0.5485685847468579,0.08717014734705235,0.33388928907383186,1.4468734966198618e-05,-3.1415215825525555,-0.00012255294189643943
6.43560266494751,3.5335670723257793,0.484546187544586,-20.68199333026642,-0.057062125677377354,0.14132869111227095,-0.06314819308829069,-0.5485814920694921,0.08718008394850937,0.3338535423342629,-3.089976723387807e-05,-3.1414336690755755,-0.00013056695137356457
6.445549249649048,3.6430780657144086,0.6591230780203402,-20.631967045369617,-0.06144380785912568,0.13787520607976259,-0.06157721746271861,-0.5485793196743627,0.0871657884467562,0.33379911205987567,4.1929610556427524e-05,-3.1414652749263876,-8.952280271419416e-05
6.453556537628174,3.6629763467451166,0.7611436797341151,-20.744947256757882,-0.06536983052705712,0.14692416211038323,-0.061473226874338566,-0.5485817010344255,0.08718266783545063,0.3337534980073475,-5.956930086004402e-05,-3.1414628667497775,-8.324358170898829e-05
6.463569164276123,3.740461617840964,0.9923691809563544,-20.5474408079259,-0.06712689201858608,0.14616431547752273,-0.06744864142702173,-0.5485704815607201,0.0871953303804959,0.33374562465596874,1.79367047413459e-05,-3.1414085081932015,-0.0001668605345150659
6.473593473434448,3.9627634752624235,0.9686329732132369,-20.58888822020992,-0.0726583793388751,0.14320506482394502,-0.0671290828989741,-0.5485707890414071,0.08717371425030253,0.33366461801945835,4.3956060082314555e-05,-3.1414571162862046,-9.31477237454554e-05
6.483571290969849,3.8463302923482483,0.7778937074784705,-20.598909511215695,-0.0666458949130393,0.1474019176585169,-0.07299292250526475,-0.5485702107932389,0.0871543313236654,0.33358953825243254,3.3027658481713215e-05,-3.141521102585836,-4.9988250812690945e-05
6.493602752685547,3.5995416646472487,0.7699459797538217,-20.747173789815466,-0.06217899627906384,0.13768116121178717,-0.06046818087097042,-0.5485670759998734,0.08718082182042973,0.33356342331364913,6.834065074913367e-05,-3.1414468862272433,-9.12784678696241e-05
6.501806020736694,3.7616124104911925,0.8609698626655072,-20.5386314518391,-0.06568762121819405,0.14042946485895622,-0.07112747940712431,-0.548586521219766,0.08718944681669799,0.33351229108202224,-3.10548777028323e-06,-3.1414411389089683,-0.00010264501572638179
6.511520147323608,3.9106299434095417,0.7817250205292434,-20.61263640676717,-0.06036569784328563,0.14807772965711408,-0.07418066351877375,-0.5485821986034289,0.08717317839037049,0.33347828044123995,0.0001002813307640348,-3.141443921041399,-6.378684688970802e-05
6.5215513706207275,3.6442990570345706,0.6556024246892131,-20.708846403041946,-0.06133233393179021,0.14155926328464272,-0.06411682522807215,-0.5485916376693069,0.08719455680080296,0.33339619692712397,4.33287725815206e-05,-3.1414889229701615,-8.107385772724948e-05
6.529592037200928,3.837627356827191,0.7719530766812515,-20.734893152630942,-0.0643267167590976,0.14646329355746443,-0.06820059041926071,-0.5485806671176479,0.08717801991127566,0.33332939389771454,6.453163815809182e-05,-3.1415574519317695,-7.88365822355616e-05
6.537659168243408,3.678499219194462,0.6175429882109903,-20.712569792301903,-0.06324042077262877,0.13813841235203708,-0.06440903214209487,-0.548568755464688,0.08717529180945913,0.33334824769280746,5.920781818561918e-05,-3.141409041632826,-0.00010616121627480235
6.547559022903442,3.7453491541068935,0.5415771933720835,-20.607376374623126,-0.05974660209480433,0.14293874643812993,-0.07191048843097073,-0.5485817858561326,0.08717207069062934,0.33327816379203457,5.3695255161448516e-05,-3.141428520021284,-2.7507811508235463e-05
6.5575270652771,3.1330619585076334,0.6206289101959396,-20.762109005339344,-0.059207208599669714,0.1322816566769704,-0.06598487738106107,-0.5485721651342611,0.08714584168611653,0.3332233644395992,0.00018333840810818476,-3.141485034990783,-2.5217795344157846e-05
6.567640781402588,3.7435837258699123,0.6875455527179705,-20.575000582705556,-0.06230794774718869,0.1378700608498459,-0.06825703291673126,-0.5485659485181069,0.08717322726679655,0.3331882000400877,4.817007310536181e-05,-3.1414832373214527,-0.00011854891469333386
6.577557563781738,3.646047554545875,0.557383957307304,-20.691675392167216,-0.0579846658265824,0.14083827344587926,-0.06955615715135643,-0.5485683467128065,0.08717166421235302,0.3331452735489706,3.096486484392427e-05,-3.1414278241726357,-4.649811695926306e-05
6.587582588195801,3.4121350164150948,0.8430528306090334,-20.73238014224761,-0.06365840042288282,0.13539083184627804,-0.06708574459858767,-0.5485989437462351,0.08716646098478222,0.33310147081424446,0.00018827952015158702,-3.141387794425998,-0.00013178304336250525
6.59576940536499,4.001448828509721,0.860526607169006,-20.561578646860625,-0.06379957718011377,0.1448215070259202,-0.07487568841058624,-0.5485885188338929,0.0871685657401984,0.33303913072618624,0.00021280882008154237,-3.1414042159414515,-7.624806160218286e-05
6.605616092681885,3.957637871096748,0.9269378922962789,-20.653155842383157,-0.0702379275174622,0.14431537539874595,-0.07503120931992922,-0.5485741189882057,0.08717070388890585,0.3329748309498485,0.00018572073988478948,-3.14150182543579,-8.980038014536019e-05
6.613611698150635,3.5549091883755364,0.6023201698964542,-20.737893142874068,-0.06173412148607264,0.13739545955091806,-0.06698503041625194,-0.5485692607803434,0.08717747892808267,0.3329614975699764,0.00022640207039049406,-3.1414398033065787,-5.1704353730319855e-05
6.621534109115601,3.80631686329859,0.6455598569217674,-20.87789356984138,-0.05700136494616627,0.14177313126694754,-0.07295628548016168,-0.5485762891114447,0.08717515373684462,0.33291357733992794,0.00018144344874360094,-3.141419815122138,-9.354073457258169e-05
6.62955904006958,3.592701030077713,0.47018329328287933,-20.790268206101175,-0.061437151801227184,0.13655784394816714,-0.07356134934779067,-0.5485939669410571,0.08716451085105947,0.3328740891813559,0.0002585543421240368,-3.1414331706738605,-9.893477561660486e-05
6.639551162719727,3.688342029877175,0.6051503256385355,-20.672750200730857,-0.060124054334989144,0.14187429058422643,-0.07710679612425798,-0.5485637996016849,0.08716734985975431,0.3328136445646906,0.00027967957985981285,-3.141451830930249,-0.0001466245960679189
6.649538040161133,3.7731556818634564,0.5634755221976491,-20.618428503042292,-0.05548092349232527,0.13739654378903945,-0.07650637337431763,-0.5485686018840203,0.08718880732612616,0.3327645676831822,0.0001482343191224249,-3.141521778318225,-0.00015598537868602343
6.659551620483398,3.5730855825042047,0.6141016268671203,-20.769213742022593,-0.0591195035057812,0.13777276082844853,-0.06655374211221449,-0.5485855959420375,0.08717870258474596,0.33271765866613306,0.0002114921003706108,-3.1414297187328755,-4.800153518123047e-05
6.669582366943359,3.71816484328111,0.8305898884922901,-20.7217563815698,-0.07108075820418834,0.13880023155599283,-0.07417660536603998,-0.5485694398283257,0.08718066665401239,0.33265877145641626,0.0002333466544287364,-3.141497075276512,-7.342995368418442e-05
6.679610013961792,3.3865396355213115,0.65460412704211,-20.671255456316192,-0.06260070837981528,0.12935026458784382,-0.07697094289897755,-0.5485836107437919,0.08720080642681585,0.33260245184854426,0.00011149923288058195,-3.1414599497353026,-8.996697682860871e-05
6.689601182937622,3.8291255261577217,0.8944177611251961,-20.53790856222828,-0.06517235023318399,0.13992323036065982,-0.07431314804887079,-0.5485792544410916,0.0871888503864819,0.33255902044205754,0.00010056772634422159,-3.141472932641866,-0.0001173650891977568
6.699551820755005,3.4559624425005473,0.7016524629802289,-20.636084476258002,-0.06027897709907088,0.13199455301676746,-0.07145740861564391,-0.5485925199668904,0.08715803369080545,0.33254629107308276,0.00030142698152096974,-3.141366424989802,-0.00017931779866222508
6.709580183029175,3.581267991752083,0.5806928845921792,-20.83106196385639,-0.05812290550399918,0.13720328238889273,-0.06963925217873491,-0.5485876206034007,0.08717034905310513,0.3324751226172586,0.0001873662227367956,-3.141386253312579,-6.0538378133523546e-05
6.7176337242126465,3.3626948463804154,0.5706483772002912,-20.797886519638933,-0.057768604412901575,0.13161965388944827,-0.0679026145701944,-0.5486034456251709,0.0871733318534629,0.33244451993374247,0.00016268286316807194,-3.141377300884996,-7.912801708957825e-05
6.725555181503296,3.9722172270312277,0.5480333019376183,-20.81232353119561,-0.05934069484987298,0.14571510858102696,-0.0694163255846365,-0.548584900770903,0.08718407828926168,0.3323618525929368,0.0002365283606526417,-3.141459886700666,-6.010054539295963e-05
6.735572576522827,3.698396368313899,0.6371398821586021,-20.70983749484535,-0.05820047363622991,0.13648246966813238,-0.06905559534317322,-0.5485799666370622,0.0871934183984371,0.3323317388243776,0.00016781429423149262,-3.14145364988094,-9.629995260405196e-05
6.7435455322265625,3.584954260529432,0.5088207537876468,-20.57735129294474,-0.05223474550442357,0.14230343332795153,-0.0626469235895887,-0.5485769003467748,0.08715175991039405,0.3322657144452052,0.00018733920740129177,-3.1414686586272227,-9.523534673945489e-05
6.753560304641724,3.825169090385892,1.0082051224635904,-20.730962876244106,-0.06977090119469016,0.142271929088442,-0.060217267974625684,-0.5485797160914322,0.08718967034135666,0.33219693119580906,4.194636106330847e-05,-3.141538635939631,-2.5537634768595613e-05
6.76357102394104,3.8872430542031684,0.6083313557851485,-20.567855218055502,-0.062427371480257364,0.14323654394287216,-0.0658036700311351,-0.5486005908422668,0.08717584545360833,0.33219391577347446,3.630405311805513e-05,-3.141390517928263,-0.00010778241583395282
6.7735512256622314,3.435264619752271,0.445530067737936,-20.766914949795098,-0.05045574739180559,0.13457250791802394,-0.061862785140915956,-0.5485858758439833,0.08719116979814735,0.3321713499164395,2.1845812806349256e-05,-3.14135009612041,-0.00016412849872720245
6.781546592712402,3.5202087763151404,0.7892239862214332,-20.548993315382212,-0.06075425981116498,0.14660268528769638,-0.06749099031282733,-0.5485821389111044,0.0871521413638413,0.3320819469157862,0.00017934872440631832,-3.141441011307556,-4.776205849913476e-05
6.791617393493652,4.509537817525549,0.7622986695665446,-20.61897775133387,-0.06402092429543202,0.15198838505266654,-0.06933619788928122,-0.548566550985223,0.08718712400105988,0.3320240081356837,0.00011132594431250182,-3.141513119896648,-0.00012453822610007282
6.801566123962402,3.7134963878798475,1.0553094897778452,-20.628221945988468,-0.07052886456364323,0.13820943448082754,-0.06196514511304421,-0.5485945428689813,0.08716046408276212,0.3319993603124934,0.00017613197089010724,-3.14145216314903,-0.00013121261542231932
6.811532258987427,3.5257180574411766,0.6402538679305971,-20.668836202311603,-0.05795159632475321,0.13912891378766162,-0.06521663471703887,-0.5485814434711689,0.08715760962164044,0.33191481872350637,0.00010584751885343643,-3.1414703869136384,2.4926892319874503e-05
6.821558237075806,4.200157049484499,1.0291238933399462,-20.532236957291534,-0.06677592203566748,0.15272875505564862,-0.0655510304224908,-0.5485969885441283,0.08719242803248797,0.33193285333684824,0.0001342339917869158,-3.1413280671926374,-0.00013341338040832878
6.831554651260376,3.8163338653419068,0.8769096468715959,-20.640360907723817,-0.0656805239805306,0.14083050849556605,-0.06462871772191707,-0.5485826296158802,0.0871917661037012,0.33183894246084505,5.5263414543155365e-06,-3.1414366967130793,1.2188365605003726e-06
6.839516878128052,3.5676236578836966,0.6741618638341825,-20.720029835313067,-0.062070654019488275,0.13616558199617082,-0.05779938121190711,-0.5485896557896508,0.08717566720924634,0.331791208266627,0.0001048238835565699,-3.1414503546088937,-7.366467999272336e-05
6.847559452056885,3.9539179765407573,0.48265805450762284,-20.65914360315419,-0.0592781669192613,0.14419052529715307,-0.062144660051272796,-0.5485809561227758,0.08716143817253919,0.33176375019023924,0.00014985777891606222,-3.141442162173689,-6.402590809269075e-05
6.857550859451294,3.450765696750289,0.3284223116749657,-20.66789121369693,-0.052941561855069166,0.1350072517100416,-0.053172262182964565,-0.54859594623643,0.08718831353631203,0.33172131722231096,9.788998543747822e-05,-3.141436824434279,-0.00016376991219781687
6.867542743682861,3.464256152345078,0.6908533532646207,-20.757532831431664,-0.06128791634435807,0.13126851532417314,-0.060439962033485416,-0.5486121969413222,0.08715439325545046,0.3316582261676104,0.00016585337713607824,-3.1414243331424925,-3.233560851189075e-05
6.875558853149414,3.463453202448525,0.6392345967045832,-20.710802649114424,-0.05882738250100167,0.1327993918307106,-0.06337423555417024,-0.5485975313816334,0.08718402237640795,0.331654310566796,8.185929264968926e-05,-3.1413523479081817,-0.00018527572173231808
6.883583068847656,4.0457613993974,0.596285092452966,-20.601896766339795,-0.06019213399379103,0.1412811511307444,-0.06220177980727386,-0.5485883230426264,0.08717809010708923,0.3315808924800982,6.430457575380456e-05,-3.14140296892817,-0.00012166768804103415
6.891624689102173,3.437890084618407,0.7686738139430158,-20.76248125688067,-0.06068096210577643,0.1368715893031859,-0.06719402700273205,-0.5486034595023426,0.08720268673541845,0.33161218945914944,6.474279077578314e-05,-3.1412398255962524,-0.00021427600758828282
6.899615049362183,3.3594849023845907,0.8506967229214646,-20.6854567180467,-0.06355506036985406,0.13110140907059234,-0.05910185576401687,-0.5486024864509015,0.08719222114377474,0.33151822124575847,0.00014218493595776727,-3.141358743011969,-0.00024270364244063887
6.907583236694336,3.355947921452791,0.5672288445779365,-20.629633731807356,-0.058095825233942334,0.12540044992597965,-0.06426501639675716,-0.5485877722267626,0.08720370059195143,0.3314887968625328,-7.603201186685421e-06,-3.14134325061417,-0.0001330595351412634
6.917629718780518,3.497917526084034,0.5126118588229771,-20.745607061612333,-0.058041869351787304,0.13966167076594246,-0.07158745591398917,-0.5485927476871203,0.08718781588586817,0.3314063080246608,0.00015982468806964394,-3.141425851470072,-0.0001661085294950111
6.925530910491943,3.6951171342460376,0.26335976884408513,-20.785036469560136,-0.04787484698509448,0.1410241570202022,-0.06111664360016877,-0.5486023730290953,0.08716820367930321,0.3313727768836857,0.00010194939127164113,-3.1413664320904333,-9.357391193052848e-05
6.935559272766113,3.47640791330257,0.740143501280699,-20.723015678772015,-0.06353770742241902,0.1374455384029684,-0.06176413549977237,-0.5485849843379524,0.08719093115460955,0.3312942825599411,5.5857672035770685e-05,-3.141501409623796,-3.0338748155518823e-05
6.943623065948486,3.662943142537938,0.3497134637025169,-20.731772411619556,-0.0542668620226777,0.13881712057394827,-0.06087212259322048,-0.54860002711767,0.08718643344991388,0.33130831503823777,9.022686267653223e-05,-3.1413557233821283,-0.00010712303667809619
6.95153021812439,3.7260917928597745,0.5902552621902049,-20.596688870100042,-0.05673249378413706,0.13160226275484724,-0.06397601127285645,-0.5485832437199245,0.0871705812632048,0.33122280539812216,6.549639167149286e-05,-3.14141904938551,-7.959990362184178e-05
6.961563587188721,3.5335949228690304,0.4854044242481781,-20.667635636438543,-0.05674800069065428,0.13479835509104263,-0.0614211259987022,-0.5485893397956304,0.08720813531585984,0.3311658989274673,6.688260834670851e-05,-3.1414891563685887,-0.00013183868847264102
6.969599962234497,3.6797167360316334,0.25558486064881525,-20.76860157598868,-0.05615544889652208,0.13596450846852476,-0.06248578515323486,-0.5486077186211437,0.08717174800503084,0.3311711959356943,0.0002032362799836736,-3.141345056471822,-0.00017576131145350304
6.979554891586304,3.7697016594552273,0.6287225736868335,-20.679670713902716,-0.05454803792192712,0.14350516638009164,-0.0624583892131261,-0.548612614229526,0.08716842477017195,0.3311138383880009,0.00014485490710557027,-3.141388558885517,-0.00013337016098004584
6.989575147628784,3.8943188794776917,0.7994177687161487,-20.601891926628284,-0.06326754783815945,0.14070183886951118,-0.07081366186361374,-0.5485884590223084,0.08720227863368953,0.33104700051410296,8.443344297180825e-05,-3.1414478049456416,-7.79397982944796e-05
6.999552011489868,3.7504602995835623,0.6000723262551334,-20.68004199566869,-0.059114456837749345,0.13737101561388537,-0.06680857504811588,-0.5486051008604712,0.08717572345749502,0.33102196599226863,0.00011752874593510763,-3.141364300249895,-0.00013838916212622325
7.0075788497924805,3.762965564336833,0.6095979957912229,-20.744243105733172,-0.06113957746470205,0.13919811201861812,-0.06172928068744789,-0.5485919528633514,0.08717507200038095,0.3309434750147928,0.00011220607410051135,-3.141413162618326,-0.00010672458745318976
7.017554044723511,3.7879767970657934,0.8327402362388702,-20.510063182546595,-0.06453284793929377,0.1365870970698943,-0.062475957755780125,-0.5485900649270249,0.08718986254273232,0.3309354582641257,7.770320533498569e-05,-3.1413776195620655,-0.00014386184580500452
7.027546167373657,3.7814469637042465,0.5521317861814908,-20.67648559900595,-0.052905419223629215,0.14276703531359114,-0.06186239387995382,-0.5486030053117229,0.08717625906635862,0.33084966666784454,0.00013507703286407265,-3.141387680262951,-0.00015160564637450556
7.037567853927612,3.52047916048464,0.8793255379942392,-20.69265511965267,-0.06193838105040425,0.1334999397152271,-0.06039143191702322,-0.5486000065864395,0.08718187259937978,0.3307996282177752,8.06748816122847e-05,-3.141404343458652,-0.00013184098557162243
7.047559022903442,3.930220232458493,0.8297806252495136,-20.66551347794227,-0.06226536673950264,0.13947949005200627,-0.06312100327962883,-0.5486031963815808,0.0871569683573479,0.3307290555060724,0.0001941826232070512,-3.141444445463884,-7.605905560674597e-05
7.057501316070557,3.298409315492769,0.8777808587537774,-20.662010370704962,-0.0658375722535972,0.12271621512620008,-0.05846748877568532,-0.5485825699476361,0.08717325864776641,0.3306536947567715,8.46381239536468e-05,-3.1415730002615785,-8.286443133499071e-05
7.06760573387146,3.710444062490143,0.9379148967342223,-20.72873243771181,-0.07014412420246402,0.1376619472149536,-0.06531078950833767,-0.5485930852878059,0.08718944900688137,0.3306314093464062,9.808379293737092e-05,-3.1414798862006212,-5.872820643282084e-05
7.075628280639648,3.873177394110066,1.0666800536591605,-20.52828123934812,-0.06804575401529508,0.14672091834197915,-0.07119294879984489,-0.5485898494756162,0.08719827994606666,0.3306177393096909,8.822063450604751e-05,-3.1414054241376457,-0.00012143013733306196
7.085540294647217,3.2895354367173866,0.7574476836630837,-20.72786391574116,-0.06014426600705461,0.12467329170383241,-0.06680295124441654,-0.5485934667034776,0.08718584418717908,0.33056552665122885,0.00018599180794505652,-3.1414181816775226,-0.0001277859998126477
7.0956175327301025,3.571670978224967,0.5287260516294472,-20.80856075577731,-0.056006993864578185,0.13146546851916147,-0.0632676970600293,-0.5485975028971646,0.0871708582129966,0.3304940935990955,0.00020738973128594092,-3.1414650310372507,-0.0001081678596446328
7.105605363845825,3.928076437786074,0.5617747137564443,-20.68524540231246,-0.05689809508508398,0.13781741885697624,-0.05791277910544039,-0.548589233755814,0.08715094481987536,0.33042693450078364,0.00016766168739843764,-3.141495758495628,-0.00013083699606205175
7.113528728485107,3.475533495818522,0.5777462169497739,-20.826612088643795,-0.05467648206549989,0.13256709629446875,-0.0588878902401313,-0.5485828466096135,0.08717577808840737,0.33038988860387736,0.00017274783175937308,-3.141454709245899,-0.00010135883725498752
7.121557235717773,3.50171748606751,0.6974527235255645,-20.793934118993107,-0.056351039875980474,0.1299314716576153,-0.06224173457721681,-0.5485919891889761,0.08715604273696212,0.33036754490461806,0.00021028071781096163,-3.1414379276015483,-0.00015520199474371963
7.129557371139526,3.7446593148345877,0.5254939300448372,-20.894814167991452,-0.054682990912668324,0.13691360830051535,-0.059143540556700396,-0.5486091508549767,0.08718126680045622,0.3303435007506895,0.00017995397465014545,-3.141373486857772,-0.00013900226627018724
7.137533664703369,3.4928347633482106,0.7122085486022403,-20.658172324982882,-0.06087503239661053,0.13081989611090725,-0.06216482237549838,-0.5485928863412524,0.08718241383046224,0.3302778867287623,0.00012888225494205732,-3.1414570396438104,-6.187605496001076e-05
7.14558482170105,3.567210301508643,0.5272749304190821,-20.757577518958193,-0.058299138195577464,0.13567480889460734,-0.05990490249060555,-0.5485916433892675,0.08719662425921076,0.33023140058188416,0.00012353767111437353,-3.1414458643047016,-0.00011007524438732199
7.153611898422241,3.7857973137923966,0.7849030842943147,-20.763331806868226,-0.0655109979063453,0.13885599294505666,-0.06360731006094336,-0.5486078867797848,0.08715649772359534,0.330182846475715,0.00018141596410692695,-3.1414563447314476,-8.957778096198546e-05
7.161617279052734,3.6466921804462453,0.5945272321007038,-20.730564784140032,-0.06156612353630248,0.13697505476649682,-0.0620442838186758,-0.5486047578280805,0.08717360850453948,0.3301675728067551,0.00016253714908586676,-3.1413871095823787,-0.00015531653887392957
7.169624328613281,3.486846280385295,0.6602486159823843,-20.823222313438105,-0.055891264196381955,0.128903293543844,-0.05869634710260092,-0.5485877521674345,0.08718762658152712,0.33008934130225814,0.00013071838603615084,-3.141513028814292,-6.392789916056031e-05
7.177587985992432,3.569200544607975,0.5562871314500724,-20.672640417614584,-0.054278950260171904,0.13120993374210235,-0.05307978864515624,-0.5485969166426191,0.08718770664489382,0.3300511880143858,0.00014653225828255336,-3.1414566560199964,-8.76400461811117e-05
7.18755578994751,3.8937948726944374,0.7952503859631436,-20.60747046574138,-0.06176412629578339,0.141852377938829,-0.06214922865255683,-0.5485813012210707,0.087155683243077,0.32999791782610544,0.00018558068950820826,-3.1414940567193494,-2.8759633777936543e-06
7.19765830039978,3.855487742440676,0.9588570692647385,-20.620729300068785,-0.06598440447931346,0.1421766340898339,-0.06291099336446046,-0.548591441364116,0.08715249104871822,0.32999949479180435,0.00025626002804976234,-3.1414276046999814,-0.00015477571978045587
7.207596302032471,3.312074554989775,0.5848793731181466,-20.729868327590353,-0.055981848862472726,0.12917354287548302,-0.06351580380474008,-0.548582324968311,0.08717508903130049,0.3299161231777963,0.00018038016319966106,-3.141486062906659,-8.183957897536334e-05
7.21560263633728,3.44182578510885,0.7241195402506034,-20.7154180049564,-0.057890367706020615,0.13129850675995156,-0.061928924906006474,-0.5486088575638948,0.08715568102597211,0.329889013110747,0.00020823171058064258,-3.1414440810059396,-4.997871609496239e-05
7.225573778152466,3.5944302520708358,0.5800033984848266,-20.696231156392177,-0.057877277360000895,0.1311809496002548,-0.05972365210473809,-0.5485836185536652,0.08714749956120003,0.3298025569489759,0.0002240885011319217,-3.14149483577751,1.155024030074227e-05
7.235533237457275,3.8943634375354126,0.7895028977957869,-20.59205793768781,-0.0652419443939954,0.14313999794847812,-0.06710548730066064,-0.5485970543503265,0.08716915317160598,0.32975524246460497,0.00018493026933471922,-3.141493132727914,-8.003160663149228e-05
7.243613243103027,3.862362826561139,0.5204203033811847,-20.657782774461097,-0.05592605672375785,0.13480057096214082,-0.06416039835112096,-0.5486020409195155,0.0871791792861562,0.32975025891798937,0.00023183371198850413,-3.1414017116737574,-0.00011751642171493267
7.2535505294799805,3.7676184783669435,0.5899388018357633,-20.47369023202489,-0.05343121010816634,0.13712064029566676,-0.06026462707617381,-0.5485970725740056,0.08718519202282263,0.3297055309859497,8.416698203079016e-05,-3.141428660015813,-3.497643585276905e-05
7.2615673542022705,3.5476312578556226,0.848092297076364,-20.617810581160832,-0.06085179544980497,0.12778634306056888,-0.0607208249941129,-0.5486065227914679,0.08721094724830764,0.3296429136309027,6.012785578364731e-05,-3.141432915159919,-4.68732951256092e-05
7.269575834274292,3.723167699190316,0.6249312211160396,-20.656029130027477,-0.055911336830254586,0.13908242006341837,-0.06565615844184927,-0.5485899005216698,0.08719126902337276,0.3296408149449776,4.266565784120515e-05,-3.1413732391056497,-0.00019326963236951952
7.277564764022827,3.9701111008257897,0.8769297069655628,-20.59704913539151,-0.06266995774303459,0.13903321910100433,-0.05815977572183056,-0.5486024139336046,0.08717645036454717,0.32955008850494044,0.00024252301341038887,-3.1414797772082617,-6.589097518900818e-05
7.28558087348938,3.65817809147881,0.840443471722314,-20.644488160286173,-0.06051996152661683,0.13668744247079795,-0.0636690381400079,-0.5485918155749163,0.0871733287773288,0.32955623651503607,0.0001678007163153147,-3.1414033445628293,-0.00010896866964461275
7.293579339981079,3.7273828236446915,0.8518493388333966,-20.576056677121393,-0.06676385042149806,0.13585023606470953,-0.06085035139928163,-0.5485913432219164,0.08715711927751409,0.32950388806637165,0.00019248454631270873,-3.1413871008861287,-8.97245473723664e-05
7.301719665527344,3.826962293221488,0.6658675888890774,-20.629477938787765,-0.060286744158903796,0.130692206936855,-0.06104818703289741,-0.5485967419271632,0.08719449909866746,0.32946099459843275,0.00012879145580276042,-3.1414104686148447,-9.577510520161315e-05
7.311582326889038,3.969966936123388,1.1192958494187422,-20.670805375450723,-0.06509284475631338,0.14705831798523966,-0.06247439615175354,-0.5485835530582491,0.08716915481799276,0.32935860805320566,0.00015019791263788603,-3.1415306843121122,-5.003477081537588e-05
7.321570634841919,3.3172359065481603,0.6846696170348153,-20.734998705426968,-0.057532461569261416,0.1318465235692907,-0.05549571935791022,-0.5486064201195742,0.08721094584082864,0.3293721311205401,6.048972959374399e-05,-3.141432885607564,-0.00019931254964129658
7.329573631286621,3.6623253127641777,0.7002688023907855,-20.894615956676326,-0.05992198848874817,0.13148511552284067,-0.05675681840343093,-0.5486113946376553,0.08718050620659439,0.32927842612631397,0.00017843990381736081,-3.1415012955475112,-2.5471531565132928e-05
7.33954930305481,3.8615359879120192,0.5862755198556305,-20.81000941013869,-0.057454127166283335,0.13946816531524106,-0.063560912866401,-0.5485966604227356,0.08720136837179546,0.32926802083807843,9.522471830177812e-05,-3.14143062360566,-0.00012790197795410854
7.349571704864502,3.553741874618828,0.5881887641392783,-20.861859559182605,-0.057056248059123224,0.12805873374706844,-0.06113224699841506,-0.5486113092134671,0.08715683289706817,0.3292081091953527,0.00019901434832865343,-3.1414333810907187,-4.085104554299526e-05
7.359572649002075,3.6072691483804418,0.7199546448522097,-20.738717390890088,-0.05869907937405358,0.13820740436478476,-0.06368671012707984,-0.5485883015619872,0.08716823761841803,0.32913691452950644,0.0002139140971195147,-3.1415518088242242,-7.710609695513009e-05
7.369612693786621,3.6865091419916096,0.5747785107082456,-20.65004641521956,-0.06058798842970297,0.13580687140306305,-0.06205261665025727,-0.5486006829409433,0.08715097691595017,0.3290366645227032,0.0002607018343639642,-3.1415778053989323,2.820576418855495e-05
7.379587411880493,3.7826015713715453,0.5816143397120341,-20.69624590053703,-0.05926483373557859,0.13163686873989366,-0.06245199293781152,-0.5485982044547358,0.0871565302337827,0.3290413294634076,0.00013219461741283172,-3.1414796211247635,1.1370401065329105e-05
7.3875508308410645,3.988746581648412,0.7468056508420307,-20.619224923740067,-0.06198448447631263,0.1439967811986111,-0.06067390927007292,-0.5486032998669821,0.08716110240415863,0.3290075950215846,0.00018524919333247293,-3.141442851754051,-5.306851444432358e-05
7.397608041763306,3.695531714726998,1.0115032071114265,-20.55599636039039,-0.06387849997146987,0.13636743845511998,-0.06664425661976209,-0.5485859521538264,0.0871948434538799,0.3289482517030975,0.00010896311769944361,-3.1414980829616463,-2.3147029400381988e-05
7.407567739486694,3.8749752888397655,0.8590961579285402,-20.674432820393264,-0.060244650982333746,0.1404135781732128,-0.061114780538597396,-0.5485938992376208,0.08716283405177704,0.3288892912857639,0.00020601760882392591,-3.1415190069520653,-1.6716801711810515e-05
7.415603399276733,3.617921801573436,0.9821798198415074,-20.763251188359913,-0.06291905776021267,0.12807872359613864,-0.06108221328205288,-0.5485873616103462,0.08717831163019404,0.32882687428227375,0.0001754743200078343,-3.141575402393316,-8.766736080357869e-06
7.425611257553101,3.80662042172599,0.8454683990812191,-20.65104006587902,-0.06369982396504048,0.1373902346807725,-0.06105287493171489,-0.54859444514554,0.08714253368610467,0.32883340605031425,0.0002752144625144261,-3.1414169582925395,2.072068219034823e-06
7.433626174926758,3.557644586685522,0.5608079325243599,-20.840924506307818,-0.057381417505642913,0.13379222324753903,-0.05164059600360884,-0.548605178339904,0.08718226997934075,0.3287699611711907,0.00017319260186729785,-3.1414364118308016,-4.855424071222989e-05
7.4415411949157715,3.4167002254369447,0.8520845974613592,-20.54241849931931,-0.05872235059695857,0.13091306767972463,-0.05456389173720405,-0.548585067527638,0.08717217593753945,0.3287172872270257,0.00013929461402152426,-3.141459086670701,-8.153217134134348e-05
7.449608564376831,3.901602406093998,0.7031906947942854,-20.614449019077558,-0.05903510077045589,0.1425002536084088,-0.05441209656390492,-0.5485972041625585,0.08716720193294766,0.3286985473121291,0.00014142192222043264,-3.1414395329735183,-9.423176611597381e-05
7.4596192836761475,3.909737762288607,0.6494948497256731,-20.549750396602256,-0.053833690390775735,0.13414057633159235,-0.06154147478804697,-0.5485935132353613,0.08715359768687243,0.3286055008674177,0.00027248909560793037,-3.1414905345093893,1.6986495022450355e-05
7.4675843715667725,3.840322623920891,0.7098410164066391,-20.680870970404538,-0.05839864738158732,0.13494527653829042,-0.05728429570462039,-0.5485893480513901,0.08716526926937906,0.3285819982146027,0.00023561561873300144,-3.141504505727664,-3.684760018690441e-05
7.475546598434448,3.353323496186682,0.7182908727106241,-20.611436813340543,-0.06170582368822338,0.12599689623245514,-0.059058315388753314,-0.5485953229203957,0.08718150211368471,0.3285454566123488,0.00015939270327337178,-3.141503246197688,-6.568031341166825e-05
7.485610008239746,3.5988858042206813,0.9821992011080748,-20.58854471563078,-0.0657971768949578,0.1358559611755393,-0.06220015113150161,-0.5485931356289443,0.08714986840818938,0.32852852048967196,0.0002227238779881541,-3.1414373262487,-3.655738257239813e-05
7.495568752288818,3.549281793490941,0.8055985692737343,-20.562168399270895,-0.0580225814437621,0.1325532940661117,-0.061662080422130686,-0.5485896706734572,0.08717864998439351,0.3284870584542088,0.00010796357408148313,-3.141439794750682,-0.00017492044598739096
7.503642797470093,3.68285907395861,0.814225276825651,-20.660788367444653,-0.059460637907907274,0.134559886975952,-0.06108012188981613,-0.5485883013206982,0.08717049701602836,0.32840041021974586,0.00020762409165939563,-3.141473060139776,-7.54972853029932e-05
7.511607885360718,3.908702637341168,0.6421766715422561,-20.548576281094086,-0.06143796005201597,0.13413321183029195,-0.06065713107681456,-0.5485997621456088,0.08718886684201321,0.32836106759293715,0.00011681443320972923,-3.1414990249544017,-7.826003364820332e-05
7.519611120223999,3.6401562318849763,0.6646593333309115,-20.597560342546295,-0.057975246859855674,0.13346394658528024,-0.05806419683574894,-0.5485954273696583,0.08718336550797973,0.3283466207533655,0.00013004497054887215,-3.141424292594492,-7.205502828466838e-05
7.529550313949585,3.732936768041091,1.257028135973463,-20.45429916121232,-0.06992566006380999,0.13600604967194674,-0.058989555414810706,-0.5485963606459993,0.0871651493709806,0.3282981765230639,0.00018932858681026566,-3.141453367515319,-6.44261347606217e-05
7.5375587940216064,3.5162162560036236,0.9020677225554921,-20.498675623209916,-0.06620385136619295,0.1281715633154656,-0.05477479935050887,-0.5485970085007013,0.08718048889432482,0.3282622004459504,9.440529672631647e-05,-3.1414434658272277,-5.01914366567846e-05
7.54563307762146,3.546029753166478,0.9578155381443249,-20.64572704206451,-0.06549268711262744,0.12712532306746455,-0.060691818959017124,-0.5485825452982455,0.08717871245190802,0.3282102376094338,0.00011439642900078168,-3.1414675348004235,-0.00010504658472985186
7.5555579662323,3.6553998468883626,0.7831844307194127,-20.612015179428603,-0.061726996157939036,0.13060073786114235,-0.05851006501016427,-0.5486066937151878,0.08716653338143376,0.3281569365021539,0.0002066267190356805,-3.141422566960732,-8.292719230215257e-05
7.563533544540405,3.7460704896938117,1.1126145389101327,-20.52516533773599,-0.07010794628471835,0.13304981979006164,-0.06110679721181062,-0.5486018355515903,0.08718153054057941,0.32810008446236893,0.00011187419780989369,-3.141455841906035,-0.00011141393343447097
7.571554660797119,3.763120515591953,0.952478124800281,-20.501797231566183,-0.06812985657584464,0.13407249212912695,-0.05262098865784829,-0.5485940872920743,0.08717265913314633,0.3280096343971519,-0.00014362454170699148,3.141586405574629,-4.0148288845124105e-05
7.581562757492065,3.6474542182859615,1.2017184607348799,-20.500689369664173,-0.06733477815258039,0.13460392264228296,-0.06328343304614849,-0.5486046351165866,0.08717015584097859,0.3280226394872693,0.0002378565603064133,-3.141459583724335,-2.3459866473764852e-05
7.589503049850464,3.816322835705458,1.048844031635691,-20.397557207767104,-0.06385993020116666,0.1287263218547668,-0.05707659899006096,-0.548611070470036,0.0871789929027904,0.32797574018813275,0.000180974491836527,-3.1414166090343048,-8.491616189873638e-07
7.599673748016357,3.681180260744362,1.0281136129107877,-20.425415621624357,-0.06610665378777934,0.13250668104850719,-0.06375175953075252,-0.5486126978265181,0.08716559718338283,0.32793637030358874,0.00017871696017576503,-3.1414496536449277,-5.733542876076501e-05
7.609602451324463,3.4351318084377147,0.8653556132035959,-20.679459122065754,-0.060054766195487955,0.1259846414021378,-0.05540043777393439,-0.5485888170451583,0.08717321018740873,0.3279065822495491,0.00011704129727805209,-3.141429845889603,-9.261518533702731e-05
7.61956000328064,3.7824529665227313,1.1580937754326277,-20.473147350233628,-0.0696327187131504,0.1421124108176121,-0.05949080249297146,-0.548595184681973,0.08718179007894303,0.3278244270488665,0.0001441231320365493,-3.141510823077099,-2.2785108355555376e-05
7.6276068687438965,3.61896437257041,1.2229045753830299,-20.448749455756953,-0.07140248633546217,0.1328656049793056,-0.06017666526562934,-0.5485952216564208,0.08719670510451168,0.32778393794464666,0.00011328794616471373,-3.141425409116064,-8.424577990706862e-05
7.635573625564575,3.9588344208793815,0.8571876187005983,-20.51662668817818,-0.05995172733695656,0.13875414518189766,-0.06109774838756534,-0.5486133432224549,0.08718574438127653,0.3277320535660781,0.00020615094225038478,-3.1414513914309627,-3.809968328257064e-05
7.645600318908691,3.813578404299923,0.7981708671510406,-20.46717376646852,-0.06151561261040667,0.13535291264817473,-0.06185197186030244,-0.5486031857393181,0.08716997576130438,0.32772815530745375,0.00016023065977115896,-3.141365114632464,-6.639467009532869e-05
7.655714511871338,4.089726335900398,1.2177259679716357,-20.46577758615487,-0.07330130873268474,0.1445315168464311,-0.05873867312782231,-0.5486076152916427,0.08716181108859472,0.3276426370168569,0.00024764567891012685,-3.14142780685102,-3.12837109115145e-05
7.665546655654907,3.6124944658640716,0.915160717435479,-20.493963893925446,-0.059930858110613355,0.12767640968891592,-0.05911476950917575,-0.5485939911288252,0.08717136713628708,0.32756398235614326,0.0001427118389494965,-3.1415550462627047,-6.6550692470512e-05
7.675552129745483,3.7116974939157634,0.8054991396895241,-20.560292889816353,-0.061186710009884945,0.13131797969424425,-0.05580075404612764,-0.5485945111260687,0.08716565118484573,0.32756018262165904,0.0001560470104968294,-3.1414423152044004,-4.980745999058907e-05
7.683595895767212,3.4139249586129634,0.7999941297470257,-20.69096511340655,-0.05975986188131674,0.12860306329846857,-0.05871229039759217,-0.5486183738683741,0.08718945356254529,0.3275171146119761,0.00017619725187836805,-3.141408037376819,-0.00012722558790076
7.691637992858887,3.539352803396488,0.850361014526723,-20.590269750551485,-0.06514314848954705,0.1335850725505149,-0.057567829311427614,-0.5485925255998458,0.08717878340868881,0.32744907636411597,0.00014637715820630008,-3.141473773623404,-1.9495200324765567e-05
7.701622009277344,3.737931144876952,1.0531332493956198,-20.510293943098105,-0.06689019877457593,0.13545285696689838,-0.05987457056599923,-0.5485996108462113,0.08715586504951892,0.3274223232253752,0.0002123245649977789,-3.1414651160341824,-4.029319821043317e-05
7.70954966545105,3.820259099422869,0.9695450051982216,-20.559877138084172,-0.06547849960431398,0.13410982313775502,-0.06457446375929335,-0.5486016997699698,0.08716504613562688,0.32736012437114326,0.0002193204094497067,-3.141449472967177,-6.523778809892322e-05
7.71763801574707,3.991938919187501,0.8704478769579591,-20.39538017906931,-0.06598043609297598,0.13963346554180214,-0.058466856936031215,-0.5486057001095493,0.08717073788968116,0.3273684992689495,0.0002136250903358415,-3.1413555881826736,-0.00015242168514005325
7.7255494594573975,3.7321801317790375,1.0310144790957425,-20.425444322004545,-0.06759744951887194,0.13120782933092348,-0.05573103868826065,-0.5486105219051263,0.0871447654769189,0.3273134848535207,0.00027445290761787155,-3.141380579611172,-8.729767733459293e-05
7.735543966293335,3.553576709254692,1.1375129625831288,-20.438014420155945,-0.06204897012344756,0.13226114143062495,-0.06315541032323549,-0.5486140712240279,0.08714996421541076,0.32722969321842565,0.0002610152123587462,-3.141470954054251,-3.112193549179315e-06
7.743541240692139,3.747806419159981,1.3328532924493366,-20.683487054258915,-0.07154968645966323,0.1342775041422225,-0.05860583210281125,-0.5486047290983753,0.08716782237626808,0.32719913216594176,0.00019267869956687361,-3.1414484475008084,-0.00010442108737911379
7.751575469970703,3.786753758373927,0.7491886422591078,-20.616922379518435,-0.06308377594167046,0.13531574309495514,-0.0566631808337271,-0.5486151350799501,0.08716318436241802,0.32717129249178684,0.0002594319853219985,-3.1413629800803267,-0.00010438012185717939
7.759614706039429,3.6471977076333784,0.7958618860455072,-20.59919938624466,-0.05484267004417365,0.1322471593354956,-0.05633675253334278,-0.5485966492825997,0.0871721030676067,0.3270864599448148,0.00020680382162041881,-3.141503630488812,-7.38419010473883e-05
7.769576549530029,3.5692848824581533,0.5247850289062539,-20.53741849140539,-0.05404569878457841,0.12744942327370298,-0.05993370155136867,-0.5486068351234611,0.0871818531375385,0.3270954313705322,0.0002033295718088414,-3.141397308471515,-0.00012134903833013654
7.777632236480713,3.554219833423114,0.9561582121069758,-20.632925789017378,-0.06641345892256297,0.12935698358828313,-0.06012551261043626,-0.548609849873824,0.08716941217121062,0.3270517861690597,7.388044811920784e-05,-3.141343872150443,-9.261320897171014e-05
7.787614822387695,3.5166077451673754,0.7103654214083677,-20.492114842869753,-0.058114261139937236,0.13254196835815596,-0.058184566411891826,-0.5485980749266454,0.08716580658248586,0.32698845594952053,0.00018417488537638376,-3.141459840674391,-3.8045627548618335e-05
7.797529458999634,3.6044406315848625,0.8588428011318922,-20.42302171242234,-0.06031120607219593,0.12409404139352995,-0.0546718943796943,-0.5486044920613538,0.08717511097822042,0.3269227149296493,9.434711589997032e-05,-3.141465986424003,-6.0787690441230806e-05
7.80763840675354,3.8481648318210824,0.8094972634494204,-20.53431995816683,-0.05948615495898683,0.13684150037270776,-0.06083792611074168,-0.5486088735755769,0.08716609626844081,0.3268946567027585,0.00018698602455768197,-3.1414245343762444,-0.00010805279101059023
7.817559480667114,3.8198880303395786,0.7732893275735534,-20.681039445828343,-0.06492963597944079,0.1367279582888159,-0.0575717040403667,-0.5485960784930071,0.08717098528798972,0.3268472680070595,0.0001439083332256131,-3.1414394215462798,-0.00011298360898545588
7.825572967529297,3.6727427867024707,0.783231009620705,-20.631220648561442,-0.06682437530109218,0.13374102253475503,-0.05919220443762249,-0.5486105602193088,0.08717470398047494,0.32680245433483734,0.00020363407116269565,-3.1414082496089466,-9.728062229618654e-05
7.833615779876709,3.6886219385179944,1.0011811065145664,-20.591676725921694,-0.06558574696267531,0.1372003625123061,-0.06084432994111964,-0.5486135161383559,0.08715686671848419,0.3267620830097159,0.00019671373254802197,-3.141391235875094,-0.00014855621380328358
7.843513011932373,3.662022447038423,0.9314114825856338,-20.90081056292836,-0.06359876413484469,0.13252601675528605,-0.054541004595599525,-0.5486113261734497,0.0871633006364516,0.32672764818783445,0.00023069585007606312,-3.1413799536136553,-0.0001636568500029974
7.851606369018555,3.615850347531194,0.8310833244037252,-20.61661745246741,-0.06370298705596288,0.1350535178149494,-0.05141043755780884,-0.5485956372641607,0.08717809300086153,0.32662822778432926,0.00017402684463014168,-3.141471401073743,4.581644067479617e-05
7.859545469284058,3.4069494188603673,1.0294309792192158,-20.644181318580323,-0.0635470718671641,0.12823401009425314,-0.050139150565598915,-0.5486024585587577,0.08716683623623397,0.32658066663137286,0.00018881495935484948,-3.1414731956227815,-3.1187223885816765e-05
7.867596387863159,4.037422192268807,0.8465323466803643,-20.68757379564667,-0.05851139855394475,0.13978828302836607,-0.05622592128288956,-0.5486111514256248,0.08717865498325943,0.326550434653687,9.912616572373389e-05,-3.1414409363996603,7.1913960573972685e-06
7.875708818435669,3.728368330198777,1.0894419452707857,-20.663981883196893,-0.06758150574712381,0.13250658746739938,-0.05551054502982603,-0.5486065300179368,0.087170740110417,0.3265367945811097,0.00024946646316694604,-3.141404611958936,-0.00019360277997558086
7.885548114776611,3.6076103597467593,0.6749242318693681,-20.751393466910212,-0.05883951855582122,0.13311215354245529,-0.05443228374101758,-0.5486048724813537,0.08715565595219718,0.3264831866332113,0.00020805629093744672,-3.1414519446916302,-7.720090055770942e-05
7.895605087280273,3.6527913257480717,0.9989183080249086,-20.51137904873188,-0.06693100116068437,0.1341454486879648,-0.05232100844346479,-0.5485833294629217,0.08717667727131209,0.32642041053220855,0.0001286402947525722,-3.1414614690215465,-2.9385307735675613e-05
7.905586242675781,3.5728998406039434,0.9461858076170824,-20.58310395717675,-0.05704671809910279,0.12987450629027145,-0.05820877429535895,-0.5486045055411422,0.08717317518132395,0.3263913534657318,0.00022017200389457236,-3.1414538531224148,-0.0001381038068327129
7.915566921234131,3.587496103641673,0.8588090670019842,-20.292179994320815,-0.05804097143647465,0.13245531076077063,-0.057522709913009853,-0.5486070840978736,0.08716103633870892,0.32633325186677015,0.00020731981191893781,-3.1414472560353,-8.563278156811224e-05
7.923562049865723,3.6518831558998626,0.9111936982809501,-20.382786876104177,-0.06311556344503971,0.12943415439115571,-0.0548893511031085,-0.5485996471186344,0.08716837665051926,0.3262637738196609,0.00017676290915640913,-3.141452423021428,-6.096814136545979e-05
7.931499481201172,3.6634431211367238,0.7189626671452981,-20.56720508975208,-0.05984396939038067,0.1269878586845448,-0.04971017110768693,-0.54861171292676,0.0871679131592588,0.3262481217678414,0.00019780478296763514,-3.1414105615723877,-8.110036980789751e-05
7.941572189331055,3.578041285635206,0.9811947791345492,-20.573506578141124,-0.058206277490200804,0.13020910855832704,-0.054054715532232504,-0.5486113376554314,0.08718038617299204,0.3261550446937171,0.00019046397217256831,-3.1415110665566326,1.3965718606625066e-05
7.951586484909058,3.976994343946413,1.202388549896661,-20.524772658921016,-0.06627435873901394,0.13893893733161305,-0.0614328201196579,-0.5486106259428554,0.08713926640153832,0.32613928329000075,0.0002582875803745295,-3.141451006617589,3.893049266413813e-06
7.959590911865234,3.6295309053530618,0.7868116474204138,-20.747010318708025,-0.05916383228025293,0.1337525134148966,-0.05636192687305183,-0.5486110123068914,0.08717440365183612,0.3261096150960165,0.00016726992655711378,-3.1413789849363183,-0.00013580909501602315
7.969555377960205,3.376526690252181,0.7798296865963983,-20.410119804929554,-0.06389831835889866,0.12193524994188011,-0.04944821207973878,-0.548605507407975,0.08715993195485844,0.3260677045926394,0.00023426407241998722,-3.141423830971631,-3.4180523711305606e-05
7.979590654373169,3.61989148051576,0.9122926137439205,-20.70461451423612,-0.06240783182805901,0.13179532533855498,-0.06329942940402032,-0.5486131274914807,0.08717929911057057,0.3260145627837272,0.00015042227422932655,-3.141405016881919,-7.436516424044099e-05
7.989587783813477,3.855912647276054,1.0483502421628081,-20.69805969249651,-0.06700065501260101,0.1376230233346036,-0.05260324169205027,-0.5486100416858428,0.08718321343016794,0.3259921017169932,6.941760855434407e-05,-3.1413463176751937,-0.00012734293524543675
7.999531507492065,3.814863531226636,1.0877359314654957,-20.60181743490518,-0.0648719585349052,0.13979098767090067,-0.055042854803811415,-0.5486061602563833,0.0871614742843144,0.32589895723741547,0.00021306657737462598,-3.141433971843404,-0.00012435532354250592
8.007777690887451,3.4654419055316423,0.9299934682444407,-20.608701202073693,-0.06395661498540905,0.12825820635080248,-0.055746095426822226,-0.5486305218281224,0.08714601556812188,0.3258915035964475,0.0003246946854542063,-3.141285857605102,-5.139654236064339e-05
8.015679121017456,3.8139900946917016,0.8065381443077178,-20.637978133516317,-0.060588114361379564,0.1353844491697848,-0.059098383066253334,-0.5486235401929891,0.08715144648937687,0.32582572270768395,0.00024601279581440373,-3.1413687959194747,-4.619782248274583e-05
8.023566722869873,3.658454640560201,0.8727856463424102,-20.51084055278223,-0.06511205110649884,0.13334320811931866,-0.05165184963884098,-0.5485981857140928,0.08716628799554113,0.3257361751984942,0.00015108717024322146,-3.1415071923990845,-9.990078780466356e-05
8.031616926193237,3.40517917758621,0.3552267979589014,-20.482875385540925,-0.048279469676638466,0.12338979341365615,-0.05394980803638537,-0.5486107620097267,0.08715098783298973,0.325775940360053,0.0002870132041857442,-3.1413786204503023,-8.041784430349618e-05
8.041645288467407,3.4807354383656617,0.5748533629324445,-20.510176188692295,-0.05401750380195795,0.1272555032679003,-0.05045264354573981,-0.5486142893644876,0.08716974107890113,0.32570803779002955,0.0002188900575568979,-3.141388484841185,-8.849128954912185e-05
8.051699876785278,3.540777064084071,0.9595008105017733,-20.429102116833338,-0.06471117111708485,0.12699425132692563,-0.048243455308495754,-0.5486052618023187,0.08717488080986548,0.3256098426749861,0.00015157809818219626,-3.141517765536622,-2.2260813595391928e-05
8.059576511383057,3.8103120621858864,0.9307857186753923,-20.597792854903027,-0.06547358620812184,0.13475076603463002,-0.05279751033134248,-0.5486201628360485,0.08718015278921543,0.32561586431978873,0.00018869703793594677,-3.1413503276755383,-0.00013275722900324055
8.069556713104248,3.6781165136238694,0.9942221510268914,-20.546212108729684,-0.06299673818324146,0.12685887736457438,-0.05315035507098343,-0.548600611442322,0.08717661745452558,0.32553472889798685,0.00019149165902482724,-3.1414675740111027,-2.1008043434927146e-05
8.079549551010132,3.8409297022119606,0.9379616568838737,-20.74353542544572,-0.06146996612173818,0.13566198185528025,-0.05583832910363753,-0.5486183262153517,0.08718685891349184,0.32546814783117584,0.00020468461640795116,-3.141489606318347,-1.1401205264319678e-05
8.08958888053894,3.822353075332355,0.8170899870598927,-20.76851250098073,-0.057757855412277244,0.13569490794149208,-0.053160293984836154,-0.5486241509809167,0.08719000046445674,0.32544832154939574,0.0001641472153511242,-3.141415769277792,-5.982754631523073e-05
8.099655628204346,3.510096122045058,0.9843459202655414,-20.58231512788292,-0.060590635255607844,0.12916068667137123,-0.058007121794200575,-0.5486221862908639,0.0871689113493285,0.325408446172834,0.00014041592444857267,-3.1414254884644373,-8.777625237863243e-05
8.107630491256714,3.762635768806495,0.6980998776965436,-20.548476769742585,-0.05979975011719928,0.13456621136652558,-0.05726746299153242,-0.5486225992577396,0.08718244478591117,0.3253535190065986,0.00016248478016144932,-3.1413836203888525,-0.00010003332215355172
8.115581512451172,3.6980261207727088,0.9252099519570717,-20.468748075217846,-0.0687199310212863,0.13211878286789489,-0.05132516668298662,-0.5486194612864579,0.08716324701909797,0.32530356899455903,0.0001699127643090397,-3.141425214064623,-5.1612756940647735e-05
8.123592615127563,3.484135030660186,0.7799264204114477,-20.4298861671162,-0.0600557214091755,0.12648773111854064,-0.05006855878089275,-0.5486077668221394,0.08719286823745002,0.325222438614391,5.3571566199214784e-05,-3.141483863380944,3.5772459528006626e-06
8.13360857963562,3.8443121513935887,0.8242080232944649,-20.463876245969633,-0.06338666358302592,0.12897518179548575,-0.04781334022218416,-0.5486345217408127,0.08717444214920399,0.3252508173886398,0.00013951531496377167,-3.141306332186292,-6.029339401491181e-05
8.141673564910889,3.6282237872376166,1.2660981566531935,-20.655162582185888,-0.0746688045556067,0.13202852949853772,-0.051011378224600945,-0.5486215268320389,0.08718341414665215,0.325169156647701,0.00016682267978307432,-3.141398501705145,-7.964468166611999e-05
8.151583909988403,3.537866107295695,0.7335240797000909,-20.638610445332876,-0.06227909982395861,0.12975744565747238,-0.04740215631588691,-0.5486315295628797,0.08717382107928977,0.3251223691098816,0.0002446970543678132,-3.1414335461648863,-9.902459501799933e-05
8.161600828170776,3.4924262060025093,0.8613229005601224,-20.64436254851618,-0.06122174231276088,0.12829936947420414,-0.052246723256698095,-0.5486240608276988,0.08717143508159803,0.3250899147919093,0.00026703634795772205,-3.1413846972930215,-7.550243127247568e-05
8.171569347381592,3.9091277969878138,1.0998904977753694,-20.383096837373557,-0.06391758369709435,0.13558267968881071,-0.04853482406928288,-0.5486370110881539,0.08719463874555052,0.32500960505678844,0.0002040194999563344,-3.1414667487084897,2.908233558092152e-05
8.181716442108154,3.8459566080988408,0.9287937000987784,-20.77569151236791,-0.06410995391088838,0.13652352792078928,-0.06015167078212748,-0.5486158756452174,0.08715856818825814,0.32497552762521487,0.00020382688021918259,-3.141401588785984,-7.008849930013438e-05
8.189575672149658,3.736508655759591,0.8944163341620451,-20.518385176981035,-0.06821540715278707,0.1315115269976586,-0.0509850456529962,-0.5486353217956605,0.08715963938067825,0.3249537735008039,0.0002154978961044996,-3.1413964723183585,-7.084200123869713e-05
8.197582483291626,3.555099935380013,0.8576668560011935,-20.60819713556866,-0.06192095617570273,0.13104331672788347,-0.04963377770346589,-0.5486307583620583,0.08717967076749744,0.3249113480489712,0.0001616388750967882,-3.1413540051597217,-7.795087406930916e-05
8.207735776901245,4.050438814961108,1.0042336832705194,-20.5046185180963,-0.06322616108711847,0.14272015080472292,-0.05832277820340297,-0.5486170522924324,0.08719019681037805,0.3248199986403204,0.0001229006945192385,-3.141473341350671,-6.87047397970696e-05
8.215595245361328,3.807961854555628,0.6969578516735947,-20.64007135466451,-0.05910429102881994,0.13633034707380615,-0.044682360146648455,-0.5486183404342218,0.0871808338868299,0.32482273421497704,9.180342035785311e-05,-3.1413682721081466,-5.4299349683696776e-05
8.22557544708252,3.5251410636090146,0.49754405163011006,-20.550243303636886,-0.0532154707966959,0.1259087305396737,-0.048685064297441155,-0.5486286916408689,0.08720539240173152,0.3247490179692874,0.00015809500255471257,-3.141421939523511,-7.409661795399583e-05
8.233579158782959,3.801977461734744,1.2353702965612636,-20.430189463833333,-0.06842859637476294,0.13472227454939698,-0.05747619317490111,-0.5486377240196971,0.08718000692479316,0.32473866970531723,0.00017951416702791247,-3.1413403026715425,-9.202202085121754e-05
8.243588924407959,3.3168551781477498,0.8830836186333014,-20.49022395731712,-0.061777925017988705,0.12083081797216949,-0.0468926336001754,-0.5486232829791436,0.08717456642764132,0.3246341686796496,0.00015723688568091573,-3.1414901985528045,-7.543774761319058e-05
8.253612518310547,4.177683580111349,1.0873326727059789,-20.452874262929818,-0.06978112633058893,0.13777834495168154,-0.05810425779029289,-0.5486170120212571,0.08717899034754983,0.3245655887408807,0.0001751149875797757,-3.1415091580471852,-2.7071797126419233e-05
8.263573169708252,3.6528289197329693,0.8581517037666846,-20.545431839276176,-0.06469631926631389,0.12564933604432588,-0.05119041106690984,-0.548614398203099,0.08719537904126033,0.3245535852460183,0.00014368611648627973,-3.1414178870175697,-0.00010167545012306014
8.273557901382446,4.027847521140763,1.1662689113856457,-20.364678852522715,-0.06481004295376593,0.13648024352993715,-0.05104619938413852,-0.5486269647767072,0.08717305442576902,0.3245175665714658,0.00026203649890070145,-3.1413681812785437,-0.00015429140472911497
8.283587217330933,3.642243152803442,1.07809652587242,-20.316044083040083,-0.06297285198281903,0.13216465468474797,-0.05114962801812496,-0.5486322208180141,0.08717759540302215,0.32447498245012335,0.00019796048332113063,-3.1413542851820173,-0.00012229770739620262
8.29176640510559,3.7455304739815087,1.042119862090121,-20.420260221629583,-0.06708673054802357,0.1333431024591997,-0.060013338340716,-0.5486216803742305,0.08716756072371218,0.3244297020666353,0.00023786201985028722,-3.141380233164371,-0.00013782619336054797
8.29964828491211,3.727519627224914,1.029360752217759,-20.480007468223633,-0.06702462575486043,0.1240445543357513,-0.05465501268076375,-0.548616987231413,0.08719390162142084,0.3243569107073209,0.00011160799869437543,-3.141435740822796,-0.00010028598965749969
8.307739496231079,4.023480374614002,1.3116393342742982,-20.477169281486614,-0.07100679843425124,0.13802557174051075,-0.0570882527508924,-0.5486162354109179,0.08718471205040428,0.32433312341928616,0.0001823330304118095,-3.1413949278418634,-9.922928063060738e-05
8.315598964691162,3.479813632248899,0.7652074175659365,-20.38541871784735,-0.05821255318560107,0.1283913160434971,-0.05652038220306381,-0.5486161204651315,0.08717122359925651,0.32427974210607396,0.00020321775232362357,-3.1413836179891828,-7.751868207020824e-05
8.323634147644043,4.1856270849928885,0.6674271491692763,-20.483620403063693,-0.056651085389984764,0.14150192172070072,-0.05375437647810461,-0.548621561727217,0.08718239077925856,0.32424422703264866,0.00018722290980092298,-3.141391750597465,2.086380328569924e-05
8.333564758300781,3.509244848385634,0.8782962398447101,-20.45767378589274,-0.06102336538464984,0.12887724197511222,-0.04739363743054309,-0.5486185088729517,0.08718532912395341,0.3242030195628701,0.00015272544122708543,-3.1414396368076596,-6.804110952561057e-05
8.34359622001648,3.9132794883860473,0.6930018688277736,-20.416530682596676,-0.05857143867819111,0.13185030290397481,-0.057336420312332444,-0.5486044663267107,0.0871552176679039,0.32412905340890386,0.0002118415206678893,-3.1414936892850167,-0.00010279897053924222
8.351523160934448,3.9401728692640465,1.0414238089986594,-20.52600501549803,-0.06564733523566582,0.13779400540855902,-0.05371023971946356,-0.5486269017244146,0.08716003325153213,0.32408673664859095,0.0002597065383658316,-3.141436026429222,-6.887798027948944e-05
8.359540939331055,3.524175681413828,0.9995357679274117,-20.55992500620767,-0.06316510349612506,0.1282454764521863,-0.045034655402964856,-0.5486272135613839,0.08718407086583863,0.3240735029696819,0.00022863890295827074,-3.141385944538113,-0.0001813284623356022
8.369565963745117,3.5299058729541932,0.8190091533360452,-20.36170590917766,-0.05979365232968808,0.12950259157495697,-0.055322396309912654,-0.5486459392694254,0.08717056822174167,0.32403833419295724,0.0002477937445642886,-3.1413446528901,-0.00017159283540784894
8.377580404281616,3.4831082678640737,0.953333285096371,-20.48480156229946,-0.06357693802192585,0.12719529354738415,-0.050565511817416635,-0.5486340595336389,0.08718629039757704,0.3240013874671734,0.00021077820219094393,-3.141320799347698,-0.00013803990865882495
8.38558316230774,3.854459952742172,1.216676775354319,-20.364448714692585,-0.07117798411887871,0.1301956185084315,-0.05466572440198277,-0.5486226718075862,0.08716613739810058,0.323962435465716,0.0002888574941698325,-3.1413352951753972,-0.00014818257543989697
8.395569086074829,3.821064172897702,0.835500570547704,-20.409565302577462,-0.061388721854555635,0.12891342881872125,-0.05650595905892868,-0.548630014173449,0.08717314148682814,0.3239264320158734,0.0002822952708442208,-3.1413254545217666,-0.00014692458968002317
8.4055655002594,3.8469314578879716,1.0337865875371093,-20.519374637580217,-0.06758876283392679,0.1361768405227675,-0.04706209314776668,-0.5486266707265461,0.0871603608155102,0.32385368552667465,0.00028977703613010175,-3.1414040793654556,-6.649461639835225e-05
8.415694952011108,3.370187935112607,0.7697322493127918,-20.626564095272784,-0.06119521951843091,0.12187940463392108,-0.05086405781106565,-0.5486214172364065,0.08716812897032511,0.3237905636275711,0.0002471233943346439,-3.141402622842795,-3.815927457959005e-05
8.425543069839478,3.755872568234484,1.0588995428685422,-20.333396218829687,-0.06850870879190346,0.13393299444761592,-0.05167359535412294,-0.5486284858171795,0.08717978952210267,0.3237647981873705,0.0002224927586627348,-3.1413371604288383,-0.00015003512177005898
8.435552597045898,3.9140829356034232,1.141148372374143,-20.469882501535054,-0.06680044690563118,0.13376148670849553,-0.050993558601332006,-0.5486205505371631,0.0871897018728786,0.3237096740562875,0.0001585484256764964,-3.141340766212974,-8.597182074436809e-05
8.44563913345337,3.6971127933924537,1.0004115929635833,-20.478346378014837,-0.06291442706994924,0.1309416488581573,-0.04855337428876819,-0.5486390472494524,0.08716493456452203,0.32367737903863725,0.0001992280316914362,-3.141320776291128,-0.00011907527615891665
8.45554804801941,3.8629409301546263,0.5495357018888393,-20.65887361177068,-0.051501440907462254,0.13430027997895214,-0.05127010418462043,-0.5486384526970597,0.08716340941650386,0.32361403389104515,0.00036853127334237446,-3.1413269439640623,-0.00013691153797402248
8.463611364364624,3.836029008902886,0.773413614617857,-20.775365575827042,-0.0641038374219264,0.13302286585670464,-0.05352432355319439,-0.548638924132762,0.08716974460230402,0.3235754132020044,0.00024130106916048262,-3.1413250024069423,-8.650686253666692e-05
8.473620414733887,3.9772125990072675,0.7948981761424876,-20.555649779241186,-0.060786479584302354,0.1338708888984431,-0.05146050213641274,-0.5486203096841329,0.08716143458743715,0.3235271740546312,0.00019027650469341279,-3.1413928110684926,-0.00011984965650718256
8.48153042793274,3.777864465508679,0.8652135303870634,-20.59330420523382,-0.058946634459790356,0.1313172605079321,-0.04919018538372126,-0.548618732227381,0.08716573730703846,0.3234613068260558,0.00019609504441300393,-3.1414154985676257,-0.00010157981361910037
8.489583969116211,3.813544915355329,0.5978300577249797,-20.73891062676525,-0.05632033317939779,0.1343418926481792,-0.05263483034780713,-0.5486443493671426,0.08717041113604128,0.3234538876645095,0.00022275460182625046,-3.141311097691611,-0.00011436639181987018
8.497586965560913,3.635813518737763,0.7276158017606312,-20.51310075749494,-0.06244302859785542,0.12799295343178815,-0.044043969654298624,-0.5486112593886515,0.08717538306501409,0.32336747472822636,0.00014981976197972217,-3.141409090190633,-9.151363149709657e-05
8.50761342048645,3.591163381821078,0.956536613673005,-20.562070791940265,-0.060824610287113424,0.12784142590076047,-0.04911556438480713,-0.5486244375338164,0.08718560200540282,0.32332131907227457,0.0002444369051249267,-3.141430060069886,-0.00018275966573418566
8.517605304718018,3.814348446223016,0.902697837395329,-20.639924411393554,-0.06112065247542733,0.1332098630870812,-0.05161055843595966,-0.5486334559472951,0.08714181134039807,0.32331488767417366,0.0002929710253505778,-3.1413113148569503,-0.00012037227138647436
8.527587175369263,3.6015836857732917,0.7623283032937734,-20.614897611877566,-0.0567435093958684,0.12904870299278812,-0.04913827368104067,-0.5486300681539743,0.08718608341731242,0.3232415022396884,0.0001962519902864386,-3.1413544572399665,-0.00016735673363467727
8.537545442581177,3.702873212244015,0.7367205401471433,-20.645778475092847,-0.06247414084420322,0.1284958720888686,-0.04932529219817841,-0.5486419344499709,0.08715635064746734,0.3231778012391246,0.00023636930085265133,-3.1413777879257703,-0.00013815544778014802
8.547547340393066,3.651999965337852,0.8866113009481841,-20.5102573765061,-0.06371356913138995,0.12209217173524951,-0.04958897658025257,-0.5486274224807877,0.08717337412301425,0.3231427950454042,0.00017913184509936756,-3.141372390795426,-0.00020534342822426443
8.5575590133667,3.843978789704798,0.8757342912054756,-20.55685069213166,-0.06358415350693367,0.13002030221989466,-0.051459604338684704,-0.5486421480746635,0.08717762336171037,0.32306032033386095,0.0002649030710944698,-3.141397660813993,-8.995362417320507e-06
8.567576169967651,3.6643246845984643,0.6977846553756255,-20.713379785575714,-0.05671277385723639,0.13292445817176846,-0.048763166025613716,-0.5486448238265337,0.0871832377311239,0.3230344644074197,0.00022813166663646886,-3.141355820449425,-0.0001491302656092733
8.575563907623291,3.569054987753944,0.9191355429431081,-20.644323024387106,-0.061372982765337494,0.13481875582807568,-0.04926733756756114,-0.5486369563515286,0.0871838710453604,0.32293449040928257,0.0002090981044388633,-3.141455341676206,-6.836648016052294e-05
8.58358359336853,3.791882771901678,0.9145159383586573,-20.67272390887706,-0.06371407112012757,0.13126423313487554,-0.054805738064668284,-0.5486303272725384,0.08717976616490125,0.32294836948794214,0.0002497844063513533,-3.141361695202558,-0.0001513255295410202
8.593632459640503,3.518148242502945,0.709101836820667,-20.596672559418252,-0.05852101570687268,0.12367996676962303,-0.045983648051389096,-0.5486307013477806,0.08716996073233224,0.3228960280014116,0.00019234406130819978,-3.141370381986964,-6.041068126158743e-05
8.603568077087402,4.283732250052064,0.9751849866412777,-20.539788858111006,-0.06816781271487,0.14106062223627153,-0.05537339538253037,-0.5486448716770332,0.08715833498459157,0.32282120849524293,0.00034328274744717716,-3.1414357180884886,-0.00012364018389047872
8.613687753677368,3.842020673784172,0.9721415874822112,-20.419541613705533,-0.060903776054566074,0.13102104241392412,-0.04817078097845288,-0.5486314699733172,0.08716786185260682,0.32278184293361606,0.00026437174690300717,-3.141432129663451,-0.0001741414999216448
8.623642683029175,3.5175533327357305,0.7782540630177784,-20.5571633266514,-0.059483687427196244,0.12423632342655025,-0.04961306852190923,-0.5486232714785652,0.08717351978797543,0.32272300645381796,0.00022142000984890593,-3.1414315858063775,-6.076834730188991e-05
8.63155746459961,3.6060779691973535,0.7173438632579454,-20.401469676758452,-0.05757595865727427,0.12036883149437734,-0.05048809100340943,-0.5486366423587092,0.08718634246171716,0.3226650379097327,0.00019184681193441423,-3.1414449081083737,-5.6174206758866546e-05
8.64152216911316,3.948295375501571,0.9714401485592106,-20.593113863585973,-0.06484788808015096,0.1390291768230377,-0.04707270225680981,-0.5486342740625999,0.0871631325183795,0.32260970800384325,0.00033408466956525253,-3.1414475333257754,-7.639897100981626e-05
8.651572227478027,3.799156448389394,0.8797154141548552,-20.4836404066416,-0.06391980942411668,0.12892655117060972,-0.04729920348720915,-0.5486312423525819,0.08716224275497855,0.32259099097948224,0.0002900751739476529,-3.1414149712438393,-0.00010570091463175584
8.661524057388306,3.8632716314692415,0.8755581871509006,-20.327882399111527,-0.06313155845928217,0.13011637681021312,-0.05220797892543836,-0.5486280728075614,0.08716748027442603,0.32255516791799227,0.00020031881287708704,-3.1413665267978064,-0.00017366224898711103
8.671631097793579,3.466299770500881,0.7722530343517102,-20.578195406801076,-0.05776401283473226,0.12213119902813777,-0.044929085979281407,-0.548640678384819,0.08717475391788088,0.32248532157284004,0.00023308224356209892,-3.1413863033514855,-0.00014434453209292495
8.68157958984375,3.919355930843486,0.6610433288284034,-20.638694976373742,-0.0556917437933117,0.13086449748346737,-0.04616314850231812,-0.5486216748401866,0.08717111044535812,0.3224287099230693,0.00014511853346829606,-3.141395956067771,-2.908013332033239e-05
8.691628217697144,3.584341178756249,0.7519405439138849,-20.712379930581506,-0.06001010436849613,0.1256121634206867,-0.04194719935455098,-0.5486381182033063,0.08718682470401665,0.3224194839111395,0.0002308429881209282,-3.141336187488352,-0.00016835254255848818
8.701608657836914,3.708458511203348,0.8553604783624186,-20.459134784059305,-0.05868982620054952,0.13675957994115204,-0.05068093436240992,-0.548635711680493,0.08714228228214042,0.32231625992791085,0.0003173138789114827,-3.141439817372041,-2.713858980735075e-05
8.711735010147095,3.583991934619606,0.43862407476986914,-20.46761309995325,-0.0537296615828264,0.12560132760738532,-0.04438305223632114,-0.5486330346442444,0.08719209373666094,0.32230905788730224,0.00019279830973924808,-3.1413496165877484,-8.651782109880062e-05
8.719594240188599,3.7281312882260957,0.8954939993296884,-20.479243106412607,-0.06592265420668056,0.12481625179972727,-0.05420719473698995,-0.5486342896817124,0.08718463356288358,0.3222547500830236,0.00023513986744597062,-3.141319326279051,-0.00017720792210705908
8.727581024169922,3.9795997606514257,0.8497471340487343,-20.360037103734523,-0.06011936582207206,0.13335583133662157,-0.04601935696315214,-0.5486262185781401,0.08718824647131651,0.3222302201281456,0.00022311678999714893,-3.1413808415024094,-0.00017692163118532254
8.735649347305298,3.9343175948044298,0.8262049427930832,-20.52367671113929,-0.06135231639537664,0.12998154971187484,-0.05109906186547448,-0.5486285419697587,0.0871706903621631,0.3221202633506821,0.00026192973933649686,-3.141470759052838,-4.714771295156611e-05
8.745559930801392,3.6795301499878663,0.7424108605065547,-20.405081034916986,-0.05683230387625354,0.13193955431449914,-0.05004624705761399,-0.5486367339747164,0.08718447131947991,0.32212024669976747,0.00019076247475066941,-3.1413533115133427,-0.00014001413725559574
8.755589246749878,3.3466597548145876,0.8613776683913369,-20.43966189455243,-0.05662508314574894,0.12424374578987102,-0.04060913354294017,-0.5486474952154943,0.08718851324204979,0.322091792196265,0.00023103052553197147,-3.1413462627881708,-9.317501217979042e-05
8.76355791091919,3.479126682084892,0.6048982900925406,-20.444345280651202,-0.0560485571947099,0.11705060249366744,-0.04140899742229964,-0.5486180618574841,0.08720293951306068,0.3220320623274016,0.00010243373520657025,-3.141352862946732,-0.00013740935869508653
8.771584272384644,3.708024383384267,0.7411420354523054,-20.45152604621258,-0.06050476235435134,0.12187023581646601,-0.04905942306689125,-0.548628848316897,0.08716812656475798,0.3219754171454874,0.0002736958694221001,-3.1413591352224137,-0.00012603133985637338
8.781557321548462,3.454436380878704,0.9424683786802679,-20.383173737059458,-0.06421554993043604,0.1262712881212481,-0.05094806726122505,-0.5486455522761713,0.08718107105121196,0.3219447183188061,0.00026043462004518006,-3.1413406452727886,-0.0001923241251904077
8.791691780090332,3.8598691738375064,0.8991469609979571,-20.355503733908446,-0.06220413821249393,0.13628334357700897,-0.04440296459343709,-0.5486402852628108,0.08716527376540976,0.32191640421300727,0.0002678529881416259,-3.1413780654928423,-0.00033778846722050854
8.801578521728516,3.9283383060819084,0.07266935102176098,-20.578867928857857,-0.08997365738933939,0.143746388090567,-0.052625261346976884,-0.5486267849446972,0.08718507996794485,0.3218112061771444,0.0002129125123702926,-3.141480082527918,-0.00022120315612134583
8.811644792556763,3.6936814975588064,0.8007596923689929,-20.601288279422374,-0.07399567786186588,0.1356310941303392,-0.04523069179696742,-0.5486407394808098,0.08715747796646006,0.32177551269518456,0.0003426091434215306,-3.1414176119772987,-0.000269220523502073
8.819628477096558,3.9746314001275818,1.3981575767355734,-20.48741634903247,-0.04430664517527201,0.1276819751879402,-0.04692821946487005,-0.548641790289639,0.0871693958984877,0.3217163531083521,0.00025295072780144714,-3.141443772884814,-0.00020085184586365675
8.829596996307373,3.794905638466931,0.8737608134967245,-20.408593823630603,-0.07434709490407113,0.13180019752791683,-0.048109122380531485,-0.5486501338522913,0.08717453804385698,0.3216863791527256,0.00025419234883748123,-3.1414039149226607,-0.0002543669719472626
8.839560508728027,3.9463748290321283,0.755541296085257,-20.30756338858515,-0.07464608169136844,0.1387062417087483,-0.048299463521685244,-0.5486262737007864,0.08718243919211326,0.3216098974035711,0.00021126265163535544,-3.1414635740894705,-0.0002017259948239371
8.849587678909302,3.241011924331002,0.8197258746530227,-20.42805897191017,-0.06426030788250688,0.12248312523699482,-0.0470537811075626,-0.5486353239733804,0.08718833016211132,0.32158826561020554,0.00025063391409080717,-3.1413993074494977,-0.00019915796450974957
8.859595537185669,3.7443931717278423,0.8261686267063295,-20.409911398765033,-0.0531537322438411,0.12760619459383113,-0.04272512240069138,-0.5486173532640515,0.08716984468650595,0.32152815344406505,0.0002766829740341264,-3.1414273686960286,-0.0002008464353252024
8.869640827178955,3.764817970522966,1.001421053353745,-20.475632153826268,-0.05296387912083786,0.13103295298941364,-0.03822894827691264,-0.5486385017147952,0.08717816834679472,0.3214851264605115,0.00021460434709789068,-3.1414357356544107,-0.00022574210253205085
8.87756872177124,3.9211387673268097,0.8490962425776808,-20.447265150449724,-0.05818196410955566,0.13000898460914476,-0.050083892792560904,-0.5486322021562711,0.08719850359726754,0.32140888366218584,0.00017751142263781652,-3.1414439597437593,-0.0002468969025617885
8.885564804077148,3.6806252419246808,0.7356679320369213,-20.521190558252048,-0.06486835812204998,0.13115400426882068,-0.03808014958833594,-0.5486199027304117,0.08716549361423064,0.3214211186335795,0.0002731172650766649,-3.14138926718977,-0.00025535987625567537
8.895583152770996,3.8498450238323403,0.9654274999720771,-20.502689498211424,-0.06728349088348237,0.12839554216845755,-0.04268960434506448,-0.5486190940175208,0.08718327146087441,0.3213628145338689,0.00017277151221218527,-3.1414443585051606,-0.0002459114332042242
8.903571128845215,3.6569390452274164,0.9734000316749108,-20.557388384809858,-0.06238393380673713,0.1281701511532821,-0.04502344235047393,-0.5486191096217276,0.08715828712411404,0.3212924193688395,0.00027338188717863546,-3.1414439628701833,-0.00023787447822220395
8.91373610496521,3.6447856762331394,1.0231639658192018,-20.59603530526402,-0.0641835322217489,0.12611602113091866,-0.046734175196062024,-0.5486180354017611,0.08716160186089335,0.3212527052795968,0.00019496634273255152,-3.14143262738341,-0.00018306962155331368
8.923593997955322,3.4522327181084105,0.7107646069706222,-20.54672635460096,-0.06379776107185087,0.12362689796530185,-0.04181705229363622,-0.5486187784458061,0.08717004670821776,0.3212025387902102,0.00014884103218794958,-3.141448092989664,-0.00019251965286302844
8.931631565093994,3.7626915592807255,0.885314748685034,-20.48658428167814,-0.06549748978545655,0.1294746315021977,-0.04412511383412033,-0.5486310109796855,0.08714973469646596,0.3211341309940964,0.0003141191581521262,-3.141464647016547,-0.00012469176777285762
8.941587448120117,3.731581530117997,1.1058487299349502,-20.440345288113146,-0.0611110694287552,0.13028253363017228,-0.04210550027186051,-0.548635407406782,0.08718517916201891,0.32112079173592867,0.00020558704742114028,-3.1413771332660723,-0.00026100762912677363
8.951582193374634,3.8431008627061076,0.9892089462340233,-20.452224490097617,-0.061672511063389605,0.12887712550235106,-0.047611188955671416,-0.5486296910071412,0.08718396140818019,0.32106493316182366,0.00017281636284540445,-3.1414184097455564,-0.00025414072109387876
8.961609125137329,3.4348988300972607,0.6755533121928359,-20.514034613834077,-0.06068739216801838,0.12309011378302528,-0.0362872835969955,-0.5486332092758627,0.08716843453827573,0.3209723185427994,0.000277648026220115,-3.1414576811327692,-0.00011168453956352869
8.971572875976562,3.8458737248304926,1.1440456049493144,-20.5273011293029,-0.049453977798908845,0.13063394146397583,-0.04176402470070441,-0.5486258647760617,0.08718500225918972,0.3209636659847778,0.00016258638258938418,-3.141400150566846,-0.00016243483169976416
8.97960114479065,3.2248666283569585,0.29530558168912296,-20.50831318894827,-0.07154737925824375,0.12771530297955938,-0.04267329159336104,-0.5486380830772658,0.08717229065619941,0.3209034212532665,0.0002686192715717433,-3.1413924612005957,-3.678504762271555e-05
8.989655494689941,3.5744066777696517,0.6588894888035888,-20.290508629492386,-0.06463451843057351,0.1259766508880626,-0.04005921349027611,-0.548639877130348,0.08717234634656659,0.32084843731657675,0.000195705144392968,-3.1413836259067898,4.585584644856856e-05
8.999581813812256,3.764404267593753,1.3294430839278366,-20.439078703429196,-0.047229231451056314,0.12572008068886054,-0.04093225151880108,-0.5486437555103665,0.08715991273541059,0.3207917897064162,0.0002051380168775898,-3.1413857455625807,0.00010893582951606791
9.007649421691895,3.949097741256236,1.1656794298369806,-20.42999852576629,-0.05321222988602029,0.12928747218438674,-0.039705360659969505,-0.5486419861226676,0.08716069015508218,0.3207562488906407,0.00029801507468328977,-3.1413565327701956,-7.286168943808771e-06
9.015679836273193,3.5745826746724627,0.7716035243336828,-20.558857722566866,-0.07908298445384508,0.13499730063397972,-0.04116639905479002,-0.5486472589231062,0.08716592586197126,0.3207486829126726,0.00020671113763263193,-3.1413132285662773,-8.446953434912743e-05
9.023639440536499,3.866089929732737,0.8658253911005004,-20.532989153193302,-0.05523055824650078,0.12618265864548858,-0.04312481522596071,-0.5486394652828991,0.08716747121271272,0.3206991525088729,0.00024244471553216393,-3.141312679759478,-8.411921853281546e-05
9.033556699752808,3.8730773682137625,0.8517476589437718,-20.419166617433046,-0.06260468424875382,0.13027405788018045,-0.05382955362182534,-0.5486320464520139,0.08716168161435514,0.3206348862156426,0.00024736274660244653,-3.141405919562296,-2.09613234937491e-05
9.043573141098022,3.1664525234240877,0.6917286767302796,-20.513543185845798,-0.05965250497454972,0.12112309453126942,-0.03687992198426024,-0.5486323819634176,0.0871855851121992,0.32059995119743967,0.0002515181214180582,-3.141373921077893,-9.114400775579462e-06
9.053565263748169,3.8094704632519214,0.9002125863261304,-20.468699596733483,-0.06857206564635228,0.13349806344246817,-0.04456314440998946,-0.5486535505572742,0.0871668756322935,0.32053369962176403,0.00025882010625487517,-3.141339185479135,-8.722379410169971e-05
9.063578844070435,3.6925724433108322,0.859206873659755,-20.6434355823465,-0.0637040881848625,0.12620197453605286,-0.044614899363259145,-0.5486436933277816,0.08720019279334079,0.3204787523579278,0.00011112842981675475,-3.1414027437204535,-6.489771479561102e-05
9.073712348937988,3.8994909457930755,1.0977260891507234,-20.55891558560598,-0.05679255215383614,0.13077882121416656,-0.047546226868699575,-0.5486560129476893,0.08716082299539081,0.3204427211636296,0.00029466504874386794,-3.1413330309263783,-2.669362749742932e-05
9.081630945205688,3.7579909029435252,0.7866984625839797,-20.588193681880117,-0.051888628627531734,0.13159565620880023,-0.043087491330603155,-0.5486417914514057,0.08717148285725441,0.32038020164965625,0.00020899505636062573,-3.1413772877689126,-5.996932194014101e-05
9.09160566329956,3.7747138957674053,0.7484379976816137,-20.393255158438865,-0.06685824625874529,0.13062672755665714,-0.043922346933614666,-0.5486521498789073,0.08714438736568948,0.32035291434186985,0.00028111871759424863,-3.141351385238146,-8.398759386097963e-05
9.101591110229492,4.116473189028096,0.7269955565647508,-20.48194125572137,-0.05896190036944006,0.1351286078111076,-0.044771396875107373,-0.5486383916776344,0.08716123995970405,0.32027556962408454,0.00025747826007029874,-3.1414169476044087,-1.6952568736249224e-05
9.111586570739746,3.9242319984072975,1.1054607810681703,-20.35775104513434,-0.0572520078096743,0.12722616171414985,-0.04926347945608896,-0.5486387651487548,0.08715994051899538,0.32025988606065386,0.0002004753940943925,-3.1413492846240447,-0.00012465291288735373
9.121639490127563,3.912628755350077,1.0458735022393786,-20.32782530804568,-0.06406438263514991,0.1306160221821097,-0.04441620685470331,-0.5486483482890689,0.0871382878502403,0.32016569834698594,0.0003322207720934052,-3.141401137009355,-2.5892416461975286e-05
9.131593227386475,4.089661577033714,1.402120580277854,-20.234571443518956,-0.08095484300487375,0.13622978693789156,-0.05300034997996227,-0.548636707886031,0.08716231375091636,0.32012696681519176,0.000226857125125795,-3.141394817860462,1.3556227667583211e-05
9.139580488204956,3.733929479658004,0.8207206629452223,-20.52324112801852,-0.06114824367798449,0.1283207976645089,-0.04122080460060449,-0.5486372174227157,0.0871756381613283,0.32012319219583274,0.0002492029321352121,-3.141312997399553,-0.0001394000775321411
9.149571180343628,3.9195752434423183,1.034846671252994,-20.440928460143784,-0.060856503450313876,0.13139354163646236,-0.03436600204565624,-0.5486396496972552,0.08716370933883354,0.32007113577480495,0.0002453703356212934,-3.141370202216607,-0.00015785398526016076
9.159642457962036,3.7428596947265054,0.9167089404044008,-20.476390193802075,-0.06429840451379035,0.1261804788754027,-0.028199771076154175,-0.54864376018147,0.08717560884722611,0.32002163994537147,0.00016679486063957694,-3.1413288558314245,-0.00012759392422248967
9.167628049850464,3.916472687704186,1.194356149978061,-20.406908550757837,-0.07091568348785311,0.13904121790743992,-0.027575870706689792,-0.5486271440988391,0.0871705302980855,0.31996550664515166,0.00011380171628755321,-3.1413798693647426,-0.00012641902502132313
9.175593614578247,3.714212668092992,1.0544164540633059,-20.37364697124668,-0.0634853611158346,0.1284205805588105,-0.03974101551057293,-0.5486518994762914,0.08717212492062874,0.3199272437132093,0.00011981952864386451,-3.1413137902035864,-0.00014194347658134693
9.185665845870972,3.5306564931310596,1.1242621585371164,-20.281719759494997,-0.06625538822085532,0.12320785995108192,-0.023835144119034174,-0.5486480439936013,0.08718318654394235,0.3198826920081059,0.0001483230410115423,-3.141354683291791,-0.00020617563930716839
9.195558547973633,3.6512330271747,0.7458683095701872,-20.4835545712826,-0.06344982147482388,0.13141088767297102,-0.027018378253953427,-0.5486436372498918,0.08718767859903374,0.31981996194406104,8.245796575939345e-05,-3.141345637988076,-0.0001519631028436886
9.205575942993164,3.5232086033341234,0.8087286360851652,-20.41336546526142,-0.06566686271137023,0.12706617041230076,-0.031242260123677267,-0.5486274069944899,0.08717943827051206,0.3197268113966802,0.00019621693034205294,-3.141492797081951,-0.0001178291181418686
9.213666200637817,4.158153644351618,1.4790529901009037,-20.321063468103528,-0.06267235181943666,0.13330207495585533,-0.032619533627311154,-0.5486359588801837,0.08718008235459292,0.3197084977739694,0.00013070952375159584,-3.1414466894460182,-0.00022190264677429154
9.221614599227905,3.919324027019619,1.086912448976974,-20.360624197053376,-0.07309164270924091,0.133312456453703,-0.02962326523844703,-0.5486413115766553,0.08719227357289643,0.3196825905758622,9.523143705272596e-05,-3.1413708358136674,-0.00013104650791626184
9.229562282562256,3.5761977098482958,0.8316360581590018,-20.395687286864153,-0.0674105999071543,0.12795654091165956,-0.02957481448141031,-0.548622275853297,0.08720754054373764,0.31963080990388776,0.0001552604820521206,-3.141445150365006,-0.0002575535446319108
9.239582061767578,3.9911664012093677,1.1724684515476835,-20.284352823778367,-0.06763484127565011,0.14027756487811546,-0.02917441079694298,-0.5486417757248614,0.08717634343259152,0.3195784154019906,0.0001603793681327456,-3.141418255482957,-0.00021857230401482018
9.247647762298584,4.074252380167383,1.0395179316151097,-20.3863532985791,-0.06232058928023226,0.1349727176305076,-0.028258254292137477,-0.5486397645426778,0.08717287538001418,0.3195586318185125,9.000605684027999e-05,-3.1413970952857815,-0.00023221224052563484
9.257576942443848,4.306261216111928,1.3160929933310423,-20.25887296047149,-0.07128433235781452,0.14152449611100776,-0.03221009764682782,-0.5486411183070092,0.08717690603270037,0.3195009651397061,0.000129406309564776,-3.1413946779903794,-0.00014044675879620617
9.26560378074646,4.317638435813758,1.0352940013764165,-20.40541420604422,-0.06709582428644266,0.14443327757802385,-0.03858485465756838,-0.5486361151549654,0.08718387816548949,0.31947381083168397,0.0001707678506902815,-3.1413970286677735,-0.00024409365206265804
9.275574445724487,3.9640227599594353,1.0340434164685004,-20.330199723569137,-0.07227409890130294,0.13668634983684488,-0.03348112739482949,-0.5486555277033388,0.08719316011340959,0.3194251748925166,0.00020297954651825716,-3.1413555255440486,-0.0002505846622168686
9.285561561584473,4.267810450667439,1.264328042420509,-20.30321855904887,-0.07387353107348256,0.1379331525617817,-0.03799879477959762,-0.5486403617942406,0.08717632390714895,0.31938017715479816,0.0001725158340186106,-3.1413802362308707,-0.0002611893322216847
9.295542478561401,3.756795495453058,1.0016904512971812,-20.374778116433124,-0.06488252899409512,0.1274660832337406,-0.02963467330695491,-0.5486325345049049,0.08721003580802413,0.3193352180451865,0.000153234601764546,-3.141383573350575,-0.0002015347008976672
9.305580615997314,4.127552063315155,1.001659115387095,-20.433986828266335,-0.07021920281396246,0.14020094833988017,-0.030532017680546298,-0.5486344670032389,0.08719059979504723,0.31928719399590544,0.00015634979445143066,-3.1413421943562816,-0.0001850639927507677
9.315671920776367,3.881480705404031,1.0820670510892776,-20.45068392444744,-0.06768412458692374,0.1317623880438449,-0.03240799120139058,-0.5486406086284774,0.08715699522820408,0.31922645290128837,0.00022285515520668466,-3.1413602924492863,-0.00021615025845889412
9.32564926147461,3.8103719755133274,0.971296466283667,-20.391141985166424,-0.0610340383084069,0.1246249790868976,-0.0341480027121048,-0.5486528252198983,0.08720275100981695,0.3191725767685853,0.000152208352197647,-3.141358164808741,-0.0002470011488062618
9.335649251937866,3.9207033295050544,1.4708413392986526,-20.40521987665571,-0.07477971366700478,0.13546752020552524,-0.03100273002127788,-0.5486623801527972,0.08715387256933906,0.31913677961356435,0.00026370793334199333,-3.1413017868252955,-0.0002048394277020137
9.345590114593506,3.8224736137221913,1.0186861901349333,-20.35404555976971,-0.06674790793499762,0.13345161168799483,-0.0348477506361115,-0.5486547242424397,0.08718320767871851,0.31906527550275293,0.0001807695753745106,-3.141369725856629,-0.0001818562725912628
9.35556960105896,3.681921612656744,1.112081369861455,-20.529372853469436,-0.0645294985419421,0.12754497587903382,-0.02697179406190309,-0.5486459269598438,0.08717772875279643,0.31903745602072786,0.0001871481649091458,-3.141341717740871,-0.0002055463622833741
9.36557912826538,3.6752035893704322,1.0408778496071414,-20.274346102077814,-0.0694524070688861,0.12071696282544646,-0.032050258892211074,-0.5486471683907272,0.08717473982941706,0.3189530838775154,0.00023802235952142533,-3.1414309563438234,-6.115339259097159e-05
9.375597953796387,4.036499126153362,0.7248880642661423,-20.382387445674258,-0.06548711022707908,0.13791298842688252,-0.029546411247278314,-0.5486509027615484,0.08717459047374329,0.3189328184124156,0.0002119919361021082,-3.141355388057642,-0.0002097494149918426
9.383638381958008,4.143879021066982,1.2748213771396737,-20.281157973340207,-0.06824028478695417,0.13287951787456206,-0.03158267857132077,-0.5486538380252408,0.08718743613090793,0.31885435791963723,0.00024845394420536574,-3.141391529601461,-0.00012399669618945846
9.391613245010376,3.866878508192808,1.087942008356662,-20.203215686963723,-0.07516216505579634,0.13933214974793878,-0.03919403111271945,-0.5486503465146639,0.08717623687703492,0.31880775284630525,0.00011352148142611304,-3.141364048472644,-7.480900420426004e-05
9.399584770202637,3.730037553388483,0.8743226060993806,-20.242221230826587,-0.06492672797662084,0.12646017941903817,-0.03188478831371621,-0.5486592205227993,0.08719649813536012,0.3188017733971897,8.096838968135844e-05,-3.141328938251044,-5.4886321270454267e-05
9.409603357315063,3.8392482633303335,0.6035798110753705,-20.258506828151138,-0.06601872529347155,0.13309521930711646,-0.03649544871737647,-0.5486509753835714,0.08718757297300599,0.31873981862723016,0.00020961370896626952,-3.14135703111824,-7.609088137204602e-05
9.417713403701782,3.9269707826990405,1.1639814425716597,-20.27867832832046,-0.07221512095399685,0.13025762509993133,-0.037306061923159266,-0.5486533883458921,0.08715803992931911,0.31867013828014956,0.0002260952086851052,-3.141360938027125,-3.4916271053957555e-06
9.427734851837158,3.8074065566504074,1.3732835434913135,-20.356094715436377,-0.07124593828994595,0.12737340112742987,-0.03722687082042192,-0.548640047334875,0.08715801108313573,0.31861512444756557,0.00024852135127877574,-3.1414145874789843,5.2170965502031146e-05
9.435637712478638,3.9397214421121087,1.0952797685816975,-20.34803891464414,-0.06856631054756371,0.1343057180041655,-0.03385216448000573,-0.5486549819477411,0.08716028321118362,0.31856598446940393,0.00030571518936075204,-3.1414275300021086,1.3361132583797976e-05
9.445562839508057,3.778888756101032,1.0550862767389206,-20.15975978262356,-0.06952405127974753,0.1295367582228811,-0.0324415410605611,-0.5486471019930625,0.0871657776486123,0.3184938952713572,0.0002554124082307426,-3.141460004091984,4.309369893524985e-05
9.455614805221558,3.850992006243201,0.9508998748750676,-20.340350921153565,-0.060167235702357325,0.1285538146523623,-0.028650403249163004,-0.548653142510253,0.08715538600826538,0.31843676150083683,0.0002378359705012101,-3.141474544163251,6.155813018613292e-05
9.463590621948242,3.9863047957343936,1.1456520962667431,-20.151175585872586,-0.06917330989007403,0.13257037529306484,-0.030881111629478666,-0.5486720369464486,0.0871661512100793,0.31847584727351574,0.0002577367415881852,-3.1413109025604506,-0.00011835636339262842
9.473540306091309,3.833332972540189,1.109492044395858,-20.327754877000803,-0.07333851600352123,0.12934761577412904,-0.031850249121400054,-0.5486639018835989,0.08718453714127342,0.31838446531850256,0.000196031328752904,-3.141388688537301,-4.310539478710753e-05
9.483595609664917,3.967731017939093,0.8984372921684507,-20.456561898059807,-0.06360363776757881,0.12662647522552528,-0.032828963914406525,-0.548670639731443,0.08717341966259504,0.3183725674812036,0.0002812776504205186,-3.141297766407044,-7.44277737289771e-05
9.49161434173584,4.014008839141563,1.0981194418221782,-20.40107080560568,-0.06131841676458298,0.13405594444129018,-0.031167650190508295,-0.5486600764219162,0.08717922086857466,0.31831262090747037,0.0001887556503505446,-3.141347654145915,-0.0001259620715039092
9.501577377319336,4.104487713260516,1.148618610463219,-20.342727793743606,-0.06868132326011253,0.13767970948871597,-0.03852491719571242,-0.548665164638748,0.08717512730958656,0.31825610965682666,0.00023915352691143387,-3.141366024062197,-5.6259750957703395e-05
9.509557485580444,4.120194938188026,0.9629360262275192,-20.20108166255381,-0.07050704417960507,0.13749196711114556,-0.0370730629462046,-0.5486563193333814,0.08720341785202838,0.3182403526371185,0.0001218151383241855,-3.1413371875569034,-0.0001594848863303367
9.519742012023926,3.9182875122592136,1.0555437860037267,-20.188961834435457,-0.06863567417816889,0.12824476647927424,-0.03299546321584857,-0.5486733718516162,0.08715963506599975,0.31820104210407185,0.00031182980254428587,-3.141299453706591,-0.0001480979619651287
9.527578353881836,3.836337920018191,1.030827052775827,-20.282222729148522,-0.0618240744627505,0.13321281227147763,-0.03028286572067307,-0.5486528028793569,0.08716553242966528,0.31811211173698045,0.00025378297771327756,-3.141392875923434,-8.523433741621662e-05
9.535583972930908,3.5826266610775526,0.9613164191238719,-20.37858358835516,-0.07003474149729201,0.12628961185361823,-0.031668688440986525,-0.5486611437836902,0.0871805970847832,0.31806393928768195,0.0002820948957820575,-3.1413659166924646,-6.666345705435432e-05
9.54557728767395,3.99083933359393,1.0556541833771447,-20.169106156291708,-0.07585796974335085,0.13085952991063715,-0.03556931851079292,-0.5486476004020142,0.08717492268235294,0.3180391648950652,0.0001532041393469194,-3.1413828201681904,-0.00012818754727319853
9.555585622787476,3.825806069840121,1.0727975219425279,-20.180274568999764,-0.07056212908564766,0.1303730975661686,-0.03336049451663039,-0.54863624956742,0.08717116292270774,0.31798982214749455,0.00028776838090452286,-3.141418147723672,-0.0002731086349496974
9.565643548965454,3.946995890093338,1.3087934312341332,-20.381428611183804,-0.06528784713978426,0.1309797557524684,-0.03039050825909907,-0.5486505285570134,0.08718998028476416,0.3179232789567118,0.0002590803440678811,-3.141423946493251,-0.00021244174056617152
9.575618505477905,3.672876777318766,1.1415920329205858,-20.26617429295162,-0.0679576179563148,0.1312427649351526,-0.028917293367483637,-0.5486480358487432,0.08717548195490529,0.317891261601492,0.0002517409762304815,-3.141405034961835,-0.0001553831443424881
9.585584878921509,3.798238669696741,1.231660359662003,-20.23259228725469,-0.07700567115726789,0.1259530068123028,-0.030769026952560955,-0.548649238752277,0.08719192126404679,0.3178600408124486,0.00017127851373669543,-3.141376714397505,-0.0002069285701332455
9.595584154129028,3.7839543430502616,1.1221894657185383,-20.236101085810187,-0.07277080759143871,0.13160655470728996,-0.029001137057117547,-0.548652090452707,0.08717558667839308,0.3177998203974085,0.0002570031162552848,-3.141404607645073,-0.0001820387226578602
9.603570461273193,3.748689201026791,1.192397815684829,-20.294509921573813,-0.0740959216407594,0.12998925060056452,-0.026384856694733692,-0.5486411560807916,0.0871787982918101,0.31775615855838796,0.00022553126316913403,-3.1413747138295927,-0.00017832285890828902
9.613562822341919,4.443048610471245,1.0139288383206733,-20.27307988358375,-0.06451872775168747,0.14672624692807118,-0.03762888940856499,-0.5486577050781762,0.08716775435835068,0.31774060356409056,0.00032077519261076727,-3.1413280917964417,-0.0002162034002754123
9.623661279678345,3.6935690946734274,1.408049872477129,-20.127620326370124,-0.069941792329996,0.13131510698994903,-0.033215305187568246,-0.5486566414824682,0.08717020152200115,0.31762806710600844,0.0002566387271051411,-3.1414128405187354,-0.0002083710994637507
9.633586883544922,3.966720892436396,1.4246125196648403,-20.23340784470025,-0.07493578930922161,0.1334477564892073,-0.030796539453867382,-0.5486656554715262,0.08718018273458607,0.31760982736778015,0.0002161742760737576,-3.1413689031614487,-0.00015509091980052576
9.643622159957886,3.7257944435264787,1.0692819681226298,-20.240666387458212,-0.07268000760046307,0.12285438709920186,-0.02638952478838585,-0.5486590665239313,0.08718769778365563,0.31755373116291086,0.00022039478398521554,-3.1413918590585657,-0.00018546497570080022
9.653582572937012,3.958236377742939,1.1426996984411772,-20.32216041486255,-0.069809143503498,0.13254356407693366,-0.035192967362320436,-0.5486465802031805,0.08715505129644266,0.3174927808199566,0.00024119953388793337,-3.141411615211344,-0.00015281020383418347
9.663530349731445,4.252788314734626,1.3903879036726454,-20.121526421704598,-0.07031097502799383,0.13419574922098831,-0.029509923177042353,-0.5486556812199772,0.08718654313474193,0.31743414971070477,0.00019216740547684696,-3.1414294151368543,-0.00016880011732905862
9.671560764312744,3.795497629304435,1.2366482291197654,-20.253940541867944,-0.0725351338409702,0.12848726525245568,-0.03142017231801334,-0.5486496747950769,0.08718128219972157,0.3173847684396124,0.0002842781038929486,-3.141411945813838,-0.0001795843932823226
9.681646585464478,3.6563833118328466,0.8492510770222453,-20.288407868485216,-0.06550589555753016,0.12627526505765935,-0.03238574102143915,-0.5486506672987781,0.08718085868782584,0.3173598721392205,0.0002598839135479491,-3.141380561783798,-0.00022833701973076548
9.691609144210815,3.7146554119864885,0.9348432597270492,-20.342529950366863,-0.06346304146175573,0.1317205239317725,-0.027809307029753896,-0.5486600709768964,0.08718562548120752,0.3173093991173947,0.000209036566017275,-3.141379840337481,-9.2541068012834e-05
9.699613094329834,3.70918742031451,0.675802492812866,-20.480332845742648,-0.0596119953346669,0.12439162809727046,-0.028792487216615103,-0.5486578129442169,0.08719955699066352,0.3172733079278673,0.00012582772996911696,-3.14134593119017,-0.0001582316024442012
9.709540843963623,3.6175163365277423,0.813368434937145,-20.517964739055778,-0.06273154341877143,0.12796109797895475,-0.02892369187687286,-0.5486515290345336,0.08716735672283653,0.31719367100631546,0.0003932450326140173,-3.141455409469865,-0.00015399064720872756
9.71958589553833,4.04820118218852,1.363584304364469,-20.108950895186894,-0.07495003666527429,0.13706857978723194,-0.0416897893875116,-0.5486675189977281,0.08715829571165412,0.3171591632877388,0.00025875462841951714,-3.1413673472144263,-0.00019858251922119739
9.729537010192871,3.8337461615813493,0.977073474504643,-20.087928393287847,-0.06368676211215188,0.12989793596592655,-0.03178249821160662,-0.5486679430426529,0.08715630182018677,0.31711659534480496,0.000272021542664737,-3.141347953657699,-0.0002099504039632161
9.737558603286743,3.877252849394708,0.9295753394056632,-20.298135959055436,-0.06362683263724428,0.1293867164452277,-0.029729227074972376,-0.5486599683950402,0.08716099224223932,0.3170550289201399,0.0002690279839378139,-3.141393702561279,-8.79734139123913e-05
9.74561858177185,3.882326163745647,1.0182691631879317,-20.153891008373492,-0.06456610159571533,0.13658261763514365,-0.029672626999607467,-0.5486613037283469,0.08718014942989596,0.31701456268875716,0.00022413118361269338,-3.1414319933839945,-0.00020273487753923826
9.75350546836853,3.981790577975905,1.2295700727902872,-20.27586394383299,-0.07252992066028398,0.1315268109833814,-0.030637411791105906,-0.54865562987871,0.08720532382194855,0.3170019448686481,0.00019808676251847484,-3.1413303690210017,-0.0002849202059810725
9.761564254760742,4.211541681628228,1.6826191541224362,-20.22137573467076,-0.08096075384172384,0.13614247689731596,-0.029606678115802337,-0.5486685758923023,0.0871987852888506,0.31692452022655593,0.00018821881642221242,-3.1414089668344296,-0.00016717662267123147
9.771544456481934,3.812921497401828,0.9803019046912781,-20.261111470949505,-0.06356169968762504,0.13089711532691534,-0.03165992455671646,-0.5486522696688397,0.08717581128488064,0.3168771719298097,0.0002059840398246417,-3.1414708131246116,-0.00013378483213449303
9.781561613082886,4.158616759533249,1.2071096500499339,-20.327909875052327,-0.07205903376517385,0.14155925450684018,-0.02643350155549072,-0.5486735538730956,0.08715915292877764,0.3168633399855807,0.0003372819946944003,-3.141345945332458,-0.0001883119743811436
9.79174542427063,3.939182848703676,1.042820987976639,-20.250440101139308,-0.06744501908112614,0.1314803658295853,-0.024977019447824954,-0.5486622423807227,0.08719369005193363,0.3167965823489034,0.0001773822275759152,-3.141391845288364,-0.00017663131531478823
9.79956865310669,3.9738845645504277,1.2917640191386663,-20.302314420268832,-0.072131125778912,0.13081692005979467,-0.03488875823450675,-0.5486500238820827,0.08718603951214175,0.31675459829109603,0.00015920632558903277,-3.1413596213808805,-9.079352632796988e-05
9.807581424713135,3.771032264679311,1.0058449596619274,-20.384874455762517,-0.06613889005871802,0.1278522496691382,-0.03219109383123383,-0.5486547067464412,0.08719770090462581,0.31670740355844434,0.00023119132814431703,-3.1414008249867558,-0.0001775684531675312
9.815619230270386,3.990457313557655,1.001875624475725,-20.34823156637128,-0.06425967860500932,0.13974531898167686,-0.03092413472370214,-0.5486678050933617,0.08718505811400723,0.31668826979096376,0.00022697619180542258,-3.141339871173318,-0.00016145978674694036
9.823649644851685,4.125868830760874,1.2344724031799361,-20.27122986110396,-0.07082819410670162,0.1322883963723291,-0.028618796989198864,-0.5486730520526454,0.08717154755448334,0.3166302271924961,0.0002843051066908194,-3.141373076735541,-0.00022326063661114761
9.831595659255981,3.8284662606807434,1.1686116586187825,-20.186258886103655,-0.06530566878957472,0.1334253585362648,-0.02930832546687531,-0.5486683785475992,0.08720791231297323,0.31658424934829027,0.000187382813263044,-3.1413601553143806,-0.0001954237608617527
9.843581199645996,3.7766331609752597,0.7904879090266421,-20.33593940837084,-0.06027927607431081,0.12617149308772266,-0.029539465825701144,-0.5486916076368111,0.08715178624309984,0.3165925803795519,0.00033147678318724984,-3.141237658706901,-0.00018447715770551987
9.851534605026245,3.6630144750370315,1.1180800590154594,-20.37193408490814,-0.06705347076062083,0.1285588123439156,-0.028484102034881897,-0.5486594970234597,0.08715971671088812,0.31650285507306364,0.00031926702197764467,-3.1413424482344303,-0.00019283671352756895
9.859565734863281,3.6902147227329847,1.0978826549697425,-20.26418910052601,-0.06862370129426808,0.12320384270249705,-0.02440818266385976,-0.5486577951272776,0.08717795608892168,0.31641666578651395,0.00029554949796838754,-3.141434558588228,-0.00017241939559320508
9.86754560470581,3.45694937862227,1.0959226582823671,-20.33605573195857,-0.06286607867481585,0.12553612980981915,-0.02745878737233291,-0.5486727065727909,0.0871591664954873,0.3163968426127395,0.00031885809653451057,-3.141387199153851,-0.00013922900930291252
9.877580165863037,3.4712543145064854,1.1504583078131803,-20.468886662606224,-0.0668541104945118,0.12156816038830992,-0.027131450747756854,-0.5486722845626434,0.0871732558979562,0.31634866221875885,0.0002653917640765138,-3.141384541694161,-0.00014763526541066588
9.88554835319519,4.096197629904646,0.9834910457912026,-20.2285365335237,-0.06600321163258807,0.13341882147749226,-0.03055463741752376,-0.5486779079817502,0.08717241645393653,0.3162994857961926,0.0001973862955557473,-3.1413973183525017,-0.00010282947686163357
9.895501852035522,4.024200823426179,0.9835389371535547,-20.261095133550246,-0.0687140075967204,0.1285266552096523,-0.031944069754003886,-0.5486887592896107,0.08717724128238546,0.316282854531982,0.00025485821797273655,-3.1413192639595215,-0.0001467624690785575
9.903610467910767,3.9821637913187136,1.402748683911895,-20.084965080466755,-0.07002642861296503,0.13322332457998784,-0.028826375522777718,-0.548673949066625,0.08719731817087296,0.31619624561309806,0.000275994390749291,-3.14143355605431,-0.00014901869465570235
9.911539793014526,3.8397378510222526,0.9459470158387229,-20.390030403651597,-0.0611669470360313,0.13225093149666872,-0.030911786170131805,-0.5486684513545886,0.08719079597643199,0.3161868630721733,0.00017352947591310356,-3.141374436124199,-0.00012361268094698974
9.919549942016602,3.8345566770414714,0.8496359453983235,-20.202962709665908,-0.06359932454950724,0.1263878229091648,-0.028861743563635585,-0.5486623248685804,0.08716531022152633,0.31615535261373773,0.0003073040821245684,-3.141356095140025,-0.00018634979989473903
9.929600715637207,3.8875780783958684,0.9593670177590207,-20.341304004537665,-0.06382442525215547,0.13317811461709106,-0.034887702021597904,-0.5486752079546888,0.08718069916643642,0.31613986770195096,0.0002788786717950244,-3.141316046271871,-0.00022072528085257043
9.937496185302734,4.039487416372962,1.118264481919076,-20.328194414587365,-0.06324606263314768,0.13220712615696703,-0.03533616721494591,-0.5486685720407856,0.08717975467173068,0.31606981186892613,0.000229924840660481,-3.141350407346047,-0.00015890912516455848
9.94555926322937,4.048524491317524,0.9573813431742527,-20.212507295919618,-0.060648437869275394,0.13114629762144528,-0.0340399548909965,-0.5486634972670219,0.08719993878773594,0.31599209160554687,0.00017033189817543403,-3.1414094248378124,-9.053414736672322e-05
9.953583478927612,3.8239777056576543,0.9198726063556311,-20.35439426245944,-0.0659048289114793,0.13257059448711986,-0.023500411591510836,-0.5486608762777915,0.0871671628574356,0.31594258968471794,0.00029566534639878533,-3.141436510093438,-0.00010768488157637162
9.961594343185425,3.59196802885653,0.9485866885049246,-20.262558262808817,-0.06039063587356538,0.1266080159193212,-0.030698369638746916,-0.5486684324003164,0.08718273978713845,0.3159312773105178,0.00020965884524820253,-3.1413849620939054,-0.00014884546968106307
9.969905376434326,3.678879168234328,1.207563003601178,-20.24623757706019,-0.06629974194763566,0.12505816350028393,-0.024655313920669105,-0.5486635049047879,0.08716979843937835,0.3158929673131922,0.00029748839248724284,-3.141391754946435,-0.00016409873603715752
9.97770094871521,3.8062513491316157,1.131730402796178,-20.434285508168905,-0.06802749390183349,0.1339786517600876,-0.024736139344035287,-0.5486717021220112,0.08717499509831972,0.31585486464902035,0.00027939700721468455,-3.141343090942853,-0.00015506080407406435
9.98563814163208,3.931774985367776,1.127860720458682,-20.286610234835504,-0.07109955803546598,0.12893239433765277,-0.028692085333318136,-0.5486702687808678,0.08718817630458058,0.3157884187607283,0.0002487253803998106,-3.1414051051578595,-0.00010356095035469119
9.995582342147827,3.7202514301222407,1.0031041033270054,-20.21462948382755,-0.062245815373522015,0.11980337852523242,-0.02419945852464842,-0.5486626189137804,0.08717817709262587,0.3157747476147378,0.00031485071361502155,-3.141357359460017,-0.00010958110169376981
10.005719423294067,3.7692520790919777,1.2492076949694004,-20.411338186540245,-0.06842668907344773,0.12569335998728953,-0.029167869618796367,-0.5486552260102134,0.0871469920571782,0.315713812668704,0.00033890349647809615,-3.1414309175383894,-0.0001438517670906965
10.01362919807434,4.009681893664355,1.3478601865100328,-20.32159667463977,-0.07390807812351825,0.132208338118559,-0.028192477383004764,-0.5486710641280137,0.0871872171624643,0.31568104487310344,0.0002254060341233126,-3.141322203162242,-0.00014366424588373611
10.021642684936523,4.144131173342181,1.0187677468545495,-20.31025239809199,-0.06883338322749252,0.13606345903634398,-0.031867063378518384,-0.5486616870207508,0.08718664482397934,0.3156133700186418,0.00018695021697619522,-3.1414203252777373,-9.347621808651242e-05
10.03158974647522,3.8284070381493613,1.1007989497883854,-20.274763683075644,-0.06386401703943144,0.1325368301332742,-0.026898977158113815,-0.5486434052824879,0.08719003087906588,0.3155755949159867,0.00028069240599330785,-3.1413901837776304,-0.00018173777292488017
10.041656255722046,3.8536240957268957,1.2402838930093434,-20.276251186374445,-0.06962958165814333,0.12542057172045243,-0.026734202233784584,-0.5486612898863408,0.08719036819612377,0.31551462457192375,0.0002600650328328663,-3.1413879376323863,-7.038984002346163e-05
10.051592826843262,3.83326209088955,1.1468294058377757,-20.440158051560324,-0.0708826406117474,0.1288091486874563,-0.026954449207768943,-0.5486605826329376,0.08716129204322606,0.31547616064795514,0.00031397329835781713,-3.141429394541163,-0.0001627054900222806
10.059544324874878,3.8281355860007733,1.0559115295036314,-20.2861606437402,-0.06773935904122594,0.13056261814837813,-0.02566662146400926,-0.5486663661442593,0.08717431868708536,0.3154860962756323,0.000275623836562189,-3.1412893313872736,-0.00019096737307596054
10.067637205123901,3.853508997242265,1.254981348200417,-20.333501318229107,-0.07060981463447367,0.1314914706918554,-0.02666871004525452,-0.5486692556596695,0.08717007888220783,0.31535725156070593,0.00025054300541824256,-3.1414401046343086,-7.689733864672844e-05
10.077650785446167,4.108283421027389,1.2936376641407108,-20.439024817523986,-0.07312781074267499,0.12949233048903644,-0.028125489090434955,-0.5486545916303308,0.08718280940284488,0.3153317352823318,0.00024525220104050656,-3.141449539371454,-0.00011086854403868773
10.087632894515991,4.174963521181478,1.0090766922141217,-20.38946471967426,-0.06662293031866427,0.1326142595562638,-0.021722485956920355,-0.5486642132818124,0.08720095592656597,0.3152967437737781,0.00017560827822307373,-3.1413960637521594,-0.00017653673925664652
10.097578763961792,4.001837827224661,0.8812338923095059,-20.377837221588585,-0.06119352373622477,0.13605480541444964,-0.03361500409800098,-0.5486711387136051,0.0871764555497322,0.31524480260978066,0.00026053493216080415,-3.1413949600827142,-8.964426647770764e-05
10.107625722885132,4.005111359061407,0.9931740615394103,-20.398167554521944,-0.06242637577409817,0.1271627804641853,-0.033654204086734696,-0.5486670912708171,0.0871910876737923,0.3151911149185482,0.00024250310358896356,-3.1413831132343777,-8.451125984115051e-05
10.115626096725464,3.7306199235874544,1.0638952720591737,-20.512993115667907,-0.06589806978428264,0.12624879728302724,-0.029169239270104702,-0.5486740540033426,0.08714403522376282,0.3151545099613826,0.000404263322292149,-3.141341054097103,-0.0001319718653861588
10.125739574432373,3.843469600773623,1.1248827780952917,-20.524555427607954,-0.06791760827972437,0.12372658246716843,-0.02575802628047902,-0.5486781102085533,0.08719782024063764,0.3151279711168887,0.00026614248189790084,-3.141316470920524,-0.0002883913813619733
10.13359022140503,3.7787828791139892,0.8200761588126222,-20.576626758542286,-0.06364614187331559,0.13155022479349182,-0.02465730469903214,-0.5486662521810367,0.08717543909160119,0.3150516960033862,0.00026492915981536945,-3.141360567839671,-9.737933479696336e-05
10.141578197479248,3.8196054861235003,1.172965844967874,-20.439361971558178,-0.06570997530649747,0.13083410384895383,-0.03093945156295315,-0.5486617681048772,0.08717515381945837,0.3149728785994303,0.00017741448797174957,-3.1414439684979087,-3.8074914249637044e-05
10.151615142822266,3.8915372096046412,1.1035233168397103,-20.31678932694871,-0.06547301679300126,0.12796106820500128,-0.032518579556855935,-0.5486686962508802,0.08718647811588204,0.31495327744342305,0.0001845333134921581,-3.1413908681221385,-8.825688470145703e-05
10.16163682937622,3.7786194384097116,1.1761684317405294,-20.2106257293436,-0.06804066220977822,0.12813585425982174,-0.027371256503061388,-0.5486685263850031,0.08718017756453186,0.3149196561814791,0.0002616515675430584,-3.14141589377457,-0.00016388644672865266
10.169575452804565,3.8685452896773893,1.0183629144775013,-20.31528937177342,-0.06555308267174235,0.12925761296764718,-0.0326598198200005,-0.5486523259723892,0.08715615817699825,0.31481644138760045,0.00029545680817961127,-3.14148466224396,-3.987072304134252e-05
10.179574489593506,4.104618797090695,1.2289242284831505,-20.341166919463557,-0.07299005790408794,0.1296173275319663,-0.03534421609206813,-0.5486596101186322,0.08717879697736776,0.31480959706007017,0.00027731865287024824,-3.141452619417891,-0.00010155943305430054
10.189562797546387,3.9609467284553337,1.0190193368542013,-20.205266641368652,-0.06632965603338241,0.13010149656308312,-0.02653653810878113,-0.5486576762530987,0.08715519025037864,0.314792448120447,0.00032479084117031394,-3.141342024287848,-0.00013105676749124515
10.199584245681763,3.7069214563450976,0.9702506790083497,-20.5485433620056,-0.06066226511577104,0.1277847894566914,-0.023671755708342967,-0.5486764826536731,0.08714324383581609,0.3147463102644758,0.0003129705043730516,-3.1413447421311327,-0.00011571368308558272
10.20954155921936,3.8385446238455994,0.8517869774905573,-20.537964703707885,-0.05919240277681772,0.12732116356776854,-0.030982606376422597,-0.5486724665745759,0.08718311594761718,0.3146508918856863,0.00019041532848232208,-3.1413955354609566,-0.0001370025868498839
10.219595432281494,4.160391156634715,1.4067780214114711,-20.2067352184985,-0.06902705786210271,0.13476206422882622,-0.030580597496948615,-0.5486649136331695,0.08717606453297552,0.31459329744008724,0.00021832853166232942,-3.1414305983857664,-8.54404227938805e-05
10.227692127227783,3.9320160342123263,0.7947662315574558,-20.466025979189997,-0.061030630253542585,0.12952361571625257,-0.02831643458913765,-0.5486597361937541,0.08716550879377,0.31451904862886687,0.0002487950011897038,-3.141531379630353,2.316793766949004e-06
10.235586881637573,3.8557664174120125,1.2271991811608898,-20.25678913333467,-0.07072718952616462,0.12928732302044185,-0.029313265502669644,-0.5486755359781466,0.08718499756336295,0.3144898501496547,0.0001746313949030813,-3.141470923276643,-0.00010055482138473054
10.243589401245117,3.870914150774301,1.221289637881373,-20.300402158586685,-0.07293452053984502,0.127871749723898,-0.03338976010294301,-0.5486687986305268,0.08716854104466201,0.3144821397523656,0.00023249492206173675,-3.1414052133659536,-7.218362489258074e-05
10.251610517501831,3.805324636669081,0.9129123070359373,-20.35936330619343,-0.05875399807127925,0.13053679865682835,-0.02541387219137722,-0.5486915625679082,0.08717109656034824,0.3144778887118428,0.0002865979607383282,-3.1413407827729904,-0.00019346477408362098
10.26163363456726,4.15325154150036,1.020233776076564,-20.36004271609647,-0.0653267709838526,0.13553507063747908,-0.019110612914979123,-0.548673267173478,0.08719468440702685,0.3144271709681591,0.0002136601339297467,-3.1413453010282586,-0.00015397416926861442
10.271591424942017,3.8818585916439816,1.1586161857872326,-20.275857132145724,-0.07120856356568224,0.12233025469478188,-0.029736492258442205,-0.5486595559793948,0.08716725428688964,0.3143390818632547,0.0002620918297652439,-3.1414269386193396,-0.00010454504572155237
10.279610633850098,3.8091341025714707,1.0542411958230107,-20.452094320785218,-0.06248707667790518,0.12840868516523343,-0.022576866816190245,-0.5486740695972431,0.08716192628459507,0.31431474704791346,0.00022995344300644639,-3.1413372015647596,-0.00013493862640586801
10.289586067199707,3.674409039919305,1.128325916520443,-20.48905445160326,-0.06759270404001921,0.12435897074276628,-0.02252498571034723,-0.5486651285518759,0.0871977011811128,0.3142582197888427,0.0002083309631075834,-3.1413864524002015,-0.00013745567146217666
10.297593832015991,4.106040611928728,1.2692312301336217,-20.404169392406907,-0.07063258825056065,0.13405771322606475,-0.028668447751380388,-0.5486752328914979,0.08716717020892692,0.314214964386263,0.0002788376095530592,-3.141393085174571,-0.00010488228556913277
10.307626008987427,3.819858269175015,1.2380606696737575,-20.291873662551183,-0.06891367975374596,0.13316666422809026,-0.027716465706131486,-0.5486726246318998,0.08717480346743256,0.3141767628218338,0.00031264657256818576,-3.141418029745599,-0.00018781294489865594
10.317579984664917,3.765407002106871,1.1877483274885974,-20.418781006392674,-0.06496450786432312,0.12828524510270575,-0.0264281863921481,-0.5486599755085189,0.08718991562099083,0.3141289467967722,0.00015229139102725702,-3.141396089261095,-0.00015767157763332053
10.32563853263855,3.6912665976335814,1.0069473961681246,-20.277372183274174,-0.06297065932691993,0.1220573815886867,-0.027752713884771664,-0.5486836674063212,0.08719281055183822,0.314074731719995,0.0002833410729472485,-3.1413675390994023,-0.00017586211085342777
10.335579872131348,3.852050347124191,1.1681838755705847,-20.402182219794962,-0.06952053639452983,0.12530479032734512,-0.03059678578945882,-0.5486611265985082,0.08719289692647497,0.3140323925705307,0.00029078721885726167,-3.1414152152401433,-0.00018759736105271186
10.343555688858032,4.262952973773589,1.1342086587672648,-20.328021235728105,-0.06276233647705029,0.13965505203510672,-0.025111035169962624,-0.5486639953130236,0.08717762598805322,0.314016399419016,0.00022820420949686818,-3.141341317763727,-0.0001280050799148675
10.353566646575928,4.143293616441883,1.2470939303423167,-20.41350931018755,-0.0692879935172386,0.139460288864499,-0.024896332066165604,-0.5486675906594561,0.08719944179642596,0.3139550342421348,0.00019633777334431547,-3.1413911849332026,-0.00022267802666948213
10.363624572753906,3.9819950684199643,0.8990528255781713,-20.54831519561833,-0.06099563665071757,0.12550992012615603,-0.028352568418388322,-0.5486802500763625,0.08717877027390838,0.31392315833118345,0.00026826034579639644,-3.1413151284832477,-0.0002081938029637028
10.373574018478394,3.7507949278494745,1.0165213490311646,-20.584254485857375,-0.06695494655765645,0.12316901729410587,-0.026608916578150232,-0.548670333590529,0.08716515596487268,0.3138248483591904,0.00032759575455569773,-3.141438469494827,-0.00013364367876436556
10.38359260559082,3.9025490192254466,0.7596238163944048,-20.530211260674506,-0.0569625504236062,0.1295413689806904,-0.03262723855071449,-0.5486771760388327,0.08719309273122264,0.3137803624265132,0.00019349088446904997,-3.1413829828765585,-6.973563102066367e-05
10.391656637191772,3.7404455548133204,0.9681285509701483,-20.519383475333775,-0.06316690781917433,0.12781821273034874,-0.027118171166475302,-0.5486754213137659,0.08719497550047799,0.31376042470080745,0.00020649573882380328,-3.1413356874524623,-6.485883069809246e-05
10.401584386825562,3.7480411587246,0.901177451723591,-20.492397183453036,-0.06274901883171465,0.127736390304949,-0.030123943216080286,-0.5486822090194841,0.08717989793381527,0.3136903646580405,0.00031133090232915537,-3.141361271984836,-0.00011039415923940271
10.411633253097534,4.0282411147623,1.0830764525689944,-20.31500874328527,-0.06298377540217809,0.13199140789282204,-0.03619009226472323,-0.5486890268511575,0.0871980695085385,0.31364514343686295,0.0002536480595217832,-3.1413998899984836,-0.00017697806143169233
10.421595335006714,4.048923093159901,1.1071657263776795,-20.432449821955245,-0.06615335595170997,0.13461539978632894,-0.025841337658268494,-0.5486856448889904,0.08717544399762313,0.3135897726364125,0.00029456926937742044,-3.1413292590903286,-8.215245534285672e-05
10.431671619415283,3.9799824265647863,1.4894004584562746,-20.31610637906513,-0.07412327790112536,0.13398713379986255,-0.0314573828086645,-0.5486632267881824,0.08716660954728214,0.31353003378571687,0.00021791974175055812,-3.1414207122408087,-3.3123398892762484e-05
10.44160795211792,3.6843119561625497,1.1585761224371791,-20.436791350448843,-0.06556092279525239,0.12847440083687015,-0.02487916724116665,-0.5486743349052038,0.08716163332233934,0.3134658425455359,0.00030331917346437587,-3.141417038606385,-3.4699347689246745e-05
10.44960641860962,3.889746139785988,1.0406021795163325,-20.39345307329237,-0.06721212035717193,0.12917424734650076,-0.028037913533575324,-0.5486796781679046,0.08718817650675355,0.31346983560818786,0.0002932085202676091,-3.1413317586970386,-0.00017625872000381668
10.459660291671753,3.5218760038392882,0.8209299375702727,-20.483750381376492,-0.06307395610009565,0.12352280639618872,-0.021162704815740428,-0.5486767091815408,0.08718585904727497,0.3134154242026148,0.00026908455064776464,-3.1413295668482797,-0.00016310527193464302
10.467610597610474,3.9306370930441483,1.1361515510066555,-20.510239668917645,-0.06561570133236873,0.12892530436849364,-0.02918125417176635,-0.5486810224608814,0.08715997502417006,0.3133444721080979,0.00024806017931786945,-3.1413917607669943,-2.9363382686649978e-05
10.477588415145874,3.673068757135029,0.8853232784224425,-20.352442254569343,-0.06070720468931812,0.12079253540725786,-0.02583466320815531,-0.5486721082710063,0.08716483060104256,0.3132775939156854,0.0003156202667868188,-3.1414049032699336,-7.576280642612856e-05
10.485615015029907,3.8973956336044098,1.342023595308044,-20.366367040393065,-0.06923722757166667,0.1268625399860973,-0.028654465848775644,-0.5486733211418675,0.08718574397384309,0.31328088821727107,0.00023006594001330545,-3.14137542962864,-0.00022844092958916937
10.493544578552246,4.10746727160178,1.2007850604718215,-20.333859161585796,-0.0690503984244361,0.1344170131380213,-0.028925612350926527,-0.5486720792176178,0.08716601132718983,0.31320055554124726,0.0003052045476221822,-3.1414393054129968,-0.000113748644205584
10.501666069030762,3.841912423700479,1.2925890655246886,-20.33173962906696,-0.07340892688040901,0.12911980085037447,-0.02464114512155434,-0.5486605199617872,0.08718123414717498,0.31313859361285834,0.00020919327220985116,-3.1414528822090433,-8.520468803022208e-05
10.509562492370605,3.7593551711329662,0.9805485913557352,-20.220239750011082,-0.06343237374235225,0.13175601305276516,-0.023893221503080223,-0.5486798946676634,0.08717044728491524,0.313148468054986,0.0003003034144243896,-3.1413344266541703,-0.0002048589140012577
10.51764178276062,3.9753681811450443,1.043913305540378,-20.354773839552593,-0.0635206324347595,0.13020853650493086,-0.027202114281988068,-0.5486662129829624,0.08716927960694855,0.3130793422682775,0.0002756359065564169,-3.1414051662516513,-0.0001223029365023038
10.527605056762695,4.081914786979414,1.2522851379115856,-20.473701243188682,-0.07238063368435747,0.13151260952112062,-0.030224227103284082,-0.5486660828531297,0.08717844610903125,0.31305628118600065,0.0002701381123226728,-3.141343421493726,-0.00012122780084745299
10.535688400268555,3.725483833123946,1.3622198946652508,-20.337479770076573,-0.07320434685932053,0.12700779432509302,-0.02339683655429785,-0.5486818631505667,0.08718693521826103,0.3130149773368872,0.00025059062859413933,-3.1413758038617696,-0.00019931880767655528
10.545653820037842,3.767754159649962,0.9630071086613767,-20.35914561547984,-0.05992898971362048,0.12665419791296512,-0.027089449971089426,-0.5486782966745515,0.08716820504606834,0.31297776289851315,0.00031165449273770537,-3.141346220846464,-0.00013863517316146853
10.55557632446289,3.713820970294096,1.2820963638303682,-20.362217691346142,-0.06575487617762789,0.12823834145696944,-0.03092885448274376,-0.5486792350842388,0.08718723347120358,0.312918494784618,0.0003184818392872192,-3.1413967318857687,-0.00014031035836216643
10.565595626831055,3.691513771574254,1.1255909476640593,-20.439033093121235,-0.0673250396851954,0.1301897320736979,-0.026204977951848847,-0.5486947636171837,0.08717415689229595,0.3128954445833605,0.000274555329023299,-3.1412929741120776,-0.00020105432561977226
10.57358193397522,4.091077911823974,0.948749845900879,-20.41272887658299,-0.0656188176563941,0.1329359546250098,-0.03104906577261232,-0.5486731175805333,0.08716764718318876,0.31280423590159334,0.00025690502013319126,-3.1413918934596152,-0.00011338548668410057
10.58160662651062,4.009256583820106,1.2012809682116579,-20.17078394937489,-0.06662412042406818,0.13363516794938543,-0.030004157003473114,-0.5486825628132528,0.08716887330078314,0.31279640169118816,0.00026247756847510044,-3.141313665043492,-0.00014940667247396056
10.58963394165039,3.960536588472686,1.1233958333367788,-20.172776012584826,-0.06852619485093674,0.13263175341994157,-0.02828996805719478,-0.5486573396428848,0.08715182137103374,0.31272139548032873,0.00034054554159960055,-3.1414105492664426,-0.00013636322176301333
10.597539901733398,4.111963415710876,1.1774010859196042,-20.4557878634661,-0.06767210614544447,0.13417511501808885,-0.028979240601642385,-0.5486789147086892,0.08716195801467513,0.31267346440842064,0.0002524427373227843,-3.141388706595804,-5.762173104405398e-05
10.607670068740845,3.795992566456571,1.0669819012592228,-20.255180723772042,-0.061645928601992465,0.1261175203859915,-0.036615652108619355,-0.5486858196913224,0.08716908023760295,0.3126586929800712,0.00031265834634611596,-3.141335053255016,-0.00012121943507067951
10.617651224136353,3.512213494525795,0.7839707180844127,-20.340315212209482,-0.05705397735409527,0.11862412133164285,-0.02466587385088741,-0.5486944783818766,0.08718657383338145,0.3126403593842724,0.0002621933954599389,-3.141267828622932,-0.00016529794582789608
10.625595092773438,3.898379212922423,1.0809520167480533,-20.295322777117363,-0.06693607616886857,0.1268992116201859,-0.02611954826801715,-0.5486795895672224,0.08717510029534936,0.31255244174789265,0.00025655326951926234,-3.141356747225146,-9.728052520271646e-05
10.635605096817017,3.7532992548025153,1.18077457471882,-20.174475548224162,-0.06769243244006527,0.12487730058433519,-0.0304704812695532,-0.5486935303022347,0.0871785065713526,0.312532550737882,0.00030170249911035563,-3.1413175325485843,-0.00016432689443763527
10.643591165542603,3.9921322681126457,1.3154382362429895,-20.30995252595161,-0.07201599266327016,0.1283091569765604,-0.025915694053188325,-0.5486894099522336,0.0871634581355306,0.3124475995930637,0.00034269665413889244,-3.14137802768164,-0.00011025318145254458
10.651593208312988,3.7302551805403152,0.9614549237165211,-20.45132290817548,-0.06246771095763995,0.1234110117260363,-0.024098281388445376,-0.5486962959478744,0.0871492633446795,0.3124225538433999,0.00037588753255698683,-3.1413438468630543,-0.00012429974532945912
10.659610748291016,3.904883449492784,1.1792439389547693,-20.180742326948973,-0.06622750091832766,0.13117164335723067,-0.024251140575132123,-0.5486981682839526,0.08718537456510699,0.31241534502118556,0.00024135114316149134,-3.1412719794175357,-0.00016670421157560986
10.667617082595825,4.1450059359894995,1.1834555049391333,-20.301022600187896,-0.07135844610756466,0.13486537312143657,-0.027483721785507672,-0.5486907761793561,0.08720318150590793,0.31234689779428304,0.00020364725921771153,-3.1413106395370582,-0.0001605700430740134
10.67560625076294,3.815331084793159,0.914292137173241,-20.359599112360222,-0.060594858416709085,0.12928125422315914,-0.027761026429394733,-0.5486796077293066,0.0871831006391446,0.31232630266414585,0.0003017073056408324,-3.141317593440439,-0.0002278850769426139
10.685620307922363,4.21762074483538,1.3172351185478193,-20.20432705301501,-0.07089973444518168,0.13040810640011638,-0.0255945013440837,-0.5487022724655043,0.08717503411797634,0.31228105205699147,0.00028167257986458946,-3.1413055435586505,-0.00017844473202321314
10.695574045181274,3.6772058250251436,1.051737839423,-20.334390672314385,-0.05954374713998711,0.12254604858773906,-0.024051772197672256,-0.5486829201774073,0.08719385673924422,0.3122275823394477,0.0003244680570310062,-3.141280436388894,-0.00013080246137559432
10.705576181411743,4.379878925003106,1.416374960712633,-20.21746640405917,-0.07221366795857778,0.14068185915198997,-0.025308398254799153,-0.5486933372965583,0.0871950515515706,0.31217131014111754,0.00020091697368448735,-3.1413380339720938,-0.00019689180122345042
10.715620517730713,3.87518031636265,1.0986788754283723,-20.22714233609843,-0.0661333634718741,0.13068594782111795,-0.02932742138482886,-0.5486893185277166,0.08716741608435236,0.31210545585495414,0.0003203942286800602,-3.1413887694306393,-0.00021853049846640377
10.725597381591797,4.058712192841215,1.1148521764177715,-20.32636333770434,-0.0689276583087688,0.13543620350088348,-0.03096392509105274,-0.5486904596838748,0.08715977759728835,0.3120947361021936,0.00040417438531083005,-3.141294676155117,-0.00025189870187776535
10.733637809753418,4.05350779189839,1.1384007721831595,-20.31999428067779,-0.06748397603683642,0.1287005668328642,-0.028117767764528602,-0.5486732504366326,0.08715571307944224,0.3120287244159981,0.00028786201132115235,-3.1413213463856673,-0.0001772527438537573
10.741609811782837,3.862909942611526,1.3719505225246622,-20.37738101750849,-0.0692118836821423,0.12245566247986457,-0.02405473604663513,-0.548663540758056,0.08717170830840242,0.31196641756443405,0.000335633025636956,-3.1413881004142543,-8.122875719500384e-05
10.75159740447998,4.18083295355983,1.3231058953422217,-20.277100837248756,-0.07019023171101987,0.13475597592584382,-0.020892364116250776,-0.5486855979325279,0.08719842475761948,0.3119647476805441,0.0002648191628694281,-3.1412900510505257,-0.00014837212975371647
10.759592771530151,4.425451361871001,1.2337990748303902,-20.152533821479697,-0.07134938046089848,0.14088108549338635,-0.02466933034293974,-0.5486802671824789,0.08716821312048544,0.3119102528753234,0.00028616055637286996,-3.141309047779125,-0.00011957619920818572
10.767605066299438,4.203006690027922,1.331143076612235,-20.197157367924234,-0.06876416726546385,0.132299820511053,-0.02758595640321843,-0.5486668117926902,0.08717959988805152,0.3118257452152539,0.00024360394247164823,-3.1414013846601234,-2.990410099353712e-05
10.775602579116821,3.9426253850593866,1.2746695728995925,-20.120341774532516,-0.07165034170939846,0.12637671743077764,-0.028987363954070398,-0.5486901421310932,0.08716991816021606,0.3118227154068084,0.0003145727355157574,-3.1413021919205137,-0.0001586422546310231
10.783618450164795,4.000626230837577,1.4104653180526483,-20.202149605106126,-0.07197810225585055,0.13132156648282695,-0.03095924757126106,-0.5486874133418269,0.08717172241605975,0.31175526809729043,0.0002682967999282135,-3.141368762505399,-0.00016256683095079553
10.79189920425415,4.045944044040186,1.3700812580674286,-20.16221058449907,-0.06851685839660056,0.13477211081938298,-0.023718410127707847,-0.5486939342986384,0.08714768333645091,0.3117415192348524,0.00040022550762066364,-3.141298613453877,-6.075741816529462e-05
10.801577091217041,3.7123744406054455,1.4385883180821566,-20.095016464079684,-0.07303182532430473,0.1269129950319685,-0.020303715892897388,-0.5486806998180946,0.08721321028785536,0.3116957709591004,0.00016915636238142029,-3.1413247017952663,-0.00017613578364548046
10.811581373214722,3.8785123082589537,1.1075262758214974,-20.224644910153135,-0.0670860713273756,0.1203291360333633,-0.016437631335603883,-0.5486822484128656,0.08717483614969959,0.311653339092071,0.00016078473015543215,-3.141300286130865,-0.0001866702366154109
10.821567058563232,4.097306735205992,1.5586821143516274,-20.281913364838722,-0.07691791772989184,0.13464384106879518,-0.022613566427716985,-0.5486748356002916,0.08719058231217496,0.31157276121387045,0.0002406513306451484,-3.1413643407259366,-0.00017096123540741643
10.82958436012268,3.5500582724092826,1.1356998782025005,-20.334603248402235,-0.06834804581245921,0.11980742317122384,-0.022650050776886123,-0.5486923828959213,0.08717337288774327,0.31155577878494983,0.00031353293378530656,-3.141316440485887,-0.00023806503755032632
10.839607000350952,3.724019350131207,1.2283622470575446,-20.239545548655386,-0.06987233594077008,0.12359723285933907,-0.027331883718263277,-0.5486945496743879,0.0871674659947263,0.31150841988013717,0.00034487190015406713,-3.14134902753555,-0.00018021168495411816
10.847582817077637,3.9041448341560616,1.2966631167253526,-20.205521347914505,-0.06974313967149418,0.13070919900978079,-0.0215260227844863,-0.5486976798009746,0.08720205826123349,0.311493165113612,0.00023430789477467856,-3.1412270272843514,-0.00022465302193974535
10.85757303237915,3.777140664238951,1.4580911414123483,-20.174137818643267,-0.0725278715374182,0.12047707138412594,-0.021389622837613982,-0.5486792915359721,0.08715524913531797,0.31142600001632126,0.00034491824383131863,-3.1413232613254234,-0.0001236143354229086
10.867655992507935,3.5164817053116986,1.3362751610884054,-20.282884146679695,-0.06733110163677364,0.11901142237582718,-0.02265362224143744,-0.548697323145616,0.08717450900167652,0.3113790027780764,0.0003053192278356926,-3.141226783158458,-0.00025074905235082033
10.877589702606201,3.7671109126037727,1.320884037538343,-20.145053615587567,-0.06936858087126498,0.12723065766069627,-0.025497568442185328,-0.5486716888101087,0.08717655474428797,0.3113073361144918,0.00030553803326035676,-3.141364037754801,-0.0001746560416479246
10.885714292526245,4.1454991231874185,1.3794419121067156,-20.344143256417254,-0.06827317537755244,0.13495831710486678,-0.02315723963096396,-0.5486719150528125,0.08716754708367552,0.3112353483820301,0.00030784615504693945,-3.141432893668807,-0.0001055449412108654
10.895568132400513,3.957946622649489,1.3172408824316753,-20.282792361712026,-0.06848235948635974,0.12782068343845418,-0.022279141167559517,-0.5486974528392012,0.08718348797018155,0.3112441706383735,0.0002911725466059937,-3.1412332636557285,-0.0002112873100534327
10.905600309371948,3.9447467873673268,1.2489722185673984,-20.255584223933045,-0.07115511998546943,0.13196203264284842,-0.012601222717488113,-0.5486911176881253,0.08718808382797193,0.3111952467235436,0.0002907825228373007,-3.141242226634825,-0.00020303898345515488
10.913600444793701,3.8363749287611655,0.8215106849113095,-20.23745783425399,-0.06039867454448877,0.12767969879365498,-0.019453545342856343,-0.5486847687626353,0.08716259387165055,0.3110820810862975,0.00029378359290667524,-3.1413945854286927,-5.637143684381749e-05
10.921574354171753,3.9369138805055273,1.4269305049871714,-20.290480590471855,-0.07500657428285457,0.13103520606366229,-0.023517098809124087,-0.5486908622590948,0.08718936902263509,0.31106767980114125,0.00023573870220100344,-3.1413420339342317,-0.0001704280738668195
10.931610345840454,4.150110490732247,1.1806461919936218,-20.344488723423233,-0.06783224894762728,0.1249010438144527,-0.02052806109173344,-0.5486885266815854,0.08718571537956007,0.31101931181449105,0.00021040277290497504,-3.1413518127101727,-8.369174584544073e-05
10.939603090286255,3.38364325298479,1.3623257408785208,-20.373144948886274,-0.0707861508875283,0.11659137163452955,-0.021868325171835293,-0.5486904483434497,0.08716423784266422,0.3109892560237029,0.0002941734178535463,-3.141310788799708,-0.00016222610859728336
10.949577808380127,3.725861053486577,1.521566439878542,-20.260983172198486,-0.07085722021530694,0.1278394324184401,-0.020964486875594202,-0.5486958438167859,0.08718907028852751,0.31098012869525127,0.000291736509882553,-3.141224762778272,-0.00024641741179753126
10.959628820419312,3.9801049834520694,1.0825170441944842,-20.165359744221906,-0.06375014490434942,0.12588634218927178,-0.020051637996731743,-0.548686620020467,0.08717351010976639,0.3108864262520188,0.00027772491342173644,-3.141334653131542,-0.00018077457842412986
10.969597101211548,3.8154704577031957,1.1602356687503634,-20.263132348045808,-0.06925740137868719,0.12486165386763123,-0.022112323656694927,-0.5486749571343627,0.08715440210457664,0.31081456050434186,0.00028281905355836235,-3.1413741424084107,-0.00015365217021126495
10.979579448699951,3.9399497775391885,1.3184719000814484,-20.26237419721878,-0.07248293716449739,0.13068833620673534,-0.02194970377550238,-0.548678854663961,0.08715574252432381,0.31078341640733237,0.00031302811100153346,-3.1413312899073813,-6.856322119468876e-05
10.989587306976318,3.9507552674882436,1.259105219358694,-20.11899988246702,-0.07107028267849097,0.12976092282471113,-0.0228637527548889,-0.5486878187962408,0.08719983190367218,0.31077057362251936,0.00023668308328888277,-3.1412890411972065,-0.0001296166958967213
10.997606754302979,3.8216128186850717,1.3482768521980504,-20.279121392321475,-0.07282573797835298,0.12399080736150964,-0.02453548956570841,-0.5486702487860079,0.0871659431778494,0.31065447490897935,0.00027542109076004236,-3.1414360720002508,-0.00011058804520578983
11.00757908821106,3.8399478606063897,1.4270965276349916,-20.098846854132578,-0.07141682250917239,0.12183095932623846,-0.02875892043670155,-0.5486761253496324,0.08717412605484628,0.3106310231297858,0.00025304951886668284,-3.141340547125083,-0.00011633989982528514
11.017588376998901,3.8932673457728812,1.0011534330505245,-20.389950265014424,-0.06266002109956587,0.1281007515621865,-0.019603274718859066,-0.5486945018434793,0.08717796049150478,0.3106049636069176,0.000329365510977781,-3.141333542012881,-0.00016942711700346528
11.02564549446106,3.779666919076624,1.1122771142926584,-20.252320821355852,-0.06628350971479116,0.12452275251227511,-0.018436392260282996,-0.5487050962208484,0.08718253666790923,0.3105543058021881,0.0003331179219342858,-3.1413117229348053,-0.00022699096378961045
11.033697128295898,3.8042273281721153,1.2198741774909536,-20.33042523119357,-0.06913343700242654,0.128209801921583,-0.018999569367625407,-0.5487045025035125,0.08718008043244427,0.3104999490072467,0.00031349420955005183,-3.141296467489721,-0.00016478437678607073
11.043628215789795,3.8782682397439303,1.3175439820566959,-20.385899494168303,-0.07145382007431839,0.13229943755757162,-0.01930286079161307,-0.5486885524454499,0.08718817121167984,0.31044326100311403,0.00021338554088705128,-3.1413448082057776,-0.0001880960561967921
11.051615238189697,4.3818561511424905,1.6652746172067403,-20.293446071377648,-0.0813549727474268,0.13755557145372174,-0.02088231947576201,-0.5486879014986122,0.08717532856677405,0.31043518185028335,0.00021146972788763625,-3.1412747208480623,-0.00021865865813585492
11.061743974685669,3.696349958531256,1.1991502679869814,-20.292953356878094,-0.07654463297958092,0.1268633041066814,-0.024017636998656843,-0.548714549923242,0.08718089488452226,0.3103550597750695,0.00033755750550613835,-3.14132717552975,-0.00017829239617623565
11.071567058563232,4.114388615122934,0.8778474772913574,-20.252312718959605,-0.062048219985665495,0.12855027267091426,-0.025970299405469074,-0.5487027677999604,0.08720730128269172,0.3103443828838085,0.00022864364621166252,-3.141260035853742,-0.0002223082277417056
11.081597089767456,4.077911701372644,1.4217956633416315,-20.221576117409565,-0.07174863815539012,0.13363167477587742,-0.019481679208126337,-0.5486834957567975,0.08719355095919834,0.31024931981476833,0.00024331439585379626,-3.141364442325702,-0.00017725286643118296
11.091611623764038,3.968380085010749,1.2476681511864052,-20.24842166310811,-0.07068011828525585,0.1269316565845114,-0.021217018994989244,-0.5486977412525471,0.08717353014709717,0.3102008533329399,0.0002571832220518098,-3.1413403339811476,-8.772018445686011e-05
11.099602699279785,3.959314897815568,1.1514604122094712,-20.382995893001738,-0.07074194119806793,0.1271516392785508,-0.011641740985068117,-0.5486925715980736,0.08718105748835785,0.31015173625528525,0.0003026585231896793,-3.141347998487706,-0.00015423509247996432
11.109614610671997,3.7163557833966676,1.040346221328977,-20.523436334856743,-0.06353594353695728,0.12463137806353318,-0.02468639357894449,-0.5486833682004345,0.08716534716185499,0.3100934000903912,0.0003033120539249457,-3.141395622218571,-2.126281862556159e-05
11.11759614944458,3.690921492506815,1.3487683929796785,-20.29636556561193,-0.070494673793647,0.12102133146044472,-0.016382936570134825,-0.5487008438582209,0.08713435461252936,0.3100604419273138,0.0004024972073974609,-3.1413819476967992,-0.00011756188054752176
11.125604629516602,3.788109503191426,1.133240485876665,-20.387498082620635,-0.07053162710199003,0.12214144404089837,-0.01456184853750228,-0.5486964116193027,0.08716815891662864,0.31001597988071744,0.00025873121887787497,-3.1413424001272903,-0.00012755036243796824
11.13364315032959,3.9855867979482897,1.3630496410472068,-20.354479351291946,-0.07243420904325822,0.1296891773873655,-0.01945323493613728,-0.5486982648327853,0.08719347612432177,0.3099976116557763,0.000295504970035767,-3.1413048925058846,-0.0001309250279710812
11.14163088798523,3.863939353564936,1.2445837616185955,-20.254794268407224,-0.06632363817584745,0.1301089239556161,-0.017310409652055974,-0.548689068896306,0.08717624833806943,0.3099677221221455,0.0002695734718578946,-3.1412922809010717,-0.00015982451339764192
11.149600982666016,4.333273912670694,1.6600593355872038,-20.242182047273754,-0.07898395746097536,0.1352424130052774,-0.020021340970847377,-0.5486832412619674,0.08716610798988518,0.3098799762919823,0.0003815637717522949,-3.141371073368652,-9.853145642427935e-05
11.157604455947876,3.9831067370766315,1.3202382502270575,-20.23784091607028,-0.07446938501089212,0.12701422890381422,-0.019115266570159332,-0.5486983203204139,0.08717959633375356,0.30991514835828593,0.0002765610812247816,-3.141252899040417,-0.00021023058286502252
11.16757845878601,3.8206342208017006,1.2382519074017155,-20.32723862754372,-0.0707822712013617,0.12643052533188856,-0.01632608951245652,-0.5486988538908814,0.08718314119585853,0.3098588566597871,0.00029110178991350623,-3.1412770543748527,-0.0002040923273612906
11.175649642944336,3.969320784678657,1.1150863883754485,-20.217295014497235,-0.06477734422141239,0.126371797393233,-0.02068620620122763,-0.5486906152163267,0.08717218126515616,0.30979698269925027,0.00033824110413498094,-3.1412863042400163,-0.00019705239232770786
11.18563175201416,3.879508354802499,1.2823434484695018,-20.177945157208445,-0.06877519547453696,0.12866834582066378,-0.01992699916407993,-0.5486929231990638,0.08718140609182658,0.3097354674369361,0.00023789050102015032,-3.1413257417105998,-9.064528232314347e-05
11.195600748062134,3.659925087414855,1.6239755641358968,-20.156183374238342,-0.07438755700698507,0.12401509651505899,-0.018553682200161015,-0.5486820329798597,0.08718472603802262,0.30971983686969445,0.00026996181324317396,-3.141264339085875,-0.00017951401397012505
11.205695867538452,3.8289305236444053,1.0343457476074445,-20.398776989915163,-0.06593392334427782,0.12437411645717632,-0.008564343552382217,-0.5486796388291386,0.08718511088492709,0.3096248039143708,0.00019350427980468042,-3.141408012085442,-0.00017775382983188642
11.215575218200684,4.029060443764997,1.3727576911201969,-20.260663817100383,-0.0743414376832929,0.1280793564007854,-0.014561959656129185,-0.548700360346171,0.08717900118247766,0.3095990004767609,0.00030347823364934194,-3.1413281210920667,-0.00018705477079696318
11.223606586456299,3.969552597932318,1.218115175095506,-20.2030901661736,-0.06521271025343946,0.13470231829405,-0.014846224655715678,-0.5487037925707815,0.08717807978935757,0.30956033644450687,0.0002935917395107298,-3.1412941191673527,-0.00021377190277236215
11.2336745262146,3.816177535682494,1.2134850862224995,-20.18389278224733,-0.06775284954022082,0.12204154501058292,-0.013808188009370842,-0.548701916673343,0.0871783686722581,0.3095021652230091,0.00024762875646923557,-3.141356620482309,-0.00011087377191591906
11.241605997085571,3.9467569231538198,0.9319211081069396,-20.304615849287142,-0.06465666779178063,0.12130265146904491,-0.015565311547285184,-0.5486872746236638,0.0871603865104007,0.3094305710633125,0.0002491903627570018,-3.141381910200495,-0.0001003902021428845
11.2516770362854,3.7819934420120216,1.1623999719088487,-20.291749231272263,-0.06520348275504637,0.1284053877138709,-0.01349248841931913,-0.548697715350115,0.08719250776296608,0.30939046293610395,0.00028797922631237677,-3.141352515038522,-0.00017531963758680527
11.259572505950928,3.9262227312264635,1.4834112340195862,-20.198930296928726,-0.07519623282437177,0.12826336683701586,-0.01876272756136957,-0.5486999818338034,0.08716677547085774,0.3093584821575906,0.00035451764657850595,-3.1412995275178575,-0.00017479407991378493
11.267673015594482,3.699072895481311,1.3116408366862256,-20.258995511724265,-0.06629479071459274,0.12396635527928376,-0.016757255847258675,-0.5486813708490073,0.0871564628724881,0.30927958361377594,0.0002595503286292057,-3.1413842681600177,-8.201081981711225e-05
11.275602102279663,3.88124143124905,1.23928688278094,-20.163373486133597,-0.06967969678031541,0.12566729809971003,-0.017473686025887628,-0.5487048212733198,0.08717479566339174,0.30928622431270136,0.0002924087497707483,-3.1412549258142413,-0.00022264095382054506
11.285650968551636,3.964693477293942,1.2665344563493959,-20.15753246112319,-0.07367612345773664,0.12786697176511416,-0.021095567559702832,-0.5487071489928514,0.0871799338761018,0.3092286803411314,0.0002539632451055689,-3.141364905094078,-6.498260237626167e-05
11.293649435043335,4.111471324325169,1.14096721924413,-20.206183642385795,-0.07069828771005922,0.12653922782247268,-0.016507673662214627,-0.5486896102346196,0.0871745042191938,0.3091880037547869,0.00025025355881350575,-3.1413417435131934,-0.00012338454038381737
11.303540229797363,4.00934333690534,1.4596638658984329,-20.134708060907794,-0.07445644741127574,0.12658756438568142,-0.020241469190377812,-0.5486799280731746,0.08718320102251143,0.3091233646539032,0.00024245935545468195,-3.1413902099141104,-0.00017171748007562655
11.313565254211426,3.871327345487866,1.209943109237112,-20.16194590819233,-0.06620544565210328,0.12768545355382335,-0.017736584832712322,-0.5486931489676667,0.08718770137565622,0.3090404221192395,0.00026381195317145775,-3.1414251962606548,-2.2512191758704836e-05
11.32358717918396,3.8289849403906775,1.2777835923117185,-20.343538999692086,-0.07259381886422273,0.1304883707195886,-0.017838733368288347,-0.5487081899432276,0.0871635024330439,0.3089986177051365,0.0003903203225913918,-3.141387100816562,-6.085595524657974e-05
11.331608533859253,4.103591375482457,1.3096073217706738,-20.40578650346476,-0.07316986579868082,0.13037691790837846,-0.009021515668311074,-0.5487054957904124,0.08717948739977396,0.3089881870108999,0.0002653876245584921,-3.141291453226945,-0.00019432349413026472
11.341565370559692,4.069254684158363,1.2145388225970501,-20.398086444925077,-0.06711872501137638,0.13132633010272943,-0.015892301014432834,-0.548697792503081,0.08717733566501344,0.30894242090244917,0.0003152299157961026,-3.1413636225372983,-0.00021757852786195275
11.34962010383606,3.8408169885459573,1.156305636561479,-20.308150206367962,-0.06850538858839522,0.12620376393965496,-0.007733457208099828,-0.5487030235774057,0.08718211893006093,0.30888359270194227,0.00023733186901213327,-3.1413469858073344,-0.00019198417382492754
11.359561681747437,3.848883221009832,1.2474872542536597,-20.203078359367233,-0.06796601460596466,0.12710255810850815,-0.011978891170836775,-0.5486920091383266,0.08716080836724847,0.30882978648014986,0.0002779765047890981,-3.1413703173902072,-0.00010510121766020565
11.369560241699219,4.19836353957449,1.2747390564361227,-20.040834258177913,-0.07008804660872966,0.1325388618508561,-0.018748313165505386,-0.5486881254205122,0.08717231081089023,0.30878131246880736,0.0002910391965243213,-3.1413820335071287,-0.00011699031778497257
11.37965178489685,3.9728004230201135,1.4083893571705168,-20.23053212542119,-0.07547806477630778,0.13090295766925156,-0.01719455567390828,-0.5487067919394006,0.08718136919869961,0.3087511176027592,0.0002064908428188147,-3.141348569952963,-7.454846384217446e-05
11.387629747390747,3.950394821083768,1.386147700020284,-20.2484415968194,-0.07618742567892967,0.12412990108636886,-0.01689702777172482,-0.5487063371495476,0.08715292446180996,0.3086692013654744,0.00032940649893825114,-3.1413911237241696,-9.64785860724928e-05
11.397618532180786,3.656336140556551,1.3977040695166079,-20.338417487833215,-0.07535468221093594,0.12250180162783444,-0.015433485411122862,-0.5487026954441604,0.08718712286575979,0.3086708297002294,0.0002178672066855486,-3.1412669196453984,-0.00018559465413658358
11.4076566696167,4.1891503093553295,1.2840615247355613,-20.24066796522353,-0.075225132759115,0.12946077615597917,-0.006880853251783259,-0.5486871805059322,0.08716523464021513,0.3085528362311869,0.00033041306068405446,-3.1414246485160917,-7.020038191916058e-05
11.417595863342285,3.870379443318607,1.2152377821043485,-20.28690036107153,-0.07098680234421618,0.12489232912365787,-0.008427070691475021,-0.548703853947825,0.08717902082559399,0.3085214671085009,0.0002291445214816935,-3.141364390040652,-9.89755235379144e-05
11.427551746368408,4.092703443077244,1.3885662839496675,-20.117640342418333,-0.0753672164808508,0.1302287001703643,0.0026621438659685725,-0.548691520881614,0.08719421160058723,0.30850214887318134,0.0001522493607053217,-3.141333109958259,-0.00013953453937765842
11.437679052352905,3.9726916093113953,1.4192117318325115,-20.22798756775096,-0.07184158770163,0.12943871790829783,-0.006202517134000821,-0.54870144678391,0.08719823651824089,0.3084550875922487,0.0001986720790838046,-3.1412983517980897,-0.0001618075318423228
11.44568419456482,3.5976419367082837,1.1550307596100735,-20.38259982716301,-0.06893305995205057,0.1240401123378189,-0.001128540155407754,-0.5486834787373865,0.08717379659676154,0.3083633480693151,0.0002634817525733586,-3.141394541987562,-9.458505227052274e-05
11.453608989715576,4.247398663776572,1.4033192979810465,-20.062468766026512,-0.07272750390833074,0.13198390129976942,-0.0047406301871703,-0.5487019674359731,0.0871774360863285,0.3083551327076365,0.00020767159518805562,-3.141306944860805,-0.00013193693156301635
11.463589429855347,3.9026374870941973,1.4103463328176344,-20.11764809552336,-0.07252905921488739,0.13050169258209413,-0.003927195201468559,-0.5486895263780862,0.08716881348114434,0.3083051648566271,0.00018182600855066018,-3.1413859113434124,-0.00010675873274367996
11.473585367202759,4.148103769586399,1.2206281040578277,-20.034054885439808,-0.07127039693617383,0.13209166915848286,-0.0012026398389832183,-0.5487068804923453,0.08715020883673953,0.30823539125222227,0.00026054390452795765,-3.141384760027346,-0.00010983812207829235
11.481640815734863,3.9743995020964427,1.3759886952091653,-20.051759093000136,-0.07527251944091728,0.12823245524067362,-0.0026223102743372,-0.5487152321019305,0.08717765352404841,0.3082373315592282,0.0003064804234256541,-3.1412889549847933,-0.0001421686306234017
11.491607189178467,3.82395443849,1.4967155156298315,-20.26750010836467,-0.07076701172374021,0.13266536671172074,-0.0013631590573111225,-0.5486950865929376,0.08718407636291108,0.3081632370765166,0.0002250942990493106,-3.1413859430050226,-0.00020545149644120392
11.501612901687622,4.019401488430465,1.359567591819382,-20.28070357330071,-0.076578262285557,0.1295766626037218,-0.0011400904778943266,-0.5487012427702229,0.08716675023732541,0.30813306811306357,0.0002450807916120365,-3.1413319789767136,-0.00018856923589392064
11.509644985198975,4.0716328244393605,0.9674352738994235,-20.27871731865749,-0.0659231412111303,0.13096035360612973,-0.004393100131921975,-0.5486969876116932,0.08715606368131555,0.308048071192834,0.0002537430706949054,-3.141393834048873,-9.298984634645309e-05
11.519562005996704,3.7078759183555494,1.1037613187694675,-20.2453980289839,-0.07002565906842752,0.12355689874494599,0.0038409370400858127,-0.5487150655014417,0.08717956989943729,0.30808046610942036,0.0002547666564510296,-3.141241887508808,-0.00021148195213142437
11.527653455734253,4.223092192116108,1.3543210482801404,-20.104927049794703,-0.07457103624550639,0.13498712942605348,-0.000245446828448026,-0.5486923478687197,0.08719049308886184,0.3079777913961502,0.00020192045516695208,-3.1413537027141,-8.024692347499251e-05
11.535624027252197,3.9607247839819664,1.2580531626762548,-20.07494607703149,-0.06738557908573403,0.1243306635099427,0.00026657934671887797,-0.5487014474151597,0.08719221937097221,0.30798277714716865,0.00017992472148913743,-3.1412594176172073,-0.00023419725651484914
11.54569697380066,3.496216790410254,1.1836065390024624,-20.255402596747974,-0.06813232733741961,0.12578419804349267,-0.0033062915959480477,-0.548695293425317,0.08715758970748773,0.3079064322840621,0.0002571253718497038,-3.1413373521291876,-0.0001281116626891463
11.553590297698975,3.851653048587701,1.3063831264709191,-20.176358133337494,-0.07138785007204972,0.12764745647916792,-0.0008835648122124133,-0.5487054987949342,0.08719463105931048,0.3078699373214163,0.00018649637711293577,-3.141293230617506,-0.00014212891919562765
11.563589334487915,3.8646012106536247,1.201438105524688,-20.144204273235896,-0.06748616082500153,0.12261051699943071,-0.006889871816744168,-0.5486988160620462,0.08717263476929446,0.30781845953792153,0.00024614711244244164,-3.141315151614338,-0.0002105242021817533
11.571587324142456,4.15971329565988,1.637263498040048,-20.21004606192147,-0.08060347888158885,0.133871003596701,-0.0028009799784919527,-0.5487190716962626,0.08719258370746655,0.3078230419489889,0.00029237008826803277,-3.1411886461375356,-0.00028589725770350547
11.581590175628662,3.6331998461502555,1.3088212458188857,-20.3692365026822,-0.07090224606790868,0.12604833418915723,0.0008481716635673594,-0.548708233719009,0.08718852223776193,0.30773478060286247,0.0002222280313963107,-3.141330761446979,-0.00013009732265098161
11.589672565460205,3.9037162469322975,1.3279891783725883,-20.419565660087606,-0.0706880408612432,0.1257864341116992,-0.003003611510077369,-0.5486882646722551,0.08719317322551264,0.30771351553725257,0.00018954246880365633,-3.14124684048372,-0.00019303443988538124
11.597605228424072,3.821132566980425,1.4564843525896454,-20.238405935331773,-0.07362871492638193,0.12811720169387306,0.000180435615907361,-0.5487152594949266,0.08719743147800134,0.30768265085583674,0.0002812789829505745,-3.141205831896428,-0.0002579262373295233
11.605610847473145,3.865412682889429,0.9541789223256743,-20.243996716118183,-0.06689402814885859,0.12361065260701022,-0.002784487408837852,-0.5487037753976325,0.0871694899622535,0.3075919938196648,0.0003727878713575004,-3.141308346189401,-0.00014030206053669477
11.61569356918335,4.124113194198405,1.3964763790458017,-20.4405293215617,-0.07580063794318787,0.13637650987091987,-0.0065606619994190585,-0.5487059171615181,0.08717175336222911,0.30757936785238166,0.0002903651639462066,-3.141278883167491,-0.00018225851418521708
11.625561952590942,3.923791060619052,0.9862258119895438,-20.3606453042288,-0.06542818067378402,0.12904339861402095,0.001743832048343848,-0.5487016781129093,0.08715109747910535,0.3074903216036667,0.0003678765393984535,-3.1413723926670993,-0.0001680911186306054
11.635578870773315,3.7435853078706955,1.3481103440058322,-20.27714571029266,-0.06866251797017132,0.12411604487485435,-0.003510194614788993,-0.5487130573955555,0.08720666126513596,0.30748582653783174,0.0003237598324936095,-3.1412506423975803,-0.0002848741314930438
11.64368224143982,4.280373473984119,1.3056741147549624,-20.249049099441397,-0.07064644193849628,0.13759347381240605,-0.011653355659307902,-0.5487119521490575,0.08716253904123634,0.30739852567489595,0.0003055042827394693,-3.1413043369542124,-0.00013529690757768553
11.651613712310791,4.122803914457929,1.2670500293735958,-20.334181640534393,-0.07206869495365537,0.1302774492159862,-0.007101560097059524,-0.5487109508117143,0.08718512987435538,0.3073331418429981,0.0003248116295623931,-3.1413842066482256,-0.00010698726656390693
11.661622047424316,3.8250821988602914,1.2415263492251403,-20.29140292366665,-0.06836773260155403,0.12371105211515353,-0.0012571873099620375,-0.5487067644897802,0.08717554176605086,0.3073363410059826,0.00032436777437452256,-3.141302154201988,-0.00017643121090610742
11.669597387313843,3.6659387765933205,1.253516263910824,-20.283911199968365,-0.0719463444894392,0.12976893179167598,-0.008043056214341303,-0.5487254389654832,0.08718196295307909,0.3072935808605743,0.0003277507856465257,-3.1412716386510766,-0.00014810954911620577
11.679561853408813,3.839525313818556,0.8194047286344429,-20.350073128048667,-0.06132231653348666,0.12031434798698266,0.000947484638274191,-0.5487224664484888,0.08716123322226543,0.30724428566317963,0.00031719036928216536,-3.1412512921888833,-0.0001298688391413882
11.689586877822876,4.0889995111664215,1.3404575318855465,-20.332491581875306,-0.07356749045139983,0.12434111114714337,-0.0007541095823319698,-0.548713071954187,0.08716635999005744,0.30715743373733795,0.0004327594261300024,-3.1413472206512205,-8.816868757856961e-05
11.699638843536377,4.1306916617571705,1.3606004264234428,-20.257115077335467,-0.07372165667107479,0.12537037584107177,-0.009279749177925293,-0.5487096410346719,0.0871829910039932,0.30711834397984306,0.0003758362395855526,-3.1413090817783504,-0.00014113659916871287
11.707676410675049,3.9529417691393087,1.186418468139482,-20.30539359296093,-0.06964268612583469,0.13185821372741063,-0.003852387017649446,-0.5487042131085952,0.08715691351816879,0.3070793371367858,0.00035281514719951763,-3.141328436338684,-0.0002040827439756066
11.715620994567871,3.514600301324507,1.0167222675088718,-20.27945248968779,-0.06514918395274658,0.1216282767033654,-0.007045384132280477,-0.5487144343493165,0.08716347241510755,0.30706290998428143,0.00038412018142197174,-3.1412407617014666,-0.0002332021113110948
11.725605010986328,3.98321750333126,1.0987057161174956,-20.08274684136686,-0.06275415482907412,0.12849517795676818,-0.011190046333862901,-0.5487153178193147,0.08716672564042822,0.3070306968186127,0.0003780913928169454,-3.141230850254616,-0.00016293894302865043
11.733606100082397,3.8193729052241805,1.2220085933632099,-20.39267298151361,-0.07192469657046972,0.12166951805160289,-0.0037258730007220125,-0.5486965331308137,0.08718631299168118,0.3069598982208604,0.00031200573171495405,-3.141290068192451,-0.00023004507211934713
11.741676568984985,3.7560313467284545,1.2943567404284027,-20.393133574596767,-0.07406920277289478,0.12519767745750307,-0.0006151644035368427,-0.5487186960021849,0.08716133558007771,0.3069098093145039,0.0004221555814100328,-3.1412932324961638,-0.0001404394994772459
11.749610424041748,3.9575417986283115,1.1883939819002973,-20.24871923505967,-0.06668825535976781,0.1272698426723805,-0.0012062257723938563,-0.5487156246886494,0.08718563486504904,0.30687340434901056,0.000385012061739426,-3.141282601390352,-0.00016967184289288207
11.759580373764038,3.6009089091382,1.269568720654673,-20.40651275025058,-0.070398789253367,0.1212736286328855,0.0012951829544280394,-0.5486973213848471,0.08719479422623937,0.3068052213834175,0.00021652762545978265,-3.141354323048308,-8.644299122234408e-05
11.76958680152893,3.6061986462888216,1.4117033720806444,-20.478857922358937,-0.07323179706791899,0.12302647581826995,-0.0010992736288033336,-0.5487049915817496,0.08716162234608683,0.30679383219052214,0.00040484897626805893,-3.1412362143355335,-0.00019650279167559694
11.779651165008545,3.834219799715277,0.9332383206055641,-20.382247429247958,-0.05997216086408055,0.12538936484885216,0.001635939730131996,-0.5487069823674938,0.08719287837011891,0.30671599788647885,0.0002729311626703669,-3.1413249343051657,-0.00012485432282667268
11.78966474533081,3.901191646250964,1.0970644246033716,-20.34184916351618,-0.06467474844749345,0.12677915585576552,-0.005793598754679965,-0.5487142202508649,0.08717036925839018,0.30668123528322044,0.00028783328568988406,-3.141308039442,-0.00031168496044809584
11.797614336013794,3.869765776220279,1.0506457731572243,-20.429023569401558,-0.06851825756811093,0.1233759230650391,0.003852950083210388,-0.5487123220179911,0.08716589272298265,0.3066099793111552,0.00029464885631978136,-3.141361025749262,-0.0001758796314752349
11.807660341262817,3.8774021410847404,1.4085873717090525,-20.316399759399793,-0.07115491808043221,0.1316600505662395,0.0052482486275591015,-0.5487171107856644,0.08717826256789794,0.3066253581682468,0.00034151670295705605,-3.1412373859061904,-0.0002729598289462245
11.817640781402588,3.9495797647864808,1.259377129425133,-20.393934016513402,-0.07026807877296236,0.13162096915737606,0.005035113954606447,-0.5487065504079011,0.08718598266064034,0.30654638699314174,0.0002695965273490718,-3.1413358894590413,-0.00021179926830650132
11.827611446380615,3.7326712804291335,1.4487851431854943,-20.25763702483462,-0.0758055707516144,0.12740297628243888,-0.0010539095103366375,-0.548717471891678,0.0871625483048803,0.3064884537920651,0.0002968108272513815,-3.1412899822991203,-0.0001721694232725442
11.837639331817627,3.8013760750353134,1.2137738673456537,-20.187067690865646,-0.07152065459213323,0.12254705152993497,-0.004257266593226977,-0.548716723848597,0.08714716328917169,0.3064273830446414,0.00039861359070933597,-3.141280406034928,-0.00010609945390592037
11.845744132995605,3.678215245640938,1.0159129473218484,-20.225382664913685,-0.06351109115630485,0.11916980348982796,0.0034287065411470127,-0.5487178250038083,0.08719474097040869,0.30637743682530527,0.00017797066224054913,-3.141309632850725,-0.00021451490810024188
11.853619813919067,3.7717564669675445,1.4692042254487916,-20.403718412829917,-0.07416871992545346,0.12221987072165412,0.00016785820180530836,-0.5487176015251028,0.08715864758443564,0.30636890536095385,0.0002950524851873718,-3.1412384973343372,-0.0001888760861474361
11.863624095916748,3.690673815356182,1.377934327589242,-20.3542843517811,-0.0740718283790207,0.1233742294727309,-0.001337324655185146,-0.5487138389520152,0.08715451849763464,0.30628584058888303,0.00028163974888513037,-3.14134859863642,-0.00020044445164226315
11.873588800430298,3.596770266306325,1.204524127826226,-20.27616213416229,-0.07047283213631807,0.12166481202055267,-0.004125697955957908,-0.5487020459873656,0.08718970965680736,0.3062698008388548,0.00024159277020210018,-3.141279003526276,-0.00016885951963316326
11.883605718612671,4.001877281876568,1.4472234817519576,-20.223281606645877,-0.07204376650587013,0.12862814863725025,-0.0128258168095429,-0.548707738890883,0.08719389925588239,0.3062196245787687,0.00021224439805795752,-3.141285177621838,-0.0002915928651113474
11.891616106033325,4.214093447472502,1.2948617015652328,-20.260382875872537,-0.07045760915617792,0.13614629947273485,-0.003200062027308889,-0.5487150507503129,0.08716103751650793,0.30617324786613037,0.0003182022967406291,-3.141271149433917,-0.00022868231756141525
11.901609897613525,3.3655767593403545,1.2456100002790573,-20.4459972856177,-0.07225806065407221,0.11339935912203156,0.010135847994645612,-0.5487154323976492,0.08715854049253383,0.30610349927455843,0.00039712094363727487,-3.141321434993681,-0.00019457890850797961
11.909609079360962,3.9712730354220382,1.1248323913082585,-20.336043736099374,-0.07135604011175346,0.13051775036240315,-0.006164454297376658,-0.5487051147657149,0.08716569799250587,0.30605781420989486,0.00024270737141415179,-3.1413507402390555,-9.8230687310688e-05
11.91961932182312,3.7192553817816747,1.1367966022901883,-20.183391163856783,-0.06454031822419844,0.12331627156813103,0.0042222231532341335,-0.5486965836804986,0.08718849821993126,0.30600276110600644,0.00019333122643592845,-3.141349358380524,-0.00017465635298676772
11.927705526351929,3.758738521646165,1.0562950399470095,-20.26819195878456,-0.06221827586459576,0.1246268781098209,0.001015051923238991,-0.5487159635032347,0.08716946183275452,0.3059722500919728,0.00022479951564189276,-3.1412748386542892,-0.00021034384164718938
11.937655687332153,3.6471362843739827,1.0265903743189035,-20.269152841488665,-0.06188647204308229,0.1249749547693956,-0.001282327083940108,-0.5486992557056246,0.08717078307194842,0.30592816556444036,0.0002726387546143471,-3.141314245159848,-0.00016824804863076813
11.947628021240234,3.7095197358671816,1.1637300652532923,-20.125753554476287,-0.06910615625209042,0.11925197316485515,-0.007233060747652938,-0.5487216282109559,0.08717213337992838,0.3058756689069475,0.00030621430264014577,-3.141340101165618,-0.00010269450410853663
11.955632448196411,3.841708716887231,1.380594284953568,-20.18976107850378,-0.07135067262836346,0.1281343112982032,-0.0007101818266061329,-0.5487108527661855,0.0871580463014169,0.30583542496993027,0.0002894957934903129,-3.1412755632308054,-0.00019239867550583766
11.965675354003906,3.813829446164034,1.204619932285526,-20.226935712326487,-0.06785588472214656,0.1259634358972731,0.0005031768921636104,-0.5487023220365371,0.08718916545870853,0.3058025901552893,0.0002622238097204863,-3.1412486324397086,-0.00022264441996556783
11.97359585762024,3.942616165801735,1.3099888278105924,-20.235754757750723,-0.06913132665244108,0.12545503996609234,0.004519180236614438,-0.5487110598183177,0.0871754268858561,0.30571714602052813,0.00038075815043413306,-3.1413356178142475,-0.00019504437559037443
11.983608722686768,4.027481967892246,1.425368648607326,-20.35434342312004,-0.07590672288854358,0.13271032077461606,-0.0032040068878390546,-0.5487255210086283,0.0871507970509269,0.30570622817016097,0.0003391295359703343,-3.141247560442878,-0.0001529907672153167
11.991631984710693,3.9311281366106643,1.0893146245342635,-20.37428864367872,-0.06669627014975145,0.1270730063488967,0.001897177932316172,-0.5487129048364736,0.08716458658067747,0.30559047949277385,0.0003381625302686979,-3.141384161673137,-0.00013281298086010573
11.999650478363037,3.9353499363217423,1.163010773955182,-20.27324724377521,-0.06809306795329081,0.12930579253041513,-0.000255424058019709,-0.5487283420842949,0.08717229697639978,0.30559653855927255,0.000353234534037306,-3.141287007415955,-0.00015066380935102136
12.007710456848145,3.779798033368391,0.9917858024525025,-20.325309288426748,-0.06867536402989606,0.12629195998361759,-0.000633321666897213,-0.548718812949811,0.08717656248326598,0.30553584907571213,0.0002818694929814896,-3.1413079210378765,-0.00014651393618862567
12.017641544342041,3.7479480069687137,1.2767258267343742,-20.41946262990684,-0.06977149104898671,0.12133655640389715,-0.004389403254258624,-0.5487218033501893,0.08718697797835503,0.3055438817804109,0.00024285392348102238,-3.1412475911975584,-0.00024808184142383933
12.027642250061035,3.990661462003337,1.0188369864564657,-20.548066841779775,-0.0664480551736158,0.12650025535482437,0.001632650422075989,-0.5487173202418417,0.0871666725439391,0.30545428001694597,0.00024343259547682987,-3.141301251522979,-0.00012694261806956507
12.035610675811768,3.722042426239506,1.3559582420359224,-20.42083232399544,-0.0719033522189753,0.1239331711324634,-0.0012882944622009957,-0.5487152078960646,0.0871787882853475,0.305404602776754,0.0003243513148066829,-3.1413563689852384,-0.0002174533730687173
12.04563307762146,4.037510074218009,1.2382869843548958,-20.303864376742027,-0.0702083478887059,0.12572579033790043,-0.0006442129676984282,-0.5487092962350592,0.08717338729831561,0.3053632450155038,0.00027158795937305127,-3.141339355067711,-0.00018495677443000763
12.0556480884552,3.776547431816211,1.0426033824251693,-20.381824565564575,-0.06404963207821299,0.12850983777488725,-0.0012233944563375477,-0.5487159773244022,0.08718920809954808,0.3052807939605948,0.00033273083066609385,-3.1413868221672363,-0.00012659730920468903
12.063581466674805,3.949297420476117,1.1688444590778666,-20.317255194987347,-0.06448594299544148,0.12572771814541472,0.0014828750517866163,-0.5487252967932085,0.08718205370363798,0.3052492053008086,0.00030704858500900134,-3.141343789404017,-0.0001756151327672552
12.071597337722778,4.097628514902119,1.2564350526668249,-20.446548002323375,-0.06878317626880036,0.12684313775128103,0.002137624923327332,-0.5487181236022359,0.08719510409037041,0.3052039303016417,0.0002451315104722748,-3.141360426292117,-0.0001997091320470025
12.081674337387085,3.6950470434625635,1.2848624518776648,-20.408658162379798,-0.07116038261676129,0.12322149714549946,-0.0012742423349267477,-0.548715256137979,0.08716278927480393,0.30518893152500354,0.0003549743662861009,-3.1413404457430953,-0.0001329908043722447
12.089684963226318,3.7116367997598085,0.9192018434538408,-20.363421277176236,-0.06454640279756327,0.12212243215360077,-0.0005121327497110187,-0.5487347851602001,0.08718826694248355,0.30514052457309265,0.00030329588488186996,-3.1413130744622446,-0.00023491043548650462
12.099677324295044,3.7853123547971235,1.2929871719130386,-20.278622574007933,-0.06828203370812909,0.12079457275631446,-0.005090203577419273,-0.5487196122028124,0.08716516717639965,0.30505207006980145,0.00037153619368718906,-3.1414083835618603,-7.331293932326528e-05
12.109590768814087,3.874899415688868,1.222558687011665,-20.430970148412943,-0.06710220419832208,0.12861127452216492,-0.003652095542849344,-0.5487216296550752,0.08717744170058192,0.3050484735798139,0.0003057940258955692,-3.1412853553928555,-0.00017456187996562505
12.119595289230347,3.5026142920161387,0.8859149353497621,-20.435696254678337,-0.06133248559872136,0.11735139320324667,-0.00034944151909696515,-0.5487228225813396,0.08715594447165649,0.3050043390054541,0.00037430607277492045,-3.1412696390079424,-0.00011277173331518824
12.129570484161377,4.030486357669862,1.059734928642891,-20.333677736171026,-0.06628602733541251,0.1238001379224861,-0.0004641087109385042,-0.5487443142563977,0.08715776955286389,0.30492997003497224,0.00041945244419050616,-3.1413410861638402,-0.00018498380775900362
12.137616634368896,3.934773287387932,1.0520914344993333,-20.34823142136181,-0.06555706662774181,0.12418797363528904,0.0016584776346915962,-0.5487214380861881,0.08715950075944873,0.30489418851904865,0.00027913051389447026,-3.1412588902196212,-0.00018967826421864597
12.145811796188354,3.8146553005513644,0.7193394218830476,-20.4965065164485,-0.05558614608443219,0.12568137492867823,0.0050845284172273495,-0.5487310073066012,0.08718680264251948,0.3048692843285896,0.00033091552147479297,-3.1412402752758615,-0.0002658329441458831
12.15358281135559,3.804548326929611,1.1648166941593048,-20.324471058775334,-0.06706631787977861,0.12384078274059009,0.0051836332469825715,-0.5487359530875902,0.08717607167979075,0.3048219830026727,0.00036920418575734796,-3.1413031451027975,-0.00013201832196158982
12.163604021072388,3.940917175197672,1.3821462978994217,-20.42156862755833,-0.07161965699883129,0.13169579415670396,-1.8411292386495048e-05,-0.5487197235503839,0.08718175697131919,0.30475615094172,0.0002605781735742716,-3.141323524858044,-0.0001297243802658858
12.173601865768433,3.657279650062855,1.192648136650981,-20.416176514979284,-0.06887289758114998,0.1253649008214589,-0.0060566982369470775,-0.5487359305590263,0.08717646875843224,0.3047285153897143,0.0003083049929774513,-3.141263501754835,-0.00016891334159437898
12.183687686920166,3.9611621939494563,1.2192627226102657,-20.308020292321892,-0.06918889295204668,0.12498811891050178,-0.0014651510913906726,-0.5487258802310311,0.08717572479415801,0.304640571056619,0.00034632460687465016,-3.1413982909548315,-0.00012270968585802592
12.191617965698242,3.36613264380251,0.961630321575123,-20.511233828839238,-0.06538391437134106,0.11814475459512912,0.007464990698653754,-0.5487240862418966,0.08716810972530203,0.30461405444765444,0.0003961595870259384,-3.141298869313572,-0.00018042318215389546
12.201611757278442,3.8009154886195637,0.9600948675466282,-20.4356018803581,-0.0639648717565356,0.1288121295022287,-0.004415034538310343,-0.5487241272956789,0.08717614444793133,0.3045214256961958,0.00026751643266070563,-3.141395060902986,-9.465144914457799e-05
12.209666728973389,3.9360468832893787,1.2709031139941624,-20.250815976992868,-0.07339103604557644,0.12879032391786271,0.005075675179077617,-0.5487163162310477,0.08714735983588283,0.30450183988742074,0.00038238210848721597,-3.141366268196368,-0.00014976569624709427
12.217616319656372,3.6853843834753395,1.3060615118948515,-20.456546143395627,-0.06922689154568852,0.12212950540402528,-0.0035528833938791382,-0.5487210442691915,0.08715054577944063,0.3045042129195519,0.00038853673632038323,-3.14128997875058,-0.00022033850798134394
12.225558519363403,3.848277875120256,1.0907932575896668,-20.32998866254192,-0.06557244540869449,0.12810345869275783,-0.006075813604530501,-0.5487271749887934,0.08716291721690526,0.30441719337085005,0.00033879681238313785,-3.141341227783389,-0.00011312166008418702
12.235650062561035,3.917403060820935,1.0840852167336217,-20.2601742800087,-0.06803424898592245,0.1249421870430253,-0.005697968026322312,-0.5487223799558371,0.08715549685046646,0.3043917496537093,0.00047062148464717217,-3.1413478474414354,-0.00018793896836222533
12.243666172027588,3.8115798066389104,1.1463988553626345,-20.302595520409003,-0.07224066843286119,0.12336919672944667,0.002994368893823206,-0.548733172126687,0.08716479803501888,0.3043684715466851,0.0003660114855786533,-3.1413036957573137,-0.00020941952639913315
12.251647472381592,3.8745764092143107,0.8033537858763408,-20.476135817370135,-0.05787446695251186,0.1259292272957255,0.003806594399951366,-0.5487290929164327,0.08719236973266709,0.30431070929691467,0.00025314951625531897,-3.141285958873895,-0.0002762895409547967
12.261604309082031,3.9157795014760484,0.8672079803699068,-20.416639901079353,-0.06097391895850281,0.12634720159507315,0.0036025063619145783,-0.5487398994833813,0.08716823561146923,0.3042903831386355,0.0003696169200401733,-3.141269088633116,-0.0001742524671141127
12.271596670150757,3.8680741337107323,1.2182618343137268,-20.545717796582338,-0.06756615148354951,0.12847378306148358,-0.002657569333692986,-0.5487321910942625,0.08718289839527742,0.30423872771136473,0.0003066681945517183,-3.141264848363611,-0.00023310153157513056
12.279686689376831,3.4063957577310378,0.8666590004451536,-20.451638821977426,-0.06158492780164985,0.1150157625899668,0.0052164799467922275,-0.5487372679044151,0.08718239140233823,0.3041672180005804,0.0003786835808949499,-3.1413131212819967,-0.00012074051319283514
12.289653778076172,3.921984458007932,1.0103833599308643,-20.411697662644087,-0.06526821597743898,0.12411704994122623,0.0021726397124419493,-0.5487178367063669,0.0871616581674396,0.30410367295101537,0.000315364874523435,-3.1413606988789833,-8.346204142559786e-05
12.29962944984436,3.9748965352536043,1.1256833240911641,-20.434165080510557,-0.06547000861213258,0.12908083052190755,-0.0004427780989226939,-0.5487174835601616,0.08717600243138111,0.30406366047865185,0.0001999002369296465,-3.1413213463098293,-8.036276873963991e-05
12.307639122009277,3.777414456475099,1.0921585449893254,-20.328939803008982,-0.06486223356888841,0.12274357250005072,0.004631078368774183,-0.5487243447167066,0.08721020904303221,0.30403383507183196,0.00024220308614347064,-3.1412956798001335,-0.00017407135780884137
12.315616607666016,3.8061907898842255,1.2858444728053529,-20.408890247462104,-0.0711496558330622,0.12214945918280484,-0.002916484729502872,-0.5487297201236954,0.08716549417552805,0.30399780835333423,0.0004368368646123505,-3.1412648515551758,-0.0002571319832572998
12.323736906051636,3.584652579725566,1.071265691281944,-20.391215928084254,-0.06838017399451735,0.11748632851860683,0.006151852554917209,-0.5487403494615971,0.08717590673903473,0.30396261142334124,0.0003994492383478139,-3.1412561896362075,-0.0002469676734597552
12.333603143692017,3.916260836924751,1.1671940982657898,-20.454023513670005,-0.06769914397124344,0.1265477174451104,0.0006291013047540602,-0.5487131123984175,0.08717447958906292,0.3038926043266448,0.0003448392222755531,-3.1413348784684194,-0.00015338002960026787
12.34366774559021,3.921734220498586,1.1737642942118154,-20.55275561380359,-0.06541627946306905,0.12879844028847834,0.005704965691285355,-0.5487176568683955,0.08715761096074105,0.3038257896646373,0.00036606811258260756,-3.141395194805124,-0.00019715834002729743
12.353589534759521,3.702548711671185,1.0095520322916738,-20.5789731377298,-0.06181966216086396,0.12453625282546511,0.007866714513054408,-0.5487210252368516,0.08717645172820428,0.30380323677011295,0.0002929505651283456,-3.1412762963904477,-0.0001833553950121794
12.363675355911255,3.88621232601147,1.0590615841578817,-20.432332420694788,-0.06534755166314875,0.12568681164602455,0.002930083791709534,-0.5487132480668653,0.08719300972189517,0.3037489908251948,0.00030407351247064933,-3.1412799664233764,-0.00022316698452763288
12.373610258102417,3.634827298423533,1.2256975699178936,-20.632790479879436,-0.06822801679806434,0.11906457174874532,0.0030871664709623808,-0.5487339255094663,0.08716981068706067,0.30371630740395333,0.00028872048641006236,-3.141213064971143,-0.00010844256716863406
12.38163447380066,4.096005274233979,1.1308675852708407,-20.428682929541793,-0.0660104729335718,0.1332960013626939,-0.006971327100408572,-0.548722534343871,0.08715889264721416,0.30363424009408324,0.0003270886536946676,-3.1413129400949735,-9.745449518046978e-05
12.391631126403809,3.8623598121437857,1.2952397091644814,-20.353210304544906,-0.06982873169538881,0.1281820508291712,-0.003725283783290968,-0.5487216904810718,0.08718356606228031,0.30362592144482126,0.00031342121278234364,-3.141304357633194,-0.00022563809627905969
12.40161919593811,3.8677799467675844,1.2084725338457127,-20.53447007738677,-0.06765215912442053,0.123950568129304,0.0037198431060319684,-0.5487257626338788,0.08718883067469771,0.3035839361570282,0.0003036469571987828,-3.1412633665249095,-0.0002447197030607026
12.411614179611206,3.871768230497226,1.2434495421745513,-20.325242035910428,-0.06870293375768767,0.12678076633193122,-0.0023408366276181087,-0.548721938614362,0.08719017967363822,0.30350682433369225,0.00031592586608473805,-3.1413091702060876,-0.00010866905501370122
12.419621706008911,3.9107992533050426,1.5703139925089455,-20.321873028865557,-0.07730319441394283,0.12694596998681543,0.0015264667367360428,-0.5487353527969783,0.0871685194230205,0.30347746799617353,0.00040848912540349157,-3.141290170869898,-0.00026857822321683125
12.427685499191284,3.8869220614302074,1.1435085306282324,-20.3567783156802,-0.06955725693989964,0.12234725574703006,-0.005762358359661513,-0.5487239000809678,0.08717832723582605,0.30339942992533486,0.00031894368888239516,-3.141344223850189,-0.00015303281962160458
12.435614109039307,4.1705316106705475,1.263266061962155,-20.32052337030895,-0.06612031346849795,0.13852085078903284,-0.0019261225088431483,-0.5487425442912423,0.0871902835968505,0.30338306937644755,0.00025629491213153416,-3.141280479177508,-0.000189996879075542
12.44562315940857,3.5446916401268402,1.0747307612307229,-20.409109229021738,-0.0660134996267348,0.1155919381943627,0.005055988412390441,-0.5487214561227999,0.08718234803311842,0.3033021142580567,0.0002841827655169083,-3.1412989183774225,-8.639241074908006e-05
12.45583176612854,3.935991916242379,1.0527218238487601,-20.584523569964045,-0.06819782891520525,0.12340913867030968,0.00244472220466915,-0.5487253346583281,0.08713180482174814,0.3032974922289928,0.0004108420180803776,-3.141252772407303,-0.00016291277203620087
12.463603973388672,3.900006870636579,1.2588549318784283,-20.515605107643438,-0.06633538789788113,0.12727044398596515,-0.0007337152589428689,-0.5487193679578787,0.08718364616914322,0.30322055712490664,0.0003068938091503478,-3.1413227741775835,-0.00010764817523478214
12.47359824180603,3.5329790538465455,1.0662089821476741,-20.344335575419358,-0.06136201275829444,0.11802441522786639,0.004806961171984823,-0.5487207021166864,0.08717779451454011,0.30315587329761384,0.00039428545702654283,-3.141410081976864,-8.577960059922807e-05
12.483614206314087,3.8864969886460528,1.147026786454215,-20.293344089224345,-0.0689583619791073,0.12169857528765626,0.00036848280342952555,-0.5487342863255538,0.08716982946929423,0.3031645074638907,0.00035919789277795986,-3.1412761556487334,-0.00027317640273855515
12.493598699569702,3.9711350873424967,0.9093117045633587,-20.435557170490114,-0.06652269351052668,0.12432377562655318,-0.0002831317504663219,-0.5487366372956973,0.08717456012137895,0.3031205066627465,0.00032613992363829413,-3.1412239243075692,-0.00017943122137896976
12.501625299453735,3.5577868017044527,0.9625947227841313,-20.286946686126434,-0.061024719107551875,0.12007730234996107,0.0007091502153829893,-0.5487372837233345,0.08718201589215513,0.3030605927584704,0.0003162263157846312,-3.1412445028290152,-0.00024135223776860032
12.5096275806427,3.7409472990876536,1.2973512954657622,-20.32817454645975,-0.06903831675806117,0.12593466385473023,-0.002677027636949172,-0.5487298658877607,0.08718059160749944,0.3030231865080009,0.00032873829681769,-3.141283212584686,-0.0002437028999281111
12.519629716873169,3.68751730109623,1.1695902020561602,-20.309365951176435,-0.0683807141847582,0.11700967156151136,0.004044014305752024,-0.548732346868793,0.08718828877538809,0.30295737608376083,0.0002474777378695921,-3.141295202565297,-0.00012199089080805165
12.527571201324463,3.8629418838670295,1.2181824476320762,-20.398604444538762,-0.06775603196954708,0.1251905846755342,-0.004026708590596128,-0.548728393658922,0.08720261492455313,0.3029185108985486,0.00023557724086513933,-3.1412612700850566,-0.00023631955461094216
12.535671710968018,3.8582342089360147,0.9794417190960295,-20.46144851339073,-0.06084498288817219,0.12407304318974502,-0.00020287432413517784,-0.548715710382914,0.08717061431873568,0.3028731215507812,0.000334904436308683,-3.141236613054253,-0.00010801827380020014
12.545611381530762,3.7394005324222475,1.0087428286793272,-20.436639712885352,-0.061869115833252365,0.1268072205236021,0.001194755723409409,-0.5487306654509949,0.08717849434615783,0.3028529891380456,0.0003469459726518608,-3.141223950782028,-0.0002517663395814729
12.555598735809326,3.727346001699681,1.1394242411482096,-20.425210300164842,-0.06505904925402174,0.11889261833073266,0.0014371831460043166,-0.5487383281123416,0.0871813746851398,0.30281086034778126,0.00034791876180606675,-3.141227042969511,-0.00028488886242567836
12.565651178359985,4.0183844070245165,1.0851311230962877,-20.397697646062536,-0.06967453456104045,0.1341337002454716,0.0031530566988609596,-0.5487357220149022,0.08717084114296188,0.3027415934677799,0.000316085315057833,-3.141252550737371,-0.0001606675962805557
12.5756196975708,3.623127895929229,0.9916210203344719,-20.470760605807495,-0.06305478488913217,0.11870387347340501,0.006465411081416128,-0.5487337606420511,0.08716310986275107,0.30270017295786855,0.00042191979467664945,-3.141262450047973,-0.0001965622051919972
12.585603952407837,3.643059981639232,0.94918324239001,-20.31007618830101,-0.06465361999652885,0.11996156440444027,0.0033290126576147033,-0.5487444234195558,0.08714754037731516,0.3026340663855906,0.0004095190176946218,-3.141222253916169,-0.00014248802670431952
12.595664739608765,3.936862457223899,0.9402681790360766,-20.38764585573451,-0.06382310201385165,0.1281053460178957,-0.0014678553349259796,-0.5487443524625168,0.08716128439743796,0.3025954639119008,0.00038461580500149563,-3.1412660118217066,-0.00020815486146872098
12.605664491653442,4.144230457009236,1.2914327223261164,-20.478229644082138,-0.07016351082857888,0.12983940210654393,-0.0009902953497875813,-0.5487234413959136,0.08718923480286911,0.3025203303476528,0.00032192194811381323,-3.141287198686744,-0.00021819734536108375
12.615709781646729,3.594793954867906,1.2711882258227667,-20.62561748027847,-0.06864794123310876,0.11896499541874592,0.003484805624034397,-0.5487282348035672,0.08718764689987923,0.30249074954527616,0.0003559071974376189,-3.141260830582859,-0.00025056886391823643
12.623618364334106,3.9902860175485433,0.8964134963597791,-20.52259996904779,-0.06321001799548986,0.12699167850068896,-0.0005621354432532173,-0.548726618134386,0.08716066486522013,0.30240188087218023,0.00046014969125807403,-3.1413410667949146,-8.352578148349125e-05
12.633591175079346,3.6945860036185727,0.9380568877889665,-20.630277900122305,-0.06501908118019276,0.12047640247424228,-0.00022941147141360642,-0.5487307222831844,0.08716839382044479,0.302395508059976,0.00039010256728270283,-3.141272591809609,-0.00018537062710591653
12.643630981445312,3.9055269621730466,1.1473794449502732,-20.608043285615338,-0.06791801874039453,0.12899630718443517,0.0054752770152953715,-0.5487241877649655,0.08717556076088562,0.3023292597382228,0.0003797344796028823,-3.14126928538751,-0.00016623864917270943
12.651734590530396,3.7742188929259957,1.157244316198366,-20.55239774217308,-0.06674463590261129,0.12296091262326846,0.0007181312437535357,-0.5487282649114722,0.0871705094732153,0.30227090606466017,0.00035279385657851554,-3.1413165481877647,-0.00013915810159540555
12.661662340164185,4.077539047172144,1.146997166014031,-20.515189239184174,-0.06825609889347446,0.1314037689432546,0.004294313037827778,-0.5487236374697407,0.0871828969547883,0.3022096996829198,0.00029537313059647377,-3.1413534031594965,-0.00010911598387737646
12.669667720794678,3.7061995586506677,1.2542084523514005,-20.378014339719968,-0.07255592780588256,0.11990496475767333,0.0051525293077267,-0.548717864716456,0.08718855964550609,0.30220744331653826,0.0002704014831387705,-3.141266710797674,-0.0001864040236126788
12.67966079711914,3.7743618757819863,1.1564952630140575,-20.480322084717173,-0.06757705427035968,0.12045928763677433,-0.0014952598501689707,-0.5487163261535658,0.08719157406764966,0.3021405324316321,0.00027883162866111487,-3.14132217570342,-0.0001692126435396966
12.689608335494995,4.143639179598661,0.9288948389332023,-20.460299150696997,-0.06339742306627912,0.12618903950499955,0.005188604513303655,-0.5487154456326001,0.08717751521893102,0.30212153766776484,0.0003265850323327231,-3.141259334378702,-0.00023055491922187264
12.699620723724365,3.9078938410650115,1.2331122216366273,-20.323777936700886,-0.0677814380201422,0.12637614757540916,-0.005486281050539061,-0.5487249304623221,0.08718456224706986,0.3020247516776931,0.0003135894266761952,-3.141330163492547,-0.0001492906322069407
12.709604024887085,3.7389575678270095,1.1293757482168445,-20.343261584087507,-0.06398512762977668,0.1219673690498279,0.009389098951660693,-0.5487335683660054,0.08716211246786777,0.3019929291668261,0.0004568804965452158,-3.1413104356877466,-0.00017481524215069184
12.719552516937256,3.7221588849905425,1.1691807419606708,-20.394844197688954,-0.06790207687562429,0.12141420483893064,0.005231157416729685,-0.5487294261908309,0.08718307022635205,0.3019184910548307,0.00034925208697021985,-3.1413189591410915,-0.00019084564808915827
12.72757363319397,3.619327669670277,1.1530776363837933,-20.635532030726456,-0.06819224844880488,0.11516268356885219,0.007988546325501798,-0.5487335400275446,0.08718453726692549,0.3018733853547044,0.00033595014061245403,-3.1413268233450813,-0.00018259255174883185
12.735692501068115,3.8589595219946453,1.159592506663989,-20.491239204656335,-0.06550858561976644,0.12427775828881421,0.006269098812981081,-0.5487386789710694,0.08715619912358258,0.3018502647434521,0.00032062296390629415,-3.141268777864027,-0.00016438752859969857
12.743573904037476,3.4826200969781596,1.4178263997498035,-20.445415554652477,-0.0700773490330592,0.11858749268754101,0.009207670913330914,-0.5487163537038084,0.08715618145332178,0.30178041308955383,0.000415323905928802,-3.1413344256699802,-0.0001484480436532281
12.753647565841675,3.711932638537061,1.0063082785094584,-20.61499107740352,-0.062459550415195374,0.12522881647851897,0.009727732264802322,-0.548733484802801,0.08716946798536478,0.301726337308471,0.00041195552938141726,-3.1413314829690324,-0.00013671938305479336
12.76161503791809,3.839132447982488,1.0932192393249245,-20.523113142089528,-0.06581570258498956,0.12560487806820664,0.00828857782600947,-0.5487253417662511,0.08716499340372628,0.30170833543642495,0.00043145591617878,-3.141319965736174,-0.0002000042045724041
12.77162480354309,3.8250198976429877,0.9962943046810999,-20.653499498938903,-0.06571281485640171,0.11705226835742981,0.007139791603426992,-0.5487316944562055,0.08715799549723505,0.30166871696235287,0.00040173365114788196,-3.1412999009928697,-0.00014118360968207758
12.779611349105835,3.854771439169658,1.1777237486273793,-20.447829194809348,-0.06854325266555854,0.12092364277400351,0.006921826962109225,-0.5487328542841325,0.0871773216256909,0.3015939149809518,0.00038319900205007254,-3.141316880594091,-0.00020040134129123261
12.789599657058716,3.735567965726914,1.173218758602203,-20.348721425467566,-0.0679880583695446,0.12253415736484463,0.006840361729865924,-0.548733721236654,0.08717798592254751,0.3015925464062865,0.00032537675495900264,-3.1412458638849023,-0.00010338415201650504
12.797655582427979,3.8535609539387945,1.2057990825620792,-20.42428534111937,-0.06587451448557291,0.12767852014114084,0.011016327846282281,-0.5487344544567874,0.08717877992579477,0.3015506993236269,0.0004034480188257672,-3.1412786987723935,-0.00024032611400352642
12.807637214660645,4.113851414799347,1.4322682727384617,-20.427797355309817,-0.07239982248309688,0.12596274787575584,0.003949821271861363,-0.5487275140873199,0.08717344645512458,0.3015023020861904,0.0003081640399059001,-3.141270470986336,-0.0002498279877617007
12.8175950050354,4.276334257406866,1.2867817469349632,-20.56765911770063,-0.06804951358769566,0.12776632412267935,0.0027816503474904475,-0.5487315634109409,0.08718614231774797,0.3014428339420261,0.0003808872426110133,-3.1412509953533965,-0.00024882713406757515
12.827625036239624,4.039342808839705,0.9031502895543506,-20.55765103687143,-0.06104163521534817,0.11972714201429793,0.008988363853913417,-0.5487212855524177,0.08717069790604348,0.30140972658803855,0.0003811434749907197,-3.14123811682019,-0.000233977489128815
12.837560892105103,3.506059522509136,1.1609414258600943,-20.57506582482286,-0.06914001945511498,0.11511469014690992,0.01265147411474191,-0.5487313883148316,0.08717410688950426,0.3013567334727542,0.00037005622844985903,-3.141264398174399,-0.0002435725244890693
12.84758472442627,3.548182293285174,1.1557931673364825,-20.483115708621703,-0.064746784012783,0.11822370387886935,0.012165108872488724,-0.5487365124656884,0.08718283491207206,0.30130006641217966,0.0003059905187407778,-3.1412649045040713,-0.00015880203575168152
12.857650518417358,3.833176172503945,1.3935272727059542,-20.466727912854733,-0.07150820870087055,0.12658842088263356,0.007168828512459087,-0.5487329595268857,0.08716932632613503,0.30121992262639374,0.0003658928897122864,-3.141309279288962,-0.00017140652975739212
12.865621566772461,3.8274585430676797,1.3253926978551562,-20.388525237136687,-0.07033946153155124,0.12181131372941988,0.006719346741224703,-0.5487269315066708,0.08717225613063134,0.3011755006503565,0.00040642127804895904,-3.1413392386734187,-0.0001997257180873487
12.875657081604004,4.178983616610258,1.2361593074268822,-20.50944813086429,-0.06931111949813705,0.12482419365896581,0.0026099863218866587,-0.5487214446857638,0.08717546986617807,0.3011273792500417,0.0002586710534347269,-3.1413127218591477,-0.00011734882478437796
12.885580062866211,3.771986953342733,1.3863766282361234,-20.39921829059325,-0.06981866329327156,0.1210714328828088,0.0016421728344460753,-0.5487305249975587,0.08715556232872865,0.30105038670998785,0.00036906225740347226,-3.14137956312904,-0.00012259839110403975
12.893566370010376,3.4577893911914632,1.2008566061737254,-20.37758823923745,-0.06569016849132414,0.11701364175604227,0.0016054247831882658,-0.5487206721434235,0.08716171547375634,0.3010078526030781,0.00038401772799918405,-3.141343589703106,-0.00011797565697707628
12.90365719795227,4.02970875359289,1.3564670753983434,-20.47356136840726,-0.07320280819186284,0.12018246114234454,0.0029986254154439358,-0.5487369750749266,0.08718225688147088,0.30101963694773365,0.0004571658152264249,-3.1412140643003847,-0.0002311380325966001
12.91365122795105,4.115481862426879,1.459238090179396,-20.264443840647914,-0.07446805629720359,0.12722050264333482,0.005326092713464003,-0.5487335466349492,0.08715849862004427,0.3009375838899462,0.0003650100520574986,-3.14130746812678,-0.00011803277555345587
12.923620223999023,4.0750061524562,1.5684780652446861,-20.38652373491055,-0.0760401351652991,0.12947965209424855,0.0033650931626461773,-0.5487242912158606,0.08716579714923352,0.30088314404816685,0.000420575716710992,-3.1412850861450443,-0.0001319105508514817
12.931598901748657,4.016478494941177,1.1623685293979011,-20.3481515971921,-0.07143100987463621,0.12256776567048082,0.005153270096464411,-0.5487342465573405,0.08717586875265664,0.30085958629904413,0.00032317361105239017,-3.1412876232495845,-0.00025419956903904335
12.939602613449097,4.177023398565516,1.2655859779728897,-20.485976531783923,-0.06124035878229181,0.1227679387185548,0.0024193467023788584,-0.5487188023927031,0.08718483239276842,0.3008012027517789,0.00034377074492793344,-3.1413352205879033,-0.0003193793702001375
12.949608087539673,4.019283266527893,1.0391495636785675,-20.32108735420455,-0.07366762452682586,0.12705298118897576,0.0017591362344474566,-0.5487303185568557,0.08717809583633285,0.3007345282050288,0.00042841771345664164,-3.141380059784882,-0.00021748951590044104
12.959590673446655,3.9438984071445327,1.5094974724130499,-20.503236767060265,-0.06436730237893529,0.12721675087827,0.0046242623729528375,-0.5487305489455596,0.08717835754246028,0.30070589005079923,0.0003429472700710746,-3.141334636466258,-0.00031840272680648177
12.969570636749268,4.147589289988782,1.325228522072435,-20.406936153222894,-0.06027323148122371,0.12277409254422686,0.00876897831241638,-0.5487289341339205,0.08716621460315924,0.3006351364580431,0.00043981016347669426,-3.141388434524155,-0.0002664989231802982
12.977604150772095,3.999889341305646,1.382541360256096,-20.36385234376137,-0.07135450700821169,0.11819733537189685,0.004665333099481017,-0.5487172976539497,0.08716839645665485,0.30058170415825014,0.0003616565139179488,-3.1414049484658753,-0.00029049342742042713
12.985665798187256,3.7638287300386963,0.8525684285465863,-20.488832623623505,-0.06557121204401949,0.12382953055538316,0.008824257041342496,-0.5487301597190692,0.08719467839240391,0.3005673705129081,0.0003109963064327112,-3.141324087994981,-0.00025996682277549757
12.993664264678955,3.958916104234198,1.2270938700440717,-20.238163039836103,-0.05606124050645373,0.12320820676351461,0.011833160723975947,-0.5487285274343422,0.0871826571521577,0.3005354252647999,0.000356856757755386,-3.1413218098918736,-0.00030886841546865965
13.001664161682129,3.752721847065113,1.127568418297433,-20.32404777817387,-0.06769845726638554,0.12016919344121009,0.00990867145369254,-0.5487297793868701,0.08717891679601485,0.3005060556586464,0.00037230432042803855,-3.1412752181120314,-0.000313913338994785
13.01173210144043,4.087134337462337,0.8735155953924566,-20.295186196269235,-0.060439312417478346,0.12381778654227665,0.01602037191332024,-0.5487229407960476,0.08715315833350926,0.30043487522719586,0.00037706716980470483,-3.141325209586386,-0.00022140439867033288
13.021662473678589,3.879666908468023,1.2619617907283343,-20.27913910500099,-0.06693209605637891,0.11369300079912804,0.009910164982238606,-0.5487183184848442,0.08717608774669858,0.3003981011850143,0.0003936127066708963,-3.141268044212199,-0.00024468121077544333
13.031614780426025,3.803887261881076,1.4258983863802752,-20.325559442672482,-0.0689079282306527,0.12088161780994129,0.006721569678541677,-0.5487124253528738,0.08715745777698729,0.3003494430414168,0.0004268983628615529,-3.141283437643078,-0.00025486722436429427
13.039646863937378,4.342932221834584,1.2788126595208396,-20.30587108006011,-0.06919967921148158,0.13137742971224708,0.007126615344563295,-0.5487199048112885,0.087173288569991,0.30032207688579465,0.00037452291137432347,-3.1412713638253464,-0.0003006386832843681
13.049584150314331,3.867081797563168,1.1596474322510537,-20.514980111195708,-0.07017965613958237,0.1236930622764631,0.011268428482237167,-0.5487256725411389,0.08717567743663193,0.30026491332668825,0.00033819012403890484,-3.1412793101616217,-0.00025642967670352445
13.059774160385132,3.941512360440677,1.3543997611887437,-20.38278456344055,-0.06783730154934178,0.11611585037585108,0.004483236461925067,-0.5487183659979793,0.08715221939605171,0.3002060155522641,0.0003595660443466028,-3.141304788739263,-0.00023301343321871154
13.067668914794922,3.795078487655814,1.232838377190895,-20.393065974640916,-0.06574428358957618,0.11670292597946386,0.00794183314251082,-0.5487330961589235,0.0871436405724983,0.30015858737131396,0.00042370170147711344,-3.14129260412169,-0.00026882006126192616
13.075706243515015,3.7092692398337554,1.3136832733257775,-20.365560155465822,-0.07326855262462435,0.1175842475017037,0.004924920820345531,-0.5487207404257938,0.08715970612935835,0.3001020213979954,0.00037424522590530596,-3.141280812124017,-0.00023183654149442335
13.085617780685425,3.810305053913566,1.0013947259597507,-20.469832947402512,-0.06231859075499216,0.11818215874883345,0.008840242833069684,-0.548729443750455,0.08718566111101121,0.30007443366406283,0.00034686379420300516,-3.1412991956777976,-0.00022755252920183576
13.095576524734497,3.921495181595836,1.4059411613767707,-20.198172893969375,-0.06796265636030968,0.11927009641672368,0.010869055248208435,-0.5487266701194481,0.08716665965947218,0.30007452753860253,0.00037592494879626494,-3.1411807648361725,-0.00022097281262584517
13.105652570724487,3.6603028783847837,1.211406757622966,-20.378932384790357,-0.06847605539757297,0.1144107546415024,0.010236322216894885,-0.5487264269925528,0.08719103000145993,0.2999665656397952,0.00027889571898625707,-3.1413100481193466,-0.00021878388872086655
13.115601062774658,3.8495863422178833,1.4205254616489262,-20.32906002525616,-0.07087894223211516,0.11833347143871095,0.008672755571467678,-0.5487320473393879,0.08716390525030626,0.2999080967930206,0.0003375460739019502,-3.141346446473902,-0.00022399579989575402
13.125651597976685,3.966807680076722,0.9492880916869044,-20.514120732329616,-0.08139377720583357,0.13129925852131,0.011160517162667373,-0.5487248320389176,0.08714359509586501,0.2998795395434907,0.00045177197183064684,-3.14123147033898,-0.00015460089947060885
13.135605812072754,3.8844695321510105,1.4438896344266725,-20.330523536310235,-0.0671294996892211,0.12540472742758169,0.005698281175501657,-0.548725248740461,0.0871857587774807,0.299813384711014,0.0003340789689483745,-3.14130121705038,-0.00011510383165163434
13.143625020980835,4.259624322543351,1.5757120648773328,-20.3727922329949,-0.055328080361424364,0.11567922579768697,0.010251519870445393,-0.548726752979012,0.08718583115515288,0.29979662098910087,0.000304675495624198,-3.141234439760471,-0.0001920896021916566
13.153635263442993,3.6832913180797124,1.0719360555776611,-20.427678174116664,-0.0715160748434617,0.11681212001781441,0.01055669445938451,-0.548732604558479,0.0871389799218408,0.2997176921978837,0.00045449736855572413,-3.1413195634984716,-0.0001251153556952908
13.163625240325928,3.807398920707355,1.4803015993708852,-20.244919060753382,-0.0816713764246374,0.12612920795931054,0.006483112671094504,-0.5487306880516976,0.08715505448805679,0.29965427848339643,0.00043837575338965363,-3.141285710039916,-0.00011722450345935789
13.17163610458374,4.1845606130018025,1.3394716795299209,-20.27739830395201,-0.0720065201931658,0.12229404117649167,0.009842619993481955,-0.5487287034015237,0.08716442094197702,0.29962823363550817,0.0003971720326623789,-3.141281120842915,-0.00014584115395333553
13.181670665740967,3.931097286797543,1.1895711130259066,-20.44576283788113,-0.061229356700161205,0.11525780558935231,0.017086869036614036,-0.5487542747010041,0.08716350757682453,0.2995877014089389,0.00037481345164530497,-3.141208857568904,-0.00017344276324170603
13.189623355865479,3.7426079339813505,1.0817606617952296,-20.445186156515977,-0.061711222129379364,0.1183527099184238,0.01159894019488115,-0.5487499618961503,0.08715570324948646,0.2995284177097374,0.00037587534683917914,-3.141238012961059,-0.00014521086525916185
13.19960331916809,3.8501515055605773,1.3703968669843922,-20.313568545936747,-0.06890087374393677,0.12110731123783111,0.007693558325129352,-0.5487464996817475,0.08717406501430795,0.2995135332835366,0.00029949016519750023,-3.141201372151531,-0.00013987012339346924
13.209694385528564,3.9143812983212833,1.0242740695894235,-20.32906744143165,-0.06359014527583051,0.11960254725826396,0.017302552005684948,-0.5487352941386132,0.08715196413502917,0.29944267733478414,0.00035886814891059033,-3.1412806424704134,-0.0001588161467712875
13.217618465423584,3.681772674849903,1.3191642194273683,-20.280657399795107,-0.06564379318737737,0.1122266278197915,0.01984592222364325,-0.5487496029888741,0.08717711707127164,0.29938512768785813,0.00037712574876045085,-3.1412923749113504,-0.00014063108869850734
13.225581407546997,3.77042220137624,1.4392015507627345,-20.216137682904975,-0.06921427673883496,0.11847771991779084,0.013186651639737298,-0.5487473042333554,0.08716637909588991,0.2993464719177076,0.0003269284505525032,-3.141237445650464,-0.00010469338696027648
13.233599185943604,3.9348894320403898,1.5184887993958889,-20.23820617070956,-0.07329316562219283,0.12175934048411469,0.01125111119946579,-0.5487434111650994,0.08714920723784426,0.29929232747333023,0.00047262228412087696,-3.141257669168943,-0.00012138753269355613
13.243611335754395,3.7910587987030535,0.9417630190837704,-20.3652294337288,-0.06327107839251826,0.11764466876727403,0.019309882404853224,-0.5487466310676645,0.08716129514989093,0.2992705100824046,0.00044765047529248984,-3.141259669583213,-0.0001400866963019664
13.253623723983765,3.7700223896118326,1.5670835976785757,-20.15258430312579,-0.0727989596317691,0.11365728196108725,0.011678303863141427,-0.5487429066981842,0.08717382039565864,0.2992196131824991,0.0003763407210803266,-3.1412487090285435,-0.0001384100444296671
13.261674642562866,3.6247874176899724,1.1052618076277407,-20.309824988355462,-0.05937902813496721,0.11195346312109342,0.010401002512148436,-0.5487518572763297,0.08718015084771137,0.2991284361054794,0.00036583242241810664,-3.1413034248190157,-0.00014414589446004147
13.26968765258789,4.033399449632087,1.2490894591723307,-20.241695312641617,-0.06743063813694193,0.12433080016773354,0.008680121485692848,-0.5487530070341056,0.087203111371471,0.2991303300498517,0.00030881637668206163,-3.14125490846604,-0.00023217031552806455
13.27760934829712,3.7910818788843006,1.2559072857552012,-20.401055291858157,-0.07157084374153795,0.1142135472054808,0.015946268759714926,-0.5487533141333447,0.08719889707559426,0.299103873179927,0.0003521496711801782,-3.141180215294686,-0.00020215326298045233
13.285624504089355,3.91545561848776,1.2755007948984387,-20.39954108600733,-0.0737170001067236,0.12170680043385149,0.011102842460777605,-0.5487309443604247,0.08718930396638665,0.29899882848424275,0.0003074483379453535,-3.1413887040062356,-0.0001420014246811068
13.295597553253174,3.988722021162031,1.4841704271215892,-20.30900791244748,-0.07205206271893176,0.12195489749324295,0.012378956839090608,-0.5487628701522103,0.08717088346572596,0.2990247507196421,0.0003695626655149834,-3.1411911476012326,-0.00019377000582695397
13.305654764175415,3.7931993969680584,1.113873164036856,-20.190302516349476,-0.06956534654053004,0.12029270142369995,0.0157900562520575,-0.5487647971866745,0.08719633838235298,0.29897233631497433,0.00037590097840018653,-3.1412268336727984,-0.0003311561477612143
13.313613414764404,4.076597131183225,1.943364812461822,-20.175900337987816,-0.0666752480710007,0.12287616484487442,0.012450605881236615,-0.5487358399925855,0.08717576266747255,0.29886873942673436,0.0004024418074029797,-3.1413621662644653,-0.00026227290480806894
13.323622465133667,4.136413900774715,1.2705767487845427,-20.330215083395363,-0.06850071867519121,0.12341466905744705,0.014342466571063067,-0.5487545353909329,0.08718743775094948,0.2988654061987707,0.0003848998502204688,-3.1412441681714918,-0.0002514834640132831
13.333672761917114,3.7107707470765052,0.8238982582984243,-20.21296863305818,-0.07252743713321258,0.11737628213552663,0.007489236840703426,-0.5487582056990009,0.08718829830501706,0.29881029556596517,0.0003245036317748716,-3.1412641669240835,-0.00023751546926262986
13.341669797897339,3.4559167476817807,0.8705165492285288,-20.47993755133034,-0.07016690454610323,0.11486713465977151,0.015044347790267984,-0.5487594836163119,0.0871550620597586,0.2987466194481299,0.00042689640169343395,-3.1412830872774955,-0.0002183783275952281
13.351679563522339,3.950794547293441,1.2169780450485286,-20.409856190269583,-0.05783605346363002,0.11218597756463744,0.01714342821780032,-0.5487548683199385,0.08717322333965855,0.2987037339332649,0.0004251294206337668,-3.141327696040448,-0.00019407778843873126
13.35976767539978,3.8913199840868242,1.4644349142362314,-20.330927569383135,-0.06979807593072702,0.1118637695495078,0.011311931990254157,-0.5487377092180836,0.08716522900972752,0.2986841664781906,0.0003631895787781695,-3.1412598444413065,-0.0003495304378578334
13.367691993713379,4.0728814966351345,1.2615756301095682,-20.324867382285767,-0.06447348702321645,0.12434211580273596,0.013081303008193683,-0.548759246504977,0.08716714434579456,0.2986147355036586,0.00046283961908272995,-3.1413003891472537,-0.00025375883434102875
13.375629901885986,3.936377946018503,1.1569232292545162,-20.528032521102357,-0.06177326739505686,0.11812840285947533,0.0172887757213368,-0.5487423365750557,0.08719515606495508,0.2985791756429427,0.0002951099439750924,-3.1413247790967604,-0.00030044837390504373
13.38362455368042,3.6793876115663826,1.1495613560258702,-20.45100163025495,-0.06833015484244527,0.11634384011462967,0.017762366697840152,-0.5487729924827258,0.0871772631719697,0.29856513434623433,0.0003802635698969274,-3.141224159181731,-0.0003308618410044858
13.393635988235474,4.1865630719372495,1.355820691835785,-20.3176650912612,-0.06400452699441465,0.12475290367537328,0.015574946999138601,-0.5487485790246411,0.08719944384634488,0.29855013053848134,0.00033701388802510933,-3.1412104367593052,-0.00044510840886382246
13.401583194732666,3.8730673841042917,1.2396053270335723,-20.355532661051306,-0.065384759585723,0.11779445502000327,0.016755352090598225,-0.548757498485368,0.08719491641089579,0.29847647217950796,0.0004019413444685953,-3.1412251564870015,-0.0003369395882448083
13.409580707550049,3.992859223646444,1.4080376543895947,-20.233950896292278,-0.07235957355207318,0.1222525579304355,0.014487296005846188,-0.5487540832592464,0.08718711014996385,0.2984288927266355,0.00036317334947726776,-3.1412337220829114,-0.00027208368432593907
13.41758942604065,3.9841638159503803,1.392872090771549,-20.19877139442401,-0.07107152496332221,0.11886610882410475,0.003959517164708992,-0.5487491153852366,0.08717879229770653,0.2983693596849701,0.0003307927567347503,-3.1412995378093025,-0.00020185471170225278
13.427614688873291,3.73620361349813,1.5556435642492,-20.41783837561462,-0.0718845688539154,0.11102326390682496,0.01351068444068009,-0.548759578866118,0.08716899880709919,0.2983658309353785,0.0004415591192550356,-3.141188059308132,-0.00028250161442958777
13.435624122619629,3.7232423378450017,1.0993916735800664,-20.182995918864297,-0.060938337805935515,0.11350451775085872,0.017797661828979724,-0.5487618193155482,0.08718695272990276,0.2982879287113148,0.0004326560398295893,-3.141280571328241,-0.0003098387167257776
13.445581197738647,3.6884902728127598,1.0969372458367774,-20.328099618343778,-0.06548459478460082,0.11414402979983533,0.011336587535519057,-0.5487517070042816,0.08714422278818418,0.2982318053129414,0.0004709533726154914,-3.14130289351486,-0.00014394390479571044
13.455585241317749,3.8260437896215778,1.2404802661437633,-20.36012267324937,-0.06984487302941952,0.1162865647963926,0.01729805873135734,-0.5487562246400638,0.0871619607157448,0.29816955403710893,0.00040932671810900233,-3.1413309370933726,-0.0002269282543644496
13.465709447860718,4.154264618745127,1.3090140898539764,-20.443426124212248,-0.06429051917518969,0.12372673605807886,0.01170208413192714,-0.5487479683317535,0.0871630386768771,0.29814103020318217,0.0004268574923081957,-3.141297245199414,-0.00019989426700031267
13.475650548934937,3.5361997375949255,0.9843259309691743,-20.322345658346467,-0.06159302422475984,0.11075496915613366,0.023928713258400038,-0.5487379587374666,0.08714568869970257,0.2980631014174877,0.0004609668008307957,-3.141378594403715,-0.0002449875246643179
13.485594034194946,3.8074036450226396,1.3034534037353043,-20.430999096750043,-0.0711716171312877,0.1175058764659925,0.010849000943920313,-0.5487634229189257,0.08716234446183266,0.2980220250801252,0.0004694683322626421,-3.14128515162041,-0.0002475665240466913
13.493674516677856,4.46089090457162,1.4602907082824226,-20.24453535714158,-0.07058200993721017,0.1293542186823101,0.023299375979391183,-0.5487417812664178,0.08716650028250306,0.2979694311970389,0.00042597215216406834,-3.1413474888612276,-0.0002283699951437092
13.50161099433899,3.9758906572515618,1.1339724780246632,-20.41351685580262,-0.06367362111364834,0.11588568315734817,0.016991276094581297,-0.5487580200309836,0.08718119085014499,0.29792960508966754,0.00038589951151297487,-3.1413086317047876,-0.00018931144183481716
13.511677503585815,3.9787283246777583,1.3000219143787717,-20.160488172331775,-0.06719885793054257,0.11725299447011524,0.018350089857307728,-0.5487578438071369,0.08718458348257489,0.2978729291268208,0.00034899857112920615,-3.141309211687446,-0.0001750851090284736
13.521607160568237,3.9761428626935857,1.1505505929641788,-20.20386593505104,-0.06567992579658762,0.11232344351844815,0.01566997769896946,-0.5487589510782453,0.08716625709316898,0.29788356410525024,0.0004525051548570021,-3.141219476616911,-0.00023913000492017367
13.5316743850708,3.846608815505973,1.6609347025871368,-20.25873969560985,-0.07454628646309622,0.11864574947678516,0.01925851228681737,-0.548759673756229,0.08718250209779267,0.2978075119178874,0.00040301011167699397,-3.1412574271524933,-0.00027800847281420256
13.54174256324768,4.001110071832845,1.6816038573322043,-20.344889694204266,-0.07269587902636478,0.12457809854451067,0.009355861189018436,-0.5487561546216164,0.08716772698716874,0.29778874098420804,0.0003781268429600903,-3.141180662502679,-0.0002713259707338853
13.549699783325195,3.7614943362658213,1.1859274165006355,-20.271896733807413,-0.06435335734682607,0.1112539824042887,0.018593603749499633,-0.5487638450685864,0.08716930658243552,0.2977274365268112,0.00044399032491841185,-3.141236508250949,-0.0002483407862293128
13.55767011642456,3.9633836865719307,1.4675546617689517,-20.26139084021807,-0.07236892660915588,0.1185741182880086,0.01919991039191042,-0.5487559083820005,0.08716440247613857,0.2976466748682421,0.00036829961594311974,-3.1412819263623932,-0.00023585204384175896
13.565710544586182,4.236426031528761,1.5924118741427868,-20.342740759189603,-0.07379436520999604,0.12477393755938897,0.012444325841073283,-0.5487510809519476,0.0871726399684241,0.29763448258056735,0.0004017982239453449,-3.141259104548657,-0.0002246879768412155
13.575617551803589,4.227502914856152,1.4447809924481378,-20.308106270425196,-0.06786897999144137,0.1249959330927821,0.020276837251161268,-0.5487448101525536,0.08715125228498895,0.2975861099142015,0.00037115703284428306,-3.1412879792974264,-0.00018457711212973836
13.583626985549927,3.9832084173899136,0.8987420359917481,-20.254684870483015,-0.06031216623647898,0.12219948230028407,0.017961005651996587,-0.5487429886919198,0.08719970495152443,0.2975501715035049,0.00034647805285371793,-3.1412315404656272,-0.00023424118938516222
13.593669176101685,4.240163976175221,0.9584444769260042,-20.19382734559841,-0.06030903454901723,0.12466593500961143,0.01780822796206724,-0.5487527196289999,0.08715992519756253,0.2975014960452922,0.00046329482264241035,-3.1412606839117365,-0.00020620238923586094
13.603615760803223,3.8364320131859238,1.3844812613761253,-20.39779704905549,-0.06756032995158871,0.1142986888916102,0.023573688330937894,-0.5487512483034838,0.08716826680925698,0.29741195768804907,0.0003664895490557553,-3.1413364510713837,-0.00021996576222504713
13.611582517623901,3.726717139863926,1.1902902398900954,-20.448066909801174,-0.0645713883982215,0.11384300319386291,0.01620985445709551,-0.5487529167062292,0.08718213554484808,0.2974150308481945,0.00033793237540939453,-3.141207539184849,-0.00025531647913181675
13.619606494903564,4.208465138959847,1.46076120108607,-20.359163161106167,-0.07072157651585637,0.11905783618393526,0.01626342295229114,-0.5487486720997554,0.08717799130456023,0.2973584712620549,0.0003758336220360588,-3.141274307389857,-0.00017478203738814413
13.629612445831299,3.636642673203341,1.0749169800098397,-20.379627153474335,-0.0634026481104854,0.11737172247944873,0.0236489603718338,-0.5487432717896802,0.08717314843514287,0.2972945313458947,0.0003769235080645746,-3.141324631587187,-0.0002129333581646321
13.639586448669434,3.7593207756579683,1.4334667861860473,-20.318144538353355,-0.06789969295767288,0.11616146026178756,0.015883384385722763,-0.5487475748317171,0.08716105373228948,0.2972550975450098,0.00036540955103998504,-3.141309889085354,-0.00027806353881442515
13.647605419158936,4.109227107518887,1.295547482147128,-20.38645839548312,-0.06890397539663787,0.11490051752814957,0.023223031563086506,-0.5487493620043679,0.08716124602096836,0.2971948597583525,0.00039743294727589404,-3.141320348041177,-0.00029058701258448746
13.657660245895386,3.750078040357768,1.290239389936921,-20.307742449329044,-0.07172868284908303,0.10937436243771191,0.023218539966452394,-0.5487543206873545,0.08718744558517068,0.2971904980212504,0.00036137429324411137,-3.1412660065312865,-0.00029792813566774455
13.66762661933899,4.056762809143433,1.0493380106292076,-20.44380269003078,-0.05982787802390033,0.11768120846739998,0.024288311167241977,-0.5487648022778652,0.0871707677646452,0.2971277678847866,0.0004892777259051687,-3.1412719998979677,-0.00029308054408770456
13.677559614181519,3.9088704288751432,0.8005165012158156,-20.530841708866777,-0.053003275372594444,0.11973836714930297,0.02878495873092288,-0.5487601337580359,0.08720007526611,0.2970540216971693,0.0003431560023668541,-3.141292317642353,-0.0002510084937574976
13.687600374221802,3.833893236096168,1.1825083849281846,-20.418152874151367,-0.07053192084203273,0.11416154327854842,0.025821517166640207,-0.5487469626014065,0.08714202361471607,0.29698189311630363,0.0004632393626553269,-3.141293214020193,-0.00019229870992772423
13.697626829147339,4.170549113891682,1.1457919162770807,-20.338198795902144,-0.0675893019072025,0.11732426123002627,0.021556302438953998,-0.5487532700530466,0.08718678960708301,0.2969987979846343,0.0003916782875059028,-3.141229113960002,-0.00025595808508688044
13.707649230957031,3.82147976719391,1.2979247528835058,-20.40114583077421,-0.06400460672134849,0.11389753262457787,0.0179661755976292,-0.5487550353374278,0.0871683473094625,0.29691484049100614,0.0003878438858552722,-3.1412751113682216,-0.0002243999259474902
13.717619895935059,3.866019643166713,1.1781889119764242,-20.412717952782792,-0.0663273147815417,0.11901474388647189,0.022689793447343416,-0.5487506784499346,0.087186705747587,0.2968839071663095,0.0004021247220671904,-3.1412004748516504,-0.00021620603506580433
13.72766900062561,3.700481829260005,1.285457012267969,-20.36410190387347,-0.0734854205638557,0.11650997525896142,0.02892999467268399,-0.5487388053789222,0.08715962782530645,0.2968328937900033,0.000393285369973977,-3.1412471339058263,-0.0002487495484464213
13.73760175704956,4.059535931484872,1.4741720435790657,-20.197084059078094,-0.06967077535223665,0.11862250078110298,0.018836988623889453,-0.548750471775786,0.08715857168706233,0.2967487649415243,0.00042212733638432285,-3.141304490253805,-0.00019682911345577915
13.747647285461426,4.089784539848884,1.2912300547293247,-20.245983947572185,-0.059464347655794836,0.11641056243155591,0.02243340483892356,-0.5487417458538466,0.08714997175268041,0.29671414791490436,0.0004685989274955712,-3.1412460979287187,-0.0001916119076547483
13.757699489593506,3.793055005967759,1.2366886774695116,-20.40938306820932,-0.06988127426127513,0.1112617941761649,0.019506329629203213,-0.5487422614773307,0.08718182131970027,0.29666163281495267,0.0003343184372919592,-3.1412552703912797,-0.0002765897778716729
13.765794515609741,3.954881954058191,1.4658676324773043,-20.252976605746813,-0.06959062848413396,0.11575039435939792,0.01997206743266838,-0.5487581882899275,0.08716722443702996,0.29661472353993434,0.0003665117202309608,-3.1412686167129293,-0.00023144619868538835
13.773594856262207,4.036577061262311,1.2759648231354066,-20.226313247117876,-0.06899009933886677,0.11970960867876392,0.019489260966311074,-0.5487487408840624,0.0871410087069888,0.29657708993160203,0.000511355274969486,-3.14125708589527,-0.00019451407425094354
13.783631801605225,4.203318671579823,1.462967479175924,-20.257518855700294,-0.07045084563184625,0.12017338268798902,0.02177340773722866,-0.5487357825995626,0.08716271506303216,0.2964989334846878,0.0003377924619726305,-3.1413454594649743,-0.0001919830688495421
13.791709184646606,4.252468819675215,1.1549541267489936,-20.202865532621008,-0.06676257874127646,0.11929226969352695,0.02378812277378835,-0.5487544334482133,0.08717905358754599,0.2965089633470249,0.00036593791586023166,-3.141207883695097,-0.00022838300027448155
13.79960012435913,3.881952977475643,1.3383583963197982,-20.108351518172125,-0.06822190291067279,0.11648238867115024,0.02736257893195205,-0.5487625069518488,0.08713986129293128,0.2964393297002417,0.0005147609165008718,-3.141222900257292,-0.00015166179980376248
13.807678937911987,4.170420642852324,1.3262420490536961,-20.180446127039822,-0.06601319377298812,0.11628124052740989,0.021071261613002656,-0.5487549262162377,0.08717120649059235,0.29640866762553736,0.0004002928099311107,-3.1412171239111872,-0.00017773928929478786
13.815614223480225,4.070157289623722,1.5483597886470741,-20.039834911023174,-0.07023759305071907,0.12446865883025021,0.021182479674007666,-0.5487677744139671,0.08717419352404471,0.2963466874550251,0.0004460594370357727,-3.1412637262514496,-0.00017952514060006025
13.825650453567505,4.086736042609792,1.185273441217869,-20.237632521049854,-0.06495573976760917,0.11578959304566246,0.02065572888660893,-0.5487439010391403,0.08715149646780691,0.29634330586155894,0.00045165659731805145,-3.141212258388589,-0.00027727479473375373
13.835626125335693,4.286689291006756,1.213488799997581,-20.081316567816746,-0.06562872096470106,0.1154356587161517,0.023876605922638246,-0.5487432552154776,0.08715666249990409,0.29630303832051763,0.00042720974975596733,-3.141195600075799,-0.00022591768062796855
13.843659162521362,3.8606839792347265,0.9038398200244608,-20.155171851266577,-0.05829934103174587,0.10878552358505321,0.024115663109151468,-0.548753985867676,0.08714930937092157,0.29625376774741163,0.00041532010882921956,-3.141155248585796,-0.0002566284892404839
13.851670265197754,4.392076108706779,1.368204931064865,-20.06781500750614,-0.06915006848299772,0.12535314813054374,0.026604432509987386,-0.5487531347274679,0.08716161593307042,0.29615418469129345,0.00037720891050685906,-3.141283921874222,-0.0002224658245525229
13.861741542816162,3.8847695972850924,1.3635806103137555,-20.129804464561456,-0.06824110506312654,0.11201315007057198,0.024395439970972998,-0.5487551555869915,0.08717411027322679,0.29614281066737813,0.000416969104555764,-3.14122951980028,-0.00021427504624264637
13.86972713470459,3.9275076701797764,1.2412924980547637,-20.20437951323772,-0.06589225333770127,0.1150010877021396,0.023246235906045548,-0.5487610307778913,0.08717046672260408,0.29609636982408555,0.0004007124050352172,-3.1412328411821924,-0.0001959841320048955
13.879682779312134,3.9499643161875393,1.3290509464611997,-20.123751593193248,-0.06640840263180514,0.11322754901191247,0.022253088481775908,-0.5487498096804728,0.08716102504066636,0.29603922568407465,0.00048386957259941254,-3.141293800838393,-0.00019309636318103955
13.889693260192871,4.037052066497879,1.3821581717705953,-20.16465059562528,-0.06991322072026293,0.11920254726154844,0.015091424873057452,-0.5487586851080225,0.08717394240051658,0.2959679750818989,0.0004081648996663318,-3.1413046972121257,-0.00018248552416886817
13.899672508239746,4.06012051313446,0.9335873967882349,-20.32653461993964,-0.06588376921098539,0.11837552573970193,0.024762803793356523,-0.5487685817488652,0.08717572183170587,0.29593387401478943,0.0003711632174010214,-3.1412598284140696,-0.00017581722522681096
13.907681465148926,3.870477762788436,1.1879074183755916,-20.302550794847924,-0.06611372729479086,0.11285061210857679,0.033869869887226844,-0.5487747972341612,0.08715636985397214,0.29590063935932376,0.00043689510664478005,-3.1412133942995593,-0.00020098754045647533
13.915634155273438,3.9074943025937565,1.1023162088450589,-20.27687547136319,-0.05988906562572592,0.12029912971979044,0.026762927389178046,-0.5487713822381631,0.08717591789022085,0.2958469315994072,0.0003657640306427423,-3.141259002358139,-0.00020347453603562657
13.923586130142212,4.305267845557299,1.323552924205354,-20.1615742189618,-0.07015804793055225,0.12325504617986435,0.0186029401454675,-0.5487286205618858,0.08716008275839686,0.29580786520017976,0.00038105442311792506,-3.141292917387471,-0.0002590314793354672
13.931602716445923,3.9262817158551107,1.3988046018572633,-20.189871927660047,-0.07038890857738332,0.11229530064074164,0.019611046044359648,-0.5487549437546448,0.08715532589919164,0.29576562214395297,0.0003810794820410732,-3.141274695447385,-0.00017065896439630312
13.941635847091675,3.971836314709494,1.050463250004226,-20.505290846120037,-0.061381566258565244,0.11752354295111438,0.030061321428325283,-0.5487625211430259,0.08715286273480846,0.29571678237306326,0.00039411431820016206,-3.1412813293740287,-0.00018833175438692437
13.949679136276245,3.9916089153395675,1.5488279852366227,-20.203611244137342,-0.07113955069769032,0.11529373840167628,0.026704331979106467,-0.5487776537183104,0.08717756202090747,0.29567252720164683,0.00043554201808756554,-3.1412849260786135,-0.0002552724064788016
13.957605123519897,3.9027518056072856,1.1618225456346987,-20.16530107292306,-0.0652954962825165,0.11481498361220925,0.023877077876720675,-0.5487731638658091,0.08717148385337452,0.2956411859380959,0.00043677624454621406,-3.141250005576183,-0.00028503030290349355
13.967695236206055,4.031734983424566,1.1782493291005494,-20.145805201312374,-0.06739435036559728,0.1119310962391766,0.023515765299825783,-0.5487580771873043,0.08718347580943224,0.2955906074738325,0.00035903706351392165,-3.1412808862762907,-0.0002565626508230335
13.97770094871521,4.110793612659589,1.3945543496608157,-20.26219864493674,-0.07340555462818103,0.11077085587402015,0.025545074691873622,-0.5487788475706169,0.08716702905975242,0.2955693434650341,0.0004722392406160758,-3.141169243128192,-0.00027375486094364913
13.987649202346802,3.8570120233952716,1.26544397787595,-20.31261489750556,-0.06411660926333544,0.11443958754274837,0.027492043261562845,-0.5487484390572347,0.08718463316271723,0.295481800712144,0.0003711271354980738,-3.141292231137319,-0.0001856750002429726
13.995592832565308,3.820077782295078,1.4639541180987237,-20.347545333317598,-0.07233059677217424,0.1122191482637095,0.02569119990760068,-0.5487810927023117,0.08717279182565202,0.2954419660848718,0.0004255959488086229,-3.1412558655759075,-0.0002863124813346263
14.005648612976074,4.091929257188605,1.3917685397462758,-20.32482576123487,-0.07100161349826213,0.12341377112546137,0.024562773385069885,-0.5487560420985875,0.08715662966116006,0.2953842747328971,0.00041616171406368916,-3.141278562956497,-0.00015501249648617333
14.013613939285278,3.8752230963595906,1.4445997989928279,-20.207284625115502,-0.06709091998604795,0.11503479723415976,0.029940354354551786,-0.5487680411301337,0.08716786817728729,0.2953368592330331,0.00039767943690471587,-3.1412838573255173,-0.00017932396664195626
14.023597002029419,3.9308251287736886,1.417577629209357,-20.229060152630588,-0.06860133757729665,0.11401935419470621,0.024355864166221694,-0.5487721132615635,0.08716730903421314,0.2953221053171119,0.0003968600978929292,-3.141260902953937,-0.00022994799029177058
14.031613826751709,4.036173051487369,1.0279311946381546,-20.284037455190177,-0.06021290793019409,0.11940637228645837,0.029939064130543997,-0.5487779000764036,0.08718204894251569,0.29525979958078885,0.00046544965871353803,-3.141225769287033,-0.0003000882416678415
14.039632558822632,3.9283220914533574,1.170314504872326,-20.358163434210415,-0.06796143910437227,0.11349570800723048,0.02768328189765178,-0.5487668455534664,0.08716477346381557,0.29521276738989877,0.0004978563620112419,-3.141299047081081,-0.00020316188537363147
14.04764437675476,4.078543464666496,1.0486285440662098,-20.347989409128612,-0.06409169800222081,0.11419988328013635,0.021029592156376536,-0.548784594413739,0.08718108298065247,0.29517642468604377,0.00040314006882797725,-3.1412525178746846,-0.00018463303631679532
14.055600643157959,3.8474981539060606,1.2015351795111626,-20.29103211868369,-0.06407123963546692,0.11716458211341556,0.028170290608414104,-0.5487703584267328,0.08717686755325423,0.2951000080254538,0.00040277613360276463,-3.1413138563786958,-0.00013490016157351197
14.065787315368652,3.9715726324646035,1.2801183504347284,-20.236411298388866,-0.06732046599287055,0.11844492860046314,0.02672989948317519,-0.5487775359010062,0.087170118660523,0.2950963806979987,0.00040212831300018596,-3.1412550621331854,-0.00021008884850625905
14.0736722946167,4.183863621674509,1.8010303660456464,-20.191878041710286,-0.07851602854704458,0.11963803990750281,0.020501826904177064,-0.5487726986705881,0.08715840019369919,0.2950089361199911,0.00040326438429032734,-3.1413327353738882,-0.0001576120339860566
14.081662654876709,3.905456444120478,1.3766202620748822,-20.36700691474861,-0.0700887604037431,0.11729178608281925,0.025316291675985998,-0.5487779721476357,0.08722136195878548,0.2949834193856787,0.00020605799868161605,-3.1412713799104885,-0.00021070886000023294
14.089584589004517,4.0287809785062425,1.2639821680382861,-20.289552013221044,-0.06913712528650291,0.11600949058294212,0.025375646749949663,-0.548769594131813,0.08718929341990787,0.2949331183693481,0.00037554915590584485,-3.1413056162279864,-0.00023766505581427675
14.099594593048096,3.7593675600674605,1.2413841812891406,-20.399001302412454,-0.06393705772206337,0.108834658734057,0.029920309868407467,-0.548766995691351,0.08718260411540234,0.2948991615919707,0.00036198422436953877,-3.141317300443208,-0.00022212214962896896
14.10959506034851,3.8683729674040537,0.9734019895947262,-20.37967909482753,-0.058863314121657295,0.11463923538209572,0.026771937601351832,-0.548769649814033,0.08716105918862842,0.2948673689041278,0.000428029470386002,-3.1412963532248317,-0.00017936788726764574
14.119652032852173,4.131967767215265,1.6243807328956656,-20.412643139513087,-0.07518476914286809,0.11309824903267808,0.025124866857219687,-0.5487732382704508,0.08715267551597272,0.2948024375340481,0.0004953644506802556,-3.141309577152487,-0.00021028830476404307
14.129692316055298,4.261657679437031,1.358025309751003,-20.164192212007592,-0.06723152908905118,0.12138593267210465,0.02151294235088295,-0.5487717230063521,0.08715684540325751,0.2947831214598105,0.0003767523351230151,-3.141233768456642,-0.0001753969690518842
14.139673471450806,4.127977726646808,1.3676224811595603,-20.097839029419394,-0.06843024285964505,0.11699705933691107,0.02604348844030771,-0.5487740721675577,0.08715801845481355,0.29473010112580533,0.000483512867948196,-3.141253487019691,-0.00024608977360926227
14.149590015411377,4.323838226746531,1.3201153442028486,-20.280780142820365,-0.07089966932410695,0.12011420237092962,0.02653390096537296,-0.5487662297579392,0.08715494054632099,0.29468898332361193,0.0004328974056281124,-3.1412455040124017,-0.00021736024010052498
14.15759539604187,3.8626284893964535,1.5680311808052307,-20.283741568657323,-0.07161895002078704,0.11109196216944828,0.023770255683476706,-0.5487829577776525,0.08718251065877489,0.29464228514372015,0.00036463189901226657,-3.1412121500653076,-0.0002647227804679115
14.167729616165161,3.2824241417593756,1.3554363855116078,-20.322415826692158,-0.06916784279857413,0.09938941089269981,0.03313892014003819,-0.5487743623268172,0.08717175277617888,0.29457862571321386,0.0004436275976106205,-3.1412375727510735,-0.00017713326464489053
14.177592992782593,4.023286005168498,1.6616703334401992,-20.182803465772196,-0.07771850858516965,0.11493832084704012,0.03126748427396201,-0.5487682382723995,0.08716794694315666,0.2945178853689874,0.00043856464920820104,-3.1412858058568727,-0.00016716604145859584
14.18563723564148,3.9003703429042935,1.2291869980246188,-20.213317651497107,-0.07239668822588007,0.11150951657460759,0.028586589689754364,-0.5487649383636246,0.08719417627037661,0.294484865791857,0.0003279010439951993,-3.1412825374934084,-0.0002232345392576913
14.195637464523315,3.6548651498607976,1.3719665118027569,-20.094884578970273,-0.06883412994940392,0.11074736139225515,0.02260808268170917,-0.5487648933010922,0.08718079515670177,0.2944173738436684,0.00040931279297032504,-3.1412932372966025,-0.00013069838717947829
14.203637838363647,4.050027181945052,1.197663640121873,-20.024280067010817,-0.06731259094258475,0.11156156661563105,0.030072093719081785,-0.5487447994791789,0.08718398978646345,0.29436689539405286,0.0003560603557535009,-3.141367038584733,-0.0001884362248644727
14.211646556854248,3.7082775601175304,1.2807266999745208,-20.242276077597758,-0.06976742375575691,0.10653239118808462,0.027324575839418084,-0.5487662510483395,0.08717790171865225,0.29436111247295105,0.0003779883140150872,-3.141225570936301,-0.0002742152370444331
14.219636917114258,3.8195019685648726,0.7980104742463628,-20.376183258369704,-0.05539227840272773,0.11106791138645629,0.030845510266530193,-0.5487653928599935,0.08715561796607327,0.2942973093290723,0.00045603933779832944,-3.1412753348259326,-0.00024046482250443692
14.227647066116333,3.821362546118871,1.1474834900136197,-20.369547136299243,-0.059886618574730426,0.11290960998890891,0.0305354059767726,-0.5487576470113054,0.08719158457432234,0.2942580512076461,0.00030020287374631294,-3.141303500313971,-0.00026925364683268583
14.235647916793823,3.8183315211754194,1.4191939944735752,-20.254016513358746,-0.07294738026133524,0.1143227572884955,0.026617326184114047,-0.5487714371130241,0.0871848640567856,0.2942253328132914,0.0003883545898553319,-3.1412260982998146,-0.00016385059919779828
14.243579149246216,4.325569676179851,1.2082908317872263,-20.207625773647994,-0.06555278895680397,0.12405746190881517,0.02330945636418496,-0.5487655146605962,0.08718339857662644,0.2942231269972003,0.0003857933449013965,-3.1412075491432065,-0.0002198218016563663
14.253657102584839,3.56245871489144,1.2112429290651476,-20.391907170751402,-0.06707820546718725,0.10894250961264253,0.029990264022768713,-0.5487562176991101,0.08715901339630674,0.2941436316543915,0.00048101017332119385,-3.1413040527729663,-0.00019156656774624507
14.26163387298584,3.7094796997551094,1.1657869119016926,-20.392545514210113,-0.06678923498184186,0.10897930564815148,0.028732224327038886,-0.5487753288319607,0.08719144527161297,0.2941181924452444,0.000370116424160333,-3.1412124690194227,-0.00021505640422356208
14.269680261611938,4.01546698096941,1.316902718527146,-20.327465830192327,-0.0706391274554717,0.11123965326328195,0.03029620851874135,-0.5487646910830901,0.08715849915580215,0.29403679462498855,0.0003915702694960593,-3.1412707586279214,-0.00013960848629023578
14.277631998062134,3.914410252925681,1.2216684744743012,-20.263296728497153,-0.06464673562636478,0.11255273615203153,0.029638743900886808,-0.5487642390250099,0.08718173249722608,0.2939817501843727,0.0002691446736586536,-3.1412925073286373,-0.000196756840814637
14.28563117980957,4.257198013503468,1.484754631275118,-20.138709739731556,-0.07555954684188879,0.11962807438388698,0.03003680060559302,-0.5487612631053005,0.08714839453555624,0.2939617203072813,0.000444291162890462,-3.1412814877926554,-0.00018820093455890134
14.293725728988647,4.0168824334008875,1.4069117971785463,-20.23345949090438,-0.07100401654137393,0.11321097147951982,0.027107922101439294,-0.5487660241475706,0.08714722868565299,0.29394232946528415,0.00040491157775996903,-3.14128055624772,-0.00013901126551079147
14.303680896759033,4.117391680855281,1.3593331719499715,-20.331079950396855,-0.06749805219960098,0.12005262865396617,0.025540563220137143,-0.5487701081968356,0.08719436342367246,0.293871526020075,0.0003308989105279113,-3.141296117967568,-0.00024797634950159895
14.313619613647461,3.9863830653335115,1.3437968745220277,-20.25600609177362,-0.06899479598454712,0.11613064229469311,0.034333243503116555,-0.5487515565437214,0.08717713952736468,0.29383642311415714,0.0003432065933066112,-3.1412765884351757,-0.00018136923081942037
14.32365345954895,4.246151312149869,1.1476115825311373,-20.232418738606963,-0.06486278360087848,0.12517703768049493,0.0348949128971125,-0.54876613632453,0.0871957635080301,0.2937997412012249,0.0003324654489927711,-3.141242339289327,-0.00025218168186037505
14.331608533859253,4.178843027196531,1.1011959193077407,-20.21548366133655,-0.06497701610824819,0.11791349433039652,0.03496769608264422,-0.5487572875070534,0.08716568358526529,0.29372903048831167,0.00037767332622258895,-3.1412900993832884,-0.00015055296567286665
14.339566469192505,3.7243626848049076,1.1662373674621214,-20.266484654888362,-0.06467317458051054,0.11035124906362194,0.038164139381984215,-0.5487590193653844,0.08715968430418711,0.2937092052476643,0.00046562489713241945,-3.1412706645872643,-0.00033192399663982815
14.34756588935852,4.0883304796281585,1.3343488327070994,-20.329053560159554,-0.06890654627859831,0.11638418462620008,0.03388552969610084,-0.5487737101585469,0.08716396336397987,0.2936728169126426,0.0004776313425844515,-3.1412461291389544,-0.0002347465418539552
14.357611894607544,3.4491057602880772,1.402299853732874,-20.425179428399222,-0.06855497601068566,0.10249242213320503,0.03536787221939479,-0.5487588595549899,0.08716143635636794,0.2935986693028398,0.00040791194473657305,-3.141332375791527,-0.00012805784564027847
14.365617036819458,3.982523100952862,1.2972653682766766,-20.387105313090068,-0.06534239870313485,0.12018123381459682,0.03950662510288888,-0.5487732151411415,0.08716019444404663,0.2935762623430229,0.0004568831719533197,-3.141216180238972,-0.00017581331754942976
14.375630617141724,3.6521535540549372,1.351223523299532,-20.379972167123157,-0.06846867640786618,0.10745819338907617,0.03319950592454168,-0.5487562349932599,0.08717710053938355,0.2935248783507144,0.0004047371195144278,-3.1412524216037525,-0.0002209381995201566
14.385672807693481,3.702048982325233,0.7109998581071716,-20.357326865727114,-0.055918196433377275,0.11250143294998673,0.0423133920360976,-0.5487650990196303,0.08716344507782207,0.29348573167277053,0.00039136257916178464,-3.1412502177743487,-0.00020882085456863327
14.395626068115234,4.012140612106222,1.118912391946297,-20.26277593732307,-0.06662359605691495,0.11882945448175836,0.03447674930976503,-0.5487501537199405,0.08717012553787765,0.2933967141207802,0.0003408751662367986,-3.141336181546419,-0.00017843557710315726
14.403672456741333,3.8731134911014578,1.0821119799754375,-20.467385149326166,-0.06391523074791067,0.11503716716530554,0.03978347724174058,-0.5487536669913782,0.08717125124719087,0.2933532753457485,0.0003681811275595288,-3.1413195927350115,-0.0001456707205608155
14.413720607757568,4.002891206449363,1.0365525052858322,-20.387235094380262,-0.0625677294070731,0.11182506511345804,0.032168460823024485,-0.5487642047162197,0.08716135798560257,0.2933215150083198,0.0004532702056153522,-3.141282460428055,-0.0002053874055664521
14.42368197441101,3.919367554537441,1.3904560225075426,-20.367826120917833,-0.07393898221100416,0.11329723314705913,0.03354211364298716,-0.5487747789639891,0.08717496216950568,0.2932907383378547,0.00037195786922686645,-3.1412517060094802,-0.00026095407425343547
14.433600187301636,4.080945510051795,1.4698989964047369,-20.247980398770817,-0.073059991870827,0.11718525011518487,0.029630917606171352,-0.5487594414289926,0.08716242709810347,0.29323888037295376,0.00032690973608830095,-3.1412335325132505,-0.00018022863463175432
14.44361400604248,3.867001298931057,1.3879949681395478,-20.238411743028085,-0.07241120800791481,0.11153629294820294,0.03375497279695363,-0.548777999192311,0.08715996882413724,0.2932065501009926,0.00041857473168862956,-3.1412026948956866,-0.00022855387278020918
14.453617095947266,3.8839252420752297,1.1191592111730087,-20.31761798161012,-0.06391184411268333,0.11232808277095056,0.03085016841017754,-0.5487639490584346,0.08716751919378657,0.2931076987283669,0.00037589776158477857,-3.141294676829897,-0.00027282856682665134
14.463615894317627,3.9757233919286112,1.283566383646329,-20.249821142606248,-0.06946216850126087,0.1123680437948507,0.034683411428793394,-0.5487773626275587,0.08716868255671432,0.29309630629241873,0.0003953255126594106,-3.141230469812187,-0.0002053571513287869
14.47165584564209,4.156282967379189,1.427985978282344,-20.25178614781112,-0.07579356387856079,0.11657791332798972,0.03460400001802887,-0.548766987882612,0.08715952268560012,0.29304546506466644,0.0004175609033268118,-3.1412266638524344,-0.00017451677566746677
14.481671571731567,3.681875810110412,1.1373446525339603,-20.44369733397087,-0.06259433874751356,0.10995907645831197,0.039157451811351704,-0.5487537769946893,0.08717153045501898,0.29298328638942556,0.0003909149879403739,-3.1412746872541133,-0.00019306645501345816
14.489627122879028,3.850419454983508,1.3215822689094359,-20.30309879870722,-0.06889384144213256,0.11408042008982193,0.03573052123354329,-0.5487778137763675,0.08717407724410578,0.29294467038500827,0.0003787235492279566,-3.1412251036305276,-0.00021712061691182065
14.497646570205688,4.076309371653303,1.2897640835217548,-20.37227909512809,-0.06762344199697327,0.12027388587240338,0.039544333161854295,-0.5487503688585132,0.0871488976273069,0.292905810542771,0.0004247842387357896,-3.141285551679874,-0.00015380858695760504
14.507660627365112,3.8002108202519596,0.9899806106978511,-20.469277001460522,-0.061528164253378224,0.11302219948867048,0.03692232455979703,-0.5487606316028895,0.08716486421584328,0.2928379491185073,0.0004127631938089528,-3.1412859878642747,-0.00014932657457108347
14.515644073486328,3.803850147392575,1.2493609578697353,-20.231109136228756,-0.06611064393304333,0.11468196721237928,0.04601311493937309,-0.5487696702461884,0.08715301621154461,0.2928073910528963,0.0005160868038770057,-3.1412901781316074,-0.00019973237255054206
14.523660659790039,4.073989453828401,1.387324664700939,-20.195554387409807,-0.06779611249853341,0.11506905535993898,0.03983891251364546,-0.5487716888405234,0.08717698495130669,0.29276814894889835,0.0003560581437552525,-3.1412721734444364,-0.00016798352714641102
14.531628608703613,3.6964683320253178,1.3305914936586125,-20.074051296138418,-0.07179256826498898,0.10785155532838328,0.03587279347175646,-0.548748357120439,0.08714277275977331,0.2927069425444171,0.00044750997159667954,-3.1413453998784244,-0.00014708845694408264
14.539684534072876,4.263591667795009,1.611558407389937,-20.310851848482905,-0.07600581188402797,0.12153816269554056,0.034518240114066706,-0.5487723774364048,0.0871538600534402,0.2926778694925095,0.0003796046564234043,-3.141225218480164,-0.0001332871811717365
14.547671794891357,3.8776627805113164,1.3455595481243965,-20.1682549431131,-0.0669010924268867,0.10782302052190455,0.03659876968527903,-0.5487717688986372,0.08716416385941808,0.29262646441392187,0.0004240673227186529,-3.141321411487546,-0.0001967321190378485
14.557616233825684,4.201610057735162,1.4675967995250803,-20.330746106231803,-0.07116319124660582,0.112678917703414,0.039979392379447885,-0.5487762835745351,0.08716610791703798,0.29257759773189335,0.00048378936458737314,-3.1412998436040906,-0.00018259422026489628
14.567646980285645,4.262881114760258,1.3581874370846667,-20.166339316968617,-0.06399238465800298,0.11907376782349552,0.0353503135154762,-0.5487481377418272,0.0871696010079547,0.292510413819534,0.0003819350856426577,-3.141394874422828,-0.0001749002397369095
14.577611923217773,3.9251576985081065,1.223537696992967,-20.46385154081198,-0.06318252421762219,0.1100591401304261,0.03660129235816854,-0.5487747438226859,0.08718797290728715,0.2925140834877246,0.00035565321862005353,-3.141243795488306,-0.00022580782563235566
14.587599039077759,3.7751846059787693,0.8737422004256554,-20.35306168800736,-0.057510611214392944,0.10962532936708058,0.03809666267520256,-0.5487611889646604,0.08717203956772986,0.2924799866238923,0.00033790075379779255,-3.1412347605910647,-0.00019618636232928148
14.597691297531128,3.8314200469859716,0.965517532222851,-20.2244339202008,-0.056501818577170224,0.11116182068108406,0.03329299088548752,-0.5487636364119163,0.0871848906886192,0.2923967224811433,0.0004141918334680197,-3.1412696918557184,-0.00014112521223152812
14.607702016830444,3.9082894052236825,1.2802063262770134,-20.233078383650884,-0.06609029841900957,0.1131901878524827,0.03315219629695052,-0.5487752956472983,0.08717065936592851,0.29233447225796405,0.0003781761727517547,-3.1412702953928253,-0.00017066492256618545
14.617618322372437,3.7920878434941576,1.2608026015873475,-20.19444220462908,-0.06505019365618415,0.11247908691687587,0.030280916443490128,-0.5487662888963821,0.08717213378745949,0.2922733912778936,0.00042798894664111795,-3.141309838363779,-0.00019887865312488465
14.627643823623657,3.952551061139148,1.5080703626690801,-20.08718702667871,-0.06693650824248483,0.11411099000252205,0.03463380679060637,-0.5487719768184137,0.08716527283942577,0.29221554347610845,0.0003358982449655975,-3.141272177549739,-0.00011071753302682436
14.635665655136108,3.9997963621717854,1.3363623681282526,-20.14762450981948,-0.0684001702969159,0.10982502658337656,0.035460100494861146,-0.5487640460927393,0.08715466505373827,0.2921641847060966,0.000420652678151453,-3.141318768712207,-0.00015635532123395226
14.643624782562256,4.166934889413564,1.3631386167422084,-20.20202305117701,-0.06885158124861648,0.11551148540406103,0.033693508949907414,-0.5487814705602322,0.08716811224119615,0.29216496278874515,0.0004103513098061929,-3.141226424616803,-0.0002042451699052779
14.651624202728271,3.8492175610367534,1.3931655922936936,-20.215701936626907,-0.06804227079588226,0.11588037667575027,0.0340746591897951,-0.5487669233669495,0.08715739444447626,0.29208754679474314,0.0004621461085058642,-3.1413204103454437,-0.00018172615780703412
14.659639835357666,3.8181625244059103,1.1767108351164268,-20.276257243841883,-0.06930447857289328,0.1112617469876194,0.037337273602801806,-0.548780841759917,0.0871713302863367,0.2920933467855418,0.00043989417179761804,-3.141204324376011,-0.00016652856340292153
14.667653322219849,4.1711333521031,1.2396589209254378,-20.156435794908717,-0.06559314160319517,0.11581942432372082,0.03327300281367888,-0.5487713262359113,0.08718195934938398,0.29201472321124095,0.0003809219934245214,-3.1413016561077445,-0.00021574149849571005
14.675683975219727,4.255825935576769,1.542944139880607,-20.193560922270038,-0.07188919832712859,0.1181915218504208,0.031163942122803698,-0.548778228286792,0.08715399769988233,0.29199628562270175,0.0004978939538736276,-3.141244134528727,-0.00014691772276874515
14.683643341064453,3.7074523512157125,1.4479873494588784,-20.225743108466858,-0.07013153423762779,0.09976797935667839,0.0363716604625789,-0.5487719520370529,0.08721086644542408,0.29195752327966795,0.0003304077930696626,-3.141251081658199,-0.0002457428143905717
14.691622972488403,4.033597678201784,1.1613674432299874,-20.237518568218984,-0.0595211838458579,0.1138811649573201,0.04344306046625607,-0.5487656483982741,0.08715149358481607,0.2918714205694077,0.0003766671717977716,-3.1412929566679493,-8.355154815287541e-05
14.699638605117798,3.7391328193047064,1.3047162467317035,-20.335067552836225,-0.0681154646344836,0.10774247212128475,0.03764282157770523,-0.5487764617048825,0.08716789536539367,0.29189056381676215,0.000442253725383369,-3.141241190612827,-0.000273895018077637
14.707692623138428,4.0377486486637,1.3997679024302851,-20.30882764993753,-0.0724469424976483,0.11623728263787736,0.03458779114925007,-0.5487836650011472,0.08716759796968844,0.2918657097381282,0.0004100332557128201,-3.1412077613802523,-0.000204600410572166
14.717671632766724,3.878710413909133,1.3175410763482382,-20.295349216738384,-0.06929633621217039,0.10998699751531796,0.03454581621537992,-0.5487696597099252,0.08715277779036225,0.29181935580440715,0.0004133094587551623,-3.1412254058908444,-0.00020433674162833782
14.727624416351318,3.792543688077525,1.1090529028538254,-20.37089582074863,-0.06103522321295824,0.10490810368915969,0.03806856720851358,-0.5487666886130947,0.0871745631115383,0.291730616345954,0.0004319567298586893,-3.1412746968750804,-0.00015839881721162248
14.737607955932617,4.021668905877558,1.4237058368450606,-20.147979989186673,-0.06837224658367606,0.10648922401950676,0.037195403430454826,-0.5487775393249739,0.08717434034033639,0.29171582030520804,0.0004070102956987603,-3.141259486290738,-0.0002031549758954125
14.747615575790405,4.169454487627773,1.5938984845713535,-20.172054909307352,-0.07077154395637784,0.11940585564215364,0.03560836016018448,-0.5487749636472464,0.08717273686006609,0.291646204143239,0.00038260644749060557,-3.1412401929522975,-0.00017982963824914462
14.757638931274414,3.6646975438659233,1.3645774513186484,-20.268223126882862,-0.06525085353444394,0.10879749300682595,0.0290891561066879,-0.5487853395922718,0.08717324068162573,0.29158444569941644,0.00048205003796608555,-3.1412574363755668,-0.00025855006262541394
14.767605304718018,3.946100592324057,1.5190058429163467,-20.22497410663695,-0.07369757518480301,0.11030899551290141,0.033464868316844296,-0.5487913610884919,0.08717895515414217,0.291574130696003,0.00046200454577371384,-3.141192498656406,-0.0002735387650154649
14.777750968933105,3.9940033484479747,1.351142191051745,-20.230635339224424,-0.0651413529861115,0.1149019228748456,0.041452955729324274,-0.5487682615540274,0.08716669409924842,0.29148286659865963,0.0005365880704063169,-3.141279215728757,-0.0001792018292586814
14.787617206573486,4.232257771396292,1.1934287488800073,-20.370370960135155,-0.06396986363228647,0.11359773929501425,0.03971937391296375,-0.5487686208197051,0.08717622438180996,0.2914511658209537,0.0003734551047256027,-3.1412661381420848,-0.00018731951282419798
14.797703266143799,4.185004532829887,1.3414333012864461,-20.196981328357353,-0.06869405144288399,0.1081527730516455,0.039675848505957,-0.548784569415851,0.08716884485395175,0.2914287872881357,0.00043459400534203845,-3.1412076530748005,-0.0002734307169911912
14.805635690689087,4.307571629371799,1.4595259929454687,-20.206263885777,-0.07085578386355636,0.11375375394362358,0.03473620575495584,-0.5487721582263592,0.08717436270171175,0.29135833933313415,0.0004160164133350166,-3.1412057351741702,-0.00021832139330898865
14.813618183135986,3.8265952071603735,1.1337827070730981,-20.29054536481447,-0.061581463092938625,0.11456774031774852,0.04052696458543865,-0.5487790409310404,0.08716987730443777,0.2912940363462144,0.0004304074558825237,-3.1412547337838768,-0.00022005166111474107
14.823691129684448,4.094527345813938,1.1737153329262808,-20.231366755379675,-0.06629211396032904,0.11491364946635062,0.042824975414674595,-0.5487752101516842,0.08717070298209736,0.29128359594547454,0.00040314660905901335,-3.1412407017603847,-0.00022909132608163465
14.833613395690918,4.172626015087296,1.5456426928645761,-20.18818038731473,-0.07064375540170029,0.1146788492252461,0.033400673408183215,-0.5487640025674684,0.08718206353231367,0.29122418839667763,0.00037415874637866865,-3.1412728111495443,-0.00016396977103053724
14.841655969619751,3.9051316367780786,1.348922252192864,-20.15393982680552,-0.06854245786338804,0.1105035681213901,0.03651399334822378,-0.5487850167382087,0.08721283893974235,0.2911906866779375,0.0003816689039524908,-3.1412091735989716,-0.0002842656414060228
14.851664304733276,3.863656625495366,1.3776173319534757,-20.365891389404446,-0.06888885970066513,0.10738022388926838,0.03298452742766055,-0.5487945715999236,0.08717339338807986,0.2911130021104513,0.0004457989973629677,-3.1412478129928867,-0.0002219066837909839
14.861639499664307,3.8738933768743458,1.0608625693252283,-20.63241710610983,-0.062373466181004186,0.11067649134426752,0.03769932650144335,-0.548785464856772,0.08716090832964142,0.2910900729677969,0.0005388318008820207,-3.141213628269843,-0.0001806246102770543
14.871680974960327,3.724467385440058,1.0380281805887819,-20.392165862070772,-0.06484952876398191,0.11032272258265496,0.03812025288068784,-0.5487725409018801,0.08716923505437146,0.291053894424922,0.00041109749630186015,-3.141202586788143,-0.00018724543375166726
14.881612062454224,3.740692435048865,0.9150010907884571,-20.50511072325997,-0.05967895486463918,0.1133091038562102,0.036546373708359205,-0.5487828189786849,0.0871801416374098,0.2909903684200371,0.0004550870516773973,-3.1412060358777536,-0.00017109742365683235
14.89162802696228,4.018210366977168,1.258390531260247,-20.306339669904567,-0.06604330720881885,0.11807965312416978,0.02882863734596431,-0.5487844945437178,0.08714236665271698,0.29091755930259106,0.000551178040261511,-3.1412149927368964,-0.0002127289431536834
14.901669025421143,4.194610590749577,1.387873318739112,-20.216087043377577,-0.06650822900375856,0.11540692795484861,0.029722376695461572,-0.5487964414846705,0.08717720744911038,0.29089687187079744,0.0004845002517110343,-3.1411914404430523,-0.00027594782827231897
14.911609411239624,3.7675984095292376,1.3665123236115793,-20.476225673220945,-0.06693468769367021,0.10868000310427729,0.03261565782635003,-0.5487756598387871,0.0871476598055388,0.2908084055733662,0.00047400380062578206,-3.1412441565406017,-0.0001763773709913469
14.921639680862427,3.8621643251997395,1.1033519919046493,-20.425516232016147,-0.06598237487868686,0.10932483751160407,0.03602803865653523,-0.5487823823477851,0.0871683018930024,0.2907526552403459,0.00041733956600445947,-3.141264730016488,-0.0001847992239382451
14.931690454483032,4.36053040621031,1.5153975744339736,-20.23784078543912,-0.07500796976117337,0.11998574992864289,0.034529098561937255,-0.5487979930949164,0.08714986686115399,0.2907452315890897,0.0005345722756477015,-3.1411753725511007,-0.00023377323091817038
14.939627885818481,4.061238853087308,1.422716666740329,-20.267143703603985,-0.06792713406300097,0.11621786598139021,0.03352289887252479,-0.5488008012786408,0.08716840020959134,0.2907009009575833,0.0005153297976353056,-3.141175965256864,-0.00023519045516360882
14.947694778442383,3.683553531609099,1.1497782290999896,-20.409800182185037,-0.06413359243802479,0.10870304093754254,0.03606127577515045,-0.5487774764713893,0.08718225644406688,0.2906261303379561,0.0003951037640937603,-3.1412435450832565,-0.00019676124692394564
14.95765495300293,3.7641223064160063,1.3302032566502389,-20.46098613961702,-0.07039935046504582,0.1120012132267724,0.036814127409381024,-0.5487903752104503,0.08716169332504459,0.290615268779512,0.000504699436837998,-3.141183517528006,-0.00027671169550288376
14.965636253356934,4.1413173024457155,1.2857593159343887,-20.181991213154628,-0.06686250517706267,0.11817869226601886,0.03094018654146197,-0.5487843256088513,0.08716799151584131,0.2905321965336686,0.00047363434545679784,-3.1412497238366006,-0.00022454969707105802
14.973735809326172,4.1976167057191125,1.5200962591321001,-20.0868777265487,-0.07704071607947388,0.11209723810363467,0.029932274402409028,-0.548772439596262,0.08716675215314325,0.29046890839770223,0.00046137812641766434,-3.141268052529301,-0.00015540729193694647
14.981720209121704,4.193170911112978,1.5748057748320567,-20.12088013071352,-0.0714137570211998,0.11799553230045282,0.03212722195451911,-0.5487766375013746,0.08715287982710261,0.2904352324657402,0.00042359768468821563,-3.1413002699663286,-0.0001564279361437373
14.989640951156616,3.888986500722878,1.1284381423091079,-20.14522890570407,-0.06467482303112745,0.106848798126468,0.03293790282405988,-0.5487787148779271,0.08715518244566965,0.29039575486201735,0.00044355219367520906,-3.141270665695469,-0.00016068634535277025
14.99962568283081,3.8707354770156366,1.2933049432055996,-20.175214829452038,-0.07198168057462027,0.10543347949893889,0.03991265714366906,-0.5487966481865646,0.08714841518311203,0.29035403070230964,0.000542449170151233,-3.1412671055034584,-0.0001267640775452071
15.009656429290771,4.171314097909631,1.489946311285541,-20.28409809060281,-0.06867141907987413,0.1130783753519465,0.03450681734435563,-0.5487852063387654,0.0871574503819647,0.2902847766624113,0.00043884711090477253,-3.1413089273717127,-0.00013059875117258957
15.017626523971558,4.163122070769002,1.6287754246980655,-20.25894063392746,-0.07499511171409559,0.11958341485555242,0.03032864136631749,-0.5488011816524997,0.08715710119435795,0.29025953940645344,0.0004678545468158291,-3.141262468753787,-0.00028427565401071837
15.027645587921143,3.739047137621428,1.2866852232500594,-20.189869482425525,-0.06851920044528559,0.11205007774594986,0.03832010357574,-0.5487793759303659,0.08717493690552235,0.29020438471491306,0.0004749354478233748,-3.141278475280518,-0.0002005270514415976
15.035643577575684,3.6869212007102528,0.9897137067239127,-20.363068847545655,-0.0638866709117924,0.10304697789688608,0.04424291283438994,-0.5487896867872709,0.08718552639746696,0.2901386286000291,0.000405634121579225,-3.14129721406588,-0.00014666599145075532
15.045650720596313,3.8905222773249784,1.222431491550597,-20.182135110611792,-0.06567755189569546,0.10930599289850942,0.03267273376560284,-0.5487951188245604,0.08717191836119617,0.29014603421997626,0.00042774895835112273,-3.14118394997007,-0.00019285557211833708
15.055647373199463,4.410911801444943,1.7573917487529955,-20.075938518083856,-0.07935793116842325,0.1210245215446963,0.03084333246447646,-0.5487869961552357,0.08715981572415803,0.29007885252846266,0.0004420334037409882,-3.1412568904312472,-0.000172185229727017
15.065639019012451,3.967726681824658,1.5885071112079032,-20.20723973127295,-0.07410117913715222,0.11621836528334768,0.03147876072145264,-0.5487840767344553,0.087157889275569,0.29003586611250165,0.0005241563033412736,-3.1412571389863437,-0.0002687683957031851
15.073699712753296,4.0619066974164335,1.6455602068738528,-20.175275110370258,-0.07564270362082115,0.11645213977678569,0.03726162709914366,-0.5488001396875234,0.08717942649308946,0.28996580895813245,0.0004420777915099783,-3.1412709537642263,-0.00015399681741952274
15.081602334976196,4.027542701922275,1.2249410731041885,-20.33300796497733,-0.06926362409970829,0.11504858265964675,0.03861556386583207,-0.5487891999895167,0.08716064813921194,0.2899284741248167,0.00044381433087476075,-3.141256739084959,-8.308109370526215e-05
15.091585636138916,3.765425075478364,1.340867522052026,-20.232042823207898,-0.0693972669859355,0.10782230574974215,0.03642288291753355,-0.548779916168673,0.08717457170071562,0.2898785666585445,0.00040665441937857424,-3.1412972275384807,-0.000198545995540458
15.101591110229492,3.821055101326798,1.3399762765984726,-20.25790235600116,-0.0720217140330789,0.10831965565262754,0.04039533461178053,-0.548802784525564,0.08719796456379723,0.2898326294351985,0.0004488229999897795,-3.14127415907579,-0.00014905850828905796
15.109632015228271,4.052045812631628,1.3071865712887105,-20.33624812152923,-0.07041544654665698,0.11646121929478706,0.03746730857868747,-0.5488047690419062,0.08718828071234391,0.2898270155955005,0.00044172831653662656,-3.141193680797482,-0.0002100071537366997
15.117597103118896,3.958638321842097,1.519578637150879,-20.22245346221679,-0.07490798912720927,0.11538961766340478,0.033544092567359116,-0.5487901745578679,0.08718111306709038,0.2897596088625603,0.00043120012031002807,-3.141218473458212,-0.00022014573605270207
15.127596139907837,4.103838173105151,1.141230990030619,-20.203351681205234,-0.06614739677620549,0.1092355119669539,0.02932134760246076,-0.5487969482794329,0.0871664033862301,0.2897094287222448,0.0004552307638248955,-3.1412337659092504,-0.00015411061922976135
15.13559103012085,3.8190264898809545,1.1838193958504195,-20.27441569883822,-0.06484135860001049,0.10670654178358994,0.03760816778644992,-0.5487869567739042,0.08718770082854625,0.2896740116726592,0.00045751840342180423,-3.1411993970756753,-0.0002825035943678098
15.145586252212524,4.179854071813515,1.0547887719609483,-20.29402914472164,-0.06642197999937599,0.11284371271336215,0.034212151334667165,-0.5487872891223117,0.08716325719327873,0.28960896473703485,0.0004388978832265999,-3.141239732170904,-0.00016884717951978
15.153656005859375,4.003780145798615,1.347942905718453,-20.21513161341684,-0.06750318085074924,0.11257074824997729,0.040026982646921255,-0.5487852076374166,0.08717772765589042,0.2895574819378328,0.00038640684616522356,-3.141283320989518,-0.0001540074490020381
15.161665201187134,4.191557872532092,1.635175251553383,-20.20387649498932,-0.07381563300083122,0.11489170293208262,0.03084801366554979,-0.5487877921780248,0.0871626842092701,0.28951507552843986,0.00045957342839918447,-3.141256149310745,-0.00014847168673973144
15.1695876121521,4.088739040962564,1.049517286695786,-20.196983311203095,-0.06639346558396399,0.11458213725926647,0.038388984644761065,-0.5487954277503689,0.08715781224380321,0.2895007074543319,0.00045979262555542305,-3.1412113380490005,-0.00024108153923789477
15.17971158027649,3.8260782477280557,1.3784531321770301,-20.044019469492447,-0.06964279436891069,0.11171211176484815,0.039086553020277706,-0.5487968898619643,0.08717398098693022,0.28947221019743463,0.000504349038157818,-3.1412334465738083,-0.00023427014343391534
15.189639568328857,3.788713818995789,1.4860549341877416,-20.300272714701318,-0.07119154225069245,0.11170896121513807,0.03951518527259567,-0.5487935717749579,0.0871902523197167,0.2894283688221874,0.0003908094457246931,-3.1411697565315277,-0.0002673479613649778
15.197631359100342,4.120330514902665,1.4417067657302638,-20.312709547304863,-0.07043306370663888,0.11118583987669553,0.032905992214277806,-0.5488011362877177,0.08715404933012723,0.2893894524127266,0.0005408450230578117,-3.141156842879691,-0.00025491717827243605
15.205618381500244,3.9231662054062015,1.5507831026674908,-20.127843464630157,-0.07144292011062454,0.10988970194818277,0.044228427893974624,-0.548802008448853,0.08716751287045513,0.28929548226027135,0.0003995184391789277,-3.1412488084166976,-0.00017270256350040105
15.213629961013794,4.075226339892398,1.0730836418928125,-20.2756878478574,-0.06279589635833518,0.11608392820097983,0.03934275985058406,-0.5487958991727867,0.08713230264440135,0.28925675610438745,0.0006080606139348883,-3.141239930567669,-0.0001680948393017308
15.221602201461792,3.8039419106012375,1.438661782650707,-20.265123578550735,-0.07237667538793648,0.10750479022359613,0.03821952055894425,-0.5487940621312783,0.08716964239040405,0.2892262643563328,0.0004080953783672547,-3.141239093251104,-0.00019826103173799933
15.229599475860596,3.81658148021259,1.2969094375566101,-20.307519051331784,-0.06938992848027974,0.10849982479209339,0.04120980499006066,-0.5487862717292655,0.08719742502942252,0.2891735609025507,0.00030678245711246286,-3.1412234396559717,-0.00013709060997773285
15.237595319747925,3.940289478344824,1.292500831855665,-20.156177374020615,-0.06977409165323732,0.10688093027968822,0.04390626147639769,-0.5487796532330974,0.08717018716936291,0.289146603966516,0.000436335193978759,-3.1412469981491857,-0.0002615536813851318
15.245703935623169,4.211199748300353,1.521400040979427,-20.16884804438576,-0.0742653132874655,0.1123490370834046,0.03259247812948894,-0.5487889343135144,0.08718336410019495,0.2891293852103861,0.0003927730589894187,-3.1412008266946327,-0.00017887344234837358
15.255583047866821,4.242256527859493,1.6531995409115623,-20.161203309390284,-0.07547372187813212,0.11542107257364312,0.034041749870575976,-0.5487919025365054,0.08718920713022159,0.2890792983587836,0.00043795621101498856,-3.1412438209636293,-0.00033416162056741053
15.2636878490448,4.272774739826354,1.2544137566723073,-20.30936830236249,-0.06239280719473015,0.11638308777301937,0.03441556040667732,-0.548793618507477,0.08720126658567977,0.2890198259873884,0.00036627726015969894,-3.141272216619685,-0.0003015997823716907
15.271692037582397,4.068759788099691,1.6191832741307282,-20.18628376266551,-0.07239202665254411,0.11476462249438263,0.03318566769805656,-0.5488007028538602,0.08717248767901434,0.289017442631898,0.00041398845475107074,-3.1411513697260083,-0.000265716669358242
15.279761552810669,4.165014308162636,1.2974260592599844,-20.22763902196704,-0.0680277824063718,0.11470958291597468,0.04079552636234232,-0.5487899092287258,0.08715686604054722,0.2889756761863178,0.0004985068477774173,-3.141183214721985,-0.00022129798261861367
15.28761887550354,4.018034148797277,1.4816564815924242,-19.918323301918477,-0.07029623727627361,0.11107520386132302,0.04202185471082589,-0.5487979660310258,0.0871433987040777,0.2889051861961976,0.0005537972764836304,-3.1412021277830298,-0.0002175301166773337
15.295616388320923,4.425817555650051,1.2361474230063352,-20.327987182435727,-0.06503036760888649,0.11845424908057037,0.03498574208331252,-0.5487854343117933,0.08715374722047654,0.2888668114474312,0.0005003873022042328,-3.1412554478586316,-0.00026705794543337673
15.303717374801636,3.9889843405313945,1.5640220452225149,-20.26010019509744,-0.07523452790841155,0.11176651529835277,0.0434079865925684,-0.5488018401929122,0.087161494421977,0.2888268101541049,0.000522391484277538,-3.1412390533937016,-0.00030494285430157663
15.311583042144775,4.114423130003792,1.316824290831126,-20.114226261885037,-0.06968285425876673,0.11715952940076602,0.03525339987558824,-0.5487968671102604,0.0871738490390753,0.288777227392166,0.0004116419084000102,-3.14125847616681,-0.0002483487059698256
15.319652795791626,3.87222633490295,1.5822674030894661,-19.93861686362753,-0.079688853524955,0.10862566395215906,0.03575959192729869,-0.5487872775338616,0.08718545194430621,0.2887396773849941,0.00040167590508130205,-3.1412230172572326,-0.0002215112129783324
15.329627275466919,4.205273379524678,1.6091425696879684,-20.011476544598732,-0.07733478021776521,0.11508149569487898,0.04212417316619976,-0.5487870117898919,0.08715353582259812,0.2886999663979005,0.00046689014930311346,-3.1412269790827123,-0.0001678803531942961
15.3396315574646,3.9935710023985513,1.4987584797256586,-20.124521993841086,-0.07171974115018857,0.10934850738858025,0.03798755207189938,-0.5487987585508673,0.08714509645644962,0.28866953709155374,0.0004769750942790375,-3.1411967383993233,-0.0002376830545568924
15.347609043121338,4.363351537116305,1.7168343838083133,-19.90048990170946,-0.07979369582852139,0.11017278275501305,0.03346448866977359,-0.5488037318696237,0.0871722317248263,0.2886154058397815,0.00043586960952539963,-3.141242677444869,-0.0003122683006204593
15.357695817947388,4.160380670012252,1.4591499443356264,-20.009445602956138,-0.06874059599042115,0.11256558969783448,0.03182575322833027,-0.5487987630429197,0.0871582559907039,0.2885185771086289,0.0005333353782797158,-3.1412795154088333,-0.00017362089456960923
15.365607500076294,4.239194765612623,1.6644347386254712,-20.043688839963338,-0.07946477803703858,0.11961119630660141,0.04023411678113682,-0.5488025142155297,0.08716577795929094,0.28853217231758027,0.0005227203983633131,-3.1411977036938032,-0.00021224268784983988
15.375609159469604,4.112360208762502,1.6635365760494283,-19.954232983191698,-0.07904633020356369,0.11377100995324389,0.036522304822984145,-0.5487845900398364,0.08715074897354688,0.2884818668644102,0.0005170063529581542,-3.1412084351833496,-0.00012061884711835023
15.383656024932861,4.135729259070381,1.400424068121799,-20.096477051097214,-0.07533089265538405,0.11392865934652589,0.0347591630840465,-0.5487925833862244,0.08717061948385071,0.2884244704545032,0.00045453648716814774,-3.1412457921264747,-0.0002868578876994079
15.39158844947815,4.205476381578083,1.6238925602925107,-20.138641979708787,-0.07836317266317924,0.11750346970174658,0.03344000170439976,-0.5487946369014101,0.08717748941261118,0.28837466572079173,0.0004869772252519224,-3.1412406641786994,-0.0001969232880159954
15.399580240249634,3.9189391224553676,1.4176631445026013,-20.166907079824128,-0.07487917615402814,0.10797992160205323,0.041127320880943695,-0.5487833071462821,0.08720769530840601,0.28833950439205014,0.00032634492860462625,-3.1412292995479327,-0.000260652712742082
15.40760326385498,3.822919241105959,1.6351622824876388,-20.069240867096717,-0.07571662751856072,0.11129284631931989,0.034872564313448776,-0.548798395426835,0.0871832907786434,0.2882708289836273,0.00048363018129967496,-3.1412783647904763,-0.00017054104627200773
15.417648077011108,3.8831614345668473,1.394386002628754,-20.255374042413944,-0.07595480577836065,0.11106212917314959,0.036166035119194924,-0.5487964217822223,0.08720281088375771,0.28827582890447406,0.0004246725140841578,-3.1412119820372193,-0.0003344580709284224
15.425678253173828,4.174005845088288,1.3942952300265334,-20.33773667349172,-0.07617822071525718,0.11634492501435251,0.04506405983736456,-0.5487837959263129,0.08718687975646755,0.2881977552338467,0.0003881705341573488,-3.141271222070594,-0.00017399416943913635
15.435605764389038,4.0445762875434355,1.4093317407752062,-20.30685756598921,-0.06939477931055826,0.11333077183414547,0.043675870075283695,-0.548795286908333,0.08716027911621153,0.28813650415186054,0.0004909261178944494,-3.1413140122525376,-0.00017902863531815314
15.445706367492676,4.130522813926923,1.3619280895251635,-20.313516360863506,-0.06727866241965158,0.11474849316614638,0.03892542362724455,-0.5488095707068796,0.08715887973010626,0.2880968031144936,0.0005134874341267485,-3.1412361873341674,-0.00015497359607738716
15.453687906265259,3.750457747973758,1.4029667015290441,-20.14543654471288,-0.06864635442385436,0.10432841492074231,0.04195401626129226,-0.5488066722786754,0.08717824065102368,0.288046579677765,0.0004558978277918185,-3.1412749970262475,-0.00019526220146528253
15.461577653884888,3.8162213729642698,1.2812825482817842,-20.229959256615906,-0.0653236314209032,0.11505004800888247,0.04211217668706031,-0.5488141925488441,0.08718960501438608,0.2880372231836482,0.0003598659652410277,-3.1411614781295354,-0.00017239014241178193
15.469676494598389,4.12590486657647,1.411394263901857,-20.16038467849565,-0.07258735120345661,0.11246839574859803,0.04160839530205193,-0.5488078364782983,0.08717850190017978,0.2879896270461998,0.0004112115414704619,-3.1412447872697418,-0.00024508783886437977
15.477686166763306,3.7679065074715,1.185999031028912,-20.30795331052517,-0.06830157434780508,0.10520876499367139,0.03599981287298444,-0.5488076528093665,0.08718064098635898,0.2879393095805431,0.00040576976940256916,-3.141220973156077,-0.0001876987335780951
15.48572826385498,3.8410914871445576,1.1800329943462977,-20.136140758599765,-0.06399877737558635,0.10673579729484858,0.03901642139563511,-0.5487973249490993,0.08716669649048671,0.28789321674974133,0.0005043782131308901,-3.1412224420219905,-0.00022732865614092263
15.493648052215576,4.223987817178249,1.4522744850898057,-20.159540983808448,-0.06944187379410055,0.11612656731907936,0.03465589355584569,-0.54880167501653,0.08717810777325159,0.28785942395213643,0.0004086404180871419,-3.141258824719717,-0.0001339058491802467
15.501701831817627,4.205000613662077,1.2762116258255942,-20.096732652050218,-0.06480551938052793,0.11152625468202451,0.04045340757356615,-0.5487870027157216,0.08716123603339229,0.2877795852957698,0.0004666671624168296,-3.141333502420089,-9.884625540744748e-05
15.509651899337769,3.952119130001195,1.3410907289355545,-20.148157359702292,-0.06902748013582975,0.10816739324957804,0.04035448400866972,-0.5488098398034973,0.08715713256731729,0.28779133915998256,0.0005248414038467497,-3.1412625906663543,-0.0001888392286640809
15.519625425338745,3.878243454077522,1.0551060395734353,-20.295802486244277,-0.06007994046710446,0.10648224158975052,0.0467342297768098,-0.5488042826054655,0.08716836545164271,0.2877781759872984,0.0005005516292870835,-3.1411872598981088,-0.00019511798053365408
15.529566526412964,3.963545417432542,1.3846283131113395,-20.201183740556854,-0.06883648751764064,0.11441031476599704,0.038541207918008955,-0.5487844349509887,0.0871589382782419,0.2876828889073276,0.0005202166670952732,-3.1413218456571457,-0.0002015961524978507
15.537700891494751,4.1489154480111585,1.5526453847741244,-20.26891519784047,-0.07327180407014261,0.11847113462325655,0.03872384481222624,-0.5488003444972773,0.08714654138109491,0.2876415421219767,0.0005423133218171363,-3.141224920180616,-0.00019574255845948517
15.545644998550415,4.3635652083860785,1.4284933689600263,-20.33397819510748,-0.07675115804687721,0.1174321152122852,0.043374479395031536,-0.5487962629674655,0.08716227054766983,0.2876092857146433,0.0004336001269557203,-3.1412313462140182,-0.00016827390132403728
15.553651094436646,4.301226276298443,1.3413727498389327,-20.110040746008288,-0.0667160683866458,0.12060176208896815,0.0404172198728812,-0.548804255246344,0.08717826933125543,0.287549332110813,0.00043518784380807454,-3.14126291375482,-0.00011824512785008348
15.561597347259521,4.06428552483661,1.3905150937771684,-20.292208343331335,-0.06918163231656078,0.11297098499719513,0.04055416595766462,-0.5488030912737288,0.08717496457124206,0.2874882260015727,0.0004948179888513107,-3.1412995771396175,-0.0002011547305640057
15.5696280002594,4.051462055786598,1.5569409640029854,-19.906172277326963,-0.0739891021970552,0.11175012216427783,0.038103715688252174,-0.5487940691311312,0.08717913189088533,0.28748207878778664,0.0003783715535618843,-3.1412815051498986,-0.00019014495443899713
15.579664707183838,4.214774317943943,1.755131802312543,-20.069134706199975,-0.07818583638650226,0.11397047173826116,0.04340517768616727,-0.5487973759374396,0.08715308020231481,0.2874338187230682,0.0004836159431604355,-3.1412848447818194,-0.0002147725816971978
15.58963418006897,4.085648092985212,1.5585323850455641,-20.2096869268986,-0.07694887245671057,0.10661199177948699,0.03706202043052085,-0.5488114779909709,0.08719617798169335,0.28740236696351273,0.00042018716245189886,-3.141259753821433,-0.0002894125063180478
15.597622632980347,4.1769102769499415,1.4703682865486163,-20.202090533351736,-0.07322688904683686,0.11204755636746366,0.04095603509478911,-0.5487974728401983,0.0871879401744363,0.2873413138544828,0.0004056781211859414,-3.1412708942331373,-0.0001949513692335841
15.607628107070923,3.931640469432282,1.050785598068371,-20.232067431512196,-0.06564649923753883,0.11249919455700015,0.041969713935871025,-0.5487880249077598,0.08716769249353834,0.2872953978203085,0.0004918272119881936,-3.1413139582594454,-0.00022427475975123968
15.617617130279541,3.7661974016647126,1.3048456364452463,-20.346992625492287,-0.07004411855338247,0.10297271862816351,0.043547331206289945,-0.5488085200117458,0.08716735412096227,0.2872671611235973,0.00048685576972602696,-3.1411841703484567,-0.00017046326429539073
15.627626657485962,3.7768462399853093,1.3543926715315253,-20.193526100959023,-0.06966792534222065,0.10234774792729026,0.04048431201735167,-0.5488007969197476,0.0871982513786543,0.2872220816951563,0.0003904908821851357,-3.141191366472888,-0.00017314946500262486
15.63763427734375,3.8974313179516735,1.3454637810383665,-20.247080684294623,-0.06995013092604341,0.10921540277925917,0.042728136951508906,-0.5488103350669734,0.08716786057871323,0.287153367658942,0.0005029513479035689,-3.141244354985794,-0.00012911393638019252
15.64565896987915,4.331622637887061,1.54326340707803,-20.125943217737877,-0.07666725436782271,0.11789322771628956,0.043583100273704274,-0.5487973820697165,0.08716615838026434,0.287133687901775,0.000541466943136928,-3.1412344587244347,-0.00030734987820522366
15.655632972717285,3.9597305342621096,1.519786770013767,-20.183121006761066,-0.07330953378552847,0.10745727378321031,0.040734543194441544,-0.5488028159847429,0.08716524122059945,0.28707106882466893,0.0004777295574622289,-3.141197971133302,-0.0001330886688376051
15.665732622146606,4.3831249428169645,1.5759505666171172,-20.09538769697712,-0.07526955700415693,0.11881785944078782,0.04113473633111287,-0.5488204819353069,0.08718598374962153,0.28702278902745343,0.00044816478953884747,-3.1412056611320365,-0.00026789083976835654
15.675663709640503,4.0070193143687405,1.2876358225743894,-20.024497312766773,-0.06867519770418637,0.1107505838822732,0.040159006414540156,-0.5488047085970542,0.08715148438644171,0.2869623061857546,0.0005651096828979506,-3.141266612585614,-0.00023968547419771515
15.685656070709229,3.989376861711878,1.3947112807755502,-20.14842630352204,-0.07358110071272675,0.11136815882648235,0.03505982932730689,-0.5488255804573071,0.08720670270012204,0.2869341274559294,0.0004103808341095062,-3.1412149414810204,-0.0002840139246834569
15.695626974105835,4.0420576754257365,1.5887843795018097,-19.987541429777373,-0.07894543995697456,0.11085399067377166,0.0422089462056457,-0.5487994371899958,0.08715494360295747,0.2868874755329549,0.0004892181118928282,-3.141163806051499,-0.0001729110042798665
15.705642223358154,3.644144703440587,1.2628252194839449,-19.991617078032622,-0.07010248336513482,0.10347552686317982,0.040819706507935136,-0.5488086881968015,0.08717522299445239,0.28680376731345186,0.0004339605591963806,-3.141237321715074,-0.00012335643401263166
15.715704917907715,3.5528807126881863,1.3325926723843426,-20.16211543853837,-0.066974490230062,0.100766297090926,0.041449148031465995,-0.5488083202217647,0.0871841351442276,0.28676062576504463,0.0004210873948227373,-3.141213752216492,-0.0001739133820537396
15.725608348846436,3.8862943022543694,1.1861880890472942,-20.299858260616325,-0.06867811523051573,0.10595125695481702,0.03541054248788939,-0.5488002432569485,0.08716595070541679,0.286690814380326,0.0004924598927585925,-3.1412910040931554,-0.00022179967390438754
15.735651969909668,4.073418622814772,1.5374446951989087,-20.32731325889149,-0.0728581702428794,0.11163168479934107,0.04455755442654452,-0.5488040827723627,0.08715824983926726,0.28662952655263085,0.0004884118383933853,-3.1412880940767116,-0.00011801638744243968
15.745664358139038,3.927459080919218,1.4651328885043633,-20.18176533117496,-0.0729086935102899,0.10775122742881146,0.04546356592208938,-0.5488202273144103,0.08717065555233072,0.28659606686253125,0.0004893589289427015,-3.141276963753777,-0.0002142527014925523
15.755651473999023,4.112978289154094,1.572691573962173,-20.165438037093917,-0.07099687818467304,0.11406045748890417,0.03907000279111923,-0.5488047462711042,0.08717459025522638,0.2865278952321861,0.0004206765334035664,-3.1413198925149812,-9.310123546632714e-05
15.765624046325684,4.457730474761266,1.6877987770114642,-20.140596049585827,-0.0770388186857185,0.1118379270120643,0.039179949448061246,-0.5488212639925046,0.08715089398318873,0.2864421464358296,0.0004792197951616675,-3.1413561460289907,-0.00015973246215730217
15.775628566741943,4.227398178697636,1.4179260573118344,-20.14202545666725,-0.06779588340877081,0.11289031184535046,0.040460078860523774,-0.5488065162948218,0.08716960434553103,0.2864248694590106,0.0004654005979918539,-3.141310606181906,-0.00023317981373872904
15.785702466964722,4.23858136951176,1.2032621865842286,-20.314862467144486,-0.066521160295149,0.11775836878832398,0.04275754272108697,-0.5488196861996582,0.08718794002844724,0.2863995035831175,0.0004413496581422132,-3.1412218759234087,-0.0002352185144506031
15.793730974197388,3.937883593907114,1.5801051265068973,-20.247342357144962,-0.07781970413200442,0.10908378585087486,0.045765757893161486,-0.5488094806531919,0.08716170311517211,0.2863405090772494,0.0005352151289430822,-3.1412678943549266,-0.00023963878222162932
15.803703784942627,4.447359216702246,1.106867213066303,-20.08823759523659,-0.06209221883678387,0.116866214112898,0.04277016217277851,-0.5488144347922799,0.0871746157708482,0.2863161326689169,0.0004638324083663718,-3.1412635060243166,-0.0002243315381796429
15.811626672744751,4.1471411133235945,1.4474368801209538,-20.13610787907971,-0.070932262550239,0.11141994480874601,0.043237331605973164,-0.5488142354759304,0.08720545535774589,0.2862635282469034,0.0003438317043054776,-3.1412309120685746,-0.00013212673793690173
15.819595098495483,4.430951105279688,1.37337807621254,-20.04210962843887,-0.07348917382371888,0.11810161142794891,0.04056483282297303,-0.5488096672740483,0.08719220043099618,0.28622466562071625,0.0003826256808565815,-3.1412217611804603,-0.00026575491205575334
15.829619884490967,3.648601812712504,1.2226380236036178,-20.401312502534868,-0.06709376553387594,0.101894627217182,0.04897837689833758,-0.5488279021065295,0.087164241157723,0.2861860326096628,0.00046775808865460804,-3.1412373852759896,-0.0002216535048442833
15.839600801467896,4.184176487813532,1.2109118625839335,-20.298178082061376,-0.06749511775219852,0.11552747621713799,0.042523000665200525,-0.5488201347282963,0.08717461457354543,0.28611792481289194,0.0005534502961946495,-3.14123277384961,-0.0002844812431888186
15.84967851638794,3.909128324210835,1.3733586495355259,-20.207307485957063,-0.06812518351103589,0.10492487585490938,0.048800672163054074,-0.5488304716467559,0.0871802707858104,0.28608329731003745,0.0005280676267702847,-3.1412135108030674,-0.0002479636705846579
15.857667207717896,3.931200182367687,1.4216130220441574,-19.94548893534471,-0.06938002156209176,0.10745624641266244,0.04414269272842127,-0.5488192635582035,0.08717950558053823,0.2860498004926389,0.0004848836908770575,-3.1411880166502306,-0.0001796776459388976
15.865645408630371,4.244692572626477,1.244493284696033,-20.076478918487226,-0.0672785558776674,0.11162392543213671,0.044979895980527713,-0.5488053993677244,0.08716676871328076,0.28597242139259793,0.000518447398746365,-3.141248602458684,-0.0002229406324857917
15.873670101165771,4.318826149481513,1.5383583632489966,-19.907168315054967,-0.07412373438695323,0.11139091840213688,0.04010061530626177,-0.5488082212990686,0.08718545383083302,0.2859592485184519,0.00040502525777580726,-3.1412149914067475,-0.0001295878353062161
15.881690979003906,4.548340061775925,1.6509124922748057,-19.99933464289825,-0.07552603802540658,0.11653631403368354,0.041838783211753446,-0.5488223361687761,0.08717705711691573,0.28588206221594814,0.0005202422810605121,-3.141260885839694,-0.00022656176640584839
15.889737129211426,4.335178454924703,1.340123042625077,-20.1703822839629,-0.07007159179757423,0.11228932075411178,0.04515348766846055,-0.5488369729200513,0.08719182347072492,0.28591127716074893,0.00047457649652538146,-3.141141370671253,-0.000362551561958869
15.899647951126099,4.168023619331864,1.5408454960310596,-20.000057474176668,-0.0761924458314019,0.11251506821836277,0.04377361722419294,-0.5488017832122207,0.08718781772395062,0.2858084252683728,0.0004434040068403515,-3.1412875708016834,-0.0003295170439507181
15.909632682800293,4.28091566900869,1.5516191569237798,-20.09879633764044,-0.07930510750099398,0.11297778246438966,0.046278144071537304,-0.5488182781080819,0.08715091324485459,0.2857895527792578,0.000584798479184203,-3.14123800249077,-0.00019946754343802436
15.917649269104004,4.078448478530341,1.2146450236284063,-20.190576558623487,-0.06435759154342197,0.10893100431985465,0.043837010627997594,-0.5488075079456068,0.08718693374948001,0.28571664555824194,0.00039538777831849714,-3.141251599978475,-0.0001942341389388153
15.927624702453613,4.3868221412269515,1.3400029763334493,-20.168467717300786,-0.07285230819328187,0.12032455140946943,0.04693662022113987,-0.5488237862662326,0.08715493961993907,0.2856714883293068,0.000620173599733293,-3.141270465212792,-0.0002477520212826514
15.93770432472229,4.269033428481329,1.3280124570745873,-20.32532801163604,-0.0759901653820008,0.11553446312973534,0.044701453017899274,-0.5488318180643866,0.0871768756874995,0.28566492593071446,0.0005121222049082925,-3.1411736229278002,-0.0003373844621184894
15.945648193359375,4.208744818983288,1.61118131150907,-19.97330382727117,-0.0764752297429146,0.11330070195480121,0.04129567906097394,-0.5488237455210959,0.08718047291610559,0.28561487636408567,0.0004952233222580355,-3.1411789285303593,-0.00029652386709433625
15.953638792037964,4.447411209145011,1.3227656367966676,-20.070085049013457,-0.06828181548179829,0.11979233453450493,0.043267520440043436,-0.5488141373274351,0.08718227526079927,0.2855405761618015,0.0004301074514397655,-3.141257786439165,-0.00022801141948504625
15.961627006530762,4.324110509140085,1.6424054792052603,-20.19220918832309,-0.0752258638483799,0.10866567661403262,0.04099309289455355,-0.5488219440952635,0.08718290189043308,0.2855012090040506,0.00047607774429784985,-3.141254025901881,-0.0002997413726645726
15.971723079681396,4.435266863256954,1.5528983614766072,-20.11569998376105,-0.06877297197326537,0.12138927539408279,0.03960027548617093,-0.5488063779208636,0.0871489768397502,0.2854600670314427,0.0005793218143237295,-3.1412243412211707,-0.00026972007425637426
15.97963285446167,3.7108383826727693,1.3995832019535788,-20.21224335309557,-0.06818759831664467,0.09873942832694041,0.05124609218080365,-0.5488233312801079,0.0871810602057377,0.28543379204996944,0.0005293428259286534,-3.1411831853245813,-0.0003119676371292321
15.989625453948975,3.7919841036890154,1.0520934897903371,-20.169531076131925,-0.05970755134329819,0.10374861554714368,0.04969989910365468,-0.5488228053949488,0.08719902646121988,0.28541078569055534,0.00045525855252729426,-3.141170681650751,-0.0003880483098961039
15.999626874923706,4.1863732143781895,1.5035868052249277,-20.10246039503224,-0.06962333470020565,0.10813997624826882,0.043067437620442794,-0.548819026669693,0.08716578561502493,0.28532033459598005,0.0004878102515006716,-3.1412562976097864,-0.00032292766460402056
16.00767755508423,4.270287080018273,1.5479576925923417,-20.175126295045956,-0.07035198733470759,0.11467071082217878,0.03951992774766583,-0.5488170285993829,0.0871793379990465,0.28531632756154135,0.0005793840154068001,-3.141185693645951,-0.0003693062904056115
16.017711877822876,4.080259821017385,1.6516729363015634,-20.114106440740514,-0.07909583566506104,0.11682678718246321,0.042642122626114075,-0.5488157065342301,0.08717262430448713,0.28525959907310694,0.0005474773074565954,-3.1412113317806223,-0.0003669486160774575
16.02571439743042,4.096952219955759,1.5626858594151323,-20.19497063815782,-0.07409430626050766,0.1083598647763455,0.047320530834106075,-0.5488300182409304,0.08718094760944639,0.2852148922517401,0.0005225820296884641,-3.1411776711472164,-0.00039578401013768484
16.0355966091156,4.307844514373819,1.2308126984456698,-20.1784582689937,-0.06494199264470635,0.11468736413884961,0.045644123029150496,-0.5488220759335606,0.08715237546946172,0.2851326531465167,0.000510843107229292,-3.1412441525599086,-0.0002597285634379534
16.043729782104492,3.756024570777575,1.3597978732949083,-20.10729257336056,-0.0688795200139448,0.1025284964600815,0.050322972782634985,-0.5488067381388543,0.08720017522505563,0.2850851295679314,0.0004297840579441634,-3.141235693575832,-0.0002913244146905555
16.051623821258545,4.127745662098638,1.605927752440283,-20.2442094789833,-0.07441604440891457,0.11352604032029259,0.04725868118870212,-0.5488127563888899,0.08716801694065343,0.2850474720021125,0.00043611950097219,-3.1412066995817103,-0.0002537333718211867
16.05966591835022,3.957257115413949,1.3627924223022962,-20.286280219202844,-0.06953633054188299,0.10297340179631995,0.0498500270596609,-0.5488173124587213,0.08718710464310314,0.2849994911983097,0.0004450009224391631,-3.1412337639910715,-0.00020765115385624648
16.069654941558838,4.377944210859699,1.3122882961257516,-20.15854556095212,-0.0678379041205842,0.11654431039769113,0.04518418906663948,-0.5488020493969515,0.08717782253474311,0.28497793453677706,0.0004708080362936417,-3.14127704596176,-0.0002850929461106187
16.077656269073486,4.322958392758164,1.3321987666628285,-20.19959608249507,-0.06901307911695401,0.1101297535254588,0.04537684433992074,-0.5488155669028184,0.0871624986305585,0.2849333394354916,0.0004764607547824449,-3.14118505746961,-0.00027671239221734766
16.08772301673889,4.534754911333765,1.530041442086004,-20.16261122920952,-0.0740307460305463,0.1218844098597273,0.037285875413860685,-0.5488118640458498,0.08716384106771152,0.2848505371676968,0.00042676123167141025,-3.1412176979243545,-0.0001134574688356204
16.09565305709839,4.19176839475303,1.2854671123536956,-20.297666900050015,-0.07175174298869814,0.11491558067741425,0.04193118901661104,-0.5488229369041833,0.08717260876977295,0.2848395637101672,0.0004797594814974708,-3.141201190830686,-0.00022896896246618875
16.105695962905884,4.014722825327506,1.2753693550039569,-20.304016466501103,-0.07067330101888301,0.11251132754372005,0.03521492325369912,-0.5488211822591466,0.0871499787030405,0.2847663038932614,0.0005125638108910052,-3.141212179290838,-0.00010766874194975562
16.11567187309265,4.184832824062377,1.47059150223045,-20.329362382557928,-0.07322869848221135,0.11538334567441864,0.046852207779766224,-0.5488182326044618,0.08715606701368687,0.2847337630197686,0.0005609081481201211,-3.1411814050757956,-0.00013550134139310414
16.125755071640015,4.519656301893436,1.5626244313487876,-20.192364376549225,-0.07362612981695375,0.11552196740381881,0.040297757279008445,-0.548818997270228,0.08716451498577135,0.28469706641018633,0.0004904452319650814,-3.1411342432695775,-0.0001781174826885306
16.135719776153564,4.065769717056866,1.518151361341929,-20.119459297059713,-0.0738550232190118,0.10750581012705324,0.044486795676868064,-0.5488169387148234,0.08716100123949212,0.2846365305556253,0.0005078095531658336,-3.141182272084688,-0.00017641231482944128
16.14363193511963,3.5737447160465536,1.4263884885378126,-20.18119217993325,-0.07251496333228444,0.09669772325675362,0.05264571188397957,-0.5488256713240817,0.08715448476764089,0.28457697230334233,0.0005624218920898874,-3.141157097746652,-0.00011331194423101174
16.15365695953369,3.7560457242860883,1.4613473862140127,-20.186827498150965,-0.07343020727245754,0.10125719197229391,0.049243147897146455,-0.5488107573768237,0.08718635713771979,0.2845042228879725,0.00042897077520261725,-3.1412567456277354,-8.232120362813013e-05
16.16167950630188,3.62459705998653,1.2015327775275022,-20.136978393417884,-0.06246765800375012,0.09898026191238231,0.05673223251631473,-0.5488250337387061,0.08717421295403714,0.284505800079423,0.0005398056836292054,-3.141121331785466,-0.00015603198108409544
16.171655416488647,4.383038929024535,1.6957246398950165,-20.08284569933374,-0.07390863926476161,0.11386725831451962,0.04396168370331375,-0.5488137634634879,0.08716375402394633,0.28443722974239993,0.0005012151707239279,-3.1412546197893763,-0.0002076664026645927
16.179630517959595,4.2288273662380815,1.4177851740537624,-20.117950791695613,-0.06972618655430869,0.11079058474276794,0.0495415244976022,-0.5488204568102569,0.08718399107015923,0.2843900215260828,0.00042524726922006986,-3.1412363182295366,-0.00019629551915825545
16.18764328956604,4.196144122676453,1.5938283377227849,-20.168848273053325,-0.07397171535539633,0.11289233848019008,0.051451668571062946,-0.5488140272136933,0.08717043183191703,0.2843451163143946,0.0005096043160865968,-3.141209353215835,-0.00011581565424689691
16.195682525634766,3.978216440545443,1.0238647670609715,-20.212733054827087,-0.062482450723639074,0.10437716277959477,0.056755458205883416,-0.5488065958736734,0.08719140449872534,0.28432700659148136,0.00044519093270092386,-3.141219639340014,-0.0003011739791536687
16.20565366744995,4.318609189228245,1.5510347728820615,-20.242316433622232,-0.07637909781148089,0.11262393153606821,0.0487690698662148,-0.5488231868236022,0.0871785668678135,0.28428850852669124,0.0005191022382298003,-3.1411429216609528,-0.00015055303377232906
16.213655948638916,4.174161872694608,1.3387861614076315,-20.082907738109842,-0.0703598344732252,0.11696778117945625,0.04781109509331531,-0.5488141347728994,0.0871654851819492,0.2842374201307055,0.0005194971159567615,-3.1411613528854923,-0.0001838069716660504
16.223626613616943,3.9716799720341824,1.7616124896945327,-20.237943534855848,-0.07897859480308703,0.10837117980113344,0.05297420658713726,-0.5487936024601362,0.08718166854867267,0.28420147775717775,0.0004581741845253082,-3.1411899299104356,-0.00025933087477903187
16.233626127243042,4.212180317279581,0.9775184424520854,-20.24279272489115,-0.05966172888773365,0.11326627616128136,0.046325487838142124,-0.5488095726854758,0.08718499839414247,0.28415750917984617,0.0003991229091956908,-3.141187755667882,-0.00024717584641863926
16.24363398551941,4.334193646311954,1.6145593188097311,-20.275787378094428,-0.0727211735483513,0.11268158081365774,0.04753901496384297,-0.5488158158982919,0.0872021037655825,0.2841404684142104,0.00038708893637580557,-3.1411026397205455,-0.0003443411005514184
16.253645420074463,4.025176068012526,1.4160846816840666,-20.162163280425766,-0.06873750873260803,0.10547799593994944,0.04594826301878556,-0.5488046317041678,0.0871609017919673,0.28404454687501435,0.00047874612630522425,-3.141214787308363,-0.0002957241447805478
16.26377820968628,4.0862211538500945,1.2981022915725107,-20.191399915409814,-0.06506611041996627,0.11022701533271279,0.0465487041221983,-0.5488055247203713,0.087203019162359,0.28399911253028787,0.00040938595539367624,-3.141219577904026,-0.0003487779702842465
16.27368927001953,4.089143387322958,1.4560841544552525,-20.08205963850541,-0.07251165283540545,0.10812813958731414,0.04704432672481047,-0.5488237475995046,0.0871862620210739,0.28398768867680935,0.000503011043184087,-3.141106276725895,-0.0004231637498387325
16.28169846534729,3.9679121998779667,1.3683969687668498,-20.238145328789148,-0.06903452694187072,0.11071656802920773,0.04287780061923344,-0.5488007224965583,0.0871705833649371,0.2839006260259379,0.0004754313343271342,-3.141212801696845,-0.00033126500685776454
16.289724588394165,4.370482492821866,1.5348143321308139,-20.33773264904989,-0.07362665493217198,0.1152827593106107,0.043160223945180945,-0.5488265648748257,0.08716612358176326,0.2838762198647462,0.0005669189352348717,-3.141147996543526,-0.0002510584033062848
16.29760980606079,4.322420245483089,1.2786483128764685,-20.193169289352497,-0.07204872688810013,0.11991901205198906,0.039409928926801265,-0.5488235863755325,0.08719231304945979,0.28385110218499315,0.00048715817735824795,-3.1411260254832043,-0.00040071133924920706
16.30766725540161,4.072756829340288,1.4207557574358411,-20.242058706169924,-0.0673785221690714,0.1119436422054461,0.0445185247120739,-0.5488180203305171,0.08716361334431746,0.28376585526004616,0.00048459025831017004,-3.1411774091470335,-0.00025262140104853094
16.31565833091736,3.9952636251370066,1.301653711384304,-20.120178306541327,-0.06915219809860966,0.10305685304135999,0.046447736113245985,-0.5488091476113801,0.08720449651334918,0.28368811535681493,0.00043098275152832183,-3.1412488771190827,-0.000267756313222026
16.323686361312866,3.992324605614239,1.225646226365261,-20.189095923098584,-0.06690662342411167,0.1087611957088669,0.04844428743094051,-0.548811879526405,0.08718969005084956,0.28365990597086976,0.00040563315677414886,-3.141221119622223,-0.00022951493420285792
16.331647396087646,3.8892740699249524,1.2493284739987625,-20.080234227426526,-0.06634388490580038,0.11262896884059999,0.04175278270149162,-0.5488241793339054,0.08719499112299917,0.28365362505189196,0.0004564675024579044,-3.1411756934759256,-0.00029266504444735373
16.33965492248535,4.295035324936514,1.473999672720136,-20.02053015770785,-0.07083248248915393,0.11158988209946832,0.049436835208432554,-0.5488207481751888,0.08717586160821082,0.28360135003293596,0.0005170792448256673,-3.141212768939832,-0.00021949720968466837
16.347639799118042,4.50142593242367,1.5316963211315022,-20.196771010445726,-0.0771884157621032,0.1194786359068982,0.04713876373440441,-0.5488214150443343,0.08717416189825249,0.28358629745949115,0.0005116879631708125,-3.1411257024364168,-0.0002480760077726934
16.357632398605347,3.812660375616688,1.4491757854135567,-20.36441965919944,-0.07561581042997667,0.1085462275282079,0.051509229064564385,-0.5488262309722003,0.0871883407883147,0.28354257101197594,0.00044699473724756154,-3.1411233615183676,-0.00036344168184768703
16.367711067199707,4.1493692948632654,1.2099601187247933,-20.313836374959088,-0.06466183889041495,0.11747488077541851,0.04366143026332428,-0.5488395610381026,0.08718721389326076,0.28350160417003506,0.00043544167825243724,-3.1411508476416263,-0.0003180146847254846
16.3756422996521,4.127667277328263,1.4486999938050862,-20.207057167056035,-0.07349236007213887,0.11667344854602785,0.04487265061904159,-0.5488156042343949,0.08716390585275835,0.2834303047628711,0.0005239358955907505,-3.1411679890524784,-0.0002826731963851139
16.383662700653076,4.061495257652471,1.2620904057507196,-20.177178186735084,-0.07095149979142804,0.10512011840577884,0.05492626542191782,-0.5488203069142449,0.08718549877569952,0.2833893312764852,0.0004950592002030348,-3.1411663531303065,-0.000374101051525347
16.391698360443115,4.058406372159104,1.3117889216261285,-20.191132567038704,-0.06927223864858151,0.11014599988082842,0.0540281089334778,-0.5488244820379581,0.08716189658600189,0.2833028874192156,0.0005270763446476146,-3.1412647068149138,-0.0002089991109805695
16.39968466758728,3.977312912353968,1.2985462605258933,-20.44322702159747,-0.06966520755481552,0.10836530957962806,0.049049948248194614,-0.5488113536456583,0.08717879618062106,0.2832812518341248,0.0004324154203331403,-3.1412123523703976,-0.0002300172093860368
16.407684326171875,3.9189383045684605,1.4020607009074864,-20.375021022539052,-0.071798977825937,0.10380603269727576,0.05359782566687155,-0.5488208583209541,0.08718426604633038,0.2832664566920856,0.0005348463561118635,-3.1411964518045123,-0.000303648560611585
16.417632341384888,3.854956964174893,1.5101313581895033,-20.199470323427185,-0.06981002857034892,0.1079912922186454,0.050500348618499336,-0.5488206692783866,0.08717331179809874,0.2832085258475163,0.00047248853982814586,-3.141195215965894,-0.000275895750235583
16.425628662109375,3.7179724671015006,1.5138973293562197,-20.026243889086757,-0.07774841158230925,0.09993223222281797,0.04969738110705931,-0.5488233271255973,0.08717202404273298,0.28314243462384625,0.0005256943616288205,-3.1411929344004994,-0.0002812315783043358
16.435654163360596,4.191040912357887,1.5109358648348457,-20.020002230141728,-0.07240079728520772,0.11378937968863756,0.05079150372866545,-0.548818054066965,0.08718472306418157,0.28313379965724506,0.00044892957695427297,-3.141182199870615,-0.00029544113821358843
16.44364833831787,3.9729129350478165,1.3760616061643771,-20.031893634112684,-0.0682633990924884,0.10878173772298169,0.051081393926715395,-0.5488446392074061,0.08718645130550232,0.28308548034345893,0.000457245661045658,-3.1411127146622317,-0.0002723297146179818
16.451650381088257,3.883474329741538,1.4439310940372456,-20.170898061457745,-0.0691967435352139,0.10841453518192466,0.04674961456626845,-0.5488203536747691,0.08718308941504384,0.28305506949009396,0.0005028087860208359,-3.141148491746438,-0.00031960554408826716
16.45965075492859,4.394448583354326,1.1551900157318435,-20.14015440821429,-0.06665518989607608,0.11299261893039332,0.053823535332436286,-0.5488182876358911,0.08716216331662208,0.28298423436853476,0.0005097264377124613,-3.141213710068326,-0.00030070730842154166
16.469642400741577,4.353151173571792,1.2629020486866696,-20.173126980595818,-0.06633281977118956,0.11579678644740113,0.04669043884548804,-0.5488333240864562,0.08716752861369041,0.28295813200250486,0.000496517795459563,-3.14115824087353,-0.00028327829839002285
16.47963571548462,4.160100937096528,1.4792471402730787,-20.24540107018198,-0.07293544463835265,0.11197298467687643,0.049797527653576174,-0.5488410323904518,0.08716285454156837,0.28289356497325324,0.0005443066852154383,-3.1411556493936024,-0.00024096760308616496
16.489644289016724,4.318687946789576,1.5358327347294294,-20.256033691931382,-0.07445181721445725,0.11903208088982387,0.04830627152471076,-0.5488330617975236,0.08717866627805311,0.28285285126333326,0.0004873965449004764,-3.1411748118466507,-0.00023256912546130342
16.49759268760681,4.405270277118751,1.2606433699034005,-20.089101219983473,-0.06821886704660576,0.11310674232173158,0.05230605599282587,-0.5488291343695475,0.08717529023508531,0.28281941433263524,0.0005021406677787195,-3.1411400574929726,-0.0002702707950001533
16.505731344223022,3.686750451458672,1.5398218829746795,-20.102520639202986,-0.07019745724342447,0.1062208462014658,0.05212733743441721,-0.5488310100912952,0.08718227906121637,0.28275250982593303,0.0005226613436228718,-3.1411947063715324,-0.0003331682712465527
16.515655755996704,4.585235710886983,1.58545660079131,-20.10440158156359,-0.07711230226281199,0.11687447555749812,0.05011201238854752,-0.5488257062864337,0.08718965666290392,0.28272458553253743,0.0004515181736542237,-3.1411806195873715,-0.0002973012447725887
16.523648977279663,4.235037047322202,1.1869118074542078,-20.12982606840302,-0.06708181933419997,0.10901316982440319,0.05162205397153899,-0.5488200543458803,0.08715353275524478,0.28264143833433575,0.0005371990345940042,-3.141259874896697,-0.00025188129223811573
16.53365993499756,4.349725316707861,1.4463177505776692,-20.10471865482948,-0.06972738201570998,0.11248400488260152,0.05206091295103804,-0.5488230521040453,0.08718714212428755,0.2826525113638451,0.00044172409408059884,-3.141130518614197,-0.0002811539410761994
16.54364252090454,3.794536879104282,1.224863327972388,-20.187665597088397,-0.06722071106909759,0.10027731523723842,0.05419902010462477,-0.5488216480087837,0.08716696175078337,0.28258902157125787,0.0004957356655633638,-3.1411826442912543,-0.00023851633525780026
16.553659915924072,3.84376939612881,1.2745104200130468,-20.23326678880935,-0.07128323183391723,0.10481972725466954,0.05205311740214041,-0.5488155674657942,0.08718542381838605,0.2825149928881013,0.000507782213973434,-3.1412019624294727,-0.0002603584136506219
16.563650131225586,4.227967891048427,1.3360062122527763,-20.091668618964253,-0.07240024093378415,0.11195278551924835,0.04694217880971484,-0.5488316970764334,0.08715271552627712,0.2824455604187352,0.0005393604638056149,-3.141248560303719,-0.000205920518656138
16.573650598526,4.079390140401965,1.2939362997371076,-19.986236790263078,-0.06857403250435412,0.10707735939807317,0.055042259042968784,-0.548810715809603,0.08716375014169728,0.282445023842385,0.00047115669764742786,-3.1411553464457675,-0.00032469468830617545
16.583611726760864,4.248310804778266,1.3657828734143216,-20.042295540027087,-0.06536326585870439,0.11196145847723979,0.05297566009838074,-0.5488339337834753,0.0871538950535227,0.28235784331829183,0.0005946367020299054,-3.141179303877108,-0.0002598008775055945
16.591668844223022,3.774166629294177,1.4265233971060964,-20.092578860518305,-0.06794028438212886,0.10157479934703396,0.054375100438759955,-0.5488396400859891,0.08717556088811652,0.2823268012099524,0.0005183573724526524,-3.141161475111279,-0.0002767864675718451
16.59964609146118,3.9137327851074457,1.5972915883982022,-20.005442639515508,-0.07567464673123445,0.10442468621874594,0.05307116225658509,-0.5488425941773482,0.08718742414396101,0.2823007868480669,0.0005073219325720682,-3.141132516705602,-0.0003149352461195044
16.607710361480713,4.179337351541507,1.506477148874669,-20.176045070992934,-0.07062458797645525,0.1126562747513418,0.057575654009438,-0.5488268385689616,0.08715911182117012,0.28223833404337584,0.0005656790314983422,-3.1412075996056426,-0.000264414380847078
16.61569881439209,4.133011421984701,1.548841757119739,-20.10414049361349,-0.07172088800469752,0.10414527166937662,0.058372628857826264,-0.5488275583237515,0.08717075061996873,0.28218049000432793,0.0005233220875963438,-3.141217101000028,-0.00020936847034127407
16.623647451400757,4.075105510259854,1.3550235867199079,-20.155356581492615,-0.0685387683219653,0.10879868169617651,0.05762189892162638,-0.5488325285964188,0.08717721054302173,0.2821645434832697,0.0005167510478854958,-3.141167514256966,-0.00024175512926743036
16.633636236190796,3.970576376290999,1.4107816349632876,-20.070956691092817,-0.07276669798313143,0.103808996506313,0.048616980865603635,-0.548825011127852,0.08717317508234003,0.28211322597045346,0.0005513673675895624,-3.1411995041968948,-0.00024826260904602636
16.643595695495605,4.205938175654411,1.4257534423896132,-20.14160665105452,-0.0711389851994534,0.10619152392537053,0.05567217140758777,-0.5488286201874618,0.08718213926585074,0.2820735046848139,0.0004800143795542259,-3.1411714941257047,-0.0003066650655617866
16.65364384651184,3.9610590521566342,1.4711817267443847,-20.350968585627143,-0.07478014056311526,0.10265742112993703,0.05777245380874508,-0.5488421648482694,0.0871765339909,0.282033046678857,0.0005132906512874036,-3.1411332623507353,-0.0002338059665756519
16.663700103759766,4.1857941914150425,1.5764748402882576,-20.29180477743963,-0.07429574570973999,0.11337105891453057,0.05866328017080416,-0.5488158050516884,0.08717758538211218,0.28198261208959846,0.00047452650677687585,-3.141183868624512,-0.0002758657986677453
16.673583030700684,4.678183392995591,1.5812692973126041,-20.26113714184993,-0.07480939505590058,0.11828113804260072,0.056349152146810806,-0.5488313285993476,0.08716727227487421,0.28194359637150695,0.0005431589461011887,-3.141139976667869,-0.00026926771586011154
16.681723594665527,3.6839906730550647,1.303123475837177,-20.150401377861417,-0.06380549945709874,0.09862666408357856,0.06021649534262475,-0.5488174034460331,0.08717523055306507,0.2818565737310772,0.0005262601817309694,-3.1412364847565186,-0.0002758020116530359
16.68971610069275,4.202496318123085,1.3981811566202247,-20.176168813069435,-0.07076652557686429,0.11225277084462942,0.05892433261463548,-0.5488259537120618,0.08720181516005886,0.2817999386712404,0.0005004718269671662,-3.141246958864527,-0.00032414318609564106
16.697654008865356,3.844706750980088,1.4141529812933495,-20.25214259515094,-0.07408713934237801,0.10016029254768523,0.06311589777153834,-0.5488371570093947,0.08718726756178033,0.2817649083103355,0.0004037284472807511,-3.1412370000430627,-0.00022542650667669098
16.70767092704773,4.058377787026785,1.0497876700399424,-20.324505834208725,-0.06469711289964403,0.10388950471409648,0.05233699280505559,-0.5488433302012565,0.08719435965200381,0.28174999214666396,0.0005007973838370511,-3.1411666610634357,-0.00030477727286102306
16.715686798095703,4.016662679860121,1.5866819221727013,-20.26747919475901,-0.07015749155143694,0.1063115043497864,0.057706368933471246,-0.5488420635632104,0.0871921936714871,0.28169026263509545,0.0004948892098629009,-3.1412003169695484,-0.00021835544753272138
16.723684549331665,4.058278300975261,1.5091929330759795,-20.081299785529634,-0.07295953324248236,0.10165741005560745,0.06101365979825146,-0.5488442289699331,0.0871997866030168,0.28164878684103783,0.0003450578623453343,-3.14114973881814,-0.00020953989299220342
16.733630895614624,4.063887761505504,1.6077082970228809,-20.232086385527307,-0.07589728551226922,0.10026195102930817,0.05717728544114956,-0.5488257306389597,0.08717917645531328,0.2816192422575033,0.00046899692845054855,-3.1411535994787245,-0.00034681794715827376
16.743634939193726,4.2572367012938495,1.4394550924838698,-20.0646565066508,-0.0717708558229206,0.10950375505224776,0.05480473608340489,-0.54883361312394,0.08717233532471758,0.2815339383129754,0.0004671063750766933,-3.1412703588730158,-0.00021922124958751262
16.751647472381592,3.908245061262092,1.317134428005825,-20.123547664258563,-0.0682324053549994,0.09734100300619924,0.06056023083093876,-0.5488386035690909,0.08716108545920292,0.2815263135780157,0.0005074461542605788,-3.1411716591723655,-0.00030508725729083187
16.761707067489624,3.942484320206952,0.9915021552367107,-20.25176190746403,-0.05976567937823901,0.10446618195006996,0.06383205524219664,-0.5488351551113723,0.08717173218828266,0.281480327491888,0.00046955263505786207,-3.1411667283091167,-0.0002718654296992773
16.769636154174805,3.805981794410464,1.2462469537822978,-20.163474351565377,-0.06522578633521649,0.09734912431622261,0.06358576816641627,-0.5488422322225974,0.08716345707495894,0.28140478747588205,0.0003987308275831065,-3.1412196504004015,-0.00025861914680282616
16.77970790863037,4.138418469758332,1.5365810644714633,-20.224563371380697,-0.07276746635777862,0.10729531107341274,0.06330613948503123,-0.5488488406025257,0.08720502123502225,0.2813963633860881,0.0004842853698727217,-3.1411485322908925,-0.00029726543868798606
16.789586782455444,4.285168982553993,1.4346044845798773,-20.001793895451932,-0.0706659521506214,0.10719823999520972,0.057686291991448535,-0.5488426072005318,0.08717442937216369,0.28135801933361587,0.0005246424184210107,-3.1411099299743843,-0.0003072918675727055
16.797675132751465,3.7271978125333365,1.2395080634105544,-20.133252261495404,-0.06648859580707572,0.09557929898265091,0.065402373940612,-0.5488292258499228,0.08719853719564231,0.2812795830472273,0.0004580184832035818,-3.1412082566956854,-0.0002900737035261039
16.805647373199463,4.116223328957507,1.5488886643387112,-20.154229290940044,-0.07132456365192162,0.10558643094276753,0.06305151842496812,-0.548840835788186,0.08716232781151809,0.28123587994446514,0.0005377071096310318,-3.141193514990953,-0.0002649632402299432
16.81365990638733,4.145294414482902,1.4905420234643851,-20.24986828787842,-0.07356766102597624,0.10564527637775901,0.06301501819699333,-0.5488260189854167,0.08716502582545381,0.28120372809944977,0.0005717782992557686,-3.14117833412175,-0.0003084303516005661
16.821680545806885,4.156511584944835,1.8092642922490638,-20.15679170767019,-0.08059597262916236,0.10875277180929552,0.05890523247426546,-0.5488331136553071,0.08718130605075058,0.28113365218602115,0.00048165004370809235,-3.1412588697671513,-0.000235772513952829
16.829660415649414,4.4745643756633005,1.549169656096134,-19.910816229213843,-0.0707040792849953,0.11490760027854795,0.05637841503065593,-0.5488314331404469,0.08717435209596948,0.28114238385072166,0.0005530631618034911,-3.1411637398430363,-0.00031222065895729676
16.837645292282104,3.8055062820366574,1.6129765538832344,-20.094552714035895,-0.07624534229640986,0.10312935952090818,0.054904604691117326,-0.548829588927986,0.08717456121323358,0.281045209137722,0.00047192008668016784,-3.141241632982453,-0.00023832937416400104
16.84565305709839,4.280819318489336,1.3104963025519574,-20.117886478243967,-0.06945030138361215,0.1074718273906232,0.05223771395381626,-0.548829730663399,0.08717104734612477,0.2810277052828012,0.0005309220760517351,-3.1412239358846055,-0.00023425270019144145
16.85366678237915,4.1570847426412465,1.2670902843438674,-20.168036724955385,-0.06894113349285307,0.11009193467155959,0.057280226382526396,-0.5488346623990568,0.0871798879267629,0.28099412250719297,0.0005042106788187001,-3.1411999535688615,-0.0002479021446357271
16.861669063568115,4.146462085548833,1.5408288828933319,-20.148539052794103,-0.07691472848064995,0.11368771224867054,0.05858903574468863,-0.5488230058997494,0.08717781799777401,0.28099070032789547,0.00037805462945446415,-3.141123200071541,-0.0003152344196856834
16.869728565216064,3.912047606054969,1.4484898547723812,-20.16614486834945,-0.07543116704493354,0.10675162070448987,0.0528759931117691,-0.5488388280326152,0.08715133207203397,0.28095648926226724,0.0005868198659741147,-3.141058213100748,-0.0002860260016743642
16.8776798248291,4.198210127740933,1.5843080528089526,-20.04652230174578,-0.0824853994853774,0.1074002034789714,0.050439806994859324,-0.548841322711401,0.08717474769313073,0.28090192760343047,0.0004620428373383326,-3.141146455644741,-0.00031163968738887016
16.88766574859619,3.9328502008355155,1.4187616587735208,-20.11806375855787,-0.0722645777461063,0.10758967927809115,0.052907609198304624,-0.5488310275518691,0.08717796611766535,0.28088343801428906,0.000568367370620469,-3.1411234756011392,-0.0002979872489721284
16.89583706855774,4.159982657179864,1.5979513469200775,-20.093348354695788,-0.07375625647590069,0.11255700479017072,0.04958338886872334,-0.5488330367629244,0.08718561396167654,0.2808000770653133,0.000401196533201268,-3.1411675954472718,-0.0002676519421209924
16.903748035430908,4.132144691078114,1.5864428208692374,-20.075385748662,-0.07389149196955762,0.10535742194206871,0.05725928131758537,-0.5488273278352864,0.08718712503386652,0.28078789064042076,0.00044189673833644884,-3.141122820318286,-0.00036098711339746807
16.911656618118286,4.409016227852066,1.4872642526943114,-19.990653640197745,-0.07218998361535242,0.11068868195824366,0.04937227881524838,-0.5488434896263232,0.08719376274480184,0.2807736218449009,0.00040522647402244604,-3.1410544785889045,-0.0002937619354852233
16.92169451713562,3.7773333138277905,1.5501155737584362,-20.20695046807821,-0.07603729892806121,0.1032300108746426,0.05489722357708937,-0.5488440160808336,0.08717237008533252,0.28068225739610003,0.000595196958240244,-3.1412107154005713,-0.00033002949819468377
16.929696321487427,4.069795530170467,1.3643137422406322,-19.93651858126624,-0.06824720673925891,0.105442243336614,0.05703152080777822,-0.5488416502726193,0.08716929266811754,0.28063915507381143,0.0005262614714186861,-3.141155908651792,-0.00026546613007037446
16.93760848045349,4.287088655705683,1.50564785666509,-20.12071970759917,-0.07148626718039938,0.11311350354174428,0.05597594065417991,-0.548832376049092,0.0871877708063089,0.28060337992408035,0.0005040150280623464,-3.1411575719294516,-0.00031979231960252777
16.947664976119995,4.269905529006359,1.6982580240785823,-19.999770411634785,-0.07992955445916267,0.10793587522288037,0.056945504718898705,-0.5488437168479603,0.08719454966621709,0.2805575268480309,0.000495672972728353,-3.1411800687130715,-0.0002970524313154809
16.957735061645508,3.790189759560659,1.4864856419226025,-20.028333376960937,-0.07034270239554626,0.09990088068590974,0.059395097302337246,-0.5488327371784952,0.08719821453644076,0.2805206086076313,0.00047946905856583957,-3.141157098634759,-0.00022055984390828613
16.9655978679657,3.715512723170728,1.4427474703740981,-20.076689624276725,-0.06996089255809576,0.09598699524423693,0.055231282805532037,-0.5488356742507146,0.08719280395825255,0.28046450441355003,0.0004487658680460673,-3.1411655005902093,-0.0003764987481263968
16.973626613616943,4.229478482711737,1.4773120792462415,-20.052969636807934,-0.07184247113742004,0.10352652493796537,0.05433663931564829,-0.5488382961418765,0.08715348453402956,0.28042583667933696,0.0005104001989675864,-3.1411338174662933,-0.00024156605715398727
16.983635425567627,4.077714152455357,1.241119076873938,-20.147758997777842,-0.06724269706938263,0.10167551198325475,0.06431266429372309,-0.5488420963239493,0.08719155529023093,0.2803869772320192,0.0004809119250922226,-3.1411705262881537,-0.00027294661752425215
16.991647958755493,4.244934621993065,1.560754901961661,-19.993601005197426,-0.07516318865598512,0.10352747813542984,0.05332683179460811,-0.5488398951444594,0.08718955303963782,0.2803440571326275,0.0005032660281845499,-3.141136597402717,-0.0002807350991869084
17.001752376556396,3.9586688228179634,1.548131413058342,-20.088835259032187,-0.07101322764431721,0.10457879088193361,0.06222731808885284,-0.5488474504856141,0.08717013553110314,0.2802492232539402,0.00048245720060074255,-3.1412330532988175,-0.0002003848665308224
17.0116024017334,4.0701288577305865,1.4139301573822896,-20.140958824188537,-0.06990069406340416,0.10563777955984359,0.05766040963481918,-0.548843864740726,0.0871514695585288,0.2802446704435799,0.0006262239705115849,-3.141124215981954,-0.000264481266202144
17.019696950912476,4.042077104949987,1.3687471582045612,-19.956268424050396,-0.06821521670686943,0.10357356856974789,0.063700248308829,-0.5488554441439722,0.08716467118423027,0.28023963930458345,0.0004917985031731183,-3.141035270491644,-0.0003456695406704359
17.029679775238037,3.974592701021933,1.593096045331962,-20.008959129700806,-0.07429893621333669,0.10123579079208866,0.05032399539768406,-0.5488516722686761,0.08718637040373187,0.28014440710766353,0.0005318286866512557,-3.141185285934395,-0.00024395956957091203
17.039629697799683,4.093048170841246,1.4896195113688007,-19.980810534414978,-0.07074934145878808,0.10529948286940484,0.06218820610288213,-0.548838925550918,0.08718318469411121,0.28011303170698565,0.0005603998030437011,-3.141114414522823,-0.00024935114713124797
17.04764747619629,3.929958915556051,1.6404763567527079,-19.87350564751507,-0.07053712143489337,0.10272579561781983,0.06018404430513027,-0.5488514752381637,0.0871840333383717,0.2800854362921488,0.0004516670099799761,-3.1410528610601642,-0.00033163750816625633
17.057682037353516,3.7753240424441996,1.441609339020092,-20.173800671193206,-0.06998370900333921,0.09692532015422535,0.061747062706654546,-0.5488252897079053,0.08718132773709139,0.28000518420411247,0.0004380196594722985,-3.141171527408484,-0.00023674353221073843
17.065636157989502,4.116649795911347,1.544547202117705,-19.773270878242695,-0.07076460130241709,0.10577882850935891,0.05914341981840655,-0.5488499243451369,0.08715894707899279,0.27996543850398004,0.0005226510452189398,-3.1411094891857125,-0.0002907944701733264
17.073617696762085,3.9665633599955727,1.38653866291597,-20.095986264039304,-0.06649238983705477,0.10329777084223397,0.06168177177881241,-0.5488339171403148,0.08720106274657866,0.27987619638009376,0.0005059419172654308,-3.141257236415324,-0.00028641485367592165
17.081662893295288,4.012817564139848,1.4969465724107596,-20.186811253987152,-0.07170600234130449,0.10079588424909425,0.05812357488310934,-0.5488541418620541,0.08715519994329952,0.2798862617914888,0.0006153760916006693,-3.1411408050348855,-0.00025516566050876553
17.09162926673889,3.8528807843688124,1.4658159281795313,-20.044047066511453,-0.07292411276205307,0.0972177069831175,0.05801545765108378,-0.548851332523773,0.08719479659560897,0.2798185715588712,0.00045680456469452454,-3.141127056818838,-0.00027128274365853815
17.10172152519226,4.0119314855278665,1.2180312457118339,-19.922893888353705,-0.06477889909491374,0.09880694250505,0.05737105448915632,-0.5488315393738327,0.08718259960767927,0.2797644567765976,0.0005667762423195751,-3.1411958722651585,-0.00024613555377413855
17.109708547592163,3.7489220085971935,1.6566242550215993,-19.991688913594835,-0.06958835465326717,0.09801634480009874,0.06141010099157175,-0.5488420925431683,0.08716965259345175,0.27971213536001427,0.0006068703207292951,-3.1412115365029267,-0.00034139004793172197
17.119627475738525,3.8434451043460025,1.500930229088652,-19.881489574023565,-0.07086555028998236,0.09793233585199221,0.06392290567701177,-0.5488590677758107,0.08716446443791509,0.27965034702004776,0.0005359304433935535,-3.141208115595341,-0.0001803656191384597
17.12764811515808,4.132187737346181,1.6529494595565728,-20.070463706240595,-0.07230883716116655,0.10339981249518025,0.05629929380726496,-0.5488461613788462,0.08720643747054253,0.27962914897545565,0.0003938658626593672,-3.141185336068154,-0.000271300036357925
17.135660409927368,3.944964318424427,1.6364233548267435,-19.981163454626664,-0.0732050262818033,0.09963051975582397,0.06167322195049565,-0.5488369652383916,0.08717156725241336,0.279545212418271,0.0006171925363717334,-3.141280697321797,-0.00021444973470919587
17.14563775062561,3.6873420153013474,1.3950000848970379,-20.030859086169272,-0.06426205531962514,0.09431232570031511,0.06327027057901964,-0.5488373092133805,0.08719129018241563,0.2795379166434504,0.000500353573971044,-3.1411765374648946,-0.0003258556290305875
17.155678033828735,3.888423314307936,1.3775212927069294,-20.182299823281316,-0.06415820645751671,0.10279149216509785,0.06332693760463858,-0.5488587263282875,0.08716356485077945,0.2794917626470471,0.0005668014936777983,-3.1412107014862087,-0.00033115663357689417
17.165725469589233,3.6670165679921913,1.3230139690590093,-20.194780429869844,-0.06616868511060044,0.09844596158139937,0.05900801470898264,-0.5488445603373948,0.08716267597992684,0.2794310906029082,0.0006037432711496147,-3.1412468278965275,-0.00027061515043330387
17.175639152526855,3.843908729577773,1.479906289571986,-20.092072266659958,-0.0713362320117906,0.10377721456752566,0.06248186647701079,-0.5488480491108603,0.08719815829789976,0.2794220558297967,0.0003812743465475696,-3.141133629907489,-0.00032464402176422905
17.185720443725586,3.953330409950335,1.4210786801431547,-20.117378852052276,-0.06938845895815912,0.10272780030949137,0.06146367251385211,-0.548850149286162,0.08719167473348381,0.279350264625925,0.0005187942877615724,-3.1411593117349073,-0.00026359675493068784
17.195653915405273,3.7052530822965464,1.4183587266413222,-20.044398750353253,-0.07029072013012896,0.09120572541151076,0.06391478233904624,-0.548846431056447,0.08717003539545995,0.2793093861632904,0.0006347159726668556,-3.1411284427076924,-0.00026935595436939247
17.203730821609497,4.139714853514826,1.3839990875705857,-20.13715486174676,-0.0693739459752168,0.10451503341448554,0.06034056962909208,-0.5488372715666988,0.08717542797481359,0.27928172384687533,0.00044079154774204795,-3.1411209999679848,-0.00027209623305584637
17.21364164352417,4.04153380370614,1.6568172913209729,-19.827423074675007,-0.07503352461910674,0.10410413435038116,0.05375144150499122,-0.5488271450634206,0.08717982126954377,0.27919513790642525,0.0004653522841671105,-3.141184186787958,-0.0002591501972924516
17.223594665527344,3.948367562058204,1.54712488113878,-20.132395162902036,-0.07482818040589109,0.10556512692042182,0.06142520811711651,-0.5488229716008514,0.08716179376065886,0.2791282031327389,0.0004885134399726603,-3.141272236916361,-0.0002845632682399538
17.233612537384033,4.1567601719295775,1.505800749422436,-20.13445723976809,-0.0765860266626827,0.1055570006743123,0.055535135732403644,-0.548847658280784,0.08716062162081667,0.27913413774810836,0.0005877050100139884,-3.1411360302331324,-0.00027205674534575794
17.24171018600464,4.352542394625389,1.519988413700115,-20.027081794484726,-0.07071177104131265,0.10868471844912796,0.052832671309028884,-0.5488353141579362,0.08720344852597407,0.27907473316549475,0.0005250506778747574,-3.1411614057353354,-0.0002130270067767609
17.251641750335693,3.593150664821285,1.4213510133212983,-20.116419262211892,-0.06471821968411798,0.09562046862297588,0.06721403500863285,-0.5488355712014044,0.08716417884151681,0.27902197051067446,0.0005841573438228589,-3.1411571755477077,-0.00027980836288233495
17.261634826660156,3.8870986387066617,1.2737071116127048,-20.23603819806997,-0.06735882056380321,0.10500380461490304,0.060250245348445544,-0.5488245069320903,0.08715821017467083,0.278965726398972,0.0005286351777566466,-3.141160267214275,-0.0002994954246223868
17.271770000457764,3.7651284654087274,1.3552939006667069,-20.239222409358376,-0.0702155696674935,0.09973949460048478,0.06272430697896762,-0.5488360825136765,0.08714167144681503,0.27892442168685916,0.0005855525021675923,-3.1411750386304638,-0.0003224471809304559
17.28170371055603,4.167489162844207,1.4366004547963114,-20.03835976128551,-0.06917575512826284,0.10378760654395008,0.05561113225578218,-0.5488405515491602,0.08718451579297176,0.2788653019057226,0.00047845680705414155,-3.1411368335098913,-0.00024686459792598337
17.28957986831665,4.333021959223327,1.574819819695832,-20.065192160322905,-0.07161289781445969,0.10892340975302836,0.057270730692660414,-0.5488431240265618,0.08717178405695761,0.27881650035489014,0.0004763475569897158,-3.1411622078299644,-0.00027321938829258065
17.29771614074707,3.8912942349360353,1.47901608195192,-20.068858536474846,-0.0719949808280065,0.10199314268663667,0.059439962128912824,-0.5488424331822481,0.08717353367467016,0.2787835203385921,0.0005918732688821268,-3.141153999901261,-0.0003211198118820333
17.307735443115234,3.8509794485411977,1.1029623034793556,-20.097415880219863,-0.06189561134159192,0.10573294479698674,0.058210302637424376,-0.5488373236389693,0.08717667075443733,0.27871784513035847,0.0004950664157174796,-3.1411743668064407,-0.00031393363791257
17.31568169593811,4.342585592907879,1.4986797597186599,-20.01480912915065,-0.0727035081530986,0.11014867139107085,0.04926705923828309,-0.5488357391031383,0.08716140107764789,0.27867046503515625,0.0005466567602459703,-3.1411974411721113,-0.00021921080567501548
17.323673963546753,4.007957217763778,1.070489381451433,-20.151690019909655,-0.06898897323478986,0.10577843968463495,0.0586096546567944,-0.5488404879038803,0.08717613979431688,0.2786366375204009,0.000528573682475666,-3.141218839674498,-0.00029640214296321405
17.33365797996521,3.900182796916157,1.5428998763175938,-20.276509346939527,-0.08024389372372698,0.10692233872959554,0.0471060831539869,-0.5488562568198827,0.08718436222194995,0.2786119175968177,0.00045354757955482183,-3.1411122404096177,-0.0002038074237245058
17.343658447265625,3.8781511627710823,1.5712391833628094,-20.306905747319785,-0.07586502253118778,0.13103976195226513,0.05270427954347924,-0.5488418438108834,0.08717210282874571,0.27854700956330214,0.0005446416269418531,-3.1411747573542175,-0.0003360917551052754
17.35366129875183,3.4391753355380086,1.5471051386475592,-20.18050812885537,-0.06996362028203047,0.12531680994692782,0.05201708886806243,-0.5488423440472701,0.0871698616229057,0.27851098504510674,0.0005181983198515133,-3.1411246202263414,-0.0002929481219207445
17.361676931381226,3.590935725451836,1.5566982778512117,-20.17624737271499,-0.06865196452256969,0.13078059548055612,0.05539868191023704,-0.5488386996256842,0.08718404528189838,0.27845070351010137,0.0004298753685907717,-3.141101342637083,-0.0002504354196191749
17.37168860435486,3.7309482123414512,1.8149326256914053,-19.073382801393826,-0.0457900292279989,0.11931759336556688,0.05782715926000608,-0.5488354709807498,0.08717048561808767,0.27839055087989506,0.0005277667504476229,-3.1412130037827524,-0.00040334553840072417
17.381678342819214,3.6400022630145585,2.0119400144893915,-18.322790964781728,-0.04033059995960911,0.1302048733969623,0.05452532549188996,-0.5488584838040693,0.08720075670982114,0.2784017368079055,0.0004458818990252578,-3.141041084625025,-0.0003535498218575488
17.389639377593994,3.4661341100519842,2.1455203027739556,-18.078023687707777,-0.03410839972952683,0.13540465173114383,0.0582221234120733,-0.5488683056279362,0.08716740924794804,0.2783488034566729,0.0005835654631330541,-3.1410189486566615,-0.00034693786378931543
17.39972686767578,3.8470803027273828,2.165911229171118,-17.963111087340234,-0.02276636722704543,0.133940326132626,0.05422599641091613,-0.5488669263973702,0.08718868761919249,0.2783372243602827,0.0005171938340059332,-3.1409739936982755,-0.0004940259848193368
17.40764880180359,3.1248075582944206,1.9349724413557694,-17.48250469540862,-0.006567762832892968,0.16985345954883163,0.06682711986659308,-0.5488514311454216,0.0871865559715367,0.2782843473297724,0.00046955397730751887,-3.1409863384176635,-0.0004078204528610312
17.41563391685486,3.0106264533051337,1.985619339224208,-16.518168312575263,-0.024657788633155667,0.16576157487537335,0.05326449184884659,-0.5488629315617554,0.08718535938548352,0.27822524541541716,0.0005718759874193298,-3.1409837375108243,-0.00038593666801099605
17.42570924758911,3.466139616780311,1.998935597260349,-15.745293709127115,-0.03122590726096244,0.17192672481139756,0.0568855071721314,-0.548892906374469,0.08718131541342154,0.2782387073596919,0.0006698305085964576,-3.1409058343153986,-0.0005528110910903082
17.435706615447998,2.8803408450701844,1.6844556774102637,-14.954900444418165,-0.03942401419022671,0.16250148491674968,0.06187253439655842,-0.5488798830697293,0.08717511943213752,0.27814658028939027,0.0005742017017582154,-3.1410072889110787,-0.00047640920096220083
17.443692445755005,3.019498675000886,1.4656050760763677,-14.258074295628337,-0.054312513377894424,0.15927389728364277,0.05323691847315435,-0.5488770809868267,0.08717889569013851,0.2781748322188838,0.0005231860090204318,-3.1408161856919787,-0.00045467502988246096
17.45172095298767,2.4773170148437247,1.2607241104398608,-14.128066718941444,-0.06023433531719965,0.17673560987257786,0.062459116968779003,-0.5488799097451089,0.08718443936125549,0.2781556210903837,0.0004867981971033253,-3.1407737935547093,-0.0005528465673695198
17.459697246551514,1.6583345268738676,1.2574365215921077,-14.543165966738046,-0.07448981352815391,0.2775797245588237,0.06159599634159568,-0.5488863813499831,0.08717701220282599,0.27813503565364317,0.0005261463478847284,-3.1407682051088246,-0.0005156302501870116
17.46969175338745,0.42370782134981355,1.1273698182094452,-14.992669984085582,-0.07496696742959597,0.3705786587574612,0.06721108187693911,-0.5488987725650218,0.08718417996083606,0.2780947574234427,0.00052596779276579,-3.1407114034700445,-0.000466364704584752
17.47969102859497,-0.33280490947288605,1.6455225710967982,-14.98185824282584,-0.08456713551817908,0.47699884955264094,0.061932409359182185,-0.5488994808759885,0.08719664592572726,0.27803860107441547,0.0006114954166479231,-3.140757001334364,-0.0005500137282838054
17.487685441970825,-0.7225703836531743,1.3122119176137685,-15.018980626640575,-0.06522511694885604,0.5738884040066172,0.06932612273639845,-0.5488972401418335,0.08719200402743861,0.2779988988392375,0.0004811294138761075,-3.1407135234310357,-0.0005624250759563275
17.495731592178345,-1.4903767936301746,1.4275597725870104,-15.184514752501006,-0.03542702212198762,0.6205976840788631,0.06814201501976375,-0.5489164737772486,0.08720734958385269,0.2779520480462495,0.0005227673483028318,-3.1406807024652035,-0.0005493344971530881
17.503814220428467,-1.8505866468632384,1.8926728973026212,-16.037909503141368,-0.0014431080051517386,0.6852603917048263,0.06640926561064099,-0.5488988567667741,0.0872178308156835,0.27789370235379507,0.00044183322613574813,-3.1407424245669557,-0.0004931230032684418
17.511661529541016,-1.921513559056868,2.3908561123858623,-17.117686226872237,0.023066456973623372,0.7472432769434544,0.07068931002100666,-0.5489082387630949,0.08717840807943253,0.27786789472111106,0.00047343791429018246,-3.140713301059349,-0.0005076954920626595
17.521629571914673,-2.3646736056114075,2.559530263437793,-18.004729965005954,0.043828282181379546,0.8024928586316794,0.07356650061462625,-0.5489067529088663,0.08718540788300705,0.2778458403682512,0.0004979390967937268,-3.1407120656965626,-0.0005195371479792038
17.531644821166992,-3.2587579792825525,2.615915829751299,-18.38727905652266,0.07743190487536888,0.8448281209351685,0.08346534348932184,-0.5489153383269638,0.08721512380639344,0.2778017714989991,0.0004037522996982783,-3.140714716594149,-0.0005512945336767259
17.541741371154785,-3.525228062166365,2.901608294812214,-18.45254762595469,0.11122162491120935,0.8819774974066739,0.08173344158337136,-0.5489124920665285,0.08717709271301413,0.2776598287743369,0.00059336807292446,-3.140902706965284,-0.00037588136119126765
17.549770832061768,-3.51140377622901,3.329762967716811,-18.206081464939917,0.1409976490836689,0.9148995386960352,0.0821933272065648,-0.5489022802095352,0.08722771955841901,0.2775858004442926,0.0004199995398209054,-3.140956494332341,-0.00037590771609529925
17.55768847465515,-3.534601528706563,3.688164165395588,-18.14855609055324,0.15678330954225625,0.9382385854904605,0.08131733077956171,-0.5488945980586395,0.08720972148623991,0.2775836353171113,0.0004725615007884299,-3.14088912437538,-0.0003835178830042812
17.565666913986206,-3.654061742415544,3.878131278343815,-17.90495936766702,0.17880938842871513,0.9595348550727736,0.08179159773227264,-0.548903907300116,0.08719737159512544,0.2775239899208468,0.0005567612366460346,-3.1409199318351844,-0.0004467625228398261
17.573736429214478,-3.3220301130605656,3.521240700610407,-17.588263942138084,0.19361099988446273,0.9645907968865794,0.0856824795482549,-0.5488975847859529,0.0872060738763321,0.2775120320793161,0.000550317213656793,-3.1409444124988704,-0.0005708890200944749
17.58364224433899,-3.747351029277637,3.965339720515967,-17.368053070583226,0.19872647331649468,0.9692273292970208,0.08296379242993504,-0.5488848787516197,0.08719658122114057,0.27745673950159044,0.0005320569170409417,-3.1410100746354366,-0.0004634160269818875
17.591638326644897,-3.803343651730434,4.518289821892826,-17.246530287458864,0.21356338364313227,0.9977042145278601,0.07578435199425669,-0.5489078638431025,0.08718447619750855,0.27741106204347943,0.0005263783018668158,-3.140923480013481,-0.00047827538900435115
17.601762771606445,-4.198106356452983,4.2636955065037005,-17.278216880960677,0.24609149232288402,1.0118063852217196,0.08605002863733655,-0.5488893156956658,0.08718862469975718,0.2773709623689036,0.0005203028928855712,-3.1409636086828248,-0.0004925432284145549
17.60963225364685,-4.116705395853054,4.937746479615066,-17.417062190424694,0.2756532740028998,1.035179531272211,0.08177347605503096,-0.5489018977441735,0.08720524588098924,0.2773378728653016,0.0004847879716159435,-3.1409038511328746,-0.00045184430641441166
17.61963176727295,-4.324187121393713,4.921422401508046,-17.772658894629874,0.32520359495499207,1.0609469719905158,0.08530868527466898,-0.5488796830231314,0.08720954320068738,0.2773074351306859,0.0004995518208559917,-3.1409370146243356,-0.0004578393929017387
17.627637147903442,-4.3195104826958515,5.520157788323523,-18.107091436460713,0.34654031728598644,1.102096214667783,0.08399876392398034,-0.5488709708783486,0.08718814720819162,0.27720393130218307,0.0005385766018580946,-3.1410061999131935,-0.000395152593532938
17.63770580291748,-4.5658760836778,5.294361660630101,-18.44356211019809,0.3744451447367935,1.1226619598396141,0.0921577596498113,-0.5488658796518671,0.08719618110863359,0.2771539911023261,0.0005062907371285118,-3.1410628318816043,-0.00044883522403851487
17.647661685943604,-4.782170261871675,5.4676180542325055,-18.96044033460541,0.3790648003596981,1.1582816313331816,0.09064759833201473,-0.5488657104433001,0.08720912982470548,0.27708758793519805,0.0005161205160692607,-3.1410995914181905,-0.0003270333210279686
17.655660152435303,-4.926164392763699,5.667796924229598,-18.94733663621928,0.37923157684392567,1.1850151246837939,0.09068588781399355,-0.5488559180004977,0.087189739384856,0.2770122473977618,0.00047071457647222847,-3.141157436710941,-0.00024382523644356617
17.66560959815979,-5.035241544647413,5.71647696058052,-19.196136064670267,0.3748434971445165,1.1904526312792607,0.09205503359195363,-0.5488691781558098,0.08717317122388323,0.27697236155915134,0.0005868406059856584,-3.141182867601378,-0.0003669708223295617
17.67569613456726,-4.71230049347928,5.6749490340848485,-18.96765985532297,0.3685275755459197,1.1625525586936254,0.09495031602857126,-0.5488749100574204,0.08718528392416036,0.2769704120435323,0.0005116411930720906,-3.1410645663531933,-0.0003400090142310974
17.68562936782837,-4.316107126499014,5.746326823508725,-19.097423159785503,0.3749710657131389,1.1554260445491455,0.08906455208672592,-0.5488673183752321,0.08718035586668549,0.27687636631401225,0.0006543577888503019,-3.141162785663606,-0.00035100888033420287
17.69565510749817,-4.517426409943743,5.484765425187825,-19.20010495821337,0.3867236911564453,1.1538098798533087,0.09275957992576495,-0.5488936924683673,0.0872079140399964,0.27686210444382064,0.0004584265426218999,-3.1410813610192907,-0.0004044998282115441
17.70568537712097,-4.619142083094479,5.393060046258282,-19.013409147874494,0.3814176144222813,1.1432590782607206,0.09283071479405147,-0.5488745324650524,0.08719451168042727,0.27682682133042186,0.0005148184545980834,-3.1410890085006784,-0.0004368929378616325
17.715685606002808,-4.567220402922391,5.18516681586509,-19.000530706697784,0.37832078491220916,1.135392009535828,0.09527194124923938,-0.5488900145092316,0.08721548465175562,0.2767885031765279,0.0004548489524146088,-3.1410153127371374,-0.00041097039112417307
17.72565746307373,-4.413311037287806,5.528951340207206,-18.387146844576684,0.3597987807874854,1.1366146209273083,0.09292801592591331,-0.5488913332792725,0.08720819020844969,0.2767339001298768,0.0004388113431316608,-3.141011421026968,-0.00036634779763200195
17.73567223548889,-4.279925343084315,5.108378453328319,-17.509770064821943,0.349073630633342,1.10752104706029,0.09001374954717817,-0.5488753174274826,0.08722119555050946,0.2766491220530089,0.00040803714341524613,-3.141138812909283,-0.0003704712018106254
17.743687629699707,-4.0006873109239605,4.748230052555406,-16.716807931113603,0.3383994722645392,1.0828890021077848,0.08507074575908836,-0.5488706321490323,0.08721578704783983,0.27663135176754455,0.0004991759568077415,-3.1410676082485858,-0.0003966442847557901
17.751646518707275,-3.616747906677927,4.543422545507213,-16.200188011801796,0.3367512321807925,1.0805602392577358,0.08719442236745034,-0.548901111101911,0.08720268802937436,0.2766458482966526,0.0005340139468493667,-3.1409160618914838,-0.0004406175832521235
17.759666442871094,-3.6351373613131073,4.757027408463288,-16.016218211668996,0.31148383553664455,1.0721188475539989,0.07698681226794393,-0.5488806744302015,0.08720802491697636,0.27656617232658265,0.0005264634406008246,-3.141033257411146,-0.0004263159598245238
17.76964020729065,-4.182136624135908,4.103999066568208,-15.638464206383691,0.29983797603954704,1.055373904864163,0.0817287751491188,-0.5488871162408034,0.08717214065574222,0.27655194263555966,0.0006882696684725023,-3.140991788395243,-0.00044518094964194835
17.779682636260986,-3.8138565373311124,3.5666623515315172,-15.081801148603624,0.27697442782001597,1.0700585845682173,0.08357694183925489,-0.548892893034023,0.08719848581185226,0.2765307183687214,0.0005289602332856059,-3.1408724425305263,-0.0004543314379168289
17.787614583969116,-4.330394555297154,3.6031725882117955,-14.71691661325036,0.2350831764006589,1.0837235319884577,0.08018348676258147,-0.5489052072424061,0.0872054168596237,0.2765065722044771,0.0005248631724239398,-3.1408793110304143,-0.0004771232282094862
17.79566502571106,-4.367889961953736,3.3979931572558124,-14.381452167966367,0.21313715828327626,1.0922647287007459,0.08450801304066947,-0.5489050265918901,0.08720390767214378,0.27648282747709474,0.0005238997225977527,-3.140802159079814,-0.0004283924282633482
17.805793523788452,-4.180410011312146,3.254383851489758,-14.030673680298516,0.19425584749136643,1.109857551898534,0.07066640102315541,-0.5489055535049295,0.08720508160501649,0.2764244531657386,0.0006028060644039818,-3.1407730065261243,-0.0005050599325173631
17.815693378448486,-4.896431715078734,2.8930520030329943,-13.994948411039704,0.17998701593534078,1.1145241667360557,0.07985346244760105,-0.5488941984206727,0.087221835298124,0.276426341678935,0.0004622395882427885,-3.1407704444197657,-0.0005830029802025847
17.823664903640747,-5.1221936567578625,2.7297237329584414,-13.680018291136422,0.15723650706333056,1.1353667788449464,0.06654617997805214,-0.548909720390109,0.08720410735398504,0.27636226514024637,0.0004569489614340528,-3.1407489798764203,-0.0005197922375431543
17.831663131713867,-5.20490580256728,2.607290303645524,-13.61504036121127,0.14766037495881976,1.1515132163927913,0.06860594638203975,-0.5489016512181777,0.08719341253887526,0.27630953715723244,0.0004768447142459125,-3.1407509552103945,-0.0004761539042939689
17.841660737991333,-5.281722068181501,2.6976321935646332,-13.703307462560549,0.14408458427041318,1.1959952498306272,0.06978033007712106,-0.5489026160753018,0.0872016179499972,0.27631401296695596,0.0005170390912066088,-3.14070131040693,-0.0005226889245220913
17.849637031555176,-5.606772890903315,2.8650981442850036,-13.959074551692767,0.14368816324331032,1.2563800740959292,0.07687129529717322,-0.5489052248681194,0.08717844935489513,0.2762767271341724,0.0005251351500761219,-3.140653409835573,-0.0005128897057359789
17.857622623443604,-6.467058486369008,2.8497754362915835,-14.312932715553943,0.15571279349138373,1.2973457339220962,0.06938297845127878,-0.5489139628409148,0.08719619760305533,0.27622799440334267,0.0005519860120195057,-3.1406876547738545,-0.0005230084187918592
17.865641832351685,-6.946221592294957,2.8527399745053694,-14.663040900261814,0.1701682468618249,1.3434723940072393,0.07207852345981167,-0.5489080787151178,0.08721802246010309,0.2761901688872318,0.0005076383184697971,-3.1407074570330473,-0.00048019340031360357
17.875657320022583,-7.2601690931818235,3.1469835555723518,-15.020347511135064,0.17947147721873605,1.3989509940236067,0.08041123135638502,-0.5489086875189049,0.08721134118070568,0.27613654056444326,0.00046908240158090065,-3.1407278371621254,-0.0005527269502180589
17.88565468788147,-7.792967999054272,3.1127196951249667,-15.56164600778238,0.19256000615421176,1.4636239611848878,0.08191090603995764,-0.5489040951970386,0.0872002530872548,0.27610474878797936,0.000529176154213808,-3.1407032553508616,-0.0004968850462523228
17.895668029785156,-8.416080859530819,3.1493337437110176,-15.682379236323236,0.20306647042190992,1.5056840528535045,0.07631581744872527,-0.5488985455628201,0.087193528994779,0.27601877751803766,0.0004972340408266404,-3.1407808585548755,-0.0004176387585593959
17.905714750289917,-8.40122766838242,3.3689351389309254,-15.85948950510116,0.20503727017126938,1.5493094240872554,0.07649473534669744,-0.5489054802183762,0.08719757261482253,0.2759597814410232,0.0004907326411025513,-3.140806692740489,-0.00041923547329253934
17.915700912475586,-8.511629678367818,3.5007048394409392,-15.727324691908121,0.2095051977326537,1.578126096580166,0.07913258817807793,-0.5488979928606177,0.08718768906791723,0.27587800743723945,0.0005151818838738335,-3.140864736356949,-0.0003869904681610959
17.923693418502808,-8.522941486856846,3.8158824772275413,-15.667233873718942,0.21481951330808197,1.6049253053718096,0.07521095235267018,-0.5489026173876432,0.08718254281382971,0.27586835444926866,0.0005378451444797027,-3.1408018218179827,-0.000428181215620459
17.933725118637085,-8.909326940167258,3.1912700807609204,-15.587880112918926,0.24355752596307303,1.607286605759114,0.07675448454727035,-0.5488928520994611,0.08719751629215894,0.27581011455935905,0.0004705999464071009,-3.140837197944711,-0.00037716755560320985
17.943650484085083,-8.528575178830634,3.7362917908189486,-15.222695436509703,0.24997874673499265,1.6288005743029947,0.07306420507500158,-0.548890983636934,0.08717746732549143,0.27574618031776876,0.0006301250515423466,-3.14090736340514,-0.00039816714538037673
17.95365619659424,-8.836876262886756,4.2221641069996245,-15.13106592098925,0.2516932735286349,1.633361943301715,0.07146722816571639,-0.5488945980210664,0.08721689727499585,0.27569454721809616,0.0004119164819842437,-3.1408898123541,-0.0003659227274414016
17.963723182678223,-8.979110723610725,3.5222715403189393,-14.87941892864985,0.2748823488519055,1.6371718703152915,0.06621826346255506,-0.5488948328743942,0.08720511062511233,0.27568079845117466,0.0004974315406142001,-3.14085546396724,-0.0004669817807305655
17.97167944908142,-8.729345046054322,3.93426525672073,-14.73030202656414,0.269171339008659,1.6549954626479924,0.05686866893040103,-0.5488933358928475,0.08719055194126203,0.27563234982999296,0.0005165891078898773,-3.1408525511766965,-0.00048021840475058247
17.9816997051239,-9.052470321093569,4.095231939398283,-14.700829316797122,0.26966598431179,1.6578610711035373,0.059743100138576456,-0.5489006318989124,0.08717290350729362,0.2755920428202732,0.0006143403912705433,-3.1408932853223925,-0.00046580086107450715
17.989665746688843,-8.801123472416533,4.128009877454476,-14.663419910636375,0.28156991276909654,1.6749410381431529,0.0661511730720484,-0.5488993205828256,0.08719914512476937,0.27553936874780316,0.00049517715998496,-3.1408633271850137,-0.0004213512913610717
17.9996817111969,-8.878128841205001,4.398804738779401,-14.457422000929133,0.28537781143578134,1.6804478001574705,0.05972544638472517,-0.5488652844000728,0.08718880159707496,0.275443767589722,0.00046165008819740557,-3.1409961575276513,-0.00035984176681212374
18.00981044769287,-8.80362662638539,4.085909695641403,-14.794964953125575,0.29872865742173077,1.673178031230457,0.060429475258043666,-0.5488931020456427,0.08718907011905745,0.2754651713737917,0.0005999172761494222,-3.140897470288031,-0.00043336928536158225
18.017678022384644,-8.514970127404801,4.218764342590367,-14.451914055369162,0.29665662675510474,1.6374648784024612,0.062406063469575904,-0.5488913396915218,0.08719888797676413,0.27541458153063864,0.00045099851243763175,-3.1408629783584185,-0.0004754629199502162
18.027637243270874,-8.192174931109012,4.530910543418732,-14.427527670366219,0.28476072479693343,1.630933868039572,0.07391193377048307,-0.5488792257273363,0.08716522180331795,0.27536174136079844,0.0005530667479940432,-3.140968934046906,-0.00048437366974799287
18.035720109939575,-8.182571264504114,4.258167646494574,-14.562578114021855,0.2945915471291175,1.6265722070594912,0.06724488023926203,-0.548898242386301,0.08719316000803973,0.27532035324694504,0.0005505107838599725,-3.140926375401226,-0.0004883281342227053
18.04374384880066,-7.9625488836519445,4.216035151652609,-14.266245133381451,0.293885636667779,1.6145708127641005,0.058922654150202855,-0.5488868651603805,0.08720628838665188,0.27529551215810233,0.0005190797503999205,-3.1409135263403694,-0.0004817091988485572
18.051657915115356,-8.128726024977041,4.39118123812399,-13.847843687760808,0.2915862162603781,1.5958272076120337,0.057528206559432984,-0.5489037303900187,0.0871894924501354,0.2752468576368034,0.0005450017000975452,-3.1409429649220417,-0.00038452437207071356
18.06169104576111,-7.998812379219344,4.187405399323322,-13.50098108760829,0.2948280059233123,1.5758131166191987,0.0686249938977893,-0.548895121804363,0.08716824941545812,0.2752082600751852,0.0006111619319924604,-3.140950833635903,-0.0004427330594502359
18.071735382080078,-7.550725575526908,4.538351390537111,-13.097402828492656,0.28934801679563626,1.5662933820828486,0.06601601460259314,-0.5489008407133953,0.08717532502682683,0.2752277278726212,0.0005910918522803073,-3.140827788708417,-0.0004801060838957863
18.079692125320435,-7.5157347962665995,4.551463846275018,-13.129372306305827,0.2841606538718976,1.5602521238158118,0.06905181177092432,-0.5488930866955444,0.08718693776482493,0.27513871699421905,0.0005001301635746222,-3.140923983762591,-0.0005428422684207925
18.089646339416504,-7.314472364241346,4.4449982125763965,-12.93082938220773,0.2913123570201296,1.551121937144523,0.06812010993500561,-0.5488770257104245,0.08720348731261474,0.27513344790288385,0.000524254599330396,-3.140855657149114,-0.0005088666641452209
18.097718715667725,-7.355998480651027,4.331086194224449,-12.911015645634073,0.29988149284117993,1.533206673993334,0.06483455283787963,-0.5489070970508438,0.08718608526478432,0.27511937337051146,0.0004901809194132793,-3.1407710868748655,-0.0005797242552080183
18.10787868499756,-7.106916445815404,4.651800867921889,-12.493792660027141,0.3035269280310558,1.5390657120473328,0.0670869797490625,-0.548906849266186,0.08719040059375045,0.275051993278137,0.0005233825185020322,-3.1408123317701806,-0.0005442479812617836
18.115712881088257,-7.186137242397155,4.789982837874855,-11.615001488085596,0.3389603477934525,1.5055324760379925,0.06709158263978131,-0.5489170447707001,0.0871812256221888,0.27505642954317266,0.0005582454430130628,-3.140697518152206,-0.0005986708343022519
18.123696327209473,-6.666198469046675,5.297087445503911,-11.207197804090113,0.33925798561618903,1.493655922097057,0.06126685224198564,-0.548896586858664,0.08719771643630976,0.27496329255691637,0.0005273249547974492,-3.140845285567192,-0.0005284061956252105
18.131670713424683,-7.0831586271125655,5.315611177235747,-10.960846100209592,0.3565031910530531,1.4808950494890925,0.06706126234395915,-0.5488931260097386,0.08719791834523563,0.27494429798267944,0.000527893525622167,-3.140840539444981,-0.0005587836723221447
18.139618635177612,-7.030594086979509,5.345542280316868,-10.510847302052749,0.3634819721122832,1.4722803244765719,0.06774624816763579,-0.548900720147077,0.08723639221861983,0.27493872000383335,0.0003987305162601736,-3.1407446151125926,-0.0006072352078247195
18.149667024612427,-6.519080380391401,5.401973394191857,-10.366884582410501,0.3700672954394859,1.467629028632546,0.0733065713776442,-0.5488953354631891,0.08719895264154805,0.2748877799494327,0.0005507827064317518,-3.140785682957326,-0.0005995910268953741
18.157649040222168,-6.280618921731432,5.599470927914234,-9.949155484976282,0.3874043004497359,1.4620852556128638,0.06318844092409433,-0.5489132053144208,0.08719276905927834,0.2748629229658311,0.0005955208081372382,-3.1407131079902015,-0.0006615640563561164
18.167636394500732,-6.377080664740457,5.9503506788483955,-9.626702656213078,0.40898258940913446,1.449557399797008,0.07015699706601575,-0.5489150921819973,0.08721507403434435,0.2748556818747353,0.0005184432049337987,-3.1406551781276,-0.0006922577769819818
18.177716732025146,-6.121890245912277,6.423674507665801,-9.341871646522888,0.4250385882523346,1.4477108530896001,0.0690826571658302,-0.5489053237130792,0.08719713388375339,0.2747562231226993,0.0005527863362672176,-3.1408114271023577,-0.0006803956982418768
18.187687397003174,-5.746383554719927,6.851067590708922,-8.59316183313327,0.44482935184523226,1.4409912337412654,0.06806925095153091,-0.5489027273904619,0.08721705889918817,0.2747121282793936,0.0005273075817214685,-3.1408194737896165,-0.0005892151725137081
18.19766879081726,-5.882741499376425,6.748756569516017,-8.524686588729672,0.4644947443471729,1.4299582585650201,0.07290172162814305,-0.5489093655560286,0.08724345401614092,0.274713388564278,0.0003838324216954001,-3.1407328483885073,-0.0007160150688751741
18.205754280090332,-6.270322379140576,6.518241332097032,-8.505573402368112,0.4846920684524238,1.4216293295434255,0.07032287328611336,-0.5489126095834643,0.08723329842766221,0.2746854002554565,0.0004719117924910781,-3.140667581201246,-0.0006586196000439559
18.21375346183777,-6.268689358262527,6.9320702978102835,-8.255819460125092,0.4842027512242471,1.418488926229757,0.07231632895311318,-0.5488952768363194,0.08723700831695382,0.2746202936829738,0.0004921275545586694,-3.1407376256752464,-0.0005984640854878904
18.221662521362305,-6.0789185905027034,6.9793658629388435,-8.275332006958807,0.4968195062126704,1.4204086891990502,0.06841674075296474,-0.5489240457177921,0.08722766136571095,0.27463522477381813,0.000466418886792287,-3.1406480241246957,-0.0006576985217329207
18.231693983078003,-5.976788930151452,6.7779146891277,-8.361412777875175,0.5151580795072297,1.4245660459951925,0.0726423519868661,-0.5488923165779431,0.08718045222177073,0.2745688476640422,0.0005713638786575989,-3.140736316288581,-0.0006412771732631711
18.241676092147827,-5.95201930447768,7.233078514829096,-8.287104529003136,0.5231758268876425,1.436753211200534,0.07308361700590597,-0.5488870712421292,0.08720693371122365,0.27453341323962105,0.00048094211378294665,-3.140719210454919,-0.0006089494258959569
18.249653816223145,-6.457322804487316,7.289368187573655,-8.316613396678214,0.5429603482290529,1.4321378863516785,0.07647707859183939,-0.5489067980717164,0.0872222370390767,0.274484110195971,0.0005789874562626998,-3.1407421262703155,-0.000629019594532294
18.25766658782959,-5.656936716197952,7.937435575037685,-8.348941670851898,0.5419126271071051,1.4581897503221146,0.06641303362057721,-0.5489006598824593,0.0872033734078199,0.2744619571012479,0.0004827864782788416,-3.14069217759161,-0.0006410167554163883
18.26566505432129,-6.578755996738113,7.7700299210052854,-8.336017625360611,0.5588240594062523,1.4426683527003856,0.07604283093706106,-0.5488875242545527,0.0871893245918987,0.27440534886426293,0.0005916602380972003,-3.140792339636554,-0.0006220831579412912
18.273640632629395,-6.549790515850431,7.426169158035003,-8.31286869605436,0.5728657041459104,1.4511389362115474,0.07104158198471319,-0.5489058382711487,0.08720667140147534,0.2743712968566295,0.0005245464108885713,-3.1407503793194462,-0.0006216470950842675
18.28368639945984,-6.57927036016906,7.329581795714977,-8.037358292882766,0.5806181184063278,1.457806842110717,0.07183952331800124,-0.548900337055418,0.08721081836826333,0.27435315091051854,0.0005185319584351268,-3.1407375220283056,-0.0006938825726767872
18.293766498565674,-6.624940423059563,7.959120892367528,-7.740795023722105,0.569655948306461,1.4581214026512233,0.07594733207236905,-0.5489012618622475,0.08719599088419212,0.2743099548362767,0.0005644925553332757,-3.1407138960694456,-0.000581238233111417
18.303717851638794,-6.635966163441718,7.711006218359003,-7.482951725313711,0.5841838271994964,1.4479975647541354,0.07565634851198616,-0.5489007455145765,0.08720749553682132,0.27425588831379144,0.0004940758145849153,-3.140765885398103,-0.0006224994888750494
18.313701629638672,-6.22398046570599,7.776661981380084,-7.182721646940562,0.5898169220492632,1.4470346923036617,0.07038812591999907,-0.5489156465954119,0.08721989859135333,0.274210041861744,0.000506199848706703,-3.140755347183503,-0.0005679450837291739
18.323732376098633,-6.335894023422594,7.679253756631552,-6.836723741937795,0.5949867181781334,1.446166213817052,0.0757872428768402,-0.548904199225895,0.08720214674852102,0.2741576758374492,0.0005338932135782592,-3.1408069637268285,-0.0005606387009085243
18.333725929260254,-6.290562687219714,7.9417875493520835,-6.471531829282209,0.595603682194967,1.4498598292020692,0.07861718443238938,-0.5489002369729566,0.08723183357322815,0.27412599014050754,0.00045767802864779707,-3.1407853632577973,-0.0005467658542054243
18.34171438217163,-6.151342939845151,8.15425725997569,-6.168280376188959,0.5910422172647894,1.4464446698652886,0.07259017655941886,-0.5489095753778628,0.0872250574432256,0.27406177448352226,0.0004317353275720116,-3.140835493928507,-0.0006450929622362147
18.349717378616333,-6.11664258592042,7.896183201751988,-5.851880031915834,0.5993022756012153,1.4425274148466731,0.06640266087858737,-0.5489003032159934,0.08721366741375294,0.2740441869815995,0.0005243250911863124,-3.1408118566779426,-0.000504430860154828
18.359662532806396,-6.258131588812177,8.032273436018931,-5.597162814537161,0.6008819845664414,1.4477225006457344,0.06394590976581482,-0.5489019695046862,0.0872084415339467,0.27401134107606084,0.00046087279523768167,-3.140792030586934,-0.0005047053338023637
18.369688987731934,-6.1586110898633954,8.15842942701678,-5.393970039919973,0.5961519440458645,1.4526134564250648,0.0607893860791481,-0.5489052451124911,0.08720204905166817,0.2739618686056955,0.0005898446933100495,-3.1408224229729256,-0.0005878527974730596
18.37967085838318,-6.422734626009009,8.05672276697606,-5.083967902853539,0.6028524935110564,1.4417419718568796,0.0716677260739385,-0.5489016689732013,0.08718084867393165,0.2739172441307321,0.0005899667687903746,-3.140843497768735,-0.0006040120629902429
18.38772988319397,-6.636589030565901,7.828518367878917,-5.0725582229420345,0.6075461470240326,1.4413956112280575,0.06260928647793218,-0.5488937763019622,0.08719925854791014,0.2738328446866791,0.0005255405235338522,-3.140946010491832,-0.0005409592461496053
18.395625591278076,-6.440390571829597,7.87158326093303,-5.216112036644229,0.6041895323647567,1.4520479874736365,0.05874457035496529,-0.5488876372439476,0.087223967331388,0.27380694872785466,0.0004315656983202686,-3.1409492556391547,-0.0004458822036814847
18.403667449951172,-6.2997143372363835,7.6798663957401985,-5.3094434661393315,0.5982148703838212,1.421913443028159,0.060583914510047104,-0.5488995061011079,0.08721851154778669,0.27381259422838156,0.00046967533154328384,-3.1408841950268522,-0.0005447901628986563
18.411746501922607,-6.206894255689652,7.624292990526072,-5.393405899367498,0.5927485777771412,1.4031944268462502,0.07147587402452307,-0.5488950293799555,0.08719990954794626,0.2737864334528228,0.0005293629047507872,-3.140883681574072,-0.0004764414548638752
18.421668529510498,-5.831631632237771,7.872590570009615,-5.476302121147202,0.5866101641628777,1.4146463254439017,0.058489701624385305,-0.5489042037568279,0.08722832285624622,0.27376307851417103,0.00044528253155548146,-3.1408856615461214,-0.0005584859944878317
18.429681301116943,-6.120149208935957,7.669754147581176,-5.72002963214783,0.5925167843392734,1.4049698641086055,0.0679740420356534,-0.5489071303604725,0.08722096614940293,0.2737295361180241,0.0004725641911525492,-3.1408366313153167,-0.0004570325495648452
18.439674139022827,-5.735691432787467,7.938553531929666,-5.684971156715151,0.5769245054473775,1.4028959098377454,0.059737293552009164,-0.5489080295055382,0.08721587424618088,0.2737183153157146,0.0005380385767074897,-3.140840656360109,-0.0005183310911535665
18.449710845947266,-5.55328553441701,7.497909776199434,-5.878682781875972,0.5794527156286542,1.3894904804932502,0.06206220652390895,-0.5488960780945151,0.08716339475655042,0.27368951310088574,0.0005959011466333257,-3.1408268888241397,-0.000503922087594863
18.4596951007843,-5.577541340585696,7.313525982397948,-5.4583217150259,0.5780389130967434,1.3698846685592543,0.06594577413039064,-0.5488955502325752,0.08719293548223346,0.27360371513673615,0.000525534969014929,-3.1409216850413237,-0.0004533020012721672
18.469655752182007,-5.4787751074689135,7.53014729846154,-5.333882100617638,0.5623395102554851,1.3717451901513176,0.06299573025963287,-0.5489050703175704,0.08720989138510335,0.27362996785801624,0.000533867182675309,-3.140728515240765,-0.0005628897920809914
18.479809522628784,-5.608221370253101,7.280577527890669,-5.210308623995065,0.5674726044069808,1.354475782554477,0.0695104567179046,-0.5489010199043257,0.08722598195015689,0.2735760130970834,0.00044885500822294426,-3.140802874828363,-0.000526142084742854
18.487730264663696,-5.684577671279482,7.08593374632969,-5.092761900771495,0.5743750806274643,1.3493172582159787,0.06119257479494407,-0.5489072960382146,0.08720261305986735,0.2735572386341385,0.0005540456684458026,-3.140819646248302,-0.000598402326824862
18.495652437210083,-5.191427264527702,7.267974834382604,-5.023661163101242,0.5707737501723227,1.352247048201317,0.06054669328740016,-0.5489072377662918,0.08723019836302931,0.27352651821197255,0.0004052095178621356,-3.140787735851563,-0.0005629001131168403
18.505667686462402,-5.123699469059741,7.3880568640874,-5.058763226882908,0.5669815287082036,1.3545628457196193,0.057706769522808295,-0.5488893314198293,0.08722143829683197,0.27349429094638067,0.0004583709365089004,-3.14079166171387,-0.0005036570628990734
18.515873432159424,-4.857950339907504,7.352768289594855,-4.706933501440285,0.5645986199764592,1.3516177160848648,0.05627857187785486,-0.548897066098983,0.08722709484550012,0.27347917264515414,0.00038995506309576027,-3.1407195326295665,-0.0005995215853986108
18.523659229278564,-5.171425199098311,7.231045614697448,-4.275671508806333,0.5601708499789133,1.3295226469111951,0.05277559673019714,-0.5489012478090636,0.08719393391377595,0.273425644515769,0.0005313248917989124,-3.1407620331045405,-0.0005146781121238582
18.53367280960083,-5.343197189271862,7.027216951076563,-4.176189274324093,0.5597329775841287,1.323570488748501,0.05987144862687097,-0.548903252541266,0.08722214495872838,0.27337601114858295,0.0004073729933487523,-3.1408391100236983,-0.0005826085490329679
18.543739318847656,-5.067255140203513,7.121284833679723,-4.133176087906022,0.5552990034986386,1.324295098650699,0.054287030943822305,-0.5489188377064288,0.08720569868594687,0.2733737885093463,0.0004870203713638223,-3.140677734587576,-0.0006326251445814118
18.551759958267212,-5.0189933891357095,6.961920932936208,-4.032694592963671,0.5523286089058833,1.3219058688383793,0.06284330665476112,-0.5489222671927704,0.08722209821439203,0.27334900826429276,0.0004950180213848206,-3.140672874710647,-0.0006079072456136016
18.55960488319397,-5.1951779602073325,6.61692436255293,-4.065432421407125,0.5608523247609138,1.3147333544613449,0.06362015907761001,-0.5489050488309222,0.08720670097451384,0.2733116038529358,0.00046289409761876164,-3.1407497505806123,-0.0005484956606456017
18.5696542263031,-5.398577882192646,7.032809557811301,-3.893129913831616,0.556758345598059,1.3107039205979696,0.06291130913719101,-0.5489206068425597,0.08719466368152369,0.2732501867427148,0.0005275673460256152,-3.1407756258608712,-0.0005735774496509284
18.57777762413025,-5.026772999858901,7.16953723028824,-3.8872054138144545,0.5508340699300622,1.3295443808197271,0.054631436799668136,-0.5488969172798649,0.08722025977974175,0.27323121975469034,0.0005157747218211287,-3.1407355672067685,-0.0005207894547985003
18.585660934448242,-5.1131974952657435,7.201579892354737,-3.609419847538215,0.5440529321505575,1.3212172100727326,0.05350548782960285,-0.5489017631838096,0.08721555981443183,0.2731714713904555,0.0005182669318177868,-3.1408302148906846,-0.0005014695028404669
18.59374713897705,-5.244649242119332,6.9786087543258795,-3.5438977598581474,0.5427447786195807,1.314162854659643,0.05472138420713215,-0.5489102642740913,0.0872232214751408,0.2731905343139497,0.0004415845142865229,-3.1406816591255122,-0.0005555905658365032
18.60368251800537,-4.977656644751323,7.018978668851876,-3.519256945005537,0.542609272358849,1.3194396946716804,0.057446602216367486,-0.5489336779024035,0.08721407414001822,0.27315220675617347,0.0004863858797186891,-3.140691612286391,-0.0005923747743707409
18.61165475845337,-4.921977396876428,6.549512478295273,-3.3727320370475806,0.5480999799768467,1.3236944835778506,0.05946539029060388,-0.5489232087685807,0.08723060133243545,0.2731047175214763,0.00048047117329255815,-3.1407326783807132,-0.000663621144749681
18.62162208557129,-5.225556583538186,6.766478500383833,-3.303310700176774,0.5442162485175979,1.3180193028096208,0.05382845049162109,-0.5488955093931948,0.08720790357685608,0.2730503418398432,0.0005071160782860379,-3.1408070441673206,-0.0005219104373856161
18.629668474197388,-5.209009401838838,6.765386634088928,-3.2491103347341306,0.5431300384526079,1.3146397169079336,0.06029074337673751,-0.5489246431036171,0.08722132236497764,0.2730227740939196,0.00044247579506460005,-3.1407948691974625,-0.0005426538523134025
18.639652252197266,-4.823572757580874,7.097902356093258,-3.0147160449695365,0.5366554646663455,1.3207270563506504,0.05529032240275932,-0.5489066332038267,0.08719094038326645,0.27299881533430537,0.0005475425997419118,-3.14077384872581,-0.0005477516519867598
18.6497061252594,-5.133968108547229,7.007919291435804,-2.6995562758871428,0.5361483314568356,1.3124093767821126,0.059439182326206014,-0.5489077522708415,0.08722404195018363,0.27297971108456587,0.000497438133271937,-3.1407404684640845,-0.0005921978638533478
18.657710552215576,-5.121138379954787,7.050247947932778,-2.435497966365702,0.5297585665556876,1.3135913024471835,0.06810998399382832,-0.5489114283106632,0.08721654020138885,0.27289009033744593,0.0005308711130414896,-3.140866734851079,-0.0005158999784350654
18.667666912078857,-5.419618389525277,6.59716824959153,-2.492790665345534,0.5300033760379921,1.3075289193986326,0.06425704856616982,-0.5489011914585451,0.0872206088559773,0.2729066633146688,0.00043279371225571334,-3.140776755475535,-0.0005597662324903956
18.675692319869995,-5.275966004928846,6.565905768168548,-2.116867629597879,0.5286144464704389,1.305077245434712,0.061318750454629735,-0.5489008209263738,0.08723358330657692,0.2728743192555398,0.00038265351772001925,-3.140767826419558,-0.0005448312824887528
18.68565583229065,-5.165718230985444,6.647011013300462,-1.6855215914390191,0.5271748951689857,1.3051400276531,0.05641329772283406,-0.5489100101402261,0.08719191295632521,0.2728625197153746,0.0005253930801343373,-3.1407548094866318,-0.0005888494953072896
18.695675373077393,-5.2999032293592085,6.539537323190773,-1.6469469309388742,0.5212391450404352,1.3035865346292215,0.06217999955757068,-0.5489112712248201,0.08722334215514178,0.2728156230296481,0.0004471172076797289,-3.1407517299406074,-0.0006259011033950805
18.705753087997437,-4.814566616924932,6.930923825932002,-1.384922498811143,0.5152651940286173,1.3198329735145495,0.05375805847964571,-0.5489057635798675,0.0872030346290235,0.27276251020521713,0.0004899294182717467,-3.140782982619969,-0.0005962810016768033
18.71577477455139,-5.22244962150047,6.659980239544958,-1.4067797656009167,0.521994330266561,1.3086900586216552,0.06212200432281661,-0.5489077667078959,0.08721953992377338,0.2727406903336733,0.0005420982750289368,-3.1407698288663575,-0.000548654753207004
18.72370433807373,-5.133359937235477,6.735437948729805,-1.4309490774485183,0.5165711390720952,1.3116351443629988,0.060116945067385213,-0.5489141107964634,0.08722273545702085,0.2726930130692434,0.0005032686759966947,-3.140788553290167,-0.0005761829429875903
18.73169183731079,-5.079959800817814,6.484111868010976,-1.365867254532748,0.5247969620549419,1.3225891127202987,0.06040708409103111,-0.5489054808882047,0.08720504391341725,0.27268205110286164,0.0005102743597387615,-3.1407974561685927,-0.0005830176370285062
18.739683151245117,-5.337837807051041,6.466093502471389,-1.3675433225415223,0.5227632254681175,1.32032741303095,0.06119742759251131,-0.5489080804074479,0.08719034299846527,0.2726469095406814,0.0005557073168457473,-3.1407434358122606,-0.0005213127072663884
18.74972438812256,-5.398951520242847,6.587826915369558,-1.108695327790887,0.5171858346118391,1.315368481905716,0.06490323047607902,-0.5489169270826386,0.08717526483213604,0.2726262135232407,0.0005950335346805201,-3.14075157927662,-0.0005586478461044038
18.75966787338257,-5.584454854732608,6.6025030974511445,-0.8988399582243771,0.5184276301208329,1.3179590520526157,0.0687879820820762,-0.5489061280544568,0.08722326336956751,0.272549758522151,0.00046064090250374747,-3.1408631321185876,-0.00048173599675331515
18.769665002822876,-5.5833476827081245,6.400507263981461,-0.7729285727384239,0.5258116139326485,1.3240767804298232,0.06601183256360241,-0.5489196056022396,0.08720104344544446,0.2725419305521318,0.00052539553609383,-3.14078088868823,-0.0005510745329358449
18.777615308761597,-5.533576267765334,6.425033416165509,-0.7241931531135898,0.5261338291395311,1.324782518953641,0.06402512939355297,-0.5489117565397895,0.08721713429660725,0.2724962616254154,0.0005063836159381141,-3.140838739430169,-0.0005553358513652296
18.785624504089355,-5.328592785037897,6.630767032849108,-0.5818880692432932,0.5231992385771703,1.3340947365738745,0.061755013072295944,-0.5489070862061641,0.08723123924985515,0.2724484665448498,0.0004375528482535228,-3.140848859653843,-0.0004642931954752945
18.793715000152588,-5.61247152449923,6.547319983272479,-0.6019610126199869,0.5245238571937479,1.3364262074430302,0.059931756184205334,-0.5489274866121534,0.08721388107334847,0.27247159334586346,0.0005467275690538968,-3.14074395982704,-0.000538558730540511
18.803670167922974,-5.415495085909241,6.445421739083946,-0.8238718857303517,0.5175361425551493,1.3201210416211548,0.06190634101049308,-0.548921948425546,0.08720184895546404,0.27240791532139896,0.0005794773814983434,-3.1408284508549658,-0.0005200811621183726
18.813690423965454,-5.262817480628788,6.509243419460543,-0.9541560280733189,0.5049483547141979,1.3033753911288897,0.06326453631883597,-0.5489200103657229,0.08719923836245229,0.27239871687476164,0.0005944128625750119,-3.140790420459815,-0.0005578737962783143
18.82373309135437,-5.4060163630930225,6.407390263511632,-0.7737840137137357,0.5173546660489527,1.2949245904612239,0.06575768844558182,-0.5489183505035307,0.08719570838139394,0.2723717256262491,0.0005546374913675651,-3.1407806207393416,-0.0005208087503498446
18.831672191619873,-4.722523776584493,6.480561023470013,-0.8055322209227538,0.5095920814426189,1.295534489901847,0.05918222841714493,-0.5489255615651842,0.08720165947996575,0.2723579796585202,0.0005620567862044373,-3.1407446579217027,-0.0005515760712693442
18.841706037521362,-4.660889990537081,6.303898670193083,-0.6614896342981686,0.5011847827301598,1.2831519173587276,0.05908247671960013,-0.5489254182573411,0.08720546042983683,0.2723394906881604,0.0005435508267909469,-3.1407533198804334,-0.0004968921896442954
18.849648237228394,-5.03729616910577,6.232524745097473,-0.6530422115289425,0.5005254056352291,1.2632328697703992,0.06067068047618315,-0.5489225032503279,0.08721594471799292,0.2723043817567068,0.0004743838038399616,-3.1407233109293666,-0.0005492856663686115
18.85965871810913,-5.020590543264245,6.2745943187365185,-0.5957902129037008,0.49796205111645686,1.2630878466427073,0.06243132300342221,-0.5489080071315674,0.08718740715933734,0.2722922326283653,0.0005826928868053271,-3.140723717034976,-0.000571375567943564
18.869682550430298,-4.8428733144210305,6.254632471490676,-0.484014989709033,0.4890220285813458,1.2576036600656424,0.06202640073496227,-0.5489150433875596,0.08720402365798653,0.27227537416016634,0.0005389351414742286,-3.1407289644633076,-0.0006732437027405695
18.877649784088135,-4.495838730818754,6.170210492001087,-0.2654640225122864,0.49556754660423086,1.253320156583892,0.06633969329014032,-0.548923857940223,0.08720098024459946,0.27225952280743626,0.0004811966811684281,-3.140680451851439,-0.0005993593550447531
18.887723922729492,-4.802947170424549,6.144572738856095,-0.3979231991191215,0.4969404792205452,1.2402498637398283,0.06406502018709262,-0.5489007875241484,0.0872052618878576,0.2721709414534275,0.0005421856879700272,-3.140772003906367,-0.0005376507495159429
18.8977313041687,-4.462475542283591,6.064809224382349,-0.4040650595237475,0.49177084817478794,1.2416397110515207,0.059886086005029156,-0.5488967396343744,0.08722412986886988,0.272184812780168,0.0004823810378267385,-3.1407472815351687,-0.0006101402425860302
18.905746698379517,-4.362255801872067,6.1659581738794556,-0.256177471206244,0.4876468871040643,1.2404762965916645,0.057877710666739926,-0.5489021380819666,0.08721228657410371,0.27215484098331333,0.0005359196318327118,-3.1406961795750727,-0.0005726084563198601
18.915682792663574,-4.775034701313302,6.119623168641323,-0.3964676306661682,0.4861828234870375,1.2367931259197078,0.05947619620349445,-0.5489203656140319,0.08717317383631623,0.2721147209444923,0.000658455851185002,-3.1407303595618066,-0.0006046892388449206
18.92370629310608,-4.856847754908561,5.835580318403676,-0.3891759982287222,0.48889057414404,1.2373599465335092,0.06104259805503573,-0.548923624609357,0.08722302659351465,0.2721025138738577,0.0005294717569109492,-3.1406938693883872,-0.0006010277819197315
18.93365168571472,-4.9974275013921305,5.977344838316747,-0.14119074910448026,0.4879198156759173,1.2323545956588857,0.06030053404496017,-0.5489150370318319,0.08719820214055665,0.27203966795719975,0.0006150599426773055,-3.1407351066886764,-0.0005451838681075456
18.943687438964844,-4.57543737460413,6.2239405238270935,0.3667244577405925,0.4792950196599049,1.2235216408230192,0.06333771638032135,-0.5489115384559171,0.08720383569914888,0.272014556969708,0.0005054209518512117,-3.140746650741772,-0.0005314602038122571
18.953693866729736,-4.31114723428516,5.869593515892738,0.48106173038287825,0.48750977720337,1.22604538224076,0.05322422122526283,-0.5489158948237018,0.08720424050928897,0.27198681253818674,0.0005385176622173741,-3.140706833799008,-0.0004703543146850827
18.961756467819214,-4.387387740431387,6.0901468676571335,0.6033244122176906,0.47874719559138207,1.2298166001855053,0.05838653547411718,-0.5489243183805561,0.08721335826569439,0.2719884107911471,0.0005338067894687432,-3.1406599287370325,-0.0005499697384207103
18.969799280166626,-4.742425629800411,6.3795645127866,0.800430627343467,0.4675397666442991,1.2146428159459257,0.054617647014771335,-0.548904288739483,0.08716693231175476,0.2719355505961406,0.0006299230635139489,-3.140695316353501,-0.0005336842879870407
18.977659463882446,-4.217421831422318,6.296991901210257,0.8534251207698018,0.464742340498498,1.2297701930737366,0.04847908807187462,-0.5489116514305304,0.08719409385201495,0.2718862259037149,0.0005933886450238019,-3.1407840153538387,-0.0005940520266205272
18.987701177597046,-4.418870086793941,5.928081877912779,1.0694810912912838,0.47434496621344796,1.2310537091683178,0.05887813938838774,-0.5489189572821003,0.08720765583967338,0.27190258428803016,0.0005548761698564416,-3.140701000835618,-0.000585627969281857
18.99765682220459,-4.220817861249782,5.947474800278549,1.1531318219736881,0.47119525858291783,1.229022874465877,0.05770417721721713,-0.5489047203547699,0.08721093794866756,0.27184488220331404,0.00047801471720055163,-3.140739716425269,-0.0005940258610383542
19.005671501159668,-4.418177507643868,6.316793072224617,1.4290589844402302,0.47145276947641185,1.2214975973287379,0.052262919543984425,-0.548921623294729,0.08720183306441195,0.271837194085418,0.0005321545300302143,-3.1406345226666983,-0.00048778571738381996
19.01561713218689,-4.592016111449517,6.189878722155167,1.225984880766895,0.47502105799170713,1.22561297752167,0.05977479057827495,-0.5489163370781626,0.08718468839175897,0.2718002369407689,0.0005490355184055034,-3.1406967815973497,-0.0005865806723325297
19.02378749847412,-4.5011916847475195,6.327298286680389,1.133612694891388,0.4691761351103652,1.2311406965261062,0.04945710083595072,-0.5489214064889707,0.08721504397646788,0.2717420322870649,0.0005234787503085258,-3.1407477857261656,-0.0005798523529100657
19.031712770462036,-5.289833246632794,5.866847855125435,1.1863695213829224,0.478256788063919,1.2162730076094126,0.060614425971675885,-0.5489177737715553,0.08720759392161032,0.2717277316619412,0.0005582893598473751,-3.140745604532924,-0.0005680218587888315
19.041727542877197,-4.952341207800786,6.195966683014701,1.268604748318973,0.47152545311037103,1.2259685241112181,0.05449967299816663,-0.5489275490034761,0.08720422110310344,0.27170165161023435,0.0005513617790326572,-3.1407393896837874,-0.0005644131516933978
19.051696300506592,-4.648302146782899,5.961798473588262,1.6043095217972438,0.47998785675828315,1.2378803166203054,0.05192004922001678,-0.5489362848477347,0.08720869604739616,0.27172777498002465,0.0005496216311936535,-3.140643346264888,-0.0006409784363143386
19.05966544151306,-4.985362666062217,6.27644289098455,1.3456960178622772,0.47397975286900823,1.2435466095451244,0.05250019805042881,-0.5489157067347245,0.08719446220595783,0.2716619853617852,0.000509431202927435,-3.1406948956032146,-0.0005701140782707503
19.067768573760986,-5.150306685554738,5.9420869556739015,1.4037350479711985,0.48511344047623084,1.238026504484945,0.05568845661983379,-0.5489144227447134,0.08720286175610689,0.27161288563510944,0.0005343924282134938,-3.1407689089322974,-0.0005434482558974287
19.075737714767456,-4.670922411178403,5.975561198912745,1.5322734083270992,0.48718915623672193,1.2550580497245576,0.0533031023622671,-0.5489075522353191,0.08721814268348659,0.27159233910710934,0.00044451535522178404,-3.140752161304084,-0.0005695024492197162
19.08570671081543,-4.943047497132983,5.777554458066549,1.6950570629010868,0.4892054227847585,1.246361529015021,0.061395045520438535,-0.5489178503584097,0.08722995040206717,0.2715743350215,0.00045184669353228704,-3.1407345995191007,-0.0006287339535138649
19.095688104629517,-4.932401814143022,6.168936462030406,2.0979090598879755,0.4725209970369536,1.2318112790750835,0.05344750097618425,-0.5489129865356264,0.08720044138498878,0.2715209440585858,0.0005627620571050692,-3.140751566398456,-0.0004899933502305048
19.10367774963379,-4.797177797169904,5.936937634135533,2.3904465539091877,0.474705026813779,1.228691697045879,0.054698923700245844,-0.5489180742591473,0.08720159122647787,0.27150209630012656,0.0005629932642946166,-3.1407609899346975,-0.0004681079149486112
19.111669778823853,-4.648800929654339,5.889165068614191,2.5320693229778244,0.4752237273935362,1.234908141845482,0.05578131448903248,-0.5489129842957265,0.0871898095291694,0.27144226798876026,0.0005575754771732889,-3.140842309828941,-0.0004923466237638395
19.121751070022583,-4.951169791567253,5.844400759850168,2.687477115260188,0.47251516574555646,1.213253373469755,0.0572763689376891,-0.5489074356475756,0.08723398212398163,0.2714691181978948,0.0004476646262103671,-3.1407171161087435,-0.0005880903905657744
19.131657600402832,-4.883248224267556,5.943329706553275,3.0234376517682966,0.4698276114007082,1.204245813515235,0.05800925055153936,-0.5489221348257758,0.08718324043583749,0.2713864446261495,0.0005457214147889159,-3.140796651843275,-0.0004703031014853075
19.141687154769897,-4.557289122926369,5.964313377462413,3.4927247037859375,0.4648557353093611,1.2013572379420256,0.057907998298911204,-0.5489371492430796,0.08720236301188067,0.2714634826833431,0.0005121403334325566,-3.140574627569811,-0.0006613657780803168
19.149672269821167,-4.621686931766282,6.213855627568829,3.6897332288147338,0.45791499328061536,1.2026674783858244,0.049820372018016215,-0.5489262481862434,0.0872000499587429,0.27136515903223074,0.0005988626649330766,-3.1407164008231754,-0.0005738898308010871
19.159652948379517,-4.399098525237,5.850511017838231,3.6200566722939875,0.46539604089935177,1.2101875407810798,0.05352727225223578,-0.5489305487208848,0.08720631685855408,0.2713490372694133,0.00048451672377931653,-3.1407239886920353,-0.0005686454400662213
19.167668104171753,-4.412043346507604,5.894873086174928,3.9242566254600377,0.46365857774933267,1.2178274739649044,0.04707594039762408,-0.5489102095271394,0.0871789908228719,0.2712957853763317,0.0005925908623997262,-3.1407600180447695,-0.0005512011154062723
19.177696228027344,-4.540218812334653,5.9435941229638125,3.8646475052392617,0.4630206649384683,1.2171965668629514,0.05087679983314788,-0.548912324454314,0.08720674958663041,0.2712809948297502,0.0005210278617038375,-3.140756597674694,-0.0005589756992532827
19.18569779396057,-4.413364644593909,5.714615881352104,3.9830915866170207,0.4701671207706746,1.2204403067581862,0.05126227131983146,-0.5489186923786207,0.08719085616171915,0.27126815185347086,0.0005351193378671138,-3.1407398743820147,-0.0006565628389042388
19.193695545196533,-4.44468240575538,5.912622396554986,4.070497603663795,0.467519691603186,1.2191160065126423,0.05598987547536768,-0.5489259829837848,0.08720608126068602,0.2712338712914355,0.0005881324872448681,-3.140741077490229,-0.000618810777883565
19.203689575195312,-4.851536752373195,6.050441913093416,4.0664069492242,0.47293085948397257,1.2156219982514522,0.058517361700295714,-0.5489144474242725,0.08720863849183041,0.27120065870721904,0.0005047482828563727,-3.140760156215835,-0.0005350231522310735
19.213693618774414,-4.684055925350493,5.674719896312733,4.179048160290678,0.47957761827666956,1.2272195373980237,0.06069019875482518,-0.548905190575298,0.0872073981710212,0.2711973185828984,0.0004992419557118678,-3.1407405745127983,-0.0005956402739864787
19.223697662353516,-4.801482596634566,5.915338336926435,4.251787043021163,0.4763857651642501,1.2270067736584416,0.06423572503495152,-0.5489013418058475,0.08718723489473587,0.2711491817472684,0.0006217949522506395,-3.1408011767409043,-0.0005988050997061743
19.233697175979614,-4.698194269836628,5.928909882179555,4.3389346053299445,0.46710975146543293,1.1994333891804019,0.060253218271122656,-0.5489146001688655,0.0872111900279831,0.2711020658359621,0.00046676341913884085,-3.1408080594153955,-0.000544927023320476
19.241692543029785,-4.491220827858876,6.068537687350927,4.327804698288538,0.456421358465277,1.1932843018098294,0.06246868548942477,-0.5489133303573215,0.08721705571942423,0.2711064562604846,0.0005451364026009723,-3.1407445120620534,-0.0004950699382968041
19.251635551452637,-4.233773416018432,5.910447747628856,4.295199115224287,0.4640247412541196,1.1917494830469557,0.05448416545959194,-0.5489160439738552,0.08722773430695306,0.27106890661854266,0.0004366574348564346,-3.1407653390546355,-0.0006414708354945065
19.261675596237183,-4.123219846396397,6.099422039960596,4.323931422826101,0.4582225718198349,1.1870542074157755,0.05914249220156489,-0.5489264876516271,0.08722229414698032,0.27103276250125624,0.000540326465143016,-3.1407846287336474,-0.0005438849509190404
19.27175283432007,-4.205989969764722,5.805810340386254,4.164939010711483,0.4576993096263995,1.1804626904889672,0.055540443431724935,-0.5489288091869755,0.08719469249790752,0.271027140183431,0.0006515528282060845,-3.140757543291978,-0.0005258201521772966
19.281689882278442,-4.49819434173864,5.9125003990978335,4.092930067016749,0.4574358136166283,1.1671981393560007,0.06008804787392904,-0.5489299107688006,0.08721153005709958,0.27102042273123894,0.0005683118627521802,-3.1407094719560678,-0.0005216123010732799
19.289717197418213,-4.153762112837847,5.852054952206694,4.042620863787469,0.45950563230391983,1.16878580006813,0.054629248711658,-0.5489322392740208,0.08719474626425704,0.27100971431349374,0.0005674921658178177,-3.1406817296210296,-0.0005955948145104739
19.29971981048584,-4.334767081048038,5.744246595671961,4.093151997748254,0.46092820186787425,1.1626730594156738,0.05757499511378129,-0.5489180639497321,0.0872099676829583,0.27097629233804493,0.0005496312055294954,-3.14074921585122,-0.0005863872895941607
19.309673070907593,-4.361678410146205,6.115720248827404,3.9141524179508096,0.4514880171063232,1.1544211193173046,0.0511472112208782,-0.5489328862934496,0.08718888313716538,0.27092632703109987,0.000633501791929708,-3.1407629046141015,-0.0005254820116609879
19.317683696746826,-4.346247180698059,5.759579056144663,4.037964351136822,0.465305236877303,1.152246512659749,0.05730128251926208,-0.5489340354880989,0.08720396494402655,0.27095952112952054,0.0005769495864542745,-3.140606563557223,-0.0006319953425326614
19.32774806022644,-4.126108016788645,5.734348970790804,4.00597175725555,0.4611010568543954,1.154806160777004,0.055035748407606846,-0.5489029575400932,0.08722693029270324,0.27085734224256264,0.00044840809507850867,-3.140797403139604,-0.0005120989863612064
19.335676193237305,-4.187289711071849,5.862251404006723,4.116884202903656,0.45862924806066474,1.1507063732921725,0.06156005062672228,-0.548927146328906,0.08719131408026091,0.27089853702928335,0.0005001775833123186,-3.1406241639897083,-0.000547873843630831
19.343685626983643,-4.207218828410923,6.004638489864183,4.169783331479098,0.45472761149713997,1.1485924533205774,0.05982063558365159,-0.5489324474673659,0.08720636692037885,0.2708450645074145,0.0006107276320980755,-3.1407028624212754,-0.0006585604027989365
19.351693153381348,-4.328989620995745,5.751284995035986,3.9814423936052696,0.4641332619007664,1.1588203960155024,0.05843337142893981,-0.5489286427213642,0.08720063297517396,0.2708250598116164,0.0005668634569531047,-3.1407076047798985,-0.0005909353165708834
19.35970711708069,-4.243255533297772,5.802865749697176,4.134053767746339,0.46222266137771645,1.1529585875453106,0.05949211053246229,-0.5489303739213383,0.08722186555378279,0.2708410332352247,0.00046858119258780977,-3.14063047312102,-0.0006621948706450853
19.367682695388794,-4.204216147181379,5.973487098409133,3.8923010415980723,0.4601421117057949,1.1561428658443804,0.05544660724658485,-0.5489169502561011,0.08721651685268442,0.2707937825552016,0.00045536621880377416,-3.1407021170352833,-0.0005809720867803046
19.377691507339478,-3.8759758364543977,5.838231030798928,4.1427105752861095,0.4636439434141324,1.165248229979268,0.05481214067052855,-0.5489332252793028,0.08719578022054314,0.2707721200809834,0.0006466607294762021,-3.1406331384867165,-0.0005756947782875538
19.38567042350769,-4.10782151423789,5.945965622818085,4.339883564442058,0.45784830517918634,1.1554979751708359,0.057789033637659866,-0.5489316620667157,0.08721655506487186,0.27076856061497634,0.000491718145989902,-3.1405768295123413,-0.0006483253069908169
19.395758390426636,-4.056715825532003,6.026878068769451,4.406379367269452,0.4575475856792262,1.1593103079655875,0.05810257894033651,-0.5489289231542781,0.08721629469604085,0.27070864477935924,0.0004995392851995645,-3.140652762991134,-0.0005333367572444774
19.405641794204712,-4.075525219521195,5.9987337686436515,4.569251619159422,0.4582485949477037,1.1566611811760716,0.05663434168799042,-0.5489293435524955,0.0872002242695601,0.2706770981800248,0.0005231608734327846,-3.1406863131195584,-0.0005594155569791671
19.41377019882202,-4.253779086594208,5.87400268765494,4.505032896668479,0.46224721241518224,1.1571416924150306,0.06614764921532275,-0.5489368774489956,0.0872147361139445,0.2706475482951339,0.0005442235639075875,-3.1406626529361614,-0.0005697067990424621
19.423810482025146,-4.416244815477602,5.863973510116684,4.583928890689251,0.46326159503318076,1.1572011009234264,0.06203742677078219,-0.5489131007478494,0.08720988290955023,0.2706440562138114,0.0005708084143974037,-3.1406689225534046,-0.0006489528473384773
19.4336359500885,-3.8916190550513923,6.112247903558842,4.983148866277009,0.4521655751314331,1.1644766637180524,0.057579749603405665,-0.5489217356259989,0.08721200379349857,0.27064940111513425,0.0005118572213015669,-3.1406309103981163,-0.0006456396386644526
19.443702936172485,-4.447975476771843,5.719249636252083,4.80301740507603,0.46328722882471984,1.1585788291842805,0.05903299283715495,-0.5489257039509453,0.08722747190756357,0.2705966596466978,0.00044904959110704545,-3.140663952751877,-0.0006880422643948687
19.45371437072754,-4.681937294104903,5.461804706775002,5.053677561372086,0.4678114671424622,1.1582307104827225,0.05930291224543185,-0.5489121061914505,0.08720536936412039,0.2705507792563905,0.0005333842268660327,-3.1406400931770997,-0.0005672771350203022
19.463711261749268,-4.491184286770195,5.803392551871745,5.0643891410525965,0.46041252948988415,1.1609864860877568,0.06112463218531508,-0.5489131353577493,0.08721128008672485,0.2705412670868408,0.0005400286060302181,-3.1406772565619057,-0.0006287681165457441
19.471856594085693,-4.830391393852937,5.807120547475206,5.144961942215369,0.46089250404109117,1.1577938943759138,0.0561154617859882,-0.5489199964817458,0.08716445973401706,0.2704968790178689,0.0007088298094114108,-3.140729059276357,-0.0005639036857128305
19.47971200942993,-4.347565918813553,5.966111054493545,5.550484408640583,0.4531617707878581,1.161058594462382,0.055564727540488607,-0.5489171606780564,0.08718505133529415,0.27048708127193033,0.0005861568578440027,-3.1406683610217985,-0.0005703415918237274
19.487674236297607,-4.30537657196047,5.539783419438662,5.596693504475163,0.4657022079417719,1.1628376339112227,0.056296150519559114,-0.548906200826031,0.08720059695197041,0.27044752889994167,0.0005762463400409076,-3.1407037268258042,-0.0005667305722936085
19.497694969177246,-4.202530638850169,5.884315716857047,5.675221659996719,0.45189443945952623,1.1552312141647703,0.0534786741850032,-0.5488956340787061,0.08720043554419643,0.2704376860130029,0.0004897358961587759,-3.1407113556909634,-0.000630430054495532
19.507704496383667,-4.655171377973896,6.020146275571669,5.6866596295703955,0.44348128120310565,1.1565865576039494,0.052607209884707615,-0.548920756774136,0.0872132389211485,0.27041976520553584,0.0004832154910222875,-3.140705041969286,-0.0006288099228747468
19.517664909362793,-4.418892891367934,5.546586607443123,5.9133146379244765,0.4560342248830606,1.161594753601577,0.05528724500561092,-0.5489328736521836,0.08720898742738879,0.2704308185184618,0.0005240332503571013,-3.140575884005103,-0.0006781751383946824
19.52574610710144,-4.825458022998911,5.585020963584714,5.862890436363939,0.4520326696434795,1.1505943230204274,0.054251892701657936,-0.5489140564807705,0.08719804561711035,0.2703316849754992,0.0005896260970420426,-3.140743987216611,-0.0006000756793932339
19.535664796829224,-4.158926944087306,5.866412138243744,6.044692073017063,0.44783300632725637,1.1656125307314515,0.05719602981332227,-0.5489221476341055,0.08718724911881201,0.27033619349586596,0.0005760604594789094,-3.1406581492472854,-0.0005437198180521192
19.545682430267334,-4.2357567665023215,5.929559283320647,6.145589773698229,0.4476683448723218,1.167069205697504,0.05005411385967159,-0.5489293295839032,0.08720876245405203,0.27029837343495783,0.0005134572982323046,-3.140706718669064,-0.0005827158888974597
19.555680513381958,-4.450274603914286,5.512468551381446,5.999503121562613,0.4567512503418705,1.1683026348779064,0.05394110139406261,-0.5489214228524886,0.08718747222079269,0.2702933216850343,0.000540058958473884,-3.1406261914007967,-0.0006150903876155765
19.56368637084961,-4.577445195763007,5.698951875612545,6.158168365038201,0.4552501544161016,1.175157628663766,0.055667039477394056,-0.5489134620377009,0.08721074300921974,0.2702546314943891,0.000539813647175743,-3.140660490762994,-0.000599269494718903
19.57369351387024,-4.450044398319679,5.73395319669901,6.084516577327539,0.45405214385742493,1.18168310988775,0.05803682558262087,-0.5489188041679934,0.08720247179150069,0.27022538181644623,0.0006187845955106792,-3.140687206348431,-0.0006096727859600563
19.58174204826355,-4.250422146937842,5.8582511208485855,6.206535244271429,0.45440727453417123,1.1836425819116123,0.05690594170583851,-0.5489209770927724,0.08720107337925513,0.27019473933661575,0.0005996879520995488,-3.140706252951462,-0.0005609451470415352
19.591667652130127,-4.689983496328522,5.545967898540897,6.014912963176272,0.4629036249272318,1.1757869925384814,0.05741504879910218,-0.5489305191241836,0.08720100720927951,0.27017930170072435,0.0005937924657669977,-3.1406583757971176,-0.0005994900749756824
19.599668502807617,-4.6903369847200915,5.726570934991066,5.916471536884312,0.4583122229759192,1.182781202673712,0.06395513494824978,-0.5489159809281352,0.08720556637279321,0.27014574546833403,0.0005686533261605841,-3.140707718334228,-0.0005867264196672455
19.607682704925537,-4.879378349505573,5.715825017505379,6.110294081851485,0.453106905975777,1.1453191101481268,0.06521834877752189,-0.5489264428573106,0.08720395984543856,0.2701231317196666,0.0005107068177887022,-3.1406959379714166,-0.0005438073368430097
19.617692470550537,-4.694787316333931,5.463486527427126,5.85821964370937,0.4528342390463715,1.1493808717429255,0.062032171269342344,-0.5489296557574199,0.08720091135153193,0.2701136769931085,0.0006017939524189602,-3.140666089945468,-0.0005300229777787099
19.627772569656372,-4.0727781384627715,5.723122161913432,5.93266187686833,0.45378646564462777,1.1593614958162313,0.05885344836934078,-0.5489055253279609,0.08720546539839326,0.27005879154541745,0.0004983081109997086,-3.14074770269252,-0.0005516097574149662
19.637648344039917,-4.075008606168453,5.664575246561675,5.979040567805028,0.44537262075473355,1.1546592559010502,0.06080193035986445,-0.5489278186977223,0.0872006464000679,0.2700798299813133,0.0006219978782620103,-3.140675290799387,-0.0005639846246090343
19.647687911987305,-4.288924237985619,5.839269989118436,5.964837275024258,0.4418567520961596,1.135379219198404,0.06021668473834715,-0.5489306372767104,0.08720247196915183,0.2700534670608891,0.0005351319298272862,-3.1406677133015077,-0.0006196333894146064
19.655720949172974,-3.9859967820007123,5.498593612547534,6.1401103129399806,0.449860607673796,1.127070676006449,0.06173484810308854,-0.5489354552163186,0.08724677003981707,0.2700586981968565,0.00046687669255678424,-3.1405938892039407,-0.000652967765514728
19.665668487548828,-3.999405227287838,5.6435894052729,6.172027916497046,0.44585143789566706,1.1243973951012014,0.055792962994970295,-0.5489166117234214,0.0872012685273363,0.2700212267737243,0.0005645539907829578,-3.140669251247717,-0.0006950905821171666
19.673692226409912,-3.87531121111436,5.476364116539411,6.163066995413269,0.446843436399372,1.1187838817937112,0.052202688049769866,-0.5489430484419423,0.0872238429029455,0.27000387059469116,0.0005590701547773844,-3.1406191052587777,-0.000612761122453537
19.681691884994507,-3.65947966264142,5.8156911708944765,6.490846438988343,0.4430559205596348,1.1164867338983502,0.049465800164763485,-0.5489426318758461,0.08719353796864113,0.270002467124911,0.0006048045619678394,-3.140622216079739,-0.0006203206091865354
19.691683769226074,-4.197992774912938,5.414527299075267,6.267546453141697,0.4497907081401634,1.1000114691683767,0.053512058190643634,-0.5489200406355779,0.08719475806187106,0.26995890664784244,0.0005010391283257037,-3.1406229069200813,-0.0005629548316435105
19.70167851448059,-3.894190846841817,5.482568489995986,6.288594364278569,0.4486900995245858,1.1067156291434417,0.055030708349535815,-0.5489311454607143,0.08720805249371837,0.26992858960473276,0.0005081986092141786,-3.140638071913538,-0.0005785885725293999
19.71165704727173,-3.9297946476529195,5.515933580734734,6.364661803872965,0.45155900631906154,1.0940002607579307,0.049825628817514775,-0.548943886843388,0.08724093734606118,0.26992766058156925,0.0004433412987098223,-3.1406098790918118,-0.000647591060154783
19.721724271774292,-3.82152465861024,5.41535486807978,6.448813881901357,0.4535161463711611,1.1070262403144806,0.05230024885310706,-0.548923899562492,0.08718579375274992,0.26990387126142135,0.0005481869663447546,-3.1406161843928313,-0.0006711340283096848
19.731804132461548,-3.693694320940603,5.865600909840937,6.555073126135449,0.44631799186918475,1.1097945150193906,0.04853498781083863,-0.5489074860414611,0.08720246879850961,0.2698484630563701,0.0005048999109797032,-3.140643418326519,-0.0005735532200537207
19.74173069000244,-3.9367955183717522,5.764339867590621,6.480883610495749,0.45599111547112553,1.1098487418629186,0.049523821114899245,-0.5489367933155271,0.08722590052453105,0.26986830226152214,0.000503935101433069,-3.1405395250745363,-0.0006578153968459361
19.749656677246094,-4.178794392376036,5.740968043626714,6.625403056408878,0.461787595368328,1.111231326828028,0.059357277687325946,-0.548925292401812,0.08720860626485423,0.26983350385209304,0.0006220362357585391,-3.1405857283352687,-0.0007363463359346996
19.759689569473267,-3.968965094800503,5.8710791393041415,6.648777633950538,0.4620411386877575,1.1154957248952408,0.049322459256981935,-0.5489252980897649,0.08720147742187262,0.2698228203625485,0.000556495097421035,-3.1405567479682905,-0.0006171845846089314
19.767659902572632,-3.6849073363123117,6.235261740172017,6.671821046159092,0.46010287775398134,1.127089794488158,0.051579236798162884,-0.5489270745386777,0.08720551771587373,0.26977195285526434,0.0005796808381862977,-3.1406082223207625,-0.0007107844484138695
19.77773642539978,-3.8907820537159683,6.199671905560671,6.625403421575612,0.4667920725490468,1.1314065807069125,0.052764863057171506,-0.5489200975221961,0.08721220933991984,0.26974936569878044,0.0006244434237453301,-3.140599223768409,-0.0006716876272395127
19.78574275970459,-3.8072983262428757,6.1249998348271575,6.607747818526092,0.47222932397742107,1.1402343951717564,0.053312709076581026,-0.5489166821480961,0.08721677317989183,0.26969799145536766,0.0005388223570622037,-3.1406592890718743,-0.0006524410084764566
19.79374098777771,-4.253959414302776,5.84090981218125,6.6852685703802806,0.4854925099703785,1.1297603033244692,0.05128003373240787,-0.5489294608703439,0.08720785578796104,0.2696783381581121,0.0005227429560981627,-3.140655514952092,-0.0006627431317481104
19.801682233810425,-4.092508447690928,6.4863251097205215,6.558111714608413,0.47606264072759935,1.1424864557530103,0.04613096677914765,-0.5489234017568562,0.08722459731517147,0.2696613922788748,0.0004890045248008374,-3.1406190730899173,-0.0006093114887706752
19.80964422225952,-4.246159074431923,6.266086663938096,6.7782000082740845,0.488377228573235,1.14203542732818,0.0562292895819113,-0.5489388688639608,0.08720556061487822,0.26966623953849705,0.0005936524947020525,-3.1405561430665254,-0.0006710669775041277
19.817716598510742,-4.314041938188217,6.541607540298386,6.854633068529737,0.48944710365566113,1.1422749712954365,0.05545832569637309,-0.5489385830368658,0.08719146882248877,0.269637082426888,0.0005988500280554153,-3.1406160436412134,-0.0006311863280557234
19.82779097557068,-4.1213274712114965,6.42426396460232,6.62734047738889,0.49839334034739247,1.1517285065069542,0.053243382284459885,-0.5489336289952987,0.08720582535510364,0.2695924248518519,0.000536766530409409,-3.140627369348353,-0.0005848613250784528
19.835712432861328,-4.1121863964974406,6.28484255257174,6.894529296126305,0.511015787131185,1.1583770245994163,0.05726334848401958,-0.5489255797078402,0.08721562811597688,0.26957651417946465,0.0005228829560448368,-3.1406355131134696,-0.000594647580096359
19.84566640853882,-4.2726604575300495,6.485272121751241,6.710335308979708,0.5107213344789557,1.1596114309140388,0.048804022656985545,-0.548923015198832,0.08721579297101734,0.26955917519948114,0.0004970465874038751,-3.140653677242244,-0.0006822151373921889
19.855650901794434,-4.483050477299178,6.499341924361717,6.7024273450859395,0.5141415552462669,1.1606728847056693,0.052958476015435345,-0.5489267131019364,0.08721068058631017,0.2695342819114767,0.0004987378811365668,-3.1406147081453053,-0.0006789841430165322
19.865729093551636,-4.408298465378522,6.632587178029717,6.711520316631435,0.5164671762085805,1.1704553742468868,0.05608378107961026,-0.5489416639548099,0.08720867477614182,0.2695050968196052,0.000555136596584918,-3.140634704881054,-0.0006443812243412927
19.873751163482666,-4.392100895205942,6.425110481162712,6.518738603230107,0.5252192599968704,1.150900736689316,0.0572851095573603,-0.5489183158920317,0.0871986453242613,0.2694474215432341,0.0005041642016053084,-3.140702910595665,-0.0005984110819426876
19.881666898727417,-4.369761822742234,6.527914968666361,6.342212098487441,0.5240941150697394,1.1477169347991485,0.052889655165948506,-0.5489423509633229,0.08721889077512934,0.26944161071813294,0.0005016875998901569,-3.140651772845244,-0.0006459269411658602
19.89168119430542,-4.217880659282188,6.892568238163022,6.217109966556615,0.5205474803660478,1.1532429657647676,0.06783996703633892,-0.5489277335192699,0.0872157583067446,0.2694383254085471,0.0005049070908408659,-3.1406400792090765,-0.0005836535033417897
19.901648998260498,-4.243190039977038,6.779871448269973,5.903130025706483,0.5337006837168456,1.1505620705490025,0.05593724805971971,-0.5489427965603302,0.08720858235699315,0.2694261941844487,0.0005218016126799929,-3.1406199401081523,-0.0006170363404742844
19.909728288650513,-4.15303143292124,6.868406229883577,5.942164511383663,0.5271684591522111,1.1506734696157188,0.0569343026042092,-0.5489260621722758,0.087223346147954,0.26942927645324094,0.0004190782615162695,-3.14058064415176,-0.0006849902253965018
19.917682886123657,-4.303699218857508,6.6013536126766255,5.949016728834612,0.534546601009021,1.1416166308064875,0.056207299086977885,-0.5489153725863434,0.08722775575167288,0.26933698014857527,0.0005087715823929116,-3.1407203561640045,-0.000654990563133977
19.9256854057312,-4.439519858282648,6.824106691345607,5.976919977685511,0.5297114908560084,1.139085164967991,0.06410153706453456,-0.5489362142486499,0.08720595418467661,0.26938798434778216,0.0005553664449182213,-3.1405828509491753,-0.0006463876404818525
19.935681104660034,-4.1263279251383205,6.846667511705906,6.0756887295687205,0.5290424681981523,1.1401446175914387,0.06194903325939442,-0.5489283143452013,0.08723209560688037,0.26930960571013407,0.0005358561568456764,-3.1406790326054046,-0.0006257861501110081
19.94568133354187,-4.1202798373669145,6.6631718836527405,6.1284243647407,0.5361170385543138,1.136135937102514,0.05748876390434178,-0.5489397842969186,0.08721804803512398,0.2693255705791071,0.0005566523022403541,-3.140589544591917,-0.0006564383162141667
19.955666303634644,-4.257393618018941,7.041638418938645,6.205212101765166,0.536084414349847,1.127965810665875,0.06309720697687043,-0.5489187993176652,0.08719759713529064,0.26926716834174347,0.0005809923849284139,-3.1406916471634063,-0.0006320217335009223
19.96570110321045,-3.86989068890928,6.76608162641957,6.215296514206549,0.5435730996207164,1.128463515652514,0.05661062747347957,-0.5489317274760978,0.08720023593525313,0.2692322889234035,0.0005815088119430055,-3.1406965339960378,-0.0005845015191310078
19.97569513320923,-3.845239798343527,6.521387731405637,6.33375185117776,0.551751111162463,1.1227882623099261,0.05780649965998781,-0.5489389819942414,0.08724484783018907,0.26920221303996356,0.00045862638621487297,-3.140687605276596,-0.0006030217461303229
19.983726263046265,-3.5669915678304878,6.868204830434334,6.430149679726109,0.5406685998262092,1.1281175286470275,0.05653295949602566,-0.5489435523847822,0.08720516650288325,0.26923883888221,0.0005336512360663474,-3.140550080299488,-0.0007222292595785357
19.99166202545166,-3.8543924395536493,6.55851965322728,6.375378950492996,0.546340229932757,1.1257080147385232,0.05173735545810008,-0.5489430774146068,0.0872097592791029,0.26921092438333005,0.0005899787970723069,-3.1405826511424735,-0.0006663402071643297
20.00166368484497,-4.093341142384177,6.763189603599231,6.4687626730621535,0.5455447644380336,1.1158669685374072,0.053913757859052516,-0.5489258771446125,0.08722088943231565,0.26916141972518154,0.0005084898793577218,-3.1406173939983586,-0.0006709955235391502
20.00965666770935,-4.081836273832534,6.9089999687651025,6.332506627104811,0.5445235379673201,1.1140867233860785,0.06287675497504167,-0.5489444109794422,0.08722413569704297,0.26916889912688374,0.0005592415547500995,-3.14061413771521,-0.0007496960283643247
20.019733667373657,-3.9902855802420865,6.9837337206021335,6.671358204118132,0.5491381510850597,1.1152480993810598,0.06649732079825758,-0.5489560238120085,0.0872134063465502,0.2691156832295338,0.000579505285009664,-3.140625592960917,-0.0006504338402817261
20.027681350708008,-4.2627769639404125,6.592449450411682,6.405681759287284,0.5618644511345007,1.1141157301341151,0.0633495112458712,-0.5489209000090711,0.08722361124776308,0.2690934799093348,0.0005405315394379871,-3.1406350023971035,-0.0006582845138285098
20.035664796829224,-4.551455413406023,6.618074227591594,6.38851555347444,0.5567489396753189,1.1073600478044054,0.06452961170122695,-0.5489417066029273,0.08721683497954476,0.26909075536423627,0.0005352917955227112,-3.1406164130639964,-0.0006137457443903465
20.045687675476074,-3.990379132459611,6.927203861377867,6.556228784531338,0.5536125306179777,1.1313894091922116,0.06642649068027422,-0.5489535447461461,0.08721709169946103,0.26909031387635085,0.0005428276030866016,-3.1405424331845144,-0.0006680740696778552
20.05566143989563,-4.013569957183718,6.9582028618836835,6.273634063152955,0.5557497995525621,1.1412960092990645,0.05759040995266934,-0.548921448668064,0.08724063682185097,0.2690048433529022,0.00047294383541683876,-3.1406777054540593,-0.0005573830665403926
20.065669298171997,-4.5647877226119284,7.145460806276489,6.364792992664081,0.5564987749097655,1.1391191341593383,0.0644244690649637,-0.5489357743891697,0.08720590695394187,0.2690101609483827,0.0005770619674015285,-3.1406133889032355,-0.0007197990598686497
20.07374095916748,-4.270091568992963,7.15379877056731,6.0453724500313175,0.5657881717829316,1.1527774253077914,0.05689493527818189,-0.5489147835386722,0.08723944152287787,0.2689764798656386,0.00042896940447217555,-3.1406721578670425,-0.0006675998336808287
20.083683729171753,-4.546523083555015,7.250058896511804,6.0304420533059595,0.568045713611794,1.1501719041149856,0.068363856972175,-0.5489188060605524,0.08722471595240038,0.26899749884027274,0.0005054516101511065,-3.140628902495986,-0.0007369279569116522
20.09368658065796,-4.211104375894979,7.368665982279266,6.105382947641317,0.5714205245878424,1.1625466916077396,0.06333465994198635,-0.5489263234063928,0.08721258443118168,0.268916139404911,0.0005462244363247931,-3.140671737357304,-0.0006181863161252607
20.1016948223114,-4.673083605530766,7.27884829294741,5.937007694371525,0.57625380479574,1.1623463020436797,0.06869479936986835,-0.5489253371983097,0.08723734734718899,0.26888594539458277,0.0005191928379120731,-3.1406782370837436,-0.0006727348668622082
20.11172342300415,-4.557080080601986,7.244933825059137,5.715507218731354,0.5778521083413131,1.1695501862993138,0.0668284401889088,-0.5489310794495821,0.08721980205523773,0.2688486676887865,0.0005453451270314554,-3.140679192036057,-0.0006178969584113633
20.121652126312256,-4.543763916663438,7.19025607387407,5.735208435545151,0.5872983800345122,1.1789918613869312,0.06751471723967382,-0.5489316938926578,0.08721929645963124,0.268847660519582,0.000526652993334994,-3.140682518661159,-0.0006432808869797474
20.131778478622437,-4.475999408797541,7.420216164376271,6.006322288310525,0.5896109077365552,1.1845334785407486,0.06162348823833153,-0.5489317352057943,0.08719951990080292,0.2688184569848102,0.0006002938896610237,-3.140643213169918,-0.0005922655375053834
20.139710187911987,-4.468168340708558,7.164988554716835,7.26305338611057,0.5918851416930377,1.1262363670290598,0.07105530675392324,-0.5489473484390549,0.08721990496906991,0.2688258540327047,0.0005231992842028999,-3.140559446969731,-0.0007116495562340608
20.149686098098755,-4.303212222109246,7.054950908971968,7.174379465579453,0.5829388042997138,1.1131932164542848,0.06609860603441788,-0.5489343825917339,0.08720660122511312,0.26877336719683864,0.000586862915692206,-3.1406660639316617,-0.0006325369931454917
20.15769338607788,-4.308795896509183,7.124575061421725,7.112810444774152,0.588513257514037,1.131626790363228,0.06604724777233946,-0.5489309318986868,0.08720834609264898,0.26877933596674897,0.000542650797078495,-3.140594020417218,-0.0006571832286469856
20.167709827423096,-3.8329306099915326,7.1374572174899145,7.768864734492684,0.5707065734843487,1.120026139396681,0.06323065188363515,-0.5489394503480295,0.08719931552753221,0.26877137243888866,0.0006331737966191952,-3.140545309868193,-0.0006761053550004835
