time,x_force,y_force,z_force,x_torque,y_torque,z_torque,x_pos,y_pos,z_pos,x_rot,y_rot,z_rot
1.5485002994537354,2.8792577973391755,0.9626486065074319,-22.242669716576113,-0.07379588862886774,0.15513641506120024,-0.19886603011586446,-0.5512594737966401,0.01821227085882477,0.3076746665054767,4.823814649978539e-05,3.141204444172878,-0.00018584354562963185
1.5564239025115967,3.0626587166664643,0.8596309086152921,-22.176333409804382,-0.07309462154724544,0.14448307271143754,-0.19458768553912326,-0.5512470740947183,0.018194857766512355,0.30768447640762586,4.765661811326131e-05,3.141206718617695,-0.00022366631002269913
1.5644323825836182,3.3831686491315502,1.200857917624262,-22.009875418969912,-0.0823020768834188,0.16243740654871155,-0.20528623827407458,-0.5512462970268052,0.018193947179841307,0.3077023771912032,1.781329791075018e-05,3.141218737061906,-0.00012475488520098348
1.5725231170654297,3.2176760535654907,0.8859343241324461,-21.95931059637141,-0.07406890074970775,0.1577426326483732,-0.1965995485077959,-0.5512555632338613,0.01821308243784099,0.30771257229801857,0.00013338301304286238,3.1412405587251797,-0.00021528426513841117
1.5804402828216553,3.097181320294357,0.7375966928080449,-22.051219997389495,-0.0654967172170133,0.15705113750523741,-0.20253567524250404,-0.5512502635306524,0.018175182840917074,0.3077263088331943,3.981353567720917e-06,3.141254508716674,-0.00024319502309705368
1.5904450416564941,2.964769396313417,0.5434142219760006,-22.13980479930093,-0.06160021079520155,0.15071119440492275,-0.20165351839325943,-0.5512438459739628,0.01819600512698348,0.30767389231104925,-2.830114679187034e-05,3.1411441302166025,-0.00021958071786915576
1.6004173755645752,3.2257889863276126,0.8127119206143095,-22.20876570591003,-0.0704350577951447,0.151651306935281,-0.19790742636250055,-0.5512358764372319,0.018201557389643633,0.3076671201395109,-4.18850702519374e-05,3.1411257626692763,-0.00017104675340963435
1.6104283332824707,2.7499211433544786,0.5516967463936674,-22.091630217583475,-0.06436562174462288,0.15086137215684928,-0.20112146726614766,-0.5512496082093502,0.01818976293853451,0.3077059655691692,3.580833339171329e-05,3.1412376886406004,-0.0001972287573376651
1.6184260845184326,3.10076640409611,0.7750944522720183,-21.98215523662458,-0.06910245178970102,0.14800505010165635,-0.19724858193004877,-0.5512601027502302,0.018206255257117585,0.3077109171144102,5.5276571419533345e-05,3.1412600651933698,-0.00022146134735866833
1.6264259815216064,3.165952803386831,1.0462938437293503,-21.91553939818806,-0.07789050872416131,0.15386777450635006,-0.19826539190002035,-0.5512401567759272,0.01822116997333046,0.3076984327993432,0.0001056535746147931,3.1411908115376637,-0.00014496441136783243
1.6365013122558594,3.1760053918313047,1.1148488923558435,-22.222395692892103,-0.07779968190558242,0.14275618658780248,-0.2007282463101272,-0.5512398509543983,0.018201279740511344,0.30770027293659996,-9.630297147946195e-06,3.141192499304783,-0.00016365237030240996
1.6444315910339355,3.11427345767997,1.0147181927832256,-22.06306872566322,-0.06936337235137897,0.15722766429390897,-0.20032092170894403,-0.551245587850546,0.018177794010980765,0.30769484581821277,2.9154794881118167e-05,3.1412600417822025,-0.00013929468370336946
1.654412031173706,2.79221933945654,0.7813483226273792,-22.08622733479092,-0.06572991006214085,0.1480797833013482,-0.19940126051028828,-0.5512541743858504,0.018212981472881633,0.3076961503817336,9.1783705267876e-05,3.141356443065061,-0.00011846806706418597
1.6643731594085693,3.3063363830232135,1.2142917970508575,-21.97096328320277,-0.08214871076302382,0.16192409612286393,-0.20714873223227837,-0.551231671074391,0.018207615047339903,0.30768362415566924,6.050498424871028e-05,3.141294351230517,-9.173156907322784e-05
1.6744871139526367,3.274847806142142,0.7393011285415568,-21.91804944462294,-0.07017535758437027,0.15143967784494655,-0.19954541443761958,-0.5512602381790377,0.018180532172334812,0.3077413157670612,3.3970344412643494e-05,3.1415306090311046,-0.00011404888863933909
1.6825048923492432,2.9063950692685303,0.9042642574544643,-21.759289872891063,-0.06690917876999516,0.1595593278642604,-0.19801921295774538,-0.551262304115455,0.01819182165606935,0.30772170242156655,-6.317271645469181e-05,-3.1415689678858247,7.646267174579731e-05
1.6903674602508545,3.302622684371407,1.04921778445778,-22.000585865082243,-0.06831704687158267,0.14916818974117677,-0.2019753780728287,-0.5512700932281152,0.01817171723799763,0.30769116349584724,7.225065543613864e-05,-3.1415754913264067,7.505888064027312e-05
1.6984217166900635,3.1911924581841937,0.9273307403340324,-22.02056091875317,-0.07513964775315249,0.16945696297249985,-0.20411439845492427,-0.5512520736441764,0.01821978957592832,0.3076454425421029,0.00011416707873680136,3.141509735272678,-7.096383659618543e-05
1.7084150314331055,3.1393390100652954,0.8366761185333705,-21.937212764827834,-0.08239165397771452,0.1401550446137018,-0.19311362611713237,-0.5512613824522004,0.018198839865726853,0.3076297053622063,-5.957959622458221e-05,3.1415406774121264,-3.101687152600373e-05
1.7164530754089355,3.210990917635087,1.0018784373343455,-22.034641071658783,-0.06963154099659015,0.14705640911312615,-0.198269811766179,-0.5512537755783269,0.018175732847351182,0.3076228582111184,-4.0513748067498717e-05,3.1415556812241925,-3.153789712484706e-05
1.726471185684204,2.7015838587607997,0.9057005439326072,-21.96245235965306,-0.0632104857593818,0.1487605182175164,-0.20142675019044945,-0.5512527604146994,0.01816235020336492,0.3076375415767354,8.737009752253834e-05,-3.141508362046173,-3.5421621035721016e-05
1.7344789505004883,3.2847456598752505,0.6619965374281831,-22.17019653352801,-0.07229737858710025,0.15141588128333017,-0.19107042627239318,-0.5512608864830076,0.018215546586170837,0.3076175069726683,-5.9180187491481067e-05,-3.1414569033142796,-3.7698204419207544e-05
1.7443819046020508,2.99438315363719,0.7727261663777806,-22.021536720540762,-0.07609018191036955,0.15052545547100016,-0.2047188342442244,-0.55124771092407,0.018188879806782004,0.3075570660198073,-2.0226485266118666e-05,-3.1415222877469784,-1.1419518648121064e-07
1.752417802810669,3.0951675166480315,0.5750083245797606,-21.997420741253524,-0.06265613411166394,0.15168373740589747,-0.1994396135024682,-0.5512696463397827,0.018222000146817276,0.30757557433679084,-6.453207196723653e-05,-3.1414231058846656,-7.932037110733816e-05
1.7604753971099854,2.948743729682243,0.9195045952274691,-21.80509746500262,-0.0741012841093544,0.14879597781029244,-0.19440919975487558,-0.5512546726891926,0.018213003448974405,0.3075662286560716,-4.563112262914227e-05,-3.1413758278539463,-9.452469782614397e-05
1.7684195041656494,2.711159340064779,0.8479652327608157,-21.89363118817069,-0.07477247445192714,0.14679695550614708,-0.1995155355789267,-0.5512659695374216,0.018212417386068713,0.3075275240443208,-2.5031595313813366e-05,-3.1414105675837534,-5.69277286578199e-05
1.7785422801971436,3.075926178511239,0.8015606024926324,-21.941130101789717,-0.06483752711684315,0.1502415265804307,-0.19646710658902086,-0.5512554586212141,0.018198162570004534,0.3075047976497373,-1.142989801167872e-05,-3.141396755266335,-0.00010465015416776052
1.7884902954101562,3.4806342111486606,1.2501685547438204,-21.930170753545084,-0.07566218725398786,0.1542854384001563,-0.2011198133080543,-0.5512526685836195,0.01817156050634293,0.30750587061902196,8.796357020767415e-06,-3.1413299482157306,-8.432638059916433e-05
1.7984428405761719,3.549752659412106,1.040913692053237,-21.828177496555284,-0.069825701394693,0.15521818706856222,-0.20455224832262392,-0.551262320890971,0.018211678201021365,0.30743894204691014,8.471307163042604e-06,-3.1413556754463867,-5.2674439777453404e-05
1.8084437847137451,3.186842366656333,0.7674611919171647,-21.958609821951367,-0.06944163063472752,0.15051680302403908,-0.2010888622466333,-0.5512739316892981,0.0181716683709472,0.30742440036597524,0.00010021501830104849,-3.1412897508824993,-0.00011584570840069383
1.8164350986480713,3.2131533935656478,0.6518685690259167,-21.85681175196686,-0.07109842382263953,0.1553118117051145,-0.20270025559541352,-0.5512592482094676,0.01819271805764246,0.3073539094399342,1.8001937262923183e-05,-3.1413632576560033,-8.93366062346325e-05
1.8265159130096436,3.240438696070412,0.7550949053835229,-22.14571181349699,-0.07451573174002044,0.15864710262898973,-0.19734847717113602,-0.5512555081424778,0.018199166684114716,0.30734976991802765,6.335970711638908e-05,-3.141341219685392,-0.00011377991128032522
1.834437370300293,3.2063744602863213,1.1777072599435021,-21.956299265605033,-0.07621529367994509,0.1499091324053674,-0.2005875950528834,-0.5512607847445625,0.01819122284862886,0.30732745751405394,-5.0260601994408935e-05,-3.141306240623191,-0.00016158922886553813
1.8444328308105469,3.25438289279274,1.199273501636432,-22.032277836127584,-0.07451291957989423,0.1553003303119254,-0.2009553257171647,-0.5512579024507925,0.018199971006978365,0.30724793038245546,2.0869508252134338e-05,-3.1414013249773367,-9.127238135031419e-05
1.8545429706573486,3.264812202320413,1.2489282861252087,-22.070779949846383,-0.0799457559985271,0.15405582709392873,-0.20058182007720643,-0.5512645710859158,0.018200013881075037,0.3072315883464737,-5.510904295199587e-05,-3.141330713158908,-9.501447879739548e-05
1.8625240325927734,3.3055427671582924,0.9093481322197949,-22.122934682733355,-0.0714613809664981,0.15422709382438402,-0.20065060197759113,-0.5512561265511382,0.018184120050102195,0.30717435975259466,5.51127767494956e-05,-3.1413784748438336,-8.008024225579231e-05
1.8704419136047363,2.839218179404071,1.0079426687918727,-22.121970031616776,-0.07147972615103954,0.14217243560593396,-0.1935827234118444,-0.5512619852039774,0.018169046455213406,0.30713576542999327,7.511941707599128e-05,-3.1414020223527124,-2.79327890921059e-05
1.8805100917816162,3.0539840710361275,0.8778452812456566,-22.196840358342477,-0.06902895663939052,0.14709583022022038,-0.19375641156009626,-0.55127896994448,0.018185311122665034,0.3071219962116016,4.94056848431291e-05,-3.141318405642707,-9.199178737336548e-05
1.8884360790252686,3.1081318957843385,1.0808089784726593,-21.8891325623212,-0.07704945100552632,0.15096359059112596,-0.19171943086786572,-0.5512603753887468,0.01818776596218046,0.30704098008010977,3.658884640134551e-05,-3.1414414663991366,-8.543812417238516e-05
1.8984220027923584,2.8627925586088794,1.1657391938423545,-21.96228215537512,-0.07601336615858457,0.14376263702142605,-0.1996467816863516,-0.551273562639441,0.018195897758078984,0.3069757658219392,3.171569112517191e-05,-3.1415256591548797,-1.2422771662255278e-05
1.9084441661834717,3.12977631877991,1.2931388721194255,-21.911139521998678,-0.07292884684221039,0.1444977290947343,-0.19775590529802964,-0.5512588280424843,0.018183111593226716,0.3069339119198359,1.3530135453574195e-05,-3.141518802033202,-6.223144967032429e-05
1.9183928966522217,3.200513475174634,0.937888089350071,-22.052757577925348,-0.0681562621467829,0.14994664812345432,-0.19420796496528933,-0.5512557818857483,0.018200545840734612,0.30686330137511986,-3.6567817766349114e-05,-3.1415820885210617,3.596356975187982e-05
1.9284310340881348,3.263284061733267,1.4321397242731264,-21.93868647845333,-0.07807592327043714,0.15120636086619443,-0.1955985252456205,-0.5512583919011794,0.018204610931951366,0.30680591099970245,-1.9366144234157493e-06,3.1415717436787753,3.817540336356246e-06
1.9364748001098633,3.2554695891676326,1.2254513375846792,-22.065466743022665,-0.07579276205597868,0.14975308463487336,-0.1990113201322252,-0.551266499785813,0.018205207565970136,0.3067677269145499,-4.108542868845839e-05,-3.1415842334543633,8.619229838887295e-06
1.944441318511963,3.116169735520405,1.1787908187603378,-22.096392429899037,-0.07682815411976238,0.14590101226939564,-0.1968059861139464,-0.5512680261920782,0.018183582529634233,0.3067775186040949,6.182675221171414e-05,-3.141541730544595,-2.273722252586102e-05
1.9544413089752197,3.494320267514679,0.8550778673349719,-22.278833908889755,-0.06539290875518128,0.14642596552591,-0.19571365610397765,-0.5512688575226384,0.01815663879115824,0.30673244944179284,6.44617165432884e-05,-3.141525377121337,6.638493121467927e-05
1.9644389152526855,3.341014804916373,1.3561927134715759,-22.09214202117281,-0.0840966220337958,0.15649135799217365,-0.19088689746504536,-0.5512471440429043,0.01820567174272455,0.3066360639425941,1.974690338660323e-05,3.141477840299923,-3.309326865892765e-05
1.974489688873291,3.29729030116317,1.0183194602442849,-22.081807161089724,-0.07923098636344736,0.15881419185587722,-0.19800361739559694,-0.5512681324852636,0.01821747198497033,0.30666466943005394,2.807114983507081e-06,-3.1414933872177464,5.319479869558668e-05
1.9825818538665771,3.3331206849524997,0.8846661884129858,-21.88798863375174,-0.07448311226111337,0.14480039871989744,-0.1937808877454021,-0.5512602807355808,0.018183539342484352,0.3066237014923729,0.00011055809810528096,-3.141544257830235,-6.143117325272718e-05
1.9904472827911377,3.212959570252244,0.8834029512213275,-21.85653822111017,-0.06503965960623914,0.1463593688954964,-0.19458457514783814,-0.5512692829891005,0.018191710933634742,0.3065788916795086,0.00010610395188510688,-3.1415595333766024,-3.933003994094085e-05
2.0004944801330566,3.153389669167632,1.1379618584466886,-21.760427388790518,-0.07101841257831923,0.1435959435292236,-0.19656480627597303,-0.5512575716379807,0.018188270655439615,0.3065397595003408,-1.683175770591776e-05,3.1415906290937072,2.3192325784885886e-05
2.0084993839263916,3.513414179779074,0.9995880279455269,-21.849688370629778,-0.07024122132153975,0.15805582090935416,-0.1969140475957489,-0.5512807560172918,0.018239323378493374,0.3065564544455089,-0.00012248885148876494,-3.1414786183034034,-2.7356917586244238e-05
2.016421318054199,3.141262767292533,0.9704493552478708,-21.92973186441516,-0.06870769519630147,0.14864335270461884,-0.1952922829222581,-0.5512847842136405,0.018218210570209108,0.3065664003891102,-1.7188827509520829e-06,-3.1413855840724314,-0.00010827240404062543
2.026500940322876,2.902967806875826,0.8141606887932631,-21.96251432369175,-0.07154660095067183,0.14559101316738576,-0.19239435826852677,-0.5512760311018703,0.018198046193082074,0.3065119585616479,1.2515647688436966e-05,-3.141438183761136,-9.200124331821765e-05
2.0344316959381104,3.1560188482643357,0.8283663813109103,-22.160686067816794,-0.06916863109982087,0.1453081580723246,-0.19234188023932558,-0.5512730450446856,0.01821654297085128,0.3064560620973685,-3.73446164479691e-05,-3.1414601647213805,-6.671872485628806e-05
2.0424840450286865,3.1621403525776417,0.8305087849054082,-22.04989775546742,-0.06909175254854098,0.14964147014583057,-0.1890424128184523,-0.5512604086253216,0.018218282355049655,0.30641235008494155,-3.7888339135067936e-05,-3.141535179184805,-1.3457972055890682e-05
2.050461530685425,3.256988027459083,1.0567837176725965,-21.97945587805299,-0.07347011814208901,0.14772399984578377,-0.19238135834638687,-0.5512847285033092,0.018216737076605635,0.30642967953020983,-8.219252673052488e-05,-3.1413688240743363,-6.005388962657885e-05
2.0584335327148438,3.1158313914737223,1.0044492477680078,-22.088669502380995,-0.0762989047201363,0.15048428365217228,-0.19935582733736587,-0.5512636669522416,0.0181921941353323,0.30636162452910615,7.99206787045984e-05,-3.141494459228552,-4.318465816179832e-05
2.06854510307312,3.2596212993908145,1.1996340888390287,-21.99337193963185,-0.0701200831231894,0.14823180470355699,-0.1960858368616671,-0.5512653975967551,0.01822533630854232,0.3063330937157397,-7.221658504919988e-05,-3.14149649861025,-5.590676236060361e-05
2.078500509262085,2.8402642173229693,1.0514542681985968,-21.992786527865206,-0.06890021612968338,0.14324651376109038,-0.1961216643521486,-0.5512698169234136,0.018193569623441933,0.30627686368400797,2.3826523621900117e-05,-3.141530691667531,-5.248540750655612e-05
2.0884735584259033,3.4160678789618064,0.9759868027783732,-21.9095047202217,-0.07183329433187612,0.14811950783799635,-0.19103997583080712,-0.5512520157876636,0.01820323485014745,0.30624328174312987,2.456349415847601e-05,-3.141546771149089,-3.2361497288309365e-05
2.098503589630127,2.5391127066967822,0.6470878106165228,-22.07475033745138,-0.06802268747255417,0.13542335177215858,-0.18919475746131073,-0.5512679914221269,0.01817372200000287,0.3062204603876228,7.72838467460396e-05,-3.1414962218785023,-5.444086556881149e-05
2.1084206104278564,3.422758599917942,0.732403556814156,-21.9648207104149,-0.06605188796922601,0.16058733451586804,-0.1975510293535451,-0.5512779056201138,0.018182334818785954,0.3061805905038629,6.988681295139975e-05,-3.1414919934173997,-2.1228564408395456e-06
2.116403579711914,3.359076561057534,0.8098664031004619,-22.07581169791845,-0.07018920756805515,0.14795377136992188,-0.19211616698207987,-0.5512735049647406,0.0181909486420992,0.3061220490748078,1.4952001191154398e-06,-3.141512813134697,-4.576872999681882e-05
2.1264264583587646,2.9914581251742836,1.0483485123105365,-22.088410688615483,-0.07366581676238251,0.1434077776199935,-0.18902667642015683,-0.551268949967888,0.018202244690637998,0.3060677016451665,0.00012634990302841292,3.1415799413619028,2.3574420445460265e-05
2.1364407539367676,3.22710471313569,1.0051888491193697,-22.08396586541684,-0.06823109346881534,0.14671805295363743,-0.18221757829732296,-0.5512744564851847,0.01821586503163782,0.30603835740980956,2.1029745636933292e-05,-3.141538165328752,4.7508005598375035e-05
2.146458864212036,3.14760989647768,0.9541555162618766,-21.933963793383427,-0.06621767967187173,0.14702438184638772,-0.18917881073411058,-0.551275040161037,0.018187443449427187,0.30603639379209,6.170586325900201e-05,-3.1414698989952363,-4.406495383789035e-05
2.156505823135376,3.378036846778777,0.82451510592754,-21.95993841244385,-0.06403689030094488,0.1479320538034432,-0.1852730686973605,-0.5512781972218416,0.018200599303220516,0.30597648964681906,6.371918695217366e-05,-3.141478846357227,-1.7511078928462367e-05
2.164426565170288,3.392764556479908,0.8783030237710241,-22.077100436062523,-0.07306322666069771,0.1504297023188384,-0.1901721558735188,-0.5512738910796506,0.018202605741301642,0.30594094335886074,-6.795699700354639e-06,-3.141500974409367,-2.199579894673007e-05
2.17250394821167,3.359373251140154,1.3497706924562278,-22.001628685360288,-0.0805399614974802,0.15033131539265243,-0.19707719874719862,-0.5512753224031298,0.018200979058771164,0.3059139394063196,2.089613638806448e-05,-3.141494303841877,-3.157165007567924e-05
2.1805970668792725,3.243298666348433,1.0982791612896705,-22.005434273058892,-0.07772132291282632,0.1460909230907442,-0.18853562709263258,-0.5512748375486582,0.01821088509124174,0.30586756672607346,1.3990085046240442e-05,-3.141535010427038,7.283152166174795e-06
2.1884140968322754,3.090831043209869,1.1646184370051613,-22.025603549478003,-0.07307624268656854,0.14928906043203316,-0.1894712002927895,-0.5512835121102053,0.018216016103450958,0.3058318907805259,-2.3105508274844817e-05,-3.141509491867223,-9.757851969036338e-06
2.196477174758911,3.28824314295557,1.3455982226963106,-22.06320007689,-0.07764003653847124,0.1447242286864729,-0.18914789233891569,-0.5512851931630242,0.018211309033137557,0.30580354137702026,-4.866340878550422e-05,-3.141505027342347,3.145826965742828e-05
2.206461191177368,3.461089441309526,1.3088319696232924,-22.07818355269372,-0.07490389412596304,0.145527610754269,-0.1851587038482405,-0.5512698119373995,0.01821763890453883,0.3057775848134383,3.5665086883947722e-06,-3.141534174903988,-5.870388496039592e-05
2.2144641876220703,3.351439424252645,0.9871083134431488,-21.96263482669198,-0.06435615651140608,0.14993416445356209,-0.18659120720271108,-0.5512773378093833,0.018205714093601888,0.30574041691598713,-1.5098531461719709e-05,-3.1415392441823853,-8.24359181046175e-05
2.2224483489990234,2.9015294177796234,1.0066378546106705,-22.058424599267212,-0.07257331559765699,0.14116308959851143,-0.19179659993302692,-0.5512775128132675,0.01818332136441928,0.3056855423196514,4.332076994335519e-05,-3.1415777674696326,3.0424324392166764e-06
2.232442617416382,3.258656904358198,1.1106702938221595,-22.014166388710038,-0.07320400253865744,0.1473113971324133,-0.1926176753561067,-0.5512757114945873,0.01820820163764045,0.30572075396964116,-1.1934561847485043e-06,-3.14147972215114,-8.197212838499294e-05
2.242393732070923,2.8772565348009667,0.8162696610416768,-22.276741277510986,-0.06365874426833656,0.13944622494824624,-0.19026645642457532,-0.5512742363834285,0.018180579637517277,0.305659984382338,6.420049594460544e-05,-3.141512060828959,9.397910508050169e-08
2.252429723739624,3.187388165853095,1.039850569013201,-21.983144270640498,-0.07257362561182568,0.14325251170049835,-0.1900178957716555,-0.5512816981815143,0.018218719305828312,0.3056139403276476,-1.3794373242688996e-05,-3.1415514214216285,-4.8851419775132884e-05
2.2604217529296875,2.8763692385069346,1.0650625558284852,-21.890401833792993,-0.06829289037015343,0.14072633782342492,-0.1961836216485947,-0.551272568806862,0.018210610865538865,0.30557435437986485,-5.015345819008065e-05,-3.141540447879682,-6.39324252892436e-06
2.270397186279297,3.306591747011031,0.8318292436652356,-22.14257677990395,-0.06356336574227905,0.14543797130260813,-0.1871671994054211,-0.5512770787994307,0.01819452657437884,0.30556583731687814,9.243036487864514e-05,-3.1414722415788208,-4.885907134830227e-05
2.2805368900299072,3.6246462207078536,1.2334690146445872,-22.05363235608103,-0.07442212422578115,0.14702412246173147,-0.19364478329377324,-0.5512694570461,0.01819689710436161,0.30546199942564245,-1.6930940714917576e-05,3.1415769739482906,-5.732443285610725e-06
2.290452480316162,3.280527302677057,1.186850841168374,-21.785260614461652,-0.07251754263466652,0.14729286776141567,-0.18772383892912448,-0.5512791364318939,0.01820012390817537,0.3054628878999238,4.258123593843571e-05,-3.141520005792193,-4.545233181710315e-06
2.2984416484832764,3.189893758368165,1.1296428130457656,-22.074964295318985,-0.085808294779866,0.14897379933201021,-0.1888288758197242,-0.5512849469149481,0.018212664701222264,0.30546836807250277,-5.696432260227031e-06,-3.14142333825521,-0.00015392708729298062
2.308436393737793,3.5693665170332607,1.9385950899651472,-21.910221534089676,-0.039652349573323455,0.13831041605287225,-0.1921571533127047,-0.5512748910246279,0.018198331042988878,0.30538251162099944,5.08980297003487e-05,-3.141586246458157,-0.0002526928750971396
2.3164258003234863,3.1125604284405357,0.9269004382261623,-21.930333213130805,-0.08052699891177412,0.14321900483655622,-0.19098043350367688,-0.5512747870202444,0.018211797195212896,0.30534648961114286,2.0394871521384027e-05,-3.1415650829073556,-0.00015415515574118823
2.324458122253418,3.066621022809501,0.7036130255041974,-22.100045061686835,-0.08214999212414292,0.15104123876530218,-0.18599163348143027,-0.5512747835471539,0.018221638117234748,0.30532505799674525,-5.621763781098861e-05,-3.1415647952997463,-0.0001679856334847171
2.3343961238861084,3.348681740918407,1.6866461645301514,-21.954375767111667,-0.051839518965758134,0.14005267819239817,-0.18801301539107304,-0.5512694835120111,0.01823853735614568,0.3052959314456673,-2.760956892464798e-05,-3.1415667095531608,-0.0002873048556055626
2.344451665878296,3.2291689402942927,1.3280905297100558,-21.92049890917292,-0.0809761295622378,0.14213815896795345,-0.18652117093083698,-0.5512668321028448,0.01818878332470071,0.3052835849847959,2.2040960178203852e-05,-3.141498044637783,-0.00018279731786096935
2.3544461727142334,3.032368436825056,0.8758541135382084,-21.914826592293885,-0.08351531127545488,0.14415361494401593,-0.1876499665915324,-0.551276583219563,0.018212270781803486,0.3051983453233362,-5.5536103825683495e-05,3.1415786948820217,7.226999903242945e-05
2.362429141998291,3.2807670528154893,1.0092828170630057,-22.078837765977323,-0.08146824249494242,0.14678911561721078,-0.18508649454422318,-0.5512580393796258,0.01820096418310219,0.3051920445720162,5.701414424559873e-05,-3.141525095859622,-0.00022553815517683916
2.3704099655151367,3.180970539625683,1.4366385286404675,-22.024333446663316,-0.07468969705899343,0.1432468217863914,-0.18647916583023555,-0.5512611085340207,0.01817774573621958,0.3051074273846463,-8.293308819781059e-05,3.141534009666277,0.0001538659731289861
2.378462553024292,3.0826669157761737,0.8372724201067397,-22.04551621311915,-0.07608554247635572,0.1392288850998628,-0.19135762174364038,-0.5512767302613426,0.018192305763150757,0.3051031847003144,5.106931965894452e-05,-3.14155106235607,-0.00013745669736492502
2.3884992599487305,3.211223584578716,0.8579288135459076,-22.10702022991827,-0.06258849446409899,0.1484077552582694,-0.1901982092916833,-0.5512666287478644,0.01820859377210149,0.30508352239574515,8.868686899440135e-07,-3.1415371465386976,-0.00016271658867572417
2.398470878601074,3.0738972573303056,1.0687856256458412,-22.126014975385377,-0.06462202976810354,0.13991881197979975,-0.1866519310481704,-0.5512666535968032,0.018222977425892507,0.3050435002295733,-4.933193699074058e-05,-3.141562871289689,-0.00019903923325149744
2.4064431190490723,3.3072412522004284,1.2750089919285517,-22.112853252668426,-0.0773871451305472,0.14010727539106488,-0.18084772708889635,-0.5512610487733117,0.01820968774443555,0.3050056135364792,-9.689710010001198e-06,-3.141571257161297,-8.73897899006152e-05
2.416449546813965,2.8002870516190708,1.2275512996117095,-22.044337733219404,-0.07810847782747896,0.1388983241185176,-0.1796809323000386,-0.5512584847791931,0.01820711837177492,0.3049934606664,3.387561266181628e-05,-3.141530277151094,-0.00014497433166833323
2.4264605045318604,3.388269719080705,1.0472813913598527,-22.162675748330688,-0.07184733394176233,0.14554010503571221,-0.17920603712265837,-0.5512783660526508,0.01821344315607527,0.30496887643173487,1.8741287303485445e-05,-3.141447768936907,-0.0001267056315172486
2.4344921112060547,3.4666555440057714,1.0340466601475946,-21.889181663699887,-0.07499788387169265,0.1488864960147291,-0.18597583980833793,-0.5512728287041656,0.018190279845462266,0.30490841814230146,1.2167153447464396e-05,-3.14148916361871,-5.384523702760646e-05
2.444434642791748,2.9573468993469834,0.9744627599438366,-22.011631701624196,-0.0705860529807765,0.13660353415465484,-0.18266215258678578,-0.5512636090479738,0.018211505449936997,0.30487379315209856,9.625087048915738e-05,-3.141563038295436,-0.00015063783629129692
2.4524810314178467,2.902234818440223,1.0878546857156322,-22.09644160807311,-0.07255329254488471,0.14000420483706763,-0.18343206106549878,-0.5512780325954241,0.018186931063459335,0.3048688651444661,8.386334659609809e-05,-3.141465670935522,-0.0001321554133007677
2.4624125957489014,2.9493191693946246,1.2298894810905567,-21.937958817158385,-0.07587697594494934,0.13577188788164754,-0.19051864273834182,-0.5512687802885828,0.01822516650856429,0.30481159956455106,2.7070350576525817e-05,-3.141525643588137,-0.0002199856850273786
2.4724345207214355,3.468390967702175,1.1283592650715937,-21.941164729153936,-0.07419250492566529,0.14334634944839164,-0.18556324670140237,-0.5512640908371226,0.018193847066411434,0.30477421648423647,5.272466327320286e-05,-3.1415728670230867,-7.797002560722523e-05
2.480560064315796,3.3723248106312287,1.305660081265796,-22.095679405446973,-0.07696448036742276,0.14813692751339622,-0.1781294142885475,-0.551263570524396,0.01820273885545021,0.3047233534306153,-6.182049369142033e-05,-3.141549695745592,-0.00012015294726054401
2.488452434539795,3.277084755926672,1.2321974398328674,-21.999932069581323,-0.0713824655752184,0.14097620354508275,-0.1810609146676859,-0.5512770269720988,0.018217057892986225,0.304726932853665,-4.096859561946952e-05,-3.141480787976334,-0.0001452605901499535
2.4984445571899414,3.0731100476610833,1.3712235773338057,-22.11565060251572,-0.07302794818916333,0.1421774425774692,-0.17840931525997897,-0.5512685669030372,0.01821375311843411,0.30467547489887103,1.1916545741665064e-05,-3.1414829301486313,-9.451984380555827e-05
2.5064568519592285,3.141218161799428,0.6775300843464421,-22.007269588106812,-0.06739929854210387,0.14067337089150914,-0.1811135009275483,-0.5512533241463499,0.01819645586638381,0.3046313886325599,-5.128876181392157e-05,-3.1415444578536995,-8.141596388929675e-05
2.5164706707000732,3.2525853408194085,0.9830555168528168,-22.095541871935694,-0.0754466063087185,0.1429101184236093,-0.18882140498826533,-0.5512772462287808,0.018226919562891873,0.304593182967933,-7.101342065570209e-05,-3.141572285534059,-0.0001574461860394561
2.5265161991119385,3.2695003073136766,1.191221075060492,-22.110999111270473,-0.07223895504385686,0.1467019007936001,-0.17911397270397414,-0.5512840224034571,0.018225487570175766,0.30460439290695307,-9.381786549339051e-05,-3.141439490578347,-0.00012756045595921925
2.5345089435577393,3.3046308266604862,1.7997035933725554,-21.903237315008912,-0.06817259637844086,0.13953464943385466,-0.1827223462321119,-0.5512596892651972,0.0182063120716065,0.304529380217752,9.427050658060608e-06,-3.1415422056229185,-3.1998710520875016e-06
2.5425076484680176,2.8678828028166086,0.31431147886810595,-21.902340481223725,-0.09944859864997736,0.14286486619961888,-0.18187356835718252,-0.5512681464432322,0.018165732436817704,0.30450026704901145,-1.133343804596116e-05,-3.1414978391602975,0.00012231511149418296
2.5504567623138428,2.969536482206391,1.422057448041025,-21.910042339474657,-0.06173743136817532,0.13345397326908512,-0.18265214215824674,-0.5512710606733474,0.018185917709803153,0.30448095532135006,7.417549717610927e-05,-3.141477424197428,-1.3277209327104348e-05
2.5604007244110107,3.3130358121673456,1.145885003815204,-21.806428316314893,-0.07417144471100955,0.13784315336441855,-0.1924386658614404,-0.5512746590525955,0.018172584530867873,0.304427560497288,-8.756259885394664e-06,-3.141486834275113,0.00011144421132396677
2.568434000015259,3.3170745142952534,0.998712329045081,-21.881540911836172,-0.08458003645806308,0.14345074582895473,-0.19117961849396697,-0.5512786731641114,0.018175952124935044,0.30440567808368024,6.30683506056839e-05,-3.1414728598442476,9.85546059339941e-05
2.5765156745910645,2.855551877140912,1.1377057756144797,-21.889298760795466,-0.06541916178125474,0.13635398465822737,-0.18364636585759778,-0.5512809345073106,0.018184372286054993,0.3043788082358707,-1.9311082939231155e-05,-3.141472275366731,1.2300178416881266e-05
2.5865182876586914,3.1683907115660466,0.8790737724569306,-22.108865066264023,-0.06302915718050915,0.13408075429347957,-0.18139478902692258,-0.551266038975245,0.018191829990265168,0.3043059871464108,2.577456063824119e-05,-3.141552325882121,4.1752273293678496e-05
2.5964174270629883,2.8293611581859595,0.7026588452547258,-22.11480863765436,-0.06667561627554944,0.12969599143501642,-0.17848043294321037,-0.5512607388469922,0.018182597584439315,0.30426500438084536,3.9926110041119395e-05,-3.141571125623442,0.00013314690259854216
2.604403257369995,3.246666235761004,1.1809746238984042,-22.106807592193057,-0.0712372587725718,0.1405667277762541,-0.18558046799888284,-0.5512908458552832,0.018194908541337075,0.3042781013167358,-6.336280425108356e-05,-3.1414605436555996,6.217483510709629e-05
2.614520311355591,3.0882594453588332,0.8351342247214742,-22.14200437547759,-0.058127831655165225,0.13879784402953216,-0.18749702896081807,-0.551277486825448,0.018211276232322514,0.30420560830057736,3.215988402342431e-06,-3.141565278557422,3.63717627714844e-05
2.6244983673095703,3.2213730816486845,0.9482795506197467,-22.014620744030957,-0.07067276073425363,0.14168037279473958,-0.17963893709217305,-0.5512762190399655,0.018196894443990367,0.3041655609064373,-2.6846088862033573e-05,-3.1415248616076816,6.579608662750677e-05
2.6324453353881836,3.308770485505765,1.085163517850516,-22.08633620280674,-0.06747712150131525,0.14669399926881108,-0.1802937562858808,-0.5512721721443444,0.018193589026116234,0.3041538890569962,4.3650150373464796e-05,-3.1414826434206757,4.1901318540323646e-05
2.6424431800842285,2.922979930024111,1.1201826380326765,-22.13982011552059,-0.06917479294313193,0.13382347580306744,-0.17736499582855025,-0.5512634074097836,0.018177865764780757,0.3041193396577615,0.00010709252358695738,-3.1415100781363186,8.1794170755724e-05
2.6505138874053955,3.0550375225979733,0.8707290180726475,-22.049843662912497,-0.06486608965021608,0.13512811532082206,-0.17425511036059613,-0.5512738085198544,0.01820614174070241,0.3041119293227318,-1.3022038134643352e-05,-3.1414922365088427,-4.120169766524839e-05
2.658447265625,3.0229472224221126,1.0614404139391467,-22.147165797824286,-0.07340213520295825,0.13564947469074792,-0.18073090905680397,-0.5512842238724793,0.01818314527476464,0.30403197359758505,5.128855392264834e-05,-3.1415126759754957,9.105855627122806e-05
2.666501760482788,2.8155209378734805,1.2259579576080488,-22.1400454368059,-0.07239237170834807,0.1349454734830631,-0.17889526172831569,-0.5512807194555893,0.01816698863852965,0.3039999894605074,0.0001443465797813495,-3.1414993705879,0.00010511719936617601
2.6744465827941895,2.8227180883547844,1.1548616794381437,-22.06483411872208,-0.06670488044934127,0.13172655636207545,-0.17514926368890718,-0.5512728901543547,0.018200693415871497,0.3039768065091103,3.4533080450818665e-05,-3.1415337918888997,5.5320712625207466e-05
2.6845734119415283,3.098149236382692,0.9665032607140116,-22.165550222224272,-0.06773706297369175,0.1352150905464957,-0.18168138569118966,-0.5512714193091645,0.018204549363797347,0.3039646019553127,-4.850939838373973e-05,-3.141480599757104,0.00010516100350502859
2.6925101280212402,2.9416085876313462,0.974160674933242,-21.992752258350738,-0.07040555381697038,0.13300977494027538,-0.1802750587963462,-0.5512787523277096,0.018192075439580586,0.30390712892959826,4.193312841760558e-05,-3.1415629233942726,-2.656591454349779e-05
2.702420473098755,3.1775507167852255,1.286411474524519,-21.948371284946127,-0.07785808013212697,0.13316269932304006,-0.17507850042964493,-0.5512921401467621,0.018198715480506802,0.30392802402484337,-4.572046771102517e-05,-3.1414539212858266,-8.283338291351017e-05
2.712394952774048,2.9821148217281026,1.1059326034239205,-21.964559079741555,-0.06765491915113066,0.1346295210605749,-0.1851239533201919,-0.5512691631670052,0.018203910688812212,0.30386873881278537,1.148934694073861e-05,-3.1414972690903498,-3.3160258122837565e-05
2.7204368114471436,2.9618515488728843,1.3389454089475057,-21.944648882208572,-0.07828305366665955,0.1277952904705912,-0.1807872664797656,-0.5512854681210441,0.01822054424588847,0.3038129183386028,-1.6527687450349463e-05,-3.1414994614401035,-5.0954889082638824e-05
2.730438709259033,2.9071060474771007,0.694538541106819,-22.120324221041155,-0.07368280653437505,0.13303106302185244,-0.1812644453864512,-0.5512728796056011,0.018174503534436056,0.3038276375051483,3.365364701578702e-05,-3.1414242439324886,-0.00012783177109596016
2.740408182144165,3.4855141988116456,1.2270931554667615,-22.132276436925398,-0.06342991824381777,0.13866286011396445,-0.1823136312452365,-0.551283227251818,0.018214313399029295,0.3037605085971814,1.5914879226076138e-05,-3.141476662467292,-0.00018474457416936505
2.7504324913024902,3.1598449646837072,1.2270194012908773,-22.054589755783145,-0.06087280453839209,0.1286934121090252,-0.17725327247477318,-0.5512847639260694,0.018201119022062683,0.30373774333792225,2.0204529595347938e-05,-3.141475256696906,-0.0001803740876589979
2.760462522506714,3.0489169270830816,0.597577715808775,-21.97828953218196,-0.06772270924515439,0.13881898814043017,-0.1876782869073103,-0.551280768778895,0.01820323219260171,0.3036590681500423,4.9586713079370693e-05,-3.141560006883962,-0.00016594843342243064
2.770435333251953,3.3003545464860093,0.9376936055838613,-21.846109756418297,-0.07791134945311477,0.13925961649985155,-0.1861263880857746,-0.5512901204065285,0.018203764105762632,0.30365746305742397,-3.41079337262404e-05,-3.1414660658763403,-0.00010006808062521396
2.7784860134124756,3.298385581919006,1.3156743074754695,-21.9965958420823,-0.07074955713928667,0.13872231005696117,-0.17947498848505722,-0.5512756611670885,0.018201819774215103,0.30359604839636545,5.720420355778383e-05,-3.141478833682645,-9.347618598338459e-05
2.7886595726013184,2.8337157688964534,1.4169131511378137,-22.02574084695566,-0.07340474965076182,0.13237186939430381,-0.18404267980837427,-0.5512737328091147,0.018198453075398337,0.30356799235537685,8.372312747302561e-05,-3.141518810089906,-0.00014466570637599747
2.7984659671783447,3.2707985977987284,1.2132083569483123,-21.882456782346694,-0.07953817926387989,0.14234281527962508,-0.18365540195908184,-0.5512912932377831,0.018205047016970066,0.30355431459207216,7.870624453313605e-05,-3.1414561047667187,-0.00019870859881333835
2.808403968811035,3.2152992264652203,1.1053859841648424,-21.892152137694495,-0.0725594635877975,0.14076849713755282,-0.18242872190506892,-0.5512886124441437,0.01819914768708303,0.3035292848407779,-1.1926234856208268e-05,-3.1414446286038014,-0.00019094050186555016
2.8185536861419678,3.024261911088936,1.0687985501230648,-22.102255651410832,-0.06635073313909225,0.1334003868025519,-0.17624877117667725,-0.5512838932196256,0.018216300440256843,0.303494708258004,-2.4639801505115278e-05,-3.14144882203171,-0.00015979334814851182
2.826420783996582,3.16955444447193,1.3023887359450965,-22.00288022115601,-0.07972359824340164,0.13899362950765148,-0.17939757169396214,-0.5512800060589976,0.01818476013615348,0.30344716714366915,8.821816568222314e-05,-3.1414369327411786,-0.00012231408681978264
2.8364615440368652,3.6217220141136783,1.1281809248362702,-22.03412415760361,-0.07686621911807284,0.1487101973622647,-0.17982819477588421,-0.5512715066867477,0.018193695459365125,0.30340927006701957,1.8133499887655044e-05,-3.141437342278734,-0.00019000782340781216
2.8464763164520264,3.188696465014038,1.1031536906020858,-22.119653464024754,-0.06998614478923085,0.14111871254980268,-0.17483871342134194,-0.551277381505161,0.018230872716917125,0.3033353415451255,-3.951348133785534e-05,-3.1415698092863416,-8.38571597707173e-05
2.8564815521240234,2.9289139300924227,1.2204106160974297,-22.12603737550501,-0.07273554017295612,0.13611783620106901,-0.17446839803932024,-0.5512693794552481,0.0181820410850935,0.30331601331415314,7.590501609000713e-05,-3.1414828932452488,-0.00010242797332706313
2.86444354057312,3.0533954981190403,0.8403402897647493,-22.04865394043828,-0.06708447137507256,0.13229034637821857,-0.18033472100670297,-0.5512871334265351,0.01819648862708418,0.30328432413787926,9.023695526111542e-05,-3.141463332087865,-0.00011772801347927306
2.874437093734741,3.26671812233043,1.1504987309616292,-22.146183021271046,-0.07544950626095065,0.13998541070169807,-0.17999487718002916,-0.5512716704390963,0.018221803452587056,0.3032364325360688,-8.919180706917082e-05,-3.141541016773314,-8.811328301507127e-05
2.8845555782318115,3.1026678169608317,0.8763611053465227,-22.291621810473316,-0.06297860064453231,0.14033890880171943,-0.1786718843127943,-0.5512848620159683,0.01819388155065703,0.3032017248223323,3.2829738342095618e-06,-3.1415155759714555,-0.0001409331291394925
2.8924992084503174,3.1747699333057176,1.0578874237614113,-22.187905938894744,-0.06902287218491161,0.13998681728661447,-0.18088084883764952,-0.5512793938671123,0.018191201362233064,0.30318004448307456,3.609023381784424e-06,-3.141528504146291,-8.042074690896246e-05
2.902423620223999,3.300831848009403,0.9233181126527288,-22.05611719892426,-0.07062591299722462,0.138008156116628,-0.18023125256862593,-0.5512806625471018,0.018193437706026723,0.3031709336491119,-1.4623289260785075e-06,-3.1414042346483724,-0.00010090855632080114
2.9124436378479004,3.376347651549782,0.8693343785831956,-21.833381627221144,-0.06576654686404991,0.13546489511859003,-0.1774706482859188,-0.5512804546719341,0.01821022566483709,0.30313928787283384,3.601913553036042e-05,-3.1414691152603886,-0.00012007328227721587
2.9224045276641846,3.578912878236094,1.1235609327859446,-21.980436020287065,-0.06974871414928828,0.14515444403622269,-0.17644843401391816,-0.551296424735248,0.018179447464683335,0.3030824192683337,0.00011510497689840947,-3.1414659242787266,-6.784609324158482e-05
2.9303977489471436,2.9022642774212803,1.006073482274513,-22.13422193840257,-0.06771195777977419,0.13272997429689581,-0.1778368267399148,-0.551271843234337,0.01818940821852281,0.3030502435145709,-1.929311778053812e-05,-3.1414562681130995,-0.00012440285448215077
2.9383904933929443,3.166180599716812,0.9011627205602922,-22.022015743430877,-0.06808088028658184,0.13244474516961136,-0.17581990672142642,-0.5512790038790917,0.0182070538139575,0.3030007376115634,1.3340969068563909e-05,-3.141512827223352,-9.87904498509428e-05
2.9464166164398193,3.271325717870385,0.9394641193559621,-22.160533741978117,-0.06487757562366347,0.1351984221014278,-0.1773285568937843,-0.5512677724772522,0.0181953475621366,0.3029755986452961,7.843243748776343e-05,-3.1415202963602025,-0.0001425249546095971
2.956456422805786,3.163258726041794,1.1109887956646287,-22.03682261128196,-0.06792326660616499,0.13137577865120453,-0.17767374310588283,-0.5513022882803217,0.01819095595673811,0.3029399479094578,4.874724314157832e-05,-3.141472248399706,-8.250995592220305e-05
2.966524124145508,2.7524115368551407,0.8109732371658458,-22.06673818401883,-0.06639794166761223,0.12661594398293335,-0.17381630355641833,-0.5512905445693322,0.018211564072548855,0.3028842285637852,1.559682620867649e-05,-3.1415460111165894,-6.854699412225129e-05
2.976473331451416,3.0152056257431963,0.9246707047025435,-22.320294726705857,-0.07002008551212464,0.13860435943210314,-0.1820827142166279,-0.5512809417608596,0.01821730604297362,0.3028452337986214,-5.8287250196037634e-05,-3.1415364303417457,9.788618454233221e-07
2.9865951538085938,2.6743892165330316,0.8464653682726935,-22.232091969305504,-0.06435336230347911,0.12577021170174332,-0.16879442412865892,-0.5512937627179709,0.01822046893875477,0.30286151370356523,3.787485753098976e-05,-3.141417636090304,-0.00011246258423142929
2.9944498538970947,3.08065119601944,0.9667591218382536,-22.049363099839564,-0.06708812987115846,0.13954051899903155,-0.17946901456540607,-0.5512815899208657,0.018209481019658122,0.3027745813623036,3.747635512567653e-05,-3.141509643386277,-9.698267637066838e-05
3.004455327987671,3.0961027651753503,0.9514806866373184,-21.98043288706212,-0.06873538912292926,0.13179939087001186,-0.17782432492486097,-0.551290534945058,0.018229112096478737,0.3027665218682283,-3.817937865302416e-05,-3.1414561619775077,-0.00010652860985034588
3.0124032497406006,2.8097643950171305,0.8754063683001798,-21.897439803019136,-0.06131497491369865,0.1252667420615726,-0.17291153944833262,-0.551281590128663,0.01820844992878599,0.30273585362535793,-8.083594954482419e-05,-3.141450548253758,-4.236450325558536e-05
3.020432472229004,3.2840863598328838,0.8756849013895573,-21.976492407409708,-0.06592912946569979,0.1387706408150017,-0.17492467437695008,-0.551283088366776,0.0181788970998841,0.30271230136938865,6.702758664683607e-05,-3.1414161944983237,-0.00011787514861486367
3.0304715633392334,3.06327245056713,1.0446235433053537,-22.000365300326255,-0.06745957001061753,0.13078582101546998,-0.17507753365359388,-0.551299085833364,0.018190387705181898,0.30269532515867076,0.00012080253860167946,-3.1413894918187832,-0.00013497223271677995
3.040501356124878,2.9382038191881708,0.8722644886595601,-22.191426283991596,-0.06266239174910668,0.13110122970041146,-0.17651445490119144,-0.5512739509210263,0.018204943242932918,0.30263989179736445,3.841349477638771e-06,-3.1414493251623874,1.2194145530344305e-05
3.0504519939422607,3.104103369775746,0.8834240487597619,-22.09378909337409,-0.06704090541087769,0.13451734680053481,-0.18123399202842516,-0.551275405895684,0.01820255462358014,0.3025748207862252,6.939515424586488e-05,-3.1414942138871678,-6.744061353998628e-05
3.060469388961792,3.344027866891486,1.004645486758439,-22.08484528443398,-0.07131850266148806,0.13358721467161236,-0.18013004068991376,-0.5512898890670881,0.01820871026548488,0.30254744883983337,4.488203618036695e-05,-3.1414633535191667,-0.00011421545800299907
3.0685245990753174,3.055665640560436,1.0017015857700775,-22.113049436300503,-0.0688459525575104,0.1331032869321651,-0.17375673934634508,-0.551278369547421,0.018223605290436744,0.30253487261608775,2.0325319466137568e-05,-3.141416961392301,-0.00010099557074404192
3.0784497261047363,2.940873842924597,0.9416037373951386,-22.09894359842035,-0.06382472107007063,0.1357678308922283,-0.17435072048999922,-0.5512817650053833,0.018196257392543453,0.3024851317863236,8.41046794359372e-07,-3.1414543231647913,-0.00010324430933227628
3.0885117053985596,2.941775366084817,0.9438465427722832,-21.95763257596392,-0.06710187453826895,0.129057778970442,-0.17069652609222347,-0.5512762553664953,0.018212941000944595,0.30248822906240413,2.0665020611522235e-06,-3.141347279656444,-0.00011861154648578968
3.096391439437866,3.010452552958233,0.9478422742025501,-21.924168002205388,-0.0640874029694734,0.12625549187544036,-0.17672039639691184,-0.5512765841417446,0.018220610032283067,0.3024286745529739,-6.825452809433084e-05,-3.1414005837896637,-0.00014013585636900116
3.104444980621338,3.0688840741808945,1.1618622301980677,-22.027346154827107,-0.07072993407664113,0.1284071453089685,-0.17493444747258682,-0.5513010959028715,0.018222184814657427,0.3023697431534112,-4.759681347817478e-05,-3.1414664447244465,-0.00013838588140014987
3.114449977874756,3.359667527504181,1.1594153645959446,-21.996714222162982,-0.07226780503106518,0.13554743526286972,-0.17655893974793,-0.5512974926720385,0.018205870585540396,0.3023547519087803,7.952295785563574e-05,-3.1414549755434957,-0.0001502124003848919
3.124504327774048,3.070851029678289,1.0812964846182247,-22.109987689152387,-0.0680412295390334,0.1300405129948563,-0.16904127538543787,-0.5512944284990285,0.018191163417017268,0.3023229074766328,0.0001268625117355607,-3.141436710212461,-8.388023845479168e-05
3.132465362548828,2.966587819463471,0.8623405314552219,-22.10040470864853,-0.06260600796131492,0.13165047043852476,-0.17381029183067165,-0.5512730463835414,0.018181686323046904,0.30222730649279117,-0.00010188407100683185,3.141578283932827,6.867655598330635e-05
3.142364978790283,3.0392941100115207,0.817899558915012,-22.17805571112015,-0.06746350810501431,0.1300300791672387,-0.17592296430829138,-0.5512913781735826,0.018199545615109662,0.3022503570430682,-2.4065528643422654e-05,-3.141424992000749,-6.62033133324816e-05
3.152402400970459,2.980265921997954,0.8855765435414722,-22.054615675751887,-0.06735170730918082,0.12771853213172604,-0.17047020165560306,-0.551285414172802,0.018206772194066984,0.3021980042287111,-3.2405735222312737e-06,-3.1414818578096235,-4.032659952378916e-05
3.16044545173645,3.2542410553398056,1.2056499849715754,-21.889365515716772,-0.07273110071837655,0.1315202443183867,-0.17654642706653578,-0.5512851480548688,0.018202821011129397,0.30210389627269674,6.791721570370715e-05,-3.1415487526430086,-5.613551320195097e-05
3.1704537868499756,2.992027497335795,1.239067775777087,-21.996700299988483,-0.07349476683583019,0.12917305715395414,-0.17269687023160538,-0.5512984265242296,0.01821456769756744,0.30212682103687405,-4.065989857215635e-05,-3.141489981051754,-6.536797939456373e-05
3.1805760860443115,3.1574618166747412,0.7895874770346717,-21.967599789081017,-0.06432508892135752,0.13404882336402335,-0.17331954752264125,-0.5513076696945178,0.018198819862762963,0.3021216133611868,1.655163718710685e-05,-3.1414039550103654,-6.207330585277637e-05
3.190507650375366,3.070150781243688,1.0721064785689594,-21.982410485154965,-0.0693461553039316,0.12849326410617204,-0.16775315300554644,-0.5512814162062197,0.01821666786503885,0.302059070753269,6.254601804880016e-05,-3.141467102292318,-0.00011330080995448184
3.2003870010375977,3.1806793417337818,0.6714495312922525,-21.858186261042285,-0.05938275446662369,0.13476085896406195,-0.17682912599069753,-0.5512837803313161,0.01819908146153262,0.3019775269688654,-2.838152814102084e-07,-3.1415485567715966,-7.714787731697926e-06
3.208503484725952,3.212345700113155,0.9644305174305062,-22.078941728651206,-0.06653483027569418,0.1352065684582429,-0.17303289948322967,-0.5512871658749674,0.018210304141668267,0.30194427562248205,3.302750157108056e-05,-3.1415136647613426,3.102228601731339e-05
3.216398000717163,3.2085071274630073,1.0989513751000342,-22.10024811783083,-0.07135674052040988,0.13241008946526728,-0.1785192081386084,-0.551283820744929,0.018212244775836904,0.3018799726945287,-4.550592320271998e-05,3.141568916957151,4.4850514651279674e-05
3.226440906524658,3.34958754011443,1.288656261975222,-21.809604509428006,-0.07184224865338569,0.1366742908579461,-0.1766504248261027,-0.5512844835434393,0.018216231231843842,0.3018721685044137,1.5540773701854954e-05,-3.1415597780777715,1.1188802851754359e-05
3.234457492828369,3.2281539276528384,1.2358875554863953,-21.937219489332346,-0.07094042182822778,0.13577623180500956,-0.17921868890893758,-0.5512886762452236,0.018205837783390848,0.30186073533470076,6.085025912215743e-05,-3.1414956660614886,-8.310388162839887e-05
3.2445366382598877,3.014161343978133,1.094200997656408,-21.8688343612329,-0.06881043803505328,0.13110022243031375,-0.17466867512872497,-0.5512886348519542,0.0181948801238958,0.30182857406695557,3.6279238337574905e-05,-3.141477292827467,-2.4610215966587502e-05
3.2524852752685547,2.8721780248714657,0.8698577317949202,-22.039916322944684,-0.06387182146186575,0.12657427580966563,-0.1719600236666853,-0.5512807068238982,0.018207026101507116,0.3017511471205459,5.594572966257012e-05,-3.141559125022812,-7.567257837676811e-06
3.2604379653930664,3.261256461694184,1.1340892881823885,-21.973422277587524,-0.06873148047839256,0.13237036873420785,-0.16813527975527318,-0.5512802988307607,0.018179533902901876,0.3017449066583775,5.1054756496990325e-05,-3.1415474627962916,-4.6070249266126394e-05
3.2704215049743652,3.057497961941265,1.0562492942244686,-22.005119446307333,-0.07041469967973751,0.1280621442737285,-0.17140561962402506,-0.5512934148915662,0.018224339344412123,0.30170989361339806,-7.14615739000303e-05,-3.1415221506162183,-9.106661775359853e-05
3.280442237854004,2.8878315451286487,0.9894467486476749,-22.237245931020443,-0.06934560416086095,0.12616161653497696,-0.17357476851176878,-0.5512826831477486,0.01821776798103728,0.3017078368140975,-5.056271641394384e-05,-3.141485352558378,-0.0001663395889819503
3.288491725921631,3.3386223157365165,1.0858499523641765,-22.054594140680585,-0.06595015065447543,0.13735721720289917,-0.17733366066216388,-0.55127353682465,0.018191134360961113,0.3016337293122996,6.75585249769901e-05,-3.1415258816174183,-9.364204432092106e-05
3.296452045440674,3.1820951131252553,1.0688260800314469,-22.012771350512566,-0.06668604221110613,0.13135753759987692,-0.17306562392685615,-0.5512791273636792,0.018194928530286522,0.301582458119017,8.839613039913942e-06,-3.1415802161387187,-2.9279827185769126e-05
3.306455135345459,3.1338501856132708,0.8325474161801274,-22.081004026431653,-0.06112031505129337,0.12682749627677492,-0.17445873970907946,-0.5512589412965687,0.018189957530734272,0.30154589527234765,-4.857180147112087e-05,3.141577210450419,6.845572171959883e-05
3.316450357437134,2.9294812473481624,1.108814566241393,-22.0934614634601,-0.0692362799131823,0.12787808846509363,-0.17049547068531862,-0.551278933420829,0.018198777301267715,0.3015610850972562,-4.6509219439504434e-05,-3.1414923113311346,-6.542985038385697e-05
3.326425313949585,3.096742479345509,1.1472246346905721,-21.810757485556053,-0.06831585896536321,0.12369102676376031,-0.17410410585343086,-0.5512976164559953,0.018202644747971442,0.30152313619801596,-1.8024926173522125e-07,-3.141432204576054,-3.317682980253698e-05
3.3364431858062744,3.1355908230358795,1.173214989155072,-21.851259562774512,-0.07089928521871078,0.13211105802663908,-0.1678509370138931,-0.5512885315607392,0.018185468565947903,0.301464672927801,8.17471209206727e-05,-3.1415234516868975,5.7012179712633706e-05
3.344461441040039,2.9383247700765875,0.814026391123098,-22.018473522733604,-0.060385536410949375,0.12363112384837965,-0.1708613264034991,-0.5512864156256311,0.018223639964890955,0.30147629129162906,-7.569501077835873e-05,-3.1414091511810387,-0.00014298062217542028
3.3544838428497314,3.048445636491973,1.1260217288705208,-21.903889363383037,-0.06991620053041366,0.12975620864250748,-0.16794264223854335,-0.5512638994184595,0.018198808356125938,0.30136527170448985,-5.548707055401809e-06,3.141573042620178,3.915347600500099e-05
3.3624465465545654,3.3609029816378926,1.3563674470655194,-22.00144115004762,-0.07253749123112682,0.1342914637677807,-0.17631159531036134,-0.5512750160546789,0.01821697737971535,0.3013210733339467,4.9514105398801246e-05,3.1415863038013767,4.444382720182555e-05
3.370434522628784,2.8631322795640513,0.8342747729247031,-22.23617667394016,-0.06226034105528772,0.12217096418442122,-0.16717584913763675,-0.5512890508374386,0.018208273000372078,0.3013290050280337,-3.455853308687462e-05,-3.1415119043293567,-6.362918431625467e-05
3.380406618118286,3.0162545268621157,0.8995302087275251,-22.039318489855802,-0.06547894829421655,0.1294794022625094,-0.1646771601973781,-0.5512962059742665,0.018224949310829,0.3013260718669185,3.476946570028307e-05,-3.141470186398011,-2.0589814325183655e-05
3.3905153274536133,2.7169549453686344,0.5214039537775566,-22.194948773495152,-0.059325687148833385,0.1246912075952823,-0.1671040872122724,-0.5512904662812281,0.018200021919101875,0.30126990838503687,1.0708680740082896e-05,-3.141472124432241,-4.377334461663235e-05
3.4004640579223633,3.117461058970873,0.8188612269597032,-22.166169009381125,-0.06302566836535749,0.12505581227192003,-0.17427462289250228,-0.5512862023699643,0.018194139682183818,0.3012247961390889,2.5027419552080072e-05,-3.1414996628016723,-7.217919747020653e-05
3.4084110260009766,3.259316943846554,0.6509904523730793,-22.092873886064464,-0.0572976637369677,0.13162061487362237,-0.1651479782985319,-0.551279266566963,0.018198866285284773,0.3011657602226906,2.097382140369074e-05,3.1415926370039067,9.949336411558171e-05
3.416408061981201,2.793742546622914,0.6906413950351895,-21.97073119485256,-0.05969187641895659,0.12258985088731224,-0.16727146891281142,-0.5512891017565664,0.018211158039713092,0.30116606599490425,-1.7789557729288187e-05,-3.141495927800115,-4.655293926873305e-05
3.4244513511657715,3.4288297842328683,1.0955318061044848,-22.079078121045622,-0.067537462813647,0.13742159152738181,-0.1696131825249429,-0.5512729419781769,0.018170680471244927,0.3011041222351545,9.163560236141475e-05,-3.1415719608759516,-9.291363667759305e-05
3.434417486190796,2.9234408695776133,1.1465407344857639,-21.87492113801308,-0.0735581813596371,0.12010472761261479,-0.17178069929919337,-0.5512883741440592,0.01823330700273485,0.3011053014376801,9.706596643206031e-07,-3.141492718577115,-8.055873160514923e-05
3.4445059299468994,3.0866117910597946,0.9058798417014224,-21.941968684044603,-0.06830587659333498,0.12966338455543674,-0.170844708619215,-0.5512921187343455,0.01820767306759935,0.30105435914288425,8.662045468515976e-05,-3.1415079232725134,-8.090894448245754e-05
3.452418327331543,3.1208001704466235,0.8290742864772959,-21.947788033391802,-0.06261999582710025,0.1316541100480011,-0.168339086428998,-0.5512974829129925,0.01820513737091493,0.30103693618754535,-2.5654116099193544e-06,-3.1414827448113996,-0.00010424517188493414
3.4604718685150146,3.3298396671133954,1.1520098982338043,-21.826762170229667,-0.07008507435404301,0.13509074878964922,-0.17315798771502686,-0.5512759521640174,0.018200271487039274,0.3009913741889333,5.266396405442621e-06,-3.1414954894914686,-8.304840776580358e-05
3.4704418182373047,3.1522574616815624,1.111272562865464,-21.880444179743453,-0.0705628370421118,0.1334372818509835,-0.16742619550192686,-0.5512902264164152,0.018194209510456083,0.30095852433943615,0.00012674054055907796,-3.1414703638827564,-4.006922819097026e-05
3.480454206466675,3.362466514195709,1.2494773925519753,-21.962622404768418,-0.07301322617390654,0.13586122786855426,-0.167506390383295,-0.551286125369238,0.018224405626324,0.3009414459515819,-8.267906708755577e-05,-3.1414898228836985,-9.96821284662567e-05
3.4905388355255127,3.2464678734651655,0.8417129219673322,-22.00318932382957,-0.06257372306722697,0.12993549626629852,-0.16865979178717666,-0.5512989152606605,0.018203506043038994,0.30091332546631805,8.941691860602892e-05,-3.1414319763925085,-0.00016689466276855565
3.5004379749298096,3.338388468326941,1.1080509549023183,-22.100401330914536,-0.06906595673075826,0.13327874183824195,-0.17112462578535498,-0.5512830763747542,0.018220065668186094,0.30086625372370157,-2.875517063634624e-05,-3.141452983212729,-0.0001023906501605987
3.5085153579711914,3.128493865181929,0.9122868409573339,-21.946544951236536,-0.0661544114176109,0.1307429001812805,-0.16762848672709837,-0.5512956070835118,0.018203811897300904,0.30079686858103155,1.4977211525223954e-05,-3.141486968413356,-2.2663759666115867e-05
3.5164337158203125,3.2653413857463796,1.231995934117596,-22.001889056244746,-0.07501940155760535,0.1345975053404066,-0.17276915180006822,-0.5512911671796447,0.018214522667547712,0.30077927828932927,-2.733484580571653e-05,-3.1414905414262373,-1.3579942106491747e-06
3.5244507789611816,3.42538836862042,0.9697354727640092,-22.016583571877543,-0.06829597899757081,0.1334605289686289,-0.166284499500259,-0.5512797609954804,0.018203653455998826,0.30072001813375354,-1.0468203582974862e-05,3.141588585386125,4.382520406958048e-05
3.5344395637512207,2.9851802596787516,1.281211784899372,-21.906608657460062,-0.07371066427482578,0.1253610545524373,-0.1675417663043926,-0.5512937384577256,0.018215257434061508,0.3007067684704541,8.829295158469489e-05,-3.1414971132093883,-0.00010558258001558899
3.5444490909576416,3.3049695763562874,1.372302031009552,-21.730014195593473,-0.07332842641358743,0.13412997833953813,-0.16954822795822855,-0.5512903040766397,0.01818669945719708,0.3006892220641303,9.700680214193007e-05,-3.1414863823741275,-3.611559234383668e-05
3.5544490814208984,3.1311107695028753,1.052912269899384,-21.83642761593181,-0.06595798950875754,0.12471985357084578,-0.17143096552640325,-0.5512792620074397,0.018213005085332,0.30063104058998147,-3.1592379793551926e-05,-3.141535403636892,-8.282838762097987e-05
3.5624423027038574,3.1623116355408314,1.0896731004175428,-21.795631017356616,-0.06861069427056034,0.12415015975978498,-0.1703117131437674,-0.5512773399193538,0.018234307347305537,0.300599197622413,-6.178783532846877e-05,-3.141489500685043,-6.060917464630147e-05
3.572456121444702,3.1388690813607996,1.1369650494778758,-21.87134113578461,-0.06464970291508831,0.131914134376959,-0.1682926939333748,-0.5512870502351085,0.018195634715456238,0.3005760751884091,4.0738082418232e-05,-3.141464104583164,1.1721859293915755e-05
3.5824618339538574,3.2242261116700854,1.0795470554233093,-21.82604158785779,-0.06727361080512494,0.13650551982934594,-0.17293592002109948,-0.5512992463040497,0.01819016126340141,0.3005253903329062,6.700846029818384e-05,-3.141506187004914,-0.00011376444300140278
3.592571973800659,2.963840457869243,1.1484127278739613,-21.916906722940656,-0.07127244066276309,0.12690815767071661,-0.16779515032683273,-0.5512910284163375,0.01821342655233964,0.30047790422280407,3.6835368009303026e-05,-3.1415670070712007,-0.00013988464095473843
3.6024458408355713,3.1559741894904607,1.1563410519132413,-21.850996599009193,-0.07036003427239515,0.12676505461258408,-0.17149964261741507,-0.5512977260139962,0.018205443288463873,0.3004637536278827,0.00012875991740239493,-3.1414769931124176,-0.0001304276849822186
3.61044979095459,3.340061853554983,1.0177484433465485,-21.831767202328265,-0.06806366914801747,0.1341137729234264,-0.17573455812584227,-0.5512731293652411,0.018198823908838375,0.3003998163465483,1.8993305264395927e-05,-3.1415222293174137,-4.324844858424287e-05
3.620450496673584,3.417149553569962,1.2056418825895863,-21.823401657718637,-0.0694700305834786,0.13840090400393124,-0.17178468417499948,-0.551291738994913,0.018202953941711373,0.3003827816445294,5.160369406716127e-05,-3.1415115592597522,-6.728037363577264e-05
3.6305489540100098,3.119137272753433,1.2609071036832367,-21.898735275417582,-0.07410106345858296,0.12596441212512002,-0.1755063910030725,-0.5512944606725045,0.018196334188698746,0.30035597942996917,1.4644296131717745e-05,-3.1414554296562485,-5.2771765956737496e-05
3.6385414600372314,3.100253881151369,0.9941273376757207,-21.85926559083822,-0.06532692138412009,0.1266070639493803,-0.16325934612112328,-0.5512882130684523,0.018223593119050394,0.3003219090226655,-4.93430497039154e-05,-3.141498181863418,-9.485129936353982e-05
3.6485178470611572,2.896063135938126,1.1022801157537763,-21.839573181777727,-0.06635536263408846,0.1264858185726489,-0.17140807191093824,-0.5512856675696806,0.01818821236299931,0.3002715263688605,5.43399663162511e-05,-3.14150598308187,-4.86387422528619e-05
3.6564481258392334,2.853414474959641,1.2748838294826252,-21.874552863112335,-0.07040644750222774,0.12223930217788041,-0.17082977975551256,-0.5512883208675766,0.018198634219163116,0.3002737887585863,-1.880619172756021e-06,-3.14144744200643,-0.00012353706290220916
3.6665172576904297,3.532162865391972,1.2313481851028911,-22.046779139528113,-0.07078153500687814,0.1328235184728034,-0.17348177319350513,-0.5512838665979566,0.018193601689440047,0.3002109840414234,0.0001205843184572929,-3.1414736694793888,-5.4238049948531386e-05
3.6765217781066895,3.5297109500053288,1.0775202459158588,-22.03885527602985,-0.06693742076260475,0.13484615393958274,-0.17321586887906604,-0.5512767392753001,0.01822776779410772,0.30018451788331924,-1.3310907329791633e-05,-3.141523805232129,-0.00010094263979378827
3.686467409133911,3.4351429005118326,0.8814026573558312,-22.1972402005253,-0.06269508551377091,0.13345627240183439,-0.17158663551930148,-0.5512813536705561,0.018219790406594733,0.3001160688715304,-2.5854334914191354e-05,-3.141568740577975,-1.0898852572094725e-05
3.696563720703125,3.021798601762323,1.1618957980656723,-22.131658019911768,-0.06907295079781262,0.12508467487010239,-0.16969583767898233,-0.5512684495092252,0.018193341354038047,0.3000890922630911,1.3642903070019871e-05,-3.1415236716556305,-2.564203117985368e-05
3.704439163208008,3.399159222283809,1.1144903833875386,-22.186746714499044,-0.06667482020957204,0.13124223812265057,-0.1635801296647376,-0.5512913904855781,0.018198608386954373,0.3000564856010421,5.9830180478805825e-05,-3.1414707784016165,-6.81089224576528e-05
3.714475631713867,3.2515394219417804,1.070662106723833,-22.134065968572752,-0.06917298090190585,0.1338113065685314,-0.17170859579013498,-0.5512855138244828,0.01819345255181068,0.3000210032192613,0.0001703901494968565,-3.141500121516506,-9.26428194693946e-07
3.7244513034820557,3.1761967772051842,1.012227149463896,-22.138362887967357,-0.06673722065034747,0.12748157181227965,-0.16609612776348093,-0.5512920313765433,0.018208081547562777,0.3000192589536079,-1.0668557701119949e-05,-3.141428087621292,-9.341560068438281e-05
3.7345001697540283,3.0763079624504686,0.985249474892772,-22.022114916182502,-0.06719240052131634,0.12909396644580798,-0.17471663706781923,-0.5512846158051465,0.01821683895851635,0.29994300142317537,-6.856741041105282e-05,-3.141538197630993,-3.667679720621993e-05
3.7444777488708496,3.2513962658112314,1.3159701039761267,-22.091035037463858,-0.07342606581399605,0.1289905133740049,-0.1683457083958237,-0.5513154305484489,0.018184894484243968,0.29995928281488965,6.887129369432976e-05,-3.1413888969269137,-6.873873342375191e-05
3.7524683475494385,3.0808038598049587,1.2542139144595235,-22.015736056847796,-0.06973383461743023,0.12709672069176495,-0.16794235224026516,-0.5512853641366824,0.018197816562782448,0.2999218469582406,0.00012899814943556924,-3.141406217013322,-7.983703303316476e-05
3.762528896331787,3.150076284920254,1.093262531090562,-21.923753864868985,-0.0680898568859843,0.12802128851334002,-0.17166824874097744,-0.5513072053758437,0.01820948625355484,0.2998987371616695,-5.58565308323315e-06,-3.141357477571288,-0.0001213657963316411
3.7704684734344482,3.207865814252087,1.2858892270846487,-21.96487053974603,-0.0758814693397796,0.1294785958629143,-0.1694843089477867,-0.5512981199184246,0.018222304796875748,0.29985952983051567,-9.46830462999762e-05,-3.1413792491013997,-0.00013836647269102346
3.7804698944091797,3.3754408137422836,1.3049792200820725,-22.013078451965946,-0.07382515127531283,0.1274147859340517,-0.1662834084106123,-0.551290169704182,0.01818908495092625,0.2998012537551775,8.598065390565881e-05,-3.141488207574373,-0.00010417347932377596
3.790449380874634,2.9558795236469892,1.056217287341094,-22.079213829476586,-0.06517482717997693,0.12626689993959292,-0.16518809401969195,-0.5513039066602762,0.018211384709441784,0.2997476441521063,9.29044146550405e-05,-3.1414361461158293,-5.9559497033249265e-05
3.8004369735717773,2.938754464195322,1.321820068839358,-21.917132681761036,-0.07094897948746269,0.12344888702644885,-0.16830070086037732,-0.5512869546888679,0.018202846185373513,0.2997580401353786,2.3235449764424055e-05,-3.1413773475579996,-0.00017111901659071704
3.8104546070098877,3.0763069981902995,1.3362272146939298,-21.854923730104915,-0.07091610243448114,0.12848925504276662,-0.16678303382378848,-0.551293818553716,0.01820337154376155,0.29968221586958643,6.368921635756367e-05,-3.1414479993348805,-5.0977767123441874e-05
3.818571090698242,3.308152500561356,0.9891868659899257,-21.74589883093219,-0.0637357771368654,0.12937639137602494,-0.1651332176319547,-0.5512892347248862,0.018194256673466403,0.29966178471143257,-8.461022066766041e-07,-3.1414377367162474,-3.805508953171961e-05
3.826453685760498,3.1548161194383146,1.2327731162424407,-21.776956833388198,-0.07041937402502171,0.12730923909600178,-0.16843498497069812,-0.5512904277591317,0.01819288752566674,0.2996307436080635,3.223719055891895e-05,-3.1414267958713666,-5.48902705736461e-05
3.834434986114502,3.492798759912451,1.2493908796868196,-21.764356360241923,-0.0718002353383175,0.1337159371655912,-0.16494035017621145,-0.5512959364352077,0.01820234613169723,0.2995682261526346,5.2316093742986e-05,-3.141505726428872,-0.00010711395978148286
3.8444650173187256,3.547118255553148,1.1626469749050572,-22.08083577438288,-0.06894733667415462,0.13264036238940605,-0.1712244851051519,-0.5512871801365034,0.01818567545399767,0.29956607498704224,0.00012456881363582408,-3.141420576285023,-0.00010336031634275761
3.85459566116333,3.5506855773494257,1.3402295443659156,-21.812677485175225,-0.06944127160025244,0.1309270698282489,-0.17316100938325085,-0.551282653722155,0.01822339005141532,0.2994666534916942,-0.00010154225323752182,-3.141545344601018,-1.9611135681243346e-05
3.862454414367676,3.177227140447347,1.1083641085679046,-21.896231971936775,-0.06893520627847599,0.12256224611716433,-0.16935369251368457,-0.551297275277857,0.01819198204953753,0.299488990505015,6.025362234200652e-05,-3.141434916338794,-0.00011542717045254085
3.8724308013916016,3.1997834459123795,0.993623468663958,-22.101468956023293,-0.06944525703934296,0.13434246757563936,-0.17026334408775834,-0.5513011705331565,0.018200742787442777,0.299441606012563,8.832213417120607e-05,-3.1414311407782645,-9.69882720438398e-05
3.8804378509521484,3.272788164879678,1.2237971924943396,-21.958095134112636,-0.06991953632692548,0.13234082644480583,-0.1599777220134017,-0.5512774393590809,0.018199054441695655,0.29937463811084164,-3.603134102220274e-05,-3.141519744191069,-6.376855726660836e-05
3.888521194458008,3.184075149518211,1.1183401794870913,-21.99529001836816,-0.06997881910587296,0.13137647380407863,-0.16463892078712034,-0.5512935295085888,0.018202008762122458,0.2993672027777066,4.385888303058847e-05,-3.1414833982248145,-9.225182424202489e-05
3.8965914249420166,2.9947733222779793,1.2929976978500761,-21.998520322612514,-0.07310546954197925,0.12408705827849759,-0.16912558306644865,-0.5513023754572564,0.01819970441697545,0.29932672413616374,6.453357075448019e-05,-3.1415191886968525,-7.592660695111443e-05
3.90447735786438,3.2754990110658886,1.000416228049952,-22.05869229456468,-0.06504219415025107,0.12781309413979525,-0.16499658914652363,-0.5513076626956624,0.018209902993426827,0.2993297553009578,4.083168199079508e-05,-3.141358884400242,-0.00010706381376790578
3.914461612701416,3.365705681900364,1.2928960005665424,-21.812310069503823,-0.07083725445222716,0.13057863953622875,-0.17050050617000045,-0.5512908755659864,0.018207871132419406,0.2993134390290858,4.1217439755176584e-05,-3.1413716277870103,-0.0001081021500654717
3.9224369525909424,3.3748166761014278,1.4027432528194124,-21.950276919240086,-0.0717245345025198,0.13849242566691733,-0.17171576909229372,-0.551299719013499,0.018211608235165405,0.299248144879445,1.5554422539641453e-05,-3.1414499758843903,-9.286608109178155e-05
3.9305152893066406,3.279169198679314,1.0238985702812067,-21.954029520696135,-0.06619530391752149,0.12833131926333474,-0.16916066342424393,-0.5512925729948018,0.018197406310020297,0.29922958094276003,0.00010008118265668733,-3.1414419590658555,-0.00012331735478313311
3.9404385089874268,3.3601414192346652,1.1004470358238334,-22.036190637181274,-0.06737995048077905,0.12680011491235157,-0.1676872043470105,-0.5512957710893323,0.01821280437579567,0.2991630184808384,0.00010084243181612357,-3.1415002933870717,-4.217582979210277e-05
3.950453042984009,3.1925952753902314,1.1562830676297449,-21.906787673758632,-0.06507336075108287,0.12478888452568311,-0.16798181677804197,-0.5512921486143745,0.01821241664329859,0.29913199295958426,-3.288278001538976e-05,-3.1414748442436955,-6.53749306905384e-05
3.9584689140319824,3.3989381611337577,1.3033170292413156,-21.934954580240817,-0.07074734912858234,0.13000006100722522,-0.16616667708711325,-0.5513010529370733,0.01820884674722542,0.29912563873165054,-1.6245729267034943e-07,-3.141444261073885,-0.00012551306883622248
3.966444492340088,3.1352781436629757,1.095912307967459,-21.886259330305702,-0.07012405580373163,0.1276767711442451,-0.16524872843256172,-0.5512945422428351,0.018214504254788617,0.29909908962461573,-3.804606465524624e-05,-3.1414058881088764,-8.289105804233413e-05
3.9766552448272705,3.193047179002423,1.2020475480614556,-22.040627256067445,-0.07305294278216927,0.1257278580819319,-0.17287957841874535,-0.551327820777066,0.018192780428482956,0.29906996714574746,0.00016745805487882392,-3.1413512073451177,-8.035010273462827e-05
3.984520673751831,3.275886075041014,0.9438128263842589,-21.96455045086765,-0.06451701889416689,0.12807822882669198,-0.1659141860564528,-0.5512912067127215,0.018208999533325835,0.2989767772406094,-5.902055728497813e-06,-3.1415286335703576,-2.537489658285741e-05
3.992443799972534,3.080381863804433,1.1923152223627331,-21.931627907980758,-0.0681420270681574,0.12490808476029436,-0.1626113918308473,-0.5512913186581804,0.018221276074364925,0.2989950838510011,-6.116293850489864e-05,-3.141411160459112,-2.5354663829502372e-05
4.0006232261657715,3.4629408746084582,1.2236779854809392,-21.87154453040895,-0.07119177981776327,0.12946161412578802,-0.16948639747581412,-0.551295017546189,0.01818738752254286,0.29895002763337825,7.35889825998882e-05,-3.141443098126413,-3.0068442878970958e-05
4.008471250534058,3.029732662387081,1.0249903046904874,-21.982933809685672,-0.06462730889292807,0.12305619887376312,-0.1657952665229692,-0.5512842384932366,0.018207587468009358,0.2989090565975965,9.960022607047122e-06,-3.1414712605607527,-6.366944821856776e-05
4.016488313674927,3.0932297267098527,1.252266712196994,-21.914959000870866,-0.07121783863114892,0.1197763510913003,-0.1639078218100707,-0.5513078491201433,0.018202428429704473,0.2989030936467706,5.6359467111950106e-05,-3.141415726616653,-0.00015669603289581176
4.024470090866089,3.3837118897448044,1.0335294661449537,-21.79887147412873,-0.06717137796909539,0.12901307163331646,-0.15871766186723563,-0.5512900589182693,0.018220857283518604,0.29885266933092547,-6.838032196199661e-06,-3.1414724347112783,-9.095894964368442e-07
4.0324013233184814,3.2290790095201016,1.2171279637684718,-21.97228925834721,-0.07310989594809443,0.12960843410155679,-0.16363603318399458,-0.551281358677618,0.018195271906594455,0.2988158991433786,6.408804895902955e-05,-3.141515778168952,-4.4984171165986856e-05
4.040557146072388,3.1040948502768764,1.426068228776159,-21.97746936677528,-0.07355529874141026,0.11991666663635205,-0.16963130742353938,-0.5512988508257793,0.018207099276524433,0.298806257079842,-3.1145482944344455e-05,-3.1414083264529977,-9.78097953035275e-05
4.050378084182739,3.476721132665939,1.2929420813332602,-21.994507708762267,-0.07208711209672994,0.13326662728936298,-0.16444420996603581,-0.5512849302693419,0.018216983310785067,0.2987863442591474,5.272377949345981e-05,-3.141462828775527,-0.00011230079483006321
4.060465097427368,3.043101614004015,1.1180975995370155,-22.016980376260143,-0.06689760797752489,0.12566256942729395,-0.16285645637652518,-0.5513036007304652,0.018210047304347225,0.29874459869768877,6.053473359576661e-05,-3.141441652555349,-0.00010947891949983424
4.07055401802063,3.1592742228934583,1.0229297533949921,-21.945088532077737,-0.06562833452603926,0.12728875608301837,-0.1559212363109942,-0.5513099397578163,0.018199378961298307,0.2986887758367975,5.4069990681161455e-05,-3.1414601945879785,-8.573518610501431e-05
4.080467939376831,3.432690922958222,1.4354891383373625,-21.790579521337392,-0.0782408393098274,0.13372263617611865,-0.16267845211913443,-0.5513065825285107,0.018225198033439315,0.2986836915020813,-2.818258710242235e-05,-3.14140200746159,-0.00013777715462618786
4.088395833969116,3.512675871389149,1.233766934778784,-21.89386212658489,-0.07130460783978916,0.1357772217337978,-0.1640071288832614,-0.5513027938685559,0.018225140966753282,0.298626842401915,-3.390323699669376e-05,-3.1414382162677614,-0.0001769662130007857
4.098546743392944,3.207686262754924,0.9010894692580457,-21.994046824751017,-0.06025527436989782,0.12477426501569512,-0.15602195806592314,-0.5512933935656363,0.018191794205175908,0.2986066473780651,7.006389866965576e-05,-3.1414203373187184,-6.234176547491427e-05
4.1084678173065186,3.028994444943631,1.4734592026231765,-21.82998551140363,-0.07094018798823266,0.12130132643931937,-0.162522830830502,-0.5513019534106547,0.018204128825736576,0.2985783918979383,4.5465061394700595e-05,-3.1414118282315147,-0.0001855556930078677
4.118442058563232,2.910763986982151,1.4377924758044478,-22.003622483048527,-0.07244914285729712,0.12289642508269535,-0.15861140268299972,-0.5512839310096663,0.01819876206544579,0.29852219013063225,4.483819100625953e-05,-3.141458151781074,-0.00012528568243721318
4.128424644470215,3.5874528337611564,1.4313143792944338,-21.787951919540724,-0.07511811458177381,0.13102562294450312,-0.16889802790802155,-0.5513141414387884,0.01821437135237514,0.29846986836736183,7.20474845006391e-05,-3.141457431673282,-0.0001320426907243409
4.13846492767334,3.2433064551197557,1.4120292150765716,-21.98461893413248,-0.07719200748116369,0.13331790111461458,-0.17006351476522452,-0.5512942103814767,0.018203176516389873,0.29845475007296435,4.080708238956193e-05,-3.141477635105878,-7.453865257436452e-05
4.148463726043701,3.186415014861052,1.332035394790511,-21.852612517020752,-0.07289773515471237,0.12637834205269227,-0.16354418535341136,-0.5512840574702478,0.018208949311615364,0.2983943655021356,6.1888562191178e-05,-3.141465079802684,-3.94617318094998e-05
4.158449649810791,3.1883040753790617,1.4987854994682617,-21.921200710120562,-0.0716074311703206,0.12275753976652484,-0.1636791824043667,-0.5513041252016859,0.018216766158210593,0.29837920337196644,-7.624258172378891e-06,-3.1414108835773127,-9.751165888767e-05
4.168539047241211,3.2128787891363872,1.6351668153439733,-21.863671386880586,-0.07735089424862208,0.12408906397198546,-0.16287547958643503,-0.5513118434986995,0.018219262782068146,0.2983880536117684,5.024160512503194e-05,-3.1413183167451217,-0.00021166738526115218
4.176514625549316,3.0904129934137257,1.3061111258723974,-21.800234288087708,-0.07526472887079981,0.12243553199848392,-0.16532661649115737,-0.5513000847762485,0.01819168417691842,0.2982876198135355,0.00012177499524508756,-3.1414858490894124,-7.78508523729688e-05
4.186450004577637,3.3047970366542656,1.2861018812796283,-21.837588242640695,-0.07162849762283918,0.13127416460897118,-0.16720906873998131,-0.5513019257441669,0.018206381703455295,0.29828045637463113,2.0122824570178703e-05,-3.141425249632611,-0.00015817969708472717
4.196444272994995,3.179280285813252,0.9145980784854271,-21.9342369304993,-0.06369283390349062,0.12326771069665664,-0.16476578552610413,-0.5512888256759312,0.018191865908174152,0.2982150464150614,7.554349009981931e-06,-3.1414797917332393,-7.005378515533826e-05
4.204473495483398,3.4241987533776728,1.4307665936092575,-21.737499564979245,-0.07038915044169121,0.12891204952854016,-0.16590000692506562,-0.5512985917814159,0.01820057645695792,0.2981980318228543,2.183968203649914e-05,-3.1414338756336497,-4.2672069023248855e-05
4.214396238327026,3.3524895245489357,1.298568574726208,-21.90900568437314,-0.06813730251561372,0.12676138495971107,-0.16632270697239068,-0.5513062248602753,0.01819945183713969,0.2981528740291971,2.9611552027714754e-05,-3.1414380758186295,-9.466824814680876e-05
4.22244930267334,3.4937862223680383,1.1513585654611485,-21.905959859797672,-0.0664201532872789,0.13481297327898065,-0.1662691662088284,-0.5512933394173275,0.018197952476924652,0.29815349907403954,4.7364715040352926e-05,-3.1413977334457903,-7.271941033489157e-05
4.232475519180298,3.448389202429989,1.2913058207491503,-21.83073526480505,-0.07145793005540285,0.1345856001873436,-0.16882093049872934,-0.5513038342538445,0.01819881431735144,0.2980959310700712,0.0001200194334863631,-3.1414412472355093,-5.819771565366612e-05
4.240440130233765,3.4932092658756946,1.185504607739741,-21.909226070980996,-0.07203403380919109,0.12829431491627658,-0.1673591915220912,-0.5512956132579926,0.018249431689274155,0.2980407142439929,-6.465811127776862e-05,-3.141462933521234,-2.7561629922591176e-05
4.250437498092651,3.228428398743569,1.2738543417393462,-21.834436331767844,-0.07028046809402326,0.12896074611915104,-0.16457875430826963,-0.5513166124848238,0.018197051059524096,0.2980086645318871,0.00021974261952392867,-3.1414073023507374,-6.654194916633303e-05
4.260408163070679,3.325352226777794,1.4206440216003244,-21.80778063557609,-0.07015435101440577,0.12499124249985451,-0.16104616232521035,-0.5513044073652387,0.018211530848336155,0.29797638050603076,8.262210878368046e-06,-3.14143912334053,-5.194914046999944e-05
4.2683961391448975,3.5157916120067485,1.1711988236168327,-21.91395166743793,-0.06950414901279174,0.13081475452610672,-0.16293248073140054,-0.5513037929068166,0.018203244511768066,0.29794824863734237,2.240250869263177e-06,-3.1414327170473344,-3.257111740096401e-05
4.276448488235474,3.212886624887319,1.3046924561238111,-21.969200328110226,-0.07080691890623846,0.12276853628328463,-0.16732945544161051,-0.551304875849298,0.018215641833234014,0.2979369107455764,-1.5555391338126143e-05,-3.141378671788409,-6.871354882097662e-05
4.286428928375244,3.314729991542199,1.5743661896896846,-21.804443553169133,-0.07635012007053897,0.12575455588407938,-0.16149746802266407,-0.5513110144289309,0.018165648617598285,0.29787310399496014,0.00016987070374599613,-3.14146580144086,-3.869394302579413e-05
4.2944958209991455,3.459465936953231,1.298481621246852,-21.845510822067745,-0.07358404219442774,0.12981777213066012,-0.16269619274121674,-0.5513035756447336,0.018181287426033248,0.29781934909663876,0.00011852753296267258,-3.1414893366787684,-5.471696305737919e-05
4.302554607391357,3.401436995387776,1.3728771330211873,-21.72876415907392,-0.07113565686817894,0.12590510458693824,-0.16550001794660107,-0.5513145963685797,0.01819497706392908,0.2978339346840418,7.497472830755904e-05,-3.1413949412257667,-5.463882938431857e-05
4.310517072677612,3.6028541441167414,1.5635442359767509,-21.773624200673137,-0.0770497873652657,0.13019213024728038,-0.17016715384077394,-0.5512864723894438,0.01820198841480009,0.29779523374329114,6.479157155776575e-05,-3.1414025196678885,-4.355918920043181e-05
4.320490837097168,3.285698142984352,1.2272955901777856,-21.822829879547466,-0.07087209901639491,0.1261595764060777,-0.16143512960619463,-0.551310723712843,0.018199061164568774,0.2977678039165857,7.654463081826301e-05,-3.141402619384641,-9.772282186335071e-05
4.328416109085083,3.505716747976857,1.1069320801831442,-21.700958118857486,-0.06623784793079925,0.13743613980050953,-0.16107586620464198,-0.5513097801462037,0.018221366571650466,0.2977585686818083,-9.41659116203163e-05,-3.1413465280828206,-5.308784978947089e-05
4.336395025253296,3.095262271454946,1.4735476809083217,-21.978300601585577,-0.0778307859018561,0.12469992470243228,-0.16165560737026766,-0.5512963946529064,0.018215176752776095,0.2976912167990815,3.4034700649041904e-05,-3.1414321391848734,-0.0001589659367055014
4.344459772109985,3.4484707535665877,1.3359719437055482,-21.794727939756843,-0.07020270184924464,0.1349689914185233,-0.1601415018464502,-0.5512951265627835,0.018177746751297883,0.29768695478171003,0.0001241206839904823,-3.141406267827761,-1.3134162676639688e-05
4.3544602394104,2.921820590627009,1.0743006958158525,-21.95538971606611,-0.06729662653451267,0.11912528640621749,-0.15606162932767018,-0.5513107357903426,0.018214334039643034,0.2976525039534422,1.4860231090484918e-05,-3.1414054698175797,-0.000123573148574185
4.362564563751221,3.521590408446282,1.459651187567734,-21.804803139366033,-0.07476353545349895,0.12928920865261284,-0.1653765993586363,-0.5513025670433784,0.01818399109889612,0.2975767792766034,0.00010602303975815824,-3.141448751914257,-6.207243136318923e-05
4.372426986694336,3.3846642518881307,1.153690106909484,-21.6078829526382,-0.06510379829135227,0.12952742668826328,-0.1626923172990752,-0.5513104372886635,0.018184657472336323,0.2975727514206642,9.468306087281113e-05,-3.141390477211414,-2.6309866046831964e-05
4.3804404735565186,3.4488098513691696,1.344076607598948,-21.807179893718292,-0.06800545223707989,0.13073249204873835,-0.16028660398230174,-0.5513031010904945,0.01821452313371274,0.29755275494984823,0.0001096768962545148,-3.141388949138166,-0.0001807143407460305
4.388450384140015,3.256110143680469,1.5011760806923549,-21.70060349384838,-0.07849308119411615,0.1239608163490322,-0.16426255133449938,-0.5513038742882214,0.018198972052345302,0.2974899685402211,0.00010232635299568486,-3.1414248363811796,-5.114513655008875e-05
4.396408319473267,3.051288982653561,1.2402970043008483,-21.79610118420215,-0.0735166767886365,0.11780697437276659,-0.16457109813962512,-0.5512969804976878,0.018206242888327784,0.2974716246504925,7.193288386148011e-05,-3.1413868943863386,-0.00014848894018970534
4.406502723693848,3.457256840424755,1.5961671303455278,-21.67593431721639,-0.07569752493249457,0.1372270346783993,-0.16512103817747303,-0.5513070478913946,0.018197407088767457,0.29743095343903336,9.126833931700896e-05,-3.141404101386874,-9.912627986377896e-05
4.416510343551636,3.193056308556148,1.5131524131984588,-21.564681733745694,-0.0772003613171142,0.12418949298576348,-0.1596120579538749,-0.5513045351258933,0.018195668151848872,0.2973835018635045,0.00011131178806818897,-3.141449811575231,-6.346771560386456e-05
4.424449920654297,2.9195622670046637,0.8867597381399589,-21.785357783229383,-0.06318375736338251,0.12256695999216376,-0.15547896066800815,-0.5513094007367939,0.01820584920083026,0.2973531441655008,7.319387310112829e-05,-3.1414321088669084,-3.119033512339225e-05
4.432474613189697,3.225618282983591,1.13569510402983,-21.77503851898919,-0.06833963900660679,0.12595086174714176,-0.15689373636136705,-0.5512955305658235,0.018213501378168333,0.29733104484028977,1.1830034189896596e-05,-3.1414292012440326,-0.00012075695780423078
4.44045615196228,3.4816420092159692,1.3648601649554128,-21.911096012640076,-0.07493558355530598,0.12645708693994054,-0.15834582621859308,-0.551305652903514,0.01821749608564969,0.29727585496082776,-3.423346170555273e-05,-3.1414338140041,-9.152391469822862e-05
4.450519561767578,3.384769144808412,0.9419662785484125,-21.870139309060434,-0.06100060949166784,0.1344210934782671,-0.16369343343636023,-0.5513140290276828,0.01820277147389872,0.2972691397979536,8.814988717275858e-05,-3.1414137967578646,-7.77471041728676e-05
4.4604692459106445,3.008159769706753,1.4148360448386519,-21.82172360582346,-0.07224656954529103,0.12070285800124354,-0.1567538764042401,-0.5513129491785065,0.01823081092828063,0.2972447305217087,-1.7800941339821544e-05,-3.1413742921151147,-0.00016328724849357025
4.468432188034058,3.1898214850846704,1.113223011626388,-21.956125926897084,-0.06684488030334104,0.12585387417297772,-0.1563768443608671,-0.5513054356905341,0.018204526162115427,0.2971411718778512,0.00010423942019872757,-3.1415212641227463,-6.964140590183372e-05
4.476419925689697,2.9443422845497675,1.536085106099691,-21.747520047072797,-0.07925930321622071,0.11894977129796902,-0.16019412715474582,-0.551318478790565,0.018202996507522613,0.2971626305032173,4.024722111305746e-05,-3.141363601963172,-5.867927097275026e-05
4.484431028366089,3.2560022264502524,1.594556576660524,-21.750634282768054,-0.07930707874895512,0.12828301383438623,-0.165208974739942,-0.5513074153016042,0.01819971960592417,0.29714274139417907,4.050419372910508e-05,-3.1414012187295666,-0.00014519346055819475
4.492427587509155,3.0764022715585977,1.4424141421250036,-21.955977204094822,-0.07707038429454505,0.12293000905520672,-0.1580991694660805,-0.5512934885044664,0.018172135498690522,0.29707743243554996,9.915001837578787e-05,-3.1414440812520392,-2.3034411260889407e-06
4.500384092330933,3.092864962217068,1.1054959838212457,-21.990570562018167,-0.072055556220367,0.11950305962504362,-0.1646829944562491,-0.5513051395871013,0.01820245817936271,0.2970773950989519,0.00011943385732821328,-3.1413848140975618,-0.0001709193332753159
4.508416652679443,2.5861629092253358,0.9376736402991424,-22.024026053696435,-0.06272416993211342,0.1153771663303938,-0.15634266527845844,-0.5512982941532405,0.01820300338760515,0.2970126501956179,3.0819497924164564e-05,-3.141466335770897,-7.016066242732411e-05
4.518454551696777,3.0397704886477293,0.877657346172535,-21.965175338848866,-0.06054349534384434,0.12109609617748764,-0.16105351642642704,-0.5513247576523223,0.0182211858006897,0.2970158198195719,1.7988967470577238e-05,-3.1413857007973633,-9.428873900671581e-05
4.5285117626190186,3.4875141611971148,1.1279547439297188,-21.774979929076274,-0.0648123496947567,0.1315162657562681,-0.15844645460197332,-0.551318875792552,0.01821771481065722,0.2969847352343751,1.9055977439391313e-05,-3.141363718374904,-0.00011516213518141808
4.536514043807983,3.253634023741212,1.372870939082834,-21.910440222824512,-0.07290028187825148,0.11594220628581453,-0.16722950959567587,-0.5513096695071688,0.018209177687428024,0.2969311202090943,1.9791303105295458e-05,-3.1414079672907085,-4.110962387036938e-05
4.546549558639526,3.401594042984973,1.1863922067516233,-21.73200215280042,-0.06753356827319709,0.12674422906764468,-0.16234173226711307,-0.5513011136309213,0.01818558038271167,0.296889453825959,0.00011539270526615869,-3.141462926367087,-7.298413146322804e-05
4.554567098617554,2.949360328602383,1.0427986846125155,-21.928250694848792,-0.06501238787034093,0.11505911318552256,-0.16121249981394173,-0.5513200317725545,0.018239825974665988,0.2968949690260353,-0.0001194187301074515,-3.141343611847957,-0.00011105667069415342
4.564555883407593,3.05237465434746,1.29727976147659,-21.82109207552917,-0.07439560042948261,0.11857282816532502,-0.15286807972414848,-0.5513023084591654,0.018202225552424647,0.29682272423215084,5.384360474204861e-05,-3.141471489393908,-6.0003486338793e-06
4.574619770050049,2.8600446737898846,1.247269982820356,-21.877196444940274,-0.06900082305616166,0.11949802272311581,-0.15563959162704435,-0.5513106949854584,0.018209528940046318,0.29680332505894896,7.558007750273912e-05,-3.141379573713651,-5.955602556465691e-05
4.582473993301392,3.3003611735094065,1.1170293655730552,-22.150447571456322,-0.06886442980301248,0.12200920101201362,-0.1573663590234048,-0.5513264494074874,0.018221702041577297,0.2967644968578319,-6.933964638817812e-06,-3.141390146351923,-3.419326241402675e-05
4.592477083206177,3.3640002611361024,1.5412783107149186,-21.95533713071705,-0.07547595134909456,0.1252063527690782,-0.16136888409201508,-0.5513030337204583,0.018211693714196207,0.2967228182510496,-3.303595090096215e-05,-3.141423471494341,-7.318361020655547e-05
4.600501775741577,3.2735586122629083,1.56940640766751,-22.01911123469468,-0.07723128981001656,0.12376637019347765,-0.16308982412284076,-0.5512900869078181,0.018228341941926178,0.2966439918424735,1.319153920420849e-05,-3.1415507546596335,-9.126919978280458e-05
4.610536575317383,3.1216043526374952,1.0369141451808992,-22.0186548301113,-0.0677652012460545,0.1251593715219115,-0.1577856640238259,-0.5513238172462085,0.0182293010214178,0.29665525961030575,-3.808522396787687e-05,-3.1414177740297395,-0.00022422155651053628
4.618426322937012,3.3630580404831663,1.1021718136773633,-22.11027294471484,-0.07491153027010614,0.12447310031761262,-0.1606175706877277,-0.5513186044969868,0.018215609259194934,0.29661734376722027,9.194016816294806e-05,-3.141444811332945,-9.578597006606833e-05
4.628501653671265,3.5639309846106935,1.1077899718407278,-22.10352250600509,-0.07023803328291756,0.12752406370105313,-0.1557203505976183,-0.5513087273462528,0.01820511629063001,0.2965788310995427,2.25969038418407e-05,-3.141429791263422,-2.0860915919726182e-05
4.638469457626343,3.0696446548098995,1.1382483945020745,-22.136084442352974,-0.06575374236052582,0.11804345179942911,-0.15382028533610642,-0.551304599864327,0.018187199056682434,0.2965129186828677,4.90749185683976e-05,-3.1414761136307052,1.5360359331246502e-05
4.648485898971558,3.100288544107289,1.4516502028907767,-22.090205246606043,-0.07270068519471007,0.12365436043665892,-0.1629151851391131,-0.5513200785839074,0.01821110314094185,0.2965223619555818,1.8997706756136533e-05,-3.141405748848475,-0.00011473731556454469
4.65851092338562,3.141884504330978,1.0178369279632522,-21.942317492611483,-0.06359139155977123,0.12564653089485228,-0.1608788824392648,-0.5513087223307281,0.018223945077684458,0.29644305456541714,-5.925402548444151e-05,-3.1414695822073124,-4.877717542369421e-05
4.666518926620483,3.2685730560212556,1.4546049987383018,-21.944030466066504,-0.0770553781632455,0.12207687168374061,-0.1563050837255694,-0.5513169503510511,0.01819158335953413,0.29644970757557826,9.42201186582582e-05,-3.141393234508709,-6.781664380612007e-05
4.674556016921997,2.8719091460167903,0.9329521574220462,-21.91784645241144,-0.06375786165263196,0.11800070727201231,-0.15490093699711646,-0.5513143684578307,0.01821079543346045,0.2963543503231404,-2.4246292982379295e-05,-3.1415295189191577,-8.614043156341903e-06
4.682445764541626,3.1979635209349304,1.3164715503111597,-21.928294854507097,-0.07239091399706848,0.12827677577158828,-0.1553984055145341,-0.551294123338332,0.018210562960737163,0.2963231264267221,8.912778526323553e-06,-3.141524192543997,4.4044982595742965e-06
4.690466642379761,2.9550239506034917,1.2682655376597671,-21.881059859000697,-0.06960064089693774,0.1166908312398895,-0.15976128421616623,-0.5513175822742813,0.018190317109828512,0.29631280432040197,0.00010461064516689083,-3.141476243515398,1.82699245678172e-05
4.700557231903076,3.3161561167851406,1.1027605273462824,-21.966238032762817,-0.06427657381458042,0.12652129069027515,-0.16088781720465142,-0.5513189751214691,0.01819458023931848,0.2962842419241807,0.00010526633805586183,-3.14148418274396,-4.00610825091691e-05
4.710440397262573,3.187560916240323,1.2755109479982838,-21.997824482941652,-0.07348379617476415,0.12219184709317472,-0.1607704095820236,-0.5513122000962013,0.018200293846113984,0.29626456021064423,6.846226010192564e-05,-3.141471380168378,-2.5150394439284957e-05
4.7204766273498535,3.2317015977883035,1.2977404211425159,-22.01738205840468,-0.07192379865922921,0.1269422966988564,-0.16069196301383656,-0.5512944085957698,0.018222201217534276,0.2962227571276238,4.27150429543027e-05,-3.1414726299047375,-9.235023959798328e-05
4.730493783950806,3.333604181320117,1.3297755665268465,-21.838542169083638,-0.06806178493399787,0.12938521339878642,-0.1577957454181348,-0.5513148360580301,0.0181874796061484,0.29618353328844205,0.0001401436863644835,-3.141461116559811,-3.628089708914695e-05
4.738487005233765,3.2442989814075904,1.0032900054772023,-22.033825432501114,-0.06722387631537537,0.12318557868298925,-0.15875019878851454,-0.5513267468775293,0.01819632852566948,0.29614861331193276,8.350485736139021e-05,-3.1414365353964886,-5.9137009089722715e-05
4.746539354324341,3.494283766479003,1.2470151988676315,-21.935681748872256,-0.06650213485528736,0.12821732437848568,-0.16150759062711262,-0.5512940727494513,0.018207546009561596,0.296064821396427,-1.2360083854622778e-05,-3.1415646673832325,-3.462827852061091e-05
4.756547212600708,3.223163802401159,1.1761857533997497,-22.183754344735153,-0.0690628702972254,0.12069536732133206,-0.15540914821174454,-0.5513196726283065,0.018199491733019046,0.2961000301019606,0.00011692980507182625,-3.1414329282641553,-3.974626182479687e-05
4.7644593715667725,3.071982586941761,1.0122298493728674,-22.08576536599154,-0.0612885667945632,0.11810439876757584,-0.1567399597357002,-0.5513106274345808,0.01819992452735408,0.29606902626709597,8.59176381592467e-05,-3.1414024226785253,-6.513824188160288e-05
4.774526357650757,3.261060881162408,1.231019243395177,-22.014537862641898,-0.06648169222742209,0.12491835955800858,-0.15283491342115924,-0.5513107406779896,0.018195650614815175,0.2960094570159778,6.0933724684760125e-05,-3.1414880295422707,-0.00010195955230763964
4.7844398021698,3.3726279409061535,1.2291432574840178,-21.96290941723309,-0.06776446165269816,0.12713892231014892,-0.15786839970703814,-0.5513120492735085,0.018217543690944735,0.29595443403319144,3.6602487418540485e-05,-3.1415023988270723,-0.00011428062988410983
4.794503450393677,3.5592374756425555,1.265350453642919,-21.939782335971405,-0.06973334944359595,0.12957555014339156,-0.16180360035737093,-0.551292372739186,0.018187886313636242,0.29592473729407054,1.709813392870741e-05,-3.1415042682653653,-2.0293975618902394e-05
4.8044421672821045,3.249426921696742,0.9394529040808797,-22.076544530401453,-0.058348678441613774,0.11995998148534824,-0.15333888323384295,-0.5513129191181797,0.01820662058960087,0.29592288390590304,6.346040928811876e-06,-3.1413859705488947,-3.0581083578081255e-05
4.814575672149658,3.3334334154496092,1.1690464599213883,-21.882118748096318,-0.06454643478466777,0.12612589592862855,-0.15841834078660402,-0.5513167868980967,0.01819352616716941,0.29587031090632515,9.519957734566204e-05,-3.141471136483635,-0.0001960951723646472
4.8244242668151855,3.129130344733607,1.0561897115060388,-21.861418810248747,-0.06528817213787325,0.11892760933063709,-0.15682108739800288,-0.551313066722215,0.0182048343233116,0.295811309399314,0.00012086376169664002,-3.1414988671132043,-8.728340093503764e-05
4.832430362701416,2.905660244551999,1.229977546034261,-21.999982671801195,-0.06821119961845201,0.11349985148533623,-0.1530277009088108,-0.5513017991248368,0.018192212504436107,0.2957506414912293,0.00011735438502445648,-3.141544773321484,-7.07287654148552e-05
4.842561721801758,3.1575722249530784,1.4227991612027642,-22.04102509176202,-0.07246419695401785,0.12373657649232299,-0.15629701948364402,-0.5513156872358823,0.018203404784636796,0.2957337821709814,7.357449448568379e-05,-3.1415253793928177,-1.3772890202605176e-05
4.852518558502197,3.3814667709214943,1.1906272642213585,-21.940632396461638,-0.06558042981383497,0.12688415833113376,-0.15837082153132967,-0.5512998692771255,0.018204192124991934,0.29572435531012614,6.152517969850146e-05,-3.1414340918634864,-3.5914578321768175e-05
4.862463712692261,3.244715689699651,1.3812260972543045,-21.816943462936667,-0.0716359587856838,0.12022671022369755,-0.15798614836170116,-0.5513123345080377,0.018218159450704575,0.2957019984475612,1.1470979606710911e-05,-3.141406578516255,-0.00013805431691644573
4.872463941574097,3.270987862457018,1.0979255278943718,-21.96027989254509,-0.06872025506433505,0.12243719218056359,-0.15847570388905852,-0.5513186441256465,0.018200589365383085,0.2956559582297093,2.594042044383905e-05,-3.1414047992049223,-8.995306977442891e-05
4.8804450035095215,3.1573300902254173,1.2384022690198824,-21.656828522083718,-0.06636656882685807,0.11856184940124809,-0.1523936680373493,-0.5513047072181579,0.01819520005832331,0.29559409983135004,0.00010176859209417682,-3.1414596257129523,-7.41071195015019e-05
4.890463590621948,3.1940379811859287,1.3280110922568444,-21.81018983608617,-0.06928653266180922,0.12163365101180007,-0.15645213387047063,-0.551303223911432,0.018200836135548615,0.2955841214132725,7.027247433211852e-06,-3.1414430817425334,-3.5343783524355616e-05
4.900449752807617,3.203582752168897,1.1886799180988747,-21.809083806755027,-0.0666766155395698,0.12128912941763063,-0.15801089415592545,-0.5513088764278797,0.018221504113082723,0.2955611493382834,2.1264766084549023e-05,-3.141431743943821,-0.0001326398159237802
4.91049861907959,3.0292578736462117,1.2577058445293567,-21.989089076558823,-0.0698912714309885,0.12270581172656064,-0.16095664824286196,-0.5512970812253603,0.01818793752340538,0.29549430960547757,0.00014973040716444692,-3.141471509510754,-6.734408014744696e-05
4.920424461364746,3.199137580047038,1.3127644606073172,-21.96741500159119,-0.06955654858169417,0.12346800090451587,-0.15611710752459057,-0.5513050705675295,0.01820155108460995,0.2954853157105655,8.078720784344543e-05,-3.141423884934765,-8.827613033915652e-05
4.928462982177734,2.800055051123039,1.052221180890603,-22.129111022311452,-0.06618066721291219,0.11072144942931467,-0.15426684556114628,-0.5513056030449102,0.018228391844318664,0.29543456610012275,3.1111419405771046e-05,-3.1414219455296433,-0.00012263438150374612
4.938453197479248,3.032445620405211,1.4317427606730115,-21.904388364668606,-0.0726732184833434,0.11574087393284338,-0.15651219301708327,-0.5513078547873227,0.018190726037230872,0.2953880096928881,3.655717975401013e-05,-3.1414821176817576,1.4306520806490837e-05
4.948475360870361,3.556729617998903,1.2367595393910757,-21.74905919211276,-0.06740296514362949,0.13070903611077744,-0.15675553111959503,-0.5513106208722836,0.018214621936786458,0.2953568959819577,-5.827004528044975e-06,-3.1414006149113156,-0.00010446442186154894
4.956466197967529,3.4388111524179874,1.3467173864205801,-21.918878562652147,-0.0682030129671602,0.12602250656792582,-0.15032036872514867,-0.5513033996043855,0.018198588699171014,0.2953208802718611,8.409949494724113e-05,-3.141472146464453,-6.999499430607201e-05
4.9645092487335205,3.5681681443919784,1.30435155047186,-21.757094253645448,-0.06982052352248631,0.12783250204269136,-0.15915192680712884,-0.5513157014060683,0.0181917881840817,0.29530314327080615,5.316445773690955e-05,-3.141381635528193,-1.6371313524487665e-05
4.974435091018677,3.7564725572164726,1.3142338063872923,-21.690545474717425,-0.06974815473770374,0.1337791300570835,-0.1554534265020523,-0.5513065566415448,0.01817466370347408,0.29526644295722504,0.00019424781348361588,-3.1414404476207918,-1.705595255966658e-05
4.982434272766113,3.01919662955318,1.1522007293949128,-21.95649611392868,-0.06528336657908647,0.11509669474416269,-0.1510749505523749,-0.5513069538441344,0.01821730210241382,0.2952187675498505,2.332281311073686e-05,-3.1414955629389056,-9.47549604831007e-05
4.99245023727417,3.585341742494574,1.3679404603345764,-21.907824895421772,-0.06951027034379645,0.12583274133220457,-0.1589285176631342,-0.5513071146830008,0.018207572588406187,0.29519875436938603,2.8098560482477078e-05,-3.141451436053183,-0.00013337086195685464
5.002450704574585,3.1749014753325167,1.4872666881723695,-21.74585330783997,-0.07683394673559112,0.12011989540426993,-0.1545307270312084,-0.5513194651897081,0.01822255845291696,0.29518430925093575,5.2185894491993116e-06,-3.1413604404871616,-4.562949725777751e-06
5.012545347213745,3.069555902426826,1.3090467214423305,-21.887024925582626,-0.07288646897509925,0.11620605507515751,-0.15291669904281818,-0.5513076664769896,0.018190772841923154,0.2950990109610231,8.441791713295175e-05,-3.141429732690348,7.907234109463004e-06
5.02057957649231,3.0607567589396414,1.1880454943386016,-22.069948908628874,-0.06715128682804723,0.11590579457244905,-0.15333239153820197,-0.5512980413001561,0.01821235093121521,0.29507416950075716,5.278770333840172e-05,-3.1414487921803325,-8.363206180479727e-05
5.02849006652832,3.1429399405696765,1.192870493608395,-21.949740877646054,-0.06272267130583827,0.11601404045894712,-0.1556058161502008,-0.5513205985351468,0.018212158763349324,0.295049059001036,7.2725645830145575e-06,-3.141467404029374,-7.51898698736659e-05
5.038728952407837,3.116681657297621,1.1871044113706941,-22.05242427103748,-0.07184787841566152,0.12330920842566917,-0.15571949420429365,-0.5513298425297539,0.01820870622292748,0.29503541766675223,7.314054662093085e-05,-3.141355681814512,-3.09757409235841e-05
5.048410654067993,2.894476464193559,1.0354652845314467,-21.921497391955896,-0.06798533204139369,0.11623243430803062,-0.15555444910715194,-0.5513068955300336,0.018202359828994166,0.2949681149553694,5.987666780199168e-05,-3.1414903357263353,-1.2439807785304049e-05
5.058462619781494,3.128530852189625,1.0452694166059164,-22.00722296330602,-0.06301219623166533,0.11790382124482605,-0.15839272267264412,-0.5513170698866836,0.01821669998530286,0.2949859788295148,5.59032117973517e-05,-3.141351587490591,-0.0001517845437954045
5.068539619445801,3.600610140154689,1.2533072095423323,-21.808857130670955,-0.06793628995894486,0.1275069493522957,-0.15606104281246547,-0.5513076013691588,0.018228084273388928,0.2948874749070944,-3.323588320659524e-05,-3.1414855301631217,-6.006317193571114e-05
5.0765039920806885,3.11049356498887,0.9107543090780105,-21.81649450519767,-0.06031173804026575,0.11742290819942265,-0.1530580803076806,-0.5513208911173347,0.018212163994668722,0.2949090434271623,-6.587266833186411e-06,-3.141330031633535,-7.537004048223993e-05
5.084496974945068,3.444778643003656,1.295543412334313,-21.88504667877799,-0.07193005075998553,0.1264962574385095,-0.15752710888290342,-0.5513226680155392,0.01821276640487721,0.2948534478182753,3.2855654067724864e-05,-3.1413917268508618,-1.2340270608182745e-05
5.092498779296875,3.2455693578510907,1.258340022434847,-21.80187630238394,-0.06806746177151035,0.1219186613823679,-0.15017151227823375,-0.5513047762417029,0.018206298378244924,0.294799717175016,7.104024017710945e-05,-3.1414539746117134,-3.1428572472536286e-05
5.100454568862915,3.7293505382980916,1.0050904587368152,-22.05159109050235,-0.06081957412960241,0.12934423513897494,-0.15309401800243014,-0.5513035707401504,0.01821796918123856,0.2947826165743532,2.737143064587728e-05,-3.1414504555044944,-8.096176107492118e-05
5.110515594482422,3.2901797051769113,1.0405301697585398,-21.85263079416325,-0.0625424570431691,0.1209002094499146,-0.15191531050484763,-0.5513007986758093,0.018211417691734656,0.29473787673833635,7.10317341396495e-05,-3.1414569026497654,-5.565312556560296e-05
5.118510484695435,3.0610535156952157,1.0945730397901612,-21.957717422974216,-0.06508584295135919,0.11643120099625395,-0.15104599379523637,-0.5513219550835224,0.01820657877585739,0.29473240265113926,8.698051959859033e-05,-3.1413697502200706,-7.470056244327826e-05
5.128456354141235,3.160771624518704,1.1134639100960175,-21.94216619047758,-0.06794718480058988,0.11698682413006602,-0.1502397775616876,-0.5513268301736021,0.018217558229031545,0.29467784373216027,4.202757669998465e-05,-3.1414083159608652,-2.9686245474775245e-05
5.138456344604492,3.2885808728597854,1.3008899013763515,-22.091576585806905,-0.0740870733050377,0.12844726987943328,-0.15313967290662903,-0.5513258157218685,0.01822829835499316,0.2946890775939789,2.4271789398046945e-05,-3.1413181105756434,-0.00017000435177605438
5.14650297164917,3.24080027796944,1.058065595498795,-21.97683146421951,-0.0642824791652572,0.12823989281856044,-0.1567390772901756,-0.5513092623817676,0.018213052749694737,0.2946146831978191,6.424593844893501e-05,-3.141379958869781,-5.3598169757006904e-05
5.156554460525513,3.667290260508909,1.328500012181705,-21.901277282378107,-0.07175851224321693,0.12684668686225284,-0.15497757881237711,-0.551308243187619,0.01820803641643171,0.2945766948214836,1.8860398498291063e-05,-3.141437968484339,-9.589495590718952e-05
5.164453744888306,3.1892175736068906,0.9357522899093926,-22.04653165711823,-0.06396347281349521,0.12011949852160528,-0.1546675080463284,-0.5513195057508506,0.018177465303269077,0.2945452872522084,0.0001421000892789326,-3.1413879446518944,-5.142480613570026e-05
5.174470663070679,3.4307651683684073,1.0858843847214443,-21.663361583101523,-0.06622633307534646,0.12068183680933585,-0.1464728811300595,-0.5513099860357488,0.018187856523224914,0.29448872914147317,0.00011733400192111881,-3.141454809744174,-8.716922821206592e-05
5.184480667114258,3.0125547351236643,1.2601217559033835,-22.0080927730226,-0.07102968674309022,0.11150965561560479,-0.15094100855403997,-0.5513253144282101,0.018215865386967206,0.2945052921818435,7.772377175743281e-05,-3.1413505663678407,-0.00021441862244841992
5.194474935531616,3.299634072155179,1.306251139959718,-21.840125898010218,-0.07061457739445128,0.12111167865115761,-0.15362969998958723,-0.5513201212408959,0.018223970488409395,0.2944565661667667,-9.601636551886231e-06,-3.141351133781006,-0.00012005687039101605
5.20453667640686,3.4884021069910682,0.9827533016253036,-21.913522603754153,-0.0596349622351042,0.12141777983138038,-0.15093743414588032,-0.5513118292541449,0.01821791112610136,0.29438838888368024,3.288323118558296e-06,-3.1414083016910688,-3.775953087195423e-05
5.212579250335693,3.2646100123446593,1.4063359588748419,-21.908959740404697,-0.07281084180803869,0.12240880819671435,-0.15674041763504937,-0.551311930154636,0.01820135325029844,0.2943886984795029,4.139712130037411e-06,-3.141336927538576,-6.456650514099287e-05
5.220463514328003,3.265887330159209,1.1871727072479792,-21.941634986306703,-0.06885603178517427,0.11738649269260647,-0.15386063804358419,-0.5513312745299522,0.018214503551399152,0.2943209254777994,1.2209289600165718e-05,-3.141412092648629,-7.644249331862279e-05
5.230499982833862,3.029484808941058,1.1510392949342287,-21.883947835059985,-0.06531108008645081,0.11791888896270482,-0.14901788006616043,-0.5513225811586704,0.018200292188697505,0.2942961217050197,0.00010193626405697233,-3.1414123603209783,-3.466594888568339e-05
5.2404561042785645,3.291717006611791,1.5325920557746902,-21.72863141946998,-0.07431010237460031,0.12357290335255676,-0.15294827922492746,-0.5513132583183622,0.018188506498210473,0.2942813775632567,0.00012970719702107573,-3.141389765876201,-0.00011981263583914549
5.250465631484985,3.466976665329992,1.50065734554606,-21.971611685893745,-0.0762860622685767,0.12385328021729035,-0.15085126586176642,-0.5513186597342828,0.018208757415494166,0.29419992847292864,2.803850590929678e-05,-3.1414678681522843,-9.664521872771519e-05
5.260478258132935,3.273196833278733,1.6154394754256758,-21.82527726975963,-0.07396260342998931,0.12401662790966511,-0.1550015554697327,-0.551329562973146,0.018239409928803393,0.2942036254700072,3.989555370296689e-05,-3.141400295117317,-0.0001265998339392197
5.268478155136108,3.303400870916892,1.375618113077384,-21.67001235629943,-0.0693477567268058,0.12456697724060081,-0.15164827352971258,-0.5513208154519211,0.01818961380734227,0.2941396607169399,0.00016332818933020998,-3.1414131905060234,-5.919681894977153e-05
5.276546478271484,3.083877427557193,1.291473411733847,-21.82014255992208,-0.07084433583570604,0.10872220193714299,-0.15790264112117522,-0.5513219337134275,0.01820156793854588,0.2941276795269951,4.3179537192471246e-05,-3.141396355543124,-4.1555843562321705e-05
5.284529209136963,3.3909032349450436,1.3829118097659192,-21.858362608246242,-0.06761401221829927,0.12510589005148695,-0.15218294653889716,-0.5513092707419176,0.01820724930308318,0.29404201072038977,8.13241435707803e-05,-3.141531665972987,-0.00012056674422743064
5.294496536254883,3.2967242499455582,1.3717737480553294,-21.798007787712077,-0.07184920764959236,0.12400794062661362,-0.15200010987785173,-0.5513260416538186,0.018181549119993083,0.29406692223434344,0.0001721907179064123,-3.141379031333153,-0.00010666596188911947
5.302494049072266,3.369514200414871,1.090714391332528,-21.877670515481515,-0.06449241844361193,0.12815897346469268,-0.15182427745553595,-0.5513109969626979,0.01819346292366906,0.2940010896258087,8.333248476217887e-05,-3.141430363162125,-5.6504322848520887e-05
5.310475587844849,3.3853639275665692,1.2870987838453503,-21.837159571529202,-0.06492372209944398,0.11731137104654153,-0.15272022790573114,-0.5513226562671387,0.018189278362212614,0.29399121302270825,0.0001466717612709879,-3.1414123114316226,-0.00011807660305737144
5.320556402206421,3.578745912230706,1.1901482333563809,-22.045281941630694,-0.06451638057760331,0.1255123490212974,-0.15028992778674194,-0.5513146488242946,0.018225699068304704,0.29395461726095995,2.790179863429377e-06,-3.141430069577392,-8.554775774890864e-05
5.328439474105835,3.4185914549355334,1.373684492894831,-21.944943128361633,-0.07384353497936995,0.1255421941191418,-0.15369793180018412,-0.551311866480555,0.0182203587054548,0.293933788871956,2.7531051593333214e-05,-3.1414081361218305,-9.178290938116713e-05
5.336495637893677,3.270251187803305,1.3370548050838331,-21.908781188755963,-0.07150856831974672,0.11939446153113165,-0.15316885941476469,-0.5513104671783499,0.018209792661195358,0.2938939378522044,1.618262187101378e-05,-3.1414288879978196,-3.611852986121652e-05
5.344457626342773,3.197155315394909,1.392692990037587,-21.858459249280386,-0.07051112247606724,0.12451102977722578,-0.15166521426692497,-0.5513088845035564,0.01819078683526226,0.2938651428538393,8.66991810797784e-05,-3.141422184149603,-9.931363018514405e-05
5.354509592056274,3.265466187347848,1.0149507277840644,-22.06340012280398,-0.06529588746021589,0.11964159647794094,-0.1518332001227563,-0.5513150705131318,0.018232866811191597,0.2938116444368323,-0.00011241292610471126,-3.1414484117412993,-8.000074387606722e-05
5.362503290176392,3.373520331073739,1.4250632265347876,-21.943605024448487,-0.07217922755922077,0.12078388834617228,-0.14913234901444253,-0.5513062745509056,0.0182076034109213,0.2937746630333458,3.092633285393859e-05,-3.1414374802858367,-4.99814420225692e-05
5.372554302215576,3.3454053208763344,1.5522200709662908,-21.88127714964424,-0.07116303139010383,0.1241724892870354,-0.15612918460769018,-0.5513302482769663,0.018222026428256426,0.29374961444698877,4.522633136649664e-05,-3.1414071141638797,-0.00011684912884475495
5.380496501922607,3.5654959896340293,1.2606485290789171,-22.19457220408798,-0.07204737560769402,0.12915763601447747,-0.1565576825182115,-0.5513312929779957,0.01820549302370801,0.2937435640017602,9.148517887013571e-05,-3.1413654877151966,-8.84393213182676e-05
5.38852858543396,3.3661887408399087,1.0343350081229434,-22.09310378513319,-0.06424282499638077,0.12394689272685432,-0.1567767132700249,-0.5513246135740859,0.018189064536092533,0.2936725859272573,0.00013477602065789995,-3.141469809714972,-0.00012767724328086453
5.398442506790161,2.960425452493563,1.1040076877232046,-22.099862882518785,-0.06105152052760049,0.11377111105409264,-0.14991498786425816,-0.5513169229819316,0.018199332644993838,0.2936620485644004,0.00012352961778632624,-3.141423874896888,-6.138165336169754e-05
5.408429145812988,3.1800899769871647,1.1146416976299507,-21.85676955899843,-0.06499043982334853,0.11804767409665179,-0.1483835860007347,-0.5513224020561587,0.018208491257469792,0.29361400643966024,2.731815176634776e-05,-3.141422910431526,-0.00010780642587218363
5.418553590774536,3.378018832521769,1.196838937337122,-22.127865517448306,-0.06788131328815566,0.12483769929259138,-0.14637020646942966,-0.5513165981056607,0.018220224318552913,0.2935914451697852,1.0019891305868963e-05,-3.141410454582787,-7.870458878002506e-05
5.428537845611572,3.3178151829751155,1.2588755992567078,-22.08516414854016,-0.06801448905256004,0.11593631064250498,-0.15209673903474544,-0.5513025726670969,0.018206355617010284,0.2935470979549155,4.307399612445091e-05,-3.141439937294531,-9.13966600297805e-05
5.436547517776489,3.364461020441354,1.3931119075445781,-22.050331572990952,-0.07267509430878083,0.11731556529195049,-0.15380548014512307,-0.5513322145423483,0.018186354166473555,0.2935238660669479,8.246319113363804e-05,-3.141355099302808,-4.151206206114749e-05
5.444453001022339,2.9772164406928185,1.566867538432284,-21.71093899817201,-0.07869750197771438,0.11225883263980015,-0.14693063049262922,-0.5513131609825341,0.018174878162804102,0.29345277813988957,9.461874076772393e-05,-3.141489916009172,4.6365005479301624e-05
5.452420949935913,2.9652625984009426,1.1844105283268223,-21.885768939129637,-0.06709474929233186,0.11770231976815085,-0.1465788740046513,-0.5513210183741081,0.018197920066845712,0.2934546941766782,8.463516017800089e-05,-3.1413859456738966,-8.283255642212103e-05
5.46044921875,3.300515296325613,1.2778536959162443,-21.707314762154006,-0.07168784623244809,0.11933787208810198,-0.1486541912020829,-0.5513342069219953,0.01820145580750587,0.29343430723324193,5.919067846423289e-05,-3.141351894362087,-9.529744647283263e-05
5.468461751937866,3.073737100801326,1.3830778588813972,-21.9286501094109,-0.06903205582727301,0.11633883972520749,-0.1447652027455354,-0.5513306947032809,0.01817866825483866,0.2934192766047961,0.00011101106833069451,-3.1413078275576036,-9.502147731956922e-05
5.47845458984375,2.9734393085222424,1.2600212578711756,-21.866590121597312,-0.06846088823106238,0.11497003401160225,-0.1484718377915112,-0.5513135052267907,0.018202304338650742,0.29337888902585235,1.4647854241071584e-05,-3.1413670229556203,2.0471278935868717e-05
5.488458871841431,3.2260407018727517,1.0555118328083297,-21.888645471868468,-0.06246067719170045,0.12009233306382969,-0.15188906335345928,-0.5513114423466653,0.018198527425989278,0.2933228684089152,0.00011986577294099733,-3.1413973716435257,-6.799640530180513e-05
5.498530387878418,3.1678693345306947,1.3997464661578858,-21.816017624090755,-0.07213115346450294,0.11466936024403396,-0.15389107016955467,-0.5513154164499763,0.018215087871979015,0.29330670630151917,6.273093884413708e-05,-3.141400753318699,-0.0002351173783779459
5.506447792053223,3.0125815319705813,1.1595039384991417,-21.759246450220996,-0.06373974150390668,0.11018674529115151,-0.14387395921740684,-0.5513285085883729,0.0181927671979076,0.2932486467508675,9.63063552539551e-05,-3.1413689214112814,-5.775871724283045e-05
5.51662015914917,3.130760293461084,1.118704375999313,-21.856912838193562,-0.06436101913362471,0.11909678062718099,-0.1563658610203742,-0.5513207900726758,0.01819368344466448,0.2932049014755326,3.894918244341759e-05,-3.1414351198274977,-4.030531601721397e-05
5.524446725845337,3.2058435594923234,1.3793812250861583,-21.941604504993656,-0.07186605473636631,0.11861601120484035,-0.15363309734701197,-0.5513229949538822,0.018186958225226774,0.29316534874597766,9.712190373150088e-05,-3.141410160023299,-7.9524330058597e-05
5.532451391220093,3.268999682900591,1.235537537585493,-21.927041797736916,-0.0693134367373121,0.12149355338990941,-0.14138699641882543,-0.5513228686669247,0.01820261592864973,0.2931218841209886,7.797351630142398e-05,-3.14146684834185,-4.688116116233123e-05
5.5404579639434814,2.7104188339817816,1.369016594664274,-21.93028936047456,-0.07071365445769372,0.10786685138363299,-0.14757532143885838,-0.5513222282693725,0.018238854237026064,0.2930853023327865,-4.249152189308998e-05,-3.141466204328214,-5.3632574912286144e-05
5.550457239151001,3.2805173343112912,1.5005009142993169,-21.815233499245668,-0.07515574998159431,0.11890390479614421,-0.15303261925326078,-0.5513172494330328,0.018201208667353284,0.2930809056696975,3.68734809232777e-05,-3.141420094661561,-8.163495360358536e-05
5.560471057891846,3.0211055520154746,1.1855268632235036,-21.89648120351015,-0.06852070037925356,0.11251291523960419,-0.15179834555710206,-0.5513261182330772,0.018206996723005117,0.2930486288420694,8.22331216161823e-05,-3.1413765325341507,-7.864985957015319e-05
5.570567846298218,3.4868559869863938,1.0757163950651656,-21.95247251474248,-0.06351243529999107,0.11852878001219666,-0.14824227256018832,-0.5513130508188671,0.01822360278260523,0.2929988570755748,4.385012253122233e-05,-3.1414357048078156,-5.173405701174981e-05
5.580543518066406,3.2938433754104057,1.5394603798730473,-21.94434629402325,-0.0745366366463183,0.12238416786684647,-0.14853974765612277,-0.5513168876448594,0.018181038892320017,0.29294243846832546,9.364607311063524e-05,-3.1414499062832535,-3.218169491637201e-05
5.588445425033569,3.1459834820168595,1.1066838774149956,-21.953764045758366,-0.06497871187161812,0.11851399321375532,-0.14532434324455049,-0.5513251926495039,0.018184237645912874,0.2929325215655859,9.596701883073684e-05,-3.141392930205456,-4.243616245051425e-05
5.596470832824707,3.2680018345937816,1.286046663703916,-21.935781154774645,-0.0712986909026238,0.1212502908602869,-0.15074223033510337,-0.5513045650389746,0.018192717249984117,0.29286208498345156,5.327808247307712e-05,-3.141492723829758,-8.360256747008888e-05
5.604519367218018,3.1676777826422033,1.5012189196268528,-21.819205525659154,-0.0727213273410442,0.122600292804297,-0.15244580719091871,-0.5513185430868628,0.018217056280145427,0.29286440028336524,6.436482831830823e-05,-3.1414307991578543,-0.0001398404874734964
5.61252236366272,3.0815876669318363,1.424076036679433,-21.922961419672923,-0.07421498480886357,0.11299911327479528,-0.14586302829133133,-0.5513000182639278,0.01821199469396593,0.2928150066209602,2.8343779584726007e-05,-3.141476795809529,-5.723024264373262e-05
5.62054181098938,3.51805207435401,1.365703268919299,-21.992583554325204,-0.0727459985943797,0.12781098685297412,-0.1484378826319053,-0.5513123758826599,0.018212306061391816,0.29281844736379115,4.0782307917792714e-05,-3.1414297429967433,-0.00013257501512513515
5.630491018295288,3.406538104522897,1.5618056556975972,-22.034947164454955,-0.0743181129066109,0.12098353204616377,-0.1482052249873167,-0.551332883151976,0.018217163184019624,0.2927790129081822,6.953598038744168e-05,-3.1413954888763684,-6.632251910778494e-05
5.640461206436157,3.168603684602368,1.4034641402114336,-21.98947887477303,-0.07329021254196964,0.12364637710345112,-0.15482841048438725,-0.5513070898877452,0.018213220696714286,0.2927292825067916,4.993329045121926e-05,-3.1414571607751096,-1.8758564283778214e-05
5.650500297546387,3.143702726400894,1.1825171211796053,-21.83190659100916,-0.06621390116366,0.11496427253480865,-0.14596116168720785,-0.5513074558628057,0.018208134526941876,0.2926963382929955,2.7127978603348333e-05,-3.141428517907384,-6.435306038232936e-05
5.660447597503662,3.2909439269945286,1.2196753948401369,-21.857829044786364,-0.07151250191794507,0.12420357339135664,-0.14673463036645473,-0.5513124144208097,0.01822313216474588,0.2926540994565683,-2.4759256543659652e-05,-3.1414615728908317,-4.684693287724533e-05
5.668468475341797,3.4172889576672225,1.4289995224672019,-21.724638626535707,-0.07274423446632983,0.12358147228733285,-0.14793340345548203,-0.5513178107991358,0.01821507944392041,0.29264414985786225,2.650104388060858e-05,-3.1413866928656033,-7.27580236902768e-05
5.678506851196289,3.209271944029951,1.4517967211116536,-21.95497703112124,-0.0713965968943148,0.11777687634300024,-0.14492015519821733,-0.5513224317253211,0.01822190258183186,0.2926509907279675,-5.5636052224194594e-05,-3.1412810019857558,-6.58213530049118e-05
5.686494588851929,3.2326900107250993,1.2637546949809406,-21.928398840957588,-0.06937460611582724,0.11558799466468263,-0.14872077068250827,-0.5513346476838609,0.0182105226380411,0.2925645714582846,0.00010525239305228377,-3.141395679816394,-6.538414876680693e-05
5.69647216796875,3.0754101310392055,1.2086888328093999,-21.88849862534789,-0.06676058590823362,0.11803235367440426,-0.15101404910342672,-0.5513097481369807,0.01820359992475979,0.2925257100257047,8.559501229022581e-05,-3.141443073401894,-4.8402296253719475e-05
5.706516981124878,3.1915681166382033,1.1234843859270611,-21.940663294611532,-0.06399992533577227,0.11644421818796165,-0.1432715348523191,-0.5513221686664842,0.018212117379786136,0.29249664702665806,8.85076370288579e-05,-3.1413821234295365,-0.0001558473339747634
5.716537714004517,3.2970917782251177,1.7084975137408085,-21.92092732988673,-0.08371628516257013,0.12123539677858353,-0.14305099475088617,-0.5513020992718218,0.0182081982930114,0.2924375409724939,3.085700395476181e-05,-3.1414392654629633,-5.571850404713395e-05
5.724478721618652,3.4664463307868845,1.4941298906568967,-21.802427690416362,-0.07684708863596167,0.12755848778698642,-0.14490524407504776,-0.5513246485377616,0.018198119003350468,0.2924514561814203,7.315046710534627e-05,-3.1412997592558995,-7.63617746911637e-05
5.734475612640381,3.045567738385346,1.5425600913577644,-21.915547280027358,-0.07569137979901498,0.11229805911268047,-0.14308409457280344,-0.5513229924880001,0.018184795776699465,0.29239468965153687,0.000108839135315022,-3.1413721676546964,-5.134107335658834e-05
5.742521047592163,3.6011595294720515,1.4154384694326363,-21.947131016933028,-0.07343542208794356,0.1202364353666715,-0.14838241994621443,-0.551320928590849,0.01818937632509288,0.2923598157747105,0.0001480259436543723,-3.1413643950149757,-0.0001001430500937295
5.750553846359253,3.3310796912492857,1.5546976321194368,-21.83909863043754,-0.07518953649468296,0.12467097767624484,-0.14555492432610412,-0.5513186090077071,0.018182667824605415,0.2923148536861258,0.00014352135430338207,-3.1413858904603598,-3.39569331466194e-05
5.758437633514404,3.214642174032384,1.2300669732067901,-21.815044019479284,-0.06803749087272755,0.1185805179894359,-0.14386983906973952,-0.5513226389086859,0.018213076908724733,0.2922957741209233,8.692844608055562e-05,-3.14133395015191,-9.319199048662938e-05
5.76841139793396,3.172684070361185,1.3228186129633142,-21.87424218686048,-0.06888975599366988,0.11412277863222701,-0.1415432917859234,-0.5513170918755045,0.0182036965793969,0.2922576002649298,8.011908931412205e-05,-3.141420666091345,-7.377997647960815e-05
5.776423454284668,3.465030613720021,1.477329891928319,-21.90592809035,-0.07457892032487735,0.1206993855447669,-0.14927909803868228,-0.5513149826107677,0.018210643042349105,0.29222627653344363,4.983784429992935e-05,-3.1413914594576444,-0.00014064082540768386
5.78647255897522,3.2917285806539405,1.428067663576001,-21.958009979065892,-0.07039120310036097,0.12332035088998285,-0.14669220546353964,-0.5513122904783829,0.01818263693390664,0.2922126394298841,6.883479643734482e-05,-3.1413932956605692,-9.99125409488432e-05
5.796529054641724,3.062217760083527,1.1307002681253036,-21.981137252774275,-0.06413810621175146,0.1170927529338006,-0.13925764505927207,-0.5513213289959771,0.018216146210535397,0.2921441516434439,2.5801849070509267e-05,-3.1414093699884535,2.4817316042719325e-05
5.804528713226318,3.140143209585938,1.3893597505867492,-21.96606743522857,-0.07129398728423206,0.11750155702472125,-0.14580378381765496,-0.5513245755757347,0.018191565450354837,0.2921280917296658,8.968530713342651e-05,-3.1413613138694116,-2.2597589581637466e-05
5.812474489212036,3.703868717274946,1.279328940625526,-21.810683083670963,-0.06911580058191248,0.12849428740142757,-0.14569088167875882,-0.551335728122175,0.01820535647731801,0.2921289215794722,7.129707626603192e-05,-3.1413306707845075,-9.922020491140145e-05
5.820615530014038,3.2652187664931502,1.3314722024343413,-21.857085416013117,-0.06665437325049027,0.12023131473648688,-0.14472065815469243,-0.5513361336278703,0.018226360228559793,0.29207134309746796,-4.8500187994998535e-05,-3.1413733124185854,-5.07762444199621e-05
5.828410625457764,3.105657138335863,1.4211423981579745,-21.96476038101067,-0.06889488471331298,0.11461235639562635,-0.14438154780805668,-0.5513235782915075,0.018181291285184125,0.29203481508789375,0.000156163064284643,-3.1413783629014222,-6.968911441677125e-05
5.836491346359253,3.308338049452673,1.3306439742675809,-21.749522066955603,-0.07429697357961024,0.12118184541273402,-0.1468947258489216,-0.5513388066807128,0.018210144925422955,0.29201247694560034,9.333541818786984e-05,-3.1413491946477228,-0.00015624071719761297
5.8445353507995605,2.9645439178343493,1.0236772229054583,-21.854811105520692,-0.05998278540174747,0.11131245988718101,-0.14149903901888689,-0.551321597308077,0.018220374501416475,0.29197385237386003,2.4405277551640627e-05,-3.14138346653628,-0.0002011216850606545
5.85446310043335,3.2434664336033645,1.4965609383186882,-21.820143658044834,-0.07428165611592899,0.11343515697730562,-0.1458699465220356,-0.5513175076384201,0.01822425095071596,0.291925468384163,-4.0588476171479286e-05,-3.14139734777185,-0.0001335655901006256
5.864452362060547,3.0043885317359087,1.4278955868866585,-21.77083107080236,-0.07395114115360107,0.10989527427163463,-0.14409400665744615,-0.5513264831292845,0.018213374234253458,0.2919115239769415,0.00011541123283346764,-3.1413290017290456,-8.732604333907091e-05
5.87244176864624,2.9985423366427173,1.3364382762755893,-21.751583720356052,-0.06915827774877377,0.11350348751380557,-0.14222977266526443,-0.551325655152186,0.018224838124082245,0.2919039355559355,3.2666150169556717e-05,-3.141317586928153,-0.0001435869000428421
5.882498502731323,3.087427900894579,1.2824505515213678,-21.98426872777085,-0.07205798831791804,0.1161301078993716,-0.14582028453963844,-0.5513251338439177,0.018205089403592934,0.2918628686701972,4.6316420948658e-05,-3.1413193657046343,-0.00011960577592413475
5.892449378967285,3.6056685778003197,1.2240096427724816,-21.91807993867343,-0.06684333579907607,0.11994298500242699,-0.14884561439674665,-0.5513263246518765,0.018204113363550933,0.2917885305286105,-1.1752438280258242e-05,-3.1413653107820165,-4.221879793747285e-05
5.902390241622925,3.015532694892396,1.2175880837413071,-21.848702559713324,-0.06308325586136662,0.11216616206621265,-0.1432715929640352,-0.5513313186947506,0.018210843764535477,0.29178562501591676,3.402283739624934e-05,-3.1412953062185074,-5.364407481205345e-05
5.910475730895996,3.154640290346833,1.6302724948605785,-21.82900533953982,-0.07543180739532426,0.11642929678105027,-0.14308348864405254,-0.5513299319251287,0.018192396313497547,0.29172011927256025,5.270326055372089e-05,-3.1413733571760853,-8.667801103054755e-05
5.920562028884888,3.172160268923171,1.325712697076407,-21.84800553672186,-0.06602231289475523,0.11453938646195744,-0.14101692679539726,-0.551326792842369,0.01818083028282308,0.291678772727649,0.00015894471373965083,-3.1414103436094747,-0.0001288545766084442
5.928512334823608,3.4336350245107976,1.4792571511658872,-21.846938941860543,-0.07369398122178752,0.11840821082659433,-0.1435710760034736,-0.551339240673139,0.018217207934242544,0.29169885515375094,4.996654262449928e-05,-3.1412568680969852,-0.00010125215571712721
5.938489675521851,3.1640958591860406,1.1099656390996386,-21.972599357608285,-0.07669695207635994,0.11994061804127074,-0.14085581263515787,-0.5513195565904209,0.01821377403638501,0.29162586853451833,4.52350966601122e-06,-3.141346760494593,-0.0002019657879292399
5.9464733600616455,3.6387462389260667,2.2250907138386196,-21.743763792434816,-0.03658377925262204,0.11164124359933227,-0.14450326298710758,-0.5513201786883034,0.018221085068779203,0.2915936536502904,3.778529030153548e-05,-3.1413844046954438,-0.00019345598895369846
5.956477880477905,3.4205866483264558,0.9870753945635661,-21.866427106829285,-0.0807148462119988,0.1213009626423211,-0.14122782119060628,-0.5513123262740068,0.018229184462661807,0.2915760309148413,-2.2564588029078568e-05,-3.1413345252007687,-0.00020891475526267923
5.966465473175049,3.0955216245720343,0.7725333953877376,-21.834419872640744,-0.09218964079775624,0.12301434673152833,-0.14544120098076282,-0.5513314766372989,0.018203565715903907,0.29153012912650844,9.861907902966789e-05,-3.1413817914136026,-0.00037186665664531364
5.97647500038147,2.9051422067359445,1.1055198899078027,-21.97194561240304,-0.062332163932380454,0.11278536940861839,-0.14283659933265916,-0.5513112648339297,0.01820095670252008,0.2914699709741088,4.863146624428167e-05,-3.1414209165394102,-0.00022599717576616055
5.986457347869873,3.4880091185904223,1.9555866833543416,-22.048623651706105,-0.056492211859976084,0.1213159387800508,-0.141850418076115,-0.5513377327876512,0.01822469351724108,0.2914482846872825,0.00012523088006289614,-3.141367945720379,-0.00028812550403625747
5.9945228099823,3.191795458332444,1.327714061203839,-22.052565924672372,-0.059034477110043886,0.11293849574329798,-0.14216434232358752,-0.5513266671523298,0.018193828280524738,0.29139672094215113,0.00020378389275288816,-3.1414226864877284,-0.0002631233747789227
6.004441738128662,3.3062398427497293,0.8488316996404747,-21.976861415027297,-0.07697569043216694,0.11831471843184468,-0.1442522235041597,-0.5513137681204141,0.018202776509885478,0.29134522658655226,5.768865359007084e-05,-3.1414684401051645,-0.000196189338123719
6.012449741363525,3.1741190544442217,1.2376052921872707,-21.884189556518105,-0.07216823314880001,0.11867633046843218,-0.1424001046053509,-0.5513370982563996,0.0181957040762604,0.2913286456385934,0.00012846340750070917,-3.1414522221079038,-0.00019624052053624584
6.020583152770996,3.3473353337110234,1.673345249511164,-21.84339579383507,-0.07066201820043357,0.12274197153892592,-0.14474643353793912,-0.5513238447284375,0.018216703815515226,0.2912883199739035,5.8425560438153185e-05,-3.141450734388288,-0.0002296694557180375
6.028451681137085,3.393555008319753,1.3670245704013628,-21.990295491888265,-0.07433036314274427,0.12406519179141637,-0.1424499787755398,-0.5513326576010668,0.0182318244345464,0.29128253566069795,-1.1150544759905888e-05,-3.141380429603233,-0.00021396875052183805
6.0384581089019775,3.3912534856119945,1.5518115303494144,-21.960696054213198,-0.07511373269891601,0.1174065987408096,-0.1431630554672678,-0.5513381866732553,0.018212880816120755,0.2912592605990767,8.020208770434326e-05,-3.141361366072588,-0.00022205454704510717
6.048442602157593,3.229862655300929,1.2524194248047507,-21.88238406373972,-0.0694881181649687,0.11452675730223578,-0.14628146266650524,-0.5513360706070359,0.018235516783662458,0.291203619741595,1.6949117853264372e-05,-3.1413796118997417,-0.0002598513143907404
6.058478355407715,3.174709754261854,1.3699637631490766,-21.96303662500193,-0.06558485236749677,0.10967070802760472,-0.15107407483095622,-0.5513364068821162,0.018231062485611134,0.2911821568968762,-2.0157934118051187e-05,-3.1413264472556257,-0.0002510692534465732
6.066488027572632,3.0155453887527925,1.3139956261271997,-21.731197229741426,-0.06776902811886996,0.11185746825622325,-0.13906620445747725,-0.5513240805391466,0.018201732490335226,0.29113766935621815,0.00011354928056261624,-3.1414005226270607,-0.0003055570151112994
6.076485872268677,3.067450640308936,1.2133234568788085,-21.949998775589584,-0.07396478485198428,0.11773315474646923,-0.14041735776308348,-0.5513320138487267,0.01823379739788571,0.29110604793756983,-5.816511030538262e-07,-3.1414102653995823,-0.00024017337133951325
6.084468364715576,3.204871888428353,1.3865793150775267,-21.94190418652097,-0.07403701864969606,0.10940722514480522,-0.14103360541222798,-0.5513316704636355,0.018194730414372223,0.29107573572612544,0.00013589093972186955,-3.1413266115188083,-0.00023457292765001632
6.0924296379089355,3.2216354948462116,1.6170941534416556,-21.737813967010666,-0.06693033767697588,0.11190742118175857,-0.1396285099549532,-0.5513375850447887,0.01820855392139405,0.2910155089110469,6.573907491441815e-05,-3.141408239333702,-0.0001051424578714544
6.100471019744873,3.190722430288729,1.4981627729741556,-21.86375535641741,-0.0740121168243206,0.11230379859197114,-0.15013022087635763,-0.5513345857540086,0.01821581503217565,0.2910143551403767,7.907205328604632e-05,-3.141377124881574,-0.0002479744554776727
6.110436677932739,3.398587337537712,1.7481173623910307,-21.7770397393232,-0.06588984203915804,0.11364515703016412,-0.13815082094005385,-0.5513268692334546,0.018207227739334815,0.2909825527229821,7.463129982704703e-05,-3.14135882227693,-8.980761313422036e-05
6.12058424949646,3.3380227325042964,1.2560359197920163,-21.719787909697942,-0.0679927332557407,0.11214761398360835,-0.14678550010133803,-0.5513391269549012,0.018202621975826727,0.2909480715233035,0.00010593802755802422,-3.1412979672680956,-5.785890576082464e-05
6.130492210388184,2.8320678869544595,0.7435614137823003,-21.916449618075887,-0.08567920324582252,0.10911249019189574,-0.14131302363483766,-0.5513365424234925,0.018222273360858503,0.29089779873196486,-2.1623270376625197e-06,-3.141360064265116,-6.782690778054084e-05
6.13846755027771,3.2755980627087102,1.2887830145297532,-21.821559140976543,-0.07862495395970627,0.11638532075169189,-0.14188005519837857,-0.5513365042847672,0.018215740812017836,0.29084332385482403,-1.0129859319826073e-06,-3.1413587210089036,3.276204651662102e-05
6.148484945297241,3.228499939928881,1.7156285945273773,-21.812579606965716,-0.057649166430260634,0.11469203798863131,-0.13994066829672053,-0.5513148411248852,0.01819072705657122,0.29078475925131475,5.731150701179187e-05,-3.141437323529405,4.1232048199180325e-05
6.158504247665405,3.069092414673959,1.3770969510087245,-21.650038066472277,-0.07190657961100966,0.11221291415433786,-0.1476368697517516,-0.5513170948440869,0.018213652539728724,0.29073457281816645,5.802383004718872e-05,-3.141472459986632,6.445790819893688e-05
6.168478965759277,3.3145599819705773,1.1864282649982232,-21.792860600953546,-0.0752941036609267,0.11193674619830177,-0.14380126013036362,-0.551321897833503,0.018170377870870304,0.29072939032402606,0.00011136330585155218,-3.141401859657757,5.361804884594508e-05
6.178579807281494,3.2082650423614805,1.2857592853114443,-21.868964419424348,-0.07133350267854155,0.11424117129375391,-0.14426634028317464,-0.5513309595541838,0.018194650315981213,0.29070773943769795,8.552652651794619e-05,-3.141353395333942,-5.619273817340923e-05
6.188445091247559,3.279034019364078,1.315960798375814,-21.792256641757998,-0.06936657330092977,0.11567282302224734,-0.14686173541586708,-0.5513240422618024,0.0181844796316071,0.29067468383359996,0.00012584378258448918,-3.1413693366368785,-3.383574953842098e-05
6.198445796966553,3.237881513561796,1.6481361414368039,-21.810052716751652,-0.07476302452016578,0.1097582875883629,-0.14089871857261743,-0.5513298232144931,0.018219974358738244,0.2906371446361948,8.091497588488045e-05,-3.14137359823133,-2.678722534697767e-05
6.2084386348724365,3.3750140997484297,1.4707520346939096,-21.804201404545488,-0.07048335105270526,0.11301355740721904,-0.14019286260107874,-0.5513158980998027,0.018164629982710512,0.29057593790529396,0.0001787034281863436,-3.1414083787740914,-2.751801359514165e-05
6.2183966636657715,3.585175984713651,1.3407605849039423,-21.84378571473777,-0.07134402020582001,0.11637761737960835,-0.13843576374504613,-0.551338682056137,0.018204239093786167,0.29054447699825214,7.64371234290458e-05,-3.141354853671443,2.8606537910524684e-06
6.2285590171813965,3.240480282255979,1.3499650599094977,-21.755460548807065,-0.07438007499105324,0.1140222981930678,-0.1446965295591947,-0.5513360111216928,0.018194791599858973,0.2905347345362342,7.77053544683375e-05,-3.141334389424161,-2.0773230549200786e-05
6.23645281791687,3.461371576666658,1.83546550220324,-21.672506385660938,-0.07731549547576258,0.11745846636602258,-0.14084527248896808,-0.5513331393709774,0.018195451623046373,0.29046264447721226,9.264361002109017e-05,-3.1413581911025323,-3.562700190572568e-05
6.244463205337524,3.1820420793087987,1.819498899561587,-21.626156137921598,-0.07626603305115741,0.11222648239455134,-0.14276964966585043,-0.5513300655965792,0.01817607715749247,0.29043612701722143,0.0001368027684244336,-3.1414141670441498,-3.510311226132093e-06
6.252530813217163,3.5970372685516177,1.4853020542163184,-21.60904199762057,-0.07910555536202867,0.11930167634342369,-0.14207582290793438,-0.5513388517600226,0.018182539835863824,0.29039460590171196,9.204909051678668e-05,-3.1414136706608318,-2.9613807883983333e-05
6.260523080825806,3.179813248041522,1.5904048785945455,-21.685095954992406,-0.0760019602223623,0.11577263829664244,-0.14190837854679159,-0.5513358226912409,0.018175151025159233,0.29035237754689625,0.00015721318493294292,-3.141431362825787,1.3074784975799243e-05
6.268416881561279,3.2070943346415084,1.3694736546841997,-21.619600938460213,-0.0718751168579188,0.11281575188873236,-0.14083098925694787,-0.5513189349285997,0.01820181722122313,0.2903557172846693,5.484985115810917e-05,-3.1413574747271746,-5.369347796691208e-05
6.278482437133789,3.0960812079360713,1.4426007754669923,-21.817533711895106,-0.07574705353726363,0.10900576297672064,-0.1399559078086986,-0.5513295872102545,0.018205162291991612,0.2903105845978885,2.2605492724833713e-05,-3.1414412448786897,-2.080836426039816e-05
6.28648829460144,3.0642176063692235,1.4123058377165651,-21.688282096713245,-0.069974209598714,0.11433889928645949,-0.14001476549181607,-0.5513432982907536,0.018230415531779256,0.29025470943234993,-1.4785720518395664e-06,-3.1414306165606076,-7.921759138511976e-05
6.2944488525390625,3.1425500461259506,1.2184869626546342,-21.612840406759144,-0.07447899985573013,0.11345918516825755,-0.13728052474413627,-0.5513371095923888,0.018218001300373078,0.2902676762743974,7.622992040402057e-05,-3.141372140542685,-0.00018528788823405533
6.304431200027466,2.813060260156979,1.1677084699968543,-21.944982970625766,-0.06440531775016888,0.0992942503103754,-0.13752982793224433,-0.5513153800314765,0.018192615019844104,0.29021781025164284,0.00015921181183970278,-3.1414432548623616,-0.00021215107187947993
6.31246280670166,3.4947567718589965,1.4453979666980095,-21.85417128816198,-0.06950469057650545,0.11925904228589086,-0.14433412310082983,-0.5513441216753379,0.018221192152991176,0.2901777398301071,3.213049604103509e-05,-3.1414131962293306,-0.00019621361258665682
6.3205225467681885,3.0662232164720162,1.8195951018901546,-21.79155538980575,-0.07747250907849786,0.10920669381261909,-0.1336316668921963,-0.5513120642319823,0.018195242777298178,0.2901378285626811,0.00012418625364824909,-3.1414607831336556,-0.00019619417885460025
6.328608512878418,3.1019316179699117,1.459728209022615,-21.857158387187894,-0.07566863023246595,0.11164574801321006,-0.13879114285406066,-0.5513378111910531,0.01819730835543707,0.29014379209891145,0.00017625643447761888,-3.1413962909130233,-0.00021711264099436066
6.338452577590942,3.019049861912341,1.2919305184808545,-21.79142349978091,-0.07866709087809999,0.11215775963478694,-0.1351913194609208,-0.5513416059227367,0.018197756732832356,0.2901093858808653,0.00010519118310109173,-3.141321587681386,-0.00019664877608943846
6.346423149108887,3.5194503234991568,1.513758356607076,-21.895351009685868,-0.06980749797043598,0.11784279130778438,-0.14245360566697018,-0.5513077572121292,0.01819227575156243,0.2900503995033228,0.00010675022544171691,-3.141456778486656,-0.0001359296906346796
6.356419563293457,3.053408439609903,1.3920669449622625,-21.828467902821856,-0.0646129920942126,0.10699256568281883,-0.1360617351650356,-0.5513269071456227,0.01822275029220583,0.29002807628466776,1.2747911478950879e-05,-3.141392780042928,-0.0001709536998330131
6.366460561752319,3.7480633022429606,1.3175297881291144,-21.65143310298895,-0.0762932221332561,0.12627935840559354,-0.1487556707700021,-0.55131838822107,0.018235447372246312,0.2899880554758608,-5.7484843826012374e-05,-3.141406811416588,-0.0002247917904599472
6.376457214355469,3.1282171277213906,1.2558044868769067,-21.892677690725108,-0.07488240413644226,0.11103778125488777,-0.13455499054105444,-0.5513277472175574,0.018235624731684857,0.2899231882742741,2.1257829302330187e-05,-3.141455599676068,-0.00020236957810206268
6.386528015136719,3.1882177425606733,1.3944260383107772,-21.844110993439163,-0.06957702207848222,0.10747958191223164,-0.1401068937490807,-0.5513344637429003,0.018203913782794248,0.2899346595189025,9.1444841394772e-05,-3.141380987093969,-0.00020823778861107697
6.396413564682007,3.05661016152102,1.1091227414433673,-21.729092413705846,-0.058619363184778284,0.11178524507349884,-0.1379545073143127,-0.5513270104932634,0.018227540543710896,0.2899035221881625,2.111181882135325e-05,-3.141382585388995,-0.000246704384426686
6.406517744064331,3.1345361326430647,1.1778544232677308,-21.864793834348106,-0.06880317469002546,0.1130783438687458,-0.1399911994266453,-0.5513346090049254,0.018218651671638098,0.2898738534407289,4.241632244432463e-05,-3.1413289968611555,-0.00013534596517509684
6.4164392948150635,3.0453118608323813,1.3167474441791327,-21.908409888149954,-0.07099052498951038,0.10790600461421287,-0.133957374346556,-0.5513343797676042,0.01819966460157759,0.28981105973227117,7.379232093789689e-05,-3.1414112484706793,-0.0002280336510713771
6.424520969390869,3.408873745530685,1.1250904467701985,-21.80636635779966,-0.06187198466410908,0.10908017799564003,-0.14143551190882733,-0.5513524101597688,0.018219672358350973,0.28978051283504247,9.592602370153813e-05,-3.141346364067149,-0.00014118270682175169
6.434457302093506,3.4944007801996664,1.552916540662712,-21.924066742053434,-0.0781657533568591,0.11993675270941014,-0.13734964351896778,-0.551344084474981,0.018242233342125335,0.2897587699498708,1.2636088626347923e-05,-3.1413528755709956,-0.0002102899803440876
6.442425727844238,3.195386215522147,1.240338291990505,-21.999448940532965,-0.07553595137001426,0.11415505765917366,-0.1314494122311783,-0.551322175414343,0.01820917077574284,0.28970588530814173,5.098871523789609e-05,-3.141393503297953,-0.00016029293458587768
6.452442646026611,3.201970839788831,1.6225828935746243,-21.901519010688546,-0.07321128834742012,0.1162115273134535,-0.13398848137320327,-0.5513360574775744,0.018223460064588533,0.28965189685092796,7.3427005158068195e-06,-3.14144990468656,-0.00019383141255684908
6.460431098937988,3.4337001202581985,1.2504525386491565,-21.808618695368462,-0.06294270004779852,0.11267454013116622,-0.12806893199251654,-0.5513238658191162,0.01821367173595209,0.28963135396519707,3.3909380861133135e-05,-3.141383146400836,-2.1381356072352834e-05
6.470453977584839,3.411237207799651,1.326285954903657,-21.856006586368377,-0.06972284775234612,0.11116781472856531,-0.13837560806072802,-0.5513322627025876,0.01820455279119024,0.2896160321751045,7.860808588588807e-05,-3.1413721696755066,-9.216842402218268e-05
6.480496883392334,3.3661516769677924,1.2453580633119223,-21.790495169362778,-0.07166885825061738,0.11200691045331222,-0.13255612420891022,-0.5513291878416895,0.018193092867845345,0.28957072074582446,0.00011348798998077372,-3.1413585155834514,-4.613408467475971e-05
6.49050760269165,3.170838766515084,1.4718822715549673,-21.979305725831853,-0.06903699777183593,0.1176379102426761,-0.14088639448246335,-0.5513391316307039,0.01821923370797385,0.2895022637895118,7.659964575135158e-05,-3.1413756648483155,-4.7734582115936265e-05
6.500462770462036,3.3023514890503827,1.4447023800939762,-21.959740689645116,-0.07164012194825622,0.11258221669439167,-0.13113240764366232,-0.5513315159381542,0.018186508037203612,0.28944363674151347,0.00010173734296768361,-3.141454388109392,4.161991750334572e-05
6.510460376739502,3.586973537621122,1.6676391324056385,-21.89131445112649,-0.07884707250771689,0.11797381037288039,-0.1447765458444567,-0.5513497295130234,0.018209537008451016,0.2894829454943797,6.804208456630499e-06,-3.1412947645036775,-0.00010261453025848801
6.520481109619141,3.4339284610722483,1.5219656230991052,-21.7112330070191,-0.07601740909043024,0.11495775349710907,-0.1429654112315739,-0.5513412042251328,0.018189064235577534,0.28941732943356263,9.676609969505274e-05,-3.1413506961693396,-3.7723814706310154e-06
6.5306315422058105,2.8558963318247303,1.3239044729992413,-21.912072411971835,-0.06959112270485711,0.10288106997672378,-0.13956622351319534,-0.5513436890394225,0.01819989930799779,0.2894196712330496,7.241250159954354e-05,-3.1412535895379468,-6.60984081039108e-05
6.54049825668335,3.5213763389246076,1.6656326800048438,-21.92648183521815,-0.07730381658919397,0.1179843805590998,-0.1402911825178641,-0.5513337600537842,0.018210458482295598,0.28933578932116016,9.320713243985576e-05,-3.141388314695531,-0.00011350741443537477
6.550509691238403,3.0089731164579314,1.3927666885475776,-21.824036446559113,-0.06988816967161143,0.10504839431679178,-0.14189650385367925,-0.5513620025378292,0.01821297885809634,0.2893222324046568,2.340905207072034e-05,-3.14126696198496,-4.4073497562910574e-05
6.560474872589111,3.1553470938652537,1.150121385149858,-22.00217553742095,-0.06521997591508566,0.11100042522294616,-0.13524136753904425,-0.5513189949943321,0.018194438786546925,0.2892704114882572,0.00011295795004959024,-3.1413646993876108,-7.687836422558469e-06
6.570500612258911,3.1447769599861384,1.4847959054044289,-22.003150094662228,-0.07695903779095213,0.11202999593513069,-0.13790353629721142,-0.55134273838359,0.018193289585824786,0.2892159412028588,8.278428275993022e-05,-3.1413484591766676,-3.362365995774636e-05
6.58059287071228,3.206694806849634,1.1860414878316605,-22.032706199857742,-0.0729800838533584,0.11159201241387928,-0.13740808505536853,-0.5513145538430295,0.01820169359673905,0.2891706086806678,0.00014674428997173207,-3.1413832840069595,-0.00013721915068370477
6.5885169506073,3.3070513284968053,1.2775889136987315,-21.88577649339377,-0.07120587604876222,0.11672827991966582,-0.13532169902764338,-0.5513332430951149,0.018202828392767708,0.28917081298845604,6.599539909422836e-05,-3.1412915913222776,-0.00015053531299080144
6.59648060798645,2.9922110250750618,1.1113128790904245,-21.759764013086468,-0.06651465154553494,0.10616968819023327,-0.1357144317241257,-0.551344665962104,0.018220858077143538,0.2891297867216599,-4.857549378659458e-05,-3.1412886837447145,-6.3367435024458e-05
6.604560136795044,3.177488949235829,1.386792204713358,-21.715849943229276,-0.07001567399085663,0.11350000881263812,-0.1367605026685184,-0.5513267729732245,0.018201624764305743,0.2890842909233037,5.347773202273445e-05,-3.1413857301690116,-0.00012012353694011829
6.612448692321777,3.3550195867662307,1.4073787539390408,-21.76971043257307,-0.06580334767587231,0.11316546636982401,-0.14151181286371953,-0.5513408315611463,0.018231624357192146,0.28904453743387687,2.2129190600326135e-05,-3.1413863742232486,-0.00017069663322644501
6.622514247894287,3.1968025086202734,0.9665651966381151,-21.880550702464298,-0.06024932627629843,0.11028157613817852,-0.13836761399014166,-0.5513212402344542,0.01821332834812463,0.28906406867103884,4.154437220258551e-05,-3.1413027794857014,-0.00018903832765245068
6.630584478378296,3.5619101549819008,1.455237153413037,-21.695315222908643,-0.07223172409088571,0.11819927760868844,-0.13637385532260785,-0.551335005296449,0.018218308569775802,0.28902227938051295,4.5133735645117215e-06,-3.1412784646803527,-0.0002178831517915955
6.640498876571655,3.3546148350032365,1.0120642991948603,-21.795353245883287,-0.06400144339900146,0.11123756606470267,-0.1373575327474043,-0.5513516859422161,0.01822904373560577,0.28899522659407406,6.14920048743282e-06,-3.1413103199895906,-0.00023077582769715703
6.650533437728882,3.030903168883307,1.3753363839418058,-21.772688039210284,-0.06867520579995039,0.10608583884606151,-0.1376673475920669,-0.5513294010185774,0.018196654258641073,0.2889526722307878,6.356711532572629e-05,-3.1413079080922413,-0.0002504723204427272
6.6604905128479,3.118237683594068,1.5530918244042407,-21.74731383986614,-0.07417163978663834,0.10688828668973291,-0.1332860215613435,-0.5513376296180215,0.018205716165480848,0.28891230528996525,6.489876719425194e-05,-3.1413319077419914,-0.0002416784007302215
6.670462369918823,3.2519871492156565,1.3533993716515162,-21.7200911853622,-0.07334887460101915,0.11063179126991349,-0.13255770436563916,-0.551333504896237,0.018213168615948554,0.28887107727857797,7.9205571016592e-05,-3.1413411707440666,-0.0001949462768068335
6.68051815032959,3.1915456689125197,1.4045747817813405,-21.794022124228064,-0.07227021407243077,0.11063887314244579,-0.13784097374613485,-0.5513268972698119,0.018218284974817082,0.2888405827603142,8.504057253002827e-06,-3.1413047755429013,-0.00021048341015307337
6.688461780548096,3.5212083068781417,1.7449205685394462,-21.71228353948529,-0.08182853853742128,0.11818604281098692,-0.14072403297192265,-0.5513402992669149,0.018220457084303587,0.28878208872713296,0.00012108696482424388,-3.1413285128347566,-0.00022101860985998886
6.69844913482666,2.8044901164039415,1.4094336210406362,-21.767180726355374,-0.06562602218755145,0.09971335816689492,-0.13151041210667333,-0.5513374371762518,0.01822173652633748,0.28874400417153107,6.14985140925192e-05,-3.1413640623687415,-8.805127340347853e-05
6.708514928817749,3.2616785616593664,1.4549439276363867,-21.677431989937478,-0.06848148119985044,0.11034548615072945,-0.12987516687270018,-0.5513472109357128,0.018218094576064846,0.28874123435338395,9.330812170058717e-05,-3.14128220354889,-0.00023385375828808736
6.716524600982666,2.971002418394951,1.5719858471276442,-21.80406401976624,-0.07676306064580729,0.09978023514610043,-0.12962033966596864,-0.5513398923344418,0.018217515675490993,0.2886877948999659,1.962192065628349e-05,-3.1412784480751985,-0.00012728965784911833
6.724427700042725,3.2369646895392945,1.3020516377143723,-21.84744864588617,-0.07077939436427778,0.10950794610062901,-0.12894110695784383,-0.5513294203194571,0.018193824696157827,0.28859951015132174,6.469064798703573e-05,-3.1414515895853863,-8.375907500950887e-05
6.732461929321289,3.1562574379986734,1.2758737685604402,-21.97773536157606,-0.06568244147615321,0.11242092197843825,-0.13870378071878642,-0.551320177842973,0.018209199875427066,0.2886000299841843,6.481108123963161e-05,-3.141383161778564,-0.00010688775580364551
6.7404327392578125,3.088336894435072,1.2812010651310846,-21.75856344848343,-0.07181883042954958,0.10978631341542777,-0.13418492921083872,-0.5513429288776622,0.018195486996142696,0.28857123313823646,0.00016901611232454194,-3.14136098983768,-0.00019650094394069826
6.750527858734131,3.0592726378161768,1.4625652320558256,-21.74046313679504,-0.07294088790767712,0.10493482093777626,-0.13398109549750825,-0.5513260512234992,0.018190886704019495,0.2885279959228367,8.447290763295843e-05,-3.1413828132077266,-0.0001456490890805087
6.760464191436768,2.897165499129543,1.3896659324483691,-21.852100393379114,-0.064907624647189,0.10165238693767549,-0.12814010573153334,-0.5513296938673756,0.018185430613889986,0.28850029900595886,0.00011315789339354591,-3.1413462569564516,-0.00010691184223434164
6.768405914306641,2.940298246824507,1.6471037078822615,-21.839212800252046,-0.06979037339117551,0.0986018787369679,-0.13142203533258562,-0.5513391653122303,0.018201433628676125,0.28849037963692475,0.00011379282145888717,-3.1413127141949557,-0.0001900843409325107
6.776515007019043,3.0817593678233863,1.2687651967198843,-21.835922473032827,-0.06936164610869591,0.106925089470308,-0.1326440347957237,-0.5513360555492255,0.01820177966684589,0.2884491034185128,0.0001013187193544776,-3.1413048690659067,-0.0001392197678464726
6.784464597702026,3.306432903835496,1.064536085867039,-21.74255130360102,-0.06336310656341873,0.11224985318829224,-0.12987008909954428,-0.5513393037565388,0.018204733591307646,0.288442456944676,5.718603125761962e-05,-3.141251599241251,-0.00019607065127879786
6.794397592544556,3.4549833416242066,1.2823290366504012,-21.922771862283277,-0.06346354515125037,0.11340857195527769,-0.1306985928256533,-0.5513434379065025,0.01821723735451082,0.28838025956427804,4.510236858445923e-05,-3.141315178638683,-0.00016713697459540548
6.804442882537842,3.243480498912788,1.4594181057953164,-21.776424999691535,-0.06727639791541748,0.10738053140181408,-0.13252485360645588,-0.5513302907943729,0.018179383842706953,0.288342040176474,0.0001674862130266077,-3.141375174157476,-0.00014311087735172415
6.812440633773804,3.0522438899047244,1.078298748891355,-21.742287637271964,-0.06593453476661076,0.10385673653895575,-0.13299212682402065,-0.5513345922170072,0.018222163460948244,0.28833395689195324,9.224263175458684e-05,-3.1412956498746003,-0.0002286763963549693
6.820475101470947,2.6793097177312424,1.1693191686114872,-21.951063530085992,-0.06669828440891797,0.09896427262155895,-0.12892157470248972,-0.5513448306305512,0.018191911132719504,0.2882771716379147,0.00014385309149844206,-3.141331743805886,-0.00011703537125046705
6.830657482147217,2.779729313106803,1.1516107078201356,-21.91929686262607,-0.06194287820462289,0.09888313203815807,-0.12722103573552157,-0.5513330174894817,0.018185931216579593,0.28821753245553133,8.183991845958378e-05,-3.141376801246192,-5.7279316751125015e-05
6.83844780921936,3.3239141198025366,1.431343116526169,-21.84373442287528,-0.07190515209095158,0.11234017026310482,-0.13642880098214225,-0.5513390331935777,0.018208848597484676,0.2882008150587847,9.295547533609932e-05,-3.14136080410886,-0.00014426767298893184
6.848526954650879,3.057500124934924,1.1457341858499304,-21.883483960077882,-0.06817483948141911,0.10454533477686828,-0.1265074717654948,-0.5513483756262292,0.0181887993442382,0.2881795337070872,0.00015267555816797008,-3.1413378047177307,-5.222335497268218e-05
6.85645866394043,3.070864592473675,1.366323711273266,-21.83250913212993,-0.06705428319557705,0.1032943074562205,-0.12728649037722933,-0.55133385099159,0.018207192450364947,0.28809828765446543,5.026816336966719e-05,-3.1414217273188663,2.5780191888553797e-05
6.866465091705322,3.3060852256654005,1.4649913668150825,-21.706644858075972,-0.0694075353125998,0.10872673483841862,-0.12732706128526908,-0.5513421559935191,0.01819682386793632,0.2881288693134289,0.00010354930483495789,-3.1412957164916135,-0.0001236493702733142
6.874464750289917,3.148885752131436,1.3733485285559213,-21.638151613710402,-0.07425006887941432,0.11020380112427293,-0.13803311423362252,-0.551344747688782,0.0182131366247893,0.2880699329391819,8.068910438750992e-05,-3.1413240670943527,-0.00018652243984728376
6.88451886177063,2.885353567540068,1.217453970444072,-21.618101117876424,-0.06895698006316153,0.10379664898892704,-0.1331586082822407,-0.5513563848561011,0.018228414334964502,0.2880556622689673,3.5981228765583653e-06,-3.1412759701451742,-0.000209145634930497
6.8924994468688965,3.310675953358345,1.3100872549851252,-21.702314584293482,-0.06504965081583257,0.11102292403558486,-0.13259990451789838,-0.551351603209437,0.018239332642551443,0.28800224883445624,2.7274354237778677e-05,-3.141329838809059,-5.309899481766952e-05
6.902402400970459,3.1520948986790076,1.1558461913315563,-21.7506305921749,-0.06410761052309676,0.10721546107540555,-0.1302723771079508,-0.5513373841942011,0.018233588989755013,0.2879591958149487,3.5094210319466796e-06,-3.141358414397702,-0.0001618805016487857
6.910490036010742,2.9160500830704894,1.2229026054942131,-21.855442624006844,-0.06898362117128486,0.09239878827152997,-0.13080885532401143,-0.5513457592072502,0.018206884146712374,0.2879326411386335,0.00012669502238658458,-3.141312546150925,-0.00018952222432373476
6.918512582778931,3.1163681778628924,1.4443321611429005,-21.782437326409013,-0.0706303347783367,0.10490300276532645,-0.13404188895882518,-0.551334617652562,0.018198077148007905,0.2878827525328084,0.00010115340652834035,-3.1413682350621888,-0.00021936168441408314
6.928427457809448,3.151628656178179,1.4574546970741395,-21.79721818606668,-0.07024723997147997,0.11367950850875419,-0.12802829257394316,-0.5513446658235294,0.01818111958227925,0.28786682270981345,0.00018513988539845192,-3.1413728297167305,-0.00012224470467084975
6.93846869468689,3.5366372060653912,1.4399572332980841,-21.960054794065233,-0.07209109863974326,0.12061996282808425,-0.1345496062824057,-0.5513340042378895,0.01819882333103791,0.28777743068678174,0.0001033552801285274,-3.1414376197989857,-6.269596732581318e-05
6.948452949523926,3.15786872981884,1.0370627427333003,-21.879646600553095,-0.07044767817276262,0.10488081954449076,-0.12152321380508355,-0.5513584302119051,0.018200816055274602,0.28779300887086123,0.00014168709969576666,-3.141318074036398,-0.00014303265316688925
6.958474159240723,2.97350146379386,1.350655872038448,-21.775116479201643,-0.07149930090173573,0.10113801048476766,-0.13017839211684162,-0.5513492623052864,0.01820514402461435,0.28773057595759655,5.868266959244963e-05,-3.1413734327931935,-0.00012461380613846312
6.966494798660278,3.2045624985543326,1.892184389301053,-21.745539678498112,-0.07760388076409984,0.10799337282684444,-0.13333474349993965,-0.5513438867011471,0.018200708975421198,0.2877018170611282,8.048912466393909e-05,-3.1413702913924926,-0.00018620362531675662
6.974506855010986,3.009573748154384,1.520669639207647,-21.73739136630615,-0.06907627947828204,0.10115935025293683,-0.13307169227973153,-0.5513511300735046,0.01822505553615688,0.2876747472172722,1.0949183194830018e-05,-3.1413286045147206,-6.342671245593217e-05
6.9845006465911865,3.0156342234846254,1.5068444478880902,-21.67600552728159,-0.07421341616615673,0.10753034377377353,-0.12830128008935185,-0.5513519673833513,0.01823340948990443,0.2876538203200084,5.641444919223355e-05,-3.1413303267979344,-0.00011604654477296858
6.994447708129883,3.01996537996685,1.4764428451274,-21.848805082888916,-0.07470594344772016,0.10459903924736498,-0.12988515735035736,-0.5513603001900598,0.018209831638886956,0.2875898740706749,5.436859387097821e-05,-3.141371798104844,-0.00011626865955620795
7.002432107925415,2.830523245894782,1.0033959827140648,-21.928975976411916,-0.05937300926962832,0.10327436679560754,-0.12126098480343914,-0.551339139027583,0.01821118103770324,0.2875590101032473,4.383700492124648e-05,-3.141381199287357,-5.0058274898501106e-05
7.0124571323394775,2.7979656470562158,1.261261841789635,-21.6727218281849,-0.0648091257559878,0.09902969405296555,-0.13153928246432844,-0.5513433623394272,0.018195189089674196,0.28751220710159875,0.00013539850724490204,-3.1413893120938075,-3.178877398646159e-05
7.022496938705444,3.348000882774641,1.3822026520714437,-21.805961142390814,-0.07452266486525065,0.10694518119197552,-0.1301835166639492,-0.5513427186653113,0.01818044710172752,0.2874647139577213,0.00016131041367329238,-3.141451791989996,-5.951906770774581e-05
7.03255820274353,3.081013080925641,1.2278111669842713,-21.755187936326255,-0.07154750456717486,0.10082688819946006,-0.12885324264771228,-0.5513522480537353,0.018227005864506887,0.2874579587895371,6.553710311033469e-05,-3.1413914568255406,-0.00013434175189872696
7.040488243103027,2.8647365053226714,1.1173966861285203,-21.955689916275762,-0.06259528549754559,0.0968263101864085,-0.12483112004952186,-0.5513503881219785,0.01823002464842792,0.2874560955059494,3.5951064448916675e-06,-3.1413170410446103,-0.00018733134512772173
7.050441026687622,3.0583720001981285,1.4175681947937113,-21.818411312238414,-0.06652739727366964,0.1051319431074819,-0.12167775964787603,-0.5513597740691228,0.018209317040156978,0.2873786527764274,0.0001251016353461925,-3.1413831897223887,-0.0001500442360895578
7.060470104217529,3.0074218370096566,1.1285290972115531,-21.843945913033853,-0.06705822506151089,0.10830214019048995,-0.12479410348826168,-0.5513554214439584,0.018204075760649044,0.2873457659028535,0.00010707307580789319,-3.1413850003705233,-8.725261897295457e-05
7.070584297180176,3.5929139273541404,1.0810241266818699,-21.823599327368424,-0.06647421575158645,0.1196586879975931,-0.12890908096507075,-0.5513353462025237,0.018214066376697077,0.28730433745991424,5.119702106794656e-05,-3.141397129816839,-0.00012237694119852187
7.080420017242432,3.109508403377158,1.074104419369325,-21.80534310958957,-0.0633102878780872,0.10696985317424783,-0.12098241029632995,-0.551346348378536,0.018204025158146783,0.2872954384436375,0.00010372360540525254,-3.141332217585951,-0.00012447813402191978
7.088499307632446,2.8422137503029354,1.0621600442701404,-22.019902876045524,-0.060161889544747285,0.10399491110892341,-0.12710479382672785,-0.5513391161892083,0.01821565832756249,0.2872508756893569,3.939195925770595e-05,-3.1413502188642886,-7.847840016647452e-05
7.098474979400635,3.196295755781824,1.166817283484112,-21.973013848094602,-0.062273977909342595,0.10160692422980358,-0.13004061421759816,-0.5513175218879296,0.0182156102149344,0.28720831887710063,1.5605965914365182e-05,-3.14138217642075,-0.00016239514190189658
7.108482360839844,3.2212917435316375,1.4690952172704643,-21.81695858957607,-0.06948905332147062,0.10910220241419759,-0.13407834487213352,-0.5513451268501095,0.018197564729010015,0.2871753447123394,8.090371758776839e-05,-3.141337871799543,-5.8682010489863974e-05
7.118471145629883,2.8972524501887627,1.2044623225231526,-21.86062449071024,-0.06720314545875263,0.09670114842644809,-0.12074249735840413,-0.5513555055938831,0.01821639691103561,0.2871554286482613,5.545903522258671e-05,-3.1413045963808344,-7.77999071295944e-05
7.128451347351074,3.212129366160088,1.5395483674801562,-21.938980371654342,-0.07501556496289556,0.10717459486634512,-0.1324280296007309,-0.551358042648744,0.01818842081122499,0.2871164176335672,0.0001317565770180093,-3.141270567399075,-0.00017388249048018746
7.136530637741089,3.0656716462339264,1.5115503680818052,-21.996658399034082,-0.07202365106874582,0.09941854936124607,-0.12215303037267751,-0.5513307353649041,0.018216210959954914,0.2870559877548462,4.389433125202127e-05,-3.141363901258547,-0.00012543377348940929
7.144550561904907,2.955292031162744,1.2963848100963125,-22.01579246336911,-0.0633169166184487,0.10814487643441144,-0.13036620992508413,-0.5513220232637244,0.018194402146979663,0.28704913749492883,6.399942127641925e-05,-3.141328857891748,-0.00012203253255471685
7.154486417770386,3.273071035065011,1.238615190485655,-21.923188720858345,-0.06816597666807463,0.1065789188271459,-0.12931879983637906,-0.5513401891608187,0.01817621769991951,0.28700816492050346,0.00020011327210274238,-3.1413483921560545,-0.00010513335821134342
7.164510726928711,3.586176897048754,1.064536122020114,-22.05859785314407,-0.06345489389032864,0.12016170179652638,-0.13522600172394006,-0.551350154435054,0.018204981949746995,0.2869771370431833,4.695518986766999e-05,-3.14130003500569,-7.23768511725525e-05
7.174502611160278,3.45276777762268,1.2991026461992383,-21.850094763918104,-0.06916755304388011,0.11269504331454261,-0.12887997641764665,-0.5513435422033441,0.018182672565742238,0.2869455452049956,0.00014243625675774488,-3.141276857913088,-0.00011395259411674356
7.184530019760132,3.611936442660741,1.3781317336988368,-21.8264395938523,-0.06817961891525189,0.11838711342217113,-0.13365238004672314,-0.5513445579635615,0.018205793513137142,0.2868688895189676,0.00011962414073994036,-3.1414007149240932,-0.00014300273995400555
7.192487955093384,3.2396458040684504,1.477929856819626,-21.875156891459895,-0.07689611851795948,0.10573486019525619,-0.1357918452639375,-0.5513380919984759,0.018179750832685818,0.2868258419205474,0.00017199649962073232,-3.141353241982544,-3.1742367504167115e-05
7.200480937957764,3.508022288877372,1.3343633093616791,-21.881692534518198,-0.07127104990561996,0.11790973077713358,-0.1316320849966067,-0.5513444948760867,0.01817184810728899,0.28685080479640634,0.0001962009479167294,-3.1412864045785884,-0.00011763492027163715
7.2104880809783936,3.2532592742857807,1.2568760265557408,-21.940082886239555,-0.06440149736004273,0.10607074672032248,-0.130180490632475,-0.5513517369077303,0.018175096967472763,0.2867880176909695,0.00015415272139752596,-3.141348359774546,-8.007659076147057e-05
7.220533132553101,2.903720660275888,1.355495247591587,-21.83926845005251,-0.06961835488667159,0.101226970385633,-0.12950716418114466,-0.5513371264770709,0.01819162221010232,0.28675955482157645,0.00014869373882998665,-3.1413070735012676,-0.00010476484843738724
7.230505466461182,3.0972032754866974,1.261961350883997,-21.84451298402909,-0.06889427969246607,0.10542636345293345,-0.12447277913469378,-0.5513466133147275,0.018226279395683453,0.2867082817922157,-5.96353439425128e-06,-3.1413754201305366,-0.00014316354923400983
7.2406165599823,3.287344724433458,1.3125200836763706,-21.76776903495458,-0.06984221351427115,0.10510594292144615,-0.13180742081630903,-0.5513546152890358,0.018223167608116125,0.2866810285566226,3.463262586852198e-05,-3.141350221258692,-0.00018347200847296163
7.248552083969116,2.957715922745005,1.2041918008729091,-21.844359668134004,-0.06456334344940917,0.10101510280082404,-0.12528841909641383,-0.5513487353679339,0.018196277592972012,0.28664445012153267,8.628589865749139e-05,-3.141352759550053,-7.049263361648807e-05
7.256469249725342,2.7178873041984972,1.2022758353801493,-21.897425566410618,-0.0659233939053707,0.10021632623241909,-0.12437620778648627,-0.5513275254824468,0.018194873327019582,0.2866052628267476,9.999860058202994e-05,-3.1413588660212897,-3.827958600792951e-05
7.264478921890259,2.8557028368244355,1.3912290406213619,-21.982442464842027,-0.07221333658396259,0.09786021561301124,-0.13254227892362241,-0.5513464057510966,0.018187122922043664,0.28655923526577576,0.00012039105390059524,-3.1413622146572737,-7.744997756031389e-05
7.274473667144775,2.8888564061986663,1.2777473090339562,-21.967742204724264,-0.063146010274062,0.09696255801558264,-0.124634718609661,-0.5513459288333226,0.018187110076784814,0.2865318097430595,0.00012503114944097585,-3.1414039518703234,-6.0962735877657465e-05
7.284589052200317,3.039246841484371,1.1235250575507043,-22.109653455658197,-0.0604692102791378,0.10316309763081272,-0.11891422396944182,-0.5513474654741913,0.018195488989270082,0.28654819309670504,0.00015928904881063252,-3.1412750206594096,-0.0002456486550755897
7.292508602142334,3.3537414935344367,1.4161087611572076,-21.712702582065983,-0.07340690939849506,0.10689323049321585,-0.12486367956925783,-0.5513574782673477,0.01823021569203552,0.28648132114482183,1.9135249286102454e-07,-3.1412943120781116,-0.00020119903224258612
7.302478551864624,3.0707409652189255,1.4297911091461268,-21.80767807536539,-0.07093351590538807,0.1052687687631931,-0.12904857749413987,-0.5513517665310445,0.018215011621629803,0.2864611082964307,0.00015394087007355043,-3.1413163922663006,-0.00015767482837558016
7.312536001205444,3.0064154609103086,1.685750603610019,-21.749140008951823,-0.07707658492496326,0.10352626181884902,-0.13364797939378964,-0.551345656593168,0.018204671001263134,0.28639609946454153,0.00014296981625817835,-3.1413603708575275,-0.00011701440973245359
7.320504188537598,3.252077605256817,1.581321731421493,-21.801123295248725,-0.07507423355379943,0.10178035876239618,-0.13062324493525743,-0.5513382908970784,0.018201380868638713,0.2863706184650239,0.00013223755194053576,-3.141303995367035,-8.77495342819671e-05
7.328458309173584,3.1942120601538946,1.5597215998267893,-21.812580891186972,-0.07458997783920271,0.11251568612219888,-0.12869840588771825,-0.5513504492824813,0.018210501223646314,0.2863332425364143,0.00013212550677597915,-3.141387347112515,-0.00013920351101707053
7.338566064834595,3.082538101669359,1.5557061644160837,-21.693811379531148,-0.07148888778478663,0.10509156353445921,-0.12764416887900182,-0.5513279849479392,0.01819506010802749,0.28631495269961793,8.081857812187135e-05,-3.141341437536305,-0.00012398830588217607
7.348479509353638,2.797075087048788,1.362597471700228,-21.882110613195874,-0.06938053353204215,0.09685543321817867,-0.1220631707633842,-0.5513521525751217,0.01820394811460987,0.2862758220634637,9.526272369672094e-05,-3.14133077273462,-0.00023638957326112847
7.358467102050781,3.1931533893948942,1.379354273650864,-21.778640627982387,-0.06887681539674209,0.10452176307244256,-0.13154677098155096,-0.5513411241552715,0.018216204177374514,0.2862534747536475,8.928332525295592e-05,-3.141305000529142,-0.00013221879147454205
7.368528127670288,3.0258400879563285,1.545126575578803,-21.990349052685588,-0.07420421517694925,0.09724708266339833,-0.12276005692448018,-0.5513513209981707,0.018198399210413416,0.2862231737135275,0.00012171380958164023,-3.141278717937537,-0.00017839766212933964
7.376464128494263,3.203471589757819,1.4882738871446455,-21.750370919696252,-0.07305376636438267,0.11299750021077798,-0.1283803613577843,-0.5513603924764314,0.0181971027763962,0.2861759085977607,0.0001623537152703933,-3.1412820286435985,-0.0001544976374649003
7.3864076137542725,3.059150255931836,1.656915344074578,-21.73219869311036,-0.07772830349227876,0.10411306819282466,-0.12816221472562384,-0.551360898790404,0.018206951881382504,0.286147930079662,0.00012284348627494655,-3.141325102088189,-0.00017554216664752534
7.394549608230591,2.9800797574425517,1.328721987555473,-21.587676819201835,-0.06867891650909687,0.09403316485717723,-0.12473214617191883,-0.5513570687012164,0.018193689052109635,0.28613059310267513,8.642581594571059e-05,-3.1412624153214277,-8.851252577843919e-05
7.402533292770386,3.492346527493723,1.7610920050744883,-21.815352237931943,-0.07771236976125863,0.11212909441232952,-0.1304764418134797,-0.5513445074060728,0.018211414601462722,0.2860312811002752,9.963492921025156e-05,-3.141375193354806,-0.00015857121758327075
7.412477254867554,3.1272264015380418,1.6141966772138723,-21.745741768736533,-0.07272808044610116,0.11281176546671942,-0.12479070113298874,-0.5513623109840535,0.018203782174089595,0.2860555050418936,0.00010775670722919592,-3.141263429513792,-0.00022620784919095838
7.4224841594696045,3.307388613100068,1.3353801424155978,-21.690039469304214,-0.06769293048955624,0.11486108608740005,-0.12307934355656736,-0.5513420391284076,0.01822763711949751,0.28599773646106685,2.3127331211646665e-05,-3.14132359814814,-0.00016601237225720913
7.432496786117554,3.3662998398385784,1.3096805869334092,-21.818560495915317,-0.07118154412889031,0.10552613060706598,-0.1284638528450756,-0.5513586188213674,0.018200837954500258,0.2859787812850651,0.00010271251223721525,-3.1412657056179505,-0.00016021523817967863
7.440617561340332,3.0820750189424815,1.3891547000433737,-21.913419959263024,-0.06743665912311426,0.0997028296673813,-0.12961930940615482,-0.5513454737851939,0.018199824901289754,0.2859276062705468,7.203484974766796e-05,-3.141307116640246,-0.00011930540764359435
7.450464248657227,3.611668827659702,1.6445344623382712,-21.817348509598144,-0.07435344230232847,0.11832123882894297,-0.13493846023057424,-0.551363338322479,0.018218108872892914,0.2859180269548103,7.854344296318482e-05,-3.1412708684345803,-0.00015550106514168434
7.4604716300964355,3.6309425154519945,1.5235919058171552,-21.86973341603773,-0.0685514924794396,0.11612618821924352,-0.12849582255983072,-0.5513435688925058,0.01819732202357442,0.28584104022664525,0.00010668633311109111,-3.1413310014459164,-8.021313856961101e-05
7.470446825027466,3.205730262298735,1.6176706078487915,-21.88967480675817,-0.07949799821055258,0.10676857857892645,-0.1313858924584248,-0.5513619878799263,0.018218448810031977,0.2858366013720201,3.582213979164965e-05,-3.1412423493893753,-0.00015358542986322772
7.480463743209839,3.123526293608815,1.4938181862977535,-21.957824379040357,-0.07054577847025625,0.09999082394535387,-0.1250939474388046,-0.5513512185741751,0.01819233300559821,0.2857671625418235,0.00013889439480015944,-3.141349911142162,-0.00013225064057521848
7.490548610687256,3.3087124250545186,1.4488185977729355,-21.835103927178928,-0.07273124972935638,0.10597801951793775,-0.12583208082324954,-0.5513615975955913,0.01818879722233854,0.2857724537109333,0.00010712028451819431,-3.1412213807415332,-8.869640169644896e-05
7.50052547454834,3.305666131053744,1.6635093867687503,-21.85455188370561,-0.07328083414944934,0.10620214222815548,-0.12179228841291434,-0.5513467491372227,0.018196901929034476,0.2857123351432827,9.61208802600523e-05,-3.141268104938753,-8.420461429004275e-05
7.508587121963501,3.4216804437044077,1.150216825448853,-21.74228744716477,-0.061862020254337055,0.10941505366131322,-0.12760158240078245,-0.5513459020664407,0.018193394296652548,0.2856647695011867,6.462071426717718e-05,-3.14130910966622,-0.00012839683864785168
7.518442869186401,3.352855953210718,1.4956997147935067,-21.732119070507917,-0.07363726020787609,0.10768272549582732,-0.12418185476646322,-0.5513569882072296,0.018208306109976872,0.2856587819148035,3.974916598289618e-05,-3.1412630148159666,-0.00015493085000907719
7.528518915176392,3.258287288554023,1.416700304165968,-21.66994449912065,-0.07003955052735675,0.10318702272956354,-0.12363059478197742,-0.551350356498718,0.01818552619855711,0.28558043734966676,0.0001223308083127247,-3.141339728135558,-0.00010663553646175456
7.536576509475708,3.283014427683695,1.2857956888110595,-21.631680886847924,-0.0652682003640446,0.1067076134334614,-0.12792101713661416,-0.5513603280259212,0.01819890854264748,0.28558151381993074,9.867699649097787e-05,-3.141235887117563,-0.00011127166045376253
7.544464349746704,3.405373952739169,1.3697999263395406,-21.73518300795817,-0.06815081145988464,0.11196016386179115,-0.11774503855505913,-0.5513550231981507,0.018228058409267393,0.2855473198228188,5.619267346803834e-05,-3.1412989321002645,-0.0001778534248983405
7.5524632930755615,3.38091409639424,1.5760437287185802,-21.752885648259973,-0.07210123056646038,0.11041164947077084,-0.1211050773876157,-0.5513548700838771,0.01818597144976919,0.28550194498107984,0.0001470891331830823,-3.141292795402354,-9.659156311342577e-05
7.56256103515625,3.313869975713998,1.5423180544784978,-21.657601673320254,-0.07053569439644215,0.10262546320507472,-0.1276278889141856,-0.5513461548055903,0.01820061016146239,0.28546146046065307,9.454261119471415e-05,-3.141334150009604,-0.00016092987577935496
7.572504281997681,3.4325362743846317,1.3515862170833144,-21.718533471440075,-0.07544111186783493,0.10438308398119533,-0.12464160604087682,-0.5513653083709379,0.01820182697907864,0.2854436108448766,0.00010829175352466562,-3.141261564966648,-0.00012743514976379752
7.580536127090454,3.3801784428371175,1.759418054132016,-21.493038260464182,-0.07956580769399986,0.10315687601825693,-0.12145698857251175,-0.5513502893912815,0.01821369493413464,0.28538163102317693,8.52241670145416e-05,-3.141318396997715,-0.00011145661806246416
7.588463068008423,3.232564688207653,1.7230626356953582,-21.60462524566966,-0.07289994146132896,0.10793046014829408,-0.1276589238386664,-0.5513522753665477,0.01819542577019702,0.28535255265517984,0.00012412133081991984,-3.14132641999933,-0.00020937878782490148
7.596449851989746,3.06774887569609,1.3668938028160356,-21.715413070653774,-0.06874102557702644,0.10696229617415594,-0.12113410909166489,-0.5513539937823883,0.018233180028533337,0.28533379478977516,-1.9864496343039787e-05,-3.141310418239477,-0.00018972673966669045
7.604550361633301,2.8784046271851573,1.443503825302002,-21.832942878223285,-0.07373811099958331,0.09785508980169756,-0.12273057502467563,-0.55135529716648,0.018208484796931153,0.2852774857111085,0.0001364463035555728,-3.1413156940112814,-0.0002207689332258447
7.612504243850708,3.596492229733564,1.5587746939386744,-21.69914857772541,-0.071067628784951,0.10851239106679736,-0.12299332332732757,-0.5513541063332108,0.018221026098810964,0.2852454417429014,9.244690680109677e-05,-3.141353705090593,-0.000122617469009131
7.620485544204712,3.098689371015172,1.431712960625859,-21.741414840558754,-0.07067717503276576,0.10964539229579633,-0.12378128855316843,-0.5513547851760927,0.018208681248143312,0.28526364173492497,0.00017799878132533618,-3.1412342054781814,-0.00012190517713004791
7.63053035736084,2.93067020509074,1.0753143379898997,-21.819436788060266,-0.06670941871419368,0.09905753838363276,-0.12350144400382908,-0.5513473512298612,0.01823076553101488,0.2851980774225369,1.766951213825011e-05,-3.141315707653907,-0.00015026528030125314
7.638652324676514,3.5339937715190977,1.7149491158141108,-21.579686060506976,-0.07838175841150329,0.11092751776576264,-0.12746107014099267,-0.5513415473511345,0.018206585565222037,0.285119703630063,6.247105671988953e-05,-3.1414128849735428,-3.304067435190279e-05
7.646586179733276,3.361876741156348,1.6280567083192343,-21.788759353780808,-0.07079567519425428,0.10758840643236003,-0.1311876382763548,-0.5513518726148062,0.018221118887365162,0.2851261442920328,8.950155627011704e-05,-3.1413250604480067,-8.438909742716243e-05
7.654515266418457,3.30465529205552,1.5648463192360036,-21.781810993658702,-0.07878719789613987,0.11148303268447264,-0.12587705087523085,-0.5513448275812893,0.01820998684974942,0.2850852700270016,3.321843454959697e-05,-3.141356280761097,-6.99336468844075e-05
7.662442445755005,3.291906954341442,1.5604947627662293,-21.71119335512489,-0.07214313701632633,0.11318726635540594,-0.13263984217414143,-0.551352947067871,0.018231712580628442,0.2850485194765876,0.0001120983977800931,-3.1413482433625024,-0.0001632362012384564
7.67050838470459,3.518440919584389,1.6625636185113915,-21.699748608567067,-0.07577574062626483,0.10613704081637643,-0.1260414327055461,-0.5513652450054238,0.018214541686677795,0.2850742674356121,8.047370071994714e-05,-3.1412325572344817,-0.00014467392009118567
7.680464744567871,3.138199379711201,1.2816789307871228,-21.756373774433193,-0.06907231944676687,0.10192338182653948,-0.12575537731855194,-0.5513572739629095,0.018213433457569636,0.2850295529064768,0.00011170856042041322,-3.141278911406322,-0.00010561374918968484
7.690476894378662,3.5032036874690333,1.3315823958573223,-21.617043880578684,-0.0676074439630986,0.11605575522603354,-0.12790549561180645,-0.551355006612441,0.0181967896821065,0.28498694082376036,0.0001577619412216567,-3.141285200610532,-0.00024140187009511697
7.69845986366272,3.242912995716324,1.505548026520943,-21.710715591631768,-0.0714386799938091,0.10555908883589044,-0.12198862624929992,-0.5513594025280365,0.01820041434763645,0.28496170297162593,9.981811449662606e-05,-3.1412752810804765,-0.00010383442529381088
7.708474397659302,3.442640829392166,1.1461204522170374,-21.75340063868308,-0.06448165139087945,0.10873572841665177,-0.1225956060949642,-0.5513485488259466,0.018228409636194924,0.2849220511905862,2.407989009716502e-05,-3.1413161416937436,-0.00018784606431243746
7.716443777084351,3.166656671551102,1.60073209539023,-21.691970818944693,-0.07707077227198518,0.09924628042615864,-0.13001060083780558,-0.5513519551988498,0.018212634621060556,0.28488123833109735,-5.740652351110997e-06,-3.141317870797651,-0.0001794558715837982
7.724452495574951,3.286428175578853,1.4689277719550604,-21.659474291828097,-0.07117706197872942,0.11009729117159626,-0.12261041703260232,-0.5513755975399134,0.018218071980274617,0.2848540618086195,7.66318331930992e-05,-3.1412877642045065,-0.00016447721603140913
7.732542276382446,3.3170891434840315,1.1972630352673126,-21.683491335204156,-0.06491238269322071,0.108189370588426,-0.12039381504576567,-0.5513573870793005,0.018214818102127012,0.28486325625898634,-1.3362733196786135e-05,-3.14122264813124,-0.00012083747106602235
7.740534782409668,3.2323441233172323,1.1985816605251112,-21.778222361158466,-0.06189465669679772,0.10064529701506682,-0.12669685611871098,-0.5513550201308364,0.018197938990190496,0.28477458252546106,0.00011018169518208927,-3.1413443049337504,-0.0001342914666659541
7.748547077178955,3.484013144942016,1.292129672267214,-21.544218147781354,-0.06701487088599968,0.10659939093248023,-0.12337735883984931,-0.5513585253521084,0.018190693570831456,0.2847420327242252,0.00015051587715618925,-3.141340833266346,-4.4324726594174074e-05
7.756488800048828,3.2032022931254303,1.3505728226157059,-21.64734967660256,-0.07007365441108189,0.10505193253134792,-0.12009116629369745,-0.551349892533069,0.018177587808471774,0.28472566422465323,9.06787803781886e-05,-3.141318744908913,-0.0001346340265049069
7.766537666320801,3.573242153301401,1.6378906845671313,-21.627583056743127,-0.0738845655839186,0.1140263277292436,-0.12761676295404567,-0.551352836177191,0.018177349205203766,0.28470680463970544,0.00012571373733485044,-3.141306468919686,-0.00016155883694311042
7.7745583057403564,3.1164978899897804,1.207150944280891,-21.571711337380066,-0.06768776782167371,0.10983812596517054,-0.12122909401624996,-0.5513641872809799,0.018215928646967843,0.2846786583013805,6.958462700236035e-05,-3.141216762441977,-0.0001541021517098901
7.782636642456055,3.286093243840367,1.363507148470124,-21.73428188343719,-0.06935830175794314,0.10327791736505285,-0.12095861418913911,-0.5513613411397335,0.018199467039492025,0.28464558638017956,6.331982578255007e-05,-3.141247745725833,-0.00017878961223140782
7.790486097335815,3.2093060315289206,1.5528431763095625,-21.636675583352684,-0.07171987508872324,0.10281910196867616,-0.12490167835186489,-0.5513552747608399,0.01823214361287801,0.2845849435610037,0.0001025481774767433,-3.141346559847563,-0.00014208308000710127
7.800513029098511,3.1624680486577734,1.4860389644255674,-21.82954550323411,-0.07376030695942394,0.10688647654400588,-0.12116119553879684,-0.5513576965161954,0.018195905378766006,0.28460387467596404,0.00013542781351653758,-3.141250719761095,-0.00017682104865025767
7.808588027954102,3.428799062054762,1.5536694412514638,-21.66736731992987,-0.07461891592637965,0.10551091216350224,-0.12368260171807686,-0.5513586598117565,0.018226269928825117,0.28454430840504763,7.160882096199895e-05,-3.141256846130239,-0.00021524333778222135
7.818570375442505,3.123984019350406,1.3201148574678099,-21.63536298479681,-0.06536826387043777,0.10018172006577122,-0.12000700477656909,-0.5513667272030802,0.01819177274888967,0.28453332989276564,0.00016789950609547727,-3.141239881937197,-0.00024980055151555566
7.8286285400390625,2.8159744544274457,1.8567400029300578,-21.653810274399273,-0.07813908516889355,0.09575747659741662,-0.11691982789132144,-0.5513458927736702,0.01820302304421407,0.28446687324478515,9.181414014626873e-05,-3.1413457498675674,-8.529761542087517e-05
7.8365068435668945,3.1239863492388165,1.1923507694169377,-21.743669016247644,-0.06827538996101887,0.10292003780277259,-0.11922002444425665,-0.5513467085053945,0.01820844017420652,0.28446314110352905,0.00012362084362098078,-3.1412603672760047,-0.00013144961830103844
7.844590663909912,3.3031800010929437,1.3992575315060065,-21.733535794917856,-0.07006576148996604,0.10753732880680152,-0.12332397520339286,-0.5513518385425067,0.018204326612298278,0.28444639827934354,3.631806406691085e-05,-3.1411936567759833,-0.00011237968232106266
7.852481365203857,3.2372312928867997,1.6444150372077935,-21.75312168086519,-0.0766272102266182,0.10261640175840854,-0.11862815301657782,-0.5513600906506959,0.01818959118047205,0.28434649034078213,0.00019664752021030936,-3.1413201951867866,-0.00010958084402689974
7.860473155975342,3.4226498372416696,1.2908754134220837,-21.63007230585185,-0.06588453867369325,0.10454554596077027,-0.124088224105341,-0.5513538824667551,0.018192193917316413,0.2843677799078785,0.00014001090945461926,-3.1412553986707543,-0.00010341843341643733
7.868457794189453,2.970271471500038,1.3286304699789728,-21.822808783670837,-0.06596631426742167,0.0966364898322262,-0.12598803296212605,-0.5513484471877754,0.01821481330881178,0.28430275082778544,5.837968407403044e-05,-3.1413286807001057,-0.00013076962954588798
7.8785107135772705,2.8607740808892257,1.2036272675909214,-21.64868214860152,-0.06968508321302776,0.0977582106805353,-0.12325906290350998,-0.551366852650384,0.01820191960178494,0.28430619150273506,0.00011556869188452755,-3.141222539720117,-0.00017771930600843933
7.888502836227417,3.1272327922978613,1.5416110483542265,-21.417793726205726,-0.07439113501698853,0.10148300929284798,-0.12572101167130398,-0.5513485365594354,0.01820233280237081,0.284237545267862,0.00015014998507147318,-3.1413572859558,-0.00010237436562076209
7.898520231246948,3.171555935528599,1.3242963840092534,-21.769640799262234,-0.06767843236298703,0.10037212886431113,-0.11622270892362188,-0.5513408177715031,0.018199393051003154,0.28419301535360364,0.00017566786818565977,-3.141313387498596,-7.509069749077288e-05
7.908491611480713,3.20757328034726,1.4979237229891116,-21.650519065438793,-0.06905622950347444,0.10575483366160834,-0.12574611579375072,-0.5513492848562149,0.01819439654069206,0.28418089411085135,0.00010629021238309732,-3.1412474677920494,-0.00013122660837158674
7.9185051918029785,3.1313950277051887,1.3149255785284302,-21.71691984025957,-0.06918383686575844,0.10082409039803171,-0.11920794586861928,-0.5513599677353836,0.018188380759435716,0.28414532042821716,0.00016434760537342954,-3.141276037583846,-0.00011815798571001724
7.928510427474976,3.366169631733471,1.4918754841575739,-21.713058707081075,-0.07546309266804604,0.10035485004369533,-0.12233611827736944,-0.5513478107689875,0.018199522389561847,0.28413612525178417,0.00011962430653202187,-3.141231242676866,-0.00022791929719014368
7.936482667922974,3.327879309702939,1.4727918388744803,-21.730238947332055,-0.06867769805471823,0.10268134294779498,-0.12333723658744479,-0.551359385741857,0.018203890287457718,0.28405393463680784,0.00011375328322709024,-3.141302949582575,-0.0001383432726738241
7.944556713104248,3.2329923070454836,1.6064022962850057,-21.74496160996981,-0.07428999344710902,0.10947826475762999,-0.12123156603462767,-0.5513460426163451,0.01819867770148818,0.2839899823682373,0.00010248858250889096,-3.141366696524943,-2.2035694796594954e-05
7.954505920410156,3.6609631400928726,1.7511890992914074,-21.62812253572754,-0.08213956531600894,0.10908506040783511,-0.13157643472628497,-0.5513482211077911,0.018201470116903037,0.28396630527976674,9.27353146332722e-05,-3.1413663345055483,-0.00017043058160884171
7.964489936828613,3.244878046723776,1.5772468304666183,-21.710249305730223,-0.07128544814926911,0.09678360201520869,-0.11717127660830937,-0.5513628715891116,0.01820623578132723,0.2839759362058568,0.00010432702617443906,-3.1412315084310647,-0.00012820224801447306
7.9724836349487305,2.95289390253649,1.5558036463092209,-21.793419787317617,-0.06726448467080635,0.09096620216343942,-0.11335171732229346,-0.5513599331840567,0.0182004713810151,0.28392089520885005,0.00017479358621200848,-3.141275202477355,-0.00013686065986231687
7.982526540756226,3.050035257667946,1.4368828231120616,-21.8168870889866,-0.07619306114636067,0.10634044412916319,-0.11777029256840259,-0.5513798519226721,0.0181825374031995,0.28389268061837514,0.00015009028994474938,-3.141246008614008,-0.0001003905569146415
7.990486145019531,3.1970013638405956,1.4314802661973247,-21.79465146466957,-0.07278335118115131,0.1096654113311568,-0.11799529447429591,-0.5513611626486647,0.0181881258548,0.28386877367851604,0.0001389564422915126,-3.1412463077804675,-0.00020711858751904736
8.000482559204102,2.9450558245518645,1.4058046883894935,-21.617760474843724,-0.069139606699234,0.09016606519821582,-0.11949542681900525,-0.5513672501654685,0.018198375760722522,0.28384006543672796,0.00016572481131820488,-3.1412496704215163,-0.00019825043427124033
8.008485078811646,3.222721953313649,1.332927058334414,-21.815778743878052,-0.06340372183679115,0.09827638301209032,-0.12069798271837638,-0.5513538056405353,0.018182373856165966,0.283782807523161,0.0001722756749135921,-3.1413147841648215,-8.299410988647307e-05
8.016468048095703,3.328498401817707,1.3408451518837003,-21.825253196540356,-0.07091007042052887,0.10432188355454688,-0.12539475694408345,-0.5513694696928293,0.01819255142172102,0.28378077361444937,0.00016776303314488308,-3.1412477779467776,-0.0001367244170645098
8.026473999023438,3.19351631918623,1.2684122044345163,-21.820447294979537,-0.06411464245485812,0.10774716487242535,-0.12402836343158345,-0.5513607441267954,0.018204380908673833,0.28368526314298315,0.00011670516790558696,-3.1413297814277885,-0.0001480631987577645
8.036501407623291,3.1952572757285336,1.5658049441533484,-21.77313956574804,-0.07146015264810703,0.10113856050372767,-0.12456263332169706,-0.5513640819663682,0.018180615752566204,0.28367968412151573,0.00017468944555220584,-3.1413120319907604,-0.00015580373063440984
8.046538352966309,3.391207218465914,1.3332929962692066,-21.646631334704477,-0.06344313490223583,0.10370238588366189,-0.12307460678513008,-0.551366991394464,0.018198663660153366,0.2836534244210161,0.00020101192965926793,-3.1412823561603336,-0.00011951303456349443
8.056514024734497,3.034073950600175,1.2878338510455227,-21.82059231436876,-0.06760442321795175,0.09986631508774876,-0.12378128638776424,-0.5513557406645683,0.01820946549669166,0.2835810354561408,7.445932604300936e-05,-3.1413722512678652,-0.00013003488798258927
8.06467866897583,3.269584496058382,1.5110249690409503,-21.706584135890136,-0.0756539243586841,0.10280611277208442,-0.12257560210748487,-0.5513555031650726,0.018171247182386746,0.2835714746126059,0.00020931892575155268,-3.141316684952596,-8.589716033933008e-05
8.07248830795288,3.2077676134541377,1.4533141761945818,-21.592889440732524,-0.06899261521370913,0.10132751260756748,-0.12443769704685824,-0.5513741066000794,0.018185881150225888,0.2835612183247184,0.0002030692971615031,-3.1412172715859796,-0.00012813641158065513
8.082489252090454,3.385642244065982,1.3054661355008115,-21.778849239836337,-0.06870590424028378,0.10598923871288964,-0.12287879851748024,-0.5513676384115774,0.018218252464721415,0.28351535161686403,7.574671676954343e-05,-3.1412528243773252,-0.00015918639748589702
8.09052324295044,3.3807485622525904,1.0865164138773145,-21.646715702596172,-0.06358916532417289,0.10677014606908787,-0.12541159930043727,-0.5513599753822227,0.01819664445631422,0.2834996844648059,0.0001284761765614056,-3.1412698474099336,-0.00020582461013249207
8.100448369979858,3.114408411642398,1.27292842231842,-21.696439312893027,-0.061876888941739434,0.10005465158447072,-0.11504678475557985,-0.5513642671408001,0.018183343423716802,0.28346464206557875,0.00012960114575526213,-3.141226506428496,-0.00010226861396033187
8.108460187911987,3.3133280869158463,1.3980691343968081,-21.81749207069051,-0.06559900924014242,0.10232821887244496,-0.11998295236869742,-0.5513620815791433,0.01822238050073823,0.28338397109543256,0.00010446110175965421,-3.141303163948534,-0.00015516546393544493
8.116453886032104,3.548983755177024,1.2640800738850233,-21.794863241054628,-0.0720746675591567,0.11186807943631868,-0.12273706847238844,-0.5513775602469004,0.018189665509806746,0.28340767963643576,0.00012401352471208256,-3.141234396528548,-0.00014001016257475152
8.12448525428772,3.3318397693371473,1.4704287502479942,-21.816154312401487,-0.07666766629329802,0.11037576695754045,-0.12333471273873038,-0.5513558920328747,0.018206796768589932,0.2833782686188655,0.0001265309762710854,-3.141223088057397,-0.00016308899874646951
8.134466648101807,3.082106837413458,1.624890116638282,-21.687503554128195,-0.07381892513720144,0.10320447161298996,-0.1260533808744884,-0.5513522259451294,0.01822180673099304,0.2832801417282902,6.148201701754156e-05,-3.1413438091769423,-0.00010834503761238981
8.144638061523438,3.1627171557425866,1.4264717731139018,-21.695809668606476,-0.07333880058486565,0.0982845425860764,-0.12653050423860773,-0.5513484345569388,0.018189193407526737,0.2832547601418074,0.00015903529099047496,-3.141325738381373,-0.0001897719475866805
8.154531002044678,3.444167291903191,1.8300719987542153,-21.59673501358524,-0.08032673156116356,0.10353764938017819,-0.12901066075336018,-0.5513646138305727,0.018187746834984538,0.2832528884541658,0.00017311475661548046,-3.1412642813255127,-0.00019748650452153192
8.16247010231018,3.634695715011106,1.377494039158965,-21.66355268899479,-0.06989487593840747,0.11200273788163082,-0.1278977430332404,-0.5513675090251154,0.01819339603896095,0.28322530370370846,0.00016703813974367255,-3.141256459342236,-0.00017330642080472881
8.170478820800781,3.3085654043077515,1.6347337142650433,-21.622572300508896,-0.07417151754586683,0.10520493973063975,-0.12846858057585975,-0.5513642446169991,0.01822671796522525,0.2832093469583974,2.064901627531346e-05,-3.1411880181048635,-0.00016821506687614065
8.180623769760132,3.1132250543158158,1.5608910520502213,-21.81847544960387,-0.07635239468526561,0.10177480947017764,-0.12537838263711262,-0.5513579150573161,0.018194175375454893,0.2831283706759889,0.00011668712082874468,-3.1412707605804866,-0.00011253742876909238
8.190520286560059,3.3248892251348705,1.4337302147788493,-21.47973510878066,-0.07632636091113086,0.10189495591240268,-0.12186922752705229,-0.5513622803236764,0.0182144936885815,0.283113638609415,5.5797065235322076e-05,-3.1412459648822946,-7.349673616582746e-05
8.198487997055054,3.3001553446584624,1.3496739042641621,-21.655972209767672,-0.06858622703381341,0.10129077142113478,-0.12167183168154302,-0.5513514353859131,0.018190483695959523,0.28307950006474786,0.00015664179167741184,-3.1412864984267155,-0.00011569398835486619
8.208509683609009,3.1904579710155687,1.2680031474473297,-21.87041595473652,-0.06806725596452466,0.10195430864390236,-0.12243893141595809,-0.5513564624285167,0.018221939669613847,0.2830224386133013,0.00010071722891070287,-3.141309997550763,-0.00011540422106803235
8.216469049453735,3.4414928781469993,1.5035577977107795,-21.777052782569335,-0.07454378979849322,0.10969931565027839,-0.12607872512997562,-0.5513492255965127,0.018212390094208216,0.28301632895200296,6.83827882598481e-05,-3.1412853980935824,-0.0002186573595093913
8.226475954055786,3.05708417815494,1.6590347508254166,-21.71046919087532,-0.07541326928622336,0.09904960867344315,-0.12286348408044886,-0.5513587793390561,0.01819670082544327,0.28298064187639477,0.00012129642728653729,-3.141303064489647,-0.00017614538890991697
8.234474182128906,3.5527346454772935,1.5558966173698456,-21.498908099483447,-0.07394764149994118,0.10501358641531422,-0.12667617109974444,-0.5513549771506618,0.018239156056559024,0.2829120287607879,5.729598414730355e-05,-3.1413411599784227,-0.00016530511236699129
8.244527339935303,3.5905921212254017,1.6725074937915687,-21.657138494406208,-0.0763173328455789,0.10822640614350662,-0.12599071233845494,-0.5513629872150375,0.018195142445789233,0.2829039549068166,0.00010443322597719343,-3.141287192639242,-0.00014230340787882862
8.25455617904663,3.2362523130096057,1.3996045619243496,-21.665449156032736,-0.07096838211006869,0.10095720890555701,-0.12377012072239063,-0.5513690000212154,0.018188835110525294,0.2828494360587014,8.527181153116837e-05,-3.1413011816459777,-0.0001532153984136655
8.264453887939453,3.20639933567244,1.1347934759623186,-21.70503945815015,-0.06336001868602364,0.09979379793651304,-0.11920468464167322,-0.5513727680070516,0.01820566204185164,0.282826819644518,0.0001422760435486893,-3.1412790733775466,-0.00023266983250262027
8.272463321685791,3.297966097009251,1.6014960933350328,-21.581353066570152,-0.07349758128454653,0.09848506432744501,-0.12441382314036517,-0.5513747157417951,0.018204777306317088,0.28280289926855895,0.00011084454430396946,-3.141240653357522,-8.588356234288949e-05
8.282431602478027,3.514962678984942,1.6011841333657737,-21.745758658987626,-0.07332067934045121,0.10327868601707824,-0.12109616884197953,-0.551353215747448,0.018206218819220254,0.28276213492730107,6.844116974733527e-05,-3.14131757322483,-0.00010487782781264899
8.290490627288818,2.987509206381467,1.4823662281758583,-21.928632371775507,-0.06593959157202013,0.09569294139189237,-0.1151264866022227,-0.5513608677851065,0.018199208202104026,0.2827110577930731,0.00014620816831206973,-3.141294995846517,-0.00011409060260569641
8.300479412078857,3.141177181396013,1.5993937224205268,-21.678125038057885,-0.07883513500312934,0.10375307505851412,-0.12292640198894168,-0.5513561322619803,0.01821743885463927,0.28266188395669467,7.058586313412775e-05,-3.1413271589970018,-8.746141815100332e-05
8.308489561080933,3.2458107546571218,1.6429288347095403,-21.717932116572516,-0.07909830398235185,0.09980572342386601,-0.12271040034478654,-0.5513661176883833,0.01819419759715018,0.2825974136624036,0.00012856404796399056,-3.141425812972419,-9.671004198891843e-05
8.318520069122314,3.3220945355127163,1.5309169983715096,-21.68748535020492,-0.06540758227123349,0.09507650359654067,-0.12097084518660296,-0.5513742837509813,0.01818947166173947,0.28262545836477104,0.00024370075120130484,-3.1412502674379335,-0.0001325678666570557
8.328561782836914,3.2862990431288788,1.6736697525218258,-21.806747834272773,-0.07186862331034662,0.0985238487837538,-0.11706094467898762,-0.5513579961845444,0.018171295864660514,0.28255236373278825,0.00023738748414538511,-3.1413732830546555,-0.00011209565500545896
8.336459875106812,3.1305814709715145,1.4852191336806964,-21.9210825799032,-0.07524277820656872,0.0969030976088007,-0.11684931699260702,-0.5513554959410172,0.018191866519673822,0.28253108440917263,0.00017577335375796126,-3.1413043329921266,-0.00012892547431866746
8.34446120262146,3.2548045945112793,1.1975344056292776,-21.834152756932877,-0.06921550755174997,0.09903557641508828,-0.12017438572087832,-0.5513531291784546,0.018212371413459816,0.2824983673145233,7.419471298490162e-05,-3.1413470960315766,-0.00012201020911342655
8.354559183120728,3.19796185483495,1.541823468849321,-21.877505348825196,-0.07080659567045997,0.10498193320913059,-0.12509980217870767,-0.5513589746386137,0.01820014467771382,0.2824680782641959,4.307070676304015e-05,-3.1413019760858707,-6.676856752732981e-05
8.362548828125,2.960487390576966,1.6232640142473302,-21.687363355744438,-0.07097747773127926,0.09528136869929783,-0.12256931312667667,-0.5513707739731182,0.018222847127627857,0.28244654500628,0.00011396801091892523,-3.141238928414251,-0.000183794398098361
8.372501373291016,3.290199716900807,1.4293735135149788,-21.753570319789496,-0.0722712207624514,0.1040546836638842,-0.11761061169591897,-0.5513620174050495,0.018188846123961662,0.2823981867832217,8.27305477345029e-05,-3.1413151369575836,-8.868009903098946e-05
8.380614995956421,3.3749796910453207,1.5889965680394316,-21.68081239847211,-0.07679954809857387,0.09991183779155278,-0.11982277315034302,-0.5513745037208847,0.01820904455927718,0.2823891274750543,0.00013516290487199282,-3.1412640706869523,-0.00015705345810958308
8.39049744606018,3.1287555709873924,1.4601623100901167,-21.64008362482071,-0.06635871416757728,0.10353496544012328,-0.12110243861304872,-0.5513645984474357,0.018192542052997734,0.28234699424258247,0.00012897297170509335,-3.1413033769261434,-0.00010476386862607404
8.400450706481934,3.4343136596892285,1.5085791793606216,-21.72482291267495,-0.06957154474487172,0.09971678084644058,-0.1212879413942996,-0.5513656091221772,0.01821215996599505,0.2823276670899631,8.61198674197018e-05,-3.1412250929805525,-0.0001242080315394722
8.410481214523315,3.3209674548928234,1.4192474119713283,-21.67863311505876,-0.06682899153907286,0.10139752215585339,-0.1201286431265436,-0.5513790832730457,0.01822836392250816,0.2822988409568267,6.181465382386097e-05,-3.1411865283953033,-0.00027076318510868916
8.420495986938477,3.2971288353909394,1.3436970939826411,-21.744649126513814,-0.06755299091460884,0.09619911823339311,-0.11537755717033546,-0.5513820658192021,0.018192838590644418,0.2822696803287782,0.00013743482928160218,-3.141167746679042,-0.00016267114561859187
8.428428649902344,3.308898114408448,1.418330316657995,-21.733466132181054,-0.06443817084687309,0.09840887076290666,-0.1118617844050291,-0.5513625641337628,0.018198552184008447,0.28219550937225946,0.00011389359421672189,-3.141291296622289,-0.0001147272927440756
8.43647837638855,3.402416662783099,1.5591296266514976,-21.75490936705032,-0.07178324139409782,0.10209344440681745,-0.11847337678123902,-0.5513485296388949,0.0181870755412438,0.2821535618508838,0.00015252258705624125,-3.1412864881381117,-0.00014331969826635122
8.444493293762207,3.2810377171095912,1.5285932366403263,-21.841420849807474,-0.07468974046930935,0.1030509826776058,-0.11775373026791283,-0.551374723438966,0.018188467673313256,0.282123529600133,0.0001345311357561021,-3.1412526788281565,-6.302374341624997e-05
8.45451021194458,3.2735412403397244,1.3201175090883963,-21.890504916424984,-0.06231446904957752,0.09793943509853024,-0.11847563466488072,-0.5513672603147969,0.018196385514075354,0.28215317691779274,0.00011650159799229547,-3.1411548686017188,-0.00022866602894527463
8.46446967124939,3.1816984958216286,1.4712741920512906,-21.70756945804207,-0.06785279007107231,0.10477062763699316,-0.11754174364544924,-0.5513699389149711,0.01819424871168801,0.28207281861474437,0.00011654937201001775,-3.1413046052617126,-0.0001536742874163238
8.474483251571655,3.4271286540712946,1.42635851414751,-21.68675958591109,-0.07231022762179373,0.10946038269153917,-0.12405223206655897,-0.5513614423275742,0.018190076983665128,0.2820313194157496,0.00011089776717026069,-3.1412881709474334,-5.9861374362628735e-05
8.484515905380249,3.107199130766855,1.4734463405180924,-21.69849420692791,-0.07542339986820999,0.10058197125323991,-0.1201206838839352,-0.5513669819083387,0.018189666672985588,0.282035298333157,0.0002527811009647102,-3.1411893761849856,-0.00014941623273325387
8.492508888244629,3.474453306401721,1.5239793799116517,-21.581629431387235,-0.07227974456204833,0.10913519673424411,-0.12525399511796617,-0.5513770218713171,0.01819290629656611,0.2819708666715182,0.00015862843147090836,-3.141226573800033,-0.0001398546225478718
8.50048828125,3.4156690672742447,1.299332963475447,-21.69791495708609,-0.06727093596508316,0.10389167332285125,-0.12285154825552964,-0.5513745887333042,0.018212240342177433,0.2819247949289899,0.00012031949415237219,-3.14126725681141,-0.0001538826376789553
8.508531332015991,3.112781044562466,1.616347578030218,-21.656371111654888,-0.07433717855296287,0.09719198037563496,-0.1220278179782617,-0.5513646852523758,0.018198066929521133,0.28190210221054024,0.00012637454826987458,-3.1412496074424374,-0.00015577994548587851
8.516464471817017,3.3288380738104446,1.5052687689512758,-21.745273829603796,-0.07147872843669191,0.10567091063421184,-0.12085137607572825,-0.5513863288950376,0.018199009143286374,0.2819101740355441,0.0001536974828046839,-3.141186192294168,-0.00017699855342434874
8.52644658088684,3.6200527706105925,1.823045410010193,-21.58710074516111,-0.07958452431651736,0.1087189613202726,-0.12516208148777622,-0.5513758110850132,0.0182038943258642,0.281818864095309,0.00010838234685539608,-3.141350264445597,-0.0001911082245327825
8.536539077758789,3.192172537870838,1.364383511902964,-21.66768914238664,-0.06732371735674614,0.09527726609959548,-0.12495377918366904,-0.5513594061049895,0.018179174823661288,0.281824329219667,0.00010918257778063758,-3.141210311503653,-0.00015782075550894973
8.544472217559814,3.374858076527213,1.4558703434397264,-21.81612087678155,-0.06857069596166475,0.1048343017138444,-0.11816286211617423,-0.5513631215450074,0.018175790134068892,0.2817475244897478,0.0001947332018229013,-3.141338913762408,-6.809823231708224e-05
8.554532051086426,3.078052896536436,1.3980390627067543,-21.694512043416594,-0.06696182584430707,0.09842308995684437,-0.11713645359857476,-0.5513672514978835,0.018184734073769894,0.28172237775542475,0.000143440882887985,-3.1412896073948184,-0.0001011344415702847
8.564475297927856,3.4266224067558,1.3568697789460484,-21.586366940568634,-0.06885431862355842,0.1012106729237179,-0.1180311920192498,-0.5513702477504347,0.018190005634092437,0.28170191515308873,0.00020076522399718811,-3.141232811541248,-0.00016010573973275288
8.574489116668701,3.587455389921322,1.0764839890355782,-21.653686986739796,-0.0660126326330881,0.09901924650767475,-0.11856657643691232,-0.5513705467663023,0.01817379948717863,0.2816569997317473,0.00019776747483177213,-3.1412570257456065,-0.00014871735133068252
8.584517240524292,3.659198291521683,1.4705653908130008,-21.497095595284573,-0.07304154196086211,0.10420046557098837,-0.12780818370497704,-0.5513717547300535,0.018206384275885126,0.2816380815441398,7.490589642787369e-05,-3.141224267244191,-9.521288472616583e-05
8.592505931854248,3.334737389529678,1.3905973485173562,-21.775972449534358,-0.06858575147332192,0.10223573274765942,-0.1192618435232708,-0.5513906071183229,0.018184481693000853,0.2816111137811925,0.00019290554984937114,-3.1411648615384338,-0.0001280878155769244
8.602454423904419,3.2599093949478486,1.370563949490581,-21.800780340161385,-0.06426804450513267,0.10104535765942167,-0.11792622773131062,-0.5513736954446434,0.018203949546141993,0.2815288115221967,8.455723710141908e-05,-3.1413272073190304,-0.00015473054148516606
8.61258053779602,3.4111483350024456,1.3389892234374021,-21.71892181376075,-0.07143182840501217,0.10182202834380497,-0.11500476535355689,-0.551359994417171,0.018197527384503615,0.28148925059678165,0.00012291894675592606,-3.141340340545189,-0.00017779363478399675
8.622498750686646,3.3959073844695964,1.3123280642786543,-21.721969367171962,-0.07089743724473423,0.10257885283154057,-0.11643694499290398,-0.5513855086601528,0.018205852646305525,0.2815051462352112,0.00015767669806014106,-3.1411947002562144,-0.00019339784080334442
8.632539510726929,3.377763041221092,1.4313325369549048,-21.69921878720631,-0.06778067423949387,0.10161017464602964,-0.12260124580130742,-0.5513813743328182,0.018177108618753237,0.28146959019106377,0.0002085259099506666,-3.1412136424903845,-0.00021166328335191266
8.642468929290771,3.532973070949436,1.6527294551832616,-21.676795157633915,-0.07150185070776775,0.10331315071374357,-0.11873548175438305,-0.5513798167969416,0.018188223220610616,0.28140662950031115,0.00016967490881653941,-3.1412582970432386,-0.00012410890502751232
8.650593757629395,3.3863582032567536,1.408075436779051,-21.554343547560883,-0.06784093970170212,0.10282903134847048,-0.11817611168086078,-0.5513698576556217,0.018189498295487987,0.2813759716325668,0.00014658243368060334,-3.141251191991704,-0.00012669365391734734
8.660496234893799,3.299575940890702,1.4511025414648357,-21.550677480203397,-0.07304438596464775,0.0960274072216489,-0.11500682337184262,-0.5513617616092756,0.01820197763601266,0.281287318006854,3.5920364924888717e-05,-3.141352253929553,-9.861404369689073e-05
8.670549631118774,3.3226402145298497,1.6245520618428697,-21.65413143642561,-0.07370585712702478,0.10429499327025353,-0.11418359631331043,-0.551376731922603,0.018196984995315,0.28128758649045993,9.736007497089095e-05,-3.141271385434752,-0.0001024633902848792
8.680558681488037,3.45649375935421,1.8357871569091873,-21.40949239729351,-0.07976706797549638,0.10394195781671939,-0.11862926466310582,-0.5513762246620316,0.01820860991486055,0.2812605514171863,9.046415195481824e-05,-3.1412101842254314,-0.0001290211677326315
8.688485622406006,3.238801621325382,1.8329170519779847,-21.46875336124203,-0.07625797654008673,0.09935192354781403,-0.11963129970937962,-0.5513639297543722,0.018208797076842226,0.28124974106754486,0.0001874455462046781,-3.1412235706836182,-0.00025745908237722676
8.69851565361023,3.302558333004424,1.3418870345353229,-21.622855930989523,-0.06956447455765562,0.09773550100896679,-0.11817371045645339,-0.5513678979022364,0.018184942778624664,0.28118350448913376,0.00016294127373976214,-3.141256937929854,-0.00013436920820590598
8.708497524261475,3.428054624700628,1.6290921053474778,-21.72778119850178,-0.07311302758846472,0.10135938877454562,-0.10669627047160223,-0.5513784355118048,0.018201955633305386,0.2811382520733947,0.00015143620169133339,-3.141297457357888,-0.00012834337871062815
8.718565940856934,3.590216525325596,1.4714847196797531,-21.80651887122515,-0.07070793667153734,0.10426589154269696,-0.11817158187401197,-0.5513904527036178,0.0182187311301068,0.2811073333652438,0.00014573373221335217,-3.141275041372467,-0.00027474482239729734
8.726486921310425,3.07473247741261,1.3339983116782346,-21.90719920872038,-0.07043165770039911,0.10135794622442507,-0.11382061240237386,-0.5513734014924795,0.018199561563795822,0.28108130435597733,8.960414687127644e-05,-3.141259680648892,-0.00017050314375298937
8.736500978469849,3.601747411165221,1.5023835099383587,-21.699270855739446,-0.07543467940782975,0.10834238501342852,-0.11687712308281988,-0.5513751738739211,0.01821330756637716,0.28103789845232363,8.450571911768114e-05,-3.1412583871663675,-9.652606703571142e-05
8.746484994888306,3.444172643168992,1.7294477483395017,-21.800233713340962,-0.0785728206198233,0.10624641390187954,-0.11783399151856531,-0.5513782049550708,0.018219044911361944,0.28099665582140215,7.20411693620071e-05,-3.1412617638743896,-0.00020254424944655941
8.75655460357666,3.561680045886523,1.5886607750849417,-21.853573243409187,-0.07604766587324618,0.10917246291475295,-0.12161885324759728,-0.5513709986920997,0.018212256890258065,0.280946796117472,0.00013551763906201114,-3.1413081581180613,-0.00010815370317157296
8.766529083251953,3.408606539412577,1.5502998665612349,-21.71802094960195,-0.0736164618858118,0.10577140392359854,-0.1177483179695513,-0.5513729563314889,0.01821401589418046,0.2809055866534597,8.559454247765911e-05,-3.141311225411831,-0.0001940689049808572
8.776487112045288,3.667589772503707,1.4966202109049505,-21.66975027404549,-0.07238148376659935,0.10450538259696344,-0.11868449326627542,-0.5513844993768953,0.01820761262524155,0.28087240514110934,0.00011219147667845627,-3.1412625335173847,-0.00013962651226366934
8.78450059890747,3.539838187762907,1.726680631432159,-21.505766484250813,-0.07604550074235823,0.10383600840820637,-0.12137205988077963,-0.5513790748539099,0.018208046532079903,0.28087738642861115,0.0001500747369055522,-3.1412191811285792,-0.00015333377019160308
8.794500350952148,3.304264786036757,1.5958734489825472,-21.489985644470433,-0.06919626409250493,0.09697808620740829,-0.11335400384028295,-0.5513582069001036,0.018216736539906197,0.2808094801763025,0.00010137931235533446,-3.141311170978696,-0.00017305145178670065
8.804431676864624,3.6391894569363163,1.6311071452381056,-21.66783861467589,-0.0753914521615942,0.10446993772873578,-0.11561367386006664,-0.5513821270384057,0.018213577919812277,0.28075383716078356,8.897101939564275e-05,-3.1413003639191004,-8.842074459548782e-05
8.814573049545288,3.423414280395964,1.41494725813105,-21.684230005900986,-0.07298419200083414,0.10716305910657194,-0.12240136621104988,-0.5513660896049459,0.018215935118399865,0.2807304237111517,0.00010997911244576757,-3.1412959967156224,-0.00013421739713761392
8.822544574737549,3.270790386351834,1.554614719960693,-21.402555255107433,-0.07352610166245803,0.09544801645368425,-0.11593988938016003,-0.5513802400183649,0.018231429960625746,0.2806959808364624,9.699454622445514e-05,-3.141241839158677,-0.00011876444309100802
8.832488775253296,3.544121159355269,1.4395026677702771,-21.519439598923064,-0.06646649903248245,0.10667490835579226,-0.11780099126709989,-0.5513762336207456,0.0182131412225607,0.2806731150530689,9.818778324605565e-05,-3.141254117423695,-0.00013239335257020604
8.842532634735107,3.4147756490454357,1.5930797837786237,-21.663810107187683,-0.0741103042370246,0.10350532518994504,-0.11112418772987981,-0.5513759468825016,0.01821649999211461,0.2806560467448928,8.66976812450431e-05,-3.1412442707030968,-0.00012479814086524185
8.850533485412598,3.387160301326674,1.5813439616389153,-21.6475941964484,-0.07219290688566835,0.09723929296241496,-0.11320398406646873,-0.5513758499857965,0.01821277596672798,0.2806283279897376,2.7513028547255894e-05,-3.141174100994063,-0.00016693482527019776
8.86048936843872,3.399939494576545,1.640471471327332,-21.65780901490529,-0.07487849399874455,0.09823835796306275,-0.11043171023472576,-0.5513794445057314,0.01818568823486151,0.280571231585062,0.0001647947022995754,-3.1412659818198407,-0.0001473519648570287
8.870530366897583,3.4968245159869653,1.82216740971306,-21.55491730628781,-0.07274995318419857,0.10142459760891612,-0.11777105043122327,-0.5513794431104362,0.01821767977560065,0.2805676776124495,6.766592235770836e-05,-3.1411851085314026,-0.0001495088302938043
8.87849235534668,3.1938527372527754,1.4362006676439087,-21.517370001131084,-0.06703558963013584,0.09866432187670983,-0.11296590064516676,-0.5513545517806204,0.01817283435375728,0.28047965325422125,0.00013382197994206367,-3.1412892874349794,-8.723668559909162e-05
8.888506650924683,3.455975682048918,1.2475298086612303,-21.63125689608711,-0.0671288404628078,0.09796144115962757,-0.11543702179537509,-0.5513677058383432,0.018226900086055736,0.28043457136517963,1.9917629618592095e-05,-3.141312134968573,-0.00011782440284428854
8.898509979248047,3.368859269587046,1.5107306831590113,-21.641431112030812,-0.07572031122318924,0.1001778431134595,-0.11065148796839484,-0.5513726434702617,0.018182915565556998,0.2804170656860736,0.00015411363017530638,-3.141275952030969,-0.0002019498185584267
8.906490802764893,3.558551821559055,1.5960269228524777,-21.593248842503346,-0.070097736014868,0.10210819280383836,-0.11660993685551262,-0.5513788618712794,0.018194962252504276,0.2803875650645815,0.00015572335369754063,-3.1412459033846414,-0.0001315534048883371
8.916478395462036,3.461514521102874,1.3695618309378084,-21.51823192561083,-0.0657522187398457,0.10584477869694388,-0.11993289218598571,-0.5513744703558142,0.018186443080186684,0.2803448311304324,0.0001235933141698161,-3.14126576728219,-0.00015164641225413208
8.924554586410522,3.390920560877248,1.465305277624342,-21.650543271866116,-0.07504248437106814,0.1045045747245008,-0.11520681474293057,-0.5513823660377999,0.01819973346814262,0.28033436339269147,7.996838137208061e-05,-3.1412283094319036,-0.00013382280477698165
8.93453335762024,3.5124437648950875,1.4489861383017426,-21.561644062177706,-0.06960761055261352,0.09761295185967805,-0.11279578951165521,-0.5513713416939772,0.01819322199667212,0.2802734851827514,0.00023436401835328602,-3.1412876069805007,-0.00016035746317364806
8.944490194320679,3.276429574494064,1.602306455846156,-21.740042689431803,-0.07109484986371696,0.10196967861627504,-0.11579357483956357,-0.551380063596766,0.018196039329141586,0.2802482800835266,6.869905420435539e-05,-3.1412722135196964,-0.00010610908191763036
8.954704284667969,2.9887961053772494,1.38974089348788,-21.821356595325906,-0.068406070061451,0.09883322612718796,-0.1164384134012861,-0.551383506971919,0.01822050120208657,0.28021404530813304,3.791754696299419e-05,-3.1412795252884136,-0.00011406688704909237
8.964500427246094,3.613724437407734,1.320467532565823,-21.667182363027507,-0.07133660348435183,0.10338847055489314,-0.11425468643552505,-0.5513886452637324,0.018212130331348664,0.28016622787607504,0.00016693195639068097,-3.141294631379487,-0.00016271386923262708
8.974525928497314,3.2351428193918745,1.3255016946558538,-21.738840980612313,-0.06841037060042487,0.09901398107934056,-0.11101913488120889,-0.5513787687443497,0.01819537232483188,0.28012315395149723,7.198871091077117e-05,-3.1413078199999735,-0.0001561292934815971
8.98254680633545,3.728652342994226,1.3982714541885264,-21.753161733630694,-0.06922690132941527,0.1077952832692575,-0.10922527725282667,-0.5513769507419956,0.01820305019586979,0.2800857928091528,0.00010460384259234434,-3.1412775930540713,-0.00012063538766345779
8.990493059158325,3.4443979106846316,1.787281018342121,-21.526339237032445,-0.07563880277318026,0.09994741257482806,-0.11293584159838085,-0.5514022171781622,0.01820366741219642,0.28005764542752415,0.00015123534498535254,-3.1412297631425448,-0.00011422271956668344
8.99850606918335,3.364122582468448,1.3928427850555412,-21.619383870366022,-0.06982922202979942,0.09892956978430974,-0.11425799414423089,-0.5513823402351626,0.01821676635896284,0.2800326617787919,8.073220000347247e-05,-3.1412468352482272,-0.0001863003597883105
9.006505966186523,3.367888164056111,1.653473795580571,-21.474370039404114,-0.07380540043655479,0.09416794725588742,-0.10607110154851128,-0.5513884423808384,0.018190273018352552,0.27998430369596,0.00021516669637342584,-3.1412914318265295,-4.379427888566346e-05
9.016501665115356,3.463032049519301,1.5243932825175655,-21.536856286165207,-0.06952931149129232,0.10516167210758386,-0.110859353097874,-0.5513701987695917,0.018196889300965132,0.2799891953573297,9.589388145369049e-05,-3.141257381642633,-0.00014197548465094285
9.026501655578613,3.485532359651697,1.3604164957947118,-21.724788000679727,-0.0685649452415431,0.11133279529187255,-0.11368678669184402,-0.551392160569547,0.01819481151314382,0.27993615821224527,0.00019804786182241538,-3.1412561802398264,-0.00015428124275165928
9.03449821472168,3.39128949971547,1.5513900768121973,-21.39802819090479,-0.07321816159392204,0.1015334195863443,-0.1140332156230731,-0.5513677431663845,0.018178678240238055,0.2798939849073132,0.00018201571142622904,-3.141248071639841,-9.088777389941281e-05
9.044516563415527,3.6472551789546506,1.582757852762768,-21.76157910705962,-0.07434074107375495,0.10242675533054392,-0.12096540827750915,-0.5513946004768465,0.01819414320409376,0.27987101055481517,0.00020114274080381016,-3.1412471676384417,-0.0001766941538793999
9.054625749588013,3.6555099107439064,1.8251895213000517,-21.50269637290774,-0.07814714803330228,0.1025700530312034,-0.11190838290500198,-0.5513879657981303,0.01821927218970584,0.27981848620654537,7.869701282119403e-05,-3.1413247165084903,-0.00017122810038218937
9.064574718475342,3.4721771801937664,1.2485507262282596,-21.572503740778306,-0.06582880529461378,0.09921575060934869,-0.11138186826230728,-0.5513889123508785,0.018195128774910724,0.27978620628008194,0.00013083325314361334,-3.141281923981971,-0.000167004649825522
9.072491884231567,3.3758317851994772,1.3179043595349915,-21.63112211876398,-0.06571869181945914,0.09833241500783041,-0.1117278683097327,-0.5513777470926997,0.01819294877838337,0.2797390441585571,0.00018349252687296135,-3.1412963013651933,-0.00014041343004471017
9.082660913467407,3.2673180482657913,1.438283848787495,-21.59506804241341,-0.070684846137074,0.10227397750633663,-0.11661714349538344,-0.551390584584648,0.018231458663362253,0.27971494170332517,3.6485781562253915e-05,-3.141280230142331,-8.655167295725668e-05
9.092511177062988,3.657948980706544,1.483129015978337,-21.55633604751043,-0.07294346098181011,0.11013199285476961,-0.11249283218565076,-0.5513704060580156,0.018216752828879967,0.27967560649577505,0.0001205266359714713,-3.1412957434344864,-8.673667656426177e-05
9.100492238998413,3.462972660962418,1.5468701246731018,-21.704577864645323,-0.07403321229305121,0.10197080472373085,-0.11441463298499135,-0.551379946278704,0.018200268592582704,0.27964468635631123,0.00010368877695875059,-3.141251494710499,-9.801391243830758e-05
9.10851263999939,3.5736759185206886,1.6544958191423977,-21.545648317293022,-0.07371894234552973,0.10233735685527326,-0.1143842303668385,-0.5513634443387023,0.018199767827038107,0.27958833783087644,0.00012387204811219912,-3.1413120151784746,-6.335212822493662e-05
9.11652159690857,3.4250736053759105,1.910875467060537,-21.41161196225711,-0.08150208698892765,0.10086447260774412,-0.11062031911873134,-0.5513828794778426,0.018195415142518566,0.27956894262786247,0.00021096800661398577,-3.141325942154699,-0.00013950620255306345
9.12445592880249,3.0244015503492943,1.3806997272645838,-21.568300811627154,-0.07103966482851287,0.09280130729606205,-0.11317766712198508,-0.5513741744706051,0.01820230609501107,0.279525836299557,0.00011068295269786596,-3.1413435504965634,-0.00010922601827670513
9.132501602172852,3.1366892934929287,1.6063759206467059,-21.595730453463762,-0.07209001430444127,0.096574133174024,-0.11384425864433063,-0.5513820581185033,0.01821180302246103,0.2795022894172019,8.605629948055059e-05,-3.141308828687707,-9.776797859388919e-05
9.142513036727905,3.4599146538185184,1.5294747007805276,-21.606951007599655,-0.07798675435658876,0.09972598584328939,-0.10865041213603095,-0.5513753396508567,0.018198343882085855,0.27948424611592193,0.00013866016846608457,-3.1412703926281385,-0.00011436782460152812
9.152505874633789,3.5001012507880875,1.7552200905457618,-21.665925875531695,-0.080190753499471,0.10343368122442423,-0.11399094604611047,-0.5513682056056534,0.018202608152971055,0.27943663833819454,0.00018323099011702804,-3.1413469929808913,-0.00018017823048666247
9.162480354309082,3.537339796967298,1.606365821183601,-21.516109924225862,-0.07215722649148859,0.10069002533469529,-0.1134918674731477,-0.5513922651788858,0.018208932658954558,0.2793775204730343,0.00016022714156375988,-3.1413532006046547,-0.0001027817352179742
9.172480344772339,3.0740533720860617,1.2514625094565182,-21.58719911417069,-0.06610943197975669,0.09349440105616233,-0.10594085397855009,-0.5513861953357572,0.01817800142976484,0.2793554586114573,0.00026192850012854457,-3.1412951572728316,-0.00020184747005038724
9.18058156967163,3.446571339141576,1.7935123053947315,-21.319618489325933,-0.07757366119663262,0.09632180111060754,-0.11142735868737909,-0.5513826054719051,0.018185139824785507,0.279302369866724,0.00020581065896629452,-3.1413954042232954,-0.00014359967080677274
9.18848705291748,3.332040331007742,1.5023393157143643,-21.54361533696398,-0.07836240859966416,0.10195546200683983,-0.11255320635521289,-0.5513937891394383,0.018203089706654563,0.2792941395499182,0.00012173274666480433,-3.1412814134861633,-0.00010665553890070057
9.198529720306396,3.5781102067930304,1.499717189718609,-21.5357112032916,-0.06866037764410589,0.10160938802092871,-0.1152169434241996,-0.551379912357643,0.01819273198288221,0.2792503824421789,0.00016924350911148178,-3.141358451512345,-0.0001520484857675616
9.206506252288818,3.344623842325228,1.4931337310133614,-21.55013288412752,-0.06762040349329548,0.09871721474218206,-0.10734923443386506,-0.5513906536619241,0.01821389389400251,0.27920749440868997,0.00015116181482409987,-3.1413106416272663,-0.0001383063509522999
9.216567993164062,2.869001896045192,1.5617937478147466,-21.74494962618518,-0.07439675007468267,0.08781431754473051,-0.10191475572342044,-0.5513781853536649,0.01820231379008395,0.2792006522283115,8.10463998197109e-05,-3.141299432120604,-5.512951005735687e-05
9.224488973617554,3.5083631311480916,1.4678830705079566,-21.549745687426807,-0.07273910775602868,0.10543320718783412,-0.10092552606384822,-0.5513700537298499,0.01820472883249075,0.27914903922265005,0.00011412909965437978,-3.141343888261727,-0.00014903254264696483
9.23254132270813,3.42330713779356,1.5584451993706299,-21.5414930364717,-0.07052149330058785,0.09333726090921807,-0.10938218348338632,-0.551388101208831,0.018198199578332186,0.27910761800758316,8.807769928823061e-05,-3.141315916790404,-7.573468009592247e-06
9.240543127059937,3.4911003126461964,1.639252187639934,-21.550690683561243,-0.07637379571430114,0.10264661208966187,-0.11108721811042993,-0.5513835873866533,0.01821345034451985,0.2790866707156591,0.00010816097451649385,-3.141321193219077,-0.00012470345531132135
9.248566150665283,3.3461812254889503,1.52244290204745,-21.541363151004074,-0.07354675251948026,0.09917960914533493,-0.10902831284715012,-0.5513879061589322,0.018211891673831446,0.2790786978703046,9.0677195313255e-05,-3.141291017578761,-0.0001324540799411003
9.256550788879395,3.502026010365379,1.7647020375650562,-21.52922228972768,-0.07382512426296897,0.09793228445272097,-0.10857840935087816,-0.5513742176479817,0.01819029813334902,0.27901905719213493,0.0001266860171531006,-3.141349783924681,-0.00011329200492038169
9.266472339630127,3.273107846320513,1.8266401203590485,-21.485200889827418,-0.08053193370351054,0.09860543307378206,-0.1169547380227777,-0.5513875245071741,0.0181883171794956,0.27901279269958157,0.00018125270770989627,-3.1412954719528523,-0.0001224381148683665
9.274513244628906,3.308128990724541,1.6034508441330495,-21.442889236613997,-0.07465689256327357,0.0963476078196708,-0.11021622975982485,-0.5513886416653957,0.018215634250824616,0.2789721263132044,3.4187843593936164e-05,-3.1412677674410294,-0.00012702154933266307
9.282489776611328,3.293148539550762,1.73962894260819,-21.55211956289177,-0.07737005592294116,0.09679870888545608,-0.10499196283969883,-0.551382790607106,0.018193922780778006,0.2789730868951028,0.00016932460765031564,-3.1412436284093537,-0.00014462846910252633
9.292522192001343,3.6356496576836386,1.7812029047216278,-21.566046139765046,-0.07713348984342057,0.10660322676908299,-0.11408994256211342,-0.5513868253386459,0.01819259423241246,0.2789183563041416,0.00017674948492861763,-3.141288669891336,-0.00012394988905438406
9.30249285697937,3.4155243092233345,1.419336298110231,-21.570559533385392,-0.0716227945360355,0.10028367979669366,-0.10774436877373303,-0.5513864213073189,0.018219916129783176,0.27886810888905217,7.532176869038786e-05,-3.1412906686201745,-0.00016818789291718706
9.312414407730103,3.6061806982114137,1.5597717588763547,-21.450021044054697,-0.07060865693181473,0.09915652515588823,-0.11814386628617084,-0.5513702109073182,0.018179592670901856,0.27885277966131833,0.0001521815066225353,-3.141286291441381,-0.00010205470373213692
9.322487354278564,3.3479815397627344,1.5019619882152793,-21.380968338729406,-0.07260666751479937,0.0930168775081085,-0.10854017626352165,-0.5513835929408833,0.018196553422590467,0.2788102936024989,0.00012607344657723917,-3.1412887192387684,-0.0001292048930253984
9.332532405853271,3.165609831697081,1.655392922960734,-21.544005504061232,-0.0737957665337147,0.09793735849763836,-0.10747134784472195,-0.5513810606385058,0.0181921623477585,0.27878996182076315,0.00019890705476241372,-3.1412525545886445,-0.00016425363851682118
9.340513467788696,3.2596572107297717,1.6940504803273584,-21.52143676848379,-0.07458936374233384,0.10187999395174205,-0.10842921941363128,-0.5513634421445821,0.018208926551804533,0.27874435119424446,3.201946488380485e-05,-3.141278012085741,-0.00013819288568875506
9.348506450653076,3.5780631687577706,1.7078803790496349,-21.518054193980127,-0.07776913798896433,0.09810048749465822,-0.1140906671646857,-0.5513926958679108,0.01820500286511243,0.2787500182172315,0.0001235426480555344,-3.141166734647485,-0.00017507054285841107
9.358646631240845,3.610794879556737,1.9144747721291973,-21.521836627394777,-0.08104606440718999,0.10122800176509308,-0.10978589122387838,-0.5513811597096882,0.01819123826357326,0.27865141869135357,0.00011862389994189622,-3.141345805964083,-0.0001482044516291328
9.366563558578491,3.8502847875134996,1.5657950770621143,-21.38513650916723,-0.07186048754911943,0.10948706952600419,-0.10960449001309615,-0.5513959386135289,0.018219219629160927,0.27865635059752175,0.00016468519237907068,-3.141218552170408,-0.00011659032757158774
9.374501705169678,3.3955496911869805,1.6459208163099208,-21.51361286017183,-0.07570090960015609,0.09774949712073965,-0.10816289263686754,-0.5513824853314803,0.01821246148995952,0.27861031317179175,0.00012657559571113022,-3.1412537876266664,-0.0001609068647308996
9.384557247161865,3.2683196154879073,1.420778305439109,-21.66606544276461,-0.07038832676833354,0.09882893855363761,-0.10528304458449284,-0.5513764140195891,0.018171806826217284,0.2785865940924099,0.00018488091879275477,-3.141246811192692,-0.0001246307490882505
9.392583131790161,3.6273798805582755,1.6537049993823298,-21.502851975056316,-0.0701249039680382,0.10116314335756096,-0.11169770664166272,-0.5513830835130485,0.018208472784876,0.2785795287183983,0.00013539036469783675,-3.1412014577954297,-0.00019592368703351472
9.400546073913574,3.2004955459519597,1.7825331941649378,-21.608286496860774,-0.07563885847095236,0.09551194237438033,-0.10340359267660508,-0.5513840176759337,0.01820316879068847,0.2785055517289233,0.00012101995826297516,-3.1412906864842713,-0.00013599745708393727
9.408483743667603,3.4755567268767487,1.5402808610076233,-21.499788166681306,-0.07590765008602698,0.09786121444599506,-0.10861499396343081,-0.5513870605234495,0.018211938448509213,0.2785055235249723,9.643304926070854e-05,-3.141207604134374,-0.00011895726550840441
9.41856598854065,3.421376215286254,1.3824953928024897,-21.642623749474982,-0.06697423229090697,0.098508092880318,-0.1062187168438453,-0.551380611736875,0.01818750145475609,0.2784537139174575,0.00018826878731327922,-3.1412827889859787,-0.00016507621746905552
9.426546812057495,3.5984791512175316,1.6873505956752126,-21.537975982233984,-0.07095252502194206,0.10453055808983085,-0.11072132950395527,-0.5513916339675345,0.01820228835910208,0.27838960701560184,0.00013051425353114698,-3.141266335585728,-6.483095556503408e-05
9.436506271362305,3.2888547443111484,1.7193600802792577,-21.573846732890157,-0.08095873085261,0.09752167266065938,-0.11081409968591217,-0.5513871239442361,0.018208135174751082,0.2784039882122619,0.00013218462057550744,-3.141232079517809,-0.0001260221384009121
9.444499731063843,3.1506819343348518,1.5812656035078034,-21.671224193061736,-0.07136257615939277,0.09322816108950772,-0.11744530703732015,-0.5513913735872497,0.01821254937149871,0.2783663047171804,0.00011294832585517598,-3.141219552782286,-0.00014575797807225109
9.452551126480103,3.267951104153001,1.5976677265031143,-21.694473905473085,-0.07143756810772836,0.09656041972725686,-0.11006173651037067,-0.5513788110007367,0.0181943331907348,0.2783222568709102,8.813470511203051e-05,-3.1412541690230507,-8.069476162313196e-05
9.460567712783813,3.3048623304766456,1.8294037380471488,-21.59812354835789,-0.08268187981921604,0.0961285975224078,-0.11361642233855018,-0.5513762105180765,0.01820924036800358,0.2782877439642748,0.00014057795868946244,-3.1412649316382963,-0.00014387036805335842
9.468525409698486,3.303098017652792,1.9717125528668025,-21.506981640363684,-0.08182178583688876,0.10307111085481319,-0.10990166052035243,-0.5513716350735508,0.018187390125014604,0.27825358212779944,0.00019900212457391142,-3.1412707856578486,-0.00014070369430066045
9.478494882583618,3.492316364494802,1.666675662835534,-21.579283703792637,-0.07676552436618433,0.09841577671143238,-0.11220854030777334,-0.5513810791901647,0.01820921730994015,0.27818859624062003,9.021614992627606e-05,-3.1413393793851716,-9.008439412911712e-05
9.488492250442505,3.438764966266684,1.4129400081983656,-21.625568066816665,-0.07103424930349772,0.09886025770058032,-0.10711785365311154,-0.551380327446779,0.018191228910091405,0.2781990270519108,0.00017401442663984943,-3.1412722936919044,-0.00020069043663688247
9.498492002487183,3.6191912882410584,1.7666731647863503,-21.644567788152962,-0.07592613089522414,0.10843880844283818,-0.10602664674421346,-0.5513835806048606,0.018194414495765716,0.27813873181603405,0.0002214359885874604,-3.141302757336277,-0.00018635161587251368
9.506524324417114,3.506328258048604,1.7271584935822044,-21.6388155355276,-0.07834205471756149,0.09887513180968358,-0.10436352758478416,-0.5513796186550273,0.018201129675883287,0.2781149227474805,0.0001570807051638426,-3.1412771968829616,-0.00014275823606186698
9.51651906967163,3.2504642633977943,1.5009016531531036,-21.634224259499778,-0.07021368874798921,0.09747121691038037,-0.10233216391830499,-0.5513958534246745,0.018224784142507534,0.2780736589761109,6.282790759560117e-05,-3.14127684224197,-0.00019683864196001508
9.526687860488892,3.523492639952397,1.5508685706068635,-21.67819583118004,-0.07215956965858482,0.09965485021102985,-0.1154153056127694,-0.5513600436547949,0.018193080795945008,0.27802365579890687,0.00014634570631070218,-3.1413676081329394,-0.0001410136225908694
9.536564826965332,3.717864591665208,1.1321174086741532,-21.482819254030968,-0.062249711091244726,0.10135310193222513,-0.11052229513330385,-0.5513786196600485,0.01818599207289382,0.27797866371292906,0.00022511624004936011,-3.141300415960024,-0.00015758951700086535
9.544479846954346,3.1464406170493744,1.382643761819456,-21.573095037791347,-0.07348441012307703,0.09459094045188754,-0.10643354297288447,-0.5513909847756713,0.01816117273405769,0.27796007221955726,0.00019215913073001946,-3.1412573039113205,-0.00011566474956854018
9.552443265914917,3.2691234927052335,1.5766156403481126,-21.571538102824203,-0.07462234224651929,0.09237838797332901,-0.10488547961953107,-0.5513702243022007,0.01818522957197191,0.27792256360060674,0.00017320683661233813,-3.1413024858875156,-0.0001090545714893541
9.560640096664429,3.589338218321995,1.8918663361665042,-21.590086328776444,-0.07639611728144201,0.10355019418527124,-0.10525924512580324,-0.5513814224625938,0.018184150396548433,0.27788517015383796,0.00018048788925261472,-3.1413172555763627,-7.325197184375847e-05
9.570622205734253,3.4492307715330432,1.4177109634515153,-21.508751810506833,-0.07108106815809419,0.10037869585122694,-0.10124892508853604,-0.5513822641340497,0.018176616823916796,0.2779418628463176,0.0001629176046422896,-3.1411105915669815,-0.00018695887564269478
9.580578804016113,3.2734114603962623,1.3007897257530896,-21.5837394330404,-0.06767994956352126,0.09413608051538805,-0.10182353380654217,-0.5513806069031159,0.01822366558388025,0.27780623992235604,0.00017099407367593774,-3.1413237608651343,-8.862147785968889e-05
9.590476036071777,3.4531561961624915,1.6577830323896612,-21.5603802984836,-0.07342044294470294,0.10091144832230901,-0.11035749789499867,-0.5513844440948243,0.018185848255521025,0.2777690306163837,0.00020908609087800077,-3.1413345953580207,-4.435689955763653e-05
9.60049033164978,3.4450638330758356,1.9389142925751262,-21.50242103655084,-0.0781172403699543,0.10184325429891933,-0.10769744905488195,-0.5513909310019857,0.01821445521878244,0.2777730355920134,0.00017139305415595762,-3.141225440485267,-0.00019448754850171152
9.610573768615723,3.332806354919685,1.6536348497782472,-21.62325812861032,-0.07430337869266498,0.09211136402193948,-0.10541940552227215,-0.551391515574066,0.01820499214542033,0.27774081377577126,0.00011652406259852091,-3.141240721070865,-0.00018722834367955425
9.620552778244019,3.0973715316645336,1.2953394744401592,-21.573908053151047,-0.0719552908048712,0.09370016846099302,-0.10826509326376317,-0.5513806794674381,0.01822031712551215,0.27768497188561914,7.715223624692558e-05,-3.1412655885343534,-0.00017533026615657084
9.628443479537964,3.3274768967970596,1.684255391063131,-21.638838196873948,-0.08064123673440374,0.09717040989075956,-0.11039051310402642,-0.5513874344403604,0.01820073249046577,0.2776434274595704,0.00011682293152879674,-3.1412704946129812,-9.008725982840306e-05
9.63646650314331,3.3554436273818062,1.4531743778696646,-21.654183806107973,-0.06647158364582237,0.09864796262998615,-0.10321535898155172,-0.5513778806896659,0.0182145244925606,0.27759243601260153,5.3141799689839086e-05,-3.1413149033587455,-7.665760918614972e-05
9.646516561508179,3.3877997649915628,1.3658466346832672,-21.74905704019262,-0.06928019925965659,0.09518871884587699,-0.11587548896347312,-0.5513868765334771,0.018167659957137934,0.277581990176766,0.0002586668981179264,-3.141303598948565,-8.928930345064824e-05
9.656489610671997,3.4326268014685923,1.3984489492160423,-21.684958866532455,-0.07228837339073255,0.09884575254528653,-0.10700946476253442,-0.5513850407316924,0.01821780641122645,0.2775349470612068,8.71123628229253e-05,-3.1412769901507076,-0.00015318545063965042
9.664586305618286,3.470860770569016,1.3729766050712855,-21.924481583115966,-0.07483438998018777,0.0964221539381061,-0.11024466801676382,-0.5513846430477775,0.01821017363162843,0.27756353367169695,0.0001526813695326962,-3.1411780837937076,-0.00011709352318324134
9.674519777297974,3.3053475597861195,1.3555954199373477,-21.720480580391513,-0.06694429750320265,0.09876629985189561,-0.10875638578624496,-0.5513835242783081,0.01819899885948468,0.27747662144940416,0.00014069558049195413,-3.141296885030873,-0.00017847850178278663
9.684516668319702,3.2139853600697523,1.499695946528539,-21.847026206738526,-0.06820099955478394,0.09828587451590495,-0.10807036375373372,-0.5514016218439556,0.018188521902231244,0.27744322746667616,0.00019266544166322998,-3.14125607463273,-0.0001688219283326259
9.692567825317383,3.5724618933864125,1.3791104036683537,-21.846455564364586,-0.06991344654358105,0.10229119732305816,-0.11263051889038304,-0.5513917783319039,0.018217840352608858,0.2774207614513405,9.721537790738529e-05,-3.1412150132019123,-0.0002604049788941712
9.700475931167603,3.1645416166068885,1.4682110321317414,-21.63850912452815,-0.06797191589077224,0.09271662267265628,-0.1154015388627501,-0.5513888852661325,0.018194127865879043,0.27737324422897003,0.00010426410034337963,-3.1412682564159136,-9.380358918688721e-05
9.71055269241333,3.368379296417508,1.5851279182397564,-21.72439480915061,-0.07103489082175124,0.0954521675244232,-0.11264886841591981,-0.5513828243361831,0.01818421082663417,0.2773527708448815,0.00019334377366978688,-3.1412542220715793,-0.00011440200861397278
9.718510866165161,3.550746049497846,1.583043886169273,-21.615945806895837,-0.07674220975834052,0.10435042673300478,-0.10343992086459101,-0.5513960112657121,0.018179442889071435,0.2773070692722654,0.0001497936251313895,-3.1412679485632253,-1.2032403730767275e-05
9.728434801101685,3.6402858613319835,1.3643042471014637,-21.570542108800993,-0.07496736544417207,0.09967613434013867,-0.10975587376047016,-0.5513942381596589,0.01820013638019842,0.27731527050811483,0.0001645910506094328,-3.141154363841507,-0.00018978497779017998
9.738596200942993,3.4704763824049536,1.5142293070092427,-21.653081193468413,-0.07058919070454368,0.0969128440073813,-0.10570674890006077,-0.5513839653443781,0.018182855420001177,0.2772731991071672,0.00016498283829610426,-3.141213226530708,-0.00018487468772242758
9.746579885482788,3.281824694290553,1.5643048888574664,-21.6043611734066,-0.06836567303322663,0.0979197886460108,-0.10943178439314531,-0.5514044802557002,0.018197605814206822,0.2772237393539562,0.00026875182570526253,-3.141193479057136,-0.00019297010269868437
9.75449013710022,3.5866365915885243,1.5448786148950837,-21.538938138208472,-0.07257193721493024,0.09932179002895725,-0.11058773196746445,-0.5513970656421251,0.018202922923634804,0.27720376915260525,9.733800715008778e-05,-3.1411517041473416,-7.486194407049855e-05
9.764636516571045,3.6423659722302917,1.793142254536058,-21.603271720144686,-0.07238834166430218,0.10377694291505621,-0.11056090803905304,-0.5513881912771509,0.01821085039350278,0.27716072283254245,8.950593945429001e-05,-3.141220732756329,-0.00017206343879929326
9.774510622024536,3.679903789318024,1.7046467153724405,-21.614232177846578,-0.07202610890118434,0.1015397833253867,-0.1022228930297588,-0.5513959529866824,0.018211267989960478,0.2771370869830951,9.72456673830083e-05,-3.141172450425415,-0.000166567167178036
9.782607555389404,3.5935161835275533,1.7985916941257507,-21.676337538997547,-0.0794557507212929,0.09902071577539553,-0.10690593904713684,-0.5513843076145368,0.018209488139212946,0.27710342659541204,9.77493833540945e-05,-3.141199151648784,-0.00011296489800018674
9.792495489120483,3.661397805430915,1.5474626523435806,-21.759674806089112,-0.07315558208091477,0.09962890428547505,-0.10605497633600725,-0.5513730740114655,0.018221571214012685,0.2770407588702201,0.00015689200093764775,-3.1412811980518356,-0.0002056766766375085
9.802454471588135,3.2615706835697114,1.4944049602443417,-21.60052055724239,-0.06956476280397035,0.09587348188320396,-0.10235538835634415,-0.5513891209853836,0.018236902925456606,0.27702214447325296,4.873473110141891e-05,-3.1412030627650203,-0.0002399154081314995
9.812491416931152,3.343565203512589,1.583382923258587,-21.603944157505474,-0.07255143971197615,0.09849152344358655,-0.10931953348323381,-0.5513926009090546,0.018192335145389617,0.27701451073890554,0.0001763586305546522,-3.1411812906094947,-0.00016769777349341143
9.822479486465454,3.6463382509289777,1.4431259600011905,-21.491385907430907,-0.07072434792157409,0.095796045680927,-0.10518705399586752,-0.5513870720755939,0.018202538918020254,0.2769305735330706,0.0001213183282878854,-3.1412576410639423,-0.00018715082711657575
9.830579042434692,3.307355379900121,1.5794534595838519,-21.438823141210587,-0.07522485798448213,0.09031355740398724,-0.10857686630453638,-0.5513906746718106,0.01820394644164671,0.27690425756500436,9.555756589556818e-05,-3.141203170259513,-0.0002107492704886802
9.838563680648804,3.241325170932518,1.6223233514251358,-21.64026245234837,-0.07585082596905413,0.09507919902983479,-0.11411057617301744,-0.55139020417841,0.018205102795554762,0.2768805977203339,0.0001162384887184937,-3.1412011336852568,-0.0001280461021001158
9.848510980606079,3.3602333492194414,1.5781054623265505,-21.38865601338351,-0.0744506236401162,0.09459295013398547,-0.10914065315012023,-0.5513921367618099,0.01819888226367204,0.27684078836678333,0.00023266617973497885,-3.1412557846183082,-0.00017725967811155468
9.858493089675903,3.2642539392851675,1.5739010295604507,-21.34107210251715,-0.07246397520743912,0.09134677796022174,-0.11205160269337223,-0.551387908426438,0.018210024256181224,0.2768043136389347,8.546234623327864e-05,-3.141238562706672,-0.00020134195023183477
9.866645336151123,3.5601849332782183,1.4639940124747217,-21.565271195783332,-0.0709410392186416,0.09185735931787008,-0.10570392658469915,-0.5513926634459766,0.01818172571186196,0.27677832160803817,0.00022141499418874106,-3.1412446704051886,-0.00012902963105892708
9.874488115310669,3.39951576025189,1.4404810038701905,-21.650448304457736,-0.07287199835081747,0.09796047651371224,-0.10416292857125853,-0.5513882702918796,0.018188999789206677,0.2767380067991045,0.00020900452274363526,-3.1412412216581638,-0.00019133724601218138
9.884544372558594,3.5027822033675395,1.5316886928118285,-21.63926525361955,-0.07021862107082505,0.09847566457078814,-0.10424057754014489,-0.5514045156681285,0.018206358150587524,0.27671807216275485,0.0001967946623125166,-3.1411564950117086,-0.00021369818415406023
9.892467975616455,2.9998034182692193,1.600045599626904,-21.637157206846094,-0.07249709284216477,0.08765375354100415,-0.10305183670734194,-0.5513970832241213,0.01819331989730813,0.27669494577319353,0.0001530346142928931,-3.1411608157202386,-0.00011567725456067062
9.902500629425049,3.820729796656883,1.3549123735642423,-21.522107020556362,-0.06771751217141295,0.10222893587319798,-0.11390996301724239,-0.5514073796598183,0.018218399959033238,0.27661567097590944,0.00013495935004558386,-3.141261977043803,-0.0001734105717875868
9.912538528442383,3.608670690911191,1.1981848308622685,-21.536641255660452,-0.06740959092050267,0.10024821969734057,-0.10302114492291926,-0.551388164683916,0.01820466560053476,0.27659783188867665,0.00017298765118118402,-3.141255056832304,-0.00011458243776570899
9.920470476150513,3.449212277543432,1.3998730238800672,-21.595313837990748,-0.06597848331302408,0.08969930991734143,-0.10726093662970317,-0.5514010177872213,0.01821273464258271,0.27657592063786385,5.864022902442291e-05,-3.1412067616051678,-0.00016903590586429652
9.930478572845459,3.4388360869116914,1.6155487001688191,-21.582993080213146,-0.07399992752709622,0.10307691162531964,-0.1123932905489679,-0.5513990818282359,0.018204530894122575,0.27653390022985036,0.00012396938941954734,-3.141209599290622,-0.00015310634922018586
9.940499067306519,3.4773273177519592,1.6127799681305774,-21.501891394240705,-0.07893829089027042,0.10135112022562427,-0.1102483868328898,-0.5513998951286494,0.018195568516503124,0.27651456899550486,0.00017703652708630463,-3.141192460743595,-0.00016735248617128596
9.948486804962158,3.554258637898953,1.4470932037073476,-21.445690675047715,-0.07570825191513969,0.09795908869946733,-0.11173923536653665,-0.5513964348391829,0.01819876826976829,0.2764475273562853,0.00011214448416024347,-3.1412376762266843,-0.00013934018432554694
9.958498477935791,3.451008661006135,1.5843634224770147,-21.50460601120584,-0.06955400716787614,0.09609108610148404,-0.10733755111667484,-0.5514041825875455,0.018210950867158772,0.27645176188302567,0.00013975227167929957,-3.141173608523302,-0.00022137393859682594
9.968602180480957,3.505184176242351,1.5713170068471354,-21.588605817343865,-0.06864829280908599,0.10192752932629397,-0.10231340856413577,-0.551398342691294,0.018225342346266972,0.2763826511964431,6.274016060482019e-05,-3.1412369549181283,-0.00019233889468468868
9.978507280349731,3.5257398743904527,1.601885769466701,-21.584213012395637,-0.07797106058850017,0.10253274407355803,-0.11431919744440792,-0.5513945527117342,0.01818842474928286,0.2763201400940788,0.00019734414784989643,-3.141308783963419,-9.820350653330507e-05
9.988465309143066,3.327008576327561,1.5171193185635339,-21.34798743033337,-0.07475808537333309,0.09131874102852323,-0.10911335202786493,-0.5513871551088568,0.0182060522197272,0.2763282313198052,0.00011520506636402329,-3.141223603930594,-0.0002314877762924359
9.99849820137024,3.5909996099656047,1.863159556228737,-21.416373644892957,-0.0799884045897423,0.09812236609427341,-0.11197777443706254,-0.5513889692064146,0.018223089157059256,0.276300817358268,5.9199880538757414e-05,-3.141186825775626,-0.0001539390981442822
10.006491899490356,3.503926291868223,1.870906205224814,-21.519136776292036,-0.08064690797088696,0.09448266468400987,-0.10764701217116328,-0.5514057612459365,0.01817736498442423,0.2762347387394357,0.00022577678611407045,-3.141214945278061,-0.00016625310085889035
10.016544342041016,3.443532903043816,1.7985936699023386,-21.580857779689673,-0.08059125390923946,0.09961064708121539,-0.10739102962944062,-0.5514090319541928,0.018194307936176025,0.276209245419139,0.00023326044390106063,-3.1411985457573084,-0.00018011986838430453
10.026483297348022,3.274217762171644,1.6896419899847932,-21.53571218580107,-0.08247627485945883,0.09217549837529807,-0.10752082726587345,-0.551398230753232,0.018181051479626256,0.27615867305187,0.0001640729463277988,-3.1412598068304924,-9.777974216699447e-05
10.036488771438599,3.098025730791167,1.50547378563425,-21.67882528176842,-0.07378521188958623,0.08791089067900851,-0.10543805405572594,-0.5513891660130464,0.01820927731374169,0.27613744002373597,0.00011277263293576338,-3.1412176111549153,-0.00017744480415695805
10.046503067016602,3.270958128643294,1.369053886334077,-21.663707407357396,-0.06801283860618551,0.0938782279465045,-0.09918295910277755,-0.5514108972248913,0.018209751037470856,0.27609476769530905,0.00010146128512942305,-3.141224808682178,-0.00015974266144058708
10.056556463241577,3.4794751122211958,1.7841021047617505,-21.597901014986736,-0.07719868708746126,0.1032554334150772,-0.10627701023742742,-0.551402981325061,0.0182091567811417,0.2760348968318742,0.00014150206964917,-3.1412563006330503,-0.00017365151619492815
10.066557168960571,3.063158084697832,1.4840161464307564,-21.656714358938302,-0.07374853069197379,0.09202460192612719,-0.10618528348252565,-0.551386955664483,0.01820136073241964,0.2759959246009914,0.0001676173219346924,-3.1412831940659696,-0.00011206382092256114
10.074524402618408,3.0833350907567434,1.4621893219756017,-21.489072799939933,-0.07291574226500554,0.09101300462246784,-0.1050272411704654,-0.5514047585773109,0.01818569258708015,0.2759690465852885,0.00022611191805830527,-3.141246770345439,-8.656782505853084e-05
10.084574937820435,3.5853229780457223,1.6811944094042532,-21.52229304410961,-0.07881749527000351,0.08876240151851046,-0.11215491326278676,-0.5514035325129579,0.018207683543666014,0.2759643544922256,0.00014414831472286954,-3.141163811954154,-0.0001930491064479435
10.092487573623657,3.590109686028937,1.6417471843059748,-21.50045893138936,-0.07330640531060878,0.0994287298284997,-0.10632481873358217,-0.5514066805306468,0.018202969894071015,0.2759165058068808,0.00017045747041587745,-3.1411838226605773,-0.0002013836267004627
10.10052752494812,3.317794888326752,1.6058043310752856,-21.498773164739724,-0.07402346054802834,0.09887343095266665,-0.10486594375128705,-0.5513970141494546,0.018198629234546494,0.2758747251710995,0.00012488932689296427,-3.141199903226767,-0.00020833372192550242
10.1084885597229,3.1722339709142093,1.3760236398803454,-21.641089400186544,-0.06657339093414753,0.09029240076854285,-0.11009228536667408,-0.5514031836650934,0.01821859813666814,0.27586560612849254,0.00011416491638561674,-3.1411650752144245,-0.00018937499591005982
10.116581439971924,3.1508249473258143,1.5656970103075452,-21.596915389749103,-0.0691204211231937,0.08684901611780348,-0.10251381975443413,-0.5513976676982217,0.018209234395727015,0.2758453787770655,0.00012000879912393758,-3.1411514827642173,-0.00014054292200563296
10.124492168426514,3.3988024552806366,1.6296660635019162,-21.607360421307757,-0.08200705769815939,0.09931507005914245,-0.10851858388992004,-0.5514130643006064,0.018224247379755986,0.27579945356084096,0.00011483005019977412,-3.1412337374088146,-0.0002040451568770474
10.13451361656189,3.1872959136914703,1.3647168031486254,-21.753305216269023,-0.06634741250006325,0.09181376826509956,-0.10141141485178647,-0.5514029312057809,0.0181841889327681,0.27576769348887037,0.00014013902730781148,-3.141175347314648,-0.0001023519158982646
10.144506692886353,3.561329978613644,2.007069418819702,-21.623750829695187,-0.08427251240142856,0.09641289546911146,-0.1022857854440121,-0.5514052276059951,0.018194162455708665,0.2757144040162137,0.0001997352366630985,-3.141248534254979,-0.00015020238047077836
10.15254545211792,3.563322204110265,1.7423907390327313,-21.52783206744543,-0.07824423807130243,0.10086251752931819,-0.10784290457802966,-0.5514080473404466,0.018209017201760762,0.27569323164246373,0.00011247802522827235,-3.1411898009400243,-0.00016098159560990353
10.160622835159302,3.317751638189604,1.6355192190590824,-21.62644471725343,-0.07539268131983498,0.09307232930598441,-0.09784275982502495,-0.5513914236543364,0.018178186165011143,0.2756512473747643,0.00015522357104328226,-3.141280745229261,-0.00012788729372443543
10.168713569641113,3.3897781688590434,1.8666372973180163,-21.598888641704402,-0.08030512788026418,0.09674621563304629,-0.10780952220717509,-0.5513958369785543,0.018192182339737215,0.2756275723645487,0.00012063850126154214,-3.1412022863691256,-0.0001271072996563303
10.17850375175476,3.4569200888242064,1.6846268925962213,-21.579031538650415,-0.07680467159796342,0.0921464253633371,-0.10442636721777349,-0.5514126984035489,0.01820102879515761,0.2756177382101086,0.00021441726121483536,-3.141207333792099,-0.00024699178598107944
10.188573360443115,3.5418384985734583,1.556175312788316,-21.57051663100287,-0.0718808071655995,0.09997724068183501,-0.1114144462860888,-0.5514096649869864,0.01818393611360696,0.27557391547281995,0.00024939574453068365,-3.1411777061239885,-0.0001861894758816698
10.196595907211304,3.5105594527032786,1.577194666906023,-21.509556978125655,-0.07433531276632879,0.09545813724164001,-0.10443935439054654,-0.5513988689016451,0.018185386001002845,0.27553996725839813,0.00024858779479174325,-3.1412005364376627,-0.0002486364431779763
10.206516742706299,3.3854535144943725,1.6502226752218394,-21.48613532571578,-0.07907751557114666,0.09634898226546781,-0.10487300054831805,-0.5514040838519485,0.018196538046939426,0.2755090262056718,0.00010238593943324488,-3.1411960525888096,-0.00015680446205097457
10.21651291847229,3.1335892836026344,1.7459336590696357,-21.42527624808167,-0.07842745575002145,0.09028883941329335,-0.10663704199043043,-0.5514110079065535,0.018195313694226625,0.27548500940325005,0.00019415541970587476,-3.141133613283491,-0.00013576356844722815
10.22447395324707,3.0627748831755603,1.4739530153043692,-21.51985185928934,-0.07161841206443775,0.08523702777835164,-0.10300654663922881,-0.5514012834656099,0.01821545041679203,0.275442270057395,0.00011196855060716935,-3.141147051006818,-0.00017033551371711106
10.232511758804321,3.115611905872831,1.4947076301029227,-21.56633365698615,-0.07175735516682644,0.09654190044116075,-0.10963254533566263,-0.551418864649935,0.01817649149920556,0.27539891483472767,0.00031012898442724047,-3.1411787602451544,-0.00014099919659868037
10.240440368652344,3.4536047328701773,1.5617573053686546,-21.548352402522003,-0.07801174079399478,0.09358261614004464,-0.112336006664094,-0.5514042182679479,0.01819867262346962,0.27539702708111485,9.805630690729883e-05,-3.1411464978852828,-0.00021651665588039615
10.250459671020508,3.4784673402861173,1.550232722836718,-21.440150163052923,-0.07105336026467594,0.09588132608402843,-0.10346643228595064,-0.5514098815482622,0.018196910944034386,0.2753319870387583,0.0002595831275743472,-3.141226494419454,-0.00019509313715545285
10.258507251739502,3.6756014458286086,1.662811015505281,-21.519489611640953,-0.07599569382521416,0.10192672933263332,-0.11153725852232915,-0.5514041557581968,0.018205899537366392,0.27529648891116426,0.0001653871408264992,-3.141216517459123,-0.0001592094044107283
10.26656985282898,3.365148520197096,1.536998959791414,-21.615533022105573,-0.07436471843734685,0.09262303901674475,-0.1037624344057998,-0.551410430969443,0.018201333798499034,0.275246793944996,0.0002193317280459619,-3.141239627297193,-0.00012494843112610167
10.274577379226685,3.174398953732073,1.609851070916545,-20.682999215388207,-0.07423057176439479,0.11690989336214425,-0.10803389415229069,-0.5514004810053743,0.018204148828594394,0.27521095565658826,0.00010958472742437701,-3.1412246077911496,-0.0001472444087257012
10.284541130065918,2.9134865048870906,1.769091224516272,-20.42207805720998,-0.08412110237126405,0.1507816478554124,-0.10897969564356344,-0.551414064399765,0.018202744510093027,0.27521215495124174,0.00018689144412375834,-3.1411316486004424,-0.00017353643489009365
10.294534683227539,2.522636252844861,1.8138205961350262,-20.256190719318603,-0.08808854889658686,0.16242779660711723,-0.10967232395660131,-0.5514112887317217,0.01818462271015885,0.27518780739628,0.00020127029949826368,-3.141098777921111,-0.00013391264602218543
10.302455186843872,2.360617587959252,1.7572089917807656,-19.774296325650884,-0.08099767757792116,0.1776437189994191,-0.10850323707312182,-0.5514322443663827,0.018203646884617997,0.2751670896738264,0.00017003648727457885,-3.1410422157281235,-0.00018588443663511642
10.312567949295044,2.3879565914329626,1.7472364009228654,-19.51748040967374,-0.08135675663509427,0.18900377683653033,-0.10926141365819915,-0.5514138395528196,0.018191012801751928,0.2751215795252905,0.00019651336991584426,-3.1410645556967514,-0.00024128899711854857
10.320584535598755,2.036573630595544,1.8149541302593994,-19.22359166015938,-0.08372705903569748,0.21097589618523596,-0.11062512064671026,-0.5514332867186335,0.01820441937794465,0.27510536747589875,0.000125819265924824,-3.1410403303113243,-0.0002339478507618272
10.330540180206299,1.5624466551609246,1.7569186771196776,-18.930457253764413,-0.0794317484652685,0.23494560283092267,-0.11143045469710341,-0.5514177821146121,0.018209755245748666,0.27506332408580364,0.00014661398598361827,-3.141085674927529,-0.00022644021569614
10.338581085205078,1.171655739161777,1.2975677376379897,-18.729836697508695,-0.07794109769792984,0.28194640030871027,-0.11028806078223446,-0.5514165044924697,0.018207467065812406,0.2750526201217735,8.925970686930913e-05,-3.1410063182867747,-0.00015774888231023682
10.346527338027954,0.9007376340581368,1.5392299722983243,-18.590361731236214,-0.086337420167416,0.3142248642641973,-0.10370503794698703,-0.5514416300933102,0.018210792636819927,0.2750625864445511,0.00016074896560367322,-3.1408819132379002,-0.0002961083905198234
10.35646939277649,1.0530365115348275,1.8338567245565576,-17.230216442976655,-0.04797252720698379,0.28552160636889357,-0.10589792228241693,-0.5514392759026837,0.018216351812646164,0.27505333902388285,0.00013031403957393113,-3.1408815215767034,-0.0003280050905361344
10.366527318954468,1.371622776025022,2.059045259962554,-17.109501371400718,-0.05472841447995364,0.277191847171219,-0.10687785968134977,-0.5514407394892249,0.01821278603990126,0.2750310769926076,0.00014298913043767034,-3.140871592067201,-0.00041290546541511067
10.3767249584198,1.4016819768684323,2.2783474106147406,-16.53487807905254,-0.037493050845273136,0.28933693245858877,-0.10809943256213021,-0.5514260726158813,0.01820498653921187,0.2749607867081719,0.00016397231165215606,-3.140945319981907,-0.0002866669603841831
10.386495590209961,1.4463510804859752,2.4743238327487966,-16.086417160535188,-0.029063230648320674,0.2904267268742826,-0.10378682572617182,-0.5514260691754369,0.01819709629878428,0.2749676470062129,0.000196986118672069,-3.1408578456943457,-0.0002778504178774146
10.39447283744812,0.8070120713023168,2.5294737421522737,-15.999827302217371,0.011579167097373964,0.30440664103966064,-0.10590833276140184,-0.5514297355361872,0.018203554477291484,0.2749561974027512,0.00015184334017593124,-3.140838971217508,-0.00037232275662073375
10.402566194534302,0.9998371453784152,3.436912769452419,-15.138731823765687,0.039407584434418996,0.3302595104646134,-0.10151385054883177,-0.5514561577890263,0.018205330967096568,0.27493644596094335,0.00017944739913574752,-3.140800077477829,-0.0003745452304760647
10.412537336349487,0.4206054375236127,3.9036404198459076,-14.961076332125588,0.07990049633978402,0.33994089673658784,-0.09897749468867081,-0.5514434494024464,0.018203111964284497,0.27488591220162617,0.00015261794832936682,-3.140837544020357,-0.000410800790318371
10.420559883117676,0.7214471035382551,4.17227723209459,-14.79253432583698,0.12261314241270392,0.3774211585061161,-0.10307514076632954,-0.5514552764696021,0.018221960167014394,0.27485209819383477,0.00012270183989095473,-3.1408259252955033,-0.0004139354921882557
10.430573463439941,0.7009015830230503,4.532276253607058,-14.646236911674423,0.1397857685760612,0.3942432710878208,-0.10446306667547524,-0.5514328311432878,0.018215555815901303,0.27486578988565,0.00019362773546749868,-3.140770581680238,-0.00043994255071203557
10.438517808914185,0.21599012717099672,4.707308673401713,-14.744653214567428,0.1703366697406914,0.43009214054818323,-0.10688695529085823,-0.5514455740269543,0.018228892835804054,0.2748243793627142,6.768450927784284e-05,-3.1407867832447494,-0.0004104401461731578
10.446550846099854,-0.47524722123344626,5.075873956350966,-14.856488948456297,0.1959572125070403,0.46390329302379046,-0.10125471644293269,-0.5514619705982795,0.018237161470224392,0.27481735045297906,0.00013738425427013356,-3.1407226482057173,-0.0004923815636960148
10.45450234413147,-0.5108628883227616,5.12134577229757,-14.873210665729394,0.2272420695462125,0.5012482310703452,-0.09804793877538195,-0.5514373281147432,0.018257185652048924,0.27471990944722574,6.702429777252905e-05,-3.1409244276227253,-0.000360619702367399
10.464558839797974,-0.5223629128280527,5.603836987374406,-14.911081861740087,0.25449029758855957,0.5429214525280939,-0.10275526761827332,-0.5514674245656958,0.018233808124000828,0.27473888842867444,0.00015184764567467132,-3.1407865103817505,-0.0004630430168321708
10.474605560302734,-1.1468917382326091,5.931230720339451,-16.007447988559257,0.2933813981647218,0.601397428851178,-0.10394750943010682,-0.551455908697578,0.018255918409223276,0.27467506554201393,9.571297468941542e-05,-3.1408564520313593,-0.0004778461119777063
10.482560634613037,-1.6694613529789932,6.19129288443148,-16.535957755682897,0.34799039330879983,0.6552487598160912,-0.09081385057351027,-0.5514510496950749,0.018207834907110986,0.27466350510579307,0.00019049803120267179,-3.1408380560573708,-0.0003907696269329546
10.49052119255066,-1.8352513843715594,6.3190543404433495,-17.502124636095875,0.3447256507527434,0.711103454683173,-0.08662174088365081,-0.5514521998298242,0.0182345768497851,0.27460460414678983,6.905778483537518e-05,-3.1408963473995994,-0.00035096974396665854
10.500472784042358,-2.854867311813888,6.649650881860987,-18.401723336403222,0.35495090457513406,0.7519610815755879,-0.08670942895635632,-0.5514525478102384,0.01822020398233787,0.274576025611766,0.00012303467274585696,-3.1408819478546204,-0.00035217519192925155
10.510570764541626,-3.135817087710349,6.209946286560049,-19.039793395761013,0.3735150964760082,0.8026396278568753,-0.08482033289937281,-0.5514514094144095,0.018228486465001744,0.2744564540079357,0.00012363020274326744,-3.1410703380936544,-0.0003334251311418733
10.520501852035522,-3.075276531703284,6.09201020237878,-19.45689064275855,0.36573975196173514,0.8342957645654177,-0.08772488761945377,-0.5514234599488975,0.01826778332037159,0.2743801940656101,1.989354152566432e-06,-3.141204977849944,-0.0002999769461606422
10.530528783798218,-3.3580557108284976,6.296970197657289,-19.7512101567299,0.3575176993558373,0.8481780586169037,-0.0826590588291297,-0.5514260826046196,0.018233001098921574,0.2743284558763514,7.983746318097135e-05,-3.1412296675920466,-0.000160695448249847
10.538558959960938,-3.2836678614111725,6.531589999628646,-19.766118878701338,0.3628693602327161,0.8657319995755031,-0.08476551412766076,-0.5514222666296354,0.018249549953907894,0.27430537780644254,5.443264195903684e-05,-3.1412178232832573,-0.0002612084668074179
10.546520709991455,-3.1773551245385474,5.95676818026422,-19.79795172396099,0.36976121754744123,0.8712182489495153,-0.08426941020363177,-0.5514282568181424,0.018254500340306425,0.27428617204352224,-1.4636507891377142e-05,-3.14119886374566,-0.0002545072506582455
10.5565345287323,-3.054526682984615,5.811667550760998,-19.655214516920406,0.35824161391474013,0.8472688005027539,-0.0877208863777307,-0.5514365682498575,0.018222221789994664,0.27426766936570746,0.00014537529382889697,-3.1411782952689764,-0.00018242091554259346
10.566529989242554,-2.899298337059261,5.66642821737111,-19.733560999189862,0.3571531124268341,0.8236331110946047,-0.08232943456538484,-0.551442238977467,0.01822550263639504,0.2742365792532254,9.532556865997714e-05,-3.1410898266504725,-0.00017503146895721212
10.576661586761475,-2.5272744769409443,5.99358436050486,-19.68112272836782,0.3469504704682228,0.8419515188799939,-0.08153157010327246,-0.551430292499291,0.01824027284887864,0.2742014689430181,8.359304275582088e-05,-3.1411607252057703,-0.0002925201343217535
10.586480855941772,-2.9312686966045343,5.744052235017648,-19.56929402982347,0.3582465461460393,0.8361147072377724,-0.08678204922863356,-0.5514228359767315,0.01822419036108783,0.27414351831160627,0.00015304438316834787,-3.14122762472458,-0.00021928733918649275
10.596579551696777,-3.1424117236486024,5.667888379024432,-19.759649572453473,0.3609746244558344,0.8240243582899033,-0.08181845522505306,-0.5514061357745724,0.018210417246581196,0.2740979810346812,0.0001800370179212482,-3.1412588081967185,-0.0001735803836274912
10.606489419937134,-2.7902113354217084,5.810038809603533,-19.75814192987082,0.36257854313828075,0.8279051823540997,-0.08936116928151304,-0.5514160592873938,0.018225711686089007,0.2741056727220376,0.00011043229498742284,-3.141172856949562,-0.00026297345443366724
10.61656904220581,-2.589778085660399,5.7818862019755075,-19.790920750813346,0.3653689621345006,0.8273829945682927,-0.08602581014752296,-0.5514090633362643,0.018195022890117443,0.27405825215910185,0.00018797644991149875,-3.1412342184658977,-0.00021488958491054937
10.624490976333618,-2.7246474243813474,5.795305778983425,-19.885959517947967,0.35593137412560977,0.8199172252263204,-0.08396080555252966,-0.5514212909989649,0.018202855796820367,0.27402893759957014,0.00017068288455545594,-3.14115477712138,-0.00021605258767323725
10.634472608566284,-2.5251149144126526,5.873814260976181,-19.63715146505922,0.3448052280602534,0.8145149357177071,-0.08905194275199874,-0.5514130039423453,0.01823959135253422,0.27399361752360507,-2.9415762705868462e-05,-3.1411770216601647,-0.00021264631839112475
10.642505168914795,-2.6018843742656217,5.609917932889009,-19.68085328890665,0.35200250955843093,0.8109160244832923,-0.08934727630151222,-0.5514136855027323,0.018218463918761602,0.2739586411918809,0.00012705694524372177,-3.141183510595108,-0.00019679040539432276
10.650519609451294,-2.17781002146559,5.851873663745907,-19.431765295536344,0.34749090553232276,0.8142861950493633,-0.09130360438218872,-0.5514230163232297,0.01819649739510539,0.2739467989471013,0.000211624042039459,-3.141134168589582,-0.00015771134440480082
10.658512115478516,-2.2874852278809588,5.654133740190505,-19.401662815706572,0.35601410813069345,0.8077742760461201,-0.08842553774383625,-0.5514166907424142,0.018252024040395814,0.27390387512766534,6.391001402048821e-05,-3.141183908235143,-0.0002494654553327095
10.668499946594238,-2.4213081189384735,5.926874465664032,-19.415683674051316,0.35689904418986135,0.8061006920094262,-0.08378881064863929,-0.551404645211588,0.01822912168813807,0.2738651553640712,9.097333170719998e-05,-3.1411899699246546,-0.00019239428035620857
10.676586627960205,-2.1604554050972165,5.805965976988054,-19.58551050356365,0.3597222893796556,0.8095287801767107,-0.0918383152230434,-0.5514252375126119,0.01823770702583845,0.2738716216793975,0.00012887203991494988,-3.14112293938568,-0.00022763026415989813
10.684507369995117,-2.6684436514001146,5.6953138777265035,-19.758118353054794,0.3563737408319075,0.8018136750825233,-0.08875739721169258,-0.5514187982817437,0.018221829628144566,0.27381626544581406,5.356470285831457e-05,-3.1411421189784177,-0.00021276363557385004
10.692540884017944,-2.580418285880882,5.5193568185241455,-19.70021291807475,0.349699166537188,0.8073790207640564,-0.08878326883256583,-0.5514228716577217,0.018209480653356848,0.27379950956932286,0.00012557112233915069,-3.141091543281575,-0.00017412578670585716
10.700494289398193,-2.7832503789393495,5.36377107751326,-19.636692318701364,0.34277561547239316,0.8045227864650044,-0.08022859152888692,-0.5514188228617541,0.018195967667220002,0.2737386956973195,0.00024119486730432482,-3.1411898447707705,-0.00014927752995816892
10.71053957939148,-2.530629299895285,5.701884066288315,-19.644188512856115,0.33538850392280434,0.8126719293575455,-0.08777012267991734,-0.5514224421017143,0.018246628300139997,0.27372151943325573,3.008912094377444e-05,-3.141154324767306,-0.00023315221986910318
10.720579862594604,-2.795638940762884,5.254859602243214,-19.6445627675808,0.3433885908383426,0.8010942039476326,-0.0843131769709092,-0.5514199367825476,0.018221904894859097,0.2737236118748088,0.0001264238338180021,-3.1411131464627586,-0.0002629528943745007
10.730498790740967,-2.3050681478654207,5.109732444847461,-19.115065156616264,0.3350764104436982,0.7930586388299035,-0.0974510144608004,-0.5514165067323449,0.018213163303481827,0.2736463347100502,0.00015343688563018267,-3.141195920190754,-0.00021356209639169162
10.74065089225769,-2.7685925713150676,4.943233353360283,-19.298882289393333,0.3282956759687973,0.7790414758527401,-0.08508831250185585,-0.5514233992343256,0.01821969785540562,0.2736664175185072,0.00012935898471296293,-3.1410286220046593,-0.0002533918606208645
10.750656366348267,-2.233988840438349,4.680869038421307,-19.405685688883437,0.3241758824279761,0.7994319884725539,-0.09022189170392328,-0.5514098658866198,0.018214255458470562,0.273619655761369,4.5451219054270324e-05,-3.1410620677250094,-0.00017712264530048418
10.758587121963501,-2.1611915320222996,4.9949203017377375,-19.144512659335664,0.3125759706957868,0.8078349596180115,-0.08653061439233836,-0.5514155664112202,0.01822843296848294,0.2735622911775686,7.209551988559058e-05,-3.141137339065773,-0.00020379082472979005
10.766478061676025,-2.5097639805234366,4.786439107683893,-18.85655410813324,0.30958405608209577,0.7951137546676734,-0.0885727287013038,-0.5514114452033961,0.018208371495241092,0.27353989095528397,0.0001381679995415627,-3.141104756109863,-0.00021073502921476256
10.77658486366272,-2.3255249079374907,5.111213113148975,-18.781674393139703,0.3074012619759113,0.7961083837513002,-0.08571839708089854,-0.5514064350342922,0.018213492561870513,0.273483257531986,7.994651494641995e-05,-3.1411966012838324,-0.0001226698540671613
10.78456997871399,-2.292797329946167,5.113985006952624,-18.550594136562136,0.3056763456389438,0.7924038275037313,-0.08650117995258089,-0.5514254402170173,0.018209128849145228,0.27347050464467737,0.00015058578670873327,-3.14112805031805,-0.00021346412217191466
10.794494867324829,-2.47163251493368,5.143617469687675,-18.29924306334488,0.3077487770117146,0.7766118650859775,-0.08699593591515704,-0.5514224930198718,0.018245166765715057,0.27348185055261964,1.0230025517679065e-05,-3.1410745783795155,-0.00028386732805358824
10.802583932876587,-2.1955387591785365,4.9129550034013,-18.147132321646485,0.31839691711357343,0.7782341613355384,-0.0816274345835446,-0.5514126474829883,0.018244201399196688,0.2734346216948155,4.9814624367704376e-05,-3.1410501434407077,-0.0002549251289421104
10.810499668121338,-2.076168336325387,5.16192038577888,-18.473733888164514,0.3228709294443782,0.791289536185496,-0.08650841485109051,-0.5514281663659373,0.018210558988683515,0.2733952710313694,0.00018595524094336074,-3.1410621661729596,-0.0002273014831985911
10.820538520812988,-2.4013104641029774,5.456218859375341,-18.598801605792797,0.32365355982968635,0.7951400062244355,-0.08551620673338733,-0.5514332893166665,0.018198341454948554,0.2734061168750903,0.00021722419471673684,-3.1409882031803034,-0.0002546215872857193
10.830547332763672,-2.3047256270225036,5.1575513876178745,-18.592710190309894,0.32631182501470835,0.8098096896169413,-0.08632343033951125,-0.5514297181893029,0.018231373007213284,0.2733463784592497,0.00015539295893188688,-3.1410142959721976,-0.000249974548001644
10.840524911880493,-2.3804381359595475,5.462379270616907,-18.584233586710756,0.32032365973774535,0.8137662606952756,-0.08139442607277783,-0.5514126384229273,0.018223847088107824,0.273279401042624,0.00011181233393487832,-3.1411053043371804,-0.00020634250282740605
10.84856128692627,-2.8599579572704528,5.466557301669679,-18.664704705232314,0.3213127306096105,0.8108247879409488,-0.08281575589401567,-0.5514166091325833,0.018233846925362018,0.2732835651408797,9.268221577857127e-05,-3.1410749433953065,-0.0003224855383000762
10.856560707092285,-2.769733075354001,5.212985357344971,-18.692809759393974,0.3322426868815241,0.8094114362073531,-0.07820876065746145,-0.5514249402036748,0.018231309598374268,0.2732575271482136,0.00013155061710182092,-3.14105325854424,-0.00025545978258767943
10.866527318954468,-2.599758541273153,5.162630223006689,-18.469472068376202,0.32791676272292675,0.8119378243941779,-0.07838184970773308,-0.5514239880945098,0.018242298577468397,0.2732075253493868,7.401376024686145e-05,-3.141074733857405,-0.00024053072272787896
10.876550674438477,-1.987810375884459,5.236870554154218,-18.59203603434422,0.3218185480646448,0.8254337323490467,-0.08416551746496877,-0.5514263748047206,0.018241953690855066,0.27318223122181684,0.00010016163269326031,-3.1410614231103913,-0.0002312321220392372
10.884520530700684,-2.8912183027905933,5.1348033529196035,-18.61118246150983,0.3143603327250872,0.8115715176655262,-0.07806399616115879,-0.5514235712493177,0.01820712354440405,0.2731442679556949,0.00017825744781286318,-3.141059279976942,-0.0002703909969174825
10.894508600234985,-2.9998672543338722,4.963072264797788,-18.67143315406377,0.31777314307478455,0.8236301615721935,-0.07321285719626305,-0.5514210151360381,0.01824502486587942,0.2730933218541516,6.977581204244963e-05,-3.1410853667828045,-0.00025810809244201227
10.904501676559448,-2.989950761318787,5.10623664342169,-18.86257174787547,0.3166685961484661,0.8483818222864166,-0.07115910555212004,-0.551430733831757,0.018216987809934998,0.273072966262572,0.00019326510785582835,-3.1410623781760427,-0.0002897299424480751
10.914520502090454,-2.9749027107760018,4.907840802743986,-18.984643322264258,0.32748488423518557,0.8699089816441624,-0.0736834657979066,-0.5514265731628031,0.018201288409905838,0.2730450960882197,0.0001886483687283177,-3.1410546060132836,-0.00017831552351511702
10.922501564025879,-3.3119543824694957,5.016808397841128,-19.168094020366688,0.33017527300460003,0.8833516599395704,-0.077653997949276,-0.5514316955074546,0.018214418509410864,0.2729757140458827,0.00016946406853536128,-3.141103102700832,-0.00022900793566468466
10.93259310722351,-3.600352518057623,5.006184624228245,-19.213900257912155,0.32840894313199415,0.8893364935252701,-0.06649757655692672,-0.5514373692942486,0.01822261895502575,0.2729675207437058,9.930879084732939e-05,-3.1410931598180243,-0.00022862406745996963
10.940577030181885,-3.796368988459877,5.006933758567151,-19.31723759429707,0.323637260214281,0.9024474478309605,-0.07080192130305839,-0.5514341789884761,0.0182364785708493,0.2729200357494604,6.0851598604957314e-05,-3.1410760477067936,-0.00018638997336597598
10.948497533798218,-3.578965313511628,5.227134395315792,-19.14595736902439,0.31692763210536995,0.9226200407133865,-0.07240363601041608,-0.5514359811995327,0.01822862034529334,0.2729132233666289,0.00013812255014775346,-3.14108812418069,-0.0002960902684736172
10.956520080566406,-3.8210955868813787,5.298304789293071,-19.346024739016645,0.3152526175736013,0.9265298010980699,-0.07729464975115118,-0.5514360519864967,0.01823762806454912,0.272878664439999,8.83982687608277e-05,-3.1410410787841396,-0.00021359220995117886
10.966539144515991,-4.212872529217574,4.86093187420765,-19.25608096492556,0.327611665608891,0.9235809174361531,-0.06895682801796067,-0.5514257284668065,0.01824417984620641,0.2728264217193269,3.7800570562112914e-05,-3.1411295448187664,-0.00024916347141932344
10.976651191711426,-3.7550570048306353,5.243317260500427,-19.38540876787217,0.32089485216001973,0.9429319681063492,-0.08068522592085703,-0.5514279372757683,0.018220818552207294,0.2728080041361284,9.662766921611745e-05,-3.141058587270376,-0.00022643814293864682
10.984559774398804,-3.8510354804104394,5.0748537147470225,-19.257528112299244,0.32502247555286545,0.9471124133993961,-0.07294068606553293,-0.5514292144984065,0.018220703435543002,0.2727558556572558,0.0001080747238950954,-3.141139470731927,-0.00018299224745559577
10.994589567184448,-4.124570278446371,5.077893891211339,-19.311934060328312,0.3302108900550388,0.9487627388936085,-0.0675533057899037,-0.5514280458665826,0.018231937710175988,0.2727492084357856,7.015938206580863e-06,-3.1410895753219688,-0.00025073186147447874
11.004522562026978,-4.14442644948887,4.841039887360206,-19.472344219952188,0.3299261651958152,0.9615560346393769,-0.057723096793900135,-0.5514352206182449,0.018228811056070156,0.2726933850727393,0.00018229683817672535,-3.141123985913963,-0.0002301018968284349
11.012518644332886,-4.035958146122394,5.40948126629972,-19.397066733244547,0.31701588860575497,0.9755440579865355,-0.061967502981987624,-0.5514142339075087,0.01821920936869688,0.2726644224503866,9.927057292816868e-05,-3.141120216058727,-0.00020155989990385003
11.020560264587402,-4.072164131700192,5.4693833125277,-19.606365461427885,0.3178152084876904,0.9806236859231087,-0.07277833324422088,-0.5514327337012238,0.01822775346422423,0.2726553672539611,0.00015612524152487512,-3.141065511237284,-0.00024043977324842282
11.030534744262695,-4.092504008474332,5.197708485153632,-19.645510405523193,0.3282293942044479,0.9922836132876662,-0.07135760694228097,-0.5514412576170362,0.018235297980288608,0.2725904613733879,0.0001331055144719629,-3.14116566506601,-0.0001759077565589628
11.040580034255981,-3.9860427484013723,5.243481163606978,-19.76062378247721,0.3322859427887175,1.001327416549065,-0.06914380812007967,-0.551422909241287,0.018214273301164527,0.2725473686757667,8.839123468892555e-05,-3.141180834215171,-0.00017303190270313165
11.05049443244934,-4.117816231769911,5.168358057249204,-19.45700986928483,0.33189556454401337,0.995481673067928,-0.06880665656651495,-0.5514401543209477,0.018222628921805508,0.2725564644060959,0.00012691283915637844,-3.1410550167038367,-0.0002092820903222011
11.060538530349731,-4.211909888283732,5.312686494109354,-19.300464934970407,0.3250693017548164,0.9942315410253441,-0.06669954914837448,-0.55143580826429,0.018202780018456457,0.2724713318740306,0.00015429462297800067,-3.1411911069722382,-0.00018214905163929594
11.068716049194336,-4.171740053742137,5.211980840702907,-18.903641545661696,0.3254460284677328,0.9908199459548654,-0.07321083944608006,-0.5514460670962555,0.01821312304925844,0.2724972014227085,0.00010394852477927168,-3.14101224359997,-0.00020073551194451934
11.07864761352539,-4.681871568693199,5.21955178737441,-18.770119292339796,0.32349129295910056,0.9846529799652176,-0.07177197940483111,-0.5514302771805308,0.018234472819716258,0.2724682268890258,9.110876298198808e-05,-3.141033524113363,-0.00027793583906015213
11.088598012924194,-4.358943322663659,5.274432589926054,-18.657241375105738,0.31920391418728516,0.9933712887281835,-0.07673088525233153,-0.5514333965544863,0.018224699417563526,0.2724005077955106,0.00017533059337815604,-3.1410615944031983,-0.0001991784871158654
11.096530675888062,-3.8808743189265917,5.36046710864255,-18.49402420675114,0.3208822951644758,1.0078298504938523,-0.0731683177229816,-0.5514423472834946,0.018226149579844246,0.27241386853742233,0.00010602449486405325,-3.1410052524551997,-0.000282580139079831
11.104587316513062,-4.536255226523798,5.198363521301712,-18.634798541554833,0.3194654373022526,0.9996360524822808,-0.06968912636656684,-0.5514407555231363,0.01822064593659759,0.27233786127357995,0.00011935295699005864,-3.1411017648779413,-0.00023184145668998787
11.11251711845398,-4.291501520335377,4.906397936988105,-18.816469148198603,0.3275105313163156,1.018306206817417,-0.0698126953069505,-0.5514530486853064,0.0181935282991898,0.272382011885593,0.00023609613977349541,-3.140945053360037,-0.00025495435013758245
11.12251877784729,-4.550096596005884,5.308961996185088,-19.05869514443171,0.3104841141342423,1.0215843835269156,-0.07154809123280531,-0.5514272075209752,0.01821002501233584,0.27230626525021184,0.00017815822914819568,-3.1410686602464546,-0.00017970275938041332
11.132571458816528,-4.325398250772532,5.197491591041289,-18.8845526768393,0.3133591521112117,1.0364921877661635,-0.07086747640439457,-0.551446949721998,0.018238533327452143,0.27232304450755007,0.00010872412917490677,-3.140948598077327,-0.00034811818841157434
11.14058542251587,-4.657328210775386,5.152607360237829,-19.004918218385683,0.3168719403076406,1.0389623589196684,-0.07386474674085922,-0.5514577162664985,0.018219541792228743,0.27227282611847914,9.09586852603995e-05,-3.140949747719914,-0.0002853895050528962
11.148555755615234,-4.573224604038355,5.306584616220949,-19.064562703555733,0.3129690614070132,1.052410950907815,-0.07121928097008431,-0.5514286633222117,0.018229190239510775,0.27225512655067285,5.92655041821202e-05,-3.1409624686274755,-0.0002793170512515374
11.158514022827148,-4.817103837089624,5.184277259495043,-19.271477226737762,0.3236512470794872,1.0497490282237365,-0.06760712315776252,-0.5514344609592554,0.018241589711089634,0.2721899178061245,8.438008633625328e-05,-3.1410554097004746,-0.0002988549113153623
11.168554067611694,-4.9042426934683965,5.163172902958589,-19.518860651137047,0.32819458061749296,1.058573251041035,-0.06805582428398245,-0.5514347908670526,0.018234656822261167,0.27214614111786295,0.0001115168611320609,-3.14106032766785,-0.0002959805138759451
11.176559925079346,-4.639171117283972,5.335517795128144,-19.642207330344107,0.3244570421021353,1.0815696275882043,-0.0665399145271594,-0.5514190330696831,0.01821877641054916,0.27209964306359724,0.0001441066004181539,-3.141057351437552,-0.00022019253730007915
11.184619903564453,-5.0134811391421605,5.046560357906339,-19.69723095111481,0.3311701977204115,1.0809372379879865,-0.06891259395463495,-0.5514379971354136,0.01823111849415196,0.2720853168821834,6.657067671232537e-05,-3.1410435283574674,-0.00026040159835643987
11.192516803741455,-4.976892846573103,5.238522832686648,-19.825755072394934,0.3327155518532753,1.0873510526809131,-0.06450077197871142,-0.5514295224423593,0.01822777493027485,0.27202722101710686,7.638358354141707e-05,-3.141091443040501,-0.0002383049531930855
11.20058798789978,-5.067029429927607,5.148400074563023,-19.97630425264717,0.32803030099323055,1.084480773275372,-0.06833397238441902,-0.5514303381029357,0.0182181137211325,0.2719861031354431,0.0001405931482352103,-3.141128634323632,-0.0002757143145099027
11.208565950393677,-4.927241954446415,5.001448152817412,-19.962086505032808,0.3318662256149444,1.0874723408366895,-0.06279518946932884,-0.5514309460302875,0.018234413273767434,0.2719766109800309,0.00013513940828048713,-3.1410894358390027,-0.00019252084488149328
11.216525554656982,-4.790698926194022,5.437248179210955,-20.028098287716485,0.3304180612010045,1.0822119189449144,-0.0707716618754632,-0.5514289243757216,0.018245322791258158,0.27194754760486334,8.270295501552429e-05,-3.1410945495835727,-0.0002971245681998848
11.226533651351929,-4.640683837188586,5.199879081074944,-20.026784430584183,0.33453281091759307,1.0812480298335985,-0.06827568611073101,-0.5514446550013515,0.018226596384271546,0.2719207007021104,8.310563803163195e-05,-3.1410918891447945,-0.0002170508226959448
11.234531164169312,-4.66103834495932,5.083964613415353,-20.02865923807202,0.3327662544340577,1.0756529020509855,-0.06749809233133645,-0.5514258677905762,0.01821719705703343,0.27187874467712947,0.00014275881322169744,-3.1411505474105166,-0.00023707942035790884
11.244522094726562,-4.948392897734271,5.11470041772287,-19.98649869238296,0.32890346334154197,1.06521978844615,-0.06310515674067572,-0.5514375695231337,0.018248820284015817,0.2718992902767323,-1.0436127409689752e-05,-3.1409993166225094,-0.00021621477703297868
11.252509117126465,-5.037821082261932,5.185195068115573,-20.125485348747432,0.3321966260959149,1.06612121577804,-0.06608354490390388,-0.5514586067766569,0.018240239368856645,0.2718418829961096,8.538343092318316e-05,-3.141035494751996,-0.00022595688975964064
11.262525081634521,-4.808161147090989,5.18899042831093,-19.95033576744439,0.33540883278664635,1.0693657126339238,-0.06517664214268838,-0.5514295108959756,0.01822140591216815,0.2718043880036242,8.609254512752823e-05,-3.1410706963007904,-0.00021739334542849968
11.272509336471558,-4.551688195924277,5.448474971551991,-20.013266418880114,0.331552489689003,1.079144378308273,-0.06818648915701693,-0.5514605138157551,0.018233913492383656,0.27179593604810826,0.00014596045246969603,-3.140997687175257,-0.0002076620919008248
11.282527446746826,-4.632765217009279,5.214651648926893,-20.036437716345134,0.3343069421582173,1.0775265988225644,-0.07034104528721821,-0.5514424118652244,0.01824763771730297,0.2717308596214799,8.239108285158016e-05,-3.14107022287094,-0.0002235510421990186
11.292521476745605,-4.568783229561645,5.269243181543803,-19.943274877931987,0.3336561229626991,1.0818176518200426,-0.06999369551427558,-0.5514258879461862,0.018233797059377124,0.27168570707052475,9.003243798664532e-05,-3.1410965304277,-0.00024532184199981314
11.302529335021973,-4.629684551807676,5.241246932298361,-20.081149305713225,0.3356655820163907,1.0712382999315586,-0.07496356916487519,-0.5514405818959733,0.018214587299475764,0.27166585566761786,0.0001731937165816893,-3.1410556382908226,-0.00025531820718260087
11.312580585479736,-4.688610005619675,5.504400938393236,-20.055270529738067,0.3308088591362028,1.0693694529767033,-0.07096004176368466,-0.5514351086635925,0.018204168403296733,0.27161222221360426,0.0001813185435796864,-3.141105839533377,-0.0001988492142918594
11.320629835128784,-4.596086032956743,5.270830776254189,-19.890084333581942,0.34169624186757275,1.0707939889659657,-0.06926757983367816,-0.5514232363669497,0.018216063605214206,0.2715718729184003,0.00016207415828110083,-3.1411078716681415,-0.00018945847834433434
11.328536033630371,-4.759278435013612,5.438934524774903,-19.968766396387696,0.3422785552716003,1.0708750183321183,-0.07282155235029177,-0.5514396362833186,0.0182465697734682,0.27154621386464217,5.2983176734490545e-05,-3.141127512187141,-0.00022797889964095184
11.336531639099121,-4.647675899982787,5.813601181265278,-19.92536852202653,0.33683772175895743,1.0770717999857329,-0.07100883161455453,-0.551436631580444,0.01822318977998887,0.2715536972451946,0.0001124624351288257,-3.1410246345444333,-0.00028035237769585396
11.344514608383179,-4.720032895125421,5.134614543308802,-20.09567940969586,0.3549517011043766,1.0776990426158708,-0.0707748934008781,-0.5514427459902459,0.018245762892449436,0.271514101944402,0.00014435952185969447,-3.1410584357135205,-0.00027192337873811095
11.354519605636597,-4.8089988776955215,5.230436312048311,-20.013881492343092,0.3560759344430809,1.0788810293579016,-0.06587169664967062,-0.5514489566950806,0.018218342065596454,0.27147835725357083,0.00017119651277885874,-3.141063331650504,-0.00020774599110104142
11.364492893218994,-4.603843734420473,5.503457864613046,-20.055205366201207,0.349499881070134,1.0896657791925848,-0.07377001102983212,-0.551438743735563,0.01824187732261428,0.27141929953247285,5.1091556356047274e-05,-3.141079393398855,-0.00019265961525500357
11.372459411621094,-4.768291085055777,5.6447947489641646,-20.03565446598127,0.3477372272565109,1.0868928973503624,-0.06570244893204615,-0.5514437831399399,0.018222320969095037,0.27139802428144594,0.0001730610970471635,-3.141063345104192,-0.00022119167758405302
11.380584716796875,-4.796304836702106,5.462017999785431,-19.922126733329087,0.3512867756450894,1.078371953673388,-0.06878040268051958,-0.5514499792125062,0.018206835445192953,0.2713782213480408,0.00019317138292479562,-3.1410371413391434,-0.00018343075834698528
11.388603210449219,-4.57708246510788,4.977620154754907,-19.890887833976585,0.3587088046136371,1.0852791194560325,-0.06869619271678423,-0.5514403616633655,0.018216861809096725,0.27135129896036136,0.00013585599848977165,-3.141064360636778,-0.00015150302056791303
11.398529291152954,-5.111669507609692,5.237725480611293,-19.78520511347584,0.3593861673568609,1.0723266131106042,-0.06588650376276899,-0.5514425241254581,0.01822152614946094,0.2713225317849178,0.00010267983004109372,-3.1410757868846493,-0.0001732431467549913
11.408493518829346,-4.715659459841554,5.594787580240395,-19.636768343263995,0.36094368033788243,1.076519516946671,-0.07008259390778544,-0.5514296300723376,0.018221211376139107,0.27128631927418645,0.0001622124901662716,-3.1410687376693924,-0.0002690186782176642
11.418480634689331,-4.774122746280767,5.093763382117756,-19.615618025544723,0.36750923622400133,1.0603782204596508,-0.06930626875885983,-0.5514539056104367,0.018237627958714878,0.271260936679285,0.00013874637747914915,-3.1410496353647854,-0.0002181027616526513
11.428506135940552,-4.549104165476199,5.486474482731992,-19.31755814105575,0.3561905526823846,1.0617891411670413,-0.07741516747189058,-0.5514524859753461,0.018224154126269286,0.2712289809972832,0.00022757243434039288,-3.1410055159884975,-0.00020511590278133468
11.43858551979065,-4.8400819277487255,5.46717472026287,-19.383763480127218,0.3622898472780411,1.05013421630689,-0.0715854296744382,-0.5514447749476681,0.018216158038087238,0.2711763891205473,0.00014028128955038095,-3.141022990364023,-0.00022058714802310441
11.446571111679077,-4.208274065675297,5.356228798693323,-19.328335366564193,0.3595623352932775,1.056693795180454,-0.07038209096130306,-0.5514491659863074,0.018227401433035355,0.2711397921103484,0.00010779030723557122,-3.1410511966264525,-0.00021539591965092115
11.456543445587158,-4.3889436150425505,5.6271221158626235,-19.193428410803627,0.3527306225133749,1.0455342785095556,-0.07392794373920328,-0.5514459176529726,0.018231714311854094,0.27113192300770295,0.00018210022923030442,-3.1409915338677403,-0.0002633243770150115
11.46460747718811,-4.16879673027025,5.637765608836188,-19.02038676069352,0.35076163560269785,1.0542217150260333,-0.07622033914294499,-0.5514429132701446,0.018219120334819077,0.2710651735414379,8.535384011003961e-05,-3.141070159031143,-0.00021977451517211135
11.472484350204468,-4.290955447262679,5.719609843251389,-19.049340338401976,0.35041552382123115,1.046214011294412,-0.07184402248367154,-0.5514536372293637,0.01821182005309628,0.2710589766735321,0.00021978054215140093,-3.140981721546424,-0.00031081723632572127
11.482620239257812,-4.33961415366959,5.658112077770526,-19.101677334375633,0.3557235816304145,1.0468702198007156,-0.0696444306918659,-0.5514364489491786,0.018215063444359296,0.2710054931182957,0.0001569100127132707,-3.141091155535207,-0.00021497475179814207
11.492570877075195,-4.547584452375442,5.864267291380006,-18.996498389838173,0.3502474327784155,1.0515739751075994,-0.07281136425952049,-0.5514519572995283,0.018229955428743574,0.27103232503976615,0.0001849525869686367,-3.140928547497962,-0.00024049096620421884
11.500491857528687,-4.470601976181504,5.609244570488685,-19.134236154585864,0.35914864455915974,1.0578595853515378,-0.0704340470963281,-0.551448708841841,0.018222379229296266,0.2709481495613648,0.00011861670495956412,-3.1410704262329223,-0.00021081852821397604
11.51051378250122,-4.898678386500603,5.501365574876686,-18.983786040046713,0.36198840323210213,1.0483878995606408,-0.06722809345747878,-0.5514600799320014,0.018203863814137244,0.2709334634529537,0.00024246592830140588,-3.1409997402532746,-0.00022700376247773536
11.520565748214722,-4.444551775169507,5.6175138852921505,-18.842192631867245,0.35995727257881016,1.054972641778785,-0.07186943506671846,-0.5514572199467015,0.01820035529249255,0.27091020712673447,0.0002760214574741595,-3.1409981444895148,-0.000261532508995688
11.528721332550049,-4.048394330378371,6.110455024339665,-18.797091083095818,0.35647828149817384,1.062693731726599,-0.07412982004655473,-0.5514495161624374,0.01822577864496849,0.2708713034712342,0.00015431444674989572,-3.1409902223523503,-0.0003382378025680256
11.536545515060425,-4.827401671343495,5.402663631629165,-18.897668825287877,0.37132531716764433,1.0488144913276478,-0.0701313276498128,-0.551450182227902,0.018248516183918092,0.2708221841739789,0.00016219113753332022,-3.1410401645414283,-0.00020739870854338523
11.546555995941162,-4.287290546504231,5.558794695970324,-18.991393601225734,0.35893022465298086,1.0610090336141231,-0.06832025337260424,-0.5514538092262751,0.018224425613713707,0.27081699414078936,0.00012894230486108386,-3.141015900305284,-0.0002871865406349872
11.556471347808838,-4.536052376493907,5.5548600530210575,-18.7042224758716,0.3635754975882309,1.0584066910504326,-0.07072813626763214,-0.5514450048149219,0.018229831016017963,0.27075956197205275,0.0001252877775145551,-3.1410640393746574,-0.00029145359999619444
11.564579248428345,-4.553928606311595,5.606459082137376,-18.67895099020537,0.36684476464739624,1.0673534129959026,-0.07490315220840903,-0.5514394162927828,0.018209113334931117,0.27074906531261944,0.00018992159493071126,-3.141002957709913,-0.0003033381681446786
11.574487447738647,-4.854156930821686,5.503319629281174,-18.539358402221257,0.37046052850366484,1.0665947914930012,-0.07615435147322601,-0.551440881024929,0.018218883344065143,0.270730865464763,0.00011787862856548395,-3.140978005183729,-0.00024093224052032972
11.584720134735107,-4.486189102703244,5.643164881330376,-18.28646490437071,0.3710314901487866,1.0753984558910246,-0.07268277746375676,-0.5514450594337018,0.018254698518892488,0.27069590991390824,2.427009639523629e-05,-3.1409166978078957,-0.00031409660250408626
11.592529773712158,-4.648286971374412,5.571375870233898,-18.107556579202203,0.3748872764588143,1.0701250505696713,-0.07585209624176686,-0.551454622446047,0.01825097652855818,0.2706274892393964,6.878796413840985e-05,-3.1410167844055743,-0.000310211619535808
11.602510929107666,-4.829952657195654,5.715171805498535,-17.960247045193807,0.37025432394712693,1.064824150430096,-0.07425128769772531,-0.5514485227368062,0.018206374626450778,0.2706090933701864,0.0001415290096212438,-3.140979512481756,-0.0002717708941887147
11.610574007034302,-4.645778250549576,5.4544778809065,-17.716672958241322,0.3725640588596924,1.0643816301376314,-0.07952833573244712,-0.5514431958713866,0.018243465933936037,0.2705665637007544,0.00012827280038044578,-3.1409874684747314,-0.00033449984532051664
11.620500326156616,-4.515876169052911,5.8976639464063325,-17.68311664241516,0.36155748120095366,1.0681799165975931,-0.0785670113426677,-0.5514373991117624,0.01821791989444122,0.2705218649082981,0.0001614666900860621,-3.1410530219559587,-0.0002511674237814771
11.63054347038269,-4.777182421596961,5.393391731817359,-17.64922415822699,0.37188770777443797,1.0623504383003595,-0.07554042825421481,-0.5514470451427744,0.018215177695912976,0.2705263901826147,0.00019417126613903042,-3.140923844291105,-0.00026152341491469575
11.640540838241577,-4.441075033693138,5.478185926526389,-17.473205393813956,0.3730489127929919,1.0641588641470816,-0.07455659851862577,-0.5514464727884835,0.01823479374097698,0.27046550107036815,0.00014950190822250102,-3.1410250405019413,-0.0002774433494748516
11.650502681732178,-4.503421172680488,5.863975260331659,-17.235829079309617,0.362352374851061,1.067396632499006,-0.07817985833361508,-0.5514575208660395,0.018230563729916948,0.2704670676973581,0.00011726488804079434,-3.1409502986190403,-0.0002956570603938324
11.660642147064209,-4.912788212651149,5.3606048528613375,-17.147736832021238,0.37520731354203285,1.06735233431548,-0.07369534625130378,-0.5514564738297825,0.018228666995325358,0.2704378164760986,9.963512759508862e-05,-3.140914751588973,-0.00032559063292545294
11.67046856880188,-4.777224731766012,5.657160169602319,-17.26933075904567,0.364448091141055,1.0824655689978266,-0.08171072487618619,-0.5514578584997201,0.018222424181735947,0.2703582396895903,0.0001391292301060123,-3.1410173951346905,-0.00025112300220765443
11.678529739379883,-5.000011515020418,5.481034535512267,-17.284983019185862,0.3713110564997129,1.0898525191803388,-0.07178588354079288,-0.5514483556734143,0.01819345862726963,0.27034157364844214,0.00023077174372771288,-3.140967337418631,-0.00025879365639763845
11.688612222671509,-4.947445572449705,5.674749353870772,-16.93363861023321,0.3684989752230448,1.0924077899900217,-0.07847590360889901,-0.5514476886354166,0.018211840009323764,0.27030063098064405,0.00019940630794367065,-3.141043430508689,-0.0002666501207892504
11.698598384857178,-5.245626994555582,5.510984927348968,-17.007637940050483,0.3728452724829874,1.073838847520796,-0.07285293860391732,-0.5514506747391188,0.01823895932311234,0.2702599570458314,5.212468924221251e-05,-3.140959606605915,-0.00021426747615835412
11.70849084854126,-5.10069544778106,5.3335779635457135,-16.71152710305383,0.37294943959961596,1.0731208104653416,-0.06948696383996396,-0.5514530341612868,0.01821681052709364,0.27024449357910824,0.00016108451332544455,-3.141031267747833,-0.00029057361560458323
11.716480016708374,-5.1555218584581795,5.465858015119569,-16.83444311183405,0.3681434070798131,1.0707078981514602,-0.07350086318748819,-0.5514514229039705,0.018245947751630492,0.2702036521524069,3.398869301437109e-05,-3.141027547865918,-0.00029155784467671596
11.726527214050293,-4.5401821546092895,5.5064637164638155,-16.730909238345593,0.3643041150279208,1.0854288141836228,-0.07458426617818424,-0.551441892474482,0.018234221686428596,0.27018384325080297,8.677148667114875e-05,-3.140978196703247,-0.0003198895701097938
11.7364821434021,-5.2626100194707846,5.175911037906041,-16.60873112440498,0.36873960606071693,1.0629704142629688,-0.07700191661105069,-0.5514627529478525,0.018224443990967995,0.27016373116605125,0.00014406677490319734,-3.140964799594433,-0.00029138300237613286
11.744566679000854,-4.8605106677465075,5.426872054474365,-16.594265528822657,0.3638644529189643,1.0720580599650213,-0.07858134481699196,-0.5514546339481992,0.018237351639720345,0.2701206568863189,0.00010000011441347577,-3.140974784294874,-0.0002395829401115517
11.75251054763794,-5.098754932114153,5.485915148077081,-16.446570780080496,0.35984075517760666,1.0691031889608227,-0.07542679209056886,-0.5514593124500231,0.018238282797790637,0.2700998550886183,0.00012092868263540277,-3.140953176281872,-0.00028146381370417584
11.760432481765747,-4.849031694159689,5.324568303132235,-16.83612126337117,0.370102416783117,1.0780247067646629,-0.08370200056072417,-0.5514551526068026,0.0182129244360541,0.2700343449966607,0.00019164663890200453,-3.1410539074352846,-0.00021576967458717
11.76853609085083,-4.981210545115702,5.409826576529826,-17.019440993723908,0.3672640625467323,1.0775659380411866,-0.07607950987117773,-0.5514500823082632,0.01822705745597798,0.270037867551328,0.00012857514961173554,-3.1410001964121297,-0.00023944979003008668
11.77646279335022,-5.291283394040889,5.314636653843313,-16.8536584129213,0.36723912357154204,1.0720747387082183,-0.07827497667095558,-0.5514577008054231,0.018233690299877526,0.269975193670843,0.00016231856615882696,-3.1410501929536565,-0.0002507147094252584
11.78655743598938,-4.590214176077173,5.725854656741648,-16.851696923365395,0.3632147238916887,1.0812802812717848,-0.07665418576408847,-0.5514652306784225,0.018211589566954203,0.2700004507850919,0.00020556417247307972,-3.1409480467588606,-0.000303892938190086
11.794503450393677,-5.192660798900446,5.3724506996790105,-16.766972258945483,0.3654175334181578,1.069618002537104,-0.07374223175881413,-0.551460518611631,0.018226499455142035,0.2699769605120509,0.0001816747727917997,-3.1409261761150544,-0.00032013232897144805
11.802493333816528,-4.7139914918092325,5.387922226624361,-16.63214779207696,0.367032746539649,1.0780910523612326,-0.07035878924221735,-0.5514474050609478,0.01823646411056066,0.2699150983750148,6.485554633426928e-05,-3.1409912957675483,-0.00029501848361265434
11.810499429702759,-4.818680278994405,5.486729516942976,-16.39690109961846,0.3640882119166878,1.0766450724063326,-0.07619983895350815,-0.5514514325104204,0.018221311317603125,0.26990735231555973,7.853745799751933e-05,-3.140978173566497,-0.00021978788025472896
11.8205726146698,-5.19066926478097,5.472327935935313,-16.383960331568698,0.36909322209856926,1.071709798898232,-0.07669967808568066,-0.5514628908534711,0.018223479252291893,0.269880510450037,0.00012489195964791565,-3.140968557553863,-0.0002827893889128188
11.828500747680664,-4.8804598544610815,5.665888755120265,-16.434961328438316,0.3641162585323226,1.0746196485776471,-0.07792293605871171,-0.5514685717802964,0.018217599390161952,0.26985714336704647,0.00017160563282637547,-3.1409125548768797,-0.00022855843630656495
11.836446285247803,-4.864111312974624,5.470220285943548,-16.268790980879228,0.3732516000194758,1.0793616948487588,-0.08256794372195103,-0.5514731961938639,0.018234613607528226,0.26984502546888534,0.00017774790372810466,-3.140922096219038,-0.00025845171217681793
11.846483707427979,-4.92267950254249,5.480312891055042,-16.58122555882308,0.37350662996747264,1.0910624292124131,-0.08130543034993445,-0.5514830653506617,0.018228975231584392,0.2698137586274388,0.00019221859927776575,-3.140893348373723,-0.0003149877910765892
11.856510639190674,-5.30733296839515,5.046344826881261,-16.418772661204503,0.3800379087243176,1.09126828172184,-0.0648757658222464,-0.5514675731168743,0.018227046364182944,0.2697670858753226,0.0001682668531284333,-3.1409244284796918,-0.00024132322106471029
11.866504907608032,-5.234850173324066,5.366452967012519,-16.506074510032207,0.36899528027878686,1.0988304179727266,-0.07765280410414703,-0.5514428417616608,0.01821009427030621,0.2697118047999515,0.00014753277988687253,-3.141036157906724,-0.000245462299117346
11.876527547836304,-5.3521354939700645,5.282655316400531,-16.47151414625196,0.37550857347334965,1.1084583535448187,-0.07263599680275556,-0.5514537159687498,0.018212425761765884,0.26969199661125026,0.0002259501354857464,-3.1409468402741525,-0.00020368397022057263
11.886596918106079,-5.267477392173791,5.517371078324146,-16.48584665139142,0.3752629097545602,1.1136527746046836,-0.07914826534438509,-0.5514532912592798,0.01823329085456848,0.2696837280079517,0.00011716613217999022,-3.140922823184552,-0.0002950122891443103
11.896509647369385,-5.684227298837566,5.317568540016382,-16.298690980970868,0.3870443937080541,1.1041313982776784,-0.07479173075066796,-0.5514437502471091,0.018214950315528385,0.2696230366763803,0.00015771553233291866,-3.1409744267986754,-0.0002782139773134776
11.904493808746338,-5.4119903958110465,5.701101752124338,-16.36176319335561,0.3798691740170422,1.123426805655638,-0.08113924411371093,-0.5514364668412909,0.018206474778190214,0.2695667088369429,0.0002280534280892577,-3.141023349507122,-0.00019427145968516855
11.914571523666382,-5.613133602888149,5.434447745320861,-16.488051940732614,0.38466846167319113,1.129162250032641,-0.0738800982531362,-0.5514284666626176,0.01821929971333879,0.26952755973693565,0.00011989297969142378,-3.1410769061116213,-0.0002586574422553259
11.924513816833496,-5.548833060487762,5.570778879818837,-16.425535147108437,0.38011454925939525,1.1233134631459232,-0.07703693132165998,-0.5514293631804204,0.01822361242795565,0.26948504407590457,7.601902936109657e-05,-3.1410631557128843,-0.00022980104659894778
11.934497594833374,-5.2215117021118855,5.6282668968862275,-16.099445912535586,0.3813823267101716,1.1221857392718497,-0.07873120391415056,-0.5514525204690205,0.018213201222828993,0.26948692833418797,0.00021205299704951365,-3.140994144343094,-0.00020595313193238468
11.944587707519531,-5.615312193314649,5.436874854337447,-16.088151111613925,0.38576168497999613,1.109935040638379,-0.07778819592632659,-0.5514672809497525,0.018219014388868773,0.2694704752788771,0.0001667542734681398,-3.1409189699398925,-0.0002661016288334942
11.952601194381714,-5.255581536513444,5.698844397118115,-16.160779194117072,0.38175129574197425,1.1150972374828492,-0.0788138512943651,-0.5514538665042104,0.01822705295965871,0.2694231472582145,0.00011691794489855189,-3.1409927535838564,-0.0002452011372959502
11.960497379302979,-5.042318945351264,6.056293451881802,-15.943220087545768,0.37476670999393874,1.1248086451953743,-0.07837748088411609,-0.5514573080560301,0.018252495345052713,0.26940662043441366,0.0001116903619743896,-3.140957904551821,-0.0002875714887054144
11.968574047088623,-5.162457463480878,5.630943664526179,-15.801836704750905,0.3816041893210938,1.1212451962954286,-0.07685800913674534,-0.5514681629541841,0.018229882682630573,0.26937697149801204,0.0001371842465657073,-3.1409318568864126,-0.00021693183339766394
11.976546287536621,-5.444899721837717,5.783884532391709,-15.878519981685672,0.3781924309445082,1.1089635288603532,-0.07365367273504049,-0.5514502036342293,0.018209720574973446,0.269341458044823,0.0001492427433146765,-3.141019638864794,-0.0002926471879235835
11.986544847488403,-5.289273233156796,5.532538337013823,-15.7118969359238,0.3845924146656846,1.1057862546083077,-0.08157898982455582,-0.5514680996368008,0.01823689214344125,0.2693494741799518,0.00011165423435429907,-3.140922766253901,-0.000186274496535332
11.996536493301392,-5.127044535231479,5.704857771357095,-15.760608366662606,0.3829104310957201,1.1088950840316842,-0.08008648345483033,-0.5514633404830745,0.018230485945394437,0.26932161693704354,0.000119824957069567,-3.140927964655093,-0.00025192546852394556
12.006564378738403,-5.196261891734788,5.83354068092248,-15.652206846129138,0.382499956530976,1.1122630647621718,-0.07705517524119126,-0.5514634199719199,0.01822508052176999,0.2692649488235117,0.00015065447281420154,-3.140967049109627,-0.0002882341938254902
12.01653003692627,-5.581419511366388,5.420689372656507,-15.723806392992131,0.3904685774393898,1.1068834426304597,-0.08217610156225069,-0.5514455920258748,0.01824982785013641,0.26925099999544577,1.1714635462614055e-05,-3.1409777438061295,-0.00029018285212889424
12.024537324905396,-5.607755383056407,5.605803906874279,-15.668640208595306,0.38590372519968263,1.1027825783019254,-0.08191167174659338,-0.5514689815824565,0.0182243193610226,0.2692018111207933,0.00018577448273397482,-3.140965658748731,-0.0003290842478334099
12.032529592514038,-5.184285005786014,5.658658538327666,-15.684898475127945,0.38815035931635555,1.109396893272401,-0.0784367800913866,-0.5514633597964257,0.018237088344128436,0.26916991756725644,0.00011600455626135532,-3.1409715853949796,-0.0002652614095664704
12.040549278259277,-5.232927753540559,5.590275634475581,-15.872056991727556,0.38915899153954053,1.114982186519252,-0.08266556152213347,-0.5514679097699133,0.018220321327108685,0.26915325786857913,0.00022997577973085358,-3.1409882841261907,-0.0002576693332466244
12.04854440689087,-5.54981477493524,5.889020097944406,-15.858770204404555,0.38161403136384475,1.1184162796678678,-0.08174727684017204,-0.551452766741269,0.018235603949321014,0.2691464040623393,7.201596799354644e-05,-3.140943011302233,-0.00027036773136805746
12.058522939682007,-5.334856970825097,5.647932642712685,-15.88628003928041,0.38981344059639234,1.122273692264103,-0.08220881017766365,-0.5514642670756136,0.01822190505608661,0.26910184696419165,0.0001232899481192976,-3.140988093990304,-0.00022964164944834002
12.068593978881836,-5.495559424455043,5.525079492191461,-15.834656988960532,0.3954230607476069,1.119870100604846,-0.0811737550530764,-0.5514767049262327,0.018234380686461132,0.2690801189684318,0.00016449201571489772,-3.1408895551551295,-0.00027823927560640635
12.076507568359375,-5.159762278315207,5.7967718537046835,-15.673460334018444,0.3929885097095633,1.1326453988765421,-0.08813690913622362,-0.5514522639153602,0.01820023236120226,0.2690310619190482,0.0002158944956042345,-3.14097013306912,-0.000317175588548639
12.086507797241211,-5.7845256232162034,5.669687943683401,-15.858918917993362,0.3947883877479879,1.1241506824191312,-0.0755481950061226,-0.5514623875556791,0.01820915442089455,0.26903306927667514,0.00019079299422467206,-3.1409223228130903,-0.0002916738350779975
12.094727039337158,-5.446424705245174,5.546527634028081,-15.609280416783275,0.39900184945847417,1.1257486777007908,-0.08314001361342242,-0.5514624935906239,0.01824367718420012,0.2689933453636749,0.0001076012403029019,-3.140942939608278,-0.000320885984675093
12.104524374008179,-5.318337561771804,5.573455041784062,-15.465114753627216,0.39453504718241356,1.1269411629287343,-0.08355392770193407,-0.5514391310432366,0.01821066663167197,0.26895421564344163,0.00017216224488572678,-3.140957226393689,-0.0002943033364763406
12.114583730697632,-5.480433063447783,5.7940866195118765,-15.457597400078212,0.3938340291449848,1.1338836543154502,-0.08047538002722233,-0.5514701613096259,0.018223905037288872,0.26896182940563196,0.00016912755345930433,-3.1408537169362982,-0.00031379447962850526
12.124550819396973,-5.594442843668177,5.972238738618582,-15.390603675603739,0.38987843845393433,1.1391283205895721,-0.08764284000440574,-0.5514688674731288,0.01822140704599286,0.26892675048852005,0.00016079422587091257,-3.140865412879768,-0.0003010571756740488
12.134528636932373,-5.433656378765387,5.9177872451609925,-15.464908639478487,0.39616911208571415,1.1557701429125955,-0.08458929036247778,-0.5514493197583078,0.01823898274181825,0.2688496396263669,6.477973057995719e-05,-3.140979026929828,-0.00025665664228174294
12.14250898361206,-5.7372064585819755,5.883911117780077,-15.210856821252287,0.39777811185219236,1.1560594711916665,-0.08220886274105217,-0.5514556644862193,0.018226188250281706,0.26886909309914286,8.65726435246752e-05,-3.140864768935176,-0.0003002942588410112
12.15250301361084,-5.826696303021961,5.606285483785684,-15.478015452887197,0.4079811349354519,1.1531119546572073,-0.08296454466552251,-0.5514597673968982,0.01821804460224522,0.26880904037079023,0.0001896688771156285,-3.1409406249474525,-0.00033362747249281475
12.160585165023804,-5.759802119071968,5.453149126329136,-15.389772001689469,0.4145600568255771,1.1585760819802506,-0.07813126592769988,-0.5514574408405845,0.018229655322340083,0.26876497379030695,9.456674437648623e-05,-3.140964069308003,-0.0003420096137007075
12.170519828796387,-6.051862559528611,5.822174277764952,-15.367780413501034,0.40209089565316747,1.1654516678982592,-0.0831630123303685,-0.5514518030247617,0.018218914007545158,0.26873648081761703,0.00016388842078634815,-3.1409792502194427,-0.0002547190678357041
12.18056869506836,-6.025179379224572,5.883361169102768,-15.527521286223068,0.3997066065577522,1.1719187572830878,-0.08144999353278565,-0.5514654126868447,0.018246472158516505,0.2687257853599297,9.360709223819916e-05,-3.140915356154607,-0.00029758097274092013
12.190678834915161,-6.012211580240557,5.61147111164908,-15.555981106993633,0.4091247206105612,1.1614962003731384,-0.08075489782125506,-0.5514632211362341,0.01821225735937115,0.26868999221004863,0.0001526279163366305,-3.1409321869279916,-0.00026774005591955353
12.19852066040039,-5.6901911587551215,5.675799096155809,-15.493970204206997,0.4095995736777934,1.167968864053622,-0.08261015502890764,-0.5514562137546007,0.018229875764837075,0.2686509602638766,0.00016009069818974551,-3.140952530944513,-0.0002845822718818318
12.208513021469116,-5.97196407544263,5.572417459980983,-15.616061467629654,0.41390733659417717,1.1640678743912707,-0.08024347368957818,-0.5514471155577308,0.018205240308546637,0.2686328194879995,0.0002048497251899934,-3.1409394943107602,-0.00022848432956777277
12.218510389328003,-5.991848498543055,5.634534939302919,-15.326688326594624,0.4138877873991216,1.150414490103435,-0.08036332276168089,-0.5514672203320353,0.018247049569916834,0.2685978073304888,6.422861318258752e-05,-3.140917280257656,-0.0003016484871843671
12.228506088256836,-5.803341401191476,5.720040336400289,-15.197079638610614,0.41140264273903965,1.1402318335273312,-0.07707877967449084,-0.5514625300212004,0.018206677921822303,0.26858194173759614,0.00016333094263533613,-3.140931123266049,-0.00029987178927820687
12.238554954528809,-5.580944870251616,5.956547001406772,-15.103200478066022,0.40143925663874547,1.1472035297621888,-0.08090709233044441,-0.5514631194952558,0.01822505745017075,0.2685240725232767,0.00020901747996884462,-3.1409734818204798,-0.0002468988619886076
12.246522426605225,-5.765282783085052,5.778343225861282,-15.346973488969313,0.401435997052604,1.1460474582114646,-0.08428322377015872,-0.5514596630237683,0.018251699326336177,0.2685075048359094,3.5697670657756605e-05,-3.1409072529471476,-0.0002827621026364141
12.256532430648804,-5.664579680190391,5.922364657918481,-14.955592979178295,0.39883664421479287,1.1450032802214618,-0.07736643061835581,-0.5514550711156809,0.018242229241526586,0.26843150905705193,7.503324991506963e-05,-3.141024985561288,-0.00024442816547859983
12.266515016555786,-5.5365618631482,5.98072311991706,-15.167745070530078,0.4014847877375824,1.1483449282517826,-0.0838709571511625,-0.5514650836005663,0.018216823364541158,0.268484121015939,0.00018466246004240748,-3.1408305631843687,-0.0003892446649720125
12.276526689529419,-5.756992203624817,5.663999999287876,-15.420922975702977,0.4152089569181137,1.147685190869241,-0.07455817734492114,-0.5514787907177908,0.018201624884703907,0.2684143788580298,0.00020378281443377897,-3.1409157785205144,-0.00029700570192967154
12.286512851715088,-5.8028183683777455,5.658050212334142,-15.37303503060304,0.4190782679594943,1.1538354101821429,-0.07863620091906837,-0.5514826767789357,0.018247601099528974,0.26837268147972027,8.382817321277566e-05,-3.14094167562161,-0.0003114575931243641
12.294570922851562,-6.164231051464174,5.864429754399826,-15.180326977728418,0.4094024153678743,1.1434818537364742,-0.08432569832491696,-0.5514552349801888,0.01822475189075333,0.26834078187435184,0.0001714684996509608,-3.140959646150148,-0.00031525702285706725
12.304579734802246,-5.779582774217429,5.736503381725281,-15.053312894387924,0.4079618356630087,1.1471618863731086,-0.08224632856560177,-0.551462074590936,0.01823526758677586,0.2683274188927156,0.00012939065414803178,-3.1409201787644045,-0.0002593669353439898
12.312596797943115,-5.774240752840012,5.7064979060597265,-14.595145918705017,0.4046742663569395,1.1396371327937254,-0.08440743619862519,-0.5514661557201435,0.01821647293292129,0.2682695402235936,0.00025737311426458833,-3.140975226323622,-0.00028087744462811304
12.320613145828247,-5.743126101656589,5.764369585659764,-14.571568874799812,0.4006147776147251,1.1349740932952601,-0.08110930740226278,-0.5514755506697779,0.018233867398314695,0.26825095954799116,0.0001500723823301296,-3.1409586397413434,-0.0003073877516090725
12.33059811592102,-5.703990002851779,5.6642436910385285,-14.501688712198085,0.40664900524764985,1.1325191767372915,-0.0858227290423456,-0.5514636486002724,0.01824576013889349,0.26824147802558646,0.00011148841791880952,-3.140891960074919,-0.0003582917819549842
12.338606357574463,-5.609516493132719,5.644599790807151,-14.387893612164415,0.40904408566835704,1.1348365996954386,-0.07619321355089019,-0.551474796473507,0.01822949735140245,0.2682208452575419,0.00015147482343125557,-3.1408933812927917,-0.0003107214416834484
12.348457098007202,-5.775282560501438,5.89356379193018,-14.394678337157142,0.40504553658098247,1.1369875906449975,-0.08351441109017678,-0.551456121553068,0.0182168525050538,0.2682073775663482,0.00021533478621262188,-3.140915096847016,-0.0002868075510878048
12.358596086502075,-5.965604841508449,5.631680268085781,-14.246841742836638,0.4155296509289199,1.1389656697388788,-0.07687236558686296,-0.551468387043748,0.018233002650321732,0.2681599956232317,0.0001463924674068558,-3.140873225563304,-0.0003310042901734032
12.368494749069214,-5.547134007255115,5.833821787612992,-14.105172200191971,0.4072766450059838,1.1453080063380736,-0.08838615689448692,-0.5514713899823068,0.018252080002744964,0.2681630821152786,3.1112124669906285e-05,-3.1407959315720326,-0.0003651005306045966
12.378535270690918,-5.826908723657941,5.7606576523846424,-14.301689589327829,0.4140015785243928,1.1503224836936765,-0.08229634846395133,-0.5514674557979363,0.018217786862536292,0.2681304386675802,0.00016045948193299923,-3.140813589354468,-0.0003372899368056365
12.386491775512695,-5.76179314037613,5.926900222152505,-14.204819123673479,0.416512870665911,1.160449028031517,-0.08083782548292799,-0.5514703932951769,0.018217001949708028,0.2681072599931887,6.404394920874678e-05,-3.140841278363441,-0.00033714681236283767
12.396603107452393,-5.869697341498864,5.401400506652023,-14.241111538285004,0.4268571014148774,1.1566400928151575,-0.08638097098746587,-0.5514722370590934,0.01824632189987323,0.2680338704364044,0.00011042110757634092,-3.1409159567433833,-0.0002565174646109216
12.406516551971436,-5.9264198308318425,5.674660506964004,-14.316699864373454,0.4255295864903769,1.1627731421268168,-0.0913158536887412,-0.5514508278351499,0.018230378583985855,0.2680122784634533,0.0001052743701663846,-3.1409073270586854,-0.000320435344480942
12.414629697799683,-5.934297803340138,5.836680423477024,-14.253301281583981,0.4233257861981152,1.1774501701432083,-0.08074072321180631,-0.5514578602417519,0.018232094045377966,0.2680177281983581,0.00012465504914781718,-3.140836962867957,-0.0003857722350243566
12.422568798065186,-6.065461379420548,6.108897700187699,-14.178970207321672,0.417519623533403,1.1835906311947753,-0.08856966683847942,-0.551473383654552,0.018229260407721777,0.267984470197651,0.00013221701496677943,-3.1408109217801172,-0.0003213615820221799
12.432645797729492,-6.125842349696394,5.762779410375742,-14.343988728468005,0.42793273447611413,1.1925836422509812,-0.08190927246949675,-0.5514695698203215,0.01821829179006313,0.26791223860347857,0.00011302960792146358,-3.1409240455673144,-0.00021589047101880463
12.440556526184082,-6.452725670837456,5.934477664328593,-14.412028853551258,0.42855723328624257,1.196262090296754,-0.08466482362507305,-0.5514757082122433,0.01824217189110424,0.26792865604985217,9.359529300730444e-05,-3.140821663287087,-0.00028931477866352563
12.450512647628784,-6.512634425793327,5.9684976187868175,-14.309086186439993,0.433395599431117,1.2011054260571645,-0.08057227304337486,-0.5514707195650861,0.01823658136613795,0.2678816811693914,0.00010216327068997189,-3.140892116419633,-0.0003057039188039993
12.46059250831604,-6.376942138540366,6.097867544553259,-14.258229839614579,0.4294308377712906,1.2045383219096406,-0.08315972405622503,-0.55145951698841,0.018231150443476896,0.2678421357566948,0.000126813901686026,-3.140914644804115,-0.0002616185656196095
12.46855878829956,-6.224273727488823,5.9068404213905366,-14.284633014455949,0.42682924307814984,1.1966837821728913,-0.07766589089004618,-0.5514689874375972,0.01824033061462302,0.2678350103351789,9.62694300999566e-05,-3.1408511065061244,-0.0003890865988682709
12.478514432907104,-6.396682214604423,6.157553596831626,-14.399141074754887,0.41775705733532803,1.185948439718931,-0.07848660240622468,-0.5514725434459922,0.018214364304023595,0.2678094338934448,0.00021187619939514417,-3.140871216791982,-0.0003526024836026762
12.488496780395508,-6.228772240854549,6.0426746651418215,-14.221072981942012,0.4196119128618701,1.1909331548187982,-0.08220130713665445,-0.5514776777790331,0.01821846299229009,0.2678036056493323,0.00014249885586320045,-3.1407843180410735,-0.0003254509523225737
12.498744010925293,-6.235643178147481,5.847536249598903,-14.17217221161127,0.42697664471341207,1.1868273391307553,-0.08234000113415542,-0.5514711059353817,0.018243976114086936,0.26773544861861065,9.045885610086561e-05,-3.140887356323915,-0.00027664860140836744
12.506503582000732,-6.175783117016784,5.921510444835054,-14.050806691801162,0.43282227465492884,1.184540583527094,-0.08465198324658235,-0.5514677223865768,0.018231908875276412,0.2677002888516848,0.00011879126347841226,-3.1409084686611837,-0.0003149537287230842
12.516554355621338,-6.3381704399447445,5.92833872796449,-14.06678783349254,0.43317872154511206,1.1730262475663518,-0.08183300533654438,-0.551481056965098,0.018234230750360614,0.2676841324304681,0.00013843662021171738,-3.140846811699319,-0.00032015878414407586
12.526557445526123,-6.071637765198558,6.202699618581076,-13.977737264920098,0.4297586072777324,1.1859143473939315,-0.0771926775313214,-0.5514645173127964,0.01823059207412006,0.2676802290538859,0.00015909703915118799,-3.1408340912984967,-0.0003815690061850749
12.534549236297607,-6.567829359635985,6.193317231736726,-14.212276864016944,0.4284794251631156,1.1841366340304154,-0.08106419017245775,-0.5514773202467124,0.018220124285026153,0.2676637764531988,0.00013348819048291364,-3.1407997850803713,-0.0003505684613913875
12.544593095779419,-6.146696090721972,6.394684834550998,-14.181585550394741,0.42599205718366573,1.1913578445092474,-0.07837795367998111,-0.5514629212335184,0.01823888456283671,0.2676086201116162,0.00011523148108907913,-3.140874420262609,-0.0002895389590154953
12.55257797241211,-6.338216176680077,5.6509748163866105,-14.30097636256118,0.4409227818873728,1.1857399163073603,-0.07431373840910853,-0.551474690405708,0.018223562703917808,0.2675945001700656,0.00019087537761879302,-3.1408320578960565,-0.0003663492169929673
12.560542583465576,-6.026072708483284,6.02339384722314,-14.204831337945071,0.4363786392068485,1.1927441246622765,-0.08475064042822254,-0.551465479296902,0.018251899427010127,0.26750987572167545,4.46678713494548e-05,-3.140948714130032,-0.00026768315598619743
12.570624828338623,-6.171868698159515,6.178606628859876,-14.254567366668029,0.43712635104004893,1.1966989999174256,-0.07746465602339724,-0.551478702441381,0.018204501271239144,0.2675006133603197,0.00017446980782777937,-3.1408724166555673,-0.0003205829889498316
12.578571081161499,-6.197518298084651,6.049148527946656,-14.402245275789566,0.4421113329170135,1.2016205333736971,-0.07095907034750044,-0.551473827735809,0.018226702052520992,0.26753200417506307,0.00012971919032601087,-3.1408033937318267,-0.00039735959387501526
12.588508367538452,-6.401679146742481,5.9231622270575235,-14.553884295583355,0.43974961017965786,1.202866704580575,-0.07350240370365609,-0.5514837656763981,0.018235094319345505,0.26746613770447014,0.0001378115823375202,-3.1408692756691563,-0.0003557137261034368
12.596607446670532,-6.340576466026328,5.98731278039341,-14.358241137186567,0.4405697658344307,1.211460707020097,-0.08107872358791014,-0.5514529250587691,0.01819848625820178,0.2673941901707192,0.00017604485541811396,-3.1409606101596177,-0.00026738956110375134
12.60664701461792,-6.215184125407872,6.342460341572435,-14.26170662702806,0.43599891252651274,1.2136272653961127,-0.0758778029272383,-0.5514720202586284,0.018217282320890545,0.267389235573679,0.00015037688349383454,-3.1409072920990844,-0.0002886091625432579
12.61656665802002,-6.635179390477998,6.044791059306319,-14.149282050330749,0.44617433937853623,1.2119317817579847,-0.07402936096686163,-0.5514876866856957,0.018231439685879838,0.26736481168392817,0.00015126677760548223,-3.140868199506491,-0.00034677370273751703
12.62657356262207,-6.752362643153405,6.189062221392269,-14.390346182531681,0.4473458476757926,1.216616597004537,-0.07431509031745058,-0.5514745274350052,0.018223223734199517,0.2673285317746149,0.0001846599135075224,-3.140901584511272,-0.00023728774850842032
12.63652515411377,-6.66035738440925,6.386719392535913,-14.22149228640153,0.4471636833552724,1.216713996402797,-0.07938428310619651,-0.5514604637832167,0.01821225246206371,0.26728997247356223,0.00012682672810430376,-3.1409436412341374,-0.00028565989554517974
12.646620750427246,-6.66667955194643,6.053576997344048,-14.126685279587825,0.45538977831563004,1.2211633379750655,-0.07515321200779881,-0.5514646667720956,0.01824299259030862,0.2672528533417533,0.0001346695271535749,-3.140912141927057,-0.00026479998606824157
12.654505968093872,-6.541194188144964,6.3094983733617385,-13.920923411961141,0.4421187352549364,1.2134766787691253,-0.07603874398518325,-0.5514666651007495,0.01824307466839035,0.26723189772788836,8.96813729524595e-05,-3.1408965866664,-0.00033196045529091257
12.662585258483887,-6.419074862764612,6.22084888439474,-13.612105912140578,0.4441141102363864,1.2115164066146704,-0.08054507051664846,-0.5514700305641015,0.01821629026379846,0.2672243243366856,0.0002639041493218841,-3.1408629214433237,-0.0003077928012348411
12.6705961227417,-6.267228763028618,5.911345761425891,-13.64687365777962,0.4497233992127516,1.2154872780179364,-0.07992569615471974,-0.5514726431786647,0.018230326320029903,0.2672086529983513,0.00012854059241800705,-3.1408716328630626,-0.00026248878428121133
12.67860198020935,-6.690004102313525,6.069993896713948,-13.49648093625787,0.44908093149724054,1.2058814957236341,-0.07400526430692025,-0.5514807444189559,0.018240455584891506,0.26718095001874215,5.299202930941354e-05,-3.1408510449690326,-0.00032480660712483995
12.688535928726196,-6.380512972473861,6.268674802102843,-13.443297667246354,0.446230372427838,1.2114302321013808,-0.07956873831069396,-0.5514657836318966,0.01825559308577605,0.26716948757031944,7.301572418794154e-05,-3.140835103189923,-0.0003168030899667016
12.698625564575195,-6.454596847605701,6.267667711708406,-13.412758385291232,0.45007200380021295,1.215054538416843,-0.07855116561597365,-0.5514759145946546,0.018224188474252768,0.26714653511223785,0.00011781554315335931,-3.1408211418658727,-0.00035212857694501455
12.708597421646118,-6.592399644683881,5.974763199094176,-13.367595583949802,0.4566283311503411,1.2185466655672006,-0.07479065961805607,-0.5514670180601915,0.018203108682184097,0.26712013467932866,0.00030739409916305234,-3.1407975230876457,-0.0002936170174775795
12.718594551086426,-6.394409961663211,6.446164428895822,-13.495865272214278,0.4449222347243352,1.2307361048184458,-0.08603315373342411,-0.5514664486320552,0.01822978641165981,0.26705366854218837,0.00012689026907792213,-3.1408661876684514,-0.0002895167849234048
12.728577375411987,-6.741300346787481,6.213974164050324,-13.64796164535483,0.4508670592574188,1.227843503732013,-0.07720917581961398,-0.551470448492458,0.01822677214377146,0.2670617199723498,0.00016619668801440512,-3.140813205921258,-0.0002857866354564818
12.738674640655518,-6.8539757619004575,6.054513588993995,-13.389693346323035,0.45851334843950237,1.235331859746749,-0.08022811662842834,-0.5514621069598273,0.018211569699628703,0.26699876561881786,0.00017937688183499513,-3.1409108325258717,-0.00032956890784886127
12.748718023300171,-6.684857318871437,6.360494456041577,-13.477334765470271,0.4603677757464599,1.2459104442506048,-0.07969449524904101,-0.5514647282477536,0.018224298156452497,0.26695391364338994,7.676246061161896e-05,-3.1409261463157994,-0.00026144671914358776
12.75859260559082,-6.917072042150444,6.35492389988012,-13.908625638846168,0.46207730400815744,1.2446730862908069,-0.07318087775667154,-0.5514716473285881,0.018246016619528897,0.26695070720439357,0.00012181499805920971,-3.1408529248608463,-0.00031784658717786015
12.768579483032227,-7.079041082456391,6.452611648741062,-13.828252624306588,0.4619556889932667,1.258067056288044,-0.07080663609091294,-0.551471287972984,0.018243641619465262,0.2669231301237677,8.53087591621788e-05,-3.1408315214529914,-0.0003975568902644498
12.776524543762207,-6.86097726471257,6.457335764531872,-13.840226172686116,0.45921327408709034,1.2687791229880303,-0.07418819256448415,-0.5514708909402167,0.018220128455337107,0.2668771713447266,0.0001502416953423442,-3.1408742889374097,-0.0003701673539817235
12.784560918807983,-6.692287494332973,6.224448055959978,-13.955658752264517,0.4659966458276186,1.276326148269063,-0.07783193566122443,-0.551453206727214,0.01819363726148979,0.2668633530465818,0.00018276567432824576,-3.1408830527075557,-0.00031769425185631096
12.794554471969604,-6.666966828961299,6.533191740554178,-13.993911474232375,0.4540292985620733,1.2697383679080236,-0.0731548376545595,-0.5514728776219198,0.018225284584903564,0.26683219833294947,0.00011949753908638759,-3.1408885612586235,-0.0002612897798180904
12.80457592010498,-7.070053211388905,6.404076705691863,-14.113552282941171,0.4615003842519658,1.2547922204347866,-0.07102100696876959,-0.5514802236035883,0.018247085413090534,0.26680920350603243,6.843823492141838e-05,-3.1408790971310316,-0.00032581996902648804
12.814563989639282,-6.441987271501412,6.71170389695346,-14.284363766992165,0.4566986959439697,1.2672786495365063,-0.07426087865636304,-0.5514741763607487,0.018240535923550853,0.2667411848617054,0.00017863300432645338,-3.1409397842470685,-0.00029097259059754306
12.822596788406372,-6.4782880278335,6.31582632326636,-14.37252268623713,0.47414309112405484,1.259133655128569,-0.06590196471995413,-0.551489005607736,0.018224636984204134,0.2667425423100613,0.00022267619931045705,-3.14086968738006,-0.0002900470158897707
12.832590818405151,-6.342484531865022,6.547442854584115,-14.57524738425021,0.4733182733143546,1.2606661369166339,-0.07101592630905566,-0.5514853290384552,0.018231623325077526,0.26671282429703824,0.00016191094500661045,-3.1408770858630475,-0.00031815605815522233
12.84050989151001,-6.6705053559259335,6.432463788643868,-14.370380940271424,0.48244198638044805,1.2393925609055567,-0.06932828299370866,-0.5514744783160693,0.01822976394349553,0.2666466887769054,0.00019920984855092193,-3.140955367270928,-0.0002242183666548566
12.848535299301147,-6.32304649189519,6.386332608483479,-14.378747581889861,0.4873095887155528,1.2460660005752966,-0.07154148121417274,-0.5514889535550764,0.018222018619249374,0.2666697058465337,0.00015459676760729225,-3.140874496099401,-0.00028670298034293786
12.858517169952393,-5.9186592337617805,6.608518072525227,-13.491703467595608,0.49470464414335913,1.2304745594006603,-0.06788594264924519,-0.5514662303514868,0.018250925915610172,0.2666211739210821,5.158990530310841e-05,-3.140958028674298,-0.0002684523219052368
12.866602897644043,-5.546495299519093,6.792285016033292,-12.845358428382696,0.4836132392696507,1.1882558017635032,-0.07199253585426953,-0.5514796921859453,0.018210394244194458,0.2666290126200008,0.0002332138005961101,-3.1408354207417215,-0.00034904869866714716
12.874719381332397,-5.606660186073785,6.79236333804921,-12.450019138596797,0.48566717462686065,1.1672860440464359,-0.06938995729457677,-0.551487308537517,0.01821133994115848,0.2665817376963353,0.000228553373662574,-3.140872022091376,-0.0003516584349706616
12.882533073425293,-5.212271638259107,7.045823329839625,-12.163113283662202,0.48488605900192805,1.163428081433106,-0.0711400646975826,-0.5514861006158853,0.018244065215085453,0.26657704870015586,6.13063148606435e-05,-3.140843026059345,-0.00041800879633292943
12.89258074760437,-5.183197467529865,6.769483404532791,-11.53598828725982,0.4846731981818648,1.13842489307337,-0.07079964395813512,-0.5514892060785158,0.01825523995517432,0.26659681402809854,0.00011914405837338948,-3.1407164589663843,-0.0004204560878910096
12.900656461715698,-5.052180020160035,7.033947064063665,-10.83878579321758,0.4867605344454101,1.1014977679787,-0.07880189755322921,-0.551475170744074,0.018229550447723158,0.2665176342009936,0.0001457804811597105,-3.1408429122435773,-0.0003493490588305398
12.910621643066406,-4.5817375762420065,7.27344708998946,-10.051647010627864,0.49928736586216194,1.0817912071630462,-0.07032972270689064,-0.5514922543812024,0.018228053942987148,0.26654667185079534,0.00022389650172755058,-3.140752371355886,-0.0003898189343570891
12.920485496520996,-4.3560478328809475,7.206720046407196,-9.537014866410455,0.5018161310466175,1.0608736708715154,-0.072978416665705,-0.5514926905661601,0.01822084362070695,0.2665171082839711,0.0001794608265750294,-3.1407038636777496,-0.0004440778558822336
12.928521394729614,-4.26527856839048,7.045763956305291,-8.880354863124277,0.5092545079041804,1.0466357760348184,-0.0754429435288473,-0.5515011569429418,0.01823650864132103,0.26650330394409577,0.00014303602582996908,-3.140700226921183,-0.0004455387227035421
12.938613653182983,-3.8387064484798445,6.955403272372758,-8.552509913636348,0.5096790151809584,1.0339082371873662,-0.07962352763360851,-0.5514883020526692,0.018245942518401934,0.26650420883294107,0.00010312162133420784,-3.1406679817976855,-0.0005210917981249921
12.948499917984009,-3.7418329963218646,7.0625973253959184,-7.664774828375095,0.5080904283679831,1.0018758328730368,-0.07592992635737346,-0.5514962115277359,0.01824469001835483,0.26648768404162493,0.00013543919403629062,-3.1406162032167897,-0.0005234530281326771
12.956530332565308,-3.414696167961513,7.633698010279274,-6.913259162459252,0.507543313548551,0.9863148048139192,-0.07738341934439097,-0.5514916233521886,0.018235689473444,0.26646972911829214,0.00017486638962665643,-3.1406054196383386,-0.00044544462886686995
