time,x_force,y_force,z_force,x_torque,y_torque,z_torque,x_pos,y_pos,z_pos,x_rot,y_rot,z_rot
5.459925651550293,0.2498,0.020996,-0.001856,-0.004116,-0.003934,-0.009769,-0.7559080133201774,-0.1440577680841408,0.29693835201002977,3.1360989035860465,-0.01668795714377125,-0.0012953448506351404
5.469982385635376,0.298808,0.032528,0.062304,-0.004828,-0.003799,-0.009245,-0.7558848337015052,-0.14404685342996604,0.2969593291524864,3.136147648466561,-0.01681006082182995,-0.0012326069914385235
5.479948043823242,0.06376,0.011192,-0.185504,-0.004135,-0.005991,-0.01086,-0.7558906194341823,-0.14404609300394938,0.2969115870494681,3.1361241156346535,-0.016816101252812937,-0.0011262485780158564
5.489907741546631,0.603352,0.10094,0.079328,-0.004378,-0.003355,-0.010556,-0.7558847418014727,-0.14408764256266335,0.29691551540082917,3.136078305688236,-0.016713309533322757,-0.0012385014895124667
5.499968767166138,-0.105872,-0.00562,-0.174176,0.001019,-0.00786,-0.012044,-0.7558948593166789,-0.14405047667764367,0.29689079042211386,3.136138270539874,-0.01680950830438903,-0.00127564627696329
5.507966995239258,0.565616,0.137488,0.13616,-0.007829,-0.003471,-0.009528,-0.7559050221926514,-0.14401170864677082,0.29687981042406236,3.1361565246554237,-0.01690358148844267,-0.0013680043089493853
5.517956256866455,0.361712,0.08838,-0.029344,-0.000489,-0.00584,-0.009771,-0.7558853126450402,-0.14405786514173086,0.29684462675552414,3.1360969497878837,-0.016788172324322257,-0.0012535023006087214
5.527902126312256,0.276824,0.145668,0.07744,-0.006101,-0.003097,-0.007924,-0.7558836204840348,-0.14410177708440677,0.2967979937098799,3.136094127717642,-0.01677211988385069,-0.0012430473566502572
5.537894010543823,0.068216,-0.04108,-0.014016,-0.001323,-0.004811,-0.009738,-0.755868941166751,-0.14408163384445039,0.29680726036673816,3.1361383134820393,-0.016678365945436275,-0.0012891650728506121
5.547919750213623,0.51132,0.049844,0.10992,-0.003253,-0.002196,-0.010471,-0.7558911911676872,-0.14405063088030304,0.29678355708847226,3.136105223504597,-0.016818797287384047,-0.0012833801788729481
5.557895660400391,0.226904,0.04588,-0.002944,-0.004288,-0.004156,-0.008196,-0.7558770430544666,-0.1440722207116652,0.2967683730419307,3.136109376169742,-0.01672812918476512,-0.001319477528619795
5.567957162857056,0.312984,-0.008876,0.000864,-0.002567,-0.003068,-0.008156,-0.7558749954126481,-0.14407394186212866,0.29676980138013104,3.136124555206388,-0.01670826060940399,-0.0014025109646136525
5.577917098999023,0.175472,0.030608,-0.004608,-0.004708,-0.003735,-0.009878,-0.7559002735436342,-0.14404845040614442,0.29672158301462365,3.136103908139102,-0.016821669332309226,-0.0013643921961623143
5.587992906570435,0.351936,0.130336,0.013216,-0.004477,-0.003206,-0.009574,-0.7558825487792089,-0.1440586209832695,0.29676274954680043,3.1361215261243194,-0.01681862865584593,-0.0015785126216962776
5.597991466522217,0.275168,0.046204,-0.024896,-0.003922,-0.004449,-0.010418,-0.755894418151319,-0.1440641696329306,0.2967275452120395,3.136101229361427,-0.016723023670895187,-0.0015982609567569725
5.607874393463135,0.324216,0.133356,0.057088,-0.004598,-0.003066,-0.00695,-0.7559039772536922,-0.14403789504538492,0.2966744432856898,3.136085739515653,-0.016812970402276438,-0.001498014615683969
5.619943380355835,0.23536,-0.02976,-0.047968,-0.001272,-0.003075,-0.008815,-0.75589343797336,-0.14406060751944,0.29666639245513193,3.1361376272539436,-0.016766889799432687,-0.0015855507719411347
5.6298744678497314,0.268824,0.092212,0.098976,-0.005542,-0.002184,-0.008186,-0.7558820295361658,-0.14405883040239248,0.2966977359343327,3.1361200454536187,-0.01676625773214451,-0.0016880471783767494
5.639833211898804,0.30836,-0.055516,-0.04352,-0.000948,-0.003836,-0.008372,-0.7558865815496428,-0.1440503506500134,0.296618434685874,3.136141944985682,-0.016798248660865694,-0.001588044261249545
5.649868011474609,0.280728,0.037016,0.05872,-0.00567,-0.003126,-0.007935,-0.7559091135554105,-0.14404552326424955,0.29654343950895823,3.1361284303926764,-0.016772739792855287,-0.0015996141795022554
5.659985303878784,0.339328,0.037104,0.008416,-0.003484,-0.004659,-0.009303,-0.7558933461121983,-0.14404615406262164,0.2965422147834368,3.1360951544361813,-0.016858491353094234,-0.0016169677829334962
5.670050382614136,0.320064,0.128156,0.072416,-0.005154,-0.00309,-0.009174,-0.7558997222153002,-0.14405977351784316,0.2965405847460506,3.1360824851608164,-0.016775739964471344,-0.0017075914024866645
5.680077314376831,0.244672,0.0192,-0.041152,-0.002299,-0.003819,-0.007966,-0.7559032342313337,-0.14402870404738338,0.29649646970881177,3.136114128645688,-0.016927576364220345,-0.0016909418130845017
5.68994140625,0.24756,0.050024,0.022912,-0.003779,-0.003422,-0.007206,-0.755890938520355,-0.14405745939813347,0.29644886126584014,3.1361070588148667,-0.01672368083579186,-0.0016455748364752531
5.699899435043335,0.311888,-0.012308,-0.003712,-0.004458,-0.003639,-0.008772,-0.7558937826612315,-0.14406616523977914,0.29641881306687656,3.1361104784386957,-0.016831197876601544,-0.0016567081633501474
5.709879398345947,0.315016,0.041588,0.007648,-0.003145,-0.003835,-0.009337,-0.7558956473128828,-0.14404071755272158,0.29635540015377676,3.136062162283052,-0.01679858597547177,-0.0015600564724251183
5.719944953918457,0.290104,0.000392,-0.02528,-0.002914,-0.003069,-0.008868,-0.7558989760035228,-0.1440696226303629,0.2963185386820077,3.1360790898375743,-0.016779113785213445,-0.0015416913253577748
5.730206251144409,0.175736,0.045188,0.041056,-0.004254,-0.00321,-0.007626,-0.7558864148959773,-0.1440667446710445,0.2962532230761698,3.136141074068759,-0.0167899488280912,-0.0014441189695474717
5.739940404891968,0.346088,0.020468,0.03408,-0.003461,-0.003896,-0.007252,-0.75588435166896,-0.1440901342997889,0.29621753981330506,3.136097518946301,-0.016731476248970766,-0.0014677185459181536
5.752004861831665,0.240864,0.08394,0.028288,-0.003365,-0.004107,-0.008345,-0.7558862722167786,-0.14408243748359204,0.29617929962497785,3.136143016573538,-0.016687792034194137,-0.0014272367301986343
5.763950347900391,0.30176,0.01326,0.035776,-0.003312,-0.001678,-0.008328,-0.7558806178076511,-0.14404674504866405,0.296118271371347,3.1361299981781605,-0.016814302004473515,-0.001330062056447051
5.773957014083862,0.122408,0.099892,0.12608,-0.006306,-0.003962,-0.007072,-0.7558896540121468,-0.1440493270242581,0.2960825997963614,3.136105839781652,-0.016769312639101825,-0.0013653015943735874
5.783931732177734,0.403688,-0.0261,0.031904,-0.002967,-0.002325,-0.008761,-0.7558875218254448,-0.1440579866077197,0.29602242777947546,3.1361434214736867,-0.01678166270869227,-0.0013138693451429657
5.7959699630737305,0.386408,0.006556,0.057152,-0.002524,-0.00338,-0.007013,-0.7558963104518377,-0.1440651386755531,0.29600610638221253,3.1361058515071756,-0.016735365018084383,-0.0013593110719796154
5.807962656021118,0.142328,0.072512,0.00736,-0.00357,-0.003223,-0.006847,-0.7558860252881555,-0.1440754098747182,0.29598474029261757,3.1361253906073494,-0.016684061416242246,-0.0013701054406846885
5.817929983139038,0.345176,-0.009224,-0.022784,-0.004214,-0.003791,-0.010049,-0.7558892025833892,-0.14404354809902703,0.29593453989793406,3.1360681622063313,-0.016836702478689024,-0.0013284048317794524
5.827856779098511,0.267608,0.059876,0.011552,-0.003427,-0.004347,-0.009553,-0.7558766581814056,-0.14406472140166127,0.2959514206409616,3.13610056548577,-0.016702610770812407,-0.0014191405262344635
5.837934494018555,0.310192,0.068216,0.004768,-0.003706,-0.002799,-0.006886,-0.7558979347710412,-0.14408980350714656,0.2959577659168102,3.1360729638508236,-0.01663501220213842,-0.0016275796121695447
5.849912166595459,0.318784,0.111948,0.0208,-0.004828,-0.003525,-0.008452,-0.755877863785254,-0.14405927064535934,0.2959567283325041,3.136104705770027,-0.016786066919086698,-0.0016399060184623176
5.8599324226379395,0.198792,-0.0152,-0.038048,-0.00274,-0.003431,-0.007332,-0.7558984022040371,-0.14404638551245924,0.2958639829236831,3.136106121153981,-0.01682373716078363,-0.0015742739466541038
5.870010137557983,0.263896,0.006572,0.05968,-0.004497,-0.002249,-0.006774,-0.7559010985206541,-0.1440445193498167,0.29582973832602194,3.1361259730397655,-0.01676698831585803,-0.0015675630601342722
5.882185697555542,0.3138,0.017552,0.005632,-0.003955,-0.003555,-0.008696,-0.7558782235207576,-0.14408654861421086,0.2958252514319225,3.1361054768588343,-0.016745823406432957,-0.0015622125964088493
5.891986608505249,0.27936,0.033812,0.020384,-0.004219,-0.003453,-0.006283,-0.7558953458466267,-0.14403341330892988,0.2957308754265199,3.136114126689556,-0.016847395484473098,-0.0014969946826707136
5.901930570602417,0.225544,0.00138,-0.04624,-0.002827,-0.00378,-0.008199,-0.7558940578519491,-0.14406345258373893,0.29573453440079045,3.136117928897298,-0.016752667088820512,-0.0015717972889157385
5.911931037902832,0.273216,0.073584,0.068224,-0.005455,-0.003299,-0.009057,-0.7558885483450237,-0.1440560563077531,0.2957044275634254,3.1361016873852736,-0.01679495450938172,-0.0015447213432155209
5.921931028366089,0.30136,0.03926,-0.038816,-0.003578,-0.00386,-0.00684,-0.7558953594409584,-0.14404097070648886,0.29565300930303073,3.1361056153283724,-0.01674928809108402,-0.0015784906240218794
5.931955575942993,0.27188,0.006488,0.014336,-0.004682,-0.003094,-0.009766,-0.7558904322443811,-0.14403942544149098,0.2956501849662029,3.1361209066667244,-0.016775524519153578,-0.0015622678877082897
5.942000150680542,0.373832,0.009568,-0.021792,-0.003612,-0.003131,-0.005532,-0.755889883101713,-0.14408169745847133,0.2956191827983656,3.1360678897021654,-0.016684005737458426,-0.001630132665866048
5.95194935798645,0.248968,0.066556,0.039776,-0.005016,-0.003317,-0.007497,-0.7558976270281055,-0.1440385395222989,0.29557216481614446,3.1361243568815333,-0.01685581935190345,-0.0015707678228169513
5.962005853652954,0.183584,0.006404,0.002304,-0.003367,-0.003046,-0.007379,-0.7558873792186925,-0.14406465820752704,0.29556125395620086,3.1361081778853057,-0.01671683359722407,-0.0016168803442584167
5.97194242477417,0.253688,0.07104,0.053472,-0.00357,-0.002615,-0.006246,-0.7558936074618691,-0.14403555081332337,0.29549613445108647,3.1360970521668885,-0.016766298241850257,-0.001523068006608071
5.98185658454895,0.33564,0.059264,0.013088,-0.002494,-0.003973,-0.007398,-0.7558782031175217,-0.14408022859202857,0.2954656243019806,3.136085267090587,-0.016694714921178844,-0.0015254641400462405
5.991965293884277,0.187296,0.1118,0.105824,-0.005421,-0.001705,-0.005961,-0.7558878969704051,-0.1440665082650524,0.2954476056094288,3.1361331344865437,-0.01668649338672411,-0.0015850577481309458
5.9999425411224365,0.218384,-0.005992,-0.025856,-0.001764,-0.003373,-0.007393,-0.755884500126521,-0.144061514465204,0.29537353121240667,3.1360860021409356,-0.016770453399183233,-0.001417244798485999
6.009838104248047,0.314168,0.03314,0.022464,-0.003794,-0.002805,-0.006844,-0.755905595685436,-0.14403115121164423,0.2953831925440817,3.1361436898450474,-0.016833444047260896,-0.001613813082521821
6.019933223724365,0.347968,0.007088,-0.04112,-0.00336,-0.004208,-0.008329,-0.7558927408384063,-0.1440475213261481,0.29536176903449357,3.136135291940483,-0.01682962261630328,-0.0016578710081076023
6.029955863952637,0.276824,0.0842,0.09072,-0.005711,-0.003721,-0.006843,-0.7558921302201352,-0.1440593924138821,0.29534739171709645,3.136107403866822,-0.016696210335813005,-0.0016901239106303302
6.037965297698975,0.142624,-0.03314,-0.079968,-0.001151,-0.00498,-0.006672,-0.7558948760040628,-0.14404973627675025,0.2952549624671402,3.1361162273777747,-0.016792012020370315,-0.0015388118091054482
6.047879457473755,0.383648,0.104672,0.117728,-0.006762,-0.00282,-0.008258,-0.755887024423221,-0.14407135311259392,0.2952892493538209,3.1360868203374146,-0.016745278975576327,-0.0016555713571685309
6.058024168014526,0.2584,0.019108,-0.069056,-0.001024,-0.004529,-0.005841,-0.75588277289419,-0.14406434995750664,0.29521610261623926,3.1360921942206557,-0.016809724299829815,-0.001527387833470644
6.06797194480896,0.404584,0.128792,0.145024,-0.007412,-0.001134,-0.005096,-0.7559009539681684,-0.14404765292183097,0.2952134718653162,3.136137840334726,-0.01683262525690014,-0.0016743687034302924
6.077944278717041,0.125896,-0.038244,-0.089664,-0.001097,-0.004402,-0.008624,-0.7558909513293802,-0.14407200373555976,0.2951329039970266,3.1360763471515662,-0.016674794913119184,-0.0015012576310995435
6.087878704071045,0.43444,0.10284,0.075744,-0.006218,-0.00073,-0.007293,-0.7558904248574659,-0.1440605991489871,0.2951792447823246,3.136163917055312,-0.016768013325207817,-0.001662372531111129
6.097944498062134,0.209672,0.022396,-0.072896,-0.001025,-0.004158,-0.006761,-0.7558933042701712,-0.14406728304153593,0.2951009854279332,3.136065734278111,-0.016773131771272907,-0.0015994381976728532
6.107936143875122,0.344344,0.06648,0.065024,-0.005984,-0.002488,-0.00675,-0.7558868922239755,-0.1440570321823197,0.2950551164077473,3.136169393909875,-0.01671686558227881,-0.0015597671934335976
6.117878675460815,0.109568,-0.038624,-0.061728,-0.002167,-0.003772,-0.005201,-0.755901005091707,-0.14404502611930772,0.29510742962943987,3.1361004293548773,-0.0167469165639996,-0.0017972130266632658
6.127959966659546,0.397656,0.133884,0.118112,-0.006811,-0.00173,-0.007194,-0.7559132956105644,-0.14402998938782155,0.2949508508709143,3.1360996013178255,-0.01677418930813607,-0.0014958975849237546
6.137868165969849,0.275224,0.026132,-0.025184,-0.001747,-0.003569,-0.005553,-0.7558892359257607,-0.14405816888315653,0.29497253942421336,3.1361589483704253,-0.016796088197821035,-0.0016040907758128583
6.1478986740112305,0.163888,0.068224,0.038528,-0.004755,-0.004213,-0.005997,-0.7558907596612596,-0.14406478018543967,0.2949657449771468,3.1360600717650997,-0.016775907421174553,-0.0016563744346758463
6.15998387336731,0.363352,0.00474,0.002496,-0.003166,-0.002966,-0.006019,-0.7558904292516989,-0.14406024364309605,0.29492162696471774,3.1360485808756247,-0.016825351095246577,-0.001626120295113857
6.17006778717041,0.222608,0.056468,0.038048,-0.002798,-0.002013,-0.00461,-0.7558895722672327,-0.14405388086579324,0.2949163928315065,3.136112084879362,-0.016804749493886086,-0.0017308262886993856
6.180020332336426,0.330768,0.07162,0.041056,-0.00436,-0.00309,-0.005887,-0.7558916310519705,-0.14406100593769844,0.29483229851716286,3.136108835754009,-0.016740621242586858,-0.001658352228569802
6.1899144649505615,0.187584,0.070592,-0.006816,-0.003057,-0.003411,-0.00668,-0.7558847591772988,-0.14407521650561078,0.29487923099273583,3.136111810364044,-0.01671049877428852,-0.001775773298808363
6.1999571323394775,0.31088,0.049692,0.03776,-0.004459,-0.00258,-0.005977,-0.7558922876611576,-0.1440614940837166,0.29480175537392384,3.136063310407329,-0.01677704045866656,-0.0016847090067400664
6.209884166717529,0.20556,0.0639,0.010048,-0.0044,-0.003384,-0.006154,-0.755886158618069,-0.14406725221735672,0.2947454180106306,3.1360718721460477,-0.016721111613123386,-0.0016209146994399925
6.219872951507568,0.15796,0.015332,-0.052832,-0.002567,-0.002734,-0.006053,-0.7559224042574332,-0.14402455694689137,0.29469334471240266,3.136133502826601,-0.016866136116706072,-0.0015912233532690086
6.229848623275757,0.347656,0.104992,0.08144,-0.004833,-0.002369,-0.006437,-0.7558913860783327,-0.14405392112177764,0.2946983041610136,3.1361081016571197,-0.016808967720491803,-0.0016438164048371352
6.239933967590332,0.28416,0.029588,-0.058816,-0.001486,-0.004364,-0.005484,-0.7558928414433457,-0.1440585534083056,0.29464946830146027,3.136071554441264,-0.016692420991086546,-0.0016309701074556863
6.251904487609863,0.23764,0.060792,0.059424,-0.005084,-0.00323,-0.007372,-0.7559091035067946,-0.1440730883064061,0.2946307667727432,3.136115876854599,-0.01670301697804232,-0.001734588376716526
6.2619948387146,0.357152,-0.01874,-0.030208,-0.002366,-0.002235,-0.006197,-0.755892612070903,-0.1440459516938653,0.29458219354478105,3.136132881975908,-0.016792959838137323,-0.0016530052372279564
6.272087097167969,0.242592,0.134224,0.058592,-0.00472,-0.002866,-0.00644,-0.7558928986408626,-0.14407351850189615,0.29449249679566186,3.136105483123169,-0.016748299879016056,-0.0014879053662387213
6.2799766063690186,0.264864,0.026064,0.013792,-0.002583,-0.003366,-0.004637,-0.7558993235382802,-0.14406425614696572,0.2945260298531437,3.136106352754437,-0.01681663292534893,-0.0017199699171030123
6.289989233016968,0.26072,0.032428,0.049504,-0.004457,-0.002406,-0.004847,-0.7558982583292261,-0.14407281530238328,0.2944555296617455,3.136146214788603,-0.01673413438893902,-0.0015406974672125446
6.299928188323975,0.18732,-0.001484,-0.042208,-0.004033,-0.003098,-0.005643,-0.7558923672483112,-0.1440745072950636,0.2944441606470001,3.1360957003961594,-0.016745343731026326,-0.0016301439011702397
6.31000828742981,0.291936,0.048076,0.035392,-0.004967,-0.002568,-0.006896,-0.7558890208529981,-0.14408488463738095,0.29445532479855047,3.1361149299281323,-0.016718790785488387,-0.001734631708101144
6.319890737533569,0.230096,0.022572,-0.030464,-0.001714,-0.003441,-0.005653,-0.7558862598685024,-0.14407912781835286,0.2944155910111475,3.136114725230731,-0.016680831890735093,-0.0016833666620288104
6.331866264343262,0.29972,0.102808,0.029472,-0.004076,-0.00334,-0.00502,-0.7558879297275858,-0.14407142093853165,0.29432446087594166,3.1361288069562283,-0.0167259110576489,-0.001552046365947195
6.341893196105957,0.24768,0.030404,-0.003648,-0.004288,-0.002587,-0.005242,-0.7558950580327556,-0.14405558007297425,0.2942888695218872,3.1361081450423867,-0.016767351906295778,-0.0015393291812654739
6.351885557174683,0.266248,0.024708,0.077216,-0.005099,-0.002425,-0.005154,-0.7559076658835179,-0.14404185627979393,0.2942478770112034,3.136122934723742,-0.016786457041328962,-0.001628966094548283
6.360039710998535,0.266112,-0.009644,-0.03104,-0.00275,-0.003078,-0.005952,-0.7559123527196441,-0.14405889060551252,0.2942095698716276,3.1360701499821535,-0.016697995851361235,-0.001610554154156935
6.370017766952515,0.222312,0.043236,0.032928,-0.003488,-0.002436,-0.004919,-0.7558982564119128,-0.14405224708281403,0.2942551750789829,3.1361009731995075,-0.016755618863799265,-0.0017437902958696316
6.379892587661743,0.20576,0.053076,-0.003104,-0.005178,-0.003126,-0.006337,-0.7559082041804926,-0.14406225805418843,0.29422441654511644,3.1361328715530727,-0.016724485507000876,-0.0017907242519453802
6.389860391616821,0.269912,0.052676,0.031776,-0.002962,-0.003092,-0.004982,-0.7558909417861837,-0.14406865786244225,0.29414915419529497,3.1361266597880193,-0.016777117723434886,-0.0016359809047962668
6.399916410446167,0.289512,0.028188,-0.004288,-0.002963,-0.003592,-0.005158,-0.7558937736029231,-0.14408545367074474,0.29420177789903257,3.1360879920313227,-0.016704172968641247,-0.0018224075721039509
6.411886692047119,0.336856,0.088024,0.062944,-0.004971,-0.002062,-0.004555,-0.7558949492096285,-0.14404795551846616,0.29408869015078976,3.1361226499750217,-0.016725547106601037,-0.0016213477352921691
6.423937559127808,0.27628,0.035944,-0.000224,-0.004483,-0.002739,-0.006038,-0.7559203562815328,-0.1440244769483068,0.29406769894098705,3.1361126737287246,-0.016824381446239264,-0.0017566908824755052
6.433905124664307,0.23852,-0.002604,-0.006528,-0.002958,-0.004427,-0.00562,-0.7559117044215183,-0.14405284792891096,0.29402925750238706,3.136108082976675,-0.016785837740376387,-0.001709209876674304
6.443932294845581,0.30776,0.013812,0.017408,-0.004581,-0.002209,-0.005878,-0.7559027007672107,-0.14404858730834358,0.2940067367619938,3.13611800444556,-0.016784218288328837,-0.0017056334592982635
6.453835487365723,0.146968,0.017316,0.011616,-0.004101,-0.002864,-0.006022,-0.7558951153622839,-0.14405714734126185,0.2939474873828175,3.1360649635987974,-0.01677776821378823,-0.0016253960530800554
6.463928461074829,0.325264,0.043336,0.015904,-0.004541,-0.001607,-0.003781,-0.7559203906543732,-0.14406868110855023,0.2939449713298854,3.136139711773004,-0.016814503971438324,-0.001837142179540916
6.473981618881226,0.319592,0.0409,0.0712,-0.003197,-0.002722,-0.005382,-0.7559123033499788,-0.1440546694450307,0.2939080986099973,3.136091481372253,-0.016852793051943676,-0.0017426070337718904
6.48394775390625,0.247184,0.079924,0.040032,-0.005534,-0.002324,-0.005821,-0.755907034147608,-0.14405309215462683,0.2938190693622291,3.136109517415725,-0.016769081989488226,-0.001617275691456631
6.493886232376099,0.180344,0.011224,0.008768,-0.002762,-0.00371,-0.005179,-0.7559024770406662,-0.14405430225706578,0.29383597972106357,3.1361206766652834,-0.01682077380935446,-0.0016537433592234488
6.503927230834961,0.243584,0.052644,0.006304,-0.00392,-0.002579,-0.004992,-0.7558974744476523,-0.1440569209011944,0.29379347482317547,3.1361289338206944,-0.016674326839554204,-0.0016538627610767074
6.5138843059539795,0.328544,0.003624,0.043552,-0.003602,-0.002425,-0.004344,-0.7559036850380484,-0.14405617140369126,0.29374621945763935,3.136079092877429,-0.016823742474409594,-0.0016331678468555263
6.525888919830322,0.167624,0.064284,0.002176,-0.00372,-0.002938,-0.003298,-0.7559008207217529,-0.14405699764316435,0.29378606748981523,3.136093733769106,-0.016812393092925433,-0.0017958229206340769
6.535893201828003,0.349672,0.063348,0.025056,-0.002585,-0.002911,-0.005176,-0.7558939380065133,-0.1440680724720504,0.29371923822759205,3.1361068245247306,-0.016785698166695683,-0.0017682063709940467
6.546022415161133,0.22416,0.06582,0.01168,-0.002741,-0.003701,-0.004974,-0.7558897629837038,-0.1440733567035205,0.2936881890057931,3.1361201176734745,-0.016732764692247888,-0.0016801616460761805
6.5558905601501465,0.27864,0.109384,0.028096,-0.003396,-0.003944,-0.005153,-0.7558850803442386,-0.14408176077746684,0.2936180943360799,3.136128734316802,-0.016713278557684532,-0.0015939960755946131
6.566121578216553,0.391192,0.092028,0.086176,-0.003764,-0.002303,-0.005226,-0.7558907446575365,-0.14406332905207106,0.2936269775754434,3.1360978510958644,-0.016795391034168352,-0.0017635487784435915
6.57589864730835,0.265616,0.037388,-0.028,-0.001921,-0.004201,-0.003338,-0.7559084109075167,-0.14405093255850515,0.2936068059491135,3.136134170269427,-0.01679374831705864,-0.00179649743084491
6.585896015167236,0.213944,0.126916,0.054464,-0.004739,-0.00177,-0.003702,-0.7559014490128425,-0.14406845265409599,0.29355833746279586,3.1360821377639296,-0.0167090446714397,-0.0017480775091477153
6.59591007232666,0.197752,0.01574,-0.012608,-0.001052,-0.003114,-0.004693,-0.7559013490836426,-0.14405266125320437,0.29347357348135233,3.1361198352156157,-0.016716064892386716,-0.001650293327759599
6.605928659439087,0.24108,0.128216,0.048544,-0.006081,-0.00233,-0.005903,-0.7558943001362216,-0.14405297696863956,0.29344826331277407,3.136115859986653,-0.016798825212106985,-0.0015822744689960627
6.615943193435669,0.334256,0.044276,-0.022944,-0.0011,-0.003349,-0.004384,-0.7559024389118666,-0.14405855449758978,0.29342649421046113,3.1360605852524133,-0.01682874612077145,-0.0017013953411353663
6.6258580684661865,0.323544,0.075952,0.015712,-0.004209,-0.002708,-0.004302,-0.7559126058660138,-0.14403730233560605,0.29343273876730513,3.1361165454960926,-0.016865746083793064,-0.0018191720956790376
6.635885953903198,0.178816,0.021664,-0.011104,-0.003162,-0.003841,-0.004891,-0.7559084155795124,-0.1440500680159684,0.2933775760209335,3.1360885907942704,-0.01671976325271528,-0.0017447796742070024
6.645875453948975,0.245352,0.11206,-0.006624,-0.004118,-0.003201,-0.005464,-0.7559132485923717,-0.14406829377710578,0.29333060804633776,3.1361223272311674,-0.01672429178267923,-0.0017401709619209963
6.655882358551025,0.312496,0.025832,-0.011232,-0.002764,-0.003138,-0.003346,-0.755898150748395,-0.14404349224425594,0.2933082106394862,3.136121944914182,-0.016806272302568273,-0.001720215671631596
6.666038513183594,0.318312,0.089884,0.056416,-0.004784,-0.002441,-0.004492,-0.7559132530630323,-0.1440298161707615,0.29331327828160747,3.136103724046403,-0.01680377981280207,-0.001874804270218724
6.67397665977478,0.27988,0.05914,-0.007392,-0.002158,-0.003755,-0.004048,-0.7558989929689454,-0.14406425088740937,0.2932422708911282,3.1360973823683143,-0.016753994477548027,-0.0017052365991734035
6.6819233894348145,0.250768,0.054,-0.01392,-0.00421,-0.002843,-0.004224,-0.7558958554811002,-0.1440858947716606,0.29319162297526147,3.13603655675346,-0.016772895374301173,-0.0016645552866137447
6.691935062408447,0.213496,0.059088,0.007392,-0.003808,-0.003116,-0.004253,-0.7558979519147426,-0.14408226145281988,0.2931812188310721,3.1360731920690093,-0.016784326908750136,-0.0016985943298329107
6.703990697860718,0.234072,0.086424,-0.040096,-0.00328,-0.003086,-0.004837,-0.75589499011425,-0.14402693088916518,0.29321510556662334,3.136067357382285,-0.016789791204944494,-0.0018169946916210993
6.714038133621216,0.295472,0.031172,0.020896,-0.003858,-0.002652,-0.004526,-0.7559071307587233,-0.14405887670771828,0.2931793847063112,3.1360953094674,-0.01670000145714902,-0.0018622146739696657
6.723937749862671,0.177624,0.068396,-0.045728,-0.001662,-0.002641,-0.004628,-0.75589571389381,-0.14405136271662064,0.29311832800782045,3.13610458289656,-0.016885737737244517,-0.0017124417515412664
6.731910705566406,0.257216,0.05524,0.052896,-0.004064,-0.003208,-0.004189,-0.7559053137018116,-0.14406931733393008,0.2930884936568659,3.136106219273253,-0.016827456906718576,-0.0018543338739738385
6.743943214416504,0.307792,0.061188,0.035296,-0.004102,-0.001804,-0.003514,-0.7559101965505197,-0.14405877821836846,0.2930611536717736,3.136155472949838,-0.016800712777734792,-0.0018507974982181256
6.754037141799927,0.180224,0.04222,-0.031968,-0.001355,-0.00376,-0.005106,-0.7559059942451756,-0.14403732771499686,0.29302602212731865,3.136098447564658,-0.01686088276385001,-0.0018334184736991071
6.763978719711304,0.31168,0.070212,0.063392,-0.006313,-0.001614,-0.004674,-0.7558918402389593,-0.14410458804135348,0.2930007371768292,3.1360995972972083,-0.016614248139376044,-0.0018363118798129545
6.774091482162476,0.166464,0.020364,-0.003616,-0.001202,-0.004024,-0.001556,-0.7558977242852143,-0.14405670728371267,0.29295874247468057,3.136119349639331,-0.01682884333279313,-0.0017939977223417427
6.783854722976685,0.34372,0.090068,0.043424,-0.005934,-0.001919,-0.004224,-0.7558920530508517,-0.1441183473350648,0.2929251739431534,3.136087427985545,-0.01657995830012778,-0.001845485774270727
6.795881509780884,0.195072,0.02854,-0.038528,-0.0022,-0.003672,-0.003466,-0.7558963157605653,-0.14407204108614505,0.29290170304984586,3.1361145722630432,-0.016810084642639767,-0.0018186751219418716
6.805852174758911,0.281752,0.088092,0.02464,-0.004412,-0.002875,-0.003689,-0.7558919246509398,-0.14408066369886224,0.2928906902055844,3.136060225480769,-0.016749607779731113,-0.0019046430016261388
6.815884113311768,0.299456,0.051256,0.03184,-0.005293,-0.00289,-0.004421,-0.7559064469909369,-0.14403610217574825,0.29285976321945717,3.1361133314455554,-0.016805722731649476,-0.0019031738732678575
6.825951099395752,0.225744,0.02198,-0.014336,-0.001497,-0.003702,-0.003882,-0.7559041268897543,-0.14408125388430498,0.2928170543519206,3.1361225060323954,-0.01676193526266155,-0.001898101256644403
6.835877895355225,0.288368,0.092692,0.014048,-0.003711,-0.001816,-0.003302,-0.7558922757377905,-0.14408649920049682,0.29279081719261824,3.136101621435884,-0.016805328239383042,-0.0018592358099435166
6.847862243652344,0.177736,0.077452,0.016288,-0.00252,-0.002494,-0.003914,-0.755912850815794,-0.14403962309130922,0.29272906448666436,3.1361387566429597,-0.016867911528690206,-0.0018313873851189353
6.85794472694397,0.204728,0.049516,0.009408,-0.003502,-0.002737,-0.004268,-0.7559034739651049,-0.14404922836442402,0.29270159743591995,3.13610089165684,-0.016855611575694825,-0.0018710814024096225
6.86988091468811,0.321264,0.088704,0.062848,-0.003487,-0.002037,-0.001723,-0.7558875705956257,-0.1440650454596521,0.2927026302897142,3.136129171148627,-0.01679642532114507,-0.0018774365725860772
6.881909132003784,0.248128,0.02668,-0.024768,-0.003157,-0.002336,-0.00382,-0.7558891163836516,-0.14407908402354533,0.29262982475887844,3.1361134514946545,-0.016751238364111992,-0.0018395077957188105
6.891888856887817,0.253536,0.048496,0.04928,-0.004256,-0.002814,-0.003603,-0.7559000970784812,-0.14406055159736952,0.29260824210377956,3.13611981124143,-0.016799303985009905,-0.0019103626993176557
6.901906728744507,0.249688,-0.036888,-0.084416,-0.000807,-0.002535,-0.003668,-0.7558980803032768,-0.14407077312787206,0.29258095275400847,3.1361081295766327,-0.01673603324705662,-0.0019098573299557863
6.911915302276611,0.266184,0.102332,0.096128,-0.005984,-0.002386,-0.003842,-0.7558850020123441,-0.14409284135281727,0.2925198956883247,3.1360691662738227,-0.016690856262880804,-0.0018245705106015007
6.92193865776062,0.179192,0.028276,-0.051936,-0.00176,-0.003765,-0.003466,-0.7558935121188585,-0.14406515099614192,0.29251083365620134,3.1361071203046857,-0.01681006175881594,-0.0019287565909331466
6.9319305419921875,0.278896,0.045472,0.0248,-0.00433,-0.003277,-0.003324,-0.7559047505252363,-0.14404550314104253,0.29247027344481985,3.1360829223139532,-0.016885712449277137,-0.0019168175259924927
6.941964387893677,0.276896,0.042292,0.015936,-0.004136,-0.002505,-0.003577,-0.7559013624479878,-0.14406741569714696,0.29244311488227,3.136053617617204,-0.016794909208726057,-0.001925149251839645
6.951855421066284,0.189096,0.093196,0.031968,-0.00481,-0.003574,-0.004145,-0.7558900481940437,-0.14408578152083132,0.2923984845352481,3.1361154201400976,-0.016725303256017694,-0.0018804626585957045
6.961902618408203,0.213352,0.001448,-0.037792,-0.003293,-0.002471,-0.003737,-0.7558862073487401,-0.1440735072158815,0.292346096935907,3.1360764002765102,-0.01673868968533994,-0.0017831684580777247
6.971856355667114,0.279752,0.01058,0.060736,-0.002875,-0.002736,-0.002947,-0.7559006996964971,-0.14406879665345276,0.29228543297790127,3.1360684064120714,-0.01679455680870769,-0.0017756286652372269
6.98196268081665,0.364432,0.039308,0.013312,-0.004567,-0.002673,-0.003066,-0.7558977640673701,-0.1440553623078375,0.29229293041714266,3.1361117540335584,-0.01679968969454433,-0.0018468330975583993
6.991963148117065,0.222448,0.090984,0.059488,-0.004211,-0.002622,-0.003139,-0.7558891994616013,-0.1440701293702044,0.2922733333061559,3.1360532768677247,-0.01681012987852597,-0.0018870853710790272
7.001944303512573,0.178528,0.041956,-0.024608,-0.00323,-0.003493,-0.002755,-0.7558784197919898,-0.14409700163125883,0.29222087515756356,3.136071231206197,-0.01666299445257541,-0.0018015166822171738
7.011834383010864,0.198328,0.071148,0.036672,-0.003315,-0.002609,-0.004157,-0.7558850077706948,-0.14408374302630658,0.29216233504856026,3.1361086528775277,-0.01674660854756625,-0.0017376294175095851
7.021898508071899,0.310408,0.063796,0.039168,-0.00411,-0.002311,-0.00393,-0.7558987269413759,-0.1440469146021355,0.2921764684479609,3.1360737838187154,-0.016804356774134385,-0.0019005981708673076
7.031862258911133,0.25224,0.05338,0.064064,-0.003987,-0.00265,-0.00438,-0.7558918460442909,-0.14406632619219048,0.2921453672952602,3.1361017996237335,-0.016781659778448973,-0.001905593224240111
7.041873931884766,0.211752,0.014784,-0.022976,-0.003258,-0.002852,-0.002265,-0.7558969730193379,-0.1440477999159459,0.2920768080727152,3.1360677219685025,-0.016846418390088755,-0.0017402470699700646
7.05186128616333,0.182048,0.033004,0.02544,-0.003198,-0.002918,-0.003958,-0.7558723361826797,-0.14406626237430928,0.29209124534989395,3.1361016350939175,-0.016800361699338576,-0.001883933340627356
7.063990116119385,0.304992,0.067844,0.002304,-0.004072,-0.002024,-0.00375,-0.7558863872776362,-0.1440689443762841,0.29203324600318953,3.136102431079219,-0.01680685372957322,-0.0018140787323595708
7.074024677276611,0.305024,0.014568,0.011744,-0.003128,-0.003169,-0.003575,-0.7558882705597271,-0.14404864802693784,0.2919676318967357,3.136085841708185,-0.0168697439528695,-0.0017968922908741176
7.083925008773804,0.204696,0.064436,-0.031872,-0.004285,-0.001858,-0.003379,-0.7558819667710931,-0.1440635649768215,0.29199713807761785,3.1360893142702206,-0.01679322804359917,-0.0018924690126171334
7.093964338302612,0.264704,0.066616,0.087712,-0.005259,-0.002785,-0.002616,-0.7558911973509576,-0.14406264973732757,0.29196634304713254,3.1360762907274062,-0.01679654076284286,-0.001965351780340371
7.103896856307983,0.26812,0.06962,-0.011616,-0.002424,-0.002293,-0.003443,-0.755889049513283,-0.14408198436272585,0.2918768424614167,3.1360982974475533,-0.01672098886265276,-0.0017928725047502544
7.113932371139526,0.205664,0.025704,0.039776,-0.004129,-0.00331,-0.004533,-0.7558883019697968,-0.14408602730878467,0.29191371464450355,3.1360552798323247,-0.016815659798158498,-0.0019415736145422416
7.123865604400635,0.342416,0.067884,0.01008,-0.003251,-0.001999,-0.003221,-0.7558973060168203,-0.14404029596490062,0.29180353141381227,3.1361145962724106,-0.0168344973954059,-0.0017919520323486306
7.134018421173096,0.206648,0.048312,-0.017056,-0.003168,-0.002484,-0.004078,-0.7558871520603302,-0.14405926967637603,0.2918016722070792,3.136080669165927,-0.016730639623618277,-0.001833395939010871
7.1439244747161865,0.146656,-0.016336,-0.054624,-0.002389,-0.003115,-0.003118,-0.7558864679472603,-0.14406507491636958,0.2917704663977151,3.136080315880057,-0.016832895707811015,-0.0018067861321664955
7.153884172439575,0.42392,0.069772,0.105824,-0.004399,-0.001905,-0.003805,-0.7558814409612575,-0.14408013776153208,0.2917166305464058,3.136093761451378,-0.016760470330799634,-0.0018113182690366668
7.163883686065674,0.162184,0.046608,-0.031264,-0.002954,-0.002883,-0.00362,-0.7558877528102399,-0.14408196370620432,0.2917281081511042,3.1360672656092934,-0.016817536975888666,-0.0018814738777289603
7.173994302749634,0.297656,0.068152,0.119584,-0.005157,-0.00172,-0.002818,-0.7558886868066128,-0.1440602854140252,0.29167928466124876,3.1360720058696807,-0.016815390940061504,-0.001871111758470797
7.183956623077393,0.236904,0.04782,-0.04704,-0.001122,-0.003043,-0.001906,-0.7558949636552835,-0.14406746236300058,0.2916620254152077,3.136091602283212,-0.016822347990428747,-0.0019312534761113179
7.193968772888184,0.190336,0.086292,0.04592,-0.004378,-0.00288,-0.002366,-0.7558757477006023,-0.1440881658868936,0.29161833557845884,3.1361046488312616,-0.016700231989423376,-0.0018781601219173606
7.203935384750366,0.311584,0.049384,0.027456,-0.003665,-0.002036,-0.002034,-0.7558971376439293,-0.14402776369096093,0.2916450152579434,3.136085687896728,-0.016809174552537966,-0.0020500751446140067
7.2139177322387695,0.244072,0.02668,-0.00048,-0.001488,-0.003179,-0.002915,-0.7559048993959057,-0.144025088094864,0.2915586148586536,3.136116004242844,-0.016871238422027347,-0.001949352923716975
7.223914623260498,0.306576,0.070996,-0.010432,-0.004431,-0.002058,-0.004475,-0.7558964964885928,-0.14405869628462586,0.29151851032939496,3.136092018567175,-0.016794371366127592,-0.0018716806641138734
7.233918905258179,0.173192,0.034804,-0.01856,-0.001985,-0.003478,-0.003852,-0.7558891908292479,-0.1440529022597728,0.2915241573692682,3.1361159076144287,-0.016850995407838184,-0.001945715288379638
7.243903160095215,0.345552,0.109868,0.058336,-0.00491,-0.001446,-0.002086,-0.7558892814439132,-0.14409985741342138,0.29150369207755356,3.1360820942734025,-0.016677244577733927,-0.0020063731385120205
7.253875732421875,0.204224,0.026828,-0.036128,-0.001297,-0.003227,-0.004268,-0.755885386183385,-0.14410925413655262,0.2914540651447085,3.136083364020816,-0.016631344413882823,-0.0019857563409319584
7.263867139816284,0.296008,0.116764,0.037376,-0.005197,-0.001658,-0.003748,-0.7558680286049919,-0.14408200983840924,0.29145773449848006,3.1361023995558317,-0.016721845772131743,-0.001978935638671199
7.273990631103516,0.232616,0.12418,0.035936,-0.004132,-0.003047,-0.004561,-0.7558853495059523,-0.14405767834256092,0.2913724579011342,3.136070858378507,-0.01677748715355538,-0.0018765705546303292
7.2838873863220215,0.28364,0.016508,0.016096,-0.003176,-0.001993,-0.002262,-0.7558972714263076,-0.1440792068168247,0.2913955685553841,3.1360684652039073,-0.01678926494009038,-0.0020546758011807656
7.293870449066162,0.260848,0.051612,-0.014176,-0.002237,-0.003706,-0.003669,-0.7559026887703441,-0.14404316639374515,0.29130797666135183,3.136069396797628,-0.01685702261220403,-0.001938266131114601
7.303968906402588,0.278568,0.07754,0.022624,-0.005193,-0.001837,-0.002067,-0.7558959440401651,-0.14407286144230116,0.2913243678731212,3.136043276036273,-0.016696740239359076,-0.002065225252783706
7.313981294631958,0.12772,0.007648,-0.012064,-0.002391,-0.003281,-0.002822,-0.7558931320790767,-0.1440643031088234,0.29128696776373325,3.136072594963522,-0.01682412436201127,-0.0020183130195421616
7.323960542678833,0.35684,0.085176,0.043872,-0.004221,-0.001435,-0.003104,-0.7558855040661161,-0.14407253582905793,0.29122660477851314,3.136080875307473,-0.016765922630129902,-0.0019741178916295923
7.3339316844940186,0.208024,0.026196,-0.028896,-0.00116,-0.003532,-0.003403,-0.7558874596216734,-0.1440570211236517,0.2912016865568303,3.136112602527606,-0.016822910402218866,-0.001994938478351706
7.343935966491699,0.305592,0.115956,0.078496,-0.005279,-0.0013,-0.002919,-0.7558888379045827,-0.14408589659273682,0.2911789478460667,3.136072707368736,-0.01671335689025675,-0.002021235003466203
7.35192608833313,0.231992,0.032932,0.02608,-0.002733,-0.003593,-0.002748,-0.7558941895343652,-0.14405397221146257,0.2910891682494155,3.1361355478521444,-0.016774348791503493,-0.00184500733906874
7.362058877944946,0.246904,0.04384,-0.0408,-0.002422,-0.003357,-0.002607,-0.7558997975944164,-0.14400973164593367,0.2911017692543917,3.136112874011812,-0.016901381828662375,-0.0019211352564716226
7.371955633163452,0.183008,0.09602,0.061696,-0.003757,-0.002661,-0.003733,-0.7558956843392959,-0.1440434048066024,0.29107387126416473,3.136093601205897,-0.016765379150412468,-0.0019460244335813201
7.381878614425659,0.345424,0.081476,0.043552,-0.004072,-0.001725,-0.003116,-0.7558853646545982,-0.14405631642497327,0.2910389679120102,3.13608932024294,-0.016749409092422465,-0.0019358711971295016
7.391966342926025,0.118264,0.018004,-0.042912,-1.5e-05,-0.003531,-0.002966,-0.7558916643701858,-0.14407550421782514,0.2909656388605123,3.1360572981844226,-0.016723354030460477,-0.0018981762811069254
7.403864145278931,0.40716,0.081704,0.04752,-0.005048,-0.001832,-0.003127,-0.7558952253465294,-0.14407195587704705,0.29096544812377373,3.136092090178262,-0.016849354202106433,-0.001985899983942248
7.41386866569519,0.207232,0.039816,-0.017568,-0.001819,-0.004262,-0.001981,-0.7558870167743305,-0.14405140085076554,0.2909637047269945,3.1360714337678797,-0.016824866864948024,-0.002002752658177374
7.4238810539245605,0.175808,0.094616,0.019424,-0.004216,-0.002394,-0.002644,-0.7558976133779183,-0.14405469756183378,0.2908724736572356,3.1361093925766728,-0.01691350243810817,-0.0018559561113718958
7.433934211730957,0.27796,-0.027076,-0.008224,-0.001335,-0.003042,-0.003275,-0.7558932447604633,-0.1440666176526758,0.2908809147262087,3.1360790161009824,-0.016860552984294626,-0.0020374847798935595
7.443864107131958,0.284248,0.085288,0.023584,-0.005275,-0.002568,-0.003833,-0.7558813667640133,-0.1440772258595577,0.2908374778948599,3.136108724315509,-0.01673668251761248,-0.0019576378393722504
7.453850746154785,0.2492,0.07896,0.052384,-0.003353,-0.002708,-0.002294,-0.7558858129636178,-0.1440574295311241,0.2908133714123825,3.1361156006746667,-0.016807567166746945,-0.001977985641848507
7.463860750198364,0.158344,0.010056,-0.002912,-0.001742,-0.002614,-0.000436,-0.755891767668415,-0.14406878723339323,0.29079357968259995,3.1360594146213785,-0.016744327796846856,-0.0019943258835657084
7.474014043807983,0.319512,0.056532,0.091744,-0.004226,-0.00211,-0.002356,-0.7558789775405514,-0.14405996097335141,0.2907642532252848,3.136124402824801,-0.01680586305897898,-0.0019791577680593267
7.483917951583862,0.259224,0.073544,-0.001504,-0.002404,-0.00317,-0.002577,-0.7559058898471417,-0.1440567562712627,0.29075568031473903,3.1360567627012443,-0.016831443485107893,-0.0021435266406700498
7.494115114212036,0.28492,0.074016,0.050912,-0.003934,-0.003698,-0.003615,-0.7559018725561913,-0.14405822358536619,0.29067672894542923,3.136077029636205,-0.016862336487581175,-0.0020545865905060245
7.50400710105896,0.254768,0.035504,-0.037024,-0.002394,-0.003133,-0.002389,-0.7559017303190059,-0.1440422485732343,0.290667808829545,3.13608958779232,-0.016859304505436778,-0.0020764724252623915
7.514026641845703,0.214168,0.064044,0.05264,-0.00367,-0.002113,-0.002555,-0.7558915051531077,-0.14403575031080382,0.29068845453726166,3.1360849491375986,-0.016847785148959474,-0.0021071856848126104
7.523946762084961,0.311768,0.098024,0.025344,-0.003715,-0.002025,-0.002833,-0.755902812563055,-0.14405001477649482,0.29057780329714905,3.1360698915978946,-0.016866432718039632,-0.0019892789380969093
7.533977508544922,0.241824,0.014372,0.031776,-0.002382,-0.003105,-0.00276,-0.7559033170449297,-0.14404015823637134,0.2905744048671229,3.1360443746756737,-0.01684083056614581,-0.002016617439283751
7.543880224227905,0.23,0.097628,0.037536,-0.003619,-0.002536,-0.002027,-0.7558935616241701,-0.14405088875750613,0.29052897696057345,3.1361632269126862,-0.016805648533737106,-0.0020394995973993294
7.553905010223389,0.329648,0.059392,0.091488,-0.003255,-0.002807,-0.001972,-0.7558936360155015,-0.14406782253887562,0.2904720404198255,3.1360869700419522,-0.01673536491661639,-0.0019453320347169642
7.566112756729126,0.112912,0.078904,-0.025504,-0.001266,-0.003105,-0.001559,-0.7558945538196161,-0.14408252256489018,0.290474300844429,3.1360849523224728,-0.016837268958089346,-0.002047668582572104
7.575991630554199,0.390992,0.06286,0.033888,-0.004095,-0.002911,-0.004255,-0.7558978145848299,-0.14408068293463216,0.29038784237833126,3.1361400267502093,-0.016740465307212488,-0.001979609622561173
7.586091995239258,0.268664,0.066708,0.029856,-0.001405,-0.002498,-0.001677,-0.7559020204444827,-0.14404509278271588,0.2903522595283791,3.1361237944076836,-0.0168750429549977,-0.0018838126302139246
7.596013307571411,0.173464,0.058756,0.044416,-0.005045,-0.003296,-0.002877,-0.7558869875623252,-0.1440499203771454,0.29033769998024145,3.136074190924687,-0.016854889957071257,-0.0019144291456931412
7.605915307998657,0.303896,0.035648,-0.001952,-0.001954,-0.001863,-0.001912,-0.7558956835017148,-0.14406283247571666,0.290274815664208,3.1361062243321918,-0.016864804456172996,-0.001924025986216556
7.615939140319824,0.199472,0.076044,-0.013408,-0.002382,-0.003035,-0.002158,-0.7558961895565262,-0.1440884043829043,0.29024469816840803,3.136065649910298,-0.016724139701653592,-0.001907043466983583
7.62384295463562,0.284392,0.129328,0.065056,-0.004873,-0.002489,-0.003273,-0.7559136181652378,-0.1440066783434253,0.29018858477673304,3.1361058912110824,-0.01695598217410456,-0.001826719554488396
7.633890867233276,0.290736,0.041572,-0.011872,-0.002542,-0.00346,-0.002826,-0.7558909463636485,-0.14407307859870266,0.29024080657894913,3.136093855018312,-0.016755329031010943,-0.001988299497713458
7.643946886062622,0.175496,0.072656,-0.031264,-0.002142,-0.00243,-0.001574,-0.7558937170354033,-0.14405920637069297,0.2901605552739266,3.1361107321358266,-0.016761013416023655,-0.0019508097063844032
7.653858661651611,0.315688,0.061416,0.06512,-0.003851,-0.002177,-0.001936,-0.7558910895081301,-0.14406422897480378,0.2901011479282989,3.1360949209710274,-0.01686151263448924,-0.00182717137970785
7.663847208023071,0.174464,0.05554,-0.022688,-0.003126,-0.003276,-0.001124,-0.7559066543517673,-0.14404410098619752,0.29011060451435156,3.136137984089445,-0.016848233803018288,-0.0020042206471336463
7.674036502838135,0.363112,0.058468,0.071936,-0.003453,-0.002347,-0.002388,-0.7559101012493185,-0.1440392313485789,0.29003534101379647,3.1360649536245773,-0.01682904699678349,-0.001893814707159532
7.6840221881866455,0.211,0.041992,-0.004896,-0.002032,-0.001956,-0.000796,-0.7558984524108286,-0.14407406853034177,0.29001952621639,3.1360882186837484,-0.016904451693186207,-0.001892539727550504
7.693897247314453,0.204784,0.087532,0.0632,-0.004085,-0.003072,-0.001311,-0.7559033922672894,-0.1440579590014462,0.28995287303674844,3.1360944426153843,-0.016822019000558703,-0.0018399249764223555
7.7039570808410645,0.31472,0.08382,0.012032,-0.002315,-0.001758,-0.002718,-0.7559042065303831,-0.14407066345896896,0.2900081501430121,3.1360553207132633,-0.016840729190873423,-0.0020197852782823746
7.714015007019043,0.272816,0.025052,0.002528,-0.001545,-0.002716,-0.002483,-0.7558957568089205,-0.1440551281587532,0.28993912176903686,3.136097568223469,-0.016818443911095944,-0.0019510136595671998
7.722017049789429,0.210096,0.109628,0.03344,-0.005346,-0.002483,-0.002174,-0.7559077295582235,-0.14406653207262432,0.2898886850392729,3.1360432120113444,-0.016863389844181703,-0.001888048363667361
7.729874134063721,0.138752,0.035112,-0.006784,-0.002256,-0.003327,-0.003306,-0.7559038761562399,-0.14402454837875228,0.2898560343531916,3.1360890489864963,-0.016881632546868693,-0.001866325162173292
7.740002632141113,0.302448,0.055964,0.00016,-0.003388,-0.002348,-0.001159,-0.755894267457273,-0.1440739353388303,0.2898441019240745,3.136058809715103,-0.016836373859938285,-0.0019230897248482164
7.7499473094940186,0.278496,0.006116,-0.037376,-0.002507,-0.003458,-0.001341,-0.7559039768453505,-0.1440486968430541,0.28982992844879085,3.1360629780919758,-0.016836610403763996,-0.0019673424770652597
7.760016441345215,0.345872,0.006136,0.022496,-0.003338,-0.001718,-0.002091,-0.7559078194826035,-0.14408705720118142,0.2897847091184926,3.1360881155928384,-0.016713098733100794,-0.0019814567085939022
7.769958019256592,0.058808,0.084904,0.022048,-0.003135,-0.003358,-0.003436,-0.7559088304616786,-0.14407307386147264,0.289751769637182,3.1361052258289277,-0.016752411701341733,-0.001892579288869597
7.781902551651001,0.269296,0.011092,-0.044544,-0.002233,-0.002927,-0.002394,-0.7558869753372415,-0.14407655937101585,0.2896524598084445,3.1360702782950547,-0.01675655416509551,-0.0017229861938886737
7.7918078899383545,0.30024,0.041692,0.027296,-0.003615,-0.00262,-0.001942,-0.7559025375828403,-0.14406830527045,0.2896686591313012,3.136063192073637,-0.01683765545489108,-0.0019023190803935303
7.80190634727478,0.21732,0.101884,0.006144,-0.003301,-0.002496,-0.001049,-0.7559044407960138,-0.14407267163244172,0.2896542097776332,3.1360877790273936,-0.016817895064558726,-0.0019222401842736256
7.811908960342407,0.312712,0.077892,0.04384,-0.002222,-0.002439,-0.001303,-0.7558988376018748,-0.14407413616113804,0.28960233325848234,3.136095488462884,-0.01692727515084276,-0.0018530939055923523
7.821822166442871,0.085608,0.043128,-0.035424,-0.003279,-0.002004,-0.002861,-0.7559042399374133,-0.14408868697020422,0.28958849596196057,3.136074662957783,-0.016823198936649936,-0.0019169563463318127
7.831909894943237,0.288512,0.015824,0.033152,-0.003092,-0.002718,-0.00243,-0.7559109771968253,-0.14402328981957024,0.2895233694340832,3.136108413244015,-0.01695852665000783,-0.0018206015419334459
7.841844081878662,0.294112,0.055644,0.021664,-0.002947,-0.002235,-0.001772,-0.7559018947794983,-0.14406098843019388,0.28945862213369977,3.1360728807688667,-0.016803073428784718,-0.0017748787104381746
7.852001905441284,0.196224,0.058256,0.025312,-0.003951,-0.002462,-0.002494,-0.7559146331233646,-0.14403229626636319,0.28948769482000686,3.136110026188574,-0.01689240157627132,-0.001962330371589017
7.861883640289307,0.257096,0.03626,-0.001184,-0.002688,-0.00327,-0.001664,-0.755916381694326,-0.14404507600746363,0.28944820434768703,3.1361082202343833,-0.016776778717070673,-0.0019235332621351064
7.871856212615967,0.247696,0.10004,0.0728,-0.004073,-0.002692,-0.002994,-0.7559141430316587,-0.144044401741499,0.2894310019130329,3.1361146469005177,-0.016840435411740306,-0.001942923303220904
7.88184118270874,0.125232,0.066524,-0.062624,-0.001829,-0.003532,-0.003005,-0.7558956946773254,-0.1440850616047059,0.289420300127551,3.1360566471576354,-0.0167542880072064,-0.001985476996575714
7.893996000289917,0.372568,0.086552,0.064416,-0.004455,-0.002192,-0.00313,-0.7559169768420898,-0.14403556751187838,0.2893564433406739,3.1361138855123856,-0.016895823026628492,-0.001953782706112457
7.905882358551025,0.246192,0.045772,-0.024576,-0.003099,-0.002161,-0.001034,-0.7559039404810454,-0.14409051431536182,0.289323451314315,3.136060866164082,-0.016777971921681574,-0.001990051116392461
7.916070938110352,0.123616,-0.032932,-0.061216,-0.002344,-0.003221,-0.002137,-0.7558998510880588,-0.1440640167634905,0.2893093426260506,3.1360438405101165,-0.016766007412579942,-0.002013407237727373
7.925952672958374,0.2226,0.104748,0.055936,-0.004555,-0.002151,-0.001792,-0.7559069333288182,-0.14404794986611918,0.28931098917875975,3.1360793999224343,-0.01684186661767669,-0.002103482576588444
7.935957670211792,0.26748,0.034624,-0.028384,-0.001817,-0.003301,-0.00368,-0.7559083839877189,-0.1440754843579119,0.28926097179655436,3.136088513057247,-0.016769187006142064,-0.002080731097192949
7.945907354354858,0.297824,0.059512,0.035424,-0.003101,-0.002645,-0.002879,-0.7559085585821134,-0.1440299739345345,0.28923756116810173,3.136079078217965,-0.016865648192971032,-0.0020962171384499508
7.957856893539429,0.252112,0.036564,0.027072,-0.003836,-0.003031,-0.002132,-0.7558930572676447,-0.14404234553306233,0.28920611869649315,3.136080484820668,-0.01675698736971778,-0.002023384967010902
7.969870328903198,0.192352,0.081548,0.021088,-0.00405,-0.00281,-0.003085,-0.7558964353510178,-0.1440771801331508,0.28918448832718247,3.1360712540259135,-0.016780002201104073,-0.0021216372217016375
7.9799723625183105,0.29448,-0.016716,-0.014944,-0.002525,-0.002971,-0.002312,-0.7558937183504874,-0.14407511917584392,0.28912911677942643,3.1360591651523584,-0.01680525200182351,-0.0020374577027454793
7.989923477172852,0.256176,0.096568,0.077696,-0.00473,-0.002585,-0.00178,-0.7558930908499075,-0.14406237177571107,0.289057258394597,3.1360645017090736,-0.016791451736382825,-0.0019474922388147105
7.999898910522461,0.253384,0.036272,-0.020864,-0.002169,-0.003475,-0.003458,-0.7558932134940144,-0.14405540433767783,0.2890552557946355,3.1361340782533644,-0.016850081966851244,-0.001960880051307502
8.009941577911377,0.167616,0.050124,-0.011872,-0.002445,-0.002426,-0.002343,-0.7559025208042416,-0.14405967765245853,0.2890329358520236,3.136058290811012,-0.016835107880563353,-0.0020636872728241698
8.01984453201294,0.290744,0.057948,-0.008672,-0.003003,-0.002434,-0.001979,-0.7558959004684946,-0.1440643514335638,0.288994940882507,3.136079281767419,-0.01679588201406637,-0.0020307243387184095
8.029934883117676,0.167808,0.11366,0.025408,-0.002863,-0.002402,-0.001596,-0.7559129167685039,-0.14405672550053206,0.2889444844556718,3.1360671831012796,-0.016789407127647947,-0.002039703283883904
8.039931058883667,0.265224,0.065724,-0.004352,-0.003558,-0.001811,-0.001072,-0.7558977487993088,-0.14404328104796138,0.28895786538376855,3.13609801756513,-0.0168468257165183,-0.0021263756567199673
8.049859762191772,0.214832,0.057996,0.007872,-0.002954,-0.002389,-0.001828,-0.7558994261921996,-0.1440860603606825,0.28889741813062825,3.1360789115332675,-0.016704884868458607,-0.0020664871057701063
8.059847354888916,0.226528,0.039764,0.006144,-0.0029,-0.003304,-0.001593,-0.7559087961459062,-0.1440523337466245,0.28887444773523724,3.136077183526428,-0.016856545169966358,-0.002125874260683562
8.069875955581665,0.248208,0.100256,0.001312,-0.001701,-0.002472,-0.002257,-0.7559039981861493,-0.14405488284682816,0.28882996599943433,3.136110790733856,-0.016710954090011255,-0.002086677770122195
8.079886674880981,0.30844,0.039092,-0.006784,-0.004092,-0.002392,-0.00143,-0.7558950182236862,-0.14406434965966364,0.28876020493202376,3.1360842944417042,-0.016752872269732256,-0.0019266298376988521
8.08981704711914,0.21952,0.054412,-0.00848,-0.002423,-0.002313,-0.002932,-0.7558990377530841,-0.14404913543102812,0.28879913253603634,3.136109724750554,-0.016809653605136202,-0.0021102881573639167
8.09990382194519,0.25516,0.066936,0.026944,-0.004435,-0.003107,-0.000998,-0.7559027081317433,-0.1440679938416602,0.2887279025866033,3.1360824554980167,-0.016757237697528106,-0.0020499990777736675
8.109964847564697,0.248576,0.056904,0.005024,-0.003308,-0.002307,-0.001412,-0.7559094382922489,-0.14404025136198148,0.2887007496809747,3.136076814886648,-0.016949275048946805,-0.00206263611380704
8.119847297668457,0.105808,0.0412,-0.023712,-0.002542,-0.002595,-0.001714,-0.7559207258093461,-0.14404917421128677,0.28865723993350284,3.1361140594785337,-0.01683227146209345,-0.0021004378632911505
8.129835367202759,0.343376,0.087524,0.101888,-0.00458,-0.002096,-0.001997,-0.7558938755943928,-0.1440853380537541,0.28863046552236543,3.136090149098979,-0.016729769373971613,-0.002022704783343557
8.140029430389404,0.242896,0.039752,-0.05488,-0.000767,-0.002989,0.001949,-0.7559136977035189,-0.14403007570964066,0.2886123096400363,3.136067350441389,-0.016842199158788918,-0.002145911114811921
8.149851560592651,0.299744,0.06764,0.063872,-0.004257,-0.00212,-0.003525,-0.7559115435424705,-0.1440471730990231,0.2885244769652618,3.1361357705426283,-0.016941347094304927,-0.0019593996717574055
8.159884214401245,0.209176,-0.019408,-0.082848,-0.000685,-0.00391,-0.002498,-0.7559021495787911,-0.1440666799085356,0.2885023817152678,3.1360653917831036,-0.016854996400828017,-0.002002459754067557
8.16787838935852,0.232032,0.103704,0.031328,-0.004611,-0.002246,-0.003156,-0.7559030896475204,-0.1440572217427234,0.288484486865206,3.1361274276895603,-0.016746296744400434,-0.0020063462017468935
8.17793321609497,0.27816,0.0679,-0.00592,-0.00373,-0.002329,-0.002202,-0.7559026506205948,-0.1440365882782039,0.2885020842587609,3.1360827876914055,-0.016937280493143365,-0.0021229617863443057
8.187901496887207,0.178208,0.094992,0.015168,-0.001994,-0.002862,-0.000105,-0.7559038493019573,-0.14408568610684885,0.28845536894874196,3.136068087078713,-0.01667896216074215,-0.002106904044315446
8.197975158691406,0.315528,0.083484,0.047136,-0.00548,-0.002098,-0.000892,-0.7559110492546415,-0.14406056063680311,0.2883979082069848,3.1360717764712933,-0.016781362051486143,-0.0020950660305260817
8.207940578460693,0.25152,0.07768,0.021344,-0.00138,-0.003263,-0.001541,-0.7558827347000252,-0.14406393700679032,0.2883909978303736,3.1360926740395354,-0.016781403923320885,-0.0020508898808052965
8.217926740646362,0.209936,0.089472,0.085088,-0.005559,-0.002408,-0.003324,-0.7559013071972214,-0.1440579407774869,0.2882655631120362,3.1360904297116923,-0.016840065288591954,-0.0018527400226856295
8.227890014648438,0.181456,0.00384,-0.015968,0.00016,-0.003269,-0.000677,-0.7559069681171056,-0.1440665562522181,0.2883216043113735,3.136104815347166,-0.016766843162499188,-0.0020327598114068153
8.237870931625366,0.35092,0.03364,0.039616,-0.00381,-0.001982,-0.002824,-0.7559045218417335,-0.14407636200706386,0.28827624186116796,3.136097371783003,-0.016715266386502867,-0.0020255321449090466
8.247910976409912,0.293816,0.118576,0.029728,-0.003152,-0.002347,-0.002283,-0.7558947090960978,-0.1440564957488602,0.28826202179672883,3.136136913361965,-0.016823967209576823,-0.0020770797811083927
8.25798487663269,0.01648,0.001248,-0.039904,-0.001882,-0.002948,-0.000226,-0.7558869992627311,-0.1440512575659892,0.28820460364360984,3.1360644927692793,-0.016849068474154086,-0.0019728405235082272
8.267916917800903,0.319448,0.104556,0.061344,-0.003455,-0.001265,-0.001378,-0.7559035455770862,-0.14406428528171653,0.288145110447109,3.1360968748196454,-0.01671984341286406,-0.0019517716501456946
8.279928207397461,0.303304,0.081312,-0.01136,-0.001849,-0.003352,-0.002555,-0.7559098473695879,-0.1440550557328724,0.28815004946233386,3.1360636666090587,-0.016802290090246634,-0.0020460804112399675
8.289947509765625,0.208696,0.087112,0.082176,-0.004217,-0.002463,-0.001077,-0.7558981584141288,-0.14408517623331635,0.28812179016268746,3.136077664191739,-0.016881551012241813,-0.002087560423384568
8.299886226654053,0.098832,0.019836,-0.058816,-0.001642,-0.003184,-0.001723,-0.7558918492121611,-0.14409606469557223,0.2881097338086251,3.136059034386232,-0.016692099624739876,-0.0020929504251091724
8.307833433151245,0.207896,0.02788,-0.00384,-0.002073,-0.002305,-7.7e-05,-0.7559028113121447,-0.1440889235516616,0.2881102074243627,3.136097101817367,-0.0167406674795917,-0.0022202812557092604
8.317911863327026,0.378776,0.121304,0.051776,-0.004423,-0.002507,-0.002533,-0.7559135868093896,-0.14402948026777054,0.28802123006252783,3.1361058024305057,-0.016887886731853985,-0.002132680879118407
8.328033685684204,0.20716,0.05474,0.012704,-0.002421,-0.002767,-0.00142,-0.7558958127125874,-0.14406618752853978,0.2879870042193329,3.1360796049639528,-0.01668351469932017,-0.001990540855093204
8.337894678115845,0.207672,0.045596,0.00768,-0.003159,-0.003129,-0.00053,-0.7559139519751257,-0.14404534896994406,0.2879935403971962,3.136073422020945,-0.01677712976640676,-0.002166272007324872
8.347887992858887,0.315848,0.045532,0.009312,-0.001964,-0.00192,-0.001659,-0.7559013947437695,-0.14410441476437444,0.28796582704202534,3.136080820272873,-0.016716379141289237,-0.0021905684596970902
8.357908248901367,0.295464,0.055552,0.016128,-0.003574,-0.002445,-0.002286,-0.7559101286878107,-0.14406871627930984,0.287919138513891,3.1360898518988263,-0.016808205589081016,-0.0021130501472968223
8.367932319641113,0.160024,0.123588,0.015072,-0.000472,-0.002388,-0.002264,-0.7559137765198269,-0.14406792804434493,0.2878788809316609,3.136064547370878,-0.01682086976825989,-0.002133456153543055
8.377921342849731,0.226056,0.057656,0.021376,-0.003188,-0.001722,-0.000734,-0.7559259611452734,-0.1440665659190211,0.28783853655274655,3.136080214594774,-0.016742548746403373,-0.0021988386786199027
8.387969970703125,0.251488,0.078504,-0.004448,-0.003174,-0.003254,-0.002384,-0.7559003368078528,-0.14409005506475298,0.2878236094291018,3.1360686115894345,-0.016790976144357452,-0.002137789565466957
8.397942543029785,0.2778,0.090268,0.014432,-0.004111,-0.002165,-0.003366,-0.7559136585581829,-0.14404816376764926,0.2878045288446057,3.1361042276008946,-0.016825091694398157,-0.0022049904010843597
8.407985925674438,0.219384,0.0609,0.025216,-0.002014,-0.002898,-0.000777,-0.7559089527182911,-0.14404252653070276,0.28773517780015107,3.1361056144190957,-0.016849535091922333,-0.002073593042091289
8.41795563697815,0.2126,0.02992,0.033984,-0.003244,-0.002722,-0.000943,-0.7559158164502268,-0.14406626624332594,0.28776838584510644,3.1360823739587493,-0.016860541265849443,-0.002274962736150356
8.429936647415161,0.331144,0.079272,0.048608,-0.002432,-0.001766,-7.1e-05,-0.7559211114026269,-0.14405847051768556,0.28768272225884517,3.136096627820031,-0.01673491253374151,-0.002139323774508534
8.441835403442383,0.23892,-0.003076,0.012064,-0.002977,-0.003129,-0.001457,-0.7558999893361257,-0.14405526584538506,0.28765593852995835,3.1360691153217846,-0.016771963162688114,-0.0020610060234745133
8.451915740966797,0.18272,0.046192,0.025952,-0.003865,-0.003231,-0.001885,-0.7559213350050212,-0.1440472180691226,0.28762495721885484,3.136095160631067,-0.016896334999108625,-0.0021599222575943507
8.461939096450806,0.226824,0.039568,-0.034784,-0.002305,-0.002567,-0.000697,-0.7559240350370711,-0.1440730267838691,0.287630750964366,3.1360520776031002,-0.016812696908109,-0.002309007497675241
8.471931219100952,0.279144,0.082792,0.05808,-0.004131,-0.00271,-0.002156,-0.7559058681063842,-0.14406445373609028,0.28750935238422165,3.136105938197873,-0.01683955795049124,-0.0019847282804079523
8.481903076171875,0.212032,0.028584,0.00112,-0.003194,-0.002498,0.000318,-0.7559086164840109,-0.1440548778650854,0.2875360109220224,3.1360987166580676,-0.016833263217855714,-0.002204957147935551
8.49190092086792,0.093184,0.048036,0.039968,-0.002753,-0.003469,-0.001905,-0.7559088888265804,-0.1440666415028395,0.2875052467193574,3.1360840015862066,-0.016760929438762145,-0.0021189245882364443
8.501950740814209,0.350768,0.05346,0.001824,-0.00333,-0.000754,7.8e-05,-0.7558940074526407,-0.14405598359324973,0.2874585306152441,3.136088146143275,-0.01680614453397251,-0.0020896933761508814
8.511938095092773,0.225088,0.010248,0.010912,-0.001135,-0.0039,-0.002198,-0.7559179300463813,-0.14406479571384712,0.2874265896272179,3.136070199630101,-0.016809732807477,-0.00221307325368333
8.52187180519104,0.321008,0.083088,0.022944,-0.004709,-0.002106,-0.000436,-0.7559060962045618,-0.144052088968784,0.28742060064167674,3.1361388870335656,-0.016835404295724152,-0.0021945231658903595
8.533915758132935,0.191016,0.016024,-0.016224,-0.001185,-0.003612,-0.001815,-0.7559074846517643,-0.14406534017398095,0.2873486967825925,3.13604193251856,-0.016839410949695547,-0.002079925260611911
8.543866157531738,0.212144,0.050776,-0.002688,-0.004505,-0.002422,-0.001749,-0.7559060169854542,-0.14406418300370627,0.2873871958919564,3.1361090776992193,-0.01678731201745469,-0.002322017636811314
8.553923606872559,0.230256,0.026828,0.006176,-0.00253,-0.002646,-0.002075,-0.7559211085600361,-0.14404794141779714,0.28727076584486166,3.1360943964198933,-0.01683794252213435,-0.0021323099282920424
8.563932418823242,0.295192,0.100132,0.075296,-0.004104,-0.001823,0.000298,-0.7559129436423537,-0.1440621993468091,0.2873015587517811,3.1360740560582077,-0.016753260856764995,-0.002227551968456439
8.5739004611969,0.130888,-0.018872,-0.019424,-0.001613,-0.004018,-0.000638,-0.7559162721890481,-0.14406109037906634,0.28720420126537394,3.1361117411728965,-0.016786193116157064,-0.002152168575378653
8.585919380187988,0.348736,0.090424,0.067584,-0.004207,-0.000846,-0.00163,-0.7559117274059091,-0.14406826542832213,0.2872149664195765,3.136106091087219,-0.016880593777217418,-0.002209816587057172
8.596053838729858,0.1284,-0.001732,-0.029664,-0.001316,-0.003701,-0.001124,-0.7559202788257342,-0.14404483830708653,0.2872018511350533,3.136092627730224,-0.016776829726497883,-0.0022620852357513473
8.605921983718872,0.348968,0.0986,0.092416,-0.003686,-0.001785,-0.001624,-0.7559158898490048,-0.14404569844414522,0.28713504982247545,3.136118427470324,-0.016840850394783412,-0.0022100723243959003
8.615893840789795,0.094872,-0.007736,-0.097856,-0.000835,-0.004398,-0.000521,-0.7559204718240297,-0.14407188519131764,0.2870980733360423,3.1360396550741783,-0.01675544448587098,-0.002207363659032785
8.625909328460693,0.282472,0.110556,0.056096,-0.005347,-0.001682,-0.002721,-0.7559260752446781,-0.144049980036552,0.28709751233681946,3.1360989718886922,-0.01690427161647197,-0.0023390021994743864
8.635831832885742,0.268104,0.011572,-0.018656,-0.001972,-0.001978,-0.001176,-0.7559130202289834,-0.1440951282542314,0.2870216392291283,3.1360559239841663,-0.016715907903176678,-0.002192174883404714
8.64586591720581,0.166528,0.100856,0.064864,-0.003797,-0.001667,0.000977,-0.7559249867008981,-0.14406844223655374,0.2870053752219131,3.1360754750780164,-0.016773173325795008,-0.0022723897639493483
8.655965089797974,0.2454,0.01774,-0.038272,-0.001934,-0.002673,-0.000293,-0.755918310494602,-0.14403518424191836,0.2869439765961601,3.1360928140757203,-0.016858116701550647,-0.0021374373868616042
8.665936946868896,0.259648,0.089748,0.0056,-0.00375,-0.001831,-0.002423,-0.7559078106396575,-0.14407790436207493,0.28691904811183,3.136105510676216,-0.01676645327906868,-0.002139728548892156
8.675910472869873,0.181816,0.045828,-0.029952,-0.001497,-0.003371,-0.000166,-0.7559193319686265,-0.14405636815084744,0.2868864671951987,3.1360730774575427,-0.016817080173114497,-0.0021497704139670725
8.685884475708008,0.28488,0.060172,0.04576,-0.002405,-0.002633,-0.000727,-0.7559111636005719,-0.14404285357339844,0.28690267991282137,3.136081756776124,-0.01694292416273428,-0.002260919687023655
8.6939115524292,0.198464,0.060704,0.00688,-0.002425,-0.00254,0.000343,-0.7559179016248915,-0.1440730075376972,0.286824716307012,3.1360999652918884,-0.016929150309047198,-0.0021719013141057865
8.703919410705566,0.210776,0.119404,0.046752,-0.003991,-0.001551,-0.000398,-0.7559124711499278,-0.14404832982115234,0.28680465124996185,3.1360640280135668,-0.01685388633062896,-0.0021398425427441936
8.713841199874878,0.126768,0.017116,-0.03184,-0.001874,-0.002824,-0.001852,-0.7559145198129391,-0.14406079521381362,0.28678667717062,3.1361213905208336,-0.01682613453155539,-0.002204645683219354
8.723933935165405,0.30516,0.101048,0.074656,-0.004731,-0.002333,-0.001257,-0.7559156582950156,-0.14406424292315942,0.2867236006453126,3.1361227900943294,-0.01676184103295954,-0.002113569459997491
8.733906507492065,0.265584,0.007128,-0.052256,0.000604,-0.002711,0.000933,-0.7559162389093669,-0.14405936078850548,0.2866735549428282,3.13608109689216,-0.016831797354167104,-0.0020505457390082786
8.743967056274414,0.215464,0.0716,0.0176,-0.004796,-0.002805,-0.001282,-0.7559287948374543,-0.14405656148846752,0.2866916854523026,3.13604141351546,-0.016829268377718084,-0.0022394897954431956
8.754007339477539,0.2482,0.031832,-0.015968,-0.001057,-0.00347,-0.001085,-0.7559205159190598,-0.1440744010705893,0.2866316477103799,3.1361241387932983,-0.0167575559525229,-0.0021969699212500645
8.763960838317871,0.220304,0.110976,0.009888,-0.002552,-0.001828,-0.000577,-0.7559340227443879,-0.1440701205953582,0.2865983523264649,3.136067061121549,-0.016828375505083714,-0.002187680503715918
8.775859832763672,0.169832,0.061912,0.013216,-0.002272,-0.003077,-0.001835,-0.7559286371905359,-0.14404072965801065,0.28656388253986975,3.1361123995958704,-0.016866931993830128,-0.0021239699548316836
8.78580117225647,0.319112,0.065692,0.046976,-0.003143,-0.001416,0.000307,-0.7559260921655816,-0.14409848396178435,0.28653572396490806,3.1360999859024075,-0.016761729491103834,-0.002189943557875128
8.795932531356812,0.18724,0.05464,-0.00208,-0.001819,-0.002788,-0.000208,-0.7559315154487467,-0.14405068945734856,0.28651501654353806,3.13608093514604,-0.01681255980509946,-0.0022670613620198775
8.80595850944519,0.23616,0.102476,0.013536,-0.002921,-0.002628,-0.000938,-0.7559186184730565,-0.14407496732654923,0.2864960040615805,3.136052264676726,-0.016838034881551615,-0.002247037731942277
8.815886497497559,0.256392,-0.017888,-0.051232,-0.002332,-0.002502,-0.001823,-0.7559334227557342,-0.144077541797874,0.2864689106759826,3.1361190208188234,-0.016766890927971262,-0.002310209962038885
8.82583475112915,0.282056,0.048664,0.025536,-0.001822,-0.00205,-0.001041,-0.7559326275178023,-0.14406521442921694,0.2864203356827766,3.136085008089468,-0.016895268524573088,-0.002219779556266984
8.83586859703064,0.273848,0.0554,0.002272,-0.003606,-0.003121,-0.001431,-0.7559263098328604,-0.14403378257136903,0.2864214333524382,3.1360690670379916,-0.016884885285258562,-0.002270794103555666
8.845922708511353,0.198784,0.084044,0.01456,-0.002391,-0.002114,-0.001382,-0.7559229274843178,-0.14405982565285413,0.2863666371357851,3.1360814616250043,-0.016847950659876376,-0.002233392760494983
8.855872869491577,0.2172,0.04182,0.004096,-0.002656,-0.002458,-0.000532,-0.7559391427406366,-0.14405970086113673,0.2863661285475575,3.1361176856095656,-0.016814699105285356,-0.002357716926429624
8.865962266921997,0.191288,0.098028,0.02608,-0.002484,-0.0026,-0.000441,-0.7559277932489739,-0.14405256286543763,0.28627412579484357,3.1360887604430436,-0.016853450216139258,-0.0022296529347084508
8.875787258148193,0.354208,0.065816,0.022048,-0.003687,-0.001553,-0.000607,-0.7559198125677082,-0.14406696077164147,0.2863292338446567,3.136067126322096,-0.016807509645261638,-0.002407202452101878
8.885864019393921,0.070808,0.044456,-0.00368,-0.000875,-0.002944,-0.000176,-0.7559179143358143,-0.1440650377835028,0.28624632475498457,3.136064590946571,-0.016792419585096495,-0.002263871251321269
8.89388918876648,0.312064,0.084944,0.019104,-0.003744,-0.00145,-0.000376,-0.755924078954763,-0.1440741061172787,0.28622938568148004,3.136099535494263,-0.016829599045316442,-0.0023378572928327156
8.903879404067993,0.111,0.014428,-0.072032,-0.001319,-0.003492,-0.001111,-0.7559074659543487,-0.14407138272560202,0.2862298962937061,3.136091577647946,-0.01677215238613686,-0.002343016637794567
8.915791034698486,0.392936,0.05496,0.073632,-0.006196,-0.001469,-0.001414,-0.755917035571431,-0.14407314047057312,0.2861758820505741,3.1360762156582993,-0.016777346734993627,-0.002269214900952823
8.925819635391235,0.241432,-0.004168,-0.005984,-0.001805,-0.002299,0.000172,-0.7559353587966166,-0.14403196072653435,0.2861740015640621,3.1360805527551525,-0.01686079377999742,-0.0024777749533308087
8.935926675796509,0.16036,0.030804,0.010208,-0.003041,-0.002907,-0.00117,-0.7559216850840408,-0.14406714413176774,0.286130925612979,3.1361027769771104,-0.01678336799727399,-0.002400765535896776
8.945847272872925,0.239784,0.077152,0.02224,-0.003391,-0.001913,-0.000586,-0.7559152601958483,-0.14403691756099501,0.28609047290384837,3.1361566236308174,-0.016802800027011126,-0.002348593170228496
8.95590877532959,0.193544,0.065608,-0.040096,-0.001391,-0.003884,-0.000907,-0.7559192284775762,-0.1440642128666506,0.28600963404174784,3.1361008708202522,-0.016902995907735516,-0.0022128060069651037
8.967862606048584,0.251648,0.076712,0.042656,-0.003941,-0.002963,-0.000668,-0.7559150345280004,-0.1440630606731346,0.285984520854746,3.136054218198178,-0.01693321855455035,-0.002251948205995122
8.977835416793823,0.250152,-0.02252,-0.02224,-0.002523,-0.00267,-0.000534,-0.755924354408352,-0.14407298355053216,0.285982890240233,3.1360813142258253,-0.01682923446832124,-0.0023722225777587486
8.987906694412231,0.218792,0.098364,0.038048,-0.004579,-0.001827,-0.001032,-0.7559134958011207,-0.14406910615258411,0.28594056662491046,3.136086093128663,-0.016791424424039893,-0.002335671177653882
8.99792194366455,0.18324,0.025632,-0.055968,-0.000953,-0.003055,-0.001186,-0.7559151242515558,-0.1440590507492015,0.2859162831752041,3.136027353314398,-0.016912250193025655,-0.0023524339208072682
9.007911443710327,0.223968,0.06052,0.032608,-0.002786,-0.002023,-0.000699,-0.75591253966168,-0.14404170276234374,0.2858750134321338,3.1360781290347486,-0.01686071725149725,-0.002311800265649391
9.017837047576904,0.388264,0.064972,-0.00272,-0.002484,-0.002827,-0.001422,-0.7559180385400963,-0.14408338314940242,0.2858334797968564,3.136069716049134,-0.016808879471066095,-0.0023093279261606568
9.029854536056519,0.164784,0.051508,0.002272,-0.002874,-0.002364,-0.001015,-0.7559208137963993,-0.14406090573319782,0.28583101758189144,3.136045042697308,-0.01678218103555861,-0.002380579085119999
9.039891004562378,0.226056,-0.006512,0.016736,-0.003735,-0.00259,-0.001858,-0.7559300556430221,-0.1440620454585273,0.2857702116986043,3.136035509482363,-0.01684489416747542,-0.0023742121509861265
9.049825668334961,0.189088,0.036004,0.022368,-0.00253,-0.003015,-0.00101,-0.7559170242266214,-0.14404247401936973,0.28571259136146804,3.1360738496712837,-0.016889773478323378,-0.0022522946068575683
9.059823989868164,0.280208,0.039328,0.004096,-0.003529,-0.003074,-0.002086,-0.7559121633744077,-0.1440508388706716,0.28569679727785213,3.13605779051387,-0.016819020107073968,-0.002263002815287344
9.06986117362976,0.254624,0.055116,0.020864,-0.002556,-0.002096,-0.001103,-0.7559086458045026,-0.14405203894365,0.28568244374192503,3.1360453942428195,-0.01681294534635954,-0.0022928093629178753
9.079883337020874,0.252552,0.010248,-0.059808,-0.002892,-0.002969,-0.001045,-0.7559120827096458,-0.14407929876491504,0.2856376117901256,3.1360569504978,-0.016821333380463273,-0.002302086454978856
9.091919183731079,0.15272,0.070992,0.022848,-0.002795,-0.003164,-0.000125,-0.7559089526494951,-0.14408802781023444,0.28558750680076705,3.1360608809892416,-0.0167905497530943,-0.002222351749159389
9.101827383041382,0.270936,0.091588,0.016992,-0.004209,-0.002185,-0.00044,-0.7559138711197452,-0.14407579800252468,0.28554563271901867,3.1360941306101826,-0.01682073493032492,-0.0022098853676226107
9.111897230148315,0.250032,0.028952,0.054688,-0.002662,-0.002713,-0.000954,-0.7559293068080555,-0.1440373027008164,0.28550944847968635,3.136130139949129,-0.0169167894956503,-0.002320183071515958
9.121791124343872,0.237256,0.001616,0.020288,-0.003732,-0.00177,0.000454,-0.7559121401665685,-0.14408269959567085,0.2854914030373493,3.136059731321421,-0.01683131952739896,-0.0022596463574569296
9.131829738616943,0.183416,0.001384,0.006752,-0.002398,-0.002576,0.000546,-0.7559108524611966,-0.14407266084775788,0.28545752726869617,3.1360930026273186,-0.016838279123722308,-0.0022544132971308163
9.141796588897705,0.22904,0.033004,0.027392,-0.004004,-0.001503,-0.001748,-0.7559208154810969,-0.1440321604787111,0.28542471437586947,3.1360678947128724,-0.016919873307624744,-0.0022731331558957365
9.151891708374023,0.211912,0.034644,0.036896,-0.002092,-0.002484,-0.003239,-0.7559098330776028,-0.14408160451159105,0.28543248875866656,3.1360717379733614,-0.01679684668336796,-0.0023500332712361543
9.161859512329102,0.190176,0.019968,-0.007424,-0.003712,-0.001369,0.000217,-0.7559159304366765,-0.14408667134679337,0.28532924992360176,3.13611341971083,-0.016751293254618157,-0.002260046492858129
9.171853065490723,0.221208,0.072304,0.042944,-0.002453,-0.002674,0.000421,-0.7559352544558028,-0.14408467554509818,0.2853284960291882,3.136067868664046,-0.016777873372043457,-0.002309535054435124
9.18380880355835,0.238528,0.124364,0.01648,-0.003446,-0.001125,-0.000771,-0.755927741875269,-0.1440031396241932,0.28529385508875504,3.1361015488020874,-0.016882615272937506,-0.0022012915135072968
9.193941831588745,0.28988,0.002416,0.040384,-0.002437,-0.001797,0.000403,-0.7559023321751887,-0.14409671969778357,0.2852412377312773,3.1360472507766786,-0.01676133882910903,-0.0022470827396656157
9.203930377960205,0.07224,0.090748,-0.016864,-0.002734,-0.00313,-0.000671,-0.7559261612066561,-0.14409121410138845,0.2852446005173944,3.136103847023539,-0.016760946499269517,-0.002372395342304545
9.213857173919678,0.323728,0.005852,-0.016864,-0.001641,-0.003201,-0.000315,-0.7559191998408761,-0.1440420623310518,0.2852502205082899,3.1361196030185132,-0.016820055904937747,-0.002414786885077198
9.22385859489441,0.335992,0.112096,0.044608,-0.004215,-0.001748,-0.001568,-0.7559409333461137,-0.14402904744636455,0.2851718942955094,3.1361281933867415,-0.01689585103253279,-0.002371065645015158
9.23399543762207,0.106136,0.0237,-0.024928,-0.001879,-0.003124,-0.000981,-0.7559299831077516,-0.1440439563068897,0.2851281207761622,3.1360712712630368,-0.016825485537540465,-0.002291807255362455
9.243875741958618,0.189256,0.037992,0.012,-0.003284,-0.001707,0.001832,-0.7559217531334437,-0.14408369398771095,0.28512137289362127,3.136056744959972,-0.016808437113905193,-0.0023732070703697873
9.253897428512573,0.252088,0.091304,0.035072,-0.003573,-0.002705,-0.001508,-0.7559207073876044,-0.14408888045086074,0.2850746909653533,3.13609576050619,-0.01677750455126887,-0.0023440543551749462
9.263797521591187,0.226544,0.105932,-0.00304,-0.002279,-0.002693,5.7e-05,-0.755928924288538,-0.14404098175824342,0.2850381718409185,3.136077824577711,-0.016873172990099036,-0.002320603874756912
9.273820161819458,0.280016,0.02408,0.001504,-0.003044,-0.003289,-5.9e-05,-0.7559125867204683,-0.14409413059860307,0.2850269117551899,3.1361103894860687,-0.016787416243738213,-0.002365728447541974
9.283803939819336,0.198088,0.080884,0.006496,-0.00366,-0.001801,0.000428,-0.7559298595547287,-0.14405409270563937,0.28493530930504446,3.136074983328866,-0.01681445786621986,-0.0022113213820515927
9.29398488998413,0.23212,-0.000884,-0.006016,-0.001583,-0.003449,-0.000633,-0.7559229026495804,-0.1440443871850239,0.2850030504255896,3.1361003412910735,-0.016877236950854472,-0.00249932069177717
9.303836822509766,0.250784,0.112192,0.044096,-0.004379,-0.001702,-0.00108,-0.7559184427817868,-0.14406928781805392,0.28496722572602007,3.136077983016173,-0.016785276343220152,-0.0024184632735368685
9.313807249069214,0.251128,0.005172,-0.04048,-0.000271,-0.00344,-0.000787,-0.7559229507777991,-0.1440664709087767,0.28492327768421394,3.136073223776422,-0.0167861333571318,-0.0024066540435447145
9.323813438415527,0.200168,0.08856,0.015264,-0.004479,-0.002966,-0.000636,-0.7559158929780179,-0.14408127335957754,0.28487966867497405,3.1360844134983905,-0.016802901148277323,-0.002400240593269908
9.333858966827393,0.288096,0.059656,0.049504,-0.002346,-0.002213,-2.2e-05,-0.7559201721668091,-0.1440357561976462,0.2847687765259018,3.1360329710240626,-0.016932804827529183,-0.002212133450849021
9.343886852264404,0.218328,-0.00876,-0.01568,-0.001441,-0.001669,-0.000929,-0.7559359580519734,-0.1440673610999125,0.2848025209059908,3.136067793120318,-0.0168270674476686,-0.002440005029064099
9.353843927383423,0.212464,0.025804,0.034592,-0.003879,-0.002142,-0.000892,-0.7559267114318223,-0.14407569845641757,0.284761683236737,3.136076027485163,-0.016763423972347934,-0.0024064824225083895
9.363877773284912,0.28548,0.03074,-0.007584,-0.002548,-0.001627,-0.00104,-0.7559205908048899,-0.14408280439907895,0.28475134322020645,3.1361055783965734,-0.016818353594349758,-0.0024119470046669736
9.37588882446289,0.148008,0.034352,-0.042016,-0.003691,-0.002643,-0.001188,-0.7559297867251838,-0.14407713932104146,0.2846559785221327,3.136098021365575,-0.016781041247787627,-0.002297814693020154
9.385816097259521,0.330848,0.124024,0.047264,-0.002754,-0.001594,-0.00043,-0.7559194460777829,-0.14403119015313565,0.2847214699806946,3.136123557119034,-0.016824023818719107,-0.0024802727826092547
9.397956609725952,0.209744,-0.006348,-0.0504,-0.001552,-0.003336,-0.000825,-0.7559240011113421,-0.14406918310250796,0.28466436857052985,3.136050918518766,-0.01676039950141108,-0.002466337358460718
9.408066272735596,0.17292,0.067556,0.039968,-0.003599,-0.001513,-0.000163,-0.755919541614841,-0.1440761331954719,0.28460837156642216,3.136096441635069,-0.016748750480450568,-0.0024029157937509684
9.417823791503906,0.202784,-0.004908,-0.05168,-0.001426,-0.003187,-0.001976,-0.7559157666442762,-0.14408991486464873,0.2845531267859524,3.136060280797689,-0.01682820545743349,-0.0023448688903713044
9.427849292755127,0.3108,0.06606,0.083296,-0.005067,-0.002527,-5.1e-05,-0.7559189963389993,-0.14405410118747816,0.28457109602785935,3.1360786864714747,-0.016815183253786985,-0.002440012105361007
9.437882900238037,0.193608,0.027156,-0.046336,0.000156,-0.003246,0.000646,-0.7559207412262744,-0.14404457544572152,0.28451023748242216,3.1361075607966358,-0.01688602756722609,-0.0023754869847033315
9.447880983352661,0.210416,0.060488,0.08256,-0.004196,-0.001573,0.000678,-0.7559153424826774,-0.14407394988734093,0.28444335272302534,3.136065146818629,-0.01672757423118177,-0.002246261558902372
9.457834482192993,0.208056,0.05716,-0.061152,-0.000942,-0.002755,-0.000777,-0.7559197043490274,-0.14408306922177153,0.2844463651911539,3.1360742488951088,-0.01681272222517419,-0.002412425966887774
9.467803955078125,0.315112,0.134072,0.047488,-0.004079,-0.001784,-0.001339,-0.7559150508992921,-0.14405771617242832,0.28441894784895727,3.136079334543786,-0.016768155525412776,-0.0023658648861922585
9.477833032608032,0.186448,0.016532,-0.035424,-0.001914,-0.002612,-0.001259,-0.7559248114864204,-0.14408336795320772,0.2843994050189908,3.1360955647835707,-0.01671678639127049,-0.002417157119062335
9.489754676818848,0.121224,0.043628,-0.029376,-0.002209,-0.003347,0.000455,-0.755927692987564,-0.14407040267237345,0.2843297839419979,3.1360785565801317,-0.016842130374497586,-0.0023688631224670267
9.499892950057983,0.278848,0.050924,0.038688,-0.003447,-0.001972,-0.000417,-0.7559318166095891,-0.14406158282819131,0.2843010930712876,3.1360665406005253,-0.01683035049302371,-0.002374223263099395
9.509829759597778,0.205184,0.067772,0.031712,-0.00274,-0.003274,-0.000867,-0.7559175015493786,-0.1440782630922437,0.2842662774916758,3.1360581179806,-0.01677773444464351,-0.002365952709455817
9.519880533218384,0.242896,0.026336,-0.0464,-0.002119,-0.002397,-0.001248,-0.7559228550268086,-0.14410712625842814,0.28422383834390064,3.136086472494554,-0.016755636998669977,-0.0023817053718055967
9.529889106750488,0.133112,0.056132,0.00864,-0.002588,-0.003221,5.1e-05,-0.755921633465177,-0.14405712455374672,0.28418922517265777,3.136078025051048,-0.016885696696664874,-0.00234352701384579
9.539863586425781,0.280264,0.054036,-0.025312,-0.003353,-0.001722,0.001463,-0.755923015040543,-0.14408060940458775,0.2842190080586226,3.13606873942091,-0.016780330822848914,-0.0025116922649304273
9.549847841262817,0.180272,0.040184,0.008608,-0.003933,-0.002166,-0.001366,-0.7559171573620125,-0.14408693880477982,0.2841462042988928,3.1360405724101,-0.016831553806433558,-0.0023669259527860876
9.5598464012146,0.234784,0.026852,-0.004608,-0.001629,-0.002558,2.2e-05,-0.7559245239023761,-0.144055114632093,0.2841035604316101,3.136078066063736,-0.016748094395709432,-0.0023733335241137936
9.569861888885498,0.176256,0.081552,-0.016224,-0.003163,-0.002926,-0.000423,-0.7559279958448004,-0.14405053640888169,0.2840391957495036,3.136057326205992,-0.016825049336541272,-0.00234047168765935
9.579859495162964,0.281064,0.039356,-0.00192,-0.002333,-0.002479,-0.000577,-0.7559172297876612,-0.14406328079776853,0.28406081068346284,3.1360857835373435,-0.016856028905335968,-0.0024061944423163753
9.589769840240479,0.1606,0.047116,-0.005888,-0.001734,-0.00299,0.001526,-0.7559243830928731,-0.14405839125026643,0.2840179642009539,3.1361023536346324,-0.016850175590067983,-0.0024081771882797933
9.599910974502563,0.237088,0.04582,-0.011904,-0.003556,-0.002305,-0.000585,-0.7559271878405007,-0.14407325303257282,0.28400112913221254,3.1360559861011357,-0.016808236156718157,-0.002428544657806586
9.6098051071167,0.18004,0.068592,0.01568,-0.00208,-0.00254,0.000232,-0.755934690635165,-0.14405562074623196,0.2839873841885179,3.136074458287232,-0.01685808107708172,-0.002551363939208421
9.619819641113281,0.285856,0.00536,0.030048,-0.004032,-0.001431,-5.6e-05,-0.7559347590592966,-0.14404724963696364,0.28391361682416183,3.136091819172762,-0.016910174037686382,-0.002461181752518896
9.631874799728394,0.118784,0.03274,-0.007328,-0.002164,-0.001956,-0.000763,-0.7559381501842896,-0.14404858959576136,0.2838913655453308,3.136080042300601,-0.01680028663106988,-0.0024579924786176776
9.641878128051758,0.252112,0.026268,-0.035584,-0.002826,-0.002586,-0.000875,-0.755924288266535,-0.14405229317943063,0.2838596294616302,3.136076444971867,-0.01680010332529266,-0.002392396891036941
9.651789665222168,0.242384,0.019644,0.040192,-0.002448,-0.002813,0.000387,-0.7559269362397055,-0.14407646823629025,0.2838012780690493,3.136085479505441,-0.01674170761767825,-0.0024007724944972463
9.661808252334595,0.190808,0.029468,-0.032,-0.003692,-0.003188,-0.0003,-0.755939812378369,-0.14408042336807597,0.28378476626188076,3.136046951603739,-0.01675367824430216,-0.002490450543981736
9.671793937683105,0.239256,0.005688,0.01984,-0.001565,-0.002782,-0.000807,-0.7559418217473878,-0.14403224813816562,0.28377916034964074,3.1361197672624828,-0.01688062939397983,-0.002551171476299523
9.68183422088623,0.257544,0.090904,0.046048,-0.003944,-0.001205,0.000586,-0.7559418046723518,-0.14404482060592766,0.28369902624162063,3.136030120907972,-0.016874546209660533,-0.0023603548162171536
9.691812515258789,0.183984,0.021228,0.023584,-0.002938,-0.003007,0.000261,-0.7559274219341274,-0.14408157208515066,0.28370904568921984,3.136102810421439,-0.016832718002336065,-0.0024913071634946452
9.699899196624756,0.306608,0.019672,0.004384,-0.002792,-0.002773,-0.000395,-0.7559229018506124,-0.14410569751440253,0.28369816500311407,3.1360421800780145,-0.016622081383173108,-0.0025420269258956195
9.70990800857544,0.226064,0.062768,0.04704,-0.003907,-0.002425,-0.000474,-0.7559202878311733,-0.1440838266991025,0.28365044684692586,3.1360467045829012,-0.016825328035497238,-0.002427657181686704
9.719829559326172,0.178504,0.026576,-0.027136,-0.002318,-0.003288,0.000443,-0.7559272254781592,-0.14406276939392315,0.28362850297148773,3.1360654326166166,-0.01682576850151856,-0.0024835325233259174
9.729888677597046,0.270416,0.095056,0.039744,-0.003543,-0.001987,5.2e-05,-0.7559227100657986,-0.14406626867119604,0.28358113627981635,3.1360984067953397,-0.01686950508687301,-0.0024439252277521336
9.739869832992554,0.189176,0.043504,-0.06032,-0.00041,-0.002815,0.000113,-0.7559289072042539,-0.14407296179995588,0.2835723999468843,3.1360896591723395,-0.016811174519751178,-0.0025464570378154975
9.749828338623047,0.203584,0.108376,0.06112,-0.003525,-0.002188,-0.000606,-0.7559322090959008,-0.14406853450023122,0.28349771073820745,3.136078529313586,-0.01681073827761908,-0.002437062116260801
9.759871006011963,0.200272,-0.00978,-0.016352,-0.002409,-0.002201,0.000334,-0.7559169544236374,-0.14408570046538108,0.2834882581809537,3.1360867293187744,-0.016823550356348988,-0.002413717491310767
9.76982307434082,0.183328,0.068656,-0.004896,-0.0023,-0.002662,0.000181,-0.7559283957868533,-0.14404163553524132,0.2834734892564184,3.1360648378547937,-0.016771689994616142,-0.0025028400001621156
9.779788970947266,0.336144,0.06578,0.053376,-0.003948,-0.002344,0.000454,-0.7559450497129755,-0.14403247522324428,0.28339858348441327,3.1360686029047367,-0.016891817542094106,-0.0024763849027124975
9.789804935455322,0.171752,0.067668,0.001376,-0.001522,-0.003014,0.000995,-0.7559210110802422,-0.14408592761355818,0.2834138857404498,3.1360858520575503,-0.01680742811995238,-0.0025283195391446935
9.799900531768799,0.241872,0.053512,0.014368,-0.002564,-0.001858,0.000729,-0.7559324406904578,-0.14406810043097115,0.28332907440395305,3.136085434584803,-0.01686385215041051,-0.0024487096041269454
9.810044765472412,0.226024,0.05534,-0.000736,-0.002455,-0.002137,-0.000592,-0.7559341238686543,-0.14405672739587194,0.2833348093631424,3.136109302424183,-0.016823146688271076,-0.0025675606377814826
9.819809675216675,0.217352,0.051172,-0.043744,-0.002817,-0.003038,-0.000397,-0.7559250545889602,-0.1440882701368505,0.28332462989396356,3.136042550562019,-0.01670788373360494,-0.0025710230815932213
9.829922914505005,0.25024,0.06004,0.062048,-0.003274,-0.001914,-0.000825,-0.7559248226620631,-0.14409629159205958,0.2833067423400287,3.1360174827599288,-0.01676445754789189,-0.00262711430095679
9.839843034744263,0.151208,0.029084,-0.03792,-0.002276,-0.004255,-0.000755,-0.7559301841159131,-0.14407062244457602,0.28319833637558717,3.1360869803490714,-0.016856989163790068,-0.0023692694060985908
9.849912166595459,0.218784,0.116632,0.068128,-0.003112,-0.002441,0.00047,-0.755929713159477,-0.14405760082841168,0.2831974778756174,3.1360348384145076,-0.01685963791703631,-0.002479954772205989
9.8599271774292,0.256008,0.00798,-0.039712,-0.001581,-0.002602,-0.002109,-0.7559299026841694,-0.14407384826583758,0.28315111243441804,3.136088627392976,-0.01684090465610492,-0.0024799938106402357
9.869866371154785,0.201592,0.071196,0.029984,-0.00353,-0.002513,-0.001731,-0.7559366025369897,-0.14403445028401174,0.28313798238761645,3.1361093059910385,-0.01685934306914179,-0.0024956143606536378
9.879839658737183,0.201936,0.046308,-0.0728,-0.001496,-0.003346,0.000866,-0.755915089234746,-0.1440479954504648,0.2830873441837972,3.136063977191367,-0.016872042247606352,-0.0023979101198673284
9.887788772583008,0.273528,0.1079,0.005824,-0.003889,-0.002532,-0.000178,-0.7559286070571275,-0.14407609842687674,0.2830655882764738,3.1360100982425467,-0.01673578709611294,-0.0024855341494763763
9.897775411605835,0.23172,0.026812,-0.027968,-0.001237,-0.002182,0.00121,-0.7559169332591829,-0.14410994050487472,0.28302867769603257,3.1360439152425146,-0.016734027198584023,-0.0024702155134595713
9.907854318618774,0.195584,0.105884,0.023904,-0.003308,-0.002352,0.000867,-0.7559299185367948,-0.14405871835552345,0.28303461571131405,3.1360264285486066,-0.016816313888377097,-0.002536877280038698
9.917791843414307,0.285816,0.045564,-0.007712,-0.002062,-0.002187,-0.00114,-0.7559235012129766,-0.14406255618178132,0.28300036312963345,3.136021216142939,-0.01677761648486495,-0.0025701339571327785
9.9278244972229,0.217328,0.050924,0.036288,-0.002671,-0.002974,-0.00021,-0.7559281766422684,-0.1440922647294315,0.2829558724738847,3.136099503529265,-0.01674453658695106,-0.0025322187302175402
9.937864542007446,0.1712,0.027344,-0.053472,-0.002061,-0.002591,0.000332,-0.7559450305739044,-0.14408123829693406,0.2829440152080158,3.1360531006600736,-0.016724946033969817,-0.0026560180387219983
9.947764158248901,0.306176,0.075312,0.078656,-0.002998,-0.002151,0.000341,-0.7559175242229165,-0.14408052313057743,0.2828570008512655,3.1360593195740023,-0.016834087891647254,-0.002435969740989993
9.959802389144897,0.2034,0.066436,0.037088,-0.002639,-0.002056,0.002165,-0.755924370659589,-0.14411358096471721,0.282878416962014,3.136078504252979,-0.016734379060360988,-0.0025775130607415147
9.96988320350647,0.2046,0.036832,0.00336,-0.002018,-0.003569,0.00042,-0.7559302903918487,-0.14407166392219056,0.28281240903662763,3.1360588182293716,-0.016793331884370696,-0.0024814901563036213
9.98183798789978,0.395608,0.027436,-0.015744,-0.00204,-0.00247,-7.5e-05,-0.7559467999284433,-0.1440386370558899,0.282800528259881,3.1360728299609746,-0.016869268011800578,-0.0026111974029367985
9.99381399154663,0.16772,0.015388,-0.009632,-0.002329,-0.003201,-0.001013,-0.755940728556325,-0.14405263905241802,0.28272174063840516,3.136094198044199,-0.016811767922322255,-0.002513594510171251
10.00391435623169,0.087344,0.030768,0.005984,-0.003781,-0.002397,-9.2e-05,-0.7559226113866917,-0.14408568880450207,0.28268960445158003,3.1360453463434856,-0.01675903216220564,-0.002462095037509648
10.013871192932129,0.244512,0.023116,-0.009088,-0.002074,-0.003077,0.001107,-0.7559422825426585,-0.14406053905366456,0.28271198303453127,3.136047480974539,-0.016909883333546726,-0.0026688353881453887
10.02576208114624,0.304048,0.07346,0.045504,-0.00391,-0.002221,-0.000633,-0.7559293992708027,-0.1440631990596512,0.28264564025494593,3.1360901101221446,-0.0168524163849486,-0.0025198662244082046
10.035831928253174,0.24176,0.044616,-0.01792,-0.002436,-0.002573,0.000782,-0.7559310456681705,-0.14407220009612506,0.28260123195839704,3.136057397156222,-0.016769051809135425,-0.0025276436853754226
10.04582166671753,0.129928,0.041056,-0.00576,-0.00304,-0.003163,0.001932,-0.7559292485413833,-0.14408015884012745,0.2825745099917809,3.1360696107612114,-0.01666712353361727,-0.0025397817411293585
10.05582571029663,0.325568,0.023356,-0.0088,-0.001799,-0.001841,0.001442,-0.7559256594950664,-0.14410232287859595,0.28250031847312274,3.136074825811414,-0.016739856150744914,-0.002419566042340006
10.065825462341309,0.17616,0.082576,0.010464,-0.002026,-0.001953,0.001355,-0.7559326966650065,-0.14408975251490255,0.2825315574149734,3.1360642315246348,-0.01676033278521452,-0.002565621576123614
10.075938940048218,0.242648,0.071048,0.006144,-0.00242,-0.002372,-4.5e-05,-0.755925945926594,-0.14404271709587838,0.28253567569194615,3.136033682282859,-0.016901722638526448,-0.002676537512691315
10.085901737213135,0.229616,0.053288,0.008768,-0.003038,-0.002614,0.001106,-0.7559355929626385,-0.14407888999621027,0.2824632664948804,3.1360843467302026,-0.016771874945779947,-0.0026031613950692183
10.09581732749939,0.164688,0.043616,-0.019936,-0.002121,-0.003418,-0.000854,-0.7559446522470161,-0.14403635040898458,0.28243327095423915,3.1360458908047137,-0.016891833927062044,-0.0026397074493853725
10.103884220123291,0.27524,0.120152,0.02608,-0.002475,-0.001001,0.001631,-0.7559271348819544,-0.14408353560107154,0.28238236309596965,3.136072900699029,-0.016750348954902867,-0.0025163252209204753
10.113817691802979,0.220592,0.068228,0.005728,-0.003671,-0.003037,-0.000251,-0.7559394261181032,-0.14408621947393335,0.2823588408981446,3.1360469412376624,-0.01674371584365019,-0.0025991621028029974
10.123820543289185,0.150712,0.049768,-0.00176,-0.001837,-0.002743,0.000648,-0.7559416891597472,-0.14402538103921056,0.28236285635487035,3.136053255488094,-0.017027023882751638,-0.0026464322498795257
10.135852336883545,0.309952,0.083968,0.032736,-0.003018,-0.001898,0.00125,-0.7559319457710826,-0.14406489513275708,0.2823087375755533,3.136067248891162,-0.016801461474160385,-0.0025717415741372597
10.145803689956665,0.16548,0.071264,-0.00304,-0.001282,-0.003229,0.000117,-0.755944494141559,-0.14404784351603503,0.2822713850406114,3.1361154678150536,-0.01680558698051048,-0.0026626948528504796
10.155799627304077,0.254824,0.037296,0.005344,-0.002408,-0.003137,0.000582,-0.7559381812498678,-0.14404993079874576,0.2822577100984651,3.136093900185427,-0.016779218622035526,-0.0027069300362250206
10.165821313858032,0.260984,0.061512,0.06384,-0.002946,-0.001036,0.001652,-0.755930829532272,-0.14405508277617024,0.28219009328721323,3.136009450272812,-0.01686350474379889,-0.002516682447098076
10.1778724193573,0.146032,0.076628,-0.005408,-0.002147,-0.002784,-0.000332,-0.7559397739231044,-0.1440433739456049,0.28214776382340856,3.136070610837511,-0.016880733221356546,-0.0025606439594788436
10.185891151428223,0.309448,0.066672,0.037152,-0.002488,-0.002903,-0.000684,-0.7559456011599688,-0.144087161393567,0.28211029114074426,3.1360084591421713,-0.01678844521701333,-0.002598355169089148
10.193872928619385,0.30316,0.039224,-0.022496,-0.00156,-0.002623,0.000532,-0.7559276209068919,-0.14406736629679548,0.2820751148651145,3.1360466976895367,-0.016744134840802803,-0.002525469638449534
10.201891899108887,0.178688,0.07414,0.019808,-0.003216,-0.001724,0.000746,-0.7559266692167697,-0.1440737518985619,0.28205978647342217,3.1360503898016625,-0.016813990913752543,-0.0025330890399103932
10.211869239807129,0.208696,-0.002356,0.048384,-0.003442,-0.002652,0.000376,-0.7559317922803411,-0.1440439024047353,0.2820905912990994,3.1360653623680417,-0.016826814880911343,-0.002628557285243212
10.221859455108643,0.161176,0.060532,-0.023584,-0.002553,-0.002656,0.000424,-0.7559285361695084,-0.1440877807871178,0.2820364447510858,3.1360585805917855,-0.016724976547458213,-0.002590338078530652
10.2318696975708,0.333696,0.040404,0.05952,-0.003547,-0.001467,-0.000922,-0.7559450721061026,-0.14402636290833412,0.28197799613805913,3.1360868366521486,-0.016909998600414065,-0.0025334769656190997
10.241805076599121,0.150696,0.025444,-0.090144,-0.000742,-0.002862,0.001735,-0.755930326712452,-0.1440869989144847,0.28197706702037717,3.136045056565326,-0.01669594531638975,-0.0026305580730313924
10.251819849014282,0.284816,0.049188,0.095936,-0.006197,-0.001761,0.000603,-0.7559443425903731,-0.14405585106978525,0.28191948390111593,3.1360419886704696,-0.01676614911885191,-0.0025744494964075816
10.261889696121216,0.142544,-0.00046,-0.130496,0.001042,-0.003361,0.000933,-0.7559314192471897,-0.14409320757876481,0.28193316725878004,3.1360507530479502,-0.016819811625122843,-0.0026679183485006173
10.271876573562622,0.214,0.082096,0.053376,-0.005169,-0.002064,-0.001382,-0.7559306835443294,-0.14404412628569702,0.2818479261708867,3.1360910032625515,-0.016882962172022172,-0.002539059562011034
10.28182578086853,0.198488,0.03898,-0.07088,0.000209,-0.00247,0.000408,-0.755936774487435,-0.14407418289825874,0.28186385684799026,3.1360155036572284,-0.01683399752895044,-0.0027087673200314913
10.289741039276123,0.190568,0.035124,0.07712,-0.004334,-0.002346,0.00092,-0.7559261692543487,-0.1440734879813851,0.28186264728234234,3.1360211933073816,-0.016826846403135243,-0.002741591047496969
10.299873352050781,0.294856,0.042832,-0.03312,-0.001905,-0.002301,0.001528,-0.7559262382168871,-0.14406393651895963,0.2818171230802539,3.1360844640143806,-0.01679395573418175,-0.002686733716385871
10.311935186386108,0.113872,0.066056,0.06768,-0.003238,-0.003386,0.000296,-0.7559288511793144,-0.14407365566860822,0.28176262622919984,3.1360556104092487,-0.01684410608399083,-0.0026667970185554235
10.321791887283325,0.277944,0.064464,-0.012256,-0.002161,-0.002255,0.000514,-0.7559336724506706,-0.14407290581155904,0.2817717312353529,3.1360296284747133,-0.016779462299817388,-0.0027812298892556766
10.33179497718811,0.231456,0.057588,0.038336,-0.002637,-0.003133,0.000241,-0.75594049940844,-0.14406414047285507,0.2817068752520103,3.1360181345753277,-0.01680467763993116,-0.002725465325909551
10.34178614616394,0.220328,0.091348,-0.01824,-0.002367,-0.001905,0.001533,-0.7559329624292552,-0.14404147030342287,0.28166968059523567,3.136062721985023,-0.01684897082621566,-0.002677263283975719
10.351852416992188,0.11224,0.069392,-0.003456,-0.001333,-0.003262,0.000168,-0.7559440241439244,-0.14406679215129464,0.2816469710258454,3.136026411372536,-0.016810178332107423,-0.0027281010700888598
10.36179518699646,0.403192,0.040256,0.006624,-0.00246,-0.001841,0.001071,-0.7559477227877983,-0.14406630809923582,0.28162352610748187,3.1360319612662546,-0.016815830167817493,-0.0027658396406981503
10.371886014938354,0.128704,0.039104,-0.026976,-0.002873,-0.003813,0.00112,-0.7559401946909254,-0.14406829652770226,0.28161800243656865,3.1360448986043217,-0.01678303698131437,-0.002802758465239957
10.381835699081421,0.245584,0.061276,-0.032672,-0.003268,-0.002556,0.000693,-0.7559210107456551,-0.1440890503019107,0.28155418015450306,3.136029671685661,-0.016799320782673884,-0.0026967361365940953
10.39182448387146,0.116136,0.03548,0.008672,-0.001477,-0.003162,0.001161,-0.7559415289867654,-0.1440704293417427,0.28153842319932765,3.1360363234319286,-0.01683010610125305,-0.002825420540706133
10.40183138847351,0.250392,0.08278,0.008608,-0.002594,-0.001752,0.000923,-0.7559300702394974,-0.14408049203348233,0.2815215422100786,3.1360484031619245,-0.016838393493644147,-0.002799391391919809
10.411895513534546,0.303712,0.006736,0.022624,-0.00253,-0.001547,0.000269,-0.7559589549892044,-0.1440218583574339,0.28149168753884385,3.1360145720578116,-0.01690093704740862,-0.002881096201288135
10.421937465667725,0.149736,0.0756,-0.042144,-0.002567,-0.002619,0.000923,-0.7559391344317806,-0.1440689807290762,0.28144894981051116,3.136017910958885,-0.016871982242689616,-0.002833242850967072
10.431791543960571,0.2364,0.021876,0.031648,-0.002704,-0.002973,1.6e-05,-0.7559407021618204,-0.1440759368213405,0.2814113971778323,3.136039337482472,-0.016846437273132255,-0.002802020365823626
10.441875696182251,0.203248,0.061536,-0.029024,-0.001935,-0.001491,0.000715,-0.7559307008807122,-0.14406913993763912,0.2813764714997053,3.1360736088351815,-0.016775856077468055,-0.0027876381731631573
10.45182466506958,0.24716,0.071364,0.05376,-0.003055,-0.002874,-0.00048,-0.7559367175171103,-0.14406859526557764,0.28134877224634364,3.136113531092067,-0.016806956997731083,-0.002812181796548594
10.463907718658447,0.220712,0.050548,-0.008608,-0.001248,-0.002157,0.000513,-0.7559367022250294,-0.14408180576889829,0.28130708188278747,3.1360166612564555,-0.01682411139285437,-0.0027623967244145434
10.471808671951294,0.160216,0.019208,-0.007488,-0.003443,-0.002214,0.001116,-0.7559388216745325,-0.14406180055648227,0.2813089763228701,3.136058170216694,-0.016791506820734516,-0.0029103900440381357
10.483851194381714,0.222264,0.08756,0.023104,-0.002248,-0.00116,0.000469,-0.7559383118946083,-0.1440747590373755,0.28129306652519065,3.1360302571948395,-0.016751353327543527,-0.0029053568112932912
10.493833303451538,0.165224,0.026028,-0.050496,-0.002327,-0.002915,-6.9e-05,-0.7559419170119224,-0.14405312095787118,0.2812254256125145,3.1360796868817755,-0.01679275726865263,-0.0028499179512882526
10.50587773323059,0.253208,0.053732,0.024096,-0.003357,-0.002208,-0.000365,-0.755948966458898,-0.14406937680765722,0.28117595084066727,3.1360427588938755,-0.016766151464466285,-0.0028294784941799546
10.515989065170288,0.19044,-0.000976,-0.045152,-0.00295,-0.002541,0.000491,-0.7559418573914514,-0.14407998920183301,0.28113628175519556,3.136038256691949,-0.016814373475636572,-0.0028076792417462424
10.525812149047852,0.28672,0.048408,0.034464,-0.004109,-0.002052,0.000624,-0.7559384234385291,-0.14409122455728543,0.2810941434351597,3.136017970197677,-0.01671107325033732,-0.0027866102093375062
10.53583288192749,0.19068,-0.00384,-0.044416,-0.001025,-0.004019,0.00102,-0.7559479176945041,-0.14408491265663492,0.2810811603039392,3.1360135033612138,-0.016807827100893055,-0.00285948347723921
10.545822381973267,0.244152,0.082336,0.01152,-0.003187,-0.002587,-0.000328,-0.7559348526122333,-0.14407247247759022,0.2810247788048047,3.136046600342428,-0.01683308998576894,-0.002780007595997872
10.557804584503174,0.186888,0.022152,-0.032992,-0.002091,-0.003123,-0.000484,-0.7559554066742133,-0.14407061673031032,0.28103389164812176,3.136032586291306,-0.016799835713046277,-0.0029522379476206186
10.567793130874634,0.227376,0.045848,0.029696,-0.002615,-0.002756,0.000901,-0.7559380934035691,-0.1440790490273841,0.2809753076598639,3.136050368261636,-0.016785300551432823,-0.0028224176623242486
10.577866554260254,0.188888,0.007224,-0.006464,-0.00199,-0.001324,0.000691,-0.7559491894294902,-0.14404680431082384,0.2809598078909076,3.1360566162139936,-0.016849846918257617,-0.002895162317538969
10.587815523147583,0.133448,0.061236,-0.003424,-0.0029,-0.003082,-0.000489,-0.7559426969646522,-0.14405923826446157,0.28090307751394167,3.1360585091549558,-0.016824336457588105,-0.0027527715672548067
10.597858190536499,0.309056,0.00512,0.059232,-0.00281,-0.001743,0.001774,-0.7559407718315813,-0.14404296717061477,0.2808845876319188,3.1360956389765033,-0.016836519542398048,-0.0027803481296997724
10.60790205001831,0.170136,0.04252,-0.010272,-0.001658,-0.003099,0.000666,-0.7559462260515611,-0.14404839650620738,0.28083774811996864,3.136007506041212,-0.016891920346769954,-0.0028384198899064008
10.617915868759155,0.216232,0.018056,-0.007456,-0.002724,-0.001501,0.00071,-0.7559423067929658,-0.14403185309357655,0.280782115776052,3.1360505028035988,-0.01688055747826855,-0.002720790173269961
10.627936363220215,0.193384,0.040336,0.012608,-0.001726,-0.003231,0.001297,-0.7559576529365635,-0.14403777129203715,0.2807739084099544,3.1360604902186484,-0.016909066549587157,-0.0028483736821466963
10.639889001846313,0.291856,0.051768,-0.002272,-0.002157,-0.001794,-0.000674,-0.7559442765943728,-0.14409566134040375,0.2807324726170198,3.1360707631932936,-0.016736250702743642,-0.002812019846465491
10.649849891662598,0.155104,0.028052,-0.014048,-0.002164,-0.002704,0.001604,-0.7559534217705339,-0.1440541024384979,0.28069990685025414,3.1360557102226982,-0.016906520792816206,-0.002857474074936492
10.66185474395752,0.184584,0.071168,-0.007136,-0.003324,-0.002951,0.000577,-0.755935578687343,-0.14409465525253137,0.2806783218372428,3.1360243750180343,-0.01674586359335288,-0.0028294230363250152
10.673834562301636,0.238416,-0.018708,-0.000768,-0.002755,-0.003008,0.001404,-0.75596249961187,-0.1440624866790566,0.28064012981912784,3.136031567644703,-0.01681556260484298,-0.002901810328571573
10.683813095092773,0.272752,0.057624,0.02992,-0.002906,-0.001702,0.000455,-0.7559410847615017,-0.14410770858421923,0.2805895687099932,3.1360199766085315,-0.01671887945572646,-0.0027897470736557677
10.693843841552734,0.191424,0.077536,0.002272,-0.001794,-0.002466,0.001159,-0.7559487572791355,-0.14406981327809867,0.28056314584387004,3.136048678551513,-0.01674562334438256,-0.0028377412340274463
10.704006910324097,0.206608,0.086408,0.004192,-0.002288,-0.002374,0.00177,-0.7559543294830513,-0.1440734110561589,0.28053423423232204,3.1360474908990756,-0.016814227946536996,-0.002885530845496288
10.713887929916382,0.210824,-0.002548,0.005248,-0.002974,-0.002293,-1.9e-05,-0.7559445786980677,-0.14406386727536646,0.2805028800641943,3.1360525219002624,-0.016781059339133254,-0.0028343678903570545
10.723856687545776,0.182904,0.063696,0.018528,-0.002595,-0.002046,0.001242,-0.75596760471104,-0.14404882281994794,0.28047745241923583,3.136080596379203,-0.016786135035904395,-0.002908036557151322
10.73382568359375,0.248288,0.055212,0.016672,-0.003601,-0.001873,-5.8e-05,-0.7559631363784307,-0.1440474653146141,0.28042886542754325,3.1360262944170536,-0.016831698563183586,-0.0029008971058396846
10.743787050247192,0.189016,0.084496,0.018016,-0.002062,-0.002538,0.00117,-0.7559502157162902,-0.14409946812458216,0.2803624980083166,3.136040162832,-0.01671482473161034,-0.0027833437815274636
10.753838777542114,0.187112,0.00156,-0.034048,-0.00272,-0.002241,0.000407,-0.755967832413195,-0.1440444812425333,0.2803477609129274,3.1360928487436794,-0.01680458769825098,-0.0028386665290936826
10.765957117080688,0.201176,0.052972,-0.01504,-0.001558,-0.001002,0.001682,-0.7559523488417828,-0.1440734889517342,0.280294831104115,3.136051372525127,-0.01680355999220231,-0.0027787955406289133
10.775804996490479,0.260128,0.047452,-0.00432,-0.003032,-0.002476,-0.000872,-0.7559669228835567,-0.14403656867510828,0.2802894121215234,3.1360137823690373,-0.016918497146617115,-0.002866264452575192
10.785850286483765,0.197928,0.028592,-0.009024,-0.000433,-0.003444,0.000264,-0.755955672856863,-0.14407857867304968,0.2802506886280279,3.1360349449054397,-0.016789394923484937,-0.0028535945310464387
10.795835971832275,0.25504,0.061004,0.043232,-0.004191,-0.00169,0.000493,-0.7559599606118376,-0.14407047248813096,0.28020084813475976,3.1359935024794425,-0.016748579940147022,-0.002854916994502857
10.80590271949768,0.189448,0.01816,-0.050784,-0.00044,-0.002568,0.000838,-0.7559593114451708,-0.1440717795434382,0.28016433114305156,3.1360711333221243,-0.0168446512016198,-0.0028108107911323918
10.815894603729248,0.185024,0.080608,0.03824,-0.004838,-0.001625,0.000387,-0.755945475796597,-0.14407023679825942,0.28014659578447054,3.1360631763546043,-0.01675924258249469,-0.0028235027971560034
10.825780630111694,0.254424,0.037728,-0.014944,2.8e-05,-0.002624,0.001589,-0.7559531722662501,-0.14407676893142,0.28012341823191106,3.13602069159634,-0.01683006466632663,-0.0028925813175646117
10.835819005966187,0.249312,0.051776,-0.01328,-0.004073,-0.00328,0.00042,-0.7559563642465543,-0.14405369963939152,0.280108795193593,3.13603612135477,-0.01686726549037139,-0.002930619287407833
10.845869779586792,0.235712,0.047584,0.041856,-0.002085,-0.002273,0.001244,-0.7559484867291595,-0.14410014845872585,0.2800486933844634,3.136037791735908,-0.016725691820465904,-0.002847491985467435
10.857873678207397,0.160056,0.021232,-0.019328,-0.002359,-0.003574,0.001993,-0.7559566702193086,-0.1440450505940761,0.28004759480372304,3.1360561266923925,-0.01682917197878456,-0.0029635873485420634
10.867790222167969,0.21228,0.024348,0.019616,-0.001814,-0.001873,0.000645,-0.7559573470774373,-0.14409299887462335,0.2800369053080793,3.136019214805492,-0.01673674341396802,-0.003008019886980233
10.877914905548096,0.209744,0.020016,-0.038048,-0.003072,-0.002187,0.001746,-0.75595155954316,-0.1440610217482453,0.2799810432084409,3.1360562086562154,-0.01691018088171094,-0.0029000939461071976
10.887829780578613,0.204744,0.025724,0.026496,-0.00116,-0.002494,0.002455,-0.7559559237905547,-0.14408731525319332,0.27992632873453904,3.136044512882484,-0.016774354226248497,-0.0029242610780931297
10.89784049987793,0.144232,0.05324,-0.006624,-0.003978,-0.003297,0.000483,-0.7559437242817486,-0.14410047490387207,0.27992024853244746,3.136069201209137,-0.016721851689348272,-0.0029114639020856536
10.907846927642822,0.2158,0.0286,-0.029632,-3.5e-05,-0.003081,0.001546,-0.7559730471035512,-0.14405236180964687,0.279852624934662,3.136056221694567,-0.01684367979138364,-0.002899598858927999
10.917829036712646,0.21428,0.041924,0.041344,-0.004941,-0.001502,0.000316,-0.7559569303469339,-0.14406977278802208,0.2798612444460149,3.136039021334398,-0.01675759957314639,-0.0029965758899989474
10.92775845527649,0.195824,0.033384,-0.043968,-0.000521,-0.003172,0.003133,-0.7559608512552826,-0.14406797737306204,0.2798476195947729,3.1359888942488356,-0.016929495991270714,-0.0029927081759599937
10.939768314361572,0.274624,0.063212,-0.007296,-0.003743,-0.002002,3.4e-05,-0.7559544473552398,-0.14407642209871263,0.27983095680373266,3.136006045981275,-0.016801499991490092,-0.0030051616946125646
10.94978642463684,0.235528,0.0472,0.024672,-0.002084,-0.002858,0.000652,-0.7559433736816067,-0.14409705784621435,0.2797628683825152,3.1359815475193753,-0.016774865853389016,-0.0029344801431232747
10.959717512130737,0.176368,0.032392,-0.004224,-0.003218,-0.002658,0.000466,-0.7559549426932908,-0.14408982595332787,0.27969536154456576,3.136023815962058,-0.016704261860027558,-0.0028957755666385253
10.969616651535034,0.21668,0.064972,0.007136,-0.001991,-0.00266,0.000758,-0.7559615536284524,-0.14406987701281695,0.27973538450787777,3.136039978829823,-0.01676661351532308,-0.003121632431958624
10.979668140411377,0.263992,0.056108,-0.032992,-0.001661,-0.002236,0.001395,-0.7559636344641136,-0.14407591692290506,0.27966271889181316,3.136038193610168,-0.016766876431524257,-0.002992779913930627
10.989773035049438,0.165168,0.026456,0.0184,-0.002848,-0.002754,0.001927,-0.7559695301603624,-0.14404277568213522,0.27966595877439915,3.136086141740059,-0.016806250866846683,-0.003097383457799074
10.999826431274414,0.121584,0.040208,-0.047648,-0.001624,-0.00221,0.000775,-0.7559638592383674,-0.14406823639380598,0.2795808310545469,3.136026113130212,-0.016790603910740196,-0.0029698854377503054
11.013968706130981,0.323448,0.02266,-0.01168,-0.002764,-0.003216,0.000902,-0.7559522906311988,-0.1440424716100676,0.27957500394867485,3.1360334798974168,-0.01682304605604461,-0.0029692919722775256
11.02389931678772,0.198944,0.092996,0.02672,-0.002738,-0.00211,0.001791,-0.7559525323522374,-0.14407153372430584,0.27954786519867303,3.1360481428910965,-0.016846441877052316,-0.0030561052788437813
11.033961057662964,0.163912,-0.008104,-0.041696,-0.001848,-0.002426,0.001245,-0.7559643217186887,-0.14407359807368192,0.2794841521447529,3.1360417600329447,-0.016762216162373646,-0.0029914047945272864
11.044009447097778,0.328312,0.09826,0.041376,-0.002527,-0.001726,0.000916,-0.7559550188696894,-0.1440652860400896,0.2794342735069544,3.136091799889206,-0.016762251352409222,-0.0029416454793619357
11.053745985031128,0.17236,0.032864,-0.009088,-0.003478,-0.002525,0.002288,-0.755963133035224,-0.14405327704798931,0.2794033042319928,3.1360536532580245,-0.016800720952609653,-0.002954130294958187
11.06379222869873,0.157928,0.021904,-0.002624,-0.001218,-0.002524,0.001029,-0.7559606049556677,-0.14408618557105357,0.27938165752096733,3.1360656764612695,-0.016722735566266786,-0.003001724978295791
11.073723316192627,0.22768,0.060516,0.015968,-0.003482,-0.002113,0.001101,-0.7559656248387672,-0.1440579473026401,0.2793252390172787,3.1360079109681775,-0.016887699162376153,-0.0028923955264010645
11.083731889724731,0.25512,0.080304,-0.012736,-0.000445,-0.002362,0.001566,-0.755960276565171,-0.14402898164540667,0.27934530553081144,3.136047534127677,-0.01691932106865969,-0.003014283407154501
11.093714237213135,0.20336,0.05728,-0.00768,-0.003863,-0.002137,0.001199,-0.7559713547088137,-0.14404412077835999,0.27925493065602963,3.1359912181816267,-0.016855341320976065,-0.002921734345324844
11.103924989700317,0.203384,0.044244,-0.011104,-0.000821,-0.002368,0.001562,-0.7559510750745138,-0.14408135389008994,0.27927423017764313,3.136056819922546,-0.016745192172250286,-0.003007312147462177
11.113770723342896,0.151136,0.034148,0.001344,-0.002629,-0.0023,0.001517,-0.7559476334847423,-0.14409342692734728,0.27920373306374663,3.136029240481971,-0.01675813418784291,-0.0028732479525779503
11.123794078826904,0.295568,0.06414,0.052256,-0.004105,-0.002065,0.001051,-0.7559705882129111,-0.14404809667861662,0.27920134587600376,3.1360191487914015,-0.016832441160388803,-0.003027586895021797
11.1338210105896,0.163424,0.0024,-0.04816,-0.000924,-0.002408,0.001978,-0.7559593601818235,-0.14407476865612617,0.27915997542710236,3.136023623147673,-0.016814218741282704,-0.003001943347689439
11.143790483474731,0.282536,0.082028,0.045216,-0.003713,-0.001839,0.002129,-0.755960588377862,-0.14409028727263115,0.279144817103338,3.135994285016889,-0.016697222275629163,-0.0030291881677257737
11.153873205184937,0.148,0.029176,-0.059424,-0.000648,-0.003357,0.001544,-0.7559647852014793,-0.14405359881602453,0.2790776392496182,3.1360559376423134,-0.01684425429144649,-0.0029440312472486206
11.16379976272583,0.32276,0.117152,0.072864,-0.004053,-0.001554,0.001886,-0.7559672045834531,-0.14409141478432352,0.2790869481333107,3.136017794594512,-0.016803980114048014,-0.003092539254097495
11.173784017562866,0.135728,0.018784,-0.0584,-0.000251,-0.003253,0.001572,-0.7559626251393885,-0.14407147714822388,0.2790862303760793,3.1360014740986357,-0.016764007335716823,-0.003115816238758815
11.183834552764893,0.29728,0.063524,0.018912,-0.001877,-0.001713,0.002864,-0.7559645888897055,-0.14406658341763412,0.27900090487757573,3.136019421395592,-0.016727059963810964,-0.0029869606974119505
11.193805932998657,0.1268,0.042504,-0.028608,-0.002733,-0.002686,0.000371,-0.7559645135548673,-0.14406997186440512,0.27899615034667236,3.136074468356582,-0.016829093096490617,-0.00306055247252529
11.203915357589722,0.32276,0.058628,0.000736,-0.000417,-0.002004,0.001285,-0.7559625015941216,-0.14410378081680142,0.2788994312206739,3.136055808759214,-0.016776119827867364,-0.002954636447147721
11.215885877609253,0.27488,0.057668,-0.001312,-0.003196,-0.002524,0.001379,-0.7559731441469998,-0.14403818732830087,0.2788853864084447,3.1360223096526108,-0.01687223000926322,-0.002995581876977359
11.225818395614624,0.194944,0.092664,0.031232,-0.001186,-0.002623,0.002704,-0.755949181173317,-0.1440836469582981,0.2788160586574606,3.1360090339300384,-0.01669744942110328,-0.002827295177825773
11.23578691482544,0.272792,0.071952,0.021312,-0.002512,-0.002134,0.001648,-0.7559731810432042,-0.14404225159109083,0.27881820519703165,3.13604967713431,-0.016907524373010775,-0.003013305989744525
11.245823860168457,0.092016,0.032724,-0.012896,-0.000536,-0.002734,0.001265,-0.7559608240148317,-0.14402940062854133,0.27876158218225794,3.1359859260268057,-0.016927111800159496,-0.0028731385263523084
11.257849216461182,0.305808,0.0567,0.016416,-0.003123,-0.001956,0.000146,-0.7559769397882343,-0.1440594861279152,0.2787143517682087,3.1360391521912026,-0.016785326424882938,-0.0029363345937931055
11.267776727676392,0.188304,0.059464,-0.012096,-0.000687,-0.002243,0.002502,-0.7559653033318141,-0.14408216525616352,0.27868270538833484,3.136026482414486,-0.016852970262158342,-0.0029425084982089623
11.277858018875122,0.217248,0.030208,-0.010304,-0.003307,-0.002117,0.001103,-0.7559776917697877,-0.1440866272419524,0.27867834803483416,3.1360405020485547,-0.016821411533406855,-0.003045806154659186
11.2878258228302,0.17984,0.064592,0.030176,-0.00299,-0.001855,-4.9e-05,-0.7559598685225235,-0.14407383081422076,0.27866809591199687,3.1360412031481446,-0.01677054398911266,-0.003073391296786129
11.29789423942566,0.200056,0.009076,-0.043808,-0.002607,-0.002124,0.001008,-0.7559529468489056,-0.14408853474578143,0.27861229062758075,3.1360202721266273,-0.016756243510069654,-0.0029880908307739025
11.30791711807251,0.197472,0.041212,0.032288,-0.004065,-0.002936,-0.00071,-0.7559572610804756,-0.14409501646467981,0.2785552172697905,3.1360600278471855,-0.016709713056788714,-0.0029136624304718934
11.317915439605713,0.31384,0.02956,-0.028032,-0.000726,-0.00258,0.00154,-0.7559746547750218,-0.14402010281903738,0.2785205383227578,3.1360287669114086,-0.016864442565710545,-0.0029714581944149244
11.327831268310547,0.21636,0.047584,0.045632,-0.002952,-0.002236,0.002089,-0.7559667865552909,-0.14405432714625432,0.27853288489602235,3.1360232536473487,-0.016862084000570803,-0.0031193424591725596
11.33778977394104,0.192544,0.02104,-0.031264,-0.001591,-0.002084,0.000813,-0.7559699251388389,-0.14409571772992366,0.2784769813532185,3.136020359541697,-0.0167452777227856,-0.0030522401654195517
11.347801685333252,0.142288,0.008892,-0.012288,-0.002466,-0.002336,0.000427,-0.7559665289222604,-0.14405298127813196,0.27841172351154986,3.1360740156654905,-0.01685535875523251,-0.002906048456562408
11.357773542404175,0.206864,0.078432,0.018464,-0.002958,-0.00152,0.001151,-0.7559696978812429,-0.14405831359128657,0.27841653765955976,3.1360201580689533,-0.01681523372391953,-0.0030220878396315207
11.367807865142822,0.240896,0.065028,0.0104,-0.002866,-0.002464,0.001054,-0.7559684804961937,-0.14404145303188337,0.2784121785043465,3.136030642247532,-0.016872030505978054,-0.003097334586211339
11.377835512161255,0.24608,-0.0333,-0.004896,-0.002348,-0.002191,0.001123,-0.7559580542715062,-0.1440521003753879,0.2783842166882066,3.1360473732670133,-0.01690373562919819,-0.0030337140369457063
11.387874126434326,0.146312,0.081432,0.042272,-0.002739,-0.00266,0.002158,-0.7559618104327591,-0.14406769249696205,0.2783255448755859,3.136018904221074,-0.01684522811685599,-0.002964921143553768
11.399850845336914,0.255128,0.026804,-0.01392,-0.001151,-0.00315,0.001168,-0.7559545943812153,-0.1440469179196325,0.27826559962469066,3.136011511700227,-0.016844730989575493,-0.0029285521907559562
11.409795045852661,0.249568,0.074932,0.060352,-0.002229,-0.001605,0.001373,-0.7559659374559594,-0.14406866169038215,0.2782767858892193,3.13600993061174,-0.016805206642465903,-0.0030943741357428367
11.420042514801025,0.23736,0.031004,-0.015072,-0.002247,-0.002516,0.002208,-0.755958725739336,-0.14409385591490062,0.2782352882458391,3.136076621711521,-0.016745496807465465,-0.003006968844184006
11.42979621887207,0.181976,0.052244,0.047648,-0.00168,-0.002018,0.00234,-0.7559580414587483,-0.14407567524755127,0.27821583978158504,3.13599587414229,-0.016817133313327872,-0.003114747369434639
11.439811944961548,0.17896,0.067396,-0.023168,-0.001827,-0.002237,0.000848,-0.7559666952795837,-0.14406711535750874,0.27821423239281784,3.1359919057513665,-0.01678996570399278,-0.00317414874710858
11.449729681015015,0.189312,0.04314,-0.025472,-0.002537,-0.003248,0.000511,-0.7559614987791258,-0.14409073450440515,0.27818593442497447,3.136015763357966,-0.01679326473481034,-0.003158352154408914
11.459704160690308,0.264368,0.012844,-0.034592,-0.002204,-0.002612,0.002215,-0.7559540093278617,-0.14409929756435305,0.27814421788782673,3.135987839593424,-0.0167613864008236,-0.003139688260162544
11.469828844070435,0.211408,0.06004,0.024512,-0.002582,-0.002554,0.000925,-0.7559678985424791,-0.14407428618713883,0.2781108605841178,3.136024622881287,-0.016761478980772147,-0.0031674883371140177
11.479833841323853,0.26908,0.056868,-0.036192,-0.001348,-0.002236,0.00216,-0.7559773105209061,-0.14407358673687193,0.2780753546789314,3.135998614183578,-0.01682356482315643,-0.0031862373954003043
11.48970341682434,0.17988,0.029368,0.03056,-0.002528,-0.003033,0.00157,-0.7559643202527936,-0.14407534967092095,0.27804799172153855,3.1360489287969098,-0.016778263795818406,-0.003173421555265428
11.499845504760742,0.179208,0.027072,-0.046432,-0.002043,-0.002507,0.001009,-0.7559601649704646,-0.14409691239295203,0.27797834257573834,3.136050424974876,-0.016732296896116206,-0.003064150510403302
11.509874105453491,0.195728,0.028052,0.049504,-0.002619,-0.002757,0.000991,-0.7559668952022457,-0.1440827689775106,0.2779745832159336,3.136032507171448,-0.016776902723170003,-0.0031009298685998957
11.519744396209717,0.269184,0.035892,-0.015328,-0.001629,-0.002001,0.001595,-0.7559730474981708,-0.144056436097384,0.27792383400726167,3.135990870165339,-0.016922359458741428,-0.0031064533057372046
11.529775381088257,0.221576,0.072688,0.04352,-0.002521,-0.002795,0.000792,-0.7559807271335237,-0.14405794283958628,0.2778781777661319,3.1360119311773698,-0.016876055244207697,-0.0031102979494939337
11.539853811264038,0.118312,0.0556,-0.004896,-0.001317,-0.001196,0.001147,-0.7559772413042393,-0.14405139979099313,0.2778541011022367,3.1360657536869074,-0.01687162339314146,-0.003108239675704787
11.549788236618042,0.250832,0.047712,0.036608,-0.002991,-0.002917,0.000737,-0.7559554785387415,-0.144096012235172,0.277802314467399,3.1360617165699542,-0.0167789792416215,-0.0030653945723545595
11.559818267822266,0.268136,0.007096,-0.041504,-0.001854,-0.002319,0.000761,-0.7559689595134831,-0.1440644516179358,0.27773575036921216,3.1360628752977826,-0.016812688518223696,-0.002960905426238814
11.569780349731445,0.19836,0.05298,0.0136,-0.003635,-0.002974,0.00187,-0.755981909810499,-0.14407516745075113,0.27774012785198815,3.136024249546206,-0.01676640077144913,-0.0030856053262900813
11.579777717590332,0.2568,0.03138,-0.046208,-0.001622,-0.002464,0.002245,-0.7559708849989235,-0.14408179497374973,0.2777153199102943,3.1360813673194263,-0.01675174810275328,-0.0031511096510069034
11.589789152145386,0.191992,0.017524,0.059936,-0.002219,-0.002588,0.000752,-0.7559701305269403,-0.14407499529463585,0.277710589210672,3.1360805942019065,-0.01680274369944368,-0.0031819716564526184
11.599761009216309,0.083144,0.074748,-0.03552,-0.002914,-0.002364,0.000614,-0.7559706591181289,-0.14405975939172916,0.2776664563170378,3.1360181747502915,-0.016808613539428266,-0.003164264245561531
11.60978651046753,0.30632,0.027288,0.05328,-0.001805,-0.002247,0.002623,-0.7559729433569773,-0.14406794196921766,0.27761581756915354,3.1359950632962335,-0.016847115009962974,-0.0030827616201850863
11.619833946228027,0.257824,0.04174,-0.027744,-0.001451,-0.0024,0.000521,-0.755974598505961,-0.14403335756052715,0.2775706867178642,3.1360351588575015,-0.01687932964769585,-0.0030571231648192187
11.629810094833374,0.249368,0.043904,0.028448,-0.002002,-0.002826,0.00135,-0.7559690170936701,-0.14409362834277,0.27753540123510245,3.136022776755726,-0.016845357626360778,-0.003083800381639955
11.639759540557861,0.128032,0.033888,-0.024736,-0.001846,-0.002061,-5.6e-05,-0.7559657898387585,-0.14407324084466838,0.2775059050890586,3.1360114206747585,-0.01684443267486761,-0.003036465349433172
11.649787902832031,0.2082,0.04748,-0.001824,-0.001775,-0.001968,0.000597,-0.7559773477618289,-0.1440708149127952,0.2774977596968923,3.135968912739082,-0.01679308337246958,-0.0031315691603534044
11.661792516708374,0.2248,0.063692,-0.038496,-0.002802,-0.002153,0.001207,-0.7559645167631077,-0.14408199979216849,0.2774539284631936,3.1360147856899854,-0.01683049461425521,-0.0030888448905416316
11.673889636993408,0.229488,0.019556,-0.000192,-0.002567,-0.002082,0.001774,-0.75596265890146,-0.14409314452455385,0.2774252565751859,3.1360051010172922,-0.01681342941577256,-0.0031608950389354355
11.683836460113525,0.225168,0.025868,0.00368,-0.00305,-0.002201,0.002235,-0.7559624912323624,-0.14407488413253916,0.2773624145245065,3.1360316378054702,-0.016846498805292386,-0.003010038561552262
11.693750858306885,0.232112,0.05924,0.03344,-0.001785,-0.002918,0.000421,-0.7559544223697793,-0.1441078757892873,0.27731949153927515,3.136041390853267,-0.016704866528500083,-0.0030007925957205917
11.705752849578857,0.192504,0.00714,0.004448,-0.003229,-0.002334,-0.000514,-0.7559609509378995,-0.14406564146979522,0.27729263283659245,3.136023036534036,-0.016840926965105366,-0.002992301477035367
11.715855121612549,0.21704,-0.004984,-0.000736,-0.002098,-0.003121,0.00055,-0.7559768297405175,-0.14409428784136039,0.27726162923481223,3.1360219899714368,-0.01680078756623519,-0.003077109344697341
11.725856065750122,0.199168,0.051636,0.055904,-0.002187,-0.002491,0.000992,-0.7559664046882194,-0.14405039947631823,0.2772369672767594,3.1360504978666692,-0.01693511214113175,-0.003085442647726253
11.735845804214478,0.235032,0.036444,-0.01808,-0.001551,-0.004104,0.000844,-0.7559658297309109,-0.14407914386324702,0.2772051180005863,3.136013265426879,-0.016837120688295754,-0.0031159725747908137
11.745736122131348,0.19272,0.157988,0.054912,-0.003526,-0.002502,0.001476,-0.75596854005722,-0.1440758471719787,0.27722706351291276,3.1360233121324237,-0.016847428525323768,-0.0032488526353412154
11.75580644607544,0.224304,0.016028,-0.036608,-0.000822,-0.002758,0.001609,-0.7559635410587341,-0.14408708945158283,0.27720187611854563,3.1360357338667804,-0.016731994105497607,-0.003251184391145065
11.765786409378052,0.25268,0.097976,0.080512,-0.003129,-0.001652,0.000813,-0.7559757938596693,-0.14405673427085983,0.27715183787338354,3.136023124646478,-0.01688608884040495,-0.003228388573720736
11.775752782821655,0.170424,0.037128,-0.026816,-0.001054,-0.002842,0.003391,-0.7559721708264987,-0.14406636127493752,0.2771125469550685,3.1360530633978643,-0.016846466256842454,-0.003204640407829004
11.785828590393066,0.243848,0.088668,0.057056,-0.002908,-0.002105,0.000262,-0.7559722353746439,-0.144070267136507,0.27711926087357036,3.13599003969555,-0.01679372751860023,-0.0032988386698419286
11.79577088356018,0.207336,0.041364,-0.032032,0.000623,-0.002907,5e-06,-0.7559707296907364,-0.14405528301441553,0.2770646531093819,3.1360386456032674,-0.01689591166171639,-0.0032429682171370177
11.805831670761108,0.227704,0.047116,0.047616,-0.00367,-0.001939,0.001811,-0.7559676459731317,-0.14408601283291464,0.2770367889303277,3.1360152673521995,-0.01677927289848795,-0.0032463838804118526
11.815754652023315,0.194672,-0.002436,-0.025152,-0.001683,-0.002568,0.002163,-0.7559652491693019,-0.14408693769812306,0.2769849494618025,3.1360069461485014,-0.016740844565558907,-0.003227225385803391
11.825835227966309,0.276288,0.12874,0.045728,-0.003222,-0.002224,-0.000275,-0.7559730468809418,-0.14409599726550598,0.27698140502190116,3.1360079709828623,-0.01681539848797751,-0.003324084786026173
11.835960149765015,0.212104,0.065924,-0.039552,-0.000762,-0.003235,-0.000142,-0.7559721562908028,-0.14408657579924902,0.2769650899961933,3.1359768754746162,-0.01675251825435241,-0.003352533845450657
11.84585428237915,0.26236,0.080756,0.024288,-0.002255,-0.002349,0.002104,-0.7559703800439601,-0.14404976547623544,0.276946342324657,3.135969846353785,-0.01694254839646951,-0.0034253320435406773
11.855762481689453,0.186304,0.029972,0.009248,-0.002688,-0.002238,0.001745,-0.7559737409323773,-0.14409589887968738,0.2768463102740696,3.135976949445948,-0.016852990270276157,-0.003269518555370351
11.865776538848877,0.238008,0.0636,-0.01648,-0.001349,-0.002034,0.000547,-0.7559762681967801,-0.14408721392941662,0.2768548110092364,3.136040643339663,-0.016817712260183037,-0.0033684702512964447
11.875788688659668,0.211016,0.047776,-0.023072,-0.001741,-0.003168,0.001382,-0.7559515054726013,-0.144088542769829,0.2768356782909751,3.136025530163356,-0.016812309053561295,-0.0032769357158991437
11.885780334472656,0.260344,0.087544,0.060192,-0.00314,-0.002008,0.000434,-0.7559732276290911,-0.1440943308513267,0.27678967919117925,3.1360620005451305,-0.016709116559562063,-0.0033984960349372584
11.895871639251709,0.204016,0.036672,-0.033824,-0.001208,-0.003242,0.002367,-0.7559766019092931,-0.14406266223187406,0.27678220139074966,3.1360034158693293,-0.016843708883779094,-0.0033731951323119325
11.905783653259277,0.18244,0.088348,0.030592,-0.003502,-0.002323,0.001174,-0.7559664827526935,-0.14409427295793895,0.2766982439034154,3.1360641256627053,-0.016727916944360044,-0.003213975550030356
11.915854930877686,0.214944,0.01128,0.00272,-0.00169,-0.002836,0.001686,-0.7559799845529455,-0.14408929942336907,0.27669626974534867,3.1360568805371094,-0.016776123470621795,-0.0034029734402367244
11.925795555114746,0.145264,0.104776,0.024128,-0.000935,-0.002679,0.001309,-0.7559664953262315,-0.1440820833466698,0.2766932192415178,3.1359912297245978,-0.016822495795611528,-0.003365896455947187
11.935842990875244,0.30728,0.037964,0.0168,-0.003134,-0.00206,0.001524,-0.755976038444495,-0.1440651045243632,0.2765853998401254,3.136040151558861,-0.016904699162341025,-0.0032537413225625905
11.945838212966919,0.168256,0.004252,-0.052,-0.000808,-0.002657,0.002392,-0.7559600887702017,-0.14408333995945208,0.27659521640294576,3.1359924266463324,-0.016793711089970388,-0.003262780288214977
11.955798387527466,0.190672,0.069948,-0.001504,-0.003735,-0.002371,-0.00091,-0.7559671644575707,-0.14409547631216013,0.2765464015501237,3.1360209926346867,-0.01670535522586614,-0.003257409315166819
11.965814113616943,0.261448,0.084184,0.030656,-0.00121,-0.002072,0.001839,-0.7559819719120101,-0.14406397535828533,0.2765573054116368,3.13601769519482,-0.016890504461084116,-0.003420306185361915
11.97578501701355,0.131696,0.0251,-0.033312,-0.001925,-0.002402,0.000891,-0.7559634278605131,-0.14406643182123138,0.27643426704752605,3.136029394123315,-0.016852376285768782,-0.0031102876045270306
11.985779762268066,0.225008,0.106828,0.023584,-0.002651,-0.00214,0.001861,-0.7559813484552244,-0.14407134160781962,0.27644305255518453,3.136014926480272,-0.016862308702415264,-0.003292127309275523
11.995856761932373,0.242552,0.026508,-0.056288,-0.000444,-0.001776,0.001613,-0.7559615999415861,-0.14410059332651867,0.27637719956394446,3.1359712133089594,-0.016919073819851253,-0.003159198447335192
12.005881071090698,0.254904,0.059032,0.037408,-0.003292,-0.002373,0.001434,-0.7559659432989771,-0.14407365634868072,0.2763696967933258,3.1359915719551847,-0.01691143222384981,-0.0032077470315696054
12.015761137008667,0.092848,-0.031504,-0.065568,-0.000376,-0.003328,0.001278,-0.7559630295343066,-0.14409879173916132,0.2763435629134361,3.1360243082154717,-0.016815223583386614,-0.0032147210837337728
12.025835990905762,0.280328,0.085612,0.04112,-0.002742,-0.001984,0.001595,-0.7559616663631178,-0.144042299385328,0.27631554043770423,3.135999032344712,-0.01679459066782175,-0.003252563917685389
12.037766456604004,0.195752,0.006212,-0.00368,-0.002466,-0.00293,0.001922,-0.7559778803581649,-0.1440659634638569,0.27627855285881153,3.1360029486019454,-0.01686559415341028,-0.00330869236836764
12.047688484191895,0.180976,0.010836,0.044256,-0.001679,-0.002657,0.001761,-0.7559623875111274,-0.14409683906505877,0.27621884000075014,3.1360124343976086,-0.016786390788599316,-0.003185257322721618
12.057756662368774,0.185952,-0.001416,0.004128,-0.002569,-0.00236,0.001628,-0.7559646861329496,-0.14409045075326046,0.27616838573555363,3.136019941341107,-0.01681089123469729,-0.0031699789434967156
12.06976580619812,0.22164,0.020884,0.032032,-0.002453,-0.002461,0.001901,-0.7559641548795782,-0.14404987852189996,0.2761610580554412,3.135983428008327,-0.016953486262707814,-0.0031633100020946
12.079861879348755,0.240568,0.045708,-0.013344,-0.002752,-0.002347,0.000459,-0.7559634688666317,-0.14406717090947416,0.27611153626071605,3.1360622281460904,-0.016791233762959143,-0.0031403948779557215
12.091797351837158,0.23912,0.022924,-0.024832,-0.000683,-0.003698,0.001587,-0.7559725010988442,-0.1441101172268236,0.2760718909992939,3.1360070670044986,-0.0167505666873302,-0.003232867391923831
12.101868391036987,0.22144,0.130552,0.000512,-0.003373,-0.002134,0.001988,-0.7559621349428745,-0.14410623822829083,0.27607244669983516,3.1360223918067214,-0.016749118660008007,-0.003289668609816716
12.11188268661499,0.150616,0.016156,-0.034848,-0.001895,-0.002569,0.001198,-0.7559775484363886,-0.14404109153275435,0.27601775555086844,3.136018112997648,-0.01687134717653757,-0.0032358297344523227
12.121801853179932,0.169376,0.077316,0.029312,-0.003139,-0.001566,0.002635,-0.7559696691935773,-0.1440591033583712,0.27598840357554383,3.1360191199874596,-0.016864963090805946,-0.003252772806165257
12.13185715675354,0.272832,0.012164,-0.043328,-0.0003,-0.003054,0.001334,-0.7559730742355043,-0.14407658376693652,0.2759928134792219,3.136003206106875,-0.01678015443168182,-0.0033667062126030646
12.141879320144653,0.305224,0.087808,0.031328,-0.002191,-0.002053,0.000991,-0.7559647123720267,-0.14404551637347962,0.275932836804155,3.1359734674388755,-0.01692084840514436,-0.0032025387120502777
12.153791666030884,0.230752,0.005976,-0.01072,-0.00092,-0.002493,0.001441,-0.755969713378022,-0.14405519619152368,0.27587878083677314,3.1360259314108916,-0.016844437915323248,-0.003251757931309394
12.165765285491943,0.153024,0.037384,0.024544,-0.001948,-0.002523,0.001623,-0.755954620122795,-0.14409972020138342,0.2758100319220725,3.1360242347830436,-0.016695406291228506,-0.0031021944087148696
12.175777912139893,0.208568,0.056796,-0.022688,-0.002312,-0.002972,0.001008,-0.7559656618405552,-0.1440926267682538,0.2758398184526522,3.1360366303567493,-0.016821218768192474,-0.0033273469507967687
12.185843467712402,0.256664,0.107032,0.035392,-0.00338,-0.002506,0.001867,-0.7559472845143848,-0.14408248967026602,0.27579985155569026,3.1360018888304637,-0.016770831851067387,-0.003192251547157259
12.195787191390991,0.208288,-0.01316,-0.035392,-0.001258,-0.002051,0.001706,-0.7559609385174972,-0.1440548460722921,0.27579012071286624,3.136007533743174,-0.016864453795577508,-0.0032962613739659355
12.207834482192993,0.156304,0.053096,-0.0104,-0.003488,-0.002398,0.001403,-0.7559541798882363,-0.14409206855268622,0.2756825385293729,3.13603498143585,-0.016724935370524618,-0.0031323412479297838
12.217750787734985,0.266952,0.04096,-0.004,-0.002363,-0.002397,0.00192,-0.7559734563792911,-0.14405785730562573,0.2756852319741909,3.1360370026325883,-0.016827151716784148,-0.003292565675264341
12.227811574935913,0.196024,0.01754,0.02,-0.001451,-0.001612,0.001828,-0.7559426308606704,-0.14409663980909615,0.27561910730235406,3.1360229381263647,-0.016819052442346317,-0.003076035960876233
12.237739086151123,0.223064,0.069932,0.02224,-0.002161,-0.00215,0.002644,-0.7559483966767983,-0.1440829158783967,0.2756301042795821,3.136034609481391,-0.016825265769104297,-0.0031964764163873224
12.247753858566284,0.109984,0.05094,-0.01232,-0.001224,-0.002756,0.002625,-0.7559543101186708,-0.14408962915020554,0.2755630891170947,3.136038234852561,-0.016714811742138465,-0.003171644082673281
12.257835388183594,0.35868,0.074656,0.047296,-0.003927,-0.001354,0.000575,-0.755965214066482,-0.14407529707813096,0.2755430365842797,3.1360230721179163,-0.016880357335052658,-0.003260638704916881
12.267935276031494,0.16752,0.030116,-0.008032,0.000454,-0.002718,0.001402,-0.7559586489679141,-0.1440685246020099,0.27549220163980354,3.136000492414383,-0.016833534260378924,-0.00317523756018277
12.277811527252197,0.196448,0.074336,0.011552,-0.004105,-0.002043,0.000823,-0.7559649842806894,-0.14407262671319976,0.2754980344262033,3.1359827923933232,-0.016795403991177495,-0.0032975595615027083
12.287775993347168,0.191816,0.03266,-0.057248,-0.000523,-0.003275,0.001592,-0.7559533023237309,-0.14407859538177803,0.2754447579785444,3.136026196801933,-0.01672449495227224,-0.003139936878857756
12.297840356826782,0.319096,0.06008,0.032832,-0.003578,-0.001956,-7.8e-05,-0.7559591390342764,-0.14407858230496987,0.27544150730559,3.1360480940676463,-0.016820997659247123,-0.0032682564809567325
12.30781602859497,0.200672,0.060424,-0.007072,-0.001728,-0.002541,0.001078,-0.7559534123479945,-0.14410914150932658,0.2753643898509693,3.1360050256093093,-0.01674652889691806,-0.003149041689169832
12.317885875701904,0.289904,0.11144,0.011488,-0.003914,-0.001861,0.001697,-0.7559517601524015,-0.14407356806069124,0.27535834897428385,3.1360087819930356,-0.016818924527598467,-0.003156573366069479
12.325967788696289,0.1506,0.089696,0.006656,-0.001873,-0.00269,0.002647,-0.7559690169225559,-0.14407156925231338,0.27534748280346844,3.1359727503017023,-0.01683566922898752,-0.0033042303873672013
12.335872888565063,0.349296,0.040508,0.026912,-0.002982,-0.001436,0.00092,-0.755972435620493,-0.14405436849167177,0.27528624067968593,3.1360105775222222,-0.016863630166355822,-0.003234217387957648
12.347829580307007,0.15736,0.04826,-0.023616,-0.00191,-0.002534,0.00135,-0.7559692119728859,-0.1440732824837718,0.2753146026345106,3.136013512775908,-0.016783831234570803,-0.003365357335419475
12.35786509513855,0.23188,0.07084,-0.015968,-0.004092,-0.002481,0.001531,-0.7559662827144482,-0.1440704543866546,0.27519500763608207,3.135987063056793,-0.016808134869839026,-0.0032020118988997552
12.367805480957031,0.235944,0.04858,-0.018496,-0.001343,-0.001929,0.003264,-0.7559619546883981,-0.14409722298619174,0.27522335492425887,3.135990838840222,-0.016731563804122433,-0.003272881606926753
12.377763986587524,0.228672,0.04924,-0.016704,-0.002394,-0.001772,0.002824,-0.7559668477001389,-0.14406522998327928,0.27520153280016973,3.136037845195095,-0.016948334146330214,-0.0033264226083493326
12.387717723846436,0.321784,0.073076,0.062496,-0.00285,-0.001134,0.00161,-0.755956868091925,-0.14409884462608244,0.27515578909344673,3.1359860286827455,-0.016759596354962613,-0.00327337375860507
12.399814367294312,0.118416,0.043516,-0.056832,-0.001832,-0.002277,0.001472,-0.7559667003656976,-0.14410112305423578,0.2751321203494902,3.1359637384054886,-0.01678496681687102,-0.0033497858588788757
12.409746408462524,0.290888,0.065996,0.067424,-0.003375,-0.00217,0.002001,-0.755959986204526,-0.14410499117297504,0.275090984928569,3.1360179861318556,-0.016758941065743903,-0.0032870185117573384
12.41976261138916,0.259712,0.047228,-0.011488,-0.002363,-0.001839,0.002239,-0.755966834105921,-0.14407597064638247,0.2750549990077918,3.136025447108511,-0.016753204598999615,-0.003296473721640018
12.42984414100647,0.185104,0.100012,0.0536,-0.003236,-0.002437,0.00143,-0.755979570626783,-0.1440544192817205,0.27500831333284537,3.135993103293914,-0.016888480073880423,-0.003228883637606474
12.4397554397583,0.279096,0.047544,-0.057248,-0.002008,-0.002483,0.002316,-0.755977459855448,-0.14406858623599136,0.27499530609238254,3.1359750386131693,-0.016866228214630442,-0.003325700454808844
12.449769973754883,0.286152,0.009124,0.012032,-0.003139,-0.002262,0.001161,-0.7559840401673169,-0.14409596772857855,0.2749365086490106,3.1360205095644074,-0.016851633647986627,-0.0033679867730816355
12.459747076034546,0.226088,0.09932,0.007808,-0.004205,-0.001578,0.000465,-0.7559765285535359,-0.14404803085807266,0.2748841837179968,3.1360255488291355,-0.01679724182236989,-0.003226734606407296
12.469798564910889,0.207224,0.00266,0.04576,-0.003157,-0.002788,0.002242,-0.7559729424557197,-0.14408183606412212,0.27487699003961297,3.1359923744545544,-0.016835483027307176,-0.0032545545683426626
12.479840517044067,0.271552,0.074136,0.01488,-0.003051,-0.001746,0.002789,-0.7559799295758018,-0.14407523850327195,0.27483852364118266,3.136003638493412,-0.016794209584351766,-0.0033092096568607416
12.489856481552124,0.26812,0.01544,-0.00672,-0.002347,-0.002156,0.001089,-0.7559743802591816,-0.14405215012863845,0.27483069340114663,3.1360406699380756,-0.01680892308482224,-0.0033116277150788743
12.499819040298462,0.196152,0.10858,0.005152,-0.003605,-0.002185,0.001929,-0.7559768412152134,-0.1440431585942132,0.2748338579006709,3.1359816490007804,-0.01690794480516115,-0.003428886095085916
12.509791612625122,0.284056,0.059036,0.005248,-0.001735,-0.00263,0.001979,-0.7559814782938103,-0.1440824874123153,0.2747508220477301,3.135965486673889,-0.016853926618538066,-0.0034205757304867066
12.519792795181274,0.204696,0.098412,0.004768,-0.003017,-0.001671,0.00144,-0.755985379297378,-0.14407060401863186,0.27468347036374013,3.135996226496565,-0.01679684189149948,-0.0032489865782689632
12.530015230178833,0.203512,0.06384,0.037216,-0.003585,-0.001825,0.002456,-0.755968333565652,-0.14409232381011042,0.2747037793680537,3.1359576892585483,-0.01677628693859082,-0.003344506207805922
12.539753437042236,0.301832,0.072352,0.000448,-0.003557,-0.001229,0.001458,-0.7559805366146941,-0.14407522784820376,0.27464805038773016,3.1359723783042264,-0.01686018574999016,-0.0033070851624827577
12.551774263381958,0.258704,0.02144,-0.025856,-0.00179,-0.001504,0.001877,-0.755959762055146,-0.1441121189844889,0.27462779394240144,3.135954153093582,-0.016736688606192103,-0.0032795720614282537
12.561792135238647,0.17708,0.070832,0.019744,-0.00341,-0.001985,0.002279,-0.7559865099647284,-0.1440567477627984,0.27457792401572645,3.136067420863979,-0.016902751621615718,-0.003393468502140619
12.571757078170776,0.251896,0.079376,0.005824,-0.002744,-0.001666,0.001059,-0.7559767065740375,-0.14408257769332314,0.2745227271591663,3.136003911589553,-0.01674801147675756,-0.0032759240508658284
12.581739902496338,0.288416,0.104944,0.041248,-0.003843,-0.000695,0.002139,-0.7559811178944537,-0.14408688780532414,0.2745372701941298,3.1359935671157855,-0.016784202466268914,-0.0033875347166980986
12.591715812683105,0.236376,0.009964,0.00736,-0.002729,-0.002256,0.002078,-0.7559563877986176,-0.14408005342657013,0.27444157098149957,3.136028785847727,-0.01679159631428136,-0.0031522842005351982
12.601903676986694,0.249288,0.103452,0.037152,-0.00404,-0.001733,0.002123,-0.7559670794457376,-0.14409473855157268,0.2744044071315044,3.136007094632164,-0.016848129924699716,-0.0032026953272376608
12.611752033233643,0.217432,0.072716,0.028,-0.003643,-0.001537,0.001442,-0.7559817028006517,-0.144060718538759,0.2744068516753482,3.136031560969651,-0.0167658042449326,-0.0032711853431708748
12.62183165550232,0.409264,0.048332,0.045728,-0.002926,-0.000591,0.001984,-0.7559821373142045,-0.1440534153620716,0.2743572020614661,3.1359810922515705,-0.016842088962337003,-0.003252365275359944
12.631894588470459,0.128552,0.095164,-0.012192,-0.003857,-0.00208,0.000349,-0.7559883021995313,-0.14402363038367916,0.2743599657756398,3.135996808091693,-0.016892679225717487,-0.0033704755661941384
12.64178204536438,0.233736,0.110116,0.02496,-0.002915,-0.002873,0.002824,-0.7559707921802922,-0.1440928273446092,0.27429555807537725,3.135995091341264,-0.016679112746915845,-0.0032468778415808827
12.651756525039673,0.300184,0.065908,-0.002272,-0.004159,-0.001514,0.002333,-0.7559798483264806,-0.14406265747563807,0.2743437120302014,3.1360112952997192,-0.016908109111671604,-0.0034683142528192878
12.661794900894165,0.262912,0.066264,0.017536,-0.003523,-0.002151,0.002575,-0.75597203083529,-0.1440859093561878,0.27426484085222125,3.1360301080874957,-0.016767516337751233,-0.00331887087655253
12.67182469367981,0.315376,0.090204,0.053152,-0.006243,-0.001296,0.000145,-0.7559913522688965,-0.14406772495380238,0.2742489707564275,3.1360317286129082,-0.01681653866850786,-0.003455292607818987
12.681789875030518,0.104128,0.033304,-0.009408,-0.001672,-0.001651,0.003139,-0.7559624326471649,-0.14410171820366757,0.27418624849825707,3.1359974029206534,-0.01684908902472454,-0.003273404048985041
12.691965341567993,0.37708,0.13992,0.10032,-0.006234,-0.001024,0.001197,-0.7559733064543663,-0.14409249975549016,0.27419154173010973,3.136032532812675,-0.01683299020380759,-0.003429182124479335
12.70177698135376,0.174096,0.071684,-0.031776,-0.001111,-0.002019,0.003424,-0.755984735975132,-0.14409941759512035,0.2741180589381028,3.136057742993178,-0.0167574721634818,-0.0033825080435845156
12.711870193481445,0.372224,0.126616,0.105568,-0.005917,-0.000954,0.002884,-0.7559790041620901,-0.14407664418812502,0.2740836271641749,3.1360131721157196,-0.016825704496004047,-0.0032931178066608613
12.721813201904297,0.135528,0.045228,-0.048224,-0.001384,-0.002795,0.001835,-0.7559656344862155,-0.14411147168696228,0.27402899245797974,3.136005348913287,-0.016747660619179056,-0.0032462999882084094
12.731895923614502,0.295512,0.117632,0.083296,-0.006999,-0.000459,0.002921,-0.7559796375526202,-0.14409823776930222,0.2740099052943466,3.136037548314137,-0.0167951539136296,-0.003277539951722719
12.741864681243896,0.288072,0.081632,0.006976,-0.001935,-0.001629,0.003645,-0.7559734706901808,-0.14409516690213606,0.27399006611567545,3.1359420139004275,-0.01684975120990146,-0.003321889976396758
12.751763582229614,0.336128,0.089508,0.06288,-0.006921,-0.001127,0.000685,-0.7559844633619731,-0.14407566240813316,0.27397637219840243,3.13599055817754,-0.016803408221546867,-0.003416403133403984
12.761778831481934,0.12924,0.081608,-0.023904,-0.002712,-0.001549,0.001842,-0.7559803715182286,-0.14409337929085947,0.2739836043931408,3.135993762609513,-0.0168106108634982,-0.003485642838584767
12.771819591522217,0.368328,0.112044,0.086496,-0.004979,-0.001029,0.002945,-0.7559700326021472,-0.14410932267266258,0.2738978430159328,3.135995697804255,-0.01672508851390756,-0.0033559835978147936
12.781763553619385,0.274576,0.096844,0.02672,-0.002523,-0.001282,0.002288,-0.7559852447385501,-0.14406907971362493,0.2738996842535164,3.135988448801791,-0.01694211679031425,-0.0034799768566674987
12.791780948638916,0.231248,0.09592,0.042464,-0.005752,-0.001291,0.002757,-0.755971626954491,-0.14408708087556388,0.27387082906522014,3.136002055006803,-0.016775591193513243,-0.0034168749359629845
12.80181097984314,0.335296,0.117964,0.067456,-0.004288,-0.001147,0.003177,-0.7559845909628747,-0.14409758142891235,0.27378364646729525,3.135990658384963,-0.01678053737164164,-0.0033577625338730523
12.80979609489441,0.215712,0.10732,0.023328,-0.004514,-0.002363,0.002869,-0.7559870996190514,-0.14408762293431052,0.27381539504133406,3.1360209468127276,-0.016788722829270044,-0.003512212856421608
12.819745302200317,0.354352,0.097788,0.061152,-0.006107,-0.000311,0.003107,-0.7559719914941624,-0.14410739344866827,0.27375385278428516,3.1359826601938203,-0.016735567320630074,-0.0033848935932828516
12.829738140106201,0.239,0.09558,0.052224,-0.004128,-0.002843,0.002437,-0.755978724896157,-0.1440928114622392,0.2737210813676143,3.136004504957527,-0.01675377720007126,-0.0034111256288639614
12.83988904953003,0.323272,0.148328,0.042208,-0.005606,-0.001149,0.000992,-0.755983366923164,-0.1440705744418996,0.27366775547927,3.1359785864910363,-0.016830492293092487,-0.003313980412710957
12.849815607070923,0.230024,0.08564,-0.001056,-0.004177,-0.001963,0.001521,-0.755973633928381,-0.14409054369328728,0.27363571974918005,3.1359940953601484,-0.01681005172109308,-0.0033537346844889496
12.859776496887207,0.261152,0.088808,0.039008,-0.004697,-0.001281,0.00259,-0.7559728379957045,-0.14406447603993053,0.27364964594880226,3.136005007331313,-0.01683717512775696,-0.0034180582789149817
12.869795083999634,0.317328,0.100432,0.0528,-0.004898,-0.001126,0.001441,-0.7559771812368268,-0.1440577845182877,0.2735794989031608,3.1360178264489074,-0.01679645599120723,-0.003355164324866766
12.879847764968872,0.329008,0.08482,0.02768,-0.005133,-0.000907,0.002869,-0.7559755237052286,-0.14407883208786135,0.2735708697906376,3.135987990843851,-0.016834336986073836,-0.003449600329437909
12.88987946510315,0.304144,0.095372,0.047072,-0.004674,-0.002104,0.003617,-0.7559778461874814,-0.1440676881156646,0.27352660986239513,3.1360093298937493,-0.01682111747597623,-0.0033871473958502355
12.899754285812378,0.258928,0.138448,0.074848,-0.005904,-0.001716,0.002706,-0.7559672530210944,-0.1441049661986049,0.2734703353098747,3.1359780073326755,-0.01676351563720624,-0.0033089390956877202
12.90976333618164,0.2408,0.113036,0.0888,-0.004306,-0.002238,0.002658,-0.7559696521275505,-0.14406475123564808,0.27345778187787756,3.1360054800559696,-0.016840764909142335,-0.003323805379207208
12.919823408126831,0.306944,0.121672,0.064,-0.005982,-0.000513,0.002629,-0.7559796439761904,-0.1440953789366849,0.2733775695080978,3.1359853588273054,-0.016786289694551298,-0.0032648098402187475
12.929846048355103,0.284392,0.087196,0.073728,-0.005856,-0.001201,0.002699,-0.7559785404734772,-0.14410296596126304,0.27341054405071497,3.1360328671436513,-0.016789959625015283,-0.00347934846701027
12.94190263748169,0.240808,0.15716,0.029792,-0.005722,-0.001108,0.00216,-0.755976431865422,-0.14404942001654364,0.27336621023686447,3.1360129668149908,-0.016879685772474187,-0.0033595297247492875
12.951763391494751,0.21572,0.04896,0.028384,-0.005116,-0.001897,0.001566,-0.7559801949914656,-0.14408821066431216,0.2732905021767711,3.135968278855691,-0.016834604634642113,-0.0032782329397284993
12.961787700653076,0.312672,0.122012,0.074016,-0.005471,-0.000876,0.003647,-0.7559652517587296,-0.14408582852810525,0.27332819068248154,3.136011433694799,-0.016790777221164826,-0.0034147190082704235
12.971826314926147,0.379192,0.099712,0.05104,-0.004832,-0.000378,0.003255,-0.7559724227492802,-0.14408820367365835,0.2732435385641244,3.1360586971118396,-0.01675763124537197,-0.0033372746076416435
12.981744289398193,0.256528,0.200928,0.10976,-0.007002,-0.001054,0.002018,-0.7559661062238754,-0.14405224173797743,0.27322720690224184,3.136020297198522,-0.016882824182350032,-0.00333043792493003
12.993712663650513,0.214448,0.010404,-0.022816,-0.003847,-0.003076,0.002285,-0.7559857416116287,-0.14407934010410986,0.27318882364211866,3.1360247296103627,-0.01685770462605519,-0.0033592194321052254
13.003788709640503,0.422928,0.170804,0.093088,-0.007471,0.000271,0.004105,-0.7559808961860455,-0.14406436457775643,0.2731624406743456,3.1360149317807093,-0.016845169076180284,-0.0034057495895853623
13.01375937461853,0.2932,0.115368,0.019104,-0.004755,-0.000983,0.000889,-0.7559759570200941,-0.14411288424077984,0.27311184480134765,3.1360071003556915,-0.01678253439546892,-0.0034221154623944477
13.023749589920044,0.2468,0.134196,0.060064,-0.00795,-0.000806,0.00257,-0.755957939218402,-0.14411872870414708,0.27308748931782084,3.1360035606926586,-0.016795360983263653,-0.003348329525306003
13.033801317214966,0.280752,0.058716,0.016352,-0.004712,-0.000803,0.003785,-0.7559775141862013,-0.14407766035803174,0.2730632475407604,3.136042758403579,-0.01685220087342374,-0.003422803988188193
13.043781995773315,0.296368,0.172204,0.119616,-0.008134,-0.000266,0.000143,-0.7559700566311064,-0.14408963316282652,0.27301558469004217,3.135991671089451,-0.01675011757624321,-0.0033520376915880854
13.053739309310913,0.32264,0.054876,-0.002272,-0.0027,-0.001506,0.003694,-0.7559806316101312,-0.144063850612492,0.27303994007240534,3.1360215779268747,-0.01687865171297741,-0.00351859146385124
13.065788984298706,0.304,0.162672,0.149376,-0.007208,-0.000273,0.003769,-0.7559764053461566,-0.14410387531954796,0.27298439195762236,3.1359968464397996,-0.016742444961107668,-0.0035145156453174078
13.075829029083252,0.315576,0.145264,0.061344,-0.005851,-0.001493,0.002117,-0.7559706956242672,-0.14407310881838892,0.2729056380782363,3.136022778654959,-0.016852071612092828,-0.0033356360325909346
13.087894916534424,0.213784,0.173388,0.083392,-0.007019,-0.001989,-0.000103,-0.7559766037191344,-0.14408256348366869,0.27291334882216967,3.13603009537473,-0.016836950580892497,-0.003432643823230311
13.097777366638184,0.371384,0.069724,0.050816,-0.006701,4.9e-05,0.003451,-0.7559805815808983,-0.14406892127036222,0.2728456667624255,3.1359521161857074,-0.01684737083961965,-0.00342795463931267
13.107918977737427,0.275608,0.133356,0.096064,-0.00597,-0.001235,0.00184,-0.7559846724183482,-0.14410205592155517,0.27282860283744725,3.135985680603743,-0.016734007716645377,-0.0034232298796007957
13.11774754524231,0.244248,0.177708,0.068928,-0.007055,-0.000612,0.00293,-0.7559786934310859,-0.14407459229653946,0.2727937294624331,3.1360096402544264,-0.01687988734209591,-0.0034090545227846666
13.127795934677124,0.303728,0.086236,0.07872,-0.005773,-0.001049,0.003376,-0.7559932479739715,-0.14405886541107354,0.27277361514912024,3.136009332810568,-0.016855406670161582,-0.0034756545946037923
13.137851238250732,0.285208,0.130548,0.09136,-0.00796,-0.000691,0.001906,-0.7559857852903024,-0.1440811348635197,0.2727098147135435,3.1359573466081696,-0.016755803424661108,-0.0033940799338178173
13.147814273834229,0.425624,0.146168,0.07424,-0.005978,-0.001164,0.002599,-0.755983165546379,-0.14407242480973817,0.2726842027058693,3.136034759545146,-0.016783694142085942,-0.0033634608670398258
13.159776210784912,0.228,0.145112,0.051232,-0.007516,-0.001032,0.00233,-0.7559934507046377,-0.1440917607733541,0.27265871025399224,3.1360003510168015,-0.01678098397979229,-0.003462363640265027
13.16977334022522,0.37872,0.083868,0.087712,-0.006418,-0.000985,0.002923,-0.7559944908504661,-0.14405865554629593,0.27264754846850103,3.1359911594983156,-0.01686982172929329,-0.003532510804282461
13.179745435714722,0.25064,0.1323,0.06576,-0.006212,-0.000666,0.003758,-0.7559913542764997,-0.14406536660527264,0.2725932875578297,3.1360500995032754,-0.016767315868218956,-0.003439397344369217
13.189726829528809,0.27556,0.161768,0.162752,-0.008041,-0.000142,0.000846,-0.7559787720798281,-0.14409514386619185,0.2725500313374036,3.13600160110126,-0.01672841657521475,-0.0033576929017096893
13.199837923049927,0.313816,0.140604,0.044128,-0.005106,-0.001268,0.002493,-0.7559850633690436,-0.1441187388794911,0.2725014136120061,3.1360165270688127,-0.016775490573228618,-0.0034117061732310363
13.209739446640015,0.410344,0.124516,0.127232,-0.008023,-0.001956,0.000807,-0.7559854119660331,-0.14411741032487663,0.2725307116147173,3.1359944545922573,-0.016694361821972824,-0.0035609822843342747
13.219771385192871,0.26012,0.15284,0.041472,-0.00629,-0.000389,0.002764,-0.7559885748020754,-0.14406676199755514,0.2724524317111294,3.1360040217944047,-0.01683490698633782,-0.0034192169446804425
13.227787017822266,0.247752,0.15324,0.141984,-0.007772,-0.000894,0.003065,-0.7559914796967236,-0.14408135475946096,0.2724163626483448,3.135994933517734,-0.016805570580034786,-0.003454541375838817
13.237816095352173,0.272744,0.118324,0.037216,-0.006962,-0.000856,0.00321,-0.7559873856124889,-0.1440930061525827,0.2723779287773825,3.136004421336736,-0.01675409937351267,-0.003399123900260685
13.24775242805481,0.400776,0.182852,0.121056,-0.007249,-0.000601,0.00376,-0.7559867300304421,-0.14409126068893732,0.2723290492463615,3.1359889849003997,-0.016760753270038658,-0.0033281494373556997
13.257804870605469,0.312856,0.172172,0.015904,-0.006416,-0.000858,0.002455,-0.7559870122833332,-0.14409501912165995,0.27238078473403804,3.136039129242022,-0.016772476062340478,-0.0035935569860448754
13.265817880630493,0.120104,0.165212,0.004768,-0.006447,-0.002394,0.001998,-0.7559824648481724,-0.1440895441757434,0.27234042482935905,3.136026312372388,-0.016818199164489938,-0.003524194506399108
13.27580451965332,0.174984,0.118796,-0.098848,-0.005979,-0.002863,-0.001427,-0.7559925701529089,-0.1440883385573027,0.27228205417177925,3.1360184625481073,-0.016822013199603143,-0.0034925345128951164
13.285751104354858,0.13612,0.176356,-0.115616,-0.00525,-0.003617,-0.00035,-0.7559707210557645,-0.14411938016086714,0.2722821528384717,3.135989022328656,-0.01673682267205823,-0.0035369834019286246
13.297768115997314,0.091888,0.203176,-0.133152,-0.005154,-0.004377,-0.003144,-0.7559949473462412,-0.14404875659312905,0.2721804848473628,3.135973887373885,-0.016873980482391852,-0.0033631741930859457
13.307827711105347,0.029496,0.203132,-0.182496,-0.003847,-0.004144,-0.002514,-0.7560012656706104,-0.14409674218631296,0.2721593275127331,3.135992969130542,-0.016825380129107108,-0.0035042226530249015
13.315592527389526,-0.00808,0.216064,-0.280608,-0.005039,-0.006077,-0.004463,-0.7559843223680905,-0.14410411633225267,0.2721387687943345,3.1359874522757916,-0.016768053695987797,-0.0033684717045347995
13.325759649276733,-0.018744,0.183228,-0.254336,-0.005374,-0.006204,-0.004206,-0.7559790103178803,-0.14410585708904924,0.2721332141270745,3.136026666071081,-0.016665449696804002,-0.0034961490738844815
13.335813283920288,-0.15196,0.205008,-0.34576,-0.004094,-0.006553,-0.004839,-0.7560048235416146,-0.1440614063566962,0.2721304254779725,3.135995686082983,-0.016859798252853785,-0.0035938867191014157
13.346061944961548,-0.13764,0.305912,-0.338144,-0.003957,-0.006406,-0.005555,-0.7560001353235419,-0.1440466869190098,0.27204465791027843,3.135997407364241,-0.016889177355917828,-0.003437539949270792
13.355740547180176,-0.191048,0.259752,-0.432032,-0.002915,-0.007684,-0.00717,-0.7559842541270906,-0.14407975678624685,0.27204803740125827,3.136005539788921,-0.016837308417822498,-0.00351149103807908
13.365654230117798,-0.219592,0.277648,-0.404256,-0.0038,-0.00794,-0.008089,-0.7559936125681737,-0.14407464114670562,0.27203457717178203,3.135999946723543,-0.016835104670922717,-0.003569612879206793
13.375824689865112,-0.112704,0.246816,-0.433536,-0.003629,-0.007699,-0.006991,-0.755997410304751,-0.14407187689400297,0.2720160510973353,3.1360286763533094,-0.01676546560996259,-0.0035871848053406056
13.387753963470459,-0.233472,0.290328,-0.460416,-0.002529,-0.009215,-0.00855,-0.7559884843929501,-0.14409079212327866,0.2719537341022733,3.1360211385459356,-0.016777449027362893,-0.003550045647465899
13.397820949554443,-0.291776,0.254,-0.546752,-0.002796,-0.00936,-0.009808,-0.7559982305992027,-0.14407947847325628,0.27191122228699455,3.1360117108875096,-0.016820964983156196,-0.0035501322067764667
13.407819509506226,-0.32564,0.29892,-0.529568,-0.000742,-0.009472,-0.010054,-0.7559839861425823,-0.14409178813390414,0.27188451044010953,3.136011918349709,-0.016775891115089845,-0.0035378616386262693
13.417716264724731,-0.24184,0.254396,-0.57328,-0.001544,-0.009458,-0.008889,-0.756002979610064,-0.14406597543556401,0.27183935556852984,3.135966556262646,-0.016837556635065507,-0.0035798333527257507
13.427790880203247,-0.287704,0.304512,-0.611648,-0.001013,-0.009884,-0.011362,-0.7559928363032914,-0.14406004537947392,0.27185882766329594,3.1360239439962845,-0.01691355301183686,-0.0035709637430607756
13.439810514450073,-0.301704,0.275864,-0.669024,-0.001678,-0.01044,-0.009941,-0.7559912622704844,-0.14409185870551908,0.271785273934421,3.135979466515325,-0.016799759980228528,-0.0035028234921521983
13.449760675430298,-0.373312,0.255688,-0.705376,-0.001152,-0.011472,-0.012223,-0.7559942298777464,-0.14404895354199307,0.27176856278449124,3.1359773940605877,-0.016968987777553776,-0.003574314671737278
13.459783792495728,-0.468752,0.299136,-0.740704,0.000931,-0.010498,-0.011714,-0.7559778004537693,-0.14409364929926438,0.2717575773709462,3.135994609203477,-0.016714951231850416,-0.003595100139497878
13.471734523773193,-0.293304,0.288944,-0.71456,-0.000183,-0.010769,-0.010627,-0.7559834488873833,-0.14409594798098907,0.2717164130594259,3.136006938498132,-0.016765156840352936,-0.003536628162180794
13.481708765029907,-0.394928,0.331244,-0.767328,-0.000375,-0.011675,-0.012846,-0.7559903079581488,-0.14406734942323027,0.27168434292494487,3.1360098653026256,-0.016916486868123817,-0.0035632928374247403
13.491833448410034,-0.441184,0.256052,-0.80448,0.000751,-0.012564,-0.013013,-0.7559919930389872,-0.14406482123907913,0.27165914670080316,3.1359795161349284,-0.01685146246578752,-0.003636928063580523
13.50386357307434,-0.56556,0.317404,-0.85392,0.000708,-0.012872,-0.01491,-0.7559813841234622,-0.14411465063599016,0.2716185583217387,3.1360142546300733,-0.016797113839860232,-0.00360833922380446
13.513802528381348,-0.473464,0.267868,-0.875328,0.001603,-0.013145,-0.011763,-0.7559868094734669,-0.14410503373348807,0.27160622556069264,3.13595194589961,-0.01670907731855902,-0.003633989936613088
13.523729801177979,-0.292528,0.315692,-0.804832,0.001769,-0.011552,-0.014287,-0.7559959394023344,-0.1440915158662315,0.27153732089297244,3.135965496477622,-0.016702022267461175,-0.003608598484918676
13.533766031265259,-0.408736,0.31166,-0.887968,0.002914,-0.012737,-0.011677,-0.755972355558967,-0.14410200018632296,0.27150186958825234,3.135949399395477,-0.016721967166648078,-0.003471057739820533
13.543823719024658,-0.495056,0.298992,-0.901248,0.002904,-0.01316,-0.012406,-0.7560074339684497,-0.1440588045474587,0.27149637964601214,3.1359762397611877,-0.016817172429914998,-0.00363798743406227
13.553763628005981,-0.40544,0.3169,-0.965088,0.002236,-0.012702,-0.013853,-0.7559968516711738,-0.14409746102414603,0.2714711294081975,3.135996528142476,-0.016825885460923697,-0.00363124514207523
13.563847541809082,-0.424408,0.276408,-1.0016,0.004441,-0.01431,-0.013376,-0.7559865945704702,-0.14407626739250692,0.27144401643177085,3.1359929576483943,-0.016835128303441416,-0.0035674977509411684
13.57383680343628,-0.519752,0.320676,-1.00416,0.00239,-0.013937,-0.014782,-0.7559792959026959,-0.14411076097741643,0.2714820963205864,3.1359865414970214,-0.01677318499570411,-0.003740742393274287
13.58382773399353,-0.547096,0.37844,-1.002016,0.004123,-0.014243,-0.015594,-0.7559963067108042,-0.14408917707994462,0.27144037802600807,3.1360234226275976,-0.016755176899163268,-0.0037680984393647535
13.593732595443726,-0.56448,0.285552,-1.068352,0.004308,-0.014633,-0.014822,-0.7559844763653473,-0.1440652833429372,0.27141765564460063,3.1359999289184186,-0.016808931579033133,-0.0037121390401124083
13.603784084320068,-0.55732,0.325084,-1.01232,0.002805,-0.014162,-0.015579,-0.7559917941909793,-0.14408877672361353,0.2714435285960699,3.1360257007895243,-0.01687390152115993,-0.0038852765289790507
13.615777492523193,-0.506056,0.330976,-1.074048,0.004343,-0.015084,-0.015895,-0.7559897241597042,-0.1440775492670293,0.2713340460450363,3.136014964302063,-0.01681589070652351,-0.0036999220526418453
13.625765562057495,-0.512832,0.358932,-1.096544,0.005884,-0.014571,-0.014677,-0.7559950540767153,-0.14407152202799672,0.271362884049703,3.1359727414954977,-0.01687453460287992,-0.0038018856421780088
13.635788679122925,-0.556992,0.354344,-1.151584,0.005814,-0.015266,-0.015315,-0.7559884883820266,-0.14409588645523483,0.27129739916892576,3.136014016020247,-0.016758972061215956,-0.0037734833889645106
13.64585280418396,-0.460456,0.345532,-1.14048,0.005989,-0.013903,-0.015235,-0.7559859890413974,-0.14407782756135024,0.2712635229885527,3.135968175483751,-0.01684855931129123,-0.003763205287396038
13.65574336051941,-0.63024,0.315704,-1.253536,0.006362,-0.016031,-0.015825,-0.7559906918180346,-0.14409193745264468,0.2712083001870307,3.135953468450211,-0.016791785693594977,-0.0036686809129930008
13.665753841400146,-0.554648,0.370184,-1.171008,0.004882,-0.014252,-0.016753,-0.7559787705692382,-0.14409954930079485,0.2711953841658904,3.1359776771775163,-0.01689030849971942,-0.0036887327913744253
13.675732612609863,-0.56704,0.350412,-1.260768,0.006159,-0.016356,-0.019299,-0.7559991682066669,-0.14405609140075526,0.27126929406313716,3.1359696696464456,-0.016853417606620277,-0.003993253755472856
13.68576192855835,-0.630984,0.39804,-1.240768,0.00372,-0.016667,-0.018187,-0.7559842483725951,-0.14405732902278645,0.2711826259301944,3.135993408530567,-0.016802745787129137,-0.0037620090495330016
13.697697877883911,-0.764536,0.351996,-1.3032,0.005673,-0.017203,-0.018644,-0.7559865192828753,-0.14406594858950686,0.27114797892892845,3.1359974598683595,-0.016909151263878586,-0.0037554975139422304
13.709763050079346,-0.832968,0.41406,-1.362464,0.006784,-0.018689,-0.020397,-0.7559809822096616,-0.14411732888804255,0.27114012313628766,3.135960450732528,-0.016696033910233155,-0.0038197150076280995
13.719803094863892,-0.549464,0.37966,-1.366176,0.008276,-0.017153,-0.017678,-0.7559926062287811,-0.14407343568224776,0.27103140818178384,3.135994750353868,-0.0167995591106625,-0.0036282783807562533
13.729841232299805,-0.748928,0.433864,-1.371808,0.005526,-0.018605,-0.023443,-0.7559881852558643,-0.14408745881339038,0.27106406984834375,3.135943209498685,-0.016854615605773133,-0.0038074004227876034
13.739748477935791,-0.823568,0.419824,-1.464096,0.007487,-0.019342,-0.020978,-0.7559887229181688,-0.14410703425540444,0.2709891073724928,3.13597671933079,-0.01671207997912543,-0.0036716614790787212
13.75179648399353,-0.836552,0.41942,-1.392288,0.00504,-0.0193,-0.020978,-0.7559765026650074,-0.14410077140864633,0.2709641072417616,3.1359692368551007,-0.016839835624501392,-0.0036922812324373007
13.761733531951904,-0.923512,0.432784,-1.51824,0.006595,-0.020647,-0.02371,-0.7559857974192306,-0.14410091661059965,0.2710051450265768,3.135933287558212,-0.01679485285846006,-0.003869328903066395
13.77174425125122,-0.820976,0.402712,-1.518336,0.007638,-0.019856,-0.023532,-0.7559981862002958,-0.1440736756477051,0.2709609761574068,3.1359585971462915,-0.01679642375650221,-0.0038626809280443175
13.781789064407349,-0.894744,0.460192,-1.525984,0.006657,-0.020377,-0.024463,-0.7559834630591661,-0.14410499284640968,0.27090966013456463,3.135962704316964,-0.01676728876724305,-0.0037634339491044817
13.791768789291382,-1.001992,0.433356,-1.626144,0.007956,-0.02207,-0.024497,-0.7559974682717694,-0.14408774649967587,0.27088366525166074,3.135979122862325,-0.016710712804906755,-0.0038066437070743233
13.801837921142578,-1.036008,0.507344,-1.595584,0.00739,-0.021665,-0.026819,-0.7559958034460945,-0.14409341545183413,0.27081949135559946,3.135979653198278,-0.01674920614620234,-0.0037335749048657487
13.80979299545288,-1.039344,0.459844,-1.676608,0.007386,-0.023072,-0.026719,-0.7560043583770492,-0.14409580365625937,0.27079737695329403,3.1360249691024977,-0.016792230165052907,-0.0037764750732494955
13.819763422012329,-1.144016,0.498716,-1.656992,0.006684,-0.02283,-0.027212,-0.7559949974356093,-0.14409353241384731,0.27082154169671313,3.136011411915491,-0.01681736431945816,-0.003847047195492631
13.829790115356445,-1.158136,0.468532,-1.670624,0.008117,-0.023199,-0.028138,-0.7559943271185721,-0.14406436021061045,0.27076110005923826,3.1359304171460844,-0.01684870494721543,-0.0037496462258347087
13.83977746963501,-1.102752,0.515384,-1.72256,0.007094,-0.023692,-0.029314,-0.7559988363808366,-0.14410352597964224,0.27073664211305504,3.1360159030606747,-0.016720416671355605,-0.0037842174493996636
13.849847078323364,-1.170048,0.455656,-1.815584,0.011349,-0.025285,-0.027464,-0.7559931889580506,-0.14408023302735057,0.27073958068281084,3.1359980627045796,-0.016839762515507357,-0.003813236571334488
13.859790802001953,-1.132256,0.571204,-1.77728,0.007344,-0.023811,-0.028923,-0.7560034168338023,-0.14406354329927853,0.27072130401886196,3.135996942373328,-0.016778336648784125,-0.003916184884724427
13.867776155471802,-1.193832,0.404824,-1.83392,0.009594,-0.025583,-0.028788,-0.7559829253988397,-0.1441012533558751,0.27072280332624565,3.135967774848622,-0.016877150608166615,-0.003929333463684076
13.875766038894653,-1.29924,0.528912,-1.84112,0.006778,-0.025196,-0.030023,-0.7559837378766129,-0.14407866502671393,0.27064843353705886,3.1359701237432662,-0.0168725861687841,-0.0037537466042334294
13.885731220245361,-1.233528,0.50606,-1.867488,0.009599,-0.025911,-0.032908,-0.7559949615120733,-0.14406718510175376,0.2706261759588223,3.135994903319763,-0.016865594018441458,-0.003790391470474318
13.895782470703125,-1.316104,0.499032,-1.904256,0.00862,-0.025916,-0.03419,-0.7559973904511816,-0.14407785228647402,0.2706462528904909,3.1360130234765067,-0.01681888932135036,-0.0039123036858812014
13.905800580978394,-1.297456,0.568824,-1.876512,0.010415,-0.025956,-0.03273,-0.755988748912356,-0.14409778287811226,0.27059971734878085,3.136006462488063,-0.0167358341927217,-0.0038535565169582468
13.915786027908325,-1.315232,0.530036,-2.001056,0.011683,-0.027716,-0.033951,-0.7559983665450034,-0.14410036184269429,0.27060466411156403,3.135946832009259,-0.016741438758663605,-0.00395509229562077
13.925800085067749,-1.475136,0.559748,-1.98352,0.009219,-0.02743,-0.033819,-0.75600573390388,-0.14404861309203604,0.27059659164784255,3.13599876338582,-0.016887023485410015,-0.004002110061188152
13.935794591903687,-1.445192,0.51128,-2.00704,0.009265,-0.028652,-0.034283,-0.7559764894462935,-0.14408851926542132,0.2705681297866178,3.1359385924064966,-0.016886952059756134,-0.003946815441311939
13.945851802825928,-1.453512,0.55088,-1.978784,0.009923,-0.028241,-0.035189,-0.7559899687181107,-0.1440847190088193,0.2705141369986654,3.135980552435222,-0.016747520348121808,-0.0038676984664497423
13.9557945728302,-1.65512,0.596248,-2.051488,0.008279,-0.029918,-0.035406,-0.755971864498991,-0.1441029333433741,0.2704888480771401,3.135989308830482,-0.01669473773274735,-0.0038585497868752236
13.96574878692627,-1.580296,0.601836,-2.0712,0.010835,-0.02954,-0.038083,-0.7559863176978571,-0.14406306584632475,0.27048760408662464,3.135946834957717,-0.016867501472483417,-0.0038654336703630933
13.975743293762207,-1.601528,0.554768,-2.174528,0.010367,-0.03042,-0.036049,-0.7559837103543079,-0.14407935340944394,0.2704623126406128,3.13597667393851,-0.01678347393022263,-0.0038708043818805175
13.985730648040771,-1.58632,0.600312,-2.109952,0.011196,-0.029983,-0.038167,-0.755993606186329,-0.14408716931414756,0.27045780625796156,3.1359898769076078,-0.016780750059078683,-0.004012853881593048
13.998051404953003,-1.612072,0.553436,-2.226976,0.011123,-0.030669,-0.038603,-0.7559785570367408,-0.14412519424448378,0.27038541808545125,3.1360181644940464,-0.016741764154232463,-0.003855622874628056
14.007924795150757,-1.681248,0.626152,-2.158816,0.010298,-0.031287,-0.039257,-0.7559924614000889,-0.14406654311886802,0.2704055543001145,3.136015090011998,-0.016848910758935905,-0.004038853231999605
14.01772403717041,-1.743264,0.586868,-2.266848,0.010321,-0.03156,-0.039664,-0.7559833225100591,-0.14409625959673783,0.2703789415323721,3.135989747776423,-0.016779991069038734,-0.003991233266314197
14.027758121490479,-1.731912,0.595896,-2.243808,0.010569,-0.032279,-0.041141,-0.7560017255988738,-0.14405911007674604,0.2703984839983277,3.135988245418562,-0.016811548549400843,-0.0041954045646713225
14.03775143623352,-1.811152,0.628056,-2.362784,0.011501,-0.033379,-0.041585,-0.7559948334493299,-0.14408900991900023,0.27032861726998736,3.135973482361834,-0.016822574373200134,-0.0040324647386813265
14.047906160354614,-1.84564,0.640232,-2.331488,0.010052,-0.033742,-0.042158,-0.7559897481935589,-0.14411451821742136,0.270316245092789,3.1360018454346164,-0.01677628229168887,-0.004026467119978991
14.057795286178589,-1.8916,0.625368,-2.409536,0.011627,-0.035234,-0.044046,-0.7560088841728031,-0.14405345875390793,0.27029743890909114,3.1359905747476944,-0.0168236867235971,-0.004007611509967956
14.067696571350098,-1.901352,0.69272,-2.401504,0.011517,-0.036652,-0.045737,-0.7560012162117963,-0.14411823197576745,0.27026618484035336,3.136035217146199,-0.01669295031724666,-0.004051631271413832
14.077784061431885,-1.951784,0.654028,-2.470176,0.010484,-0.03682,-0.046222,-0.7559800990042964,-0.14412518657999568,0.2702620227522552,3.1359854488364274,-0.016737327288306875,-0.004031986436533395
14.085718631744385,-2.051848,0.6386,-2.456864,0.012012,-0.037549,-0.043708,-0.7559966640658657,-0.14409416145605644,0.27022974154611634,3.1359795786945788,-0.01679573901007518,-0.0041164084660383305
14.09579086303711,-1.996752,0.681252,-2.568544,0.01129,-0.039302,-0.049413,-0.7559994309770596,-0.14407736322912088,0.27020272264245915,3.1360008844959646,-0.016914578075533256,-0.004040600757223504
14.10570740699768,-2.105256,0.625536,-2.595648,0.013631,-0.040295,-0.046171,-0.7560009537728557,-0.14409207283234288,0.27016880111133385,3.1359805229723876,-0.016812202969983443,-0.004030133426097106
14.117913484573364,-2.09664,0.700144,-2.659808,0.010964,-0.040895,-0.049624,-0.755983911951897,-0.14409408768191398,0.2701308656054694,3.135982006223718,-0.016788164200808895,-0.0039200016999045165
14.127752780914307,-2.159,0.652192,-2.691776,0.013723,-0.041355,-0.048105,-0.7559961420289742,-0.1441081944782214,0.27012890488957764,3.1360011987863867,-0.01674811141842172,-0.004060400340833794
14.137713432312012,-2.216784,0.668644,-2.76304,0.012337,-0.041762,-0.049257,-0.7560012886913041,-0.14408548256578962,0.27008433085149214,3.135980283238594,-0.016761410706764148,-0.004042657218591207
14.14777398109436,-2.170192,0.6831,-2.7184,0.012752,-0.041922,-0.051833,-0.7559927223535697,-0.14410109303241622,0.27009835466733473,3.1359469583812887,-0.016672083342520315,-0.004105770893318707
14.157819509506226,-2.26064,0.662616,-2.795936,0.015438,-0.042917,-0.047823,-0.7559856501890835,-0.14409172171867551,0.2700558978707287,3.135984166712406,-0.016848276507346573,-0.004016303523502323
14.16774034500122,-2.14832,0.73518,-2.77728,0.012709,-0.0439,-0.05154,-0.7559939306095942,-0.1440810196312696,0.27002506524119907,3.1360244045716983,-0.016887429269324555,-0.004016018785725991
14.17778730392456,-2.299008,0.6669,-2.878848,0.015058,-0.043968,-0.049959,-0.7559915669868773,-0.1440870726033701,0.2699975379752838,3.135964536599338,-0.01681672425958589,-0.003956540231183357
14.189740180969238,-2.34916,0.73294,-2.807712,0.012231,-0.044151,-0.052227,-0.755990099319037,-0.1440833320552172,0.26994267597177546,3.1359687117141117,-0.016841469150624122,-0.003937012917870321
14.199727773666382,-2.376,0.690256,-2.943648,0.013457,-0.045945,-0.05343,-0.7559766080004946,-0.1441236691178966,0.26997390933605914,3.1360043313958883,-0.01679435794781642,-0.0040593340452958334
14.209879398345947,-2.4336,0.686396,-2.970592,0.014228,-0.047222,-0.054042,-0.7559833779939926,-0.14411940411077193,0.26998249113318046,3.1359574329610034,-0.016748476873210513,-0.004128109676548063
14.219791650772095,-2.429464,0.709104,-3.011456,0.015248,-0.046672,-0.056041,-0.755988640908017,-0.14411784828888824,0.2699744656307116,3.1359737103314096,-0.016691683229047603,-0.004179739560155843
14.229788064956665,-2.486216,0.710872,-3.013696,0.015948,-0.049024,-0.053755,-0.7559857260663766,-0.14405734594083974,0.26995774920586635,3.1359767100043636,-0.01692973556555927,-0.004169155512913839
14.241753816604614,-2.539912,0.729736,-3.02704,0.013533,-0.049073,-0.056793,-0.7560088836475685,-0.14404650133404395,0.26991728366265577,3.135997298035524,-0.016921830372386915,-0.004167900962071503
14.253870248794556,-2.585824,0.733188,-3.087424,0.014439,-0.050352,-0.057433,-0.7559951710593327,-0.14411246022701676,0.2698443020596712,3.1359628243119286,-0.016799277752080656,-0.004030061926880894
14.26376485824585,-2.609656,0.705712,-3.086176,0.013419,-0.051265,-0.05665,-0.755994923127311,-0.14405432644952348,0.2698704006026376,3.1360104620811424,-0.016821006438813402,-0.00413632492002353
14.273691415786743,-2.578352,0.738036,-3.125984,0.014449,-0.053008,-0.059068,-0.7559764072283762,-0.144112324306695,0.2698755259488804,3.1359611952591075,-0.016764766010166538,-0.004153487402925215
14.283709526062012,-2.643952,0.754636,-3.154176,0.015454,-0.0528,-0.06014,-0.7559931876577818,-0.144067919192703,0.26982446648198183,3.135998723980736,-0.016831186446351173,-0.004102858297262465
14.29373836517334,-2.762664,0.688356,-3.293632,0.016094,-0.054371,-0.058193,-0.7559959986316197,-0.144063729206837,0.26980299542340236,3.1359507473819956,-0.016886308863538882,-0.004190496153196121
14.301787376403809,-2.708376,0.771056,-3.221312,0.014552,-0.053731,-0.060263,-0.7559912648590267,-0.14408065211686863,0.26980467744795844,3.1359391507270793,-0.01681498469979193,-0.004194228961914332
14.31170916557312,-2.65928,0.664308,-3.332864,0.017108,-0.055471,-0.059172,-0.7559765923942612,-0.14412457280517563,0.2697724236179048,3.135998814097075,-0.016737743931116104,-0.0041031939003495325
14.321888446807861,-2.761368,0.786124,-3.284928,0.014558,-0.056548,-0.060707,-0.7559894982396106,-0.144123794176257,0.26977253495300424,3.135950988718259,-0.016722390184256482,-0.004221176080578744
14.333757400512695,-2.768736,0.66298,-3.321152,0.016259,-0.056,-0.057597,-0.7559956523001818,-0.14407532461128322,0.269733939288085,3.1359609188173083,-0.016802596053484154,-0.004128173235528761
14.343732357025146,-2.847168,0.73702,-3.370688,0.017296,-0.057979,-0.058937,-0.7559824758708077,-0.14407866213272896,0.2697130911209716,3.135960038986941,-0.016774184601914998,-0.004185380138560291
14.353873491287231,-2.875728,0.765472,-3.433376,0.017336,-0.058035,-0.058234,-0.7559948407525685,-0.14408148507378418,0.26963209707005154,3.1359690517205046,-0.016863179927323252,-0.004036676960520061
14.36387825012207,-2.868744,0.75774,-3.455072,0.018009,-0.060272,-0.063157,-0.7559974417246381,-0.1440963786556575,0.2696236353971002,3.1360028282189427,-0.016775857769148868,-0.004011171348069674
14.371665716171265,-2.91112,0.750356,-3.490976,0.016049,-0.061094,-0.063867,-0.7559846589593592,-0.1441155217460798,0.2696273004940449,3.1360029228068353,-0.016733452693924022,-0.004078272762614846
14.38175368309021,-2.897768,0.744676,-3.500768,0.016761,-0.060243,-0.061976,-0.7559751616312311,-0.14409594735680364,0.2696344785870689,3.1359473228572203,-0.016797462563990673,-0.004102816924800104
14.391707181930542,-2.96132,0.754104,-3.609472,0.017589,-0.06283,-0.064809,-0.7559893148625166,-0.14412010364232006,0.2696148339567624,3.1359224979703404,-0.01681717300822777,-0.0041578725389734466
14.40174651145935,-3.034808,0.781564,-3.621504,0.017452,-0.06407,-0.063972,-0.7559980225932189,-0.1441237921733679,0.2695720499773827,3.135956170585687,-0.01670079739016368,-0.0041137785296531
14.411718368530273,-3.022872,0.769912,-3.730432,0.019265,-0.064838,-0.064896,-0.7559907303651913,-0.1441051823335572,0.26957502049480236,3.135946836701273,-0.01688059957858925,-0.004184544617827686
14.421777248382568,-3.08944,0.796052,-3.666208,0.018496,-0.064794,-0.064988,-0.7559907822478809,-0.14410358551500022,0.2695282744539303,3.135964720117102,-0.016765168730203305,-0.004107095864821294
14.431818962097168,-3.021984,0.726388,-3.856512,0.01862,-0.068952,-0.068421,-0.7559929165232281,-0.14408605781032174,0.26953398543964097,3.135947495935559,-0.016822957402379192,-0.00415604489812726
14.441741704940796,-3.240384,0.840032,-3.875296,0.018913,-0.070044,-0.069099,-0.755993254012636,-0.14411631544499767,0.2695119895837357,3.135997586285285,-0.016719690769363596,-0.004122887158684187
14.451815128326416,-3.21176,0.830928,-3.87744,0.017489,-0.071224,-0.069213,-0.7559933506499874,-0.1440961634615988,0.2694950890024437,3.1359713696707336,-0.01682321949153253,-0.0041407022003053205
14.461738586425781,-3.120936,0.781052,-3.930464,0.019913,-0.07321,-0.069049,-0.7559994335411491,-0.1440646995389992,0.2694578650929799,3.1359477674044336,-0.016911437920786112,-0.004083988647840292
14.471735000610352,-3.2138,0.81524,-4.082976,0.019515,-0.077184,-0.069676,-0.7559979803087746,-0.1441058821046482,0.2695015955893436,3.135998881902266,-0.01685349683645494,-0.004267870319368965
14.481701612472534,-3.337208,0.828948,-4.1512,0.017674,-0.07846,-0.068437,-0.7560043958098477,-0.14407315861537698,0.26943466121501713,3.1359542493855304,-0.016789174907049616,-0.004174243378805978
14.491719245910645,-3.139496,0.80312,-4.152096,0.019413,-0.079684,-0.071588,-0.7560062135776503,-0.14410026273049803,0.26943160316006204,3.1359661428318177,-0.01683990916708667,-0.004246345423521253
14.501736879348755,-3.253048,0.808988,-4.27696,0.019451,-0.083053,-0.069436,-0.7560094799149224,-0.1440939725157485,0.26947108757609367,3.1359718820689366,-0.01677930340817201,-0.0044122166218276485
14.513733148574829,-3.315872,0.850656,-4.324384,0.018778,-0.084678,-0.06808,-0.7560083716573719,-0.14408685083622025,0.26942274923385207,3.13597642349626,-0.01681846472956595,-0.004301565466186683
14.523772954940796,-3.241912,0.852512,-4.371552,0.017743,-0.088655,-0.069465,-0.7560086955527421,-0.1440646474589011,0.26940416616036766,3.1360051820876635,-0.016889930231521376,-0.004323303699590397
14.533722400665283,-3.302864,0.825972,-4.529504,0.017773,-0.091953,-0.071177,-0.7560132522414109,-0.14407139378918005,0.2693770353032985,3.135984186113029,-0.01686109125920609,-0.0043293556925417765
14.545748710632324,-3.289056,0.864672,-4.455424,0.016655,-0.090468,-0.069381,-0.7559914844655907,-0.14411550197196693,0.26937160671329174,3.1360078263067757,-0.016644786952412432,-0.004222665314493233
14.555800914764404,-3.257464,0.83406,-4.553248,0.019334,-0.090818,-0.06983,-0.7559974772036592,-0.1441188124021806,0.26938456345884093,3.1359391325608366,-0.01675149481859054,-0.004377285947636901
14.567862510681152,-3.165032,0.796324,-4.552224,0.022238,-0.089372,-0.069252,-0.7559924961188323,-0.14410237994866662,0.2693285398436485,3.1359456691461784,-0.016766075964170287,-0.0042363953480235444
14.577759265899658,-3.205408,0.84338,-4.604512,0.019487,-0.090661,-0.067697,-0.7560125335908925,-0.1441120897774458,0.26932514926003726,3.136008925408343,-0.01677013467480174,-0.004411985559191601
14.587816715240479,-3.204208,0.872496,-4.592928,0.0208,-0.092263,-0.068758,-0.7559989900458682,-0.1441271835337434,0.2693216662542391,3.1359812046065887,-0.016699513797536498,-0.004371935310496544
14.597757577896118,-3.183784,0.828324,-4.659424,0.020316,-0.090674,-0.068343,-0.7559900758370948,-0.14409180708400565,0.26929131326636824,3.1359604762704087,-0.016918154469346462,-0.004255564425453358
14.60971474647522,-3.183864,0.80164,-4.66704,0.019194,-0.092714,-0.068451,-0.7559852156775942,-0.1441113574769175,0.2693012029392367,3.1359232991252615,-0.01671094277370568,-0.0043385347050776115
14.619750499725342,-3.265624,0.805316,-4.708864,0.019573,-0.094033,-0.068391,-0.7560007749321007,-0.14409952883623955,0.2692980057651769,3.1360082080673477,-0.016795038816784885,-0.004437084681957779
14.629749536514282,-3.23712,0.815028,-4.727552,0.020172,-0.093857,-0.06981,-0.7560007105338776,-0.1441142386006256,0.2692294714257471,3.1359307666072507,-0.016755067686096307,-0.00431646506618689
14.639718532562256,-3.238248,0.843336,-4.744736,0.02308,-0.092661,-0.068297,-0.7559789480385575,-0.1441216609979843,0.26921463975109805,3.13600289212311,-0.01677581275105122,-0.004219547454079361
14.649800539016724,-3.330552,0.840164,-4.88256,0.018773,-0.099016,-0.06959,-0.7559902005540204,-0.14408061098591937,0.2692240644811713,3.1359720881593276,-0.016814674104153778,-0.0043008156474676085
14.659826278686523,-3.40524,0.885864,-4.851776,0.014128,-0.100834,-0.069577,-0.7559746078889842,-0.1441388508445927,0.26919731628809906,3.135988662592431,-0.016657886393504448,-0.004316878229523328
14.66973352432251,-3.288432,0.763372,-4.85856,0.021276,-0.097601,-0.072191,-0.7560001759958175,-0.14405337175063754,0.26920607561578414,3.135938478142055,-0.016845190228229126,-0.004339044209285802
14.679709911346436,-3.401752,0.847652,-5.016832,0.018328,-0.102495,-0.071189,-0.7559909514309326,-0.14411465306811083,0.2691950091773818,3.135983465432407,-0.016781131145413537,-0.004337237202435247
14.689727544784546,-3.443864,0.840436,-5.015712,0.014773,-0.103866,-0.071363,-0.755992551933299,-0.1440865520714003,0.2691929340020136,3.135946595701895,-0.016882915875576627,-0.004372846540176946
14.701722383499146,-3.409424,0.840092,-5.054816,0.020903,-0.102775,-0.071159,-0.7559967630064934,-0.14411437753496908,0.2691566301582602,3.135987215184259,-0.01679196425467883,-0.004360042812488775
14.711709022521973,-3.459456,0.795628,-5.149984,0.01719,-0.105811,-0.072026,-0.7559916006388999,-0.14411640148445717,0.2691775357066132,3.135965334424524,-0.016823279961342242,-0.0044417766005398936
14.721725702285767,-3.448168,0.914528,-5.107616,0.012286,-0.107365,-0.074133,-0.7559934015260752,-0.1441038090501561,0.2691918660331085,3.1359327509793946,-0.016728185905304088,-0.004467670986460581
14.741855144500732,-3.545784,0.79734,-5.221056,0.018051,-0.108475,-0.072021,-0.7560088302980933,-0.14408548776787453,0.2691364412596423,3.135993991080254,-0.01684930869351606,-0.004429052104087641
14.749725341796875,-3.596648,0.873932,-5.356768,0.016013,-0.113294,-0.073986,-0.7560056273506931,-0.14410536859295942,0.2691096391316973,3.1359532502719443,-0.016757082674206936,-0.004468506233505925
14.759837627410889,-3.52296,0.86296,-5.32704,0.015829,-0.112767,-0.073868,-0.7560051877927899,-0.14406502309217145,0.26909442939861694,3.1359492585041093,-0.01684286715500162,-0.0044143986625411824
14.769744157791138,-3.620952,0.9036,-5.409568,0.013507,-0.115588,-0.073444,-0.7559924049034094,-0.14408913118246278,0.269076762897379,3.135979681713706,-0.016862916096441836,-0.004333156555906902
14.77979326248169,-3.599904,0.882512,-5.444608,0.01086,-0.118525,-0.074889,-0.7560028920878779,-0.14411036119834247,0.26906264522108575,3.13596139496715,-0.01687281970059631,-0.004369412151448996
14.789752721786499,-3.593488,0.875192,-5.50528,0.012216,-0.121006,-0.075679,-0.7559904198917305,-0.14412457855451657,0.2690542518471103,3.1359420680982466,-0.0168349560147075,-0.004359280836360818
14.797762632369995,-3.725544,0.88202,-5.580576,0.011356,-0.121225,-0.073465,-0.7559856987750767,-0.14415311198389197,0.2690048356028717,3.135941555497021,-0.01667989619162915,-0.00434091723212694
14.805781602859497,-3.64448,0.8234,-5.594784,0.013431,-0.122427,-0.075525,-0.7560037546377294,-0.1440926194384817,0.2690302053155491,3.1359583033863325,-0.016729971012277415,-0.004406149188090456
14.815740585327148,-3.672072,0.870556,-5.657088,0.012946,-0.123433,-0.073114,-0.756010092836843,-0.14405645201354073,0.2690281585589455,3.1359449852680514,-0.016884841318454122,-0.0044426575633789425
14.825777292251587,-3.681696,0.948832,-5.620032,0.011333,-0.12507,-0.075049,-0.7560082740730572,-0.14407521936675916,0.2689482518890944,3.1359754564780697,-0.01684750549935842,-0.004274406768934128
14.835776567459106,-3.68808,0.849608,-5.679584,0.010665,-0.124679,-0.074858,-0.7559925297915233,-0.14411788839865342,0.26890560349380843,3.1359793810590335,-0.01673767684438034,-0.00425356786158762
14.845763206481934,-3.713344,0.932004,-5.640192,0.009743,-0.125897,-0.073973,-0.7560060787702827,-0.14406031673339334,0.2689889601809937,3.135964009380037,-0.016916179275501538,-0.004449864932288014
14.855756759643555,-3.660424,0.905352,-5.749088,0.009218,-0.126678,-0.07739,-0.7559885558271169,-0.14407844842241613,0.26896094491988565,3.1360312853791954,-0.01684147836157389,-0.004363105103449155
14.865858316421509,-3.66024,0.876548,-5.694752,0.015438,-0.124973,-0.07668,-0.7559892865049719,-0.1441038611578266,0.26894131425985435,3.1359697858226188,-0.016812739572481656,-0.004364559723524284
14.875787019729614,-3.63888,0.813976,-5.89312,0.01543,-0.128656,-0.075915,-0.7560050622241633,-0.14411746537649295,0.26901336202091475,3.135958689873338,-0.016747651475524837,-0.004586049658711965
14.885752201080322,-3.73544,0.92652,-5.791392,0.010945,-0.128482,-0.075747,-0.7559994307913126,-0.14411127927783446,0.2689450661626203,3.135930268802461,-0.016778871948825592,-0.004474719328897549
14.89571237564087,-3.66328,0.79546,-5.834336,0.014719,-0.128389,-0.076575,-0.7559898183109907,-0.1440805971301741,0.2689200717245716,3.1359530586370608,-0.016870489952647477,-0.004372080817547834
14.90572190284729,-3.780744,0.9031,-5.90048,0.006615,-0.133222,-0.076356,-0.7559993475051234,-0.14410408864141672,0.268933728731028,3.1359680522861844,-0.0167858064364558,-0.004493662286097908
14.915711879730225,-3.761616,0.928972,-5.96064,0.004388,-0.135561,-0.078002,-0.7559897715301818,-0.1441115161324193,0.2689367865896828,3.135984354062351,-0.016780460880367033,-0.004484859225832396
14.92772388458252,-3.88784,0.81332,-5.90944,0.008619,-0.135249,-0.074076,-0.7560009347875503,-0.14409011359576798,0.2688913634120265,3.135985018711578,-0.01681153447069451,-0.0044230648683999995
14.937726736068726,-3.881008,0.956436,-6.121088,0.00536,-0.140132,-0.078641,-0.7560071251703468,-0.14409499444113202,0.2689150538347594,3.135901796490373,-0.016817588399858405,-0.004510062706709779
14.947775840759277,-3.880592,0.820852,-6.062944,0.009314,-0.139101,-0.077016,-0.7560053651533557,-0.1440888462507858,0.26892012392711984,3.135996886005317,-0.01684862291461953,-0.004517220866038431
14.957823753356934,-3.825664,0.871464,-6.108064,0.009238,-0.13993,-0.077094,-0.7559972955914794,-0.14409130940512077,0.268949780565815,3.1359704471264664,-0.016790779825298533,-0.004623244096306467
14.967697620391846,-3.919024,0.890272,-6.152352,0.003849,-0.143715,-0.078472,-0.7560092152372696,-0.14407757792611314,0.2688849899034142,3.135951643249125,-0.01684876397049211,-0.004474854952194112
14.97782826423645,-3.944696,0.93476,-6.232256,0.001924,-0.146146,-0.078095,-0.7559898921105435,-0.14409131011441503,0.2688980854650194,3.1360054306321654,-0.016829112705883637,-0.004481427953039873
14.987764596939087,-4.006872,0.872524,-6.19248,0.003094,-0.145219,-0.077404,-0.7560044570983426,-0.1440830305845035,0.26887088173164597,3.1359878792489773,-0.01682379562184871,-0.004541263375748004
14.997743844985962,-3.895472,0.925852,-6.283904,0.004035,-0.146596,-0.079516,-0.7559907810345304,-0.14410713492309687,0.26886875398465726,3.1359719296523867,-0.016763765696163054,-0.004505761081041038
15.00778603553772,-4.021776,0.820828,-6.337888,0.00539,-0.148618,-0.077627,-0.7559981305934904,-0.14408892346371072,0.2689019897024497,3.135961309000544,-0.01677610777794775,-0.004652452711078087
15.017758131027222,-4.03116,0.913604,-6.365728,0.003275,-0.14909,-0.078355,-0.7559922026647555,-0.14411373017630918,0.2688658243053914,3.135963418734656,-0.016744811779792167,-0.004570800650538587
15.027782917022705,-4.00664,0.865312,-6.358848,0.00448,-0.150168,-0.077953,-0.7559930567801857,-0.14409670325597548,0.2689042398794645,3.136006384394892,-0.016847475884150302,-0.0046970966186033304
15.037753820419312,-4.011184,0.8771,-6.378528,0.001775,-0.149649,-0.077289,-0.7560010015462839,-0.14413302708464729,0.26889039727422925,3.13592717000118,-0.016806475324267343,-0.00471162094546667
15.04776668548584,-3.88984,0.868588,-6.336096,0.003524,-0.149533,-0.079019,-0.7559934388617968,-0.14411229329851294,0.26887521704343287,3.1359766719684417,-0.01676854237024728,-0.004697189214675596
15.057778358459473,-3.971072,0.849964,-6.410272,0.005277,-0.148665,-0.076676,-0.7559860805492323,-0.14412504876099866,0.26885918799656916,3.135972982794415,-0.016756181079319515,-0.004651803662741542
15.067711591720581,-3.981504,0.89506,-6.394848,-0.000149,-0.150954,-0.077802,-0.7559929895117383,-0.144097096957057,0.2688637285846598,3.135969083875246,-0.016859035386310547,-0.004655472143168333
15.077704191207886,-4.01128,0.818628,-6.430176,0.005446,-0.14946,-0.077097,-0.7560056347866105,-0.1440845196252541,0.2688242056770571,3.135949467230717,-0.016858233805554415,-0.004656759359474802
15.089717864990234,-3.977808,0.897508,-6.397152,0.004864,-0.150179,-0.076736,-0.7559968956635271,-0.1440758634419973,0.26880894776739894,3.1360017735910883,-0.016877633129160113,-0.004587630980705913
15.10174298286438,-4.014256,0.888804,-6.462336,0.001397,-0.151416,-0.077689,-0.7559989583729015,-0.14409932840314407,0.268814598880382,3.1359480061681118,-0.016876168578027352,-0.004673879392863356
15.113726615905762,-4.016272,0.818208,-6.517792,0.002814,-0.153163,-0.075539,-0.755997973956372,-0.1440972705810934,0.26884546029134443,3.1359680662275395,-0.0167752986220482,-0.0047547365610757265
15.125727653503418,-4.01596,0.88672,-6.488832,0.003322,-0.152344,-0.077316,-0.7560013206508973,-0.1440856203052397,0.2687828456571758,3.1360304865726487,-0.016793309047159203,-0.004671945854938793
15.137707948684692,-4.02148,0.864872,-6.528096,0.004658,-0.151886,-0.076886,-0.7560040038819219,-0.14409222762760643,0.26877032490354824,3.135964333956288,-0.016849760348741857,-0.004667725360689766
15.149723768234253,-3.990392,0.873964,-6.5784,0.004538,-0.153325,-0.078685,-0.7559990116701821,-0.1441116457310533,0.26877121091694417,3.1359857017352506,-0.016773339570160115,-0.004668575679406207
15.159871101379395,-4.123624,0.81404,-6.531616,0.004144,-0.152025,-0.07584,-0.7560009401826417,-0.14410993988425175,0.26875688761479316,3.135968749550157,-0.016830925286436666,-0.004658737806662014
15.171751260757446,-4.009552,0.885784,-6.604832,0.000184,-0.157109,-0.078236,-0.7559997306695436,-0.14410246602674034,0.26869609609487016,3.1359540297010806,-0.016798667989034347,-0.004555786601427579
15.181767702102661,-4.06804,0.899624,-6.708416,0.002494,-0.158244,-0.079635,-0.755996594383256,-0.1440909231030967,0.2687245871264405,3.1359439099723483,-0.01683728946776169,-0.0046187790885431675
15.19169569015503,-4.144856,0.83174,-6.705568,0.00429,-0.157181,-0.074654,-0.7559957969644008,-0.14410299229909368,0.26873116707604083,3.1359812209645725,-0.016803923034268944,-0.004624509659883919
15.201728820800781,-4.14628,0.92926,-6.719008,0.000601,-0.16024,-0.078557,-0.7560079743161162,-0.14407690115957864,0.2686748157069863,3.1359618113189747,-0.016767852365417533,-0.004560613572281046
15.211780309677124,-4.185024,0.829992,-6.82288,0.001314,-0.161667,-0.078623,-0.7560117313184856,-0.1440889278258973,0.2686946421535702,3.1359319765308644,-0.01680561045255988,-0.00463177344646287
15.221733808517456,-4.15904,0.920376,-6.76416,-0.001218,-0.161646,-0.078194,-0.7560065899041456,-0.14410085514187754,0.2686570741402232,3.1359373790265486,-0.016759552691913055,-0.004593037366387675
15.231725692749023,-4.144072,0.878924,-6.847936,-0.001254,-0.163634,-0.078637,-0.7560042464652605,-0.1441043608493385,0.26866031662003,3.1359359244994636,-0.016809766683031174,-0.004572816019866304
15.241716623306274,-4.217224,0.896736,-6.915904,1.3e-05,-0.166258,-0.081255,-0.7560153662436129,-0.14412242229022365,0.2687217025262493,3.1359129849659144,-0.016813840254277686,-0.004815746643789414
15.251712799072266,-4.191608,0.89236,-6.991552,-0.001514,-0.168327,-0.082144,-0.7559988632178121,-0.14408012032902445,0.26863624285764665,3.135928948123982,-0.01684942239754229,-0.004506955096201038
15.261765718460083,-4.354104,0.83454,-6.950496,0.000924,-0.164163,-0.077869,-0.7560031012054688,-0.1441041247988889,0.2686506104468446,3.135904311920132,-0.01675261689679876,-0.004571015256277024
15.271690845489502,-4.234088,0.890124,-7.054624,-0.002297,-0.170606,-0.0824,-0.7560009277467207,-0.14409193983882365,0.268623844176247,3.135936407859534,-0.016848528732782645,-0.004513883702371662
15.28370189666748,-4.163744,0.890148,-6.952992,-0.001504,-0.168174,-0.080326,-0.7559845532038898,-0.14416148500725331,0.26863202832294725,3.1359299423532128,-0.016699826272615112,-0.0045761705456131285
15.293683290481567,-4.268056,0.80676,-6.9992,-0.00122,-0.167552,-0.079284,-0.7560012489175618,-0.14409968487390085,0.26866875895915954,3.1359476029312714,-0.01673289221028795,-0.004717490191251655
15.303753852844238,-4.279664,0.91798,-7.055136,-0.006276,-0.171967,-0.079534,-0.7560030556991,-0.14412558418137353,0.26867743649410447,3.135971596998994,-0.01681393163885157,-0.004766741175845407
15.313728332519531,-4.276584,0.794036,-7.086304,-0.000706,-0.16991,-0.080135,-0.756023161649764,-0.14406767001261184,0.2686142216008167,3.1359310840301737,-0.016807966534775842,-0.004674877272873862
15.323704481124878,-4.290648,0.893652,-7.047168,0.000341,-0.169028,-0.079262,-0.7560017587860478,-0.1440898535684659,0.2686374308605888,3.1359557713752615,-0.01689127506256587,-0.004670898981535571
15.333725214004517,-4.311384,0.895228,-7.131424,-0.001814,-0.171927,-0.080528,-0.7559880324335041,-0.14411121349625455,0.2686516386942049,3.135956498709552,-0.01679762429588281,-0.004655870215463236
15.34370231628418,-4.26528,0.831684,-7.115872,-0.002999,-0.173664,-0.079772,-0.7559896513760699,-0.14412564916378917,0.2686063018227825,3.1359158049734903,-0.016781112076631712,-0.004595074107109465
15.35372805595398,-4.354224,0.843668,-7.177376,-0.005535,-0.17369,-0.080006,-0.7560111544306017,-0.1440657601750858,0.26865814137438826,3.135913276452739,-0.016847644014553288,-0.00477125328352155
15.363780975341797,-4.262368,0.912124,-7.124992,-0.004234,-0.173726,-0.07882,-0.7560032444321694,-0.1440871174795431,0.26865143988608475,3.135982917783412,-0.01682746474479189,-0.004799753844237595
15.373700380325317,-4.2968,0.769764,-7.159872,-0.001926,-0.171749,-0.080761,-0.7559924980072684,-0.14413035766637616,0.26864652129301125,3.1358999739093214,-0.016843284075871982,-0.004808128822655402
15.383745193481445,-4.347232,0.869096,-7.150816,-0.003393,-0.174007,-0.077115,-0.7559933543755163,-0.14410296683169876,0.2686089320704137,3.1359146770041066,-0.016789993713210216,-0.004672486429487133
15.393630743026733,-4.288256,0.906904,-7.243904,-0.003724,-0.177144,-0.082493,-0.7559942892882975,-0.1441272370475919,0.268654623028432,3.135920039315429,-0.01673073864858933,-0.004856686757202054
15.403674125671387,-4.359024,0.843396,-7.17136,-0.004332,-0.174558,-0.078062,-0.7560025739108646,-0.14408680241020766,0.2686231281504305,3.1359287408556464,-0.016844901540509712,-0.004803009233741634
15.413852214813232,-4.255416,0.82954,-7.203872,-0.004387,-0.175519,-0.080164,-0.7560023978752286,-0.14409387310708233,0.2686161228633733,3.1359495310731567,-0.016864899761677446,-0.004803638808703229
15.423772811889648,-4.352752,0.854116,-7.20976,-0.004543,-0.176703,-0.079158,-0.7560095430703386,-0.14411126647171188,0.268582026322996,3.1359250302909123,-0.016800538267215278,-0.004770003823968729
15.43375849723816,-4.316456,0.822624,-7.29168,-0.006676,-0.178579,-0.081314,-0.7559786167555643,-0.14412995214542795,0.26859046962026684,3.1359399454418195,-0.01674699643725869,-0.004673001809798222
15.443805456161499,-4.43052,0.838084,-7.249376,-0.00443,-0.176879,-0.078368,-0.7560055046940648,-0.14410275467762895,0.26857054160267774,3.1359186236984558,-0.01680083516287729,-0.0047167045218987685
15.451709032058716,-4.386664,0.891956,-7.428224,-0.006269,-0.182326,-0.080778,-0.75599698981303,-0.14407282167657942,0.2686029516475216,3.1359667016828054,-0.01678920855658472,-0.004769384209174153
15.461888313293457,-4.441984,0.844036,-7.364736,-0.007118,-0.181722,-0.079663,-0.7559949254631032,-0.14411845127999043,0.26856206571388574,3.135988188664818,-0.016791691901389696,-0.0047133648522179345
15.47174334526062,-4.374248,0.794424,-7.327264,-0.005467,-0.179754,-0.081703,-0.755992710357215,-0.1440994099123012,0.26862312508799596,3.135948522375916,-0.016850782718611478,-0.0048721888260326715
15.47985053062439,-4.481008,0.82778,-7.367264,-0.005392,-0.181577,-0.0803,-0.7560050397865535,-0.1440871629186192,0.2685738336544765,3.135949549518659,-0.016800402018424556,-0.004819300666886296
15.489624500274658,-4.370488,0.831108,-7.439008,-0.010553,-0.185643,-0.08408,-0.75599673131013,-0.14412471340188426,0.268545725881137,3.13595964495188,-0.016824421380483526,-0.004690132340229708
15.499863862991333,-4.46864,0.786968,-7.41312,-0.006651,-0.182954,-0.080164,-0.7559968436753731,-0.14407634110258363,0.2685696302452037,3.1359656298233456,-0.01692092277816291,-0.004773824254062107
15.509865283966064,-4.447128,0.878068,-7.5224,-0.006719,-0.186587,-0.083083,-0.7560007521851657,-0.1441035561646698,0.2685787400078248,3.1359773715796178,-0.01676054789425539,-0.004852829768234233
15.519881248474121,-4.471464,0.867664,-7.480288,-0.009144,-0.186567,-0.080601,-0.7559964265637924,-0.1440807621615539,0.2685148463934166,3.135946524465214,-0.016903760822308635,-0.0046712120346686335
15.529900550842285,-4.489008,0.759428,-7.508384,-0.005779,-0.185556,-0.081324,-0.7560184457313237,-0.14406543059389362,0.26855228573012246,3.135953347080582,-0.016844455167243148,-0.004837504446572872
15.541836023330688,-4.497936,0.904948,-7.56704,-0.006625,-0.187802,-0.080816,-0.7559911985254611,-0.14410415387689024,0.26852994708319955,3.1359722768901617,-0.016729531308543214,-0.004710458008378148
15.551858901977539,-4.554976,0.816872,-7.516672,-0.010081,-0.187563,-0.080229,-0.7560044238121056,-0.14411413163432202,0.2685487787391978,3.1359637469044443,-0.01679123480682057,-0.00488013592676429
15.561869859695435,-4.458168,0.829792,-7.608032,-0.008484,-0.189899,-0.081314,-0.7559944572481336,-0.14408844084215955,0.26852499251645207,3.135970953843815,-0.016850421087726743,-0.004750009126879083
15.572025299072266,-4.495776,0.82498,-7.671872,-0.006123,-0.18986,-0.080742,-0.7559904257782455,-0.14412765052237542,0.26850635557998687,3.1358964830489016,-0.01669950948746452,-0.004772693802962245
15.581740140914917,-4.556592,0.826548,-7.58128,-0.008583,-0.18845,-0.080607,-0.7560104919753632,-0.14411790106501607,0.26855773279434675,3.135959972245132,-0.016816240190633908,-0.004903371901604508
15.591888189315796,-4.483864,0.811316,-7.678368,-0.00701,-0.191313,-0.082716,-0.7559944008968259,-0.14413085099412057,0.2685504862407935,3.135919031577161,-0.016809469112154377,-0.004857885901626899
15.601754665374756,-4.525584,0.857808,-7.5992,-0.00686,-0.18821,-0.079361,-0.7560066652817712,-0.14408115639154104,0.2684968733338077,3.1359535582383864,-0.01691400730264246,-0.004768715201036768
15.611652612686157,-4.528568,0.789644,-7.705952,-0.010476,-0.192523,-0.082664,-0.7560069071407679,-0.14410745330298552,0.2684621422242592,3.1359417728431986,-0.016771474206069826,-0.004710257744178261
15.621725797653198,-4.498056,0.828032,-7.727072,-0.009763,-0.192897,-0.081184,-0.7560059636631423,-0.14411449507911842,0.2685177886903877,3.135960988066084,-0.01677781647588523,-0.0048390370454814945
15.633697509765625,-4.55492,0.809832,-7.697888,-0.00892,-0.191096,-0.080668,-0.7560082785419915,-0.1441236025693066,0.2685228211750266,3.135959477600793,-0.016784721629065424,-0.004936363107545684
15.643790245056152,-4.513808,0.839608,-7.716352,-0.008321,-0.192726,-0.080755,-0.7560103212073727,-0.14410023128042218,0.2684846989747659,3.135956857221425,-0.016834686104475933,-0.004799374905355732
15.653853416442871,-4.553784,0.781584,-7.825472,-0.007021,-0.194138,-0.081317,-0.7560039923721157,-0.1440690638436476,0.2684780360002783,3.135973666765855,-0.016793483789844427,-0.004777754094423027
15.663857460021973,-4.517264,0.89016,-7.747776,-0.00792,-0.192878,-0.080848,-0.7560149506077727,-0.14408972507300263,0.2684584900381759,3.1359615865422485,-0.016803521842953584,-0.004779908143354275
15.673682928085327,-4.559792,0.786088,-7.779936,-0.007958,-0.192541,-0.080778,-0.7560000102851683,-0.14410565447139467,0.2685347826859336,3.1359562451253744,-0.016790425977473815,-0.004929904902399251
15.685659885406494,-4.480128,0.834084,-7.810656,-0.008582,-0.193081,-0.082328,-0.7560135052919059,-0.14408039486118884,0.26847000890700234,3.135985424652004,-0.01692006049914922,-0.004829745348262881
15.697719812393188,-4.554504,0.82238,-7.831424,-0.010143,-0.193682,-0.080051,-0.755994662883483,-0.14412465303978625,0.268500711345492,3.1359481892442775,-0.016739075612288094,-0.004900296184132272
15.709706783294678,-4.505928,0.78184,-7.822336,-0.008973,-0.195712,-0.082575,-0.7560074775051485,-0.14410949648365742,0.26844841005542996,3.135920888657494,-0.016764338102412367,-0.004828384146331333
15.719726324081421,-4.647816,0.784944,-7.817824,-0.005659,-0.191947,-0.078669,-0.7560002679164329,-0.14411147466849197,0.2684599127423067,3.1359573850955593,-0.016796834598273903,-0.004828706127647448
15.72968602180481,-4.53436,0.822008,-7.890496,-0.00776,-0.196148,-0.081761,-0.756004632373513,-0.14405294543163627,0.26846442544555665,3.135952867475411,-0.01685508374461003,-0.004833379423600034
15.741723775863647,-4.570088,0.847088,-7.835808,-0.008899,-0.196332,-0.080131,-0.7560199692795964,-0.14410134839148586,0.2684617461943365,3.135969033348923,-0.016810367141168372,-0.004884599401168094
15.751705408096313,-4.60648,0.738384,-7.89248,-0.009507,-0.196638,-0.081201,-0.7560008595060609,-0.14411327760253653,0.2684666000189781,3.1359734590336954,-0.016745378137281768,-0.004892715240368788
15.76172161102295,-4.602656,0.846024,-7.844,-0.011515,-0.198215,-0.080031,-0.7560059539716776,-0.14407244605624941,0.26854327622645047,3.135969660422969,-0.016923734209931807,-0.005100220712595214
15.771711587905884,-4.621208,0.755016,-7.986272,-0.0109,-0.200492,-0.082406,-0.7559874917984936,-0.14410443910977846,0.2684738921545315,3.1359684135798274,-0.01680817918084988,-0.004881738369564348
15.781689643859863,-4.667856,0.824004,-7.949632,-0.009637,-0.200235,-0.08082,-0.7560154727741857,-0.14411279159258727,0.26847975955950726,3.1359211773543825,-0.016786722039923596,-0.0050008583884853545
15.791756629943848,-4.69012,0.800376,-8.063072,-0.01048,-0.203334,-0.084315,-0.7559888399035164,-0.1441218929097318,0.26845991665002267,3.135919372333527,-0.01678775953412453,-0.004910105304831967
15.801738739013672,-4.664472,0.805848,-7.989536,-0.011051,-0.202125,-0.081933,-0.7559965245647791,-0.14411384515947576,0.26845502022907414,3.135943462851409,-0.016774769099165397,-0.004903065294569239
15.811792135238647,-4.694752,0.819276,-8.03504,-0.012655,-0.203567,-0.082799,-0.7560054693021213,-0.1441090488129558,0.268478358379229,3.1359474911947376,-0.016784355530162637,-0.0049287503491982085
15.82370138168335,-4.684832,0.815924,-8.054432,-0.014056,-0.205039,-0.08354,-0.7560120799043366,-0.14407195371799766,0.2684658309740696,3.1359214536585442,-0.016864672106430712,-0.004951775074779388
15.833737134933472,-4.726208,0.794876,-8.068448,-0.012134,-0.202717,-0.081199,-0.7560000069769215,-0.14409264644227496,0.2684294317323478,3.1359635430184034,-0.016883777190182293,-0.004883011921028124
15.843781471252441,-4.655672,0.774272,-8.095968,-0.011011,-0.20568,-0.081763,-0.7559983733046106,-0.14411921736592492,0.2684077553118579,3.135948825686423,-0.016781670701836168,-0.004815378739844729
15.853710174560547,-4.734096,0.788828,-8.125312,-0.011794,-0.206149,-0.082822,-0.7560055279337565,-0.14410509394884957,0.26846855447521545,3.1359629443744974,-0.016858336656203694,-0.004945272796599732
15.863887548446655,-4.691904,0.802424,-8.095648,-0.011659,-0.20563,-0.08323,-0.7560100790865181,-0.14407304755843056,0.2684540916523915,3.1359677256882654,-0.01677567985534889,-0.004983208094608328
15.873834371566772,-4.754984,0.80146,-8.07408,-0.011078,-0.204532,-0.080592,-0.756002652182448,-0.14410455662066113,0.26844974713826547,3.135935232053389,-0.016756604334607173,-0.004953430516401235
15.88364863395691,-4.66604,0.780168,-8.095296,-0.012139,-0.20613,-0.081972,-0.7560124671085791,-0.14411236912590558,0.26842357608793066,3.1359265844439066,-0.016729140164198148,-0.004933408848708796
15.893723011016846,-4.703728,0.788864,-8.130272,-0.013132,-0.206941,-0.084001,-0.756012228612749,-0.144087380561102,0.268423987897547,3.135926890541846,-0.016774579370926704,-0.004898907860495942
15.905709981918335,-4.720152,0.79678,-8.098272,-0.011281,-0.204995,-0.081573,-0.7560009861396113,-0.144107524666639,0.26844687953800866,3.1359506320249553,-0.01669542587889208,-0.004967511802396759
15.915678024291992,-4.725928,0.773676,-8.151104,-0.010239,-0.205508,-0.081699,-0.7560051474729604,-0.1440769749060877,0.2684265467239905,3.13590542690501,-0.01685789586503935,-0.004926158809980954
15.925702571868896,-4.667176,0.754016,-8.104352,-0.010594,-0.204845,-0.081914,-0.7560090039706946,-0.14410406265145237,0.2684255756498448,3.1359749089941698,-0.01682010684450368,-0.004947446576358746
15.93566370010376,-4.706472,0.74034,-8.11664,-0.008769,-0.202677,-0.07963,-0.7560191562172276,-0.14406028059599624,0.26845957903323725,3.135969871305646,-0.01689092723196838,-0.00508408240770226
15.945704698562622,-4.630664,0.802132,-8.014848,-0.006377,-0.200562,-0.079193,-0.7560106872286274,-0.14410041364190673,0.26843383541208754,3.135908690555972,-0.01685236907544275,-0.00499649104952229
15.955692291259766,-4.643896,0.717236,-8.106848,-0.00713,-0.20008,-0.080173,-0.7560040560400038,-0.14412201265067834,0.26845005483706064,3.135953177875245,-0.016799802617275258,-0.0050379203853846005
15.96573781967163,-4.589944,0.778524,-8.060384,-0.007743,-0.20041,-0.079973,-0.7560079451099178,-0.14413214109263767,0.26841252258141923,3.1359093888679346,-0.016806748052061317,-0.0049560697078690555
15.975656986236572,-4.521336,0.711452,-8.069632,-0.005186,-0.198488,-0.078947,-0.7559985547341677,-0.14411799527304173,0.26847218052850447,3.135924511206273,-0.016736147609226325,-0.005073101090700439
15.985721826553345,-4.559848,0.709108,-7.991072,-0.005724,-0.197473,-0.079372,-0.7560155708635249,-0.14411276540233134,0.26842475809852295,3.1359453731130467,-0.016806908037991192,-0.005046353943650496
15.995681762695312,-4.497048,0.747968,-8.03824,-0.005163,-0.198202,-0.078834,-0.7560190796376893,-0.14406909195852424,0.26844564456983155,3.1359715577875202,-0.016974158069721995,-0.005119714597135347
16.005781650543213,-4.5144,0.749748,-7.968544,-0.003014,-0.19584,-0.078904,-0.7560162931290986,-0.14407986374396534,0.26845388020672123,3.1359324038515033,-0.01688415348442762,-0.005097993952764127
16.01569890975952,-4.498664,0.747824,-8.036864,-0.004058,-0.196382,-0.078935,-0.7560071334470422,-0.14412618369026195,0.26847380996992104,3.1359099646560735,-0.016809634096043025,-0.005216952400918699
16.025733709335327,-4.494648,0.764692,-7.996512,-0.001747,-0.194718,-0.079,-0.7560290251899536,-0.14405549167653797,0.2684099023073305,3.1359863542202415,-0.016826704167103676,-0.00508436182467145
16.03569793701172,-4.522944,0.774772,-8.070336,-0.003579,-0.19699,-0.078814,-0.7560108797846454,-0.14410745278671636,0.2684329446415681,3.1359401001113625,-0.01676060169178748,-0.005131239879486454
16.045661211013794,-4.4868,0.668268,-7.99312,-0.004733,-0.195665,-0.078556,-0.7560243736067344,-0.14408678444301254,0.26842482456092565,3.135956025766673,-0.01681244590136588,-0.005136532676993464
16.05568289756775,-4.442064,0.68952,-8.013344,-0.002411,-0.194795,-0.078282,-0.7560127832917725,-0.14410957373739106,0.26837161173012936,3.1359785455961955,-0.01672264407178056,-0.00501588935898875
16.065733194351196,-4.488032,0.719616,-8.027232,-0.002575,-0.194857,-0.079235,-0.756009746272623,-0.1440850207264373,0.2684102753608343,3.1359734935896717,-0.0167544233001602,-0.005067340565718292
16.075754404067993,-4.519288,0.741744,-8.049344,-0.003508,-0.196681,-0.079174,-0.756004225269025,-0.14413308880760162,0.268437769845645,3.135932572422508,-0.016715428784780408,-0.00513661473562989
16.087735652923584,-4.48856,0.671796,-8.015904,-0.002972,-0.19572,-0.078048,-0.7560048668725347,-0.14412588193618273,0.26837969343647466,3.1359385990305104,-0.016736827706056927,-0.004998297249613929
16.09975790977478,-4.4898,0.76868,-8.06448,-0.003276,-0.196531,-0.079801,-0.756010725165102,-0.1440786774677253,0.26840237805279116,3.1359454621256004,-0.016811612426894083,-0.00503597945772853
16.109710216522217,-4.502664,0.71372,-8.082464,-0.003573,-0.19768,-0.078315,-0.7560153531091984,-0.144091660620939,0.2683862480220943,3.1359415785851597,-0.016811293648004384,-0.00500429753095138
16.119660139083862,-4.528616,0.75164,-8.042464,-0.005752,-0.196977,-0.075976,-0.7560305920788044,-0.14405722870516477,0.2684111550477146,3.135911561063126,-0.016863472915690816,-0.0051277302038795335
16.129700660705566,-4.54212,0.738828,-8.113408,-0.004939,-0.199572,-0.080636,-0.7560239510355561,-0.14408095506332375,0.2683794934244209,3.135924377978764,-0.01681244343446312,-0.005041720553612777
16.141683340072632,-4.569608,0.750168,-8.128352,-0.004592,-0.19966,-0.077799,-0.7560142376651574,-0.14409469032458452,0.26837725658052564,3.135944517251911,-0.016893932139614844,-0.005054244362485693
16.15170669555664,-4.599656,0.7539,-8.156,-0.006378,-0.201216,-0.07976,-0.7560127870225954,-0.1441235064942865,0.26837834547780726,3.135928345186561,-0.01678651584387782,-0.005090873191057442
16.161711931228638,-4.618744,0.72244,-8.178592,-0.004999,-0.201302,-0.080186,-0.7560110569007672,-0.14408762168710026,0.268361861445889,3.1359243873464986,-0.016862097787044665,-0.005007109843073049
16.171773672103882,-4.643584,0.744172,-8.244704,-0.007771,-0.203651,-0.079947,-0.7560093600216452,-0.1440862665564954,0.2683353910671855,3.135938479598059,-0.016906441603657153,-0.004931184982045628
16.181876182556152,-4.607104,0.774116,-8.155424,-0.008302,-0.203725,-0.079044,-0.7560063237250951,-0.14411174534759727,0.2684111539194644,3.1359643458171016,-0.016789639812309742,-0.005176389898398501
16.19171643257141,-4.63668,0.731088,-8.173504,-0.008533,-0.20347,-0.080472,-0.7560160926407428,-0.14410068626024644,0.26839275967223036,3.135940632321317,-0.01682445134007322,-0.005123779083705657
16.201704263687134,-4.584864,0.7717,-8.146304,-0.009057,-0.203764,-0.080244,-0.7560164158697166,-0.14408088739288716,0.26836472622626295,3.135981640852264,-0.016850840519325262,-0.00507693119608602
16.21368145942688,-4.651064,0.728804,-8.211616,-0.008358,-0.204619,-0.079406,-0.7560214354267697,-0.14410420710518207,0.2684095620388208,3.135997491518941,-0.01675516395240084,-0.005183437020894815
16.22370457649231,-4.652056,0.787816,-8.181472,-0.008251,-0.204839,-0.079559,-0.7560130462140493,-0.14409963240713877,0.2683638738264879,3.1359859199896762,-0.01681098644529325,-0.005088923423198567
16.23581552505493,-4.648296,0.76806,-8.274944,-0.008911,-0.206681,-0.080784,-0.7560111574037084,-0.14409658851146762,0.2683746398618729,3.135981880084114,-0.01683060418623305,-0.0050670914070432395
16.245702266693115,-4.67568,0.755396,-8.274176,-0.011594,-0.208683,-0.080911,-0.7559954033430719,-0.1441286539663699,0.26838791950558205,3.1359201587324335,-0.016834472745360762,-0.005100329079425803
16.255747079849243,-4.707864,0.768764,-8.274272,-0.01113,-0.207105,-0.079029,-0.756018456095905,-0.14406863890775642,0.26834469846219633,3.1359448186317187,-0.016966602345610732,-0.005001078322408168
16.265714168548584,-4.66516,0.754832,-8.235808,-0.010292,-0.208598,-0.080955,-0.7560170987003009,-0.14408537418238176,0.2683879913319466,3.135936274540581,-0.016773050210269303,-0.005151895439934967
16.275880575180054,-4.665024,0.748012,-8.289376,-0.009626,-0.207263,-0.081732,-0.7560203517025265,-0.1440859819999208,0.268369473877055,3.1359068783859336,-0.016836173131043332,-0.005110297642630681
16.28571844100952,-4.642592,0.751568,-8.224,-0.007717,-0.206988,-0.079362,-0.7560134684932299,-0.14410802535286793,0.26835776900674435,3.1359353886144747,-0.016848717569960304,-0.005100180647181796
16.29572081565857,-4.703304,0.738936,-8.316384,-0.008524,-0.208686,-0.080323,-0.7560180113665393,-0.14410348801370257,0.26840282081787725,3.135945323529833,-0.016859665396692886,-0.005304030543018735
16.305681467056274,-4.689928,0.796268,-8.276544,-0.011505,-0.208791,-0.08003,-0.7560192425924431,-0.1441068436685686,0.2683517931817555,3.1359481195514305,-0.01678970601199177,-0.0051357197802336055
16.31564450263977,-4.758032,0.728964,-8.327776,-0.011273,-0.208693,-0.080382,-0.7560256631456689,-0.14409973347291194,0.26839768468147834,3.135950929254871,-0.016766786206924983,-0.005198308713793328
16.32573366165161,-4.691056,0.778176,-8.301472,-0.013494,-0.212078,-0.082584,-0.7560170152240785,-0.14407535912719482,0.268367679699583,3.135910748590657,-0.016844663002031444,-0.0051653908094716474
16.335716009140015,-4.730096,0.73878,-8.361088,-0.011505,-0.211189,-0.080704,-0.756011238317387,-0.14411047608015606,0.26833366696968847,3.1359689069449654,-0.016809436862768264,-0.005129845173768962
16.345704078674316,-4.74672,0.774904,-8.33808,-0.011417,-0.210389,-0.081751,-0.7560040166128983,-0.14411359206263696,0.2683906117401843,3.135901130138085,-0.01682279734317729,-0.005203862666537325
16.35768961906433,-4.739776,0.74112,-8.416128,-0.010511,-0.211539,-0.081531,-0.7560127949376192,-0.1441265525071144,0.2683562436756496,3.1359318577748554,-0.016758604443883232,-0.005146264724078126
16.369683980941772,-4.79664,0.706964,-8.309024,-0.009902,-0.209083,-0.079372,-0.756000004993155,-0.14411325226866442,0.26837442246964105,3.1359730836508914,-0.01680949847635229,-0.005143412724250015
16.379788637161255,-4.701784,0.780524,-8.342944,-0.011172,-0.211036,-0.081377,-0.7560171375966335,-0.1440867161304983,0.2683448195270188,3.135956542493547,-0.01682902696479938,-0.0051616371928825695
16.389775037765503,-4.698,0.736896,-8.3704,-0.011807,-0.210803,-0.080195,-0.7560223082346533,-0.1440814977792279,0.2683345072640938,3.135918592458571,-0.016823764061228184,-0.005120382736096324
16.399709701538086,-4.688272,0.755664,-8.321248,-0.01091,-0.209046,-0.080094,-0.7560115175988814,-0.14411091278062743,0.2683742413355377,3.135905161457511,-0.01683393901740456,-0.005215491767455905
16.41180157661438,-4.74708,0.721916,-8.378272,-0.01149,-0.21063,-0.081614,-0.7560082559284682,-0.14408642634783758,0.26833409870393804,3.135993329706845,-0.01683567744229747,-0.005115323165697116
16.421788454055786,-4.74916,0.773448,-8.35808,-0.011991,-0.211887,-0.081328,-0.7560127987122742,-0.14412182502781512,0.26831758384970383,3.1358899115291066,-0.016718518955435795,-0.005151509936210084
16.43177103996277,-4.785456,0.73518,-8.40736,-0.012946,-0.212564,-0.080528,-0.7560118827513315,-0.1441130065678434,0.2683433468084401,3.1359433764635467,-0.01678383364603008,-0.005160278628845454
16.44171977043152,-4.77084,0.79226,-8.388704,-0.012777,-0.211032,-0.080566,-0.7560063574291698,-0.14411850251327527,0.2683656111475734,3.135955847089141,-0.01667990246103225,-0.005170799293241387
16.45169496536255,-4.79564,0.730632,-8.398912,-0.013222,-0.212297,-0.080637,-0.7560228252238134,-0.14406194927207916,0.26828503717105356,3.135922936032676,-0.016874980175647175,-0.005084524767180381
16.461710929870605,-4.765616,0.742504,-8.352352,-0.01276,-0.213082,-0.079315,-0.7559968938360047,-0.14411478308373818,0.26837107740773364,3.1359340305173307,-0.01671738889203399,-0.005207427131376247
16.471755504608154,-4.7996,0.777316,-8.439968,-0.01252,-0.213076,-0.080984,-0.756015019432198,-0.1440969812760678,0.26834743827931773,3.135921753257272,-0.01678996591882082,-0.005205737677024338
16.48167872428894,-4.708328,0.749316,-8.37392,-0.011783,-0.212759,-0.081895,-0.7560222746620899,-0.14409871328557014,0.26835259897364805,3.1359050485937785,-0.01676293327335197,-0.005254137992409491
16.493706941604614,-4.798192,0.696172,-8.438176,-0.012459,-0.212772,-0.080532,-0.7560246908938395,-0.1440883431176861,0.2683229894315936,3.135976163505488,-0.016797584701721636,-0.005167100441351782
16.503782033920288,-4.746744,0.763736,-8.431456,-0.013483,-0.214848,-0.080738,-0.7560176928970902,-0.14406322171567998,0.2683701018442016,3.1359412469341814,-0.016892767094001285,-0.005274355038570348
16.513686180114746,-4.824528,0.747056,-8.483232,-0.014552,-0.214809,-0.080645,-0.756019697100505,-0.1440807667288679,0.26835065973751765,3.1359578880181136,-0.016899082382736946,-0.005235227986316193
16.5236554145813,-4.790888,0.767924,-8.47328,-0.015058,-0.216153,-0.080348,-0.7560177929224691,-0.14409852265049636,0.26834035700622255,3.135963383660959,-0.016797442592042,-0.0051919044303241554
16.533700227737427,-4.815896,0.71972,-8.479616,-0.012998,-0.216017,-0.080624,-0.755993670757347,-0.14412263633865524,0.2683300402497572,3.1359478060183346,-0.01674347148076692,-0.00515321177998941
16.54371690750122,-4.818608,0.762876,-8.505376,-0.013767,-0.21668,-0.082299,-0.7560193443329257,-0.14409470494427803,0.26836690556330944,3.13594377179523,-0.01682015522616251,-0.005320348768423286
16.55368709564209,-4.821936,0.724724,-8.548832,-0.012626,-0.21691,-0.082985,-0.7560101896946206,-0.1441031362917245,0.26832074871852263,3.1359507261327195,-0.01679657363140841,-0.005167509256724901
16.563669681549072,-4.791664,0.761988,-8.495744,-0.012846,-0.216966,-0.080859,-0.7560258526297241,-0.14406844675715227,0.26831453935086297,3.1359251558171373,-0.016835098227034658,-0.005183714620079681
16.573774337768555,-4.880408,0.725216,-8.552448,-0.014625,-0.217218,-0.081076,-0.7560225899947601,-0.14406281936799653,0.26829913124773463,3.1359479680287987,-0.016868024049892003,-0.005107123037152614
16.58381962776184,-4.84648,0.726548,-8.49808,-0.015962,-0.218241,-0.08153,-0.7560091529617502,-0.14413224027407895,0.26833796651617703,3.1359430320552226,-0.0166859180597367,-0.005217039707157368
16.593719005584717,-4.828048,0.754312,-8.588608,-0.013431,-0.218054,-0.082002,-0.7560138230952405,-0.14407598285900758,0.26827653024739095,3.1359398658743878,-0.01681056790757125,-0.005086102396395276
16.601707696914673,-4.831888,0.755692,-8.521952,-0.014903,-0.21853,-0.08223,-0.7560157742848506,-0.14411578948154957,0.2683155642711096,3.135949771614893,-0.016788602768258748,-0.005231853522004476
16.611703395843506,-4.867288,0.746,-8.599264,-0.014488,-0.219187,-0.082351,-0.7560077311684686,-0.14411460253200364,0.2683399792591201,3.1359258081327575,-0.01686708444556891,-0.005210323583494434
16.623718976974487,-4.86616,0.757436,-8.576064,-0.013809,-0.219219,-0.08208,-0.756022520984504,-0.1440815793938253,0.268374260903676,3.1359732607210953,-0.016874696224779915,-0.005339636614614639
16.633880853652954,-4.879528,0.733692,-8.559808,-0.014881,-0.218868,-0.081091,-0.7560319298176301,-0.1440892608714753,0.26836338318892156,3.1359656977307493,-0.01682146956343912,-0.00535767016268032
16.643821716308594,-4.870304,0.72386,-8.538528,-0.01499,-0.218888,-0.081802,-0.7560269902410492,-0.14410423871611694,0.2683214026559583,3.1359745736625686,-0.016826509497017,-0.005256157661420433
16.653745412826538,-4.917064,0.731264,-8.639424,-0.015331,-0.220295,-0.081569,-0.7560272474480308,-0.14409738626379257,0.26834213836180054,3.135940687395722,-0.016802743710039387,-0.00533820884744486
16.663787364959717,-4.89032,0.744776,-8.603616,-0.016085,-0.220063,-0.082204,-0.7560181686130492,-0.14411376625308606,0.2683424961983434,3.1359695789052213,-0.01676998044027184,-0.005294733386222871
16.67374348640442,-4.92964,0.729036,-8.661216,-0.014762,-0.220539,-0.081714,-0.7560137407176802,-0.1440994037043482,0.26835966851112714,3.135952188066513,-0.016839790106742223,-0.005347996261329913
16.68572449684143,-4.85928,0.746132,-8.606912,-0.015578,-0.220928,-0.082297,-0.7560313381220238,-0.14407903611172415,0.2683246328176229,3.135932957950477,-0.016840805272111493,-0.005329281105300043
16.693737268447876,-4.876208,0.72204,-8.666912,-0.015692,-0.221434,-0.080832,-0.7560334392916588,-0.1440930234034261,0.26833386691606154,3.135928651669999,-0.016839519234814616,-0.005331697686684987
16.703672647476196,-4.898856,0.7642,-8.630016,-0.015086,-0.221597,-0.081706,-0.75601061287931,-0.1441297715592264,0.26830491563191666,3.1359678693224526,-0.016737507227437626,-0.005215023236670486
16.71370244026184,-4.864864,0.74166,-8.646464,-0.015119,-0.22217,-0.081685,-0.7560169215615551,-0.14412851213652536,0.2683258102790217,3.1359124070585445,-0.01673098492586577,-0.005268412770624802
16.723747730255127,-4.890168,0.759068,-8.636064,-0.014816,-0.220427,-0.081492,-0.7560213986413453,-0.14409126761110058,0.26834220785413626,3.1359447471493267,-0.01685325344710895,-0.005330332297518838
16.733635187149048,-4.894344,0.724648,-8.635744,-0.01449,-0.22103,-0.081171,-0.7560106677268364,-0.14410097723746693,0.26833325194332835,3.135937165001392,-0.016821453284835336,-0.00526854673679039
16.743700742721558,-4.910072,0.726404,-8.607072,-0.014401,-0.22034,-0.080645,-0.7560281500371675,-0.14410583650246345,0.2683579195878778,3.13592337895653,-0.016762608840456234,-0.005429918180327276
16.75371551513672,-4.886928,0.715772,-8.666272,-0.015,-0.220713,-0.081712,-0.7560248002662917,-0.14410233864600397,0.26839130412861895,3.1359231797683655,-0.01676332622323043,-0.005451640624241789
16.763709545135498,-4.894688,0.743604,-8.576032,-0.015977,-0.221154,-0.080814,-0.7560329810537664,-0.144063484646579,0.2683222548313169,3.135940777759791,-0.016873004356111672,-0.0053065401998602215
16.773702144622803,-4.906912,0.733372,-8.670112,-0.015177,-0.222299,-0.081725,-0.7560216903387725,-0.1440983330338701,0.26834982565003596,3.135907403873785,-0.01683185451930219,-0.005381256597710524
16.783729314804077,-4.909624,0.748696,-8.633952,-0.01593,-0.221938,-0.082462,-0.7560181265545325,-0.14410858133442908,0.2683237166255329,3.1359872878808144,-0.016846243514846915,-0.005284697862823305
16.793687343597412,-4.88404,0.700904,-8.689152,-0.0148,-0.222432,-0.082208,-0.756031143457198,-0.1440721690200062,0.26835988526360843,3.1359765895300895,-0.016877986589606757,-0.0054028462536183635
16.80369210243225,-4.89188,0.781992,-8.62736,-0.015025,-0.222338,-0.080677,-0.7560077336851371,-0.1441030482757267,0.2682871582186032,3.1359177476863533,-0.0167639578397621,-0.005175028192387713
16.81371235847473,-4.928648,0.698196,-8.684512,-0.015139,-0.2223,-0.081797,-0.7560223763593322,-0.14412298790621167,0.26829055127738877,3.1359124702627916,-0.016806373352035348,-0.005225839927452205
16.825708150863647,-4.865944,0.725688,-8.63728,-0.015661,-0.22219,-0.08142,-0.7560127293211689,-0.14410635127358115,0.26827026701459367,3.135943805619879,-0.01677812028776384,-0.005114381892284365
16.83568549156189,-4.899904,0.745424,-8.711584,-0.015484,-0.222456,-0.080351,-0.7560204552339242,-0.1440992500653387,0.26829885856644925,3.1359229287971044,-0.016770975997306262,-0.005218037980110176
16.845664978027344,-4.855872,0.747452,-8.61952,-0.015702,-0.222214,-0.081221,-0.7560177424484168,-0.14411120646368003,0.26832888973918856,3.1359029155189955,-0.016800781565660994,-0.005365242440038884
16.857898473739624,-4.867024,0.75214,-8.698944,-0.014335,-0.221409,-0.082614,-0.7560319874066407,-0.14408195287413497,0.268327648574705,3.1359477306897396,-0.016819468532245238,-0.005370537602252633
16.867668628692627,-4.894264,0.690116,-8.63968,-0.014652,-0.221376,-0.08165,-0.7560293341465908,-0.14408881516907235,0.2683312157230166,3.1359355810201706,-0.01689581912134535,-0.005351452485918634
16.87774658203125,-4.900848,0.736408,-8.67152,-0.014377,-0.221054,-0.080813,-0.75601734157412,-0.14412124082572736,0.2683063193336906,3.1359295868756147,-0.01667684866833833,-0.005317143280734891
16.887693643569946,-4.90732,0.699848,-8.666144,-0.014699,-0.222299,-0.081336,-0.756015613846781,-0.14411109695561583,0.2683190493365244,3.135962561059233,-0.016718011569260484,-0.0053000876447168764
16.897700309753418,-4.911736,0.755936,-8.660032,-0.014426,-0.221366,-0.080933,-0.7560249959095512,-0.1440935529101864,0.2683580381302318,3.135955365698147,-0.016806597126918003,-0.005440796012645996
16.907746076583862,-4.876808,0.694916,-8.67696,-0.014918,-0.222297,-0.082681,-0.7560351638639305,-0.14409601886094572,0.2682863386807206,3.13593400758639,-0.01684626188336888,-0.005245441154511106
16.91767120361328,-4.876224,0.72322,-8.695488,-0.013988,-0.220599,-0.080725,-0.7560102102712368,-0.14410665251683177,0.2683178661020807,3.1359484060742893,-0.016781101308546667,-0.0053238183585308605
16.927669525146484,-4.881296,0.682264,-8.649952,-0.013279,-0.220316,-0.081046,-0.7560166986731127,-0.14412041966894976,0.26835325699161916,3.1359349860634342,-0.016875184775755916,-0.005392534867611425
16.93975305557251,-4.902904,0.727016,-8.669248,-0.013048,-0.219962,-0.08121,-0.7560226029763952,-0.14408691849216462,0.2683607406431381,3.1359292907923515,-0.016940205574629472,-0.00543743536217126
16.94978904724121,-4.86368,0.702512,-8.668704,-0.012118,-0.219329,-0.080287,-0.7560184336718504,-0.14413009698979506,0.26834733629546165,3.1359630310640805,-0.01675975202657338,-0.00544392446614373
16.959734201431274,-4.875232,0.716588,-8.646976,-0.012331,-0.219784,-0.081207,-0.7560300470936073,-0.14409804347325728,0.2683193740974119,3.135911707229384,-0.016850445016019254,-0.005367701108183951
16.9697048664093,-4.864448,0.698084,-8.657376,-0.013631,-0.220252,-0.080867,-0.756017160155186,-0.14411482962509678,0.2683214326236528,3.1359243484265926,-0.0168334181390368,-0.005318698389059665
16.979714155197144,-4.857016,0.69938,-8.629632,-0.013206,-0.220024,-0.081468,-0.7560261916893956,-0.14410264045158175,0.2683471249779037,3.1359549819265418,-0.016812731097829717,-0.00545851663712964
16.989670276641846,-4.833872,0.724188,-8.64912,-0.012705,-0.219528,-0.080569,-0.7560282764532852,-0.1441100691342623,0.26837409885086067,3.1359377585352717,-0.01680032341758858,-0.005536896546815736
16.999679803848267,-4.854008,0.72446,-8.630592,-0.011833,-0.218954,-0.080291,-0.7560397299979892,-0.14408834205155896,0.2683125873898095,3.1359187449229964,-0.016825021327539394,-0.005390729432645997
17.009727001190186,-4.853568,0.707596,-8.647968,-0.012647,-0.219252,-0.080504,-0.7560295357729786,-0.1440834878444862,0.2683025870546417,3.1359564117313576,-0.016871648155219292,-0.005332990887862288
17.019669771194458,-4.858944,0.715616,-8.67248,-0.012274,-0.21925,-0.08034,-0.7560267673093055,-0.14408911894882934,0.2683294842197919,3.1359433508937196,-0.016805234703004605,-0.005378762383258125
17.02971076965332,-4.861336,0.6917,-8.645216,-0.013187,-0.220397,-0.081421,-0.7560375205869035,-0.1440819702990626,0.2683148083749199,3.1359139683313333,-0.01683869840128992,-0.005417439089055504
17.03966784477234,-4.859024,0.691088,-8.675936,-0.013356,-0.219959,-0.080829,-0.7560114338731555,-0.14410052837161136,0.2683298699017917,3.1359193920575943,-0.01681816891078721,-0.0053400533532454815
17.049683094024658,-4.829392,0.679432,-8.663456,-0.013828,-0.220942,-0.081182,-0.7560266081336624,-0.14409698551724323,0.26834104315744445,3.1359557641474867,-0.016819838967857038,-0.005404277638728105
17.059699773788452,-4.869504,0.6965,-8.647744,-0.013249,-0.219582,-0.081296,-0.7560285730253891,-0.14408651960639868,0.2682959744860895,3.1359941716894197,-0.01679495940866685,-0.005356343724465379
17.06971287727356,-4.884096,0.687372,-8.664672,-0.013957,-0.221013,-0.080937,-0.7560258332257818,-0.14412211396613842,0.2682996005542532,3.1358866088288404,-0.01679343216329682,-0.0053364689722747915
17.07979393005371,-4.850816,0.751708,-8.66224,-0.013736,-0.220678,-0.07944,-0.7560341283219472,-0.14410468096168796,0.26833758493962895,3.1359007283991334,-0.016849610365571442,-0.005498793418013695
17.089716911315918,-4.854944,0.667364,-8.688512,-0.013446,-0.221439,-0.079908,-0.7560261138179154,-0.1440856294805748,0.26835974901275256,3.135908885938243,-0.016857185813748857,-0.005468038337700283
17.099649906158447,-4.856408,0.736584,-8.65152,-0.013784,-0.220873,-0.081009,-0.7560164078444662,-0.14411782316867836,0.26833732698453183,3.1358936131039195,-0.016773517111232372,-0.005424012506796206
17.109814405441284,-4.866856,0.696652,-8.664704,-0.013981,-0.222077,-0.081618,-0.7560326678388792,-0.1440918382175335,0.2683075677823277,3.135906402920529,-0.016863625417985514,-0.005396074547553389
17.11968231201172,-4.832504,0.67926,-8.687552,-0.014445,-0.221709,-0.080644,-0.7560241843315219,-0.14410113415387538,0.2683022540504199,3.1359367463285754,-0.016870751844000775,-0.005334489262708364
17.129669189453125,-4.836696,0.700112,-8.670336,-0.014172,-0.222279,-0.080661,-0.756025873257519,-0.14408635674788817,0.26832154671038244,3.135960724007053,-0.016839245982223215,-0.005379641409814241
17.139599323272705,-4.854968,0.728928,-8.660512,-0.013166,-0.220576,-0.079069,-0.7560346461820747,-0.14407688099992552,0.26832941536442495,3.1359298354844944,-0.016871448569947444,-0.005429986424853178
17.149681329727173,-4.845256,0.683136,-8.66816,-0.013059,-0.220627,-0.081655,-0.7560122414433642,-0.14411719218480729,0.2683386448462685,3.1359680830490304,-0.016696450213409576,-0.005418222184633652
17.161702871322632,-4.843168,0.72064,-8.634496,-0.013131,-0.221117,-0.080001,-0.7560269876008909,-0.14412772308879143,0.26832591084394014,3.1358975112847247,-0.016784213369132973,-0.005444749473874469
17.173676252365112,-4.862488,0.696084,-8.69808,-0.012021,-0.220856,-0.080906,-0.7560265054049903,-0.14408072590193002,0.26833009981036027,3.1359243507883567,-0.016939635424507705,-0.005473892222375259
17.183783531188965,-4.87244,0.666752,-8.63968,-0.012801,-0.2197,-0.080345,-0.7560257122210289,-0.14410107473092587,0.26831343880193853,3.1359709661987027,-0.01683197314342961,-0.005486106524660492
17.193676710128784,-4.900312,0.711204,-8.680992,-0.012614,-0.220213,-0.080705,-0.7560207631435258,-0.14408308333125722,0.2683551103151445,3.135933693828643,-0.016875665582868453,-0.005486769445926724
17.203692197799683,-4.87168,0.70966,-8.650912,-0.013032,-0.221315,-0.080569,-0.756008690947461,-0.14412484221123373,0.2683424219139342,3.1359462673291887,-0.01673549437568634,-0.005484815271639273
17.213699340820312,-4.867816,0.652348,-8.693568,-0.012849,-0.220363,-0.079647,-0.7560358911074017,-0.1441060284081016,0.26834109071323997,3.1359216358807824,-0.01679186611455449,-0.005529520593033235
17.22378444671631,-4.8256,0.681484,-8.652544,-0.012749,-0.221071,-0.08038,-0.7560211769125815,-0.14409403467894213,0.2683654064501815,3.1359838542529523,-0.016843304302774306,-0.005495183007900802
17.233698844909668,-4.836984,0.71576,-8.706528,-0.012884,-0.221632,-0.080555,-0.7560373750893417,-0.1440925202731522,0.26833193048636983,3.1359324170497755,-0.016868855225071564,-0.005571701319273364
17.24368953704834,-4.87564,0.712708,-8.624416,-0.013199,-0.219276,-0.077905,-0.756011606642154,-0.14413401583122207,0.26832047231034295,3.135923202146193,-0.0167913375728689,-0.005403891730859767
17.25374150276184,-4.872048,0.6727,-8.70128,-0.013585,-0.221437,-0.081374,-0.7560299519804088,-0.144098751539929,0.26835147951924565,3.1359260081599047,-0.01679388329125464,-0.005525160406891242
17.26370882987976,-4.877544,0.740424,-8.671712,-0.013637,-0.222176,-0.080734,-0.7560257435596738,-0.14409302676034488,0.2683664707164673,3.135982390024079,-0.01678737578925666,-0.00558568437021981
17.273699045181274,-4.897296,0.62228,-8.696864,-0.013918,-0.221516,-0.079958,-0.7560338973192656,-0.14408685785321892,0.26832603650054926,3.1359214107603046,-0.016883347297689626,-0.005504066742325768
17.28384518623352,-4.87724,0.740036,-8.71136,-0.014276,-0.222517,-0.081305,-0.7560193533395599,-0.14414882086101602,0.2683349634733113,3.1359322368256963,-0.016839641336976515,-0.005575329130482523
17.29372239112854,-4.881752,0.662328,-8.748288,-0.014479,-0.223612,-0.080931,-0.7560306258276187,-0.14410611718173805,0.2683226473780992,3.135954524931284,-0.016817228860734838,-0.005480414708447959
17.303678274154663,-4.92488,0.691824,-8.690688,-0.015439,-0.222484,-0.079894,-0.7560201190142538,-0.1441055957874091,0.26829909942055363,3.135925441001541,-0.01683706779577997,-0.0054288475210890735
17.313658475875854,-4.878008,0.694372,-8.745568,-0.016093,-0.224232,-0.080571,-0.7560096540712219,-0.14413210723785785,0.26833660126991016,3.135976017821396,-0.016708102044410478,-0.0054812824255279875
17.32362127304077,-4.90432,0.671184,-8.718944,-0.015988,-0.224776,-0.080481,-0.7560249908128387,-0.14409848959131344,0.2683332856499264,3.1359616770963576,-0.016888789752226588,-0.005483073116767986
17.33369207382202,-4.965376,0.700824,-8.767296,-0.01644,-0.224584,-0.081298,-0.7560254531112295,-0.14410271901973257,0.26833093538469066,3.1359541357792273,-0.01680516483526648,-0.005511412444636389
17.343671798706055,-4.933624,0.7484,-8.729152,-0.017047,-0.224659,-0.081012,-0.7560460176671887,-0.14409261634880233,0.2683549432022456,3.135930867251092,-0.01694449124098256,-0.00565091391818389
17.353683948516846,-4.927208,0.675084,-8.808032,-0.014648,-0.224977,-0.082131,-0.7560355186300284,-0.14409206979999842,0.2683817386720435,3.135935113068927,-0.016860451291099525,-0.005692500506083359
17.3637113571167,-4.943152,0.701608,-8.72624,-0.016072,-0.22458,-0.080491,-0.7560190677604935,-0.1441226297579764,0.26833157601085766,3.1359130466367127,-0.016822999695659865,-0.005471102670196775
17.373661994934082,-4.973072,0.682904,-8.801152,-0.016345,-0.225834,-0.08145,-0.7560337304512782,-0.14406709044337263,0.268333226693945,3.135937448073114,-0.016882239288752654,-0.005522203971062013
17.383710861206055,-4.952096,0.701132,-8.774528,-0.015446,-0.22668,-0.080938,-0.7560225285914489,-0.1441126470250832,0.2683266587897654,3.1359448726595462,-0.016861871186910057,-0.005526647256701092
17.393686056137085,-4.976256,0.694524,-8.826176,-0.017401,-0.226734,-0.081378,-0.7560363872569916,-0.14407817624123306,0.26836601592298004,3.1359494489969397,-0.016888393069564266,-0.0056157461619710134
17.403756618499756,-4.973856,0.694736,-8.822592,-0.016238,-0.226169,-0.080814,-0.7560333790749215,-0.14413517834038722,0.26830286945875,3.1358795976039437,-0.016803235576586764,-0.0055108634977547215
17.413673639297485,-4.973584,0.686656,-8.802336,-0.016657,-0.226382,-0.082031,-0.7560280419885387,-0.1441143222859684,0.2683101403056387,3.1359304666543673,-0.01668410640253931,-0.0054509986921652265
17.42365837097168,-4.980664,0.718128,-8.802048,-0.01703,-0.227624,-0.081422,-0.7560310237877136,-0.14411738811862274,0.2683788302662284,3.135930429203011,-0.016872552453072738,-0.0057038967585015974
17.433684587478638,-4.992504,0.669468,-8.837024,-0.017735,-0.227615,-0.08285,-0.7560234517743767,-0.144112264651987,0.26832624389045845,3.135949400152554,-0.016803431183427815,-0.00553648489432938
17.44389510154724,-4.946032,0.718156,-8.78736,-0.017275,-0.227948,-0.082025,-0.75603860631354,-0.14410879343124208,0.2683644216594102,3.13592627324394,-0.016846548569658764,-0.005676819110265377
17.453876972198486,-4.977968,0.651232,-8.853024,-0.016525,-0.228572,-0.082182,-0.7560275999673645,-0.14410729066141076,0.26835853512633245,3.135940519407142,-0.016899134648694605,-0.005589759961267408
17.463685512542725,-5.003944,0.711328,-8.811744,-0.017982,-0.2282,-0.082044,-0.75602356052088,-0.14408824137069423,0.2683601843020661,3.135972947060062,-0.01686878845960288,-0.005635884989553693
17.47367787361145,-4.999664,0.67574,-8.848512,-0.017411,-0.229123,-0.081218,-0.7560368593300566,-0.14410068236541324,0.2683358017374613,3.135940817298343,-0.01679796695040956,-0.00561263386619413
17.48380136489868,-4.973128,0.708728,-8.818528,-0.017924,-0.22903,-0.083081,-0.756028988905125,-0.14409296930853166,0.26828817265646243,3.1359969057671733,-0.01681057047660281,-0.005447552009146383
17.49366545677185,-5.00972,0.67968,-8.8968,-0.016439,-0.227705,-0.081452,-0.756026855066874,-0.14408399849058964,0.26831109205711173,3.135984538486949,-0.016793027936538116,-0.005460761109356691
17.503793001174927,-4.98328,0.708508,-8.838816,-0.016754,-0.22777,-0.080844,-0.7560214125024071,-0.14413819516740814,0.2683679367417193,3.135947964710606,-0.016750375820374575,-0.005657430917344434
17.51565194129944,-4.966112,0.68002,-8.875744,-0.016657,-0.228824,-0.082671,-0.7560453746135929,-0.1440727535666974,0.2683607363294619,3.135913813421885,-0.016911235515016863,-0.0056946069822472805
17.52567434310913,-4.980288,0.715252,-8.820512,-0.015261,-0.226748,-0.083742,-0.7560295274275524,-0.14408905935663932,0.26835342169586607,3.1359658501394296,-0.016810319950008496,-0.005627009360199028
17.535691738128662,-4.988608,0.674104,-8.845984,-0.015772,-0.226493,-0.081686,-0.7560328499894413,-0.14408968683934503,0.2683219710132898,3.1359368475805898,-0.01684812948671303,-0.0055668808947230974
17.543736457824707,-4.94632,0.70054,-8.7936,-0.015448,-0.22708,-0.08065,-0.7560378404286938,-0.1440984308553163,0.268342744578053,3.1359409458706793,-0.016867062279985648,-0.005578087019126315
17.553689002990723,-4.979016,0.689716,-8.830912,-0.016395,-0.226887,-0.080098,-0.7560291689727909,-0.14411349351495942,0.26830140796647817,3.1359387502596348,-0.01679174477632885,-0.005454174443499548
17.565680027008057,-4.915032,0.693304,-8.811136,-0.013932,-0.226867,-0.081843,-0.7560460443597792,-0.1440585723321708,0.2683547710677341,3.135955080497273,-0.016870170941616292,-0.005666023295762201
17.5756618976593,-4.971632,0.645852,-8.8496,-0.014254,-0.226114,-0.080865,-0.756041867584543,-0.14408818835702394,0.2683760421323386,3.1359505951347275,-0.016859516196414882,-0.005742313854437079
17.58374261856079,-4.928784,0.702608,-8.813472,-0.014901,-0.226998,-0.08242,-0.7560266964276169,-0.14411803385729394,0.2682927214609348,3.1358928744972996,-0.016834977857697088,-0.005468688499217913
17.593657970428467,-4.977072,0.611968,-8.869376,-0.014487,-0.226086,-0.08085,-0.7560277543743318,-0.1441163238109016,0.2682984114301862,3.135910000647456,-0.016784352385328875,-0.005495196970437295
17.60370969772339,-4.958568,0.701472,-8.784928,-0.014197,-0.225812,-0.081127,-0.7560353035552467,-0.14409585397738087,0.2683310461504821,3.135931979908329,-0.016898920118644786,-0.005585217640608267
17.615679025650024,-4.96876,0.66018,-8.84816,-0.014398,-0.225979,-0.082161,-0.7560221056252283,-0.14412375740719163,0.2683237421348061,3.135970386294047,-0.01675116571371764,-0.005554183389252292
17.625728845596313,-4.897848,0.70228,-8.780256,-0.01323,-0.225941,-0.079124,-0.756040321931747,-0.14410917530851883,0.2683571515414359,3.1359806539680792,-0.016765350922950603,-0.005708145997050538
17.635687351226807,-4.889912,0.694024,-8.828448,-0.013711,-0.226251,-0.082143,-0.7560381441540628,-0.1440980229954232,0.2683129760738673,3.136002085912993,-0.016804216183503945,-0.005619871662564204
17.645825147628784,-4.910832,0.673588,-8.749216,-0.014846,-0.226413,-0.080683,-0.756033860872283,-0.1441054279343272,0.2683232831961708,3.1359044155130227,-0.016846173494830387,-0.005565745497265996
17.65570092201233,-4.932784,0.674152,-8.85808,-0.014348,-0.225909,-0.08158,-0.7560425962904838,-0.14407756170451028,0.26831102896995085,3.135924006629027,-0.016863117491885148,-0.0055316983895359485
17.665693044662476,-4.928696,0.6577,-8.783456,-0.013577,-0.226244,-0.08116,-0.7560295277534549,-0.14414103938210265,0.2683519597806974,3.135943707382102,-0.016667890605631865,-0.005688600681586252
17.67573308944702,-4.943968,0.636412,-8.83376,-0.01484,-0.226703,-0.080786,-0.7560251120903785,-0.14412525293592696,0.268317729502255,3.1359209843539033,-0.016764166816742133,-0.005566921283052452
17.685708045959473,-4.93348,0.68808,-8.803936,-0.014385,-0.227272,-0.080229,-0.7560242175255122,-0.1441068821485804,0.26835610004393884,3.1359108919459144,-0.016822635695022372,-0.005624144654602707
17.69574785232544,-4.976792,0.676068,-8.866944,-0.014809,-0.226321,-0.080793,-0.7560340497905702,-0.14411202271820373,0.2683524069473006,3.1358942900506777,-0.01681410589802099,-0.005655631809481105
17.705695390701294,-4.93808,0.727384,-8.8216,-0.015223,-0.227502,-0.079639,-0.7560359644034239,-0.14411758150349502,0.2683538295176123,3.135963308627952,-0.016796228354935917,-0.005701702314057763
17.715708017349243,-4.982032,0.65076,-8.858272,-0.015024,-0.226769,-0.0807,-0.7560315361909189,-0.1441433437391122,0.2683256436752154,3.135886779731687,-0.016719731153182666,-0.005640779947256731
17.725682020187378,-4.94944,0.71464,-8.782048,-0.015769,-0.2273,-0.081489,-0.7560355256119612,-0.14412227718949466,0.26840001321531687,3.1359150361033095,-0.016783026635443628,-0.005757979189569306
17.73569345474243,-4.98612,0.673044,-8.876832,-0.014654,-0.227566,-0.080132,-0.7560356068400111,-0.14410156068506894,0.26830837189305756,3.1359329985282614,-0.016804480984565166,-0.005551401946742034
17.745673894882202,-4.957912,0.66772,-8.822048,-0.014784,-0.228243,-0.081025,-0.7560251630580267,-0.1441190761263543,0.26831482231022874,3.1359492308461134,-0.016732777703764093,-0.0055732258140500845
17.75774884223938,-4.950112,0.664368,-8.863392,-0.016108,-0.227799,-0.081652,-0.756033905130578,-0.14410492652222284,0.26837607955020604,3.1359300932553613,-0.016860864930073997,-0.005733971231540102
17.76761293411255,-4.98416,0.638888,-8.84688,-0.014608,-0.226979,-0.079853,-0.7560253029632308,-0.14411826697036498,0.26835160644997713,3.1359563999741407,-0.01675769360099481,-0.005665390283476618
17.77766489982605,-4.993328,0.701212,-8.855648,-0.015443,-0.227992,-0.080927,-0.7560309950148515,-0.14410901326539977,0.26828980307476497,3.1359252543254055,-0.016872998482084366,-0.005520409633621936
17.789700984954834,-5.007256,0.676028,-8.887424,-0.015326,-0.22759,-0.082135,-0.7560280230510467,-0.1441220238943469,0.26834990406407655,3.135928209181861,-0.016775586149486797,-0.005661673193859322
17.801663160324097,-4.970048,0.689388,-8.82448,-0.014973,-0.22839,-0.080554,-0.7560351689325696,-0.14411494606329714,0.26836013520318525,3.1359558376343206,-0.016835053539024102,-0.005707932794359775
17.811715602874756,-4.983072,0.649028,-8.882464,-0.015474,-0.228409,-0.08102,-0.7560385135751622,-0.14407007219979642,0.26832056447614927,3.135964383655249,-0.016896537459237138,-0.005591618293477802
17.821718454360962,-4.962872,0.695964,-8.864288,-0.015631,-0.228066,-0.082177,-0.7560353698702854,-0.14410685587986022,0.26835916100671175,3.135922268421898,-0.016870064204893658,-0.005737967826859749
17.833677530288696,-4.99652,0.664704,-8.899136,-0.015663,-0.227894,-0.079732,-0.7560285079875999,-0.14413052447891506,0.2683159397807874,3.1359249666148727,-0.016803160295144233,-0.005570441744111869
17.845774173736572,-4.955776,0.66596,-8.860576,-0.015329,-0.227732,-0.081629,-0.7560351631510824,-0.14409552315853666,0.26835373424768966,3.135934572414272,-0.016840495220371277,-0.005726609174689124
17.855672597885132,-4.983784,0.668584,-8.906112,-0.015022,-0.22814,-0.081166,-0.7560337336850829,-0.14409904043927477,0.26834801741254444,3.1359561859397713,-0.016823907534142382,-0.005689456369300767
17.865675926208496,-4.979416,0.640492,-8.873728,-0.016403,-0.228657,-0.079736,-0.7560372285242231,-0.1440424984109176,0.2683509061059576,3.1359677221942333,-0.016988417776015806,-0.005659578426970541
17.87572956085205,-5.00212,0.69562,-8.876768,-0.014377,-0.227318,-0.081874,-0.7560324991749193,-0.1440800358778649,0.26839444996696793,3.135929150833176,-0.016847833115587983,-0.0058108181397642285
17.885783433914185,-4.984672,0.664656,-8.86512,-0.01484,-0.229126,-0.081266,-0.7560491964424001,-0.1440799328397896,0.26830576868552336,3.1359686066097354,-0.016777351815596354,-0.005676173736286254
17.89564800262451,-4.944256,0.724444,-8.883584,-0.015504,-0.228791,-0.082383,-0.7560395430740863,-0.14410207505501915,0.26836380612211264,3.135925719544074,-0.01684792533052627,-0.0057137973688716195
17.90567374229431,-5.0114,0.688504,-8.869312,-0.015067,-0.228636,-0.080796,-0.7560325738013424,-0.14408087273098186,0.26835304227013346,3.1359558146426494,-0.016866789362930096,-0.005700290629524149
17.915706396102905,-5.023656,0.660732,-8.902528,-0.017634,-0.228818,-0.081238,-0.7560427570370727,-0.1440838991034639,0.26832174653946617,3.1359852240375434,-0.01688086160445869,-0.005637517037035804
17.927703380584717,-4.959248,0.669576,-8.852064,-0.016333,-0.229255,-0.082487,-0.7560455247761105,-0.1441147021464886,0.2683567838019988,3.1359013353574534,-0.01683954513109063,-0.00575045763371542
17.93768000602722,-4.994784,0.682968,-8.879072,-0.015522,-0.228266,-0.08103,-0.7560436452377283,-0.1440936678082036,0.2683070483743186,3.1359893600116533,-0.016859293839865074,-0.005650587640711044
17.947635173797607,-4.958936,0.67556,-8.852,-0.015685,-0.229863,-0.081015,-0.7560423922957511,-0.1440814333948116,0.26837409888170205,3.135950215149754,-0.01693107674963825,-0.00573761298992388
17.95767569541931,-5.024224,0.681268,-8.90128,-0.015567,-0.228652,-0.081311,-0.7560264750183925,-0.14407583924605222,0.268320875271744,3.1359724653242806,-0.016905724619007793,-0.005643855004100113
17.969672203063965,-5.003,0.629444,-8.883648,-0.015923,-0.229276,-0.08174,-0.7560323173882973,-0.1440883574543687,0.2683659601280833,3.135972722807184,-0.01682882037302661,-0.005673373413999172
17.979719638824463,-4.995112,0.720688,-8.868896,-0.015416,-0.229116,-0.081175,-0.7560389966717705,-0.14409962725920253,0.2683557721897087,3.1359496830301876,-0.01687909978601587,-0.005782761241687548
17.989720106124878,-5.04964,0.64614,-8.903392,-0.016187,-0.229438,-0.080612,-0.7560456039599442,-0.14407488059368626,0.2683879952085564,3.1359258335101425,-0.01684738201382402,-0.005815446778090342
17.999696731567383,-4.992096,0.679716,-8.897696,-0.016148,-0.229897,-0.079626,-0.7560443532961304,-0.1440835493712252,0.2684160407469592,3.1359280280269295,-0.016820466731234107,-0.005906257894094028
18.01163935661316,-5.048816,0.655152,-8.904096,-0.016011,-0.229025,-0.081152,-0.7560208775898615,-0.1441323152069658,0.26837713609151026,3.1359376604542137,-0.016839850078407118,-0.005703763194179897
18.021637678146362,-4.99168,0.687688,-8.887488,-0.015819,-0.229752,-0.081364,-0.7560442966862959,-0.14412598405807547,0.26833236050200504,3.135947792138626,-0.016844315642887152,-0.005724625016706675
18.031708002090454,-5.013136,0.656836,-8.917152,-0.015667,-0.229666,-0.081643,-0.7560307511590145,-0.14408532972875154,0.26828712520471604,3.1359365525218212,-0.016918142474264306,-0.005545794745169045
18.041725873947144,-5.006592,0.652564,-8.889312,-0.017257,-0.229675,-0.080626,-0.7560365552988193,-0.14410161799711804,0.2683824991446321,3.1359289036680624,-0.01685378849115814,-0.005817651150249315
18.051679849624634,-4.99328,0.619632,-8.932608,-0.016464,-0.230133,-0.080645,-0.7560338663216845,-0.14410672371501895,0.2683547757362448,3.1359463992592564,-0.016808260212862716,-0.005743401458519103
18.061702966690063,-5.00104,0.662192,-8.907008,-0.016472,-0.229747,-0.081685,-0.7560542292927057,-0.14407540716496262,0.26835052073254045,3.135922218666707,-0.016917017964590067,-0.005735123621811362
18.07168960571289,-5.017504,0.63716,-8.918176,-0.015822,-0.230516,-0.081915,-0.7560391477638039,-0.1440730565907074,0.26834980814706905,3.1359672830550482,-0.01680431113334542,-0.005760085662932668
18.081703186035156,-5.015168,0.66244,-8.887968,-0.015406,-0.229988,-0.081173,-0.7560351168212908,-0.1441184482944297,0.2683098298610245,3.135989980017836,-0.016827028977174294,-0.005615260754686182
18.09174609184265,-4.994032,0.655036,-8.944512,-0.015583,-0.230444,-0.081315,-0.7560399043111988,-0.14411813151897507,0.26836811233182556,3.135958223563304,-0.01669269474938314,-0.005802755778815264
18.10171627998352,-4.999192,0.65304,-8.917824,-0.016428,-0.230087,-0.080859,-0.7560632241207804,-0.14406311624429435,0.2683631661193747,3.1359532010757327,-0.017018027778663302,-0.005826594506473979
18.11175537109375,-4.98468,0.6343,-8.956224,-0.016999,-0.230665,-0.080933,-0.7560336365715086,-0.14412051688706923,0.26832764607367765,3.1359684986652514,-0.016826751818371708,-0.0056519313934821494
18.12174892425537,-5.010648,0.649196,-8.900192,-0.015549,-0.229769,-0.080812,-0.7560301096644649,-0.14412165409426447,0.26835208607279315,3.135955895873773,-0.01672476439689941,-0.005744409344693087
18.131739377975464,-5.008728,0.661472,-8.928704,-0.015273,-0.229411,-0.081661,-0.7560353194178905,-0.1440699268242313,0.2683339964457393,3.1359762442770247,-0.016865306003540158,-0.005703791881613328
18.141677141189575,-5.005968,0.673028,-8.864928,-0.015247,-0.228832,-0.080742,-0.7560505040559319,-0.14409677021775957,0.2683664967000877,3.1359568432765372,-0.016839669883536124,-0.0058392198881680145
18.15371561050415,-5.014392,0.63444,-8.916608,-0.015474,-0.22931,-0.081252,-0.7560428955979555,-0.14406548618433873,0.2683625167357748,3.135952987293353,-0.016898549370326962,-0.005788444406003623
18.163689613342285,-4.99096,0.653496,-8.88976,-0.015235,-0.229156,-0.080498,-0.7560405090040524,-0.14409688277751243,0.2683357577019204,3.1359562264387724,-0.016827167244667186,-0.005685641231446852
18.173699855804443,-5.007824,0.638164,-8.939136,-0.0152,-0.229125,-0.080777,-0.7560335119694228,-0.14410376000506678,0.2683440527609461,3.1359769241365654,-0.016758167058050263,-0.005699687523648265
18.183706045150757,-5.016832,0.65392,-8.897952,-0.015319,-0.229458,-0.08011,-0.7560463672671605,-0.14410856039910303,0.2683531773268093,3.1359292084362624,-0.01681945567637527,-0.005807106064224808
18.193726539611816,-5.01708,0.602196,-8.899424,-0.014594,-0.228399,-0.080299,-0.7560368725644485,-0.14411675517785968,0.2683830168663244,3.135970527009288,-0.016814340997174663,-0.005822023007863161
18.203701972961426,-4.978928,0.667468,-8.895008,-0.014942,-0.229727,-0.08088,-0.7560416919811221,-0.14407793985912717,0.26836496585803615,3.135917773558481,-0.016886723298115164,-0.005755498582988972
18.21367835998535,-5.02296,0.618312,-8.922624,-0.014005,-0.229604,-0.082523,-0.7560373446638434,-0.14411668587672596,0.26830868189833856,3.1359398197004076,-0.016846727563833385,-0.005645098028326411
18.223626852035522,-4.992952,0.657552,-8.903712,-0.014599,-0.22949,-0.081442,-0.7560425691347274,-0.14411600848642359,0.2683703003938499,3.1359448501730505,-0.016847478657034735,-0.005833353066564709
18.233675479888916,-5.041984,0.616504,-8.93952,-0.014964,-0.229219,-0.079446,-0.7560552150081442,-0.1440863042625563,0.26831224861610353,3.135972543667563,-0.016839599199617656,-0.005676165209112051
18.245675086975098,-5.0258,0.670788,-8.873344,-0.015461,-0.229196,-0.080863,-0.7560378438827681,-0.1441016231135733,0.2683341710290966,3.1359308511835944,-0.01683434152858486,-0.005686517770130102
18.255787134170532,-5.005376,0.668968,-8.945632,-0.015459,-0.23017,-0.082599,-0.7560417913606051,-0.14410375785188437,0.2683699691877668,3.1359091463205524,-0.01679124853786706,-0.005763770824378515
18.265690088272095,-5.00792,0.61356,-8.915168,-0.013289,-0.229249,-0.081056,-0.7560424773631332,-0.14407229347357556,0.26834854128460073,3.1358843757258357,-0.01685954654125918,-0.00576529536168397
18.273611783981323,-4.995888,0.63994,-8.943136,-0.014204,-0.230081,-0.081188,-0.7560401371890011,-0.14411514690316723,0.2683240852292936,3.1359886390627465,-0.0168519550365752,-0.005698762952062304
18.283631086349487,-5.010376,0.655912,-8.918112,-0.013809,-0.22919,-0.08155,-0.7560392496384909,-0.1440998416907551,0.2683622871599778,3.135959314242377,-0.016781046430131327,-0.005789496453926752
18.293749809265137,-5.004464,0.630424,-8.966912,-0.013741,-0.229146,-0.081357,-0.756034411298566,-0.14411870078602654,0.2683307848491072,3.135918662700357,-0.01682759884380242,-0.00570014961342762
18.30368995666504,-4.998592,0.605116,-8.890464,-0.014946,-0.229969,-0.081484,-0.756050690834713,-0.14409080167568336,0.2683288908171586,3.135950050855321,-0.016916457472941872,-0.0057429553074630855
18.31163787841797,-5.03084,0.676232,-8.947136,-0.012931,-0.229529,-0.080529,-0.7560386424641349,-0.14406845408707505,0.2683520156407129,3.1359799087002473,-0.01686901713665709,-0.005719252291030139
18.321672439575195,-5.002776,0.65052,-8.908,-0.014069,-0.229222,-0.079805,-0.756056949683865,-0.14408204854737575,0.26834406397475136,3.1359131491667624,-0.01683539150254129,-0.005768428596757229
18.331710815429688,-5.001008,0.61718,-8.978592,-0.013049,-0.229026,-0.082597,-0.7560441769372983,-0.14409193313556914,0.2683517985091508,3.135937159937426,-0.0168903732341117,-0.0058199897651896185
18.34368395805359,-5.002568,0.64846,-8.930816,-0.012435,-0.228502,-0.081216,-0.7560401388618314,-0.1441018719280373,0.26834055104599724,3.1359621989098585,-0.01678933577246449,-0.005777951548351388
18.353671550750732,-5.002856,0.634184,-8.949984,-0.013098,-0.229188,-0.080553,-0.7560471775264069,-0.1440860040132514,0.2683878947196724,3.1359282616466926,-0.016848460588419392,-0.005871761966833341
18.36363673210144,-4.987944,0.633524,-8.930272,-0.013864,-0.228857,-0.08023,-0.7560473656739287,-0.14411591723421333,0.2683802894854952,3.1358779886482684,-0.016833232318336545,-0.005913190082534529
18.373603582382202,-5.022424,0.618292,-8.936224,-0.012863,-0.228622,-0.079918,-0.7560392519881309,-0.14411925178062054,0.2683816354013092,3.1359121031397197,-0.016737569255451903,-0.005871139689616425
18.383660793304443,-4.998696,0.625964,-8.875168,-0.012826,-0.228988,-0.080108,-0.7560354360699046,-0.14408304200584846,0.2683417475775119,3.1359347107900093,-0.01683419124885096,-0.005719760120887693
18.395719528198242,-5.028688,0.6148,-8.949024,-0.013773,-0.22887,-0.081325,-0.7560457026076511,-0.14408230686769893,0.268370524930429,3.135966042365506,-0.016803626611549553,-0.005847721802784974
18.405683517456055,-5.010768,0.602536,-8.924448,-0.013808,-0.229203,-0.081064,-0.7560353200086722,-0.14409437326717103,0.2683320822079933,3.1359469214469287,-0.01678831422362043,-0.005714910495797401
18.415614128112793,-5.032456,0.64244,-8.956448,-0.013486,-0.228662,-0.080584,-0.7560383937953656,-0.1441075477226884,0.26834630132898957,3.1359381462860325,-0.016877335230657046,-0.0057538808662949146
18.42563223838806,-4.97532,0.619092,-8.9032,-0.013711,-0.229534,-0.081988,-0.7560385504281052,-0.14411969896017357,0.2683765603971937,3.1359070426851328,-0.016806522891023617,-0.005889483887872429
18.435705423355103,-5.011024,0.631332,-8.914112,-0.014197,-0.228975,-0.079528,-0.7560423891522952,-0.14411384461521037,0.26839069591585474,3.1359315848905154,-0.016826673605184285,-0.005935171193519783
18.44569444656372,-4.990552,0.622172,-8.895904,-0.014497,-0.229452,-0.081544,-0.7560314661651071,-0.14411098697510383,0.26835646424626264,3.1359375214951366,-0.016737064885034455,-0.00576016694039822
18.4556725025177,-5.0348,0.654204,-8.976032,-0.013557,-0.229225,-0.079864,-0.7560457153245613,-0.14409952085552594,0.268378077614967,3.135928306616053,-0.016800378463602265,-0.0058824813297283585
18.465651512145996,-5.011792,0.625352,-8.902112,-0.014575,-0.230139,-0.081442,-0.7560473536422724,-0.14410615492211742,0.26837338316519266,3.135895258245142,-0.016877494748950932,-0.005857197025420394
18.475704669952393,-5.020352,0.639792,-8.950272,-0.014473,-0.230436,-0.080396,-0.7560345605896779,-0.14408067146141038,0.2683990464716195,3.1359562025734937,-0.01685239978644589,-0.00588066672286134
18.485707998275757,-5.012216,0.60356,-8.927264,-0.014971,-0.230643,-0.080705,-0.7560347450566599,-0.14409805673218376,0.2683764796335866,3.1359985194296307,-0.01682133239064634,-0.005860051873537713
18.49568247795105,-5.03492,0.636236,-9.001312,-0.014712,-0.230261,-0.081332,-0.7560485872475793,-0.14406239602682525,0.26839380132169044,3.1359150388237507,-0.016917783228964645,-0.00593414473969616
